"","Spanish","English","Japanese","Isnag","Yogad","Agta","Gaddang","Ibanag","Atta","Casiguran Dumagat","Ilokano","Itneg","North Kalinga","Central Kalinga","South Kalinga","Balangaw","Central Ifugao","East Ifugao","Central Bontok","North Kankanay","Ilongot","Pangasinan","Inibaloi","North Kallahan","Itbayaten","Ivatanen","Kapampangan","Tina","Iraya","Siocon Subanon","Sindangan","Binukid","Ata","Tigwa","Dibabawon","Ilianen","Western Bukidnon","Sarangani Manobo","Kalamansig","Magindanao","Maranao","Hanunoo","Buhid","Kalamianen","Batak","Tagbanwa","Tagalog","Naga","Mansakan","Kalagan","Mamanwa","Tausug","Cebuano","Waray","Hiligaynon","Kuyunon","Tiruray","Tboli","Cotabato Bilaan","Sarangani Bilaan","Sangil","Hadza","Kxoe","Buka","Xu^","\u450?Hu^","Temne","Suppire","Dagbani","Mumuye","Fon","Nupe","Idoma","Degema","Igbo","Aghem","Babanki","Tikar","Bembe\sub 2\nosupersub","Nyoro","Nyakyusa","Mwera","Tswana","Southern Sotho","Lozi","Songhai","Kanuri","Fur","Dongolawi","Murle","Shilluk","Nuer","Mangbetu","Coptic","Tera","Margi","Kilba","Glavda","Gude","Kanakuru","Sura","Paa","Zayse","Kemant","Bilin","Burji","Hadiyya","Yaaku","Afar","Dasenech","Georgian","Basque","Kabardian","Hunzib","Lezgi","Hungarian","Eastern Saami","Southern Saami","Finnish","Ingrian","Vepsian","Livonian","Chuvash","Gagauz","Turkish","Crimean Turkish","Turkmen","Azerbaijani","Uzbek","Bashkir","Tatar","Baraba","Kalmyk","Greenlandic","Malto","Kannada","Kodagu","Tamil","Malayalam","Newari","Lepcha","Thakali","Chepang","Thulung","Sunwar","Khaling","Bodo","Garo","Nocte","Lotha","Ao","Angami","Tangkhul","Thado","Khasi","Kusunda","Maung","Ngalkbon","Wagiman","Marithiyel","Maranungku","Gugu Yalandyi","Pitta-Pitta","Kalkatungu","Yalarnnga","Aranda","Nhanda","Eyak","Hare","Slave","Chipewyan","Yurok","Blackfoot","Arapaho","Shawnee","Micmac","Bella Coola","Halkomelem","Lushootseed","Upper Chehalis","Cowlitz","Coeur dAlene","Yuchi","Crow","Hidatsa","Cherokee","Coos","Nez Perce","Mountain Maidu","Chitimacha","Alabama","Karok","Northern Paiute","Shoshone","Galibi","Wayana","Trio","Waiwai"
"Spanish",0.999999999983188,0.141273464344995,0.129740403509223,0.108899776345819,0.0632479194963265,0.0859829606290486,0.0688265287452882,0.162475737218458,0.132135111718311,0.167173576195882,0.158831436233636,0.113949291758837,0.144869533386152,0.136411275295768,0.136411275295768,0.0764383030246278,0.135330461060444,0.100405372826504,0.144399421956895,0.0681109112650793,0.0719632141737032,0.0509687522255411,0.144784150924615,0.0344980800022462,0.357335349419714,0.243468866426631,0.247130515165198,0.0969122437996943,0.189084809422694,0.0913379108175798,0.0586770247834382,0.0764850928326113,0.12786755022612,0.0776981149886292,0.0939298208011367,0.0765186951806978,0.0367175442111557,0.0458100773458464,0.0564523299868999,0.0797052282275844,0.206490997357064,0.240387130244072,0.310200374612958,0.0643761061215559,0.206785937996226,0.0939298208011367,0.0913418912049485,0.130756122550601,0.0961993858336948,0.0543480183815602,0.110460500685652,0.128826820884197,0.101249176199757,0.142712296764547,0.240387130244072,0.190012519732697,0.2396984740249,0.143756597951944,0.154380071406951,0.13762554405486,0.0448125513262631,0.0375142157901826,0.0245461714881599,0.0289937378716629,0.0268201075849638,0.0420500808305041,0.0586328113069284,0.0529315282928289,0.105232505769329,0.0896215783572965,0.189700643814725,0.121223915600741,0.0863522765181259,0.110401680095299,0.106169579554506,0.0737487172944576,0.116147727422174,0.0481020876368966,0.0471611060011791,0.117661411940219,0.165711688778835,0.0698547609188704,0.0794287036886642,0.0779964371418588,0.145744325214824,0.197765324434027,0.214110473893743,0.130428689762397,0.189680161996416,0.0967762249197405,0.283178923042484,0.0420829190284755,0.120365151021191,0.22272096887945,0.113471020830416,0.153058432070994,0.15296195273802,0.129166059683032,0.125707087079146,0.120439432530716,0.103590485488446,0.0777227655348961,0.06439972298935,0.117714070577668,0.0936110753867948,0.0741384574994036,0.0808962634129871,0.189276478424152,0.0699619329063625,0.114185674365617,0.0369048797262105,0.788112442531051,0.0381800164219936,0.067820002382298,0.0876242421050538,0.110457042725073,0.145439667606698,0.163903083975175,0.0360190113605286,0.0670562118902515,0.0856401172645115,0.0584623332027148,0.0437499599261476,0.0795185170400447,0.0978529396689421,0.132639971212626,0.0657983237515558,0.0460413184462241,0.0863225523386852,0.17117217992365,0.14641722277062,0.0170539089805842,0.158709150260437,0.00506494539492304,0.112317526532411,0.0632326645791882,0.118804777197592,0.0683145607787994,0.0915973432910224,0.0446838341450762,0.0703964238756638,0.0444690692630198,0.0407196124637146,0.0503188375326621,0.0235541514239306,0.0477726458875584,0.303454107226864,0.0952033431633228,0.114394784742213,0.105503836140977,0.105503836140977,0.119138317813548,0.0590939288649484,0.182097294981074,0.0658761956588952,0.0489551600733465,0.0900577657735773,0.0465259107323984,0.136246943868668,0.0521831643882537,0.0538716359907233,0.093320492414704,0.351091201107721,0.348305053122756,0.0409274856428636,0.324697079930707,0.328513803263466,0.0671800236644137,0.0691589011255059,0.129431146466058,0.100270451477215,0.0284168837105592,0.337542993000769,0.554533721933067,0.332054066086456,0.199146969421024,0.0396131094266638,0.0526687519375974,0.0666065398763697,0.0210445452190822,0.0537110303764364,0.0193708421170217,0.026599512830045,0.305451243341233,0.196025618201657,0.0148000551218317,0.0628136121835598,0.0484612134446072,0.00311749907546972,0.0365675212595582,0.0728932925786793,0.496408613780817,0.0118386107289408,0.0131403829505923,0.100033901043382,0.0066205149734361,0.0690073841633678,0.135783517258911
"English",0.141273464344995,0.999999999994525,0.25061132730979,0.302507064825339,0.0304863172070214,0.252128193574665,0.0642872534892171,0.0645374549396239,0.0741251729223321,0.16715820395399,0.0655759211508839,0.116009468863714,0.0698289933283747,0.0726350656191862,0.0726350656191862,0.0936019584440882,0.0775620873795679,0.123774099683167,0.069980208156393,0.0364846900661695,0.094930052847038,0.144996304463041,0.114296814008537,0.0519384432436111,0.0934833200436931,0.175064595985076,0.0466202709917887,0.0498869143668645,0.0417474052097349,0.130524986772688,0.133377323299335,0.0519490680413157,0.0809521301586112,0.0518238696436918,0.0501819078218311,0.0873483160350291,0.0419141446175953,0.0626854415509604,0.0694445165917355,0.0447130497583386,0.0974130801104755,0.0539177181730421,0.102870071181544,0.0289265411395062,0.0973497404331412,0.0501819078218311,0.377511563909847,0.235237135734014,0.043225905690567,0.0261551836346927,0.256234857003283,0.272630033259957,0.0227097205327365,0.076243894221112,0.0539177181730421,0.0358451693259933,0.0846675198627914,0.221917888511759,0.137901355756918,0.240365568565986,0.0211638590931415,0.043457258146711,0.0197393900737077,0.00702182804799623,0.00287775606624759,0.0229568720071364,0.0848207791915733,0.129896408820895,0.280552124735083,0.270091645253336,0.14928265311744,0.110940569681358,0.0736778636165623,0.195640018448413,0.156917080674493,0.216122460826341,0.31934057855768,0.203905365549767,0.086029176125951,0.38717300340208,0.404008169899868,0.0737432724239492,0.122732847261962,0.0627527322995965,0.376016639621711,0.0744592456189105,0.285540039118818,0.409934967219982,0.457909158291156,0.185670107769498,0.334666043569827,0.0723875337838775,0.188298836638162,0.220524268846198,0.165786707179243,0.223166768534864,0.224337348181028,0.196249852585379,0.218647914142289,0.182496529307329,0.268495142759811,0.30365108166977,0.197495148964233,0.185778724966702,0.152772525429991,0.117088975980914,0.12791620559134,0.342706445687442,0.229901957454094,0.396193808305103,0.175085277181228,0.122910487552379,0.0938674209017034,0.177471495450768,0.142042532633119,0.293005543992021,0.271517300125509,0.198139182755354,0.134451237001555,0.478040914741938,0.43964853367119,0.452431768305393,0.210983473309004,0.336584775965335,0.476734131880536,0.322617317927583,0.429088591288432,0.348028033869307,0.166078066292443,0.347018829068316,0.395223107952875,0.160194419614921,0.387344698200263,0.0913484017472914,0.0619611573880286,0.0930401179241771,0.0996304656557958,0.0734891075172751,0.0955079759066257,0.0427313559374808,0.109899157371258,0.0366752185828769,0.047409618953341,0.0585859434621681,0.0755509938757537,0.0880311771392287,0.193337718806325,0.0189281918543108,0.183249673949208,0.237818877935757,0.237818877935757,0.181013756388801,0.126121349900374,0.171847213221786,0.31797710069472,0.0572575694011674,0.191745316992587,0.176719489539113,0.00584539107500242,0.294194319077288,0.151054403987076,0.235359598209776,0.0973603227833646,0.0974429154577233,0.00175590844464587,0.0993003332028976,0.0979267123432129,0.0663789734181557,0.187216412607151,0.172376011439173,0.112579927249128,0.213082411477652,0.00704085494236543,0.202865768108693,0.331215176310756,0.162606090622743,0.000830866796834627,0.0947196243888699,0.0650755137100642,0.0748664073187637,0.0435907368549794,0.0515564218132245,0.0817152621860748,0.206955769998568,0.141404884476162,0.0236504216213826,0.146559876369444,0.102819600249062,0.0272573461905289,0.0742870823193824,0.228435336538176,0.276733965745011,0.0597831625922536,0.0433251101399438,0.0213881731594358,0.0470060467118201,0.0561276635850765,0.148078692359911
"Japanese",0.129740403509223,0.25061132730979,0.999999999980716,0.123235812676959,0.0663262633368575,0.0970893945961913,0.059478465005247,0.140408177289886,0.138082834297229,0.18825967534135,0.135964402267361,0.0969441770927648,0.151920488410374,0.142731657830099,0.142731657830099,0.0932261680134333,0.165304855585881,0.122644196473588,0.152249472539049,0.0716943015648813,0.0752024533755934,0.0433460689337856,0.234821252543217,0.0429147473024935,0.215181133888855,0.288133068660042,0.262517620747838,0.0973308574726376,0.21375808070512,0.112819174346851,0.061318220304154,0.0968880108492157,0.157940019791457,0.0966545086101131,0.0935921550241074,0.0762436201891797,0.036585549302802,0.056998299801098,0.0689226248894749,0.0832929543016968,0.233435564774783,0.271437977633021,0.233189820830745,0.0538853216742391,0.233283780914401,0.0935921550241074,0.103366531794792,0.276452370917934,0.0805226529345824,0.0569827969579367,0.124874254533798,0.0483957941977158,0.114327549885201,0.142199264181335,0.271437977633021,0.201843283332436,0.043036711126809,0.0711941913669533,0.0800639864395142,0.219682278939349,0.0450392412416254,0.0735456949388816,0.030516477652217,0.00661962910039782,0.00612421152178264,0.0439365900251864,0.0238734537983247,0.133102386784292,0.290452884295567,0.250944107216499,0.191004866311361,0.201866178269384,0.0804568552173641,0.0940810275931445,0.170820348843992,0.108322375584163,0.278285729314932,0.0850752294485553,0.118591999411342,0.184578457336255,0.195538035214845,0.0885923866982893,0.104325669538198,0.0872368987487079,0.538422336809879,0.149906789266333,0.516565662797811,0.257485410878982,0.510881155343385,0.209320186620853,0.136451037277873,0.0146530531785463,0.0852466172868245,0.357122305631783,0.178679775198046,0.240757324640779,0.24306655979771,0.203175376959753,0.106021902460949,0.27249354330194,0.252573807868449,0.208160561606417,0.205804150265595,0.230791282647305,0.178612300054847,0.198560908679721,0.21690604104794,0.648734730051218,0.0517869996418033,0.221968627677262,0.199394279424177,0.280027022980551,0.145403496395736,0.129772080962777,0.142674493623834,0.30137024061279,0.279206114747066,0.315654913414752,0.0356542659075777,0.308347420304298,0.271936312052909,0.312812458799678,0.463330327401833,0.601314158348302,0.593168433697024,0.504748282230491,0.355674649979901,0.498172473004203,0.348199491872569,0.193428091399198,0.279276083437452,0.367196208108329,0.354326672241514,0.171265118053233,0.0209906467969335,0.189963753525557,0.140283141618237,0.122775695800458,0.195284831627757,0.0823601279622813,0.162254101224248,0.0461940291252275,0.075053373490685,0.092746425578603,0.144591694781982,0.0880752629996342,0.33166509951131,0.108076159785232,0.290390240215932,0.396180469056443,0.396180469056443,0.187401780293243,0.614773270867995,0.203296249305166,0.2442260602193,0.143060413739718,0.0462933787925739,0.00360123564300346,0.0105458945947627,0.00617389316446106,0.00418024825505908,0.0289225787923368,0.0286321636963205,0.0286564529232328,0.00316790187995127,0.0122026963549787,0.0024307837002673,0.11278814079968,0.165351024559729,0.127250522562771,0.112653224772525,0.032501432887821,0.0169810784379946,0.127088812410898,0.378599609306085,0.211328442644858,0.00157456139563204,0.0629446330884434,0.110752324805765,0.0818889295907353,0.0717028225529731,0.0865120911451682,0.107397106463784,0.395355289995716,0.271667442735907,0.0187676693040541,0.104381162530295,0.00335298175587202,0.00578288935942411,0.141880094650695,0.0829323933470986,0.14131373993667,0.112768580430368,0.0834260109767958,0.74299377434259,0.519518774197394,0.687548438469706,0.66594374050207
"Isnag",0.108899776345819,0.302507064825339,0.123235812676959,0.999999999955359,0.088454360118004,0.162116355883068,0.207259566173088,0.240201254178429,0.275885677837061,0.414092278927493,0.244066310316402,0.374009945718904,0.259895773563729,0.2703396636137,0.2703396636137,0.299203832631241,0.278703222490106,0.395895808207125,0.260458578393429,0.135791972595599,0.306050741035386,0.433187650584666,0.204841557573405,0.0824718309174695,0.187526277800263,0.103623867923325,0.440794465697644,0.178804316213028,0.350932535137833,0.207257552728107,0.122512105570465,0.183912989664824,0.290148037058804,0.185746737250339,0.179861629612121,0.279213719094002,0.133980879458786,0.200462429876299,0.222077346718452,0.166417015366389,0.531218903207756,0.453237307372293,0.370036028246047,0.10766138000951,0.530873495446467,0.179861629612121,0.772037652484284,0.638650669978158,0.160882029976197,0.0975768713781259,0.205009506882318,0.0930050858286526,0.19090000346048,0.273272812003265,0.453237307372293,0.338915924875582,0.077362296338553,0.250389233437405,0.134942144210068,0.229978624691549,0.0758553500799435,0.0111138965009615,0.0095906345816566,0.00886551631264417,0.0101879926176826,0.0120484571229047,0.0789689208077908,0.0405349594429135,0.0566303587514632,0.0289554984264059,0.0250130834452245,0.0893973852314541,0.0199432122985148,0.318811689290907,0.184512154044803,0.353368942534216,0.0761347086440382,0.126744222241845,0.0278947017877907,0.364693636681034,0.0557927714224663,0.00959604727115879,0.161194646458242,0.00722649263485643,0.0246273004158597,0.0809517268335585,0.184453836424134,0.622753031354652,0.0501850283166632,0.0403488637426442,0.223058683103785,0.147569287713643,0.23287319776909,0.103967867875941,0.0143604385954036,0.0258418857932878,0.029569920304221,0.0396130861945664,0.346739691902354,0.101673617566134,0.0449125681769374,0.0286699771204122,0.0292344596916547,0.084332241922403,0.0412825146715867,0.0336553892898624,0.0365431353538503,0.0637267013218472,0.380406173104,0.350241369521165,0.0187883667453122,0.10399002278785,0.0319694361697086,0.0352387634566723,0.0198085570789048,0.0285728134814361,0.0266835723525663,0.042080360932296,0.0470534734731877,0.0341589989676043,0.0254933139930046,0.059800937888056,0.0382059509826971,0.0283097200177372,0.200990366327122,0.019970931502747,0.0337908696893382,0.0234538352964228,0.08233521341185,0.168533530789425,0.0337653760787127,0.0211578969394269,0.0677545239037163,0.00821098256204572,0.0283240994345495,0.0599794523162469,0.0840652961178209,0.0290803918912097,0.0577850294442568,0.0233168290142243,0.0270078092846867,0.0101575992263895,0.0505384272438828,0.062452335760911,0.0398707136557018,0.0251391441207367,0.260822628252933,0.170848197710064,0.0302581405538599,0.0389177166748127,0.0389177166748127,0.0365382153956961,0.0575081125622577,0.0936794973420729,0.469773400385692,0.0874827787874043,0.071189820053664,0.0146814428955644,0.0429932847005324,0.00664162357501244,0.233087114437459,0.0450751736269765,0.0440304560707842,0.0440678079716008,0.00543273476972366,0.0190176215223047,0.00990976865298068,0.0345418215719604,0.0888379139125583,0.0065117980410692,0.00737791810014291,0.261209509986374,0.049080697120563,0.0560104243029158,0.0293937096582362,0.18896901888261,0.00601124904504216,0.0266739949418215,0.0361871903507111,0.0261255816128537,0.0232695132081072,0.00979240476708217,0.0161121357508117,0.0160630671146776,0.0299593692805918,0.0259062906519802,0.0307734023416485,0.189342856138195,0.0156220701410716,0.0152987468126453,0.553412789017499,0.425815925287061,0.0269948498148717,0.0271142129738156,0.178851223710247,0.0722560731051951,0.185591160258129,0.079869734244225
"Yogad",0.0632479194963265,0.0304863172070214,0.0663262633368575,0.088454360118004,0.999999999902375,0.520639338455379,0.896755855183556,0.325199036246518,0.321346358883376,0.150613230489319,0.315350052120038,0.223887478732356,0.351862671891887,0.331591723962453,0.331591723962453,0.185655223083365,0.328726349947657,0.243891075717997,0.35073582108278,0.165574219087403,0.175011142375428,0.100110212654049,0.0698205111168958,0.0838977032990276,0.0859821811279471,0.110351597637825,0.202107512788832,0.1904131003186,0.159345450751219,0.222026333577072,0.142699756488041,0.186039267149646,0.310823436895262,0.188958150641698,0.182971294172194,0.149055162315562,0.071524213781766,0.799128834459372,0.899037249610291,0.19383935536314,0.174013984254951,0.19659265861083,0.18655865717614,0.125401915500919,0.17493510440518,0.182971294172194,0.0741928845922979,0.106802089232704,0.187392310284433,0.865524823846234,0.0930872148121356,0.0946130698121806,0.0828032878134337,0.277997481625209,0.19659265861083,0.155395450606407,0.681400157183781,0.139944354467461,0.159287852354912,0.142000694403294,0.0896933828632524,0.0150466676106616,0.0108919933398392,0.0129802137803665,0.0120090776779487,0.0142221903363851,0.0456300946468573,0.0548786882522621,0.042207960443265,0.050286820719235,0.0435658522793202,0.0488582155919633,0.0346352435953826,0.0387900135264539,0.0332671708207761,0.0296388092786618,0.0424641655295941,0.18481130747753,0.0485115765215917,0.0213019750522777,0.0817001345016792,0.0076541397178629,0.131272938477567,0.0134028310366259,0.0372720769480291,0.0472415091489644,0.0670893653279856,0.0646605883612231,0.0734884369231724,0.0477083551569447,0.0531841172226655,0.0339503149011877,0.0262815904625166,0.0714599696600433,0.0251008383069575,0.0349863133896422,0.034964260006935,0.0295241187639467,0.0327700265660904,0.0675787713424763,0.0150803045426104,0.0419828756879729,0.22617298450477,0.0338033547891215,0.0254899591563503,0.0397319245712803,0.0430666451726483,0.0933181832805369,0.036575307919257,0.0382629074392503,0.0275005422207693,0.0603963828982054,0.0180298798465831,0.0217247028517016,0.0221037837111001,0.0376305538899063,0.035252486957503,0.06159817924781,0.0687072023560759,0.0499014484809468,0.0445402419790329,0.0435061126502823,0.010833426997003,0.0413564822645276,0.034935152629307,0.0348918983983399,0.331931276534569,0.034262723999581,0.294383797213622,0.0379524975633334,0.0397871296882963,0.0332398884089753,0.0492776388902084,0.0127153171582403,0.041473174417261,0.0321985507675266,0.056907224129196,0.0509062074422455,0.0264150159803168,0.0341413473286385,0.039337039604141,0.0145916597756165,0.0313589665681432,0.0387515167374531,0.0471441919550092,0.0367441126616015,0.100391887077251,0.0788751341108556,0.0414006063528547,0.0569891512068941,0.0569891512068941,0.0272328055851128,0.0186205504262829,0.0530058133075376,0.0365042404776197,0.0441056234833484,0.0104098303314201,0.00959407995571756,0.0280954000162958,0.0154949648351103,0.0108118306335992,0.0673663901311614,0.00643841460434143,0.00644387643792611,0.00843963209884255,0.0284224864323949,0.00647586980898291,0.0153058916103882,0.142840644542269,0.00751379203785059,0.00587272519161346,0.00588849723306025,0.0382069811316682,0.0547331479167019,0.0330577453869926,0.0698152796024186,0.00398054490393866,0.00538189384095084,0.0190265300336817,0.00724315700883267,0.00378270719048337,0.00728573757707312,0.142858992550444,0.0226631209120548,0.0192549520698935,0.0356641260816845,0.018173996552223,0.00380564804554853,0.00751232878338399,0.0128195358869417,0.449882331996426,0.0107580453373515,0.0287819092823858,0.0316647654658183,0.0892543450307892,0.0165279520900317,0.019104760789039,0.335686361435869
"Agta",0.0859829606290486,0.252128193574665,0.0970893945961913,0.162116355883068,0.520639338455379,0.999999999972364,0.484534519895193,0.190520279448746,0.218824071578791,0.44071619033367,0.193585923622972,0.144930349442562,0.206141369146428,0.214425142924919,0.214425142924919,0.124410741350839,0.220849838408485,0.163854539402735,0.205582819392153,0.107182096856972,0.119175617478237,0.0648256094396952,0.114597648849818,0.130343491385722,0.148017144153732,0.0817586592919851,0.347925308055417,0.141075617637949,0.276444366708728,0.327562426327614,0.322884614049719,0.145738759462222,0.229902942635336,0.147179081103444,0.142515931983159,0.347832550296581,0.166907668949654,0.448658093393941,0.497428883190206,0.131996880619068,0.30189243212949,0.357685374137027,0.292024670198076,0.280354180598823,0.302246422528383,0.142515931983159,0.135978374231078,0.19457643408743,0.127606699698063,0.467669063053559,0.682400107406948,0.62792949018186,0.150654277679764,0.216531616958469,0.357685374137027,0.267511134424089,0.514421712413836,0.315959207476976,0.218464128073786,0.194754699934092,0.180075177748449,0.00881520237814646,0.0163578441570708,0.0158253005827021,0.00807330362139736,0.0287318996704246,0.109644735702971,0.106831195775876,0.232040378757321,0.276454318182596,0.0801556135370939,0.070570145127847,0.0629865898660496,0.0705423268112372,0.0930827225775388,0.0837172492745138,0.334957567557647,0.281573153528351,0.0221774942399009,0.403729087793713,0.0442820675951621,0.125706619527569,0.102021795112405,0.030664409331488,0.151306436092496,0.0639155945479299,0.105016567333617,0.137513402936323,0.410198476879684,0.0637730464778661,0.108459887776819,0.0622844437887093,0.0769037513270996,0.135076730025633,0.14258220653612,0.196821102658598,0.19964311430698,0.16231494378996,0.0860947178046819,0.0395915269263746,0.234930821118184,0.0798862304559796,0.30045493537857,0.0459702237498221,0.0171111669826257,0.0266685107858059,0.0289581532073492,0.0505791346012509,0.121943557249438,0.0917561503014157,0.159799247969194,0.0821064132104854,0.0123247223055686,0.125150380518559,0.137983504207017,0.272113498492959,0.252280285007471,0.0334092352054896,0.0374387322323519,0.290478241435646,0.255339714742832,0.249411271697142,0.00354967651211177,0.0224350148847067,0.0845301330890044,0.200027817272192,0.504179183602359,0.199444627703438,0.197561868431014,0.0460527210950228,0.229203338441451,0.0415036904679579,0.0914561012393051,0.006765237496188,0.0224820334329916,0.0473492932525433,0.0308649843069618,0.0231306884148918,0.045629740002322,0.0185075515166903,0.0487824087360806,0.0383838939425013,0.0210141800147902,0.0259680543617162,0.0315921296145473,0.0199162571997887,0.21535860719547,0.134847450167518,0.065928193169893,0.0308885347779223,0.0308885347779223,0.149713714100446,0.0104858052233056,0.120879116967216,0.117410260207467,0.0690395736441172,0.133410883764882,0.0828842810397167,0.0345460129188339,0.00543400166963255,0.00575247955630935,0.035842568677486,0.0348082953374194,0.0348378238981264,0.00449034143767291,0.0151223023816551,0.00796270855528733,0.0131262352210058,0.241831789994015,0.120772043286915,0.0192949739024715,0.0542806844626789,0.0389483674430329,0.0444821746630339,0.0233241266017411,0.0213169904231916,0.00482910692535803,0.00720040589058473,0.0149323649403303,0.00697121784943373,0.00628368847567071,0.02007813389328,0.0771909081552075,0.013157274678758,0.0240416771818848,0.0537025470429113,0.0256751698873904,0.0257225232952363,0.0668316282263771,0.0122209166440797,0.245807870458861,0.2051744510502,0.0213916153012934,0.0214917494116713,0.141147858443891,0.0618624359646748,0.152025434870997,0.317060471438948
"Gaddang",0.0688265287452882,0.0642872534892171,0.059478465005247,0.207259566173088,0.896755855183556,0.484534519895193,0.999999999921493,0.423611118234775,0.36881915247192,0.320558941930546,0.416902774297192,0.554155226368297,0.391510490863204,0.376385471963771,0.376385471963771,0.39514086300566,0.366650316728927,0.522824973468813,0.390664506075248,0.188175847428991,0.407475905526164,0.134969773430608,0.158091198043988,0.0962919882834507,0.0986844079420121,0.14868813941254,0.231965041811348,0.256563295977209,0.181096824096892,0.252019216138793,0.163780922951899,0.214370154896668,0.352811658249636,0.216873112282319,0.250397223603395,0.379950565117361,0.182319518650841,0.870361728270384,0.976532055613433,0.222475421873342,0.39401142740739,0.225635473145885,0.207580051195259,0.171613211886062,0.39468271937873,0.250397223603395,0.0853464836476782,0.122630389877623,0.25644740849734,0.804910976673608,0.105794039848311,0.129478507022577,0.0950358937901236,0.380441084395909,0.225635473145885,0.178352163656293,0.653889515119865,0.317523955712594,0.177528686616728,0.30371472520848,0.116836490817804,0.0167421232559317,0.0126021916676667,0.0116400827101071,0.013402632038975,0.0158508431991516,0.116000841900624,0.0610624084095936,0.0807199595703397,0.0546465432768153,0.039067933121076,0.0438138909098909,0.0310593574926578,0.0815511842294058,0.0298325302215994,0.0369501163925208,0.0964690755600053,0.171860781173446,0.0435030402938706,0.0286306491655177,0.0887833009110695,0.00686389460900716,0.121949179384482,0.0154935382180801,0.0334239532411351,0.0423640999408814,0.142790217661112,0.14933547704968,0.0798596727976812,0.0621483676231031,0.0590854967276587,0.0369739436204218,0.029242995078453,0.15091840794497,0.0274525515896189,0.045573909162454,0.0455451819613617,0.062071913552374,0.0481024281913267,0.15666784642266,0.0676970494309301,0.045622670122177,0.216940487668467,0.0649384951064114,0.0594013210427105,0.0518834267443954,0.056388956151175,0.101408601065476,0.0327991215347008,0.0527324035439612,0.0301215944909782,0.0657234801833349,0.0464817962528377,0.050667487472082,0.0296694654826031,0.0420493222017529,0.0393051489709397,0.0673693512922466,0.0784601913194315,0.0546767900018943,0.0488025404362778,0.0939510640566228,0.0630831018501582,0.0453141094061967,0.0313283026748885,0.0382308942839587,0.307402464924798,0.037541510758575,0.263990393846378,0.0412952529186867,0.0519860494625376,0.0368524542206609,0.106451486854571,0.0114025351132148,0.0451312020049868,0.0288742389317955,0.122166485741082,0.0557580328904694,0.0303137172539394,0.0371526912193429,0.0427876850010857,0.0213434815674281,0.0726994832942679,0.089837630253585,0.0614110180106224,0.0399427112010779,0.196869464279376,0.0901413550328591,0.0485716602878517,0.0619299465187039,0.0619299465187039,0.0572535903819384,0.0867916055427462,0.123684181151995,0.0580151753639277,0.0490754367509334,0.0201009989631841,0.0298053822599501,0.0872823804994867,0.0245657521462884,0.0212131586581619,0.0756555660905409,0.012432341466278,0.00577858392630879,0.0162966187408769,0.0319197643891912,0.0201182162347067,0.0426218498188119,0.138270992089199,0.0116882371989711,0.0134235327115604,0.0453224821251409,0.0729863645943696,0.0731064273607391,0.0526629632154758,0.278963571738418,0.00813926507583042,0.0332250495617226,0.0449524503101493,0.034304972649554,0.028161624249317,0.0140154801923755,0.132853998990375,0.0413012621288943,0.0578261901940699,0.0319820138866551,0.0379509035591451,0.00905627681980939,0.0153609208740057,0.0199416986087252,0.403434615398771,0.0272603457979967,0.0327880512506573,0.0356591543902453,0.0996115752111508,0.0890155757944464,0.105980905614893,0.301028710150401
"Ibanag",0.162475737218458,0.0645374549396239,0.140408177289886,0.240201254178429,0.325199036246518,0.190520279448746,0.423611118234775,0.999999999562503,0.870655033403391,0.395608834138242,0.984163909224995,0.712131435427968,0.924221470662252,0.888516508621461,0.888516508621461,0.487652021772862,0.865535158978398,0.642164222738674,0.922224391852508,0.444218386314875,0.474174758222608,0.318617164621106,0.187321159980803,0.227312230754426,0.232959909851522,0.35100150343186,0.547589597489138,0.605657606336494,0.427507249557403,0.594930598361965,0.386630368869851,0.506054127459263,0.832866850994346,0.511962748071675,0.591101632457436,0.481533183508475,0.231064002262213,0.299392887087349,0.360766155735269,0.525187872122709,0.466861397308702,0.532647665161224,0.490025030484951,0.405119706371231,0.468747308778125,0.591101632457436,0.201473662876794,0.289488128531852,0.605384035893908,0.347318271327409,0.249743302916785,0.305654175289564,0.224347024132514,0.898090413243663,0.532647665161224,0.421028051250092,0.312495282087684,0.37572710496111,0.41908410549159,0.37360183538246,0.275810727713883,0.0395223886530635,0.0297494355618364,0.0274782275695126,0.0316389996849334,0.0374183833089406,0.124519705355892,0.144147322313284,0.0893513744770063,0.129001673733857,0.0922259389113617,0.103429511205169,0.0733204492259188,0.0995087101857347,0.0704243324387136,0.0872265027846083,0.114059175012649,0.0745716540351449,0.102695699927424,0.0675871050750613,0.209586805131458,0.0162032919157195,0.0281688602564955,0.0365749092695014,0.0789024456480681,0.100007053894178,0.176220545272314,0.170856591912834,0.188521191585133,0.146710898118689,0.139480514487379,0.0872827506668325,0.0690326429445376,0.183571433566764,0.0648060223215444,0.107584308321939,0.107516493291009,0.0757391631333895,0.113553271172719,0.207807415745353,0.0520718886918927,0.107699416158741,0.106390231813394,0.0715593973421015,0.0785902001135334,0.122478906949779,0.133114910613744,0.239390791870438,0.077427433123534,0.124483048868201,0.071106713653418,0.155150507951556,0.0585989882487568,0.067008624127083,0.0700393927340284,0.0992639720311349,0.0927859238591496,0.159035842961721,0.185217497657864,0.129073075837547,0.115205995132593,0.11253115788167,0.0427819493006116,0.106971010546429,0.0739553362023228,0.0902499784120437,0.127505376187856,0.0886225812651274,0.0957333271571719,0.0974838740821781,0.122721163854041,0.0869959560229172,0.127473264966133,0.0269174594803913,0.106539229147775,0.0681621366455592,0.14692460833331,0.131625518022718,0.0715602493480846,0.0877047122046387,0.101006992380521,0.0503846113664182,0.0964300722502529,0.119162458707297,0.144970269555014,0.0942909887705026,0.212522780112751,0.212792703330114,0.114660966593565,0.146195281093087,0.146195281093087,0.0698607995247949,0.0654871386466704,0.143726191501252,0.13695385426173,0.115850209372836,0.0474515377271918,0.0703602454473355,0.206043648799094,0.0579912827666877,0.0500769638474791,0.17859674313336,0.0293484777156999,0.0136412470691527,0.0384707058803968,0.075351573668439,0.0474921817780952,0.0443607706583397,0.0339254289123464,0.0275919037378034,0.0316883389765607,0.0290376632111257,0.172295677400617,0.172579104263184,0.124319124155225,0.147794186824103,0.0192140024749715,0.0231464867558909,0.0518207961410359,0.0268428124913613,0.0182590441947227,0.0330857231698296,0.0573466556840391,0.0974980597530324,0.136507725339786,0.0754985232984859,0.0384731115801805,0.0213787514730156,0.0362618453800113,0.0470754844384714,0.0600756470236637,0.0643522906216829,0.0774012999951227,0.0841789859796442,0.235148632549539,0.0349885476813595,0.0404434760072038,0.0205808619174621
"Atta",0.132135111718311,0.0741251729223321,0.138082834297229,0.275885677837061,0.321346358883376,0.218824071578791,0.36881915247192,0.870655033403391,0.999999999422858,0.403236641648876,0.884664662916702,0.662314471781435,0.942041556696915,0.979897418305285,0.979897418305285,0.497054531099986,0.881104351113991,0.653715432498814,0.939489050703739,0.489809443935229,0.544618407719429,0.296245330575769,0.206546320539763,0.261081854367981,0.267568555618599,0.326447287369234,0.628939793809887,0.563288990863145,0.471383208429049,0.65611719282997,0.444068378208781,0.581233792681979,0.91852438212023,0.588020201055615,0.569389660207007,0.463845810404173,0.222576705110068,0.330017923910381,0.36740321988242,0.603210056435553,0.514776354277423,0.611778080219817,0.499473294234303,0.39023910490312,0.516956379840093,0.569389660207007,0.231404695364232,0.332494635961135,0.583147451410305,0.35370793291224,0.275374977935913,0.294427078959357,0.257676135103122,0.865102322750755,0.611778080219817,0.48357619823035,0.280431802512473,0.414242208610377,0.426794052908476,0.380475039277481,0.240135998467106,0.0402844271805764,0.0297109941950438,0.0270831558054629,0.0321978648770663,0.0381067744085394,0.089798761435216,0.146926653647697,0.0882928165515367,0.105192598506599,0.090888358041756,0.102072697838884,0.0724518118594363,0.0811429766415062,0.0695900057630005,0.0838744638449638,0.125742587737371,0.0760094839680969,0.101348512875128,0.0517941400922583,0.170904609267481,0.018610461417879,0.0208862234364425,0.0263763999653577,0.0906242341452584,0.0988222566805812,0.179618286384113,0.15721732673764,0.153726951304693,0.127731017995246,0.122657002517485,0.0708756016550106,0.070363674174338,0.149291409892056,0.0521934137984047,0.0936688196021316,0.093609776104083,0.0617597779514592,0.106674618077763,0.180928572585715,0.0214081823794652,0.0878219725022605,0.0924682966036307,0.0706140680702153,0.0682975055367438,0.106451651645738,0.11547762497308,0.195207850613942,0.0889300929913491,0.119603464078985,0.0571036643247501,0.126177791541754,0.0563225161417268,0.0582159515344117,0.0624021792661655,0.0866441533603644,0.0812194170916015,0.128084138835612,0.136938437646404,0.103583693187244,0.0924550869786249,0.090308477243594,0.0162215997804231,0.0858463491668591,0.0804295528755542,0.0724273905565241,0.102620944598713,0.0711213721970371,0.0945991613674227,0.079297367850526,0.10661805730555,0.0767044735330027,0.102278428130623,0.0309163313066669,0.0866441549174671,0.0669520381493152,0.1183300039896,0.105704496966899,0.0523805050271297,0.0713267848101426,0.0822153391053795,0.020714496369305,0.083957327817797,0.103749394517562,0.126219094944154,0.0768400315538116,0.220048559451567,0.213880830441998,0.0868877834425878,0.11921288354205,0.11921288354205,0.0569670053348066,0.0255320831612213,0.14408223462008,0.125222521556194,0.118083938809344,0.0253107145790861,0.0539102008798436,0.157871173216211,0.024832741797427,0.0262881478882022,0.16379627895088,0.0156545178170334,0.0156677978520136,0.0205203266919376,0.0691071245956694,0.0363886317281858,0.0509510298957722,0.02605088840963,0.0239060557877654,0.0192207069567377,0.0333515136102041,0.177989410162577,0.160436037720146,0.106588486483745,0.0974161126845811,0.0220684447089542,0.0240262037677568,0.0595193206569936,0.0231630455100738,0.0209716173282772,0.0285071798510649,0.0584049016092105,0.0175997813764101,0.0713878684840015,0.0758183216704781,0.0441886971126701,0.0245547899477382,0.0416489240517602,0.0407869340192229,0.0690005164935668,0.0739125004960278,0.0853138159118669,0.0852615989829763,0.239302252667102,0.0320797881411468,0.0367438994880127,0.0236383655032998
"Casiguran Dumagat",0.167173576195882,0.16715820395399,0.18825967534135,0.414092278927493,0.150613230489319,0.44071619033367,0.320558941930546,0.395608834138242,0.403236641648876,0.999999999906157,0.387187815642602,0.554243994617266,0.428045491802877,0.41150903542547,0.41150903542547,0.460841131766877,0.452541465045548,0.609953863963758,0.427120561352542,0.205736053154778,0.445500768052443,0.12444010086401,0.300730993624447,0.240189625172825,0.272757634427666,0.156143314513124,0.641137109634402,0.269427296450016,0.517333514703692,0.61458020904651,0.594993532831353,0.268559155773808,0.439004831327359,0.27121329915641,0.262620311295552,0.406328913164636,0.194977185622998,0.296659485926052,0.342120200251374,0.243236397473042,0.779513447977043,0.659122408240004,0.563671656824227,0.157358706158969,0.780020630944972,0.262620311295552,0.250573269068094,0.358554464620444,0.235146419994745,0.160857570353187,0.302218455473083,0.135798973052501,0.27761719516562,0.39901223574002,0.659122408240004,0.492954411626233,0.387497259656803,0.762348824053248,0.424569677384333,0.537518281025004,0.123039756377462,0.0183044657813321,0.031940953724789,0.0309673621243675,0.0165470088041941,0.0195570451897644,0.279730066970792,0.204376918338968,0.0882525899037428,0.0493031790936993,0.153770398806615,0.136785744691854,0.120810662122904,0.178377602279372,0.176082788560178,0.160846391867301,0.231717567792998,0.105730197427653,0.0475626597814887,0.154464425166578,0.0927875216007865,0.123905219877803,0.0677169354638547,0.0590113741837933,0.278818955859907,0.124248729000523,0.27720504948685,0.337542297567634,0.083461428429791,0.124050803222777,0.202547761138105,0.119480841631586,0.145312573124821,0.161227842602897,0.0246098502301254,0.042561302796511,0.0479633379390704,0.0617329890606518,0.158650484035099,0.157253958750809,0.0716599712864849,0.152958461304382,0.047451045181804,0.127235582362491,0.0635975816323882,0.054626745787223,0.0593571228608644,0.105982236133433,0.224710700910687,0.169083052128063,0.0314261964240179,0.159636544550289,0.0463910554298382,0.054246191257412,0.031166813693594,0.097377461318938,0.0905910087054055,0.0703097143282497,0.0811346323519576,0.0570405523590988,0.0436690070233231,0.093255630974855,0.0597773089670104,0.0472731085731584,0.157587012098005,0.0342093910700184,0.0563658573388929,0.0391644884418388,0.12596072946349,0.0900978724390884,0.0547320876165569,0.078140298113655,0.105660887913016,0.0124665976118516,0.047152456768457,0.0918238156791625,0.130475254504717,0.0499104502255022,0.0888604909034768,0.0388166188518315,0.0953088132772904,0.0766850659883667,0.0778405336745406,0.0961906297832482,0.0646715477505989,0.0417412126473389,0.52335997897102,0.260797850009777,0.12704319790571,0.0647230525490733,0.0647230525490733,0.0569410508821297,0.0918445052768386,0.29987612349612,0.216356997124657,0.133261518068324,0.245842042630333,0.152734472463933,0.063659441724668,0.0151918736438205,0.0106003444726673,0.0660486614589945,0.0641427609561821,0.0641971745203176,0.00827454762307104,0.0278665248433235,0.0146732296561633,0.0502422011301281,0.0772820846920196,0.0127789608630893,0.0383076831076388,0.136128716048879,0.0797973108181758,0.0972041280113127,0.0575773689740936,0.30499591210817,0.00889880553309721,0.039905802488045,0.0526634738057768,0.0410122241650286,0.0339123142239418,0.0369988512877418,0.0265596268955827,0.0393684221326891,0.0579862174058376,0.103353809087033,0.070986659712269,0.0474000133280494,0.123153550384372,0.0278758480623097,0.0397020464244415,0.177031063590195,0.0408653727355252,0.0442099789237661,0.272511000446358,0.198383194435966,0.381198238092602,0.264672860353624
"Ilokano",0.158831436233636,0.0655759211508839,0.135964402267361,0.244066310316402,0.315350052120038,0.193585923622972,0.416902774297192,0.984163909224995,0.884664662916702,0.387187815642602,0.99999999954831,0.699184423019196,0.904548284857321,0.866880619757145,0.866880619757145,0.477271751312334,0.846787557021851,0.628254863756841,0.902444264515107,0.433317106847816,0.481804660346805,0.312811471138943,0.182724231132814,0.230969890810059,0.23670844618851,0.344620067935997,0.556400810993103,0.594646357353148,0.417016067415546,0.58044369555049,0.392851602332231,0.514196997561511,0.812586063353736,0.520200693241041,0.600612994086957,0.489281489372848,0.234782031725831,0.291955195568208,0.352994596042547,0.533638621538414,0.455404450182525,0.541218449415865,0.479594247627999,0.411638450051359,0.457333041763115,0.600612994086957,0.204715556929442,0.294146255200873,0.61512521435445,0.339836403543888,0.24361451216024,0.310572428320052,0.227956971322982,0.912541502914257,0.541218449415865,0.42780277463419,0.317523614734193,0.366465444043461,0.410056271005473,0.365553771785469,0.271442964113225,0.0386811062117363,0.0289392282413156,0.0266259179998196,0.0309507299552763,0.0366123232203425,0.120409233556453,0.141078970035899,0.0866452770697307,0.126140429045567,0.0893619575704527,0.100259032637309,0.0710998647222012,0.0973016165859893,0.0682914597824639,0.0839143918115912,0.111240024052691,0.0729843050590485,0.0995477152580836,0.0686746429242322,0.20493818999664,0.0164640175855066,0.0286221227784527,0.03536754909558,0.0801720575945138,0.0969782383797299,0.172469475167524,0.173605829511821,0.184339809728197,0.144387161637989,0.135836418955757,0.0853126049442793,0.0675631986025444,0.179453959982149,0.0632937557194815,0.105880593496374,0.1058138523904,0.0740592004064931,0.115380446344092,0.204516558736507,0.0484982663282109,0.105310653490053,0.104686942253325,0.0693639429752826,0.0773309968439913,0.120518040430533,0.130958692040691,0.234081127182628,0.0786733107801256,0.126486094080374,0.0694285552937256,0.151670510515621,0.0595418991424158,0.0659330579039226,0.0711663901168768,0.0965691004100285,0.090302952571792,0.155324697218863,0.179490146385356,0.126018720369296,0.112479787060744,0.109868246541004,0.0434703496851883,0.104439673248669,0.071153183320038,0.0881143237584313,0.124522050805704,0.0865254369618924,0.0928339458110339,0.0952993478992132,0.120751346678551,0.084754697638417,0.124454310224473,0.0273505858283144,0.104149573779261,0.0659813855133205,0.143496081627754,0.128519081906149,0.0692869268091161,0.0857375115965731,0.0987495043742653,0.0469267845334075,0.094902996914781,0.117275391246271,0.142674507269942,0.0921940831283252,0.215942464487597,0.207391522717971,0.116505965589347,0.142952683850927,0.142952683850927,0.0683112937256063,0.0608329871442996,0.139968532093034,0.139157566048639,0.11338419579689,0.0482150760267226,0.0714924056414395,0.209359078071733,0.0589244151276637,0.0508827476355913,0.181470526788873,0.0298207213529526,0.0138607471125623,0.0390897344463196,0.0765640488627801,0.0482563740773078,0.0450745757112047,0.034471319847486,0.0257851143153334,0.0302250631872798,0.0295049055609685,0.157460941629648,0.164432700984642,0.115853547985564,0.129259052888938,0.0195231732095845,0.0212551334683103,0.0526546397731471,0.0250579023721526,0.0185528487840775,0.0336181024776277,0.056112238674389,0.0882238014703084,0.128893188685073,0.0767133630456937,0.0390921788560166,0.0217227549832986,0.0368453313761684,0.0439928596167209,0.0610423186968587,0.065387777370985,0.0754741182347793,0.0822308765105451,0.230033246874323,0.0283798549771864,0.0325060294719116,0.0209120266607762
"Itneg",0.113949291758837,0.116009468863714,0.0969441770927648,0.374009945718904,0.223887478732356,0.144930349442562,0.554155226368297,0.712131435427968,0.662314471781435,0.554243994617266,0.699184423019196,0.999999999744349,0.649916505651171,0.676033346383597,0.676033346383597,0.683195574037995,0.608117950195172,0.90375483269376,0.651323901174342,0.339572449076583,0.73354679676058,0.243559506402442,0.285283239232508,0.172918290542582,0.177214526657078,0.268314963584414,0.416555927530097,0.462980918897761,0.326798007921677,0.452656669131815,0.294112913486372,0.384932981773984,0.633691956088869,0.389454289052763,0.450010492911697,0.684137492559479,0.328283807923969,0.457653548991217,0.507000169249422,0.399514750101341,0.711012742582709,0.405189476251737,0.344587704989692,0.308420935991276,0.710550429743026,0.450010492911697,0.154011871712377,0.220214430673149,0.460883803114096,0.244090291962119,0.190910479220127,0.232697016088858,0.170662633385549,0.683723555079674,0.405189476251737,0.32027951444993,0.221905897008542,0.571635898958213,0.294526289319766,0.525038700997471,0.19641348950459,0.027792313358874,0.0206300856341503,0.0188848120403868,0.0222244468680796,0.0262971022842504,0.199314440364143,0.101365015834219,0.13887560566384,0.0905256958675478,0.0633781306291925,0.071145123627035,0.0504784107159895,0.140925232298112,0.0484845416902134,0.058954172831808,0.173672187556795,0.052439107232007,0.0706403634916867,0.0516653959007775,0.147075544294978,0.0120073373643891,0.0213400230203633,0.0250172425201078,0.0594776884948456,0.0688511485442736,0.246883210167761,0.269483115772486,0.132292950627584,0.104476771849999,0.106622646338437,0.0611937832416539,0.0485440508556905,0.260757024167655,0.0453543656516281,0.0766141679412996,0.0765658747259625,0.107263845570897,0.0868031661430649,0.271847363191712,0.114936707024844,0.0755770395071561,0.0757335519412946,0.111702536045723,0.103058679085427,0.0871862247417507,0.0947163642977358,0.167990208122103,0.0591876065923756,0.0951581813654986,0.049732994346507,0.108811880467523,0.0838786571596925,0.0879040925260064,0.0496381446381794,0.0755010930903445,0.070577011019822,0.111300917956346,0.127322344095743,0.0902620864616112,0.0805646989200411,0.162211577936205,0.106718060205221,0.0748058922447371,0.0561809761950047,0.0631127080662329,0.0892213586701716,0.0619746530456168,0.0659088461470563,0.0687031450440544,0.087350366516742,0.0661805706252428,0.183792190094035,0.0200139511077886,0.0747192775590482,0.0467364584622314,0.210967135600138,0.0920606621709058,0.0490928760325567,0.0615100445803851,0.0711953923346602,0.0315235840664124,0.126146897979038,0.1558847169844,0.10323788618866,0.0661587279721408,0.338344347978677,0.148209045162962,0.0779598533534447,0.102591146071759,0.102591146071759,0.0989375641906255,0.147270311084751,0.213251080645299,0.104691199493433,0.0814663645427489,0.0357819240673576,0.0533324549832028,0.156179296343252,0.0352960590402417,0.0382801742998781,0.13582846253091,0.0221308950438235,0.0101236088699914,0.029009721129364,0.0573072510783451,0.0359986613266801,0.0767098256819838,0.0257161421679081,0.0174053060496699,0.0209914279769193,0.0817866185528361,0.131707437023287,0.114031990907002,0.0788139690993867,0.469148035680069,0.0145042545539967,0.0597563442490573,0.0809225869036527,0.0584696072497577,0.0506446907878493,0.0251318234773486,0.0403039362654654,0.056769501656482,0.0882799527444814,0.0500478696630873,0.0682994542704854,0.0163424910340897,0.0273733198836419,0.0296957840197764,0.0459234358987826,0.0491926169708226,0.0588875186632835,0.0589390809487735,0.165177418450982,0.159999740800203,0.190489437047276,0.0152197433379758
"North Kalinga",0.144869533386152,0.0698289933283747,0.151920488410374,0.259895773563729,0.351862671891887,0.206141369146428,0.391510490863204,0.924221470662252,0.942041556696915,0.428045491802877,0.904548284857321,0.649916505651171,0.99999999948782,0.961367525392293,0.961367525392293,0.527635460776094,0.936501894850707,0.69481638633331,0.997839176706493,0.480640625863499,0.513053172902096,0.290716999029856,0.202679948298868,0.245949956649999,0.252060698797389,0.320336470548896,0.592487422763898,0.552744697888984,0.462559313884324,0.643709994789413,0.418330866521332,0.547546387171476,0.901155055369773,0.553939465883732,0.536388722170382,0.436962029544842,0.209676505881919,0.323940631596638,0.390346001484345,0.5682489409002,0.505140176783845,0.576320375368461,0.530203036607424,0.367621454071617,0.507180717420869,0.536388722170382,0.217992839568118,0.313223764627988,0.549349133219795,0.375795501600961,0.270220191505358,0.277362543950129,0.242741627570259,0.81496233929291,0.576320375368461,0.455548874817542,0.286908717108764,0.406533625006097,0.453445541559955,0.404234100871951,0.254910196510295,0.0427628981676539,0.0321886436228255,0.0297312153295636,0.0342331364010003,0.0404863817590783,0.10451585716188,0.155966212450017,0.096677449367487,0.115182101026615,0.0997877043487961,0.111909877057427,0.0793321206208218,0.0888486325635001,0.0761985461716832,0.0943783557423241,0.123411085522966,0.0806859138926703,0.111115899314339,0.0487922323870362,0.187134382552415,0.0175318280545471,0.0196756904503226,0.0306992213161192,0.0853717946558196,0.108206806507813,0.190669174847585,0.148105255301183,0.168325466687817,0.135591338776547,0.121818366627432,0.0777632895648394,0.0746927496308803,0.163679256848442,0.0574935391108618,0.0994317277041679,0.0993690515965194,0.0676250751511087,0.100491923329077,0.192060075484176,0.034541478989987,0.0961618921170568,0.0982367949510663,0.0774266770243744,0.0725623967201104,0.11309248098033,0.122789479480157,0.21374555519968,0.0837758432846487,0.112671433549027,0.0629900675188973,0.138338080973608,0.0530581508121881,0.0618595928954954,0.0640105421885136,0.0861928870798568,0.0807459182373404,0.14109079881409,0.1573740357731,0.114299404855773,0.102019546633057,0.0996508705642377,0.0248139943029273,0.0947271362594493,0.0800190630866758,0.0799199891520683,0.113078823877063,0.0784788634630035,0.103582669468585,0.0869302999488166,0.113291107444017,0.0761360557322522,0.112870567274253,0.029124468887494,0.0949944199560307,0.0737508690035093,0.130346153226569,0.116600808017232,0.0605036666821761,0.0782008498648036,0.0901015972974194,0.033422236808611,0.0891227432330755,0.110132502885851,0.133984635793165,0.0841624910112843,0.229947893179111,0.230239947871799,0.0948282026036817,0.130533807423356,0.130533807423356,0.0623768160193536,0.0426504219133725,0.155510552388757,0.117964819205105,0.125348969911314,0.0238437449762783,0.0507856495865406,0.148721205857064,0.0354912595289649,0.0247645277728795,0.154302901689051,0.014747206341762,0.0147597166865946,0.0193310005113919,0.0651017832685448,0.0342796032980367,0.0479979875445213,0.0245410194841433,0.0298542120049445,0.0245359158042113,0.0314185118167285,0.186422500217605,0.186729165743911,0.134512265773087,0.159912089734041,0.0207893920188454,0.0250443075384189,0.0560696735158554,0.029043701461895,0.019756135045159,0.0268549480985813,0.0620486079117619,0.0519099407162048,0.0992179044694014,0.0816887787818344,0.0416275890391403,0.0231316325593637,0.0392350172699439,0.050935285437864,0.0650013540062769,0.0696286470650047,0.0837475674556072,0.0910809677242898,0.25442887868357,0.0378573196740864,0.0437595070786325,0.0222683226487243
"Central Kalinga",0.136411275295768,0.0726350656191862,0.142731657830099,0.2703396636137,0.331591723962453,0.214425142924919,0.376385471963771,0.888516508621461,0.979897418305285,0.41150903542547,0.866880619757145,0.676033346383597,0.961367525392293,0.999999999445829,0.999999999445829,0.507251597500271,0.899584123303904,0.667426081246339,0.958949190905862,0.499955129445561,0.533670171990988,0.302399437462224,0.210824625168469,0.255833435207,0.262189737019432,0.333209164981125,0.616296480576804,0.57495669760856,0.481147221448271,0.669577427399131,0.435141457606131,0.569549493206858,0.93736789632442,0.576199477255547,0.557943458365795,0.454521312366268,0.218102338836162,0.336958158940831,0.375055582475613,0.591083977335402,0.525439192782063,0.599479761726447,0.509719981524755,0.382394291634323,0.527561732374905,0.557943458365795,0.226752863699983,0.325810635564189,0.571424682455294,0.3610750467758,0.281078967431831,0.288508334715588,0.252496179689985,0.847711533121294,0.599479761726447,0.473855068470448,0.274794399448978,0.422870144921854,0.435683422050724,0.388399664867765,0.245062384945639,0.0411108616119062,0.0305413776028999,0.0279725201427076,0.0328768696153163,0.0389004714672355,0.0947658553523825,0.149940851787283,0.0911078232081314,0.108546414554025,0.0938773010629302,0.1053759799648,0.0747617657223993,0.083730027641829,0.0718087177387274,0.0874116690323845,0.128370349733331,0.077568817414209,0.104628358888378,0.050752944188528,0.176353496634993,0.0182363431071879,0.0204663564351061,0.0278353739392447,0.0888024531253203,0.101972969515918,0.18330315288875,0.15405685267056,0.158628169865115,0.130352016231871,0.126713627561317,0.0731886943413953,0.0718071839155313,0.154122786511873,0.0539742933343366,0.0955904340591675,0.0955301792846245,0.0637289593382467,0.104530182912368,0.184640319592519,0.0258642206533889,0.0906219674151511,0.0943922915199525,0.0729017426224941,0.0697200224016082,0.108666599299419,0.117917074878487,0.201431589083144,0.0871423685812729,0.117199125737813,0.0590818825460177,0.130261164003901,0.0551902881909848,0.059431309153221,0.0611477343941668,0.0896565410804203,0.0839906862478861,0.132454468444994,0.143830657287076,0.107185023839757,0.0956695054693163,0.0934482637994686,0.0158955037546296,0.0888309993482304,0.0832346224834274,0.0749454990894712,0.106135011402253,0.0735940739308431,0.0976152308435045,0.0818604347957588,0.108843891717549,0.0791955768013453,0.105838272882615,0.0302948332480678,0.0894481377092579,0.0692364933315419,0.122367514994577,0.109366373388443,0.055120987003352,0.0736350660483917,0.084863356122875,0.0250261463268088,0.0856797111636443,0.105877811820797,0.128808477821332,0.079298537534891,0.215625015431037,0.21935650174238,0.0851411147259706,0.123013703063215,0.123013703063215,0.0587832629363265,0.0313411676958631,0.147909617036888,0.122705225656225,0.120506429078003,0.0248019038855786,0.0528264666924393,0.154697555147615,0.0243335395905445,0.0257596882622935,0.160503550963151,0.0153398216024172,0.0153528346744166,0.0201078151596112,0.0677178930161665,0.0356571263063156,0.0499267826831346,0.025527198311612,0.0259185421972785,0.0210198996820076,0.032681062101728,0.193913872886709,0.169310099139886,0.116038413103986,0.118622355110273,0.021624812008561,0.026050710954505,0.0583228286840974,0.0251528826638659,0.0205500336892999,0.0279341119550368,0.0596202057443865,0.029256312468267,0.0808200040775797,0.0742941777072675,0.0433003902434964,0.0240611752904443,0.040811673176644,0.0442205054593907,0.0676134280121762,0.0724266684576895,0.087112956490451,0.0872057689597333,0.244348778704602,0.0393786129173728,0.0455179792319683,0.0231631733427825
"South Kalinga",0.136411275295768,0.0726350656191862,0.142731657830099,0.2703396636137,0.331591723962453,0.214425142924919,0.376385471963771,0.888516508621461,0.979897418305285,0.41150903542547,0.866880619757145,0.676033346383597,0.961367525392293,0.999999999445829,0.999999999445829,0.507251597500271,0.899584123303904,0.667426081246339,0.958949190905862,0.499955129445561,0.533670171990988,0.302399437462224,0.210824625168469,0.255833435207,0.262189737019432,0.333209164981125,0.616296480576804,0.57495669760856,0.481147221448271,0.669577427399131,0.435141457606131,0.569549493206858,0.93736789632442,0.576199477255547,0.557943458365795,0.454521312366268,0.218102338836162,0.336958158940831,0.375055582475613,0.591083977335402,0.525439192782063,0.599479761726447,0.509719981524755,0.382394291634323,0.527561732374905,0.557943458365795,0.226752863699983,0.325810635564189,0.571424682455294,0.3610750467758,0.281078967431831,0.288508334715588,0.252496179689985,0.847711533121294,0.599479761726447,0.473855068470448,0.274794399448978,0.422870144921854,0.435683422050724,0.388399664867765,0.245062384945639,0.0411108616119062,0.0305413776028999,0.0279725201427076,0.0328768696153163,0.0389004714672355,0.0947658553523825,0.149940851787283,0.0911078232081314,0.108546414554025,0.0938773010629302,0.1053759799648,0.0747617657223993,0.083730027641829,0.0718087177387274,0.0874116690323845,0.128370349733331,0.077568817414209,0.104628358888378,0.050752944188528,0.176353496634993,0.0182363431071879,0.0204663564351061,0.0278353739392447,0.0888024531253203,0.101972969515918,0.18330315288875,0.15405685267056,0.158628169865115,0.130352016231871,0.126713627561317,0.0731886943413953,0.0718071839155313,0.154122786511873,0.0539742933343366,0.0955904340591675,0.0955301792846245,0.0637289593382467,0.104530182912368,0.184640319592519,0.0258642206533889,0.0906219674151511,0.0943922915199525,0.0729017426224941,0.0697200224016082,0.108666599299419,0.117917074878487,0.201431589083144,0.0871423685812729,0.117199125737813,0.0590818825460177,0.130261164003901,0.0551902881909848,0.059431309153221,0.0611477343941668,0.0896565410804203,0.0839906862478861,0.132454468444994,0.143830657287076,0.107185023839757,0.0956695054693163,0.0934482637994686,0.0158955037546296,0.0888309993482304,0.0832346224834274,0.0749454990894712,0.106135011402253,0.0735940739308431,0.0976152308435045,0.0818604347957588,0.108843891717549,0.0791955768013453,0.105838272882615,0.0302948332480678,0.0894481377092579,0.0692364933315419,0.122367514994577,0.109366373388443,0.055120987003352,0.0736350660483917,0.084863356122875,0.0250261463268088,0.0856797111636443,0.105877811820797,0.128808477821332,0.079298537534891,0.215625015431037,0.21935650174238,0.0851411147259706,0.123013703063215,0.123013703063215,0.0587832629363265,0.0313411676958631,0.147909617036888,0.122705225656225,0.120506429078003,0.0248019038855786,0.0528264666924393,0.154697555147615,0.0243335395905445,0.0257596882622935,0.160503550963151,0.0153398216024172,0.0153528346744166,0.0201078151596112,0.0677178930161665,0.0356571263063156,0.0499267826831346,0.025527198311612,0.0259185421972785,0.0210198996820076,0.032681062101728,0.193913872886709,0.169310099139886,0.116038413103986,0.118622355110273,0.021624812008561,0.026050710954505,0.0583228286840974,0.0251528826638659,0.0205500336892999,0.0279341119550368,0.0596202057443865,0.029256312468267,0.0808200040775797,0.0742941777072675,0.0433003902434964,0.0240611752904443,0.040811673176644,0.0442205054593907,0.0676134280121762,0.0724266684576895,0.087112956490451,0.0872057689597333,0.244348778704602,0.0393786129173728,0.0455179792319683,0.0231631733427825
"Balangaw",0.0764383030246278,0.0936019584440882,0.0932261680134333,0.299203832631241,0.185655223083365,0.124410741350839,0.39514086300566,0.487652021772862,0.497054531099986,0.460841131766877,0.477271751312334,0.683195574037995,0.527635460776094,0.507251597500271,0.507251597500271,0.99999999985741,0.557830718937269,0.751867019353594,0.526495334051905,0.681326346213753,0.549151918508613,0.15339259779176,0.213058204251963,0.148436078449785,0.365512273520741,0.477540183089051,0.312617374449048,0.824001724796588,0.689558260636488,0.386548575199502,0.606620019870501,0.843264598286651,0.541144623402108,0.845301794220217,0.81851967078134,0.50086625705792,0.240340989803956,0.656100711662985,0.421718609266799,0.824015657034435,0.567986056532714,0.347821717975926,0.31546015589577,0.533086491142992,0.568866706081848,0.81851967078134,0.131697034626372,0.189072122332828,0.79660911682821,0.508024490350312,0.402829560752213,0.167394249195799,0.146499782979393,0.491847265985963,0.347821717975926,0.66058971405715,0.151383213204258,0.457766055777999,0.643742662667231,0.436722912980441,0.360343763419283,0.0225632214851423,0.0194965657177634,0.0182107716239999,0.0203968708524973,0.0241072286666605,0.152311054694842,0.0822933043969116,0.10878562403381,0.0607741609668619,0.0526515313796978,0.0684728961066938,0.0418584400304208,0.099976302655735,0.046572196315325,0.0497973672344934,0.139084388281963,0.0425727493672355,0.0586286887520864,0.035345370141282,0.11437566252553,0.0176165980563373,0.0146433460052967,0.016197997789179,0.045045186225671,0.0570937482281436,0.361365353504481,0.358147640185594,0.102879740802505,0.0806750572270026,0.0642756900264771,0.0410306691330669,0.0444406855739887,0.198739453292367,0.0908845142114965,0.133861572128444,0.140469147599991,0.0760959167971448,0.160308206416645,0.193840997222739,0.0883325316927782,0.0587737003231669,0.0584911056638092,0.0875170744829593,0.0783943294183562,0.0673363199412374,0.0731672765446554,0.13064028723422,0.0525844435823524,0.068135736422888,0.0387378817180477,0.0729920771201709,0.0571844964554778,0.117907209148571,0.0384181504532613,0.0538458431814729,0.14457708715728,0.0866681210960042,0.100011587430226,0.0703117278527097,0.0538291305121747,0.114952683216735,0.0736852240385116,0.0582717699475716,0.0500035519145585,0.0421686203139275,0.188797985895021,0.0482765811151974,0.0633092448578594,0.0531841779905994,0.0674661708232721,0.0401720828598419,0.13024417345831,0.0153671025661504,0.0581230470389472,0.0453030906290355,0.298104964675147,0.18532917159154,0.0386004587600193,0.0478477754510041,0.0551102214810901,0.0259562507400064,0.0959510767917297,0.118570545052495,0.0797181667637141,0.0514528114214552,0.265319353956119,0.138687367826996,0.0615676929308732,0.212370512561915,0.212370512561915,0.070189076152021,0.11321324203054,0.178522193280091,0.0741636263192622,0.0745801190403261,0.0125808053710764,0.148332733129244,0.0784705820090284,0.0187264470808734,0.0130666430264216,0.081415682658286,0.0077811490155861,0.0077877499171484,0.0101997213651698,0.0343500094223267,0.0180871342867077,0.0619316578555873,0.0177482676944397,0.0157521409118413,0.016792683418529,0.0673033530534968,0.0983631218400591,0.119819845919544,0.0709734413556017,0.375956905761241,0.0109692204402423,0.0491903708545997,0.0649162689504588,0.0505542149378965,0.0418024249409312,0.0176978921751579,0.0327390458353799,0.0485279624491458,0.0714774133278318,0.0522249346059974,0.0552264537588082,0.017207480642483,0.121271253495623,0.034361501801125,0.0489392084741248,0.0523506412383947,0.125557409300637,0.132760566114662,0.15159443526135,0.133946656496327,0.159572192136725,0.0230729010875372
"Central Ifugao",0.135330461060444,0.0775620873795679,0.165304855585881,0.278703222490106,0.328726349947657,0.220849838408485,0.366650316728927,0.865535158978398,0.881104351113991,0.452541465045548,0.846787557021851,0.608117950195172,0.936501894850707,0.899584123303904,0.899584123303904,0.557830718937269,0.999999999541767,0.741927368039106,0.934437749836351,0.449728833838885,0.479865649001572,0.272015715888745,0.189644844578949,0.263498823199385,0.23575581870204,0.341774192029082,0.554161589221528,0.589735761891197,0.493514945388925,0.686424716287513,0.391270580444031,0.587584706220996,0.960953081706299,0.593463806107422,0.574660792771482,0.46813986933292,0.224637211995956,0.345911227495185,0.412981773096887,0.531491005654567,0.538945426622398,0.617441624163772,0.560545230713697,0.34384137349023,0.540835753489558,0.574660792771482,0.233767967959761,0.335630346744,0.51381375706173,0.351909124808427,0.288304005670348,0.297152741663306,0.260061575441878,0.873111019348163,0.617441624163772,0.426081092587997,0.268568091957974,0.433872630213753,0.479740391971579,0.427675229385138,0.269498069696732,0.0400475351827645,0.0349506849493105,0.0322946460381337,0.036239905468751,0.0428341462738126,0.118567665139244,0.146062653563522,0.0903205357978675,0.107608435546431,0.0932070723256606,0.121437367120066,0.0741157290281091,0.0830064937639926,0.0826023093027151,0.0879908169847746,0.131734851569182,0.0755625112850225,0.103799367153723,0.0620265997021242,0.202861247693602,0.0315805448737693,0.0256576646523722,0.028550446694769,0.0781782725834156,0.101091793429674,0.201580694987719,0.138070958958046,0.182471621329726,0.143352437252506,0.115224364355826,0.0735539792428216,0.0789672289352695,0.177614152803328,0.0536885114813514,0.0931180014486011,0.105055693963423,0.0631784419813412,0.0938245582899659,0.179864624704195,0.0468925393487832,0.1042433846165,0.103928397822078,0.0723279266170381,0.0767702170469572,0.119644786455717,0.129998309451309,0.231708836320677,0.093100019869196,0.1209357553237,0.068678396271623,0.1292290783492,0.0496183670932336,0.0654540499204298,0.0682246076974416,0.0953632148248457,0.0891919974058202,0.153665914714242,0.17692516106674,0.124653354228142,0.0952551894256887,0.0930435672898269,0.0222922348792149,0.103308108087335,0.088556645210191,0.0746209325253606,0.123188556093242,0.0855879659129214,0.112287807730282,0.0943232454388002,0.119874080237151,0.0710273833000501,0.105385924251641,0.0258202425324262,0.103081806127191,0.0803241234837742,0.141963622244625,0.108872404056063,0.0682686599493835,0.084858509041602,0.0977408229402264,0.0453730876760166,0.0942230149915206,0.116435110657838,0.141652241493205,0.0912571914786946,0.214700102437857,0.246225752965199,0.108765493427722,0.141503932515607,0.141503932515607,0.0582753008181977,0.0587415547469601,0.166660956712833,0.131291693516768,0.132522378044957,0.0225530881328915,0.0480366331778212,0.140670958621923,0.0335701252005665,0.0234240291525943,0.145950518445099,0.0139489431995696,0.0139607763620977,0.0182846175658969,0.0615778375889352,0.0324240556636145,0.0528251941776323,0.0311489151988989,0.0276278157445506,0.0295684360489693,0.0400072317316436,0.171556547626047,0.211833723915957,0.127231145441517,0.14558453385514,0.0191005923206164,0.0309861780712507,0.0608044145606117,0.0346176878504379,0.0250516366300219,0.0312354583159799,0.058104917260681,0.0840534884384044,0.128134595099719,0.0923523647699895,0.0461213247908353,0.0301512493571057,0.0497517046514444,0.0605570253607082,0.0856944081557527,0.0916750177527935,0.0894415414780088,0.0967970075093547,0.269343667610907,0.0589265301634839,0.0690755072756595,0.0397866374428016
"East Ifugao",0.100405372826504,0.123774099683167,0.122644196473588,0.395895808207125,0.243891075717997,0.163854539402735,0.522824973468813,0.642164222738674,0.653715432498814,0.609953863963758,0.628254863756841,0.90375483269376,0.69481638633331,0.667426081246339,0.667426081246339,0.751867019353594,0.741927368039106,0.999999999747763,0.693284940655034,0.333666130156615,0.726366042130663,0.201815904231208,0.281840792100047,0.19549698845096,0.174913694135187,0.253571626853077,0.411147649533595,0.437541101840095,0.366152244667869,0.509277283329673,0.290294352055775,0.435945174768889,0.712957391048722,0.440307039875805,0.426356569673381,0.662740989195234,0.318016682269842,0.483897992184879,0.558163512773532,0.39432772312738,0.751617483604163,0.458096839326554,0.415883847859245,0.255105325356499,0.752791248949056,0.426356569673381,0.17343885326457,0.249013339889491,0.3812124885982,0.261091010859177,0.213900632202709,0.220465751611429,0.192946800267891,0.647784960885529,0.458096839326554,0.316121223722801,0.19925801768088,0.605759170448109,0.355932526498847,0.578022382368553,0.199947993616066,0.0297123623848623,0.0259308697045428,0.0239602817450852,0.026887377691674,0.0317798254180982,0.201346923938144,0.108367880166147,0.143853554022477,0.0798376433923389,0.0691528778778064,0.0900977062011971,0.054988487787496,0.13220447630651,0.0612849139564754,0.0652827952804332,0.184048849343049,0.0560618951397472,0.0770115913040067,0.0460192318818779,0.150508311633981,0.0234304705477662,0.019036123612187,0.0211823577799299,0.058002600037368,0.0750027682563891,0.271698691283979,0.240384079823028,0.135380689804553,0.106357096510705,0.0854881094113825,0.0545717102476492,0.0585879483457516,0.262905141510832,0.0398329760312069,0.0690867937561689,0.0779436945472713,0.100626045375638,0.0696110076143126,0.256477939186203,0.116596626806871,0.0773410200114558,0.0771073226878228,0.115726253607415,0.103758414567001,0.0887677415461327,0.0964493036150334,0.17191112714695,0.0690734527304991,0.0897255466810854,0.0509543818047957,0.0958785900084117,0.0756354282292241,0.0885015521059996,0.0506177036421086,0.0707525790078988,0.0661739839089007,0.114008947702607,0.131265619138905,0.0924837350528911,0.070672432007866,0.151989523782693,0.0971285775746284,0.0766471127575735,0.0657025987264565,0.0553633120887055,0.0913969612275352,0.0635000543079926,0.0833093976818713,0.069980997258058,0.0889378608779645,0.0526971595691211,0.172207534334189,0.0191567445911689,0.0764792131398012,0.0595946655473324,0.212744516977776,0.0807754162223941,0.0506503872136505,0.0629588502911327,0.0725165915396913,0.0336635355312394,0.126997626748243,0.156935996211585,0.105095674745384,0.0677062079123327,0.350802731112357,0.18268162490886,0.080696096301467,0.104985640256306,0.104985640256306,0.0928150952640833,0.149427687612944,0.236217131459747,0.0974089006515651,0.098321979184146,0.0167327533256159,0.035639692835859,0.104367634131056,0.0249065946437643,0.0173789283043384,0.108284684053817,0.010349102718631,0.0103578820657642,0.013565858191101,0.0456862829879801,0.0240562942881389,0.0819070258292032,0.0231102326788552,0.0204978326271595,0.0219376319424593,0.0888727336837097,0.127282497901453,0.157165237306534,0.0943962689056933,0.495823240156374,0.0141712521933473,0.0649688061240965,0.0863400937490059,0.0667921991736388,0.0552008836759394,0.0231744413859007,0.0431096283483398,0.0623615834752595,0.0950665629327873,0.0685187469504409,0.0730312915285664,0.0223700370864212,0.0369121513005781,0.0449289144580468,0.06357902672201,0.0680162046613636,0.066359127485462,0.0718163490407513,0.199833438482935,0.176709070298659,0.210506593398229,0.0295187952117201
"Central Bontok",0.144399421956895,0.069980208156393,0.152249472539049,0.260458578393429,0.35073582108278,0.205582819392153,0.390664506075248,0.922224391852508,0.939489050703739,0.427120561352542,0.902444264515107,0.651323901174342,0.997839176706493,0.958949190905862,0.958949190905862,0.526495334051905,0.934437749836351,0.693284940655034,0.999999999485599,0.481681454122631,0.511663031151891,0.291346547286392,0.203118852141843,0.24528354365186,0.251377728455427,0.321030159831629,0.590882050170203,0.55394166766363,0.463560987025364,0.642090732604756,0.417197379324214,0.546025093914314,0.89888818625843,0.552438540795852,0.534935351649705,0.435778060333489,0.209108377508063,0.324642125697497,0.389490984695261,0.566709243615401,0.506234058870628,0.574758808151588,0.529057361806883,0.366625366417289,0.505904896689327,0.534935351649705,0.21846490350848,0.312372830824748,0.547860645854595,0.374972356335205,0.270805353883246,0.276611017066346,0.242083907690958,0.812754160428243,0.574758808151588,0.454314543672987,0.286232203228135,0.405496895565148,0.45245231106827,0.403348663486518,0.254359380750411,0.0426704951230957,0.0320969282344586,0.0296334824947421,0.0341573117750993,0.0403977000869323,0.103976466236242,0.155629197105011,0.0963678369228239,0.114813226877433,0.0994592612400237,0.111546721941089,0.0790780571141174,0.0885640921405488,0.0759545180315726,0.0939921505450655,0.123095415089888,0.0805115659317917,0.110755320709451,0.0488978920661639,0.186535079053575,0.0170323350374765,0.0194445156968378,0.03054078716219,0.0843687394576126,0.107860270949507,0.190257172550837,0.148425977534745,0.167786399308787,0.13529828989114,0.122082164549762,0.0775090564775967,0.0745313518358718,0.163148106594977,0.0572980508796675,0.0992168733617471,0.0991543326860599,0.0674084923687926,0.100709538794787,0.191645067697646,0.0340637891697611,0.0958539307600228,0.098021812538925,0.0771751833982785,0.0724034555058903,0.112844988232134,0.122517086397976,0.213061028618585,0.0839572600447997,0.112915423769055,0.0627730088948645,0.137889164548967,0.053173048346404,0.0617238122894354,0.0638508237329929,0.0858420003497065,0.0804228286654035,0.140611065071386,0.156624296092707,0.113904290474854,0.101666881717083,0.0993063937747002,0.024323454831394,0.0943996800155057,0.0796923731088777,0.0796437187981129,0.112693121235912,0.0782075748452626,0.10325094284848,0.0871185476913336,0.113042435661512,0.0758449231310849,0.11248001620374,0.028389667945818,0.0946861566415007,0.0735001029669494,0.129902953184755,0.116199011163429,0.0602057724495916,0.0779470828204933,0.0902967124908372,0.0329600254974719,0.0889301647791543,0.109894526064637,0.133695118739776,0.0838921172290819,0.22915244403569,0.229633279038302,0.0942926551522524,0.13011576897186,0.13011576897186,0.06217705238653,0.0420279340351436,0.155087071332956,0.118220272262601,0.125078113001496,0.0231984667928266,0.0502533265810443,0.147162345826135,0.0348773777226569,0.0248181554084719,0.153650229730277,0.0143481058427153,0.0143602776227546,0.0188078497686419,0.0648264150937471,0.0339202927131904,0.047813447028533,0.0242858313014436,0.029636979024219,0.0243419319725613,0.0314865486683933,0.186826198523418,0.185765505603641,0.134803552359985,0.157639236902454,0.0205741968879443,0.0248150264601841,0.0559126545197554,0.0291065956568751,0.0195516353626629,0.0266864403802294,0.0619128131941219,0.0506643817855348,0.0982040395304029,0.0812795961354769,0.0414556059099447,0.0231817241570307,0.0388288878040265,0.0505646568686686,0.065142114571451,0.0697794280427696,0.0835315871425621,0.0908645885779271,0.253865331881408,0.0370411296304268,0.0427786946305586,0.0215891133769497
"North Kankanay",0.0681109112650793,0.0364846900661695,0.0716943015648813,0.135791972595599,0.165574219087403,0.107182096856972,0.188175847428991,0.444218386314875,0.489809443935229,0.205736053154778,0.433317106847816,0.339572449076583,0.480640625863499,0.499955129445561,0.499955129445561,0.681326346213753,0.449728833838885,0.333666130156615,0.481681454122631,0.999999999860179,0.626725473639953,0.151895639641335,0.105897489625103,0.127880357955671,0.538154371108752,0.449657661183605,0.308060650819053,0.775890074813753,0.649296469088851,0.334758669544164,0.599636768501601,0.791897279477297,0.468641888196601,0.794018557709034,0.768861266939324,0.227196058561179,0.256132530485502,0.456840127570294,0.187504447979693,0.814529803821102,0.263928805407093,0.29965468142308,0.254837119450962,0.784878774724503,0.263757194311819,0.768861266939324,0.113898265025335,0.162857845363411,0.787438760553832,0.487233741445819,0.379309227909843,0.144213163877967,0.126212204495624,0.423735287881426,0.29965468142308,0.652985177652446,0.137352966895613,0.211408753252924,0.587910091576897,0.194175658647964,0.487879227717959,0.0205535861447535,0.015256817119887,0.0139661137987076,0.0380176235044979,0.01944781458734,0.0472018013788498,0.0749636979884561,0.0454930132118772,0.0542006525625947,0.0468707966397055,0.0526148150525906,0.0373309105186636,0.0418090469029096,0.0947247536006667,0.12859546508654,0.148070012529409,0.0387809281628848,0.0522415236755618,0.0254932713682875,0.0880588699203958,0.00887993164524335,0.0101375395610923,0.0138644851255454,0.0439862554228865,0.0509183238728238,0.246207735986337,0.251948009087504,0.0792080545172724,0.0651701253053151,0.169783631589507,0.0365424374703477,0.035900369940315,0.0769543676894876,0.132955484861886,0.190304959100245,0.190185001674399,0.0840683443833547,0.240343898155103,0.0923118749131446,0.0922177317240074,0.0452504100716472,0.0471903815666435,0.0967256909873523,0.0348556718610804,0.0543266637766233,0.0589492600798303,0.100581153419369,0.0437717276391859,0.0588692767349779,0.0294926272907712,0.0650401263641853,0.0277221551618717,0.0802536811528986,0.0305590500190055,0.0447543506934967,0.135231082078234,0.0661226514504491,0.071677772901787,0.0535041402248986,0.0477558753311272,0.046647085861078,0.00770057135376989,0.0443422604683941,0.0415481978422498,0.0374109586284686,0.171136508023262,0.0367363602694675,0.0487423673410489,0.0411186052734892,0.054414879046629,0.0395423018369324,0.14421674124531,0.129630413582936,0.0446619544977608,0.034563579242394,0.197020553151968,0.1771919762917,0.0274637271069491,0.036766399541644,0.0426269766500715,0.0122919556461986,0.0428360110986142,0.0529341551305602,0.0643984592230637,0.0395957800641762,0.107634407625416,0.109606830417988,0.0423802225484284,0.192719549880646,0.192719549880646,0.0293523394940546,0.0153700193030556,0.0738988409857831,0.0616349980479898,0.0602478073674884,0.112394067920653,0.146550286713715,0.0767241584265508,0.0118626479195428,0.012939125675132,0.0801066638434191,0.00748048924829836,0.00748683509427393,0.00980560915296277,0.0937181650993198,0.0176845911036416,0.0249278880668226,0.0570366307287312,0.0534403914967743,0.0459944184204215,0.073947917493108,0.0974031962696481,0.0843314594996411,0.0582862492379276,0.0582186576226617,0.010726507059417,0.0129374943748646,0.0291504687489868,0.0126343264156139,0.0101933871772893,0.0139131696215287,0.0298064581853865,0.0139874971300076,0.0399553926512903,0.0370125072788228,0.0593385420096689,0.0120859603499963,0.112261881837068,0.0219612828593673,0.0339623148183471,0.0363800118960175,0.118000289907494,0.121088748371544,0.122155657052744,0.0193116621099687,0.0223029833177817,0.0112556411466172
"Ilongot",0.0719632141737032,0.094930052847038,0.0752024533755934,0.306050741035386,0.175011142375428,0.119175617478237,0.407475905526164,0.474174758222608,0.544618407719429,0.445500768052443,0.481804660346805,0.73354679676058,0.513053172902096,0.533670171990988,0.533670171990988,0.549151918508613,0.479865649001572,0.726366042130663,0.511663031151891,0.626725473639953,0.999999999828814,0.161340660295846,0.228760503132097,0.142189983864776,0.34140521973416,0.177789201922571,0.342532189220412,0.306777553431836,0.256723972512959,0.357333501010336,0.24184781316286,0.316550622831722,0.500245286719793,0.32024662575592,0.310100090257724,0.512462518166185,0.40868377179016,0.366951385431583,0.407498889723119,0.328519300611621,0.57014086480386,0.333185604085265,0.272022350325476,0.497927221136243,0.571139724141924,0.310100090257724,0.126027256775407,0.18108269928517,0.317592836601225,0.19263585129899,0.149974282067277,0.160350406995137,0.140335166460773,0.471150649786113,0.333185604085265,0.263364499207482,0.152728321817582,0.459449539231849,0.232439897618471,0.421997270799883,0.30640253348385,0.0219396405941032,0.0161811543555015,0.0147499851955615,0.0414154886833069,0.020753650808435,0.142308743898087,0.0800189601893943,0.111389657687859,0.0572898255225678,0.0494994728540358,0.055590670188039,0.0394585904246382,0.102369464978771,0.103037268702974,0.139727186373346,0.232413189746405,0.0413961641441191,0.0551962657260329,0.0282080421161048,0.0930777962057738,0.0101355998678267,0.0113750217549812,0.0143650729552041,0.0493556261198523,0.0538204200993248,0.198444477189555,0.199264886733248,0.0837225274737692,0.0695646636611539,0.184238775515502,0.0386001573325749,0.0383213522028706,0.189332248986506,0.0793826276983056,0.119517122866364,0.11944178606762,0.135727546317216,0.148386674089072,0.199892097392889,0.167033630969845,0.0478294628434074,0.0503599364778591,0.156336717669874,0.0757509901077725,0.0579755290382618,0.0628912402617659,0.106313788816095,0.0484329656600052,0.0651382481869795,0.0310997067498946,0.0687187479435675,0.0626565647388918,0.0646081276689529,0.033985375521424,0.0471880008576035,0.0442335896274923,0.0697569797718262,0.0745791938946669,0.0564135860691413,0.0503527422733398,0.117525606594026,0.0752252458554736,0.0467535020079016,0.0438034150356916,0.0394452901335802,0.0558892554655987,0.0387340084939243,0.0515204446533525,0.0431868062298315,0.0580661566237807,0.0417746682547219,0.234273424923175,0.143894989499955,0.0471880017055667,0.0364633124227683,0.152937032335346,0.0575686148471465,0.028527387253082,0.038845879984197,0.0447759870890048,0.011281496033252,0.0927570814754725,0.114623598564633,0.0687412425361599,0.0418484956481854,0.27761186776498,0.116483437361011,0.0473206862856531,0.0649255308373243,0.0649255308373243,0.0718692128252108,0.101102458142612,0.171203979454049,0.0681984903249716,0.0643106867537933,0.124764910213932,0.0293604877733229,0.0859795470180914,0.013524368301808,0.0143170092498766,0.089206468665673,0.00852573857001832,0.0085329711215263,0.0111757476527197,0.103938364446883,0.0198179186776141,0.0629377401607486,0.0632883136212436,0.0579082330510041,0.0498201803193765,0.130584401207148,0.0969363091963652,0.087376419438265,0.0580500518126022,0.372538097045096,0.0120188812221917,0.0476682698658488,0.0663792315264799,0.0464806988228566,0.041584985096716,0.0155255349041398,0.031808384527908,0.00958516491318824,0.0388791472791954,0.0412920536384992,0.0977830898631087,0.0133729906076716,0.0226827707080643,0.0222133150689001,0.0375789514383794,0.0402541083456714,0.0464634745940505,0.0464350362934158,0.130328411860507,0.127030192457003,0.151210075461506,0.0128738889860795
"Pangasinan",0.0509687522255411,0.144996304463041,0.0433460689337856,0.433187650584666,0.100110212654049,0.0648256094396952,0.134969773430608,0.318617164621106,0.296245330575769,0.12444010086401,0.312811471138943,0.243559506402442,0.290716999029856,0.302399437462224,0.302399437462224,0.15339259779176,0.272015715888745,0.201815904231208,0.291346547286392,0.151895639641335,0.161340660295846,0.999999999948702,0.0640524307132037,0.0773442802760653,0.079265935233143,0.120047716839614,0.186320477208994,0.207143878650294,0.146181448411285,0.202479837469313,0.131553183547006,0.172172311993662,0.283459524693893,0.174198238918417,0.201332351911382,0.164012756914077,0.0787016249959807,0.102373060141964,0.113411463613384,0.178698162649791,0.159638170668547,0.181236399689827,0.154139035732623,0.137985921211973,0.159534371156117,0.201332351911382,0.363344908308268,0.518815413466631,0.206197014293402,0.109183948839249,0.0853970027100461,0.104107433642424,0.0763353518462134,0.30589435930563,0.181236399689827,0.143257190756035,0.0992787480404037,0.127869905943875,0.13174445835968,0.117446523976732,0.087878032056419,0.0124319014273209,0.00922584392146676,0.0084439874179348,0.00994112321068802,0.0117629482399737,0.0380795405851188,0.0453420292433474,0.0275061857568431,0.0404919535761216,0.0283382910292495,0.0318116984678348,0.0225711793240382,0.162279901332602,0.0216796303491012,0.188621358270798,0.0388169736376631,0.0234567667553233,0.0315860009582077,0.192609651043562,0.0657865819733092,0.00532756253168164,0.0847580794983845,0.0111850227872782,0.026529938702102,0.0307864609528535,0.0554307703318737,0.314483654056353,0.0591743588822407,0.0467443050933587,0.25038724769728,0.0273714068649515,0.110502297152687,0.0575864869019801,0.0202859414521449,0.0342782072814553,0.034256600248577,0.0237734855460276,0.194668526130264,0.0662110096059013,0.0145412609986549,0.0338054509915909,0.0338839716460289,0.0220080214944633,0.0250292694258447,0.0390080154879384,0.0423767570083916,0.0751416671642275,0.174453257348085,0.195948979400242,0.0222441538329084,0.0486708226890338,0.0200656311279392,0.0213393521382977,0.0222069068015765,0.235841920077924,0.0315674377285853,0.0497822838626752,0.466886165194363,0.281950669985354,0.251659048976919,0.0351975663265809,0.0114090845460839,0.233670328971611,0.162539027803754,0.197144460329684,0.276953911961017,0.193589530589798,0.0294708245432808,0.20742767703598,0.224788607881905,0.201024767977026,0.278569835793964,0.00888934798745234,0.033421430581518,0.0208964447854567,0.0459911578560956,0.04117611574018,0.0219502423355233,0.0275130294638649,0.214646531037134,0.0140700827759299,0.0307242762100391,0.217082648827136,0.0461900162488221,0.199745604806094,0.065072158087047,0.0662847570429177,0.0348514661574448,0.0458888041043359,0.0458888041043359,0.0219283996029937,0.0181683222166885,0.0446889104564608,0.257319215896669,0.0364410763716068,0.0159621637011476,0.0238290656189556,0.069781274877945,0.0157451087020946,0.0170766224738013,0.0607501688322145,0.00987249788113972,0.00449383335261779,0.012941112856789,0.0256310431065626,0.0160842860732723,0.0150716184479967,0.0962371965679689,0.00776986204063987,0.00937955999180462,0.119779577123093,0.0587883596552147,0.0509502640834199,0.0351798961898378,0.0350145802428523,0.00647240396556672,0.00780940355989897,0.0176302273131255,0.00765272263426622,0.00615071795724052,0.0112361827646231,0.0180283526756314,0.0253006500915132,0.0394279534582364,0.0223630891135237,0.0130663765025796,0.0956189304761332,0.0122151182267191,0.0132564256190599,0.279022896444215,0.0219403540506158,0.0263407265919803,0.0263622762771709,0.0738848115440007,0.0116118645603343,0.0134068703408718,0.0067484920408049
"Inibaloi",0.144784150924615,0.114296814008537,0.234821252543217,0.204841557573405,0.0698205111168958,0.114597648849818,0.158091198043988,0.187321159980803,0.206546320539763,0.300730993624447,0.182724231132814,0.285283239232508,0.202679948298868,0.210824625168469,0.210824625168469,0.213058204251963,0.189644844578949,0.281840792100047,0.203118852141843,0.105897489625103,0.228760503132097,0.0640524307132037,0.999999999975137,0.259119827166429,0.25764421243481,0.333695122656586,0.329374282875773,0.121783870863395,0.252144315005951,0.141163410210545,0.091720689616699,0.120043415052276,0.197620235491661,0.121453408978301,0.117605339313857,0.194832931564293,0.0934907052667874,0.14272171398462,0.158110722195771,0.124590817718643,0.385793207756167,0.320386734045401,0.265870136073518,0.0806024512725112,0.385542358308962,0.117605339313857,0.122012779497935,0.32053043167193,0.120446960467491,0.0761208667841297,0.147298915051671,0.0608128298417991,0.337462026883572,0.178683701746673,0.320386734045401,0.253247711569465,0.0579199733190869,0.178267721196708,0.0918496030872452,0.332133952127512,0.0516651854606503,0.0409785134887093,0.0346255998802895,0.00588932992742982,0.00693081296127015,0.00820089239735287,0.0555004804421716,0.0316112238812758,0.133946806293559,0.0228557156148808,0.114867603122722,0.111843920187015,0.09011795563124,0.0398019865150944,0.114805796797451,0.0183851750110767,0.100218822014497,0.0760922111603044,0.0220295762497885,0.0594836704019716,0.212576795538384,0.097611634013128,0.0520909845694951,0.0451275972480899,0.112410531019057,0.160990029126757,0.278026255870673,0.165039402551682,0.191210657430327,0.129943704034831,0.155637294585624,0.0877363271917751,0.0374546544122472,0.228289218577715,0.0672485214381215,0.0952826999481793,0.0952226391517201,0.0936971651250065,0.0221409548711481,0.157019410093459,0.0746945638414729,0.109235868894935,0.0536946946270729,0.103868909769861,0.0845941391909651,0.10890559752407,0.118871182901107,0.242805969516549,0.0556412881707673,0.122283058544755,0.0741691046201813,0.138256547985497,0.0696705561589045,0.046381256031441,0.0364586605806698,0.204744937034908,0.104647029463707,0.165029806060173,0.0302255916842877,0.0733383117052619,0.0654591449570354,0.143567153552328,0.0715538411447752,0.111715064251517,0.139367651141235,0.0942524716315876,0.132472186085038,0.168063744723949,0.156064537978396,0.0173391851236677,0.109223836621762,0.0166744783099009,0.162694392376073,0.00624145800220075,0.106792452923411,0.114610965681657,0.1861868443721,0.137294304792948,0.116111364967584,0.0894002792901593,0.0644807958429157,0.0474228532183804,0.103328085309374,0.127686606592202,0.0271559990599188,0.0957484815176623,0.1948349506691,0.122547017961205,0.147269052206238,0.148280920439252,0.148280920439252,0.0864232077601874,0.0961949492029257,0.126572512718251,0.0992330064108819,0.0628561991927711,0.172494119115334,0.120968283094832,0.354244734109829,0.123212016522732,0.133049506522084,0.0337799462021557,0.106686528051809,0.1067770323293,0.100828409252497,0.0142520633914695,0.0816518994994707,0.0743054485143646,0.0591893830065907,0.0277003879467503,0.0239234598039984,0.057091298435367,0.0410736706808995,0.143653444046101,0.128144576258993,0.353253410682376,0.00452322957928923,0.0186353364698367,0.073865338656891,0.0401707283086057,0.0353323529847643,0.0454535518120791,0.0597526368022777,0.113196020611672,0.0168486733749948,0.0156076965970206,0.067080165231746,0.00509649348539288,0.0925798616181013,0.0472605730340341,0.088644506537919,0.163849388033301,0.0563642842665351,0.0183804685262165,0.128478119507806,0.0498967773626974,0.133682716025241,0.11245845723593
"North Kallahan",0.0344980800022462,0.0519384432436111,0.0429147473024935,0.0824718309174695,0.0838977032990276,0.130343491385722,0.0962919882834507,0.227312230754426,0.261081854367981,0.240189625172825,0.230969890810059,0.172918290542582,0.245949956649999,0.255833435207,0.255833435207,0.148436078449785,0.263498823199385,0.19549698845096,0.24528354365186,0.127880357955671,0.142189983864776,0.0773442802760653,0.259119827166429,0.99999999996066,0.0698572946899634,0.0975473229473081,0.164204767722486,0.168319159741764,0.14085633989482,0.39081900391755,0.247836668159106,0.173882815083104,0.274300199950332,0.175601281622313,0.170037617575987,0.138518912499226,0.0664683876512124,0.0987107937482556,0.109824526557335,0.157487200171852,0.153822859687585,0.182696129764369,0.149158397012376,0.101884349187315,0.154379394920507,0.170037617575987,0.0691749171571488,0.0993116392968368,0.152249218044968,0.0923467230573451,0.0822861544361726,0.0879251636428282,0.910419648193842,0.258346696856178,0.182696129764369,0.126252970607259,0.157152713063898,0.247814017557368,0.127577691927568,0.113731967480144,0.0717121435837089,0.0105175329522223,0.019516757252884,0.018881372567241,0.00963236386743192,0.0113909139358988,0.0792290237163222,0.0820004622848369,0.0230516522772315,0.0274638786896046,0.0589473690345337,0.0316000308675274,0.0464584593772139,0.052031517049943,0.047967767893627,0.0600943618277118,0.075295765046799,0.117565873370853,0.02646025768434,0.0584558212876476,0.0528335125098458,0.0440137229403478,0.0253985976058496,0.0214328202700971,0.100490367668759,0.434906959292156,0.0536396559671549,0.101300930351875,0.0475232051352651,0.0760884536758827,0.0797192964292253,0.343502242028702,0.0419124225769996,0.479315813237345,0.0136267532627411,0.0244552291228462,0.0279548162176731,0.0161243573558949,0.0645208458841517,0.0472371672495927,0.0101065922088182,0.0605348993264576,0.0276389036591457,0.0184360518397342,0.0204155565431793,0.031818548110852,0.0345503503525083,0.0603466253003573,0.062443825592517,0.0718793155770989,0.0177987463680706,0.0329427318030312,0.0147047869595263,0.0174045772916843,0.0187313319009879,0.440377227798013,0.0574811720567693,0.0398609943490651,0.0446686398167627,0.0322981403264708,0.0241383455590552,0.0235779047086856,0.0042351653523403,0.0267675089250395,0.0574225799604888,0.0189094774371696,0.031948219910784,0.332944054046371,0.0292444188412506,0.05494610229896,0.0318751505419514,0.0495185945154372,0.0267030416837834,0.00807169310961374,0.388822734207672,0.0208361069410832,0.0368254154121439,0.0275975260889878,0.0171825255681603,0.02208160114668,0.0254408333065385,0.00977910987044262,0.0250722923068867,0.0309828244137776,0.037692981964306,0.0237623462738309,0.0574506859681749,0.0648772606956332,0.0287426083301565,0.036853513786269,0.036853513786269,0.0148730513933055,0.0125107509998631,0.0930021701312271,0.08848617367905,0.0352635690960127,0.201704766320488,0.193883127792234,0.446119810358179,0.155177746774538,0.167361171342513,0.525361682363339,0.096875618376333,0.096957799866421,0.126986941458365,0.221654823122313,0.102828712505717,0.015661082474717,0.0292639817735505,0.00624143737679802,0.0230210850671492,0.037830164568309,0.0464698052796264,0.0530722628628292,0.0278283197130331,0.0254335793550288,0.0057616704686384,0.00859089819778864,0.0178159994039159,0.00831745095611974,0.00749715069142183,0.0239554834685553,0.0152484600189923,0.0156981160565836,0.0286844386707013,0.0245867365315501,0.030633380126799,0.00903836636320266,0.152367834318732,0.0145809350706357,0.0257057093314613,0.0274975915824992,0.0255226152708781,0.0256420865842233,0.0715900380659693,0.0738088793484457,0.0879507890999928,0.0591663276324691
"Itbayaten",0.357335349419714,0.0934833200436931,0.215181133888855,0.187526277800263,0.0859821811279471,0.148017144153732,0.0986844079420121,0.232959909851522,0.267568555618599,0.272757634427666,0.23670844618851,0.177214526657078,0.252060698797389,0.262189737019432,0.262189737019432,0.365512273520741,0.23575581870204,0.174913694135187,0.251377728455427,0.538154371108752,0.34140521973416,0.079265935233143,0.25764421243481,0.0698572946899634,0.999999999958681,0.629049942552468,0.425427931528985,0.415506277652089,0.541380768975674,0.175556329677846,0.326548562297432,0.431253162754685,0.245768242357754,0.432404468975641,0.418704379914333,0.124110553563084,0.139526772926505,0.244637795437137,0.0983055489041276,0.44357442765948,0.349234238107133,0.413819392225441,0.337854103842361,0.42717853055295,0.349680025847038,0.418704379914333,0.157291460457635,0.413641760226137,0.428821260916516,0.261377503261833,0.31626649959813,0.204597747384471,0.174297486377904,0.231474179081108,0.413819392225441,0.553312087204517,0.371849675073083,0.110838189470811,0.315385530206266,0.318891388733863,0.262866897916346,0.0508029352411305,0.0428711919613132,0.0443230667592632,0.0546428352870277,0.0669390496073703,0.0240273248989638,0.0672277036135923,0.157367047787618,0.111258290441254,0.289186859160159,0.106265695221305,0.111515467353294,0.15052074185558,0.192448985129537,0.123601049623461,0.157606058573942,0.0528190859796547,0.0519892513459768,0.0967655012009892,0.263050804212954,0.121252852757489,0.127433407039676,0.107153558928902,0.0242481954406844,0.265046285323338,0.383978307731098,0.338512248413514,0.23661151295364,0.185367545630017,0.250057403742825,0.0582898336656117,0.0910326179854052,0.388306687054362,0.227241749657122,0.311777390537675,0.311580863797734,0.221506794714091,0.283781350957775,0.228170119328905,0.123218749349565,0.0871402192577719,0.0247416085675404,0.23654583262255,0.129530400687034,0.0891899925541957,0.0972639282132576,0.300457561170794,0.0717293673185058,0.152724278375346,0.0734800998502973,0.341224861757813,0.0582424646681854,0.10474196337596,0.0972687803734683,0.161711560227093,0.26832487818634,0.236641489179877,0.0817556433869717,0.0543012549382141,0.0484673513161378,0.116417313401656,0.0268569416587009,0.110665151715086,0.148355667483691,0.196131692153841,0.169430960987925,0.0916830770404211,0.14336642613016,0.128716277383415,0.202413348138515,0.0205237051967414,0.30055025681847,0.0706949562307203,0.0231832513887376,0.122045277507292,0.292515486678082,0.202664923132212,0.162735296191781,0.0712497735198027,0.127198139253559,0.00554254787503029,0.0700013831724193,0.0865034810940184,0.0337722609327113,0.0763640287531763,0.469830128039336,0.15562421423617,0.214184594585296,0.218649387244869,0.218649387244869,0.17811333861096,0.00683158261488641,0.243872334050413,0.199186588500084,0.0798744272791094,0.188187521635748,0.139614791309777,0.217260883108059,0.070917752434344,0.0764092241724098,0.135650034539419,0.082669995948769,0.0827401265302971,0.0580650501008182,0.089805524605227,0.0500777064124237,0.115175802327496,0.139623770292086,0.119146732090666,0.0809928242000165,0.0401990769113632,0.551935471693285,0.355799224510617,0.0285197273818733,0.026065488575301,0.0654168205770103,0.00642865664029734,0.113933603932153,0.00619770263197376,0.0621655284758401,0.0355725864763923,0.0489352196568836,0.31528168746038,0.300114099850795,0.0202865988230233,0.124598541657666,0.0800670801019643,0.061166244322244,0.010913301025803,0.0184623685395705,0.338443063419473,0.11228673276639,0.0649438029015541,0.163250493153949,0.00858354257951242,0.105585632844282,0.138772847042857
"Ivatanen",0.243468866426631,0.175064595985076,0.288133068660042,0.103623867923325,0.110351597637825,0.0817586592919851,0.14868813941254,0.35100150343186,0.326447287369234,0.156143314513124,0.344620067935997,0.268314963584414,0.320336470548896,0.333209164981125,0.333209164981125,0.477540183089051,0.341774192029082,0.253571626853077,0.321030159831629,0.449657661183605,0.177789201922571,0.120047716839614,0.333695122656586,0.0975473229473081,0.629049942552468,0.999999999937892,0.205315689696754,0.579537843956765,0.455090510516969,0.254064989700945,0.399644798395876,0.555592081988525,0.355675617492418,0.556938845195076,0.575222425858424,0.202574861218236,0.0972056751026329,0.320241603127053,0.142435410862795,0.542866308972105,0.200308686009421,0.228577026602895,0.193408553737917,0.375825164038808,0.20017844182123,0.575222425858424,0.0869166162478563,0.35539944420113,0.561608213651205,0.324730637943937,0.265857028935183,0.282839952572271,0.0962748530629708,0.37781516846164,0.228577026602895,0.4352003469225,0.10937489849,0.160594017657476,0.412120693565603,0.413656537417532,0.245861212801785,0.0858723726071811,0.074799143801753,0.0109735724527512,0.0124947246654957,0.0348920237144914,0.0498465281006472,0.0841855690948704,0.25909971616709,0.146515717446654,0.271288359503425,0.147612730735683,0.191013972136328,0.058608614627987,0.208417523705223,0.0964319221160942,0.217621378557616,0.0656692480608617,0.0653107585077839,0.21047032134433,0.47470018529778,0.221110747179173,0.120137810613478,0.100073002231259,0.177665294781824,0.100200695241611,0.494371834064071,0.427821921734668,0.426987970551264,0.316148686534937,0.340248379385043,0.0783756815950397,0.0805011937793084,0.361928313574819,0.203378713941843,0.281118884502101,0.285358198793197,0.186231085986142,0.142347124719124,0.293328337796413,0.181779947148951,0.185043457680219,0.0951355642019758,0.0876178677812086,0.118068426606885,0.183949813837797,0.200802658201753,0.54220423460966,0.0347043645771461,0.270328596117938,0.143640147082273,0.232492056617663,0.107751505349284,0.0936497093175269,0.0799185571668549,0.279701828133968,0.264792000711553,0.409099802257834,0.129271043930669,0.163937477898855,0.140432069208283,0.221858852869704,0.108185699261927,0.21636827177664,0.196195531970086,0.17793077987267,0.303261811786026,0.179255245422575,0.191683198700496,0.038691811800887,0.184491433445269,0.0326196522556094,0.219210406824669,0.00986464938634552,0.0421084866768874,0.161377160576194,0.468541815920753,0.340879297304996,0.217684875223509,0.151457844146313,0.169063676742286,0.0877892758285116,0.144240126565547,0.178243236003214,0.0568398081269324,0.162199999655548,0.0717359798378374,0.0844051493578338,0.372651536578466,0.374230266678851,0.374230266678851,0.171773300642797,0.116680445293172,0.190560851091128,0.262596151785647,0.0457250549429781,0.0971408193077584,0.179771920496293,0.291555558050949,0.0961970453540211,0.103923072659302,0.17952505020226,0.0600809859330054,0.054204445187575,0.078755632958011,0.075743234774547,0.0672023119407307,0.0992081901062204,0.100953157457741,0.0759379579098533,0.0437452334878973,0.0649688279804802,0.0649171011205704,0.241098934838403,0.202533016340291,0.365882150972915,0.00714898247785462,0.0115351843796109,0.0991472631178949,0.0459436939412883,0.0402147975240652,0.0772824538957424,0.0944392819371673,0.211516264701391,0.0561351981283853,0.0306889948372384,0.0894540711880982,0.0113564895049793,0.079865230308815,0.0796362480375701,0.149766461670141,0.159799071662258,0.142785547183553,0.0849521919932913,0.0928637898993596,0.0220979621328089,0.0259141308137625,0.188802981571511
"Kapampangan",0.247130515165198,0.0466202709917887,0.262517620747838,0.440794465697644,0.202107512788832,0.347925308055417,0.231965041811348,0.547589597489138,0.628939793809887,0.641137109634402,0.556400810993103,0.416555927530097,0.592487422763898,0.616296480576804,0.616296480576804,0.312617374449048,0.554161589221528,0.411147649533595,0.590882050170203,0.308060650819053,0.342532189220412,0.186320477208994,0.329374282875773,0.164204767722486,0.425427931528985,0.205315689696754,0.999999999771703,0.354274861940389,0.751703084514436,0.412658212181376,0.279292274356062,0.365561061903582,0.577696535823384,0.369829304188782,0.358111815661734,0.291731088490054,0.139987347076297,0.20756140510796,0.231074505460136,0.379382808705347,0.820901055509898,0.972713264606733,0.79415120337799,0.245436902283925,0.821948912753863,0.358111815661734,0.369725278425892,0.529127517255311,0.366764638029692,0.222460994492477,0.439133631835649,0.185176906411638,0.409699207396149,0.544097276793617,0.972713264606733,0.768875181478929,0.176374720124625,0.260533409388624,0.268427763757702,0.239295892859498,0.151031085424822,0.0253364793341165,0.0186864265698412,0.0170336744343207,0.020250518504393,0.0239668668481634,0.0564780145239655,0.0924080192868097,0.0555308658583185,0.0661598112409894,0.0571633051887023,0.190905188431603,0.0455678276294721,0.0510340470176892,0.129363845783153,0.0527519880171674,0.07908451723552,0.0478053891926217,0.0637421128155466,0.0325753958029467,0.107488709757901,0.0117048597714097,0.0131361770665194,0.0165891675618548,0.0569971871613444,0.183704930515601,0.285588999286817,0.0988802331019013,0.0966849970957654,0.0803351201524154,0.0771438699033411,0.0445764863081133,0.111876645177148,0.0938953085930575,0.0328265149250082,0.0589120481095462,0.0588749133040428,0.0388431820252923,0.0670919123247043,0.113793179182091,0.0134644578168196,0.0552347332989284,0.0581569914221092,0.132126702717054,0.0429550190662345,0.0669516798626322,0.072628473668411,0.122773985366338,0.168605213700921,0.0752233780660478,0.0359147668798259,0.235988619683045,0.0354234717023231,0.0366143285682504,0.039247213775742,0.0544939559704464,0.0510821234586794,0.0805572119017778,0.0861260327736196,0.0651479066608518,0.0581486833636741,0.056798595078972,0.0102024096251281,0.0539921851652753,0.155210584583435,0.0455524681002979,0.0645423957618162,0.044731061182238,0.175854437548291,0.0498732702047731,0.0670563390040489,0.0482424957866799,0.0643269735249278,0.0194445110451548,0.0544939569497104,0.128005526538934,0.0744224483402744,0.0664817645532998,0.122699991809828,0.0448602533487821,0.0517084984448894,0.0130281710804402,0.052804104466671,0.0652521228209115,0.0793842115800081,0.0483277536203619,0.409057703024453,0.36580629215842,0.0546471846247035,0.0749777264240852,0.0749777264240852,0.0358288166028049,0.0160581431253196,0.0906190509697271,0.0787574269193074,0.187750783034664,0.161756389969174,0.0339062706389415,0.0992914631758793,0.0156182995119802,0.016533662319026,0.103017997952328,0.100045310093789,0.100130180495624,0.0129060500435636,0.0434642207106153,0.0228862585449192,0.0320451302491114,0.0163844403911,0.0150354698036201,0.0120886674747782,0.0209760941012545,0.11194462298014,0.100904608526448,0.0670377407400261,0.061268869855324,0.0138797230701611,0.0151110356494122,0.0374340692757882,0.0145681610725915,0.0131898846832463,0.0179292998243278,0.0367331667893801,0.0110692028746974,0.0448986713037255,0.0476851596170546,0.0277920300611982,0.0154434845326128,0.0261946657156259,0.0256525258820744,0.0433971706338958,0.256365932351799,0.0536572538092153,0.0536244125047537,0.383732428059224,0.0201762553471265,0.248186884319973,0.167091169704443
"Tina",0.0969122437996943,0.0498869143668645,0.0973308574726376,0.178804316213028,0.1904131003186,0.141075617637949,0.256563295977209,0.605657606336494,0.563288990863145,0.269427296450016,0.594646357353148,0.462980918897761,0.552744697888984,0.57495669760856,0.57495669760856,0.824001724796588,0.589735761891197,0.437541101840095,0.55394166766363,0.775890074813753,0.306777553431836,0.207143878650294,0.121783870863395,0.168319159741764,0.415506277652089,0.579537843956765,0.354274861940389,0.999999999815081,0.785264526180862,0.438392405776652,0.689592237152479,0.958681279708542,0.613722850230227,0.961005136934519,0.992553690410429,0.34954552717481,0.167729641994692,0.5525810029792,0.245774132484285,0.936722794774808,0.3456352127173,0.394412597801367,0.333728945781062,0.648491151867597,0.345410474696276,0.992553690410429,0.149975738671936,0.2143972467058,0.969062192231801,0.560326890261654,0.45873972108786,0.221874739873892,0.166123496598486,0.651924930038635,0.394412597801367,0.750943793205368,0.188727793386677,0.277107041939849,0.711119554649543,0.25451851712291,0.424236683300477,0.0236369652360182,0.0204070349210824,0.0189350403359347,0.0215598080339215,0.0254915006576482,0.0860108250288525,0.0862094970108538,0.0523177203332963,0.0769908103211554,0.0539021941451468,0.0712413551621797,0.0429311667531958,0.0593888126364715,0.0484862693198133,0.0501396812765061,0.084137455023299,0.0445987111129616,0.0600786193851778,0.0548740763529581,0.142892879509027,0.0197394253536976,0.0230026426727787,0.0212768071557566,0.0505849238649336,0.0585569176482154,0.297765674615643,0.311832395738091,0.128530686352474,0.09925575867023,0.0906810365998771,0.0520444379159918,0.0470143150235067,0.125193961569824,0.107525920799064,0.157854623345659,0.165375875299592,0.045202560755552,0.196000440740144,0.125860142039105,0.0375019922183098,0.07342771261971,0.0719922647544995,0.0418607301473284,0.0531813238993518,0.0828791679997254,0.090097085116958,0.163212753575038,0.0598828272126732,0.0908225673947461,0.0485629437901424,0.0925429489328031,0.0380971995804146,0.103469770372594,0.0475049971033435,0.0737413640819917,0.176150570216245,0.10858001120166,0.127617384954131,0.0881583180869979,0.0685191248041431,0.0669282570092876,0.021759856170608,0.0730623665129758,0.0566439567070249,0.053676456049353,0.222937992880051,0.060530189259881,0.065911194649804,0.0667632186571807,0.0830472933228182,0.0562856293024106,0.0758116992566097,0.0170215793289746,0.0726587350779957,0.0470250306945145,0.256636878509099,0.219286269288313,0.0493560343302897,0.0598137747017821,0.0691706746160648,0.0362868209863659,0.0652385572615313,0.080617868517749,0.0980778196153417,0.0642906466487339,0.1237813553945,0.145642170267478,0.0794374137932671,0.250664909227279,0.250664909227279,0.0416943393783869,0.0472958104658086,0.0984614249744915,0.102614159992253,0.0788991701131211,0.0304320149367249,0.183763390471673,0.132828259046338,0.0300187936763289,0.0325567410484155,0.115520165791164,0.0188220098859604,0.00860998463258062,0.0246723531427684,0.0487389978669056,0.0306163468775401,0.0337812857697573,0.0273369144241074,0.0148029639960663,0.0222334659324199,0.0259646515541537,0.112015292506377,0.121233092598649,0.067030154117999,0.0669524226376761,0.0123356611679119,0.0199041089353561,0.0384593074617627,0.0194511935389418,0.0161060498604183,0.0253922270308637,0.034277921671401,0.0723539661440706,0.0968620060030011,0.0529542551076286,0.0295021754613892,0.0195957686319798,0.137808481589066,0.033781120790397,0.0557316568422209,0.05961657460213,0.142745742258931,0.14658609937037,0.160237663259899,0.03813031773555,0.0447151658521974,0.0258391261584178
"Iraya",0.189084809422694,0.0417474052097349,0.21375808070512,0.350932535137833,0.159345450751219,0.276444366708728,0.181096824096892,0.427507249557403,0.471383208429049,0.517333514703692,0.417016067415546,0.326798007921677,0.462559313884324,0.481147221448271,0.481147221448271,0.689558260636488,0.493514945388925,0.366152244667869,0.463560987025364,0.649296469088851,0.256723972512959,0.146181448411285,0.252144315005951,0.14085633989482,0.541380768975674,0.455090510516969,0.751703084514436,0.785264526180862,0.999999999870501,0.366864650533081,0.577078917784219,0.802263606798917,0.513588319528822,0.804208305333457,0.778728167646012,0.25024957514288,0.120082416693341,0.462422327290465,0.205673821066329,0.783887850752465,0.663662077886971,0.772870200031627,0.640800582401978,0.507126315184312,0.663230553272207,0.778728167646012,0.294351765639038,0.420431440604449,0.757815950642816,0.468904401782852,0.584184953896645,0.15884643078299,0.325526874038295,0.466731581689272,0.772870200031627,0.978436548600407,0.132185859263605,0.231894478007948,0.595093855329042,0.212991478882297,0.333138018156306,0.0197803768414448,0.0170774393804296,0.0158456142577016,0.0180421269516511,0.0213323277428955,0.0567851226494016,0.0721436242414617,0.0437816028135878,0.05216166780779,0.0451075551421245,0.155047801234571,0.0359265518286367,0.0402362243404835,0.105042055903524,0.041958930872082,0.0704096549718077,0.0373220209807019,0.050276239766492,0.0336837466491604,0.0996479841550689,0.0165187564576323,0.0138175779250602,0.013342914397735,0.0423315280352117,0.140549748678854,0.379191552202925,0.242469928561998,0.089632344460294,0.0714214193353329,0.061254021386634,0.0351677404993055,0.0902732616647774,0.0871967388665166,0.0836333151291713,0.123564338010638,0.129863808379623,0.0306247620664827,0.152771946909449,0.0888391767677563,0.0204215496584865,0.051205655374648,0.0517600121656337,0.10109330106033,0.0382332221700458,0.0595873287022617,0.0647169147045968,0.113818280785293,0.134972731040169,0.0649326028910807,0.0336265678554712,0.180559908390246,0.0266792700844032,0.0812360043642632,0.033835046215322,0.0510447863594089,0.137530523278448,0.0752841381215916,0.0851587438123483,0.0610244001935957,0.0459593378883293,0.0448922601822305,0.00741088208156862,0.0505747749040925,0.126200715323237,0.0360035885932324,0.174052705768752,0.0418998294583528,0.14279191800503,0.0465444612685668,0.0596960963439694,0.0380547523923375,0.0508441734266279,0.0142443520225263,0.0506063125529147,0.104045782710092,0.200370649670154,0.170526157316283,0.100393064843345,0.0416598854119263,0.0482369612242306,0.0197598333551925,0.0469443204061812,0.0580109556223464,0.070574776359862,0.0448206897908547,0.307433803363572,0.29607450039031,0.0517767061323218,0.195864217283607,0.195864217283607,0.028248128199216,0.0253961584352701,0.082396537411085,0.070677115263943,0.151496101245174,0.121477529741669,0.141037183341463,0.0738378575805502,0.0114163846899346,0.0124523662221636,0.077093115876579,0.0751330883106736,0.075196825185397,0.00943673005964487,0.0325262795850679,0.0170193110756191,0.0282695581282541,0.0167591990224784,0.0123877241976342,0.0137029671289562,0.0217282797165785,0.0937389667289623,0.101452797909684,0.056093567637485,0.0560285187643413,0.0103229845309444,0.0166565703974139,0.0321843175322803,0.0162775523158223,0.0134781996117228,0.0167521689840729,0.0286851633123072,0.0336059953081922,0.0566796731550993,0.04431428108189,0.0246886240446801,0.0163985386520047,0.115323759652316,0.0282694200668578,0.0466385241649824,0.207960754690882,0.119455460809233,0.122669228317549,0.309747906188954,0.0319090055076167,0.206936879378504,0.13627114044063
"Siocon Subanon",0.0913379108175798,0.130524986772688,0.112819174346851,0.207257552728107,0.222026333577072,0.327562426327614,0.252019216138793,0.594930598361965,0.65611719282997,0.61458020904651,0.58044369555049,0.452656669131815,0.643709994789413,0.669577427399131,0.669577427399131,0.386548575199502,0.686424716287513,0.509277283329673,0.642090732604756,0.334758669544164,0.357333501010336,0.202479837469313,0.141163410210545,0.39081900391755,0.175556329677846,0.254064989700945,0.412658212181376,0.438392405776652,0.366864650533081,0.999999999751546,0.622831101790422,0.436979830714615,0.714316576973033,0.441298458849651,0.427316577019408,0.348107838646898,0.167039766248596,0.257156359941057,0.286065997088698,0.395776489112554,0.400636348387748,0.459128314768122,0.388429595057301,0.256042586158302,0.402025813196083,0.427316577019408,0.173841466605173,0.249577183977147,0.382613069014448,0.241767701023975,0.214316808990175,0.220962164135767,0.193381249643721,0.649243548287636,0.459128314768122,0.317282657852884,0.394935899346856,0.634127047924912,0.33230864535513,0.296243923810442,0.186748580384964,0.0275269049666832,0.0500029163246121,0.0484102705818746,0.025094849738248,0.0296705413191088,0.203642714903547,0.210068876231782,0.0610037419035598,0.072680229039281,0.15136362113882,0.0829988414661183,0.119275310506712,0.133583322293622,0.122968695626338,0.154518790581292,0.192675605751564,0.108674814837868,0.0700567874051823,0.146903619434746,0.138723227351299,0.110609603326657,0.0638284748163816,0.0551941240389834,0.252539411871543,0.0682787986196677,0.13968526254761,0.254576413311118,0.124780126803916,0.194689924301205,0.2047074551846,0.117697400503161,0.107242539774309,0.121394009606688,0.0361399684903718,0.0640051969461738,0.0727983014153462,0.0426714726609911,0.162145455843585,0.123630990236967,0.0286704038918497,0.15518540755355,0.0719914311424428,0.0488133612970285,0.0531775252952963,0.0828782083260952,0.0900152342164665,0.158450162097508,0.156925756731552,0.180637811396729,0.0468227093276664,0.0872199351187683,0.0369541711984427,0.0453363119260158,0.0470731638443958,0.158445488268296,0.147403068560712,0.104823818840813,0.118713554013119,0.0849731449023157,0.0640581413779564,0.0625708480944076,0.0106432705154231,0.0704226123108917,0.147267822734355,0.0501818144950101,0.0840223813868484,0.058343224491652,0.076786114930476,0.14086697996105,0.0830299836315465,0.127144182240788,0.0708669185052352,0.0202847365179123,0.0704533595191476,0.0547934223680945,0.0968410531886854,0.0732292549665289,0.0457209225813872,0.057998276033056,0.0668143062956506,0.0277414012454152,0.0652918008232339,0.0806836636951949,0.0981578644944052,0.0623969042792468,0.144377643176383,0.169586423557486,0.0722322106277804,0.0967650668842284,0.0967650668842284,0.0393599459861734,0.0356737031313697,0.238223150610168,0.22237202210064,0.0918313292431931,0.129879022578115,0.139767233003537,0.103581991047038,0.0162931888450554,0.0172481058041934,0.107469554786525,0.0102711982892995,0.010279911548575,0.0134637391504951,0.0453423726122473,0.023875206909909,0.0393574095643689,0.0735424590224904,0.0173544708130282,0.0593170314638488,0.0950698831449127,0.129840352204313,0.141475733699711,0.0776967021586185,0.0794268514046997,0.0144794859982082,0.0232684983342215,0.0447728684444903,0.0225464734630032,0.0188408707255732,0.0602018267708744,0.0399203439985849,0.0474923248665435,0.079362468694932,0.061788210429984,0.0769838540815671,0.022714054876033,0.117236889165851,0.039490966260419,0.0646002683340358,0.0691033953530937,0.0664931478873518,0.066889793319375,0.186510940892633,0.19080587161771,0.227396069978995,0.148689172205005
"Sindangan",0.0586770247834382,0.133377323299335,0.061318220304154,0.122512105570465,0.142699756488041,0.322884614049719,0.163780922951899,0.386630368869851,0.444068378208781,0.594993532831353,0.392851602332231,0.294112913486372,0.418330866521332,0.435141457606131,0.435141457606131,0.606620019870501,0.391270580444031,0.290294352055775,0.417197379324214,0.599636768501601,0.24184781316286,0.131553183547006,0.091720689616699,0.247836668159106,0.326548562297432,0.399644798395876,0.279292274356062,0.689592237152479,0.577078917784219,0.622831101790422,0.999999999886189,0.715726450543272,0.407887632938099,0.717637208274983,0.694899946354917,0.205979256848564,0.0988392764976722,0.406011494230145,0.163152152063066,0.736175356099666,0.228595900880732,0.271671300029849,0.221800295821615,0.476259321162581,0.229563981297185,0.694899946354917,0.102759507814319,0.147650353807996,0.71169036079175,0.433793439266463,0.337120821023022,0.13074575550009,0.114425823457137,0.384164585653667,0.271671300029849,0.590170664633011,0.416020402338827,0.614528055503278,0.749771345968399,0.370736180627757,0.293069059902459,0.0178890402499643,0.0309507809279167,0.0298603916052836,0.0142980536415586,0.0169220135149134,0.21185766652213,0.21679678800089,0.0392080478649965,0.0467127066323828,0.162662969640473,0.0453272574022425,0.127821188099711,0.143154345131129,0.122772322571302,0.169890738479651,0.186761639072079,0.112155361688331,0.0450056697597549,0.161528086712343,0.0758933326905926,0.128977514347776,0.0707665015519248,0.0622285035828178,0.307052159343573,0.0438838392681054,0.219211457952528,0.436554750665149,0.0682652779746604,0.121258418386815,0.2201019573556,0.126396295181784,0.103824719163214,0.0662955942923605,0.0772718007308933,0.114316191978355,0.114244133550728,0.0274255644411634,0.27056391161724,0.0803446578250236,0.00950669683245032,0.15493758649333,0.0410622465202537,0.0313574746956199,0.0303287625278497,0.0472718123177104,0.0512799616562687,0.0866856336649207,0.160422891927268,0.178444068162381,0.0253579316135956,0.0560315672732028,0.0250110484065628,0.0714509708521774,0.0277108345510993,0.0976079691911216,0.175021136399006,0.0568781158246963,0.0608100299403008,0.0459982426563894,0.0410563805439174,0.0401031390399152,0.0072034995085645,0.0381216490608605,0.0907157787817519,0.0321627138715823,0.152169320669219,0.0315827524165893,0.0420084961807404,0.0869199056132,0.0473457078092149,0.0842250872354651,0.0454186157193642,0.0137289651078008,0.0384759293667126,0.0297312830072113,0.175186327614935,0.157548672591923,0.0232605259238129,0.0316739696625408,0.0922335582970453,0.0704595403788206,0.0372827944133516,0.0460718253768981,0.0560499088074656,0.0341222282034369,0.245933653470598,0.0949777135360011,0.123487147863532,0.17139352010213,0.17139352010213,0.0252972456775138,0.0113379907651674,0.234732262516004,0.227614902758743,0.052437343214996,0.167766194920697,0.276780969513304,0.0701055958832204,0.0110274353798192,0.0116737352024265,0.0727367479740068,0.0069516763406415,0.00695757358423955,0.00911242819709824,0.0306882887506288,0.0161590406814029,0.0226257412201375,0.0808197458902455,0.0106159234259714,0.0357194480801606,0.10459466377755,0.0790394687416669,0.0712445711016965,0.0473325763450307,0.0432594151902485,0.00979989845418521,0.0106692773446073,0.0264306482035276,0.0102859760568703,0.00931283209793088,0.0375931996790541,0.0259357699441822,0.00781550637539605,0.0317010949923183,0.100830191591303,0.0484582726820298,0.047730585389311,0.211813706439361,0.0181121876472754,0.0306409474647331,0.0328222042353387,0.105054722219944,0.107783551640447,0.106266563279097,0.113049188148956,0.134635727325832,0.173878243585308
"Binukid",0.0764850928326113,0.0519490680413157,0.0968880108492157,0.183912989664824,0.186039267149646,0.145738759462222,0.214370154896668,0.506054127459263,0.581233792681979,0.268559155773808,0.514196997561511,0.384932981773984,0.547546387171476,0.569549493206858,0.569549493206858,0.843264598286651,0.587584706220996,0.435945174768889,0.546025093914314,0.791897279477297,0.316550622831722,0.172172311993662,0.120043415052276,0.173882815083104,0.431253162754685,0.555592081988525,0.365561061903582,0.958681279708542,0.802263606798917,0.436979830714615,0.715726450543272,0.999999999799478,0.611745330586264,0.99758997778564,0.965982830955582,0.308925396124151,0.148238046454039,0.564514541768636,0.244910738744662,0.972222778803501,0.343038261198127,0.407449591091325,0.332653614229306,0.628967211172633,0.344297503267006,0.965982830955582,0.154260741913528,0.221481690495741,0.939886909395689,0.572876913786024,0.468670328217641,0.196091028426645,0.171614576048928,0.5761657683967,0.407449591091325,0.779403112029593,0.162978690384112,0.276133577064432,0.727710095039825,0.253624404743824,0.407396318913078,0.0234146704043764,0.0204925953585729,0.018956485856407,0.0217468500592491,0.0254019501348532,0.0656974554370299,0.0853987361777473,0.0511159701380851,0.0608998776350042,0.0526002007998038,0.0702608923202988,0.0419450278752588,0.0469766639338383,0.0478388080082546,0.0483836358296019,0.0838364473836828,0.0441792806624021,0.0586645768473213,0.0419149223231559,0.117486307136806,0.01993049071274,0.016875806765321,0.0151453964823793,0.0512947446606439,0.057211851640619,0.304726609706278,0.300056556144115,0.105677733874498,0.0850711110806956,0.0709811660899684,0.0410217133962773,0.0468628268865697,0.102763499907485,0.101996038321313,0.150970560086415,0.158811167176923,0.0357549910678732,0.189091054825986,0.105161800488815,0.0218301885085505,0.0603721530901039,0.0616356150619314,0.0408737529982197,0.0455270711551739,0.0709563522262158,0.0770418793963239,0.134193276537207,0.0613959791819213,0.0798027408843744,0.0395523215515557,0.0730367574066231,0.0327302389327959,0.0993386871267547,0.0417563265978402,0.0600336456445539,0.167910262567604,0.0885902954432786,0.098898923277729,0.0717706445295543,0.053471772532976,0.0522302721329115,0.00858903306460886,0.0594808663468124,0.0557441878511601,0.0418886735119942,0.212497419526112,0.04927828469224,0.065031049628659,0.054577728901289,0.0710812670930113,0.0443978443702631,0.0591523545729424,0.0167975213323832,0.0596407831643657,0.046307848059745,0.244631428680952,0.207955321170777,0.0380262542674097,0.049097198890165,0.0565684166486435,0.0211228282992838,0.0559163199699996,0.0690980107555921,0.0840630291927381,0.0528390456526745,0.127394232437232,0.146472463038638,0.0635677618432696,0.239184259863142,0.239184259863142,0.0329803018779308,0.0282453434962292,0.0976029700976543,0.0865796431037658,0.0786449435380297,0.0136737584872713,0.174755139135201,0.0896944353534981,0.0134030544151903,0.0141629446249334,0.0947847271826151,0.00845713364563541,0.00846430799823834,0.0110858186317426,0.0399905296563364,0.020674184586139,0.0348422763829339,0.0204960912326769,0.013587469181481,0.01544949529759,0.0263235691107151,0.104914214363277,0.119820488367068,0.0604852527639942,0.0527405184338219,0.0125430273830138,0.0188888963796328,0.0397253474171077,0.018282049697099,0.0164843079624193,0.0205822993720921,0.0339434416028587,0.0354414119707889,0.0647604466943802,0.0544617757791407,0.0304169220103623,0.0198315011839138,0.142934024342827,0.0320597296192934,0.0563544524218513,0.0620809190084574,0.146780550199827,0.150703209977173,0.161627804443571,0.0354888643288508,0.0415128551354885,0.0273614013090559
"Ata",0.12786755022612,0.0809521301586112,0.157940019791457,0.290148037058804,0.310823436895262,0.229902942635336,0.352811658249636,0.832866850994346,0.91852438212023,0.439004831327359,0.812586063353736,0.633691956088869,0.901155055369773,0.93736789632442,0.93736789632442,0.541144623402108,0.960953081706299,0.712957391048722,0.89888818625843,0.468641888196601,0.500245286719793,0.283459524693893,0.197620235491661,0.274300199950332,0.245768242357754,0.355675617492418,0.577696535823384,0.613722850230227,0.513588319528822,0.714316576973033,0.407887632938099,0.611745330586264,0.999999999513073,0.617791148746531,0.598217359934044,0.487329917466702,0.233845568715077,0.360003348834932,0.400475092129855,0.55406314468561,0.560866653710791,0.642751868522326,0.543777937422107,0.358444132906885,0.562811820395361,0.598217359934044,0.243367537787282,0.349392960940868,0.535635152790275,0.338460157191564,0.300030568819826,0.309333664053273,0.270722052102416,0.908901695559089,0.642751868522326,0.444176528933149,0.257583448269604,0.451530301532945,0.465212002535462,0.414723573888703,0.261436716343023,0.0385360018853099,0.0332718051759943,0.0308838578914051,0.0351312716775196,0.0415369631128362,0.110856664675261,0.140549740886679,0.085401548624008,0.101747924317404,0.0879975682560542,0.116193357554862,0.0700792790973383,0.0784858399108659,0.0790772488897743,0.0819368923580291,0.137098055184609,0.0727105192378963,0.0980752647184766,0.0653159406973354,0.194204127092084,0.0325543252013493,0.0270599491669436,0.0260919859264324,0.0832405687185324,0.0955861879671718,0.195550918175735,0.144407947978216,0.174684629727567,0.139063614250424,0.118777286565164,0.0686047324853859,0.076605123943307,0.169944270473654,0.0505937698248107,0.089603404129623,0.101913218502476,0.0597374805810354,0.0979832377103006,0.173075908044124,0.040136831211237,0.0997947895163438,0.100783648927001,0.0683357531561504,0.0744453187711104,0.116024478456212,0.126015882992672,0.221820642477379,0.0971726250117854,0.125910400762295,0.0655489608112545,0.122102633339239,0.0517336043661002,0.0634680943594499,0.0658995819851131,0.0995036092703456,0.0930537252483227,0.146747005712561,0.166191794779027,0.118957262942209,0.0896775231311514,0.0875954024987584,0.0148999349232965,0.0985873974583948,0.0924033053967949,0.0702515048572179,0.117626251531117,0.0816769851789577,0.107495916205315,0.0902540713091324,0.116236954703137,0.0742353912632996,0.0992093992546078,0.0283974041261665,0.0986304416901531,0.0767074769291867,0.135571616667579,0.102516527405527,0.0640065260120149,0.0811940782024766,0.0935359872991751,0.0388362837004753,0.0914045717325678,0.112952248718302,0.137415072843946,0.0873518916794902,0.202119967216522,0.237410734902659,0.101120725640977,0.135465240437768,0.135465240437768,0.0551015435464752,0.0499410265253685,0.160514265134393,0.137049548474592,0.128558306176726,0.0232485084822669,0.0495178339797118,0.145008521912681,0.0228094788280859,0.0241463048090809,0.150450875998227,0.0143790563129668,0.0143912543488981,0.0188484204057182,0.0634765789532637,0.0334238454921994,0.0550979927094581,0.0327976421125505,0.0242952093879319,0.026811763877195,0.0421331701672727,0.181768639193448,0.198057469481716,0.108770683241709,0.111192787526772,0.0202704045514463,0.0325744901854478,0.0626793075672897,0.0315636990401328,0.0263760793550472,0.0327045514358392,0.0558860668661918,0.0664863820592685,0.111102655632628,0.0864997571092787,0.0481285869003554,0.031798302881538,0.052382003192624,0.0552849640048993,0.0904364680759767,0.0967405735137818,0.0930863849543047,0.093641664566497,0.261104035428184,0.0627484071852594,0.0736063250593752,0.04263721763604
"Tigwa",0.0776981149886292,0.0518238696436918,0.0966545086101131,0.185746737250339,0.188958150641698,0.147179081103444,0.216873112282319,0.511962748071675,0.588020201055615,0.27121329915641,0.520200693241041,0.389454289052763,0.553939465883732,0.576199477255547,0.576199477255547,0.845301794220217,0.593463806107422,0.440307039875805,0.552438540795852,0.794018557709034,0.32024662575592,0.174198238918417,0.121453408978301,0.175601281622313,0.432404468975641,0.556938845195076,0.369829304188782,0.961005136934519,0.804208305333457,0.441298458849651,0.717637208274983,0.99758997778564,0.617791148746531,0.999999999800443,0.968316495026343,0.31197847503886,0.149703068299622,0.565890221107258,0.247351698765457,0.974818298628463,0.34644670771028,0.411476374809951,0.335941196759749,0.630646349844689,0.347700161192848,0.968316495026343,0.155798834810273,0.223674105024284,0.942396102925948,0.574414477375338,0.46980639184147,0.198028976525945,0.173310625807725,0.58185995728825,0.411476374809951,0.781483865816627,0.164899564962815,0.278885726788331,0.729477492356697,0.256152211549894,0.408380524968749,0.0236880569783988,0.0204432077526189,0.0189108003081703,0.0216944396718543,0.0256551245977025,0.0669041970500809,0.0863958404506859,0.0519179597594156,0.061855372946385,0.0534441905889722,0.071170999425113,0.0426031289918269,0.0477137094563604,0.0484527174215316,0.0493198791117933,0.0846735851663186,0.0446951120610299,0.0595949729396004,0.041813906437613,0.118993994156738,0.0208406017516011,0.0173232165161664,0.0155098560161972,0.0532888804039681,0.0581094832635531,0.305462781735007,0.300994275143467,0.107033882957238,0.0859119671265862,0.0721247953084416,0.0416762855501727,0.0473259675361937,0.104094621507185,0.102320683108534,0.151373602568212,0.159194830222413,0.0363159970611743,0.189646121047746,0.10638965566924,0.0227625179007143,0.0611469013462786,0.0622495719923989,0.0415224985189955,0.045980827332304,0.0716631537104917,0.0778158406044308,0.135915361996596,0.0622078930066239,0.0806052191972624,0.0400871307010189,0.0741950903791906,0.0331187772773055,0.0995801486900677,0.0421875414477388,0.0608472487050354,0.168393297647797,0.0897767099587257,0.100604703583468,0.0727433126961318,0.0543654588538499,0.0531032089653667,0.00953862836783402,0.0602869778927675,0.0565011581679649,0.042588768772425,0.213109442392832,0.0499461262469277,0.0658655849188257,0.0552841428071973,0.0717906362312523,0.0451037799651131,0.0601417818954086,0.0181794273577688,0.0604133253098179,0.0469280097020786,0.24533517102502,0.208620578915872,0.0386992507212727,0.049733167322399,0.0572989798723128,0.0220249475668906,0.0564689353898547,0.0697808995123166,0.0848938157358569,0.0535186164878927,0.129392998223286,0.146119461178181,0.0647353848958595,0.239856998073485,0.239856998073485,0.0334977499424582,0.0281772715965912,0.098723048004559,0.0877362698307269,0.0794221836803744,0.0148832114812434,0.175479023133943,0.0928314390560268,0.0146021538299629,0.0154579620124431,0.0963155209184656,0.00920517271753011,0.00921298164637215,0.012066366631568,0.0406363853137877,0.0213972505526884,0.0352725887038497,0.0209963681761209,0.0140572437357443,0.0158528039925408,0.0269727790256011,0.104661368797037,0.119531718352308,0.0626761832779095,0.0572826421940516,0.0129766912993227,0.0193488042232393,0.040125988758256,0.0187329341450955,0.0168854172894285,0.0209367734614272,0.0343432619990169,0.0353559973877121,0.0646043725921724,0.0553753450080307,0.0308109200925655,0.0203566119901483,0.143465037343683,0.0328398325269211,0.0578955454725956,0.0619313026269589,0.146426805842511,0.150340011923437,0.16123827787669,0.0354033353845436,0.0414128082407226,0.0272954597295488
"Dibabawon",0.0939298208011367,0.0501819078218311,0.0935921550241074,0.179861629612121,0.182971294172194,0.142515931983159,0.250397223603395,0.591101632457436,0.569389660207007,0.262620311295552,0.600612994086957,0.450010492911697,0.536388722170382,0.557943458365795,0.557943458365795,0.81851967078134,0.574660792771482,0.426356569673381,0.534935351649705,0.768861266939324,0.310100090257724,0.201332351911382,0.117605339313857,0.170037617575987,0.418704379914333,0.575222425858424,0.358111815661734,0.992553690410429,0.778728167646012,0.427316577019408,0.694899946354917,0.965982830955582,0.598217359934044,0.968316495026343,0.999999999812888,0.35289723711908,0.169337962128535,0.547960835580117,0.239514730034615,0.943932638403979,0.335470061790125,0.398439361121731,0.325297402245961,0.653406723791324,0.336683801473284,0.999999999812888,0.150862581682202,0.216587325447896,0.976407697086456,0.556215013534087,0.454921278778165,0.224002244631438,0.167819537765852,0.65817608504099,0.398439361121731,0.756723718017353,0.190626518475785,0.270049649529946,0.706365088739203,0.248036411730191,0.421742815482845,0.0229375363117496,0.019795495281944,0.0183116398760959,0.021007083788677,0.024842280334722,0.0830460714200764,0.0836585174263611,0.0502730168329315,0.0746414213166307,0.0517508913206995,0.0689160527242619,0.0412533125505337,0.0575765518897976,0.0469175655172303,0.047757252485949,0.0819908292255195,0.0432790142641444,0.0577067953292958,0.0551985601094043,0.139181166007687,0.0201802984462752,0.0233037852012222,0.0203824004341802,0.0516005019067629,0.0562683711725052,0.295784650228366,0.313676336518025,0.125192037950192,0.0971814989909696,0.0874273107802706,0.0504351138772523,0.0458265150172675,0.121917133953828,0.106710249599748,0.156836759217948,0.164403716150143,0.0438231494896742,0.197159439004964,0.122835302722849,0.0352176226395382,0.0715203913225436,0.0704778323440685,0.0402069202384591,0.0520620602786926,0.0811357182194398,0.088188114874227,0.158973221254616,0.0602369289308636,0.0913596233198226,0.0472467738568473,0.0896949886707141,0.038322477585109,0.102858064698715,0.0479658350339061,0.0717391093263729,0.174933480505977,0.105660053083253,0.123425287125046,0.0857646084799846,0.0663224606905036,0.0647825947466571,0.0222167873933528,0.07107854816857,0.0547110034527689,0.0519556351093919,0.22139595011655,0.0588866495611961,0.0637787323438645,0.0647424085675634,0.0812975384530403,0.0545499899614738,0.0733797158296788,0.0176034393840952,0.0707569648435524,0.0454411658821034,0.254863679002964,0.217615032656394,0.0477023021412893,0.0582482085490644,0.0670806535205077,0.0340764714804241,0.0638753403726714,0.0789332874276598,0.0960283975291556,0.0626176637387692,0.125293374545112,0.141489884530901,0.0803539932396644,0.248968687316976,0.248968687316976,0.0404220287990136,0.0443328877591354,0.0955951558407344,0.103220942471549,0.076905810543677,0.0310322847766535,0.185237408448719,0.134748113390998,0.0306128966117419,0.032749256974606,0.116798427587777,0.0191932730075426,0.00892108209828998,0.0251590139669862,0.0492783080258994,0.0310588651111975,0.0341550294708405,0.0276845237588761,0.0136118609865662,0.0212440017987563,0.0261181868522615,0.101345329818313,0.115744534582119,0.0606903821252078,0.0554677273262505,0.0125655442384347,0.0187357662920308,0.0388546568013942,0.0181394091364552,0.0163504280899255,0.0256790807741864,0.0332551470931065,0.0666219728372919,0.0918612142561755,0.0536208599994857,0.0298347221583531,0.0197116431767355,0.138919562146462,0.0317993515359008,0.0560612116806184,0.0599691019038815,0.141787491438853,0.145576713436193,0.156129684128217,0.0342816336384998,0.0401007053327044,0.0264306439006017
"Ilianen",0.0765186951806978,0.0873483160350291,0.0762436201891797,0.279213719094002,0.149055162315562,0.347832550296581,0.379950565117361,0.481533183508475,0.463845810404173,0.406328913164636,0.489281489372848,0.684137492559479,0.436962029544842,0.454521312366268,0.454521312366268,0.50086625705792,0.46813986933292,0.662740989195234,0.435778060333489,0.227196058561179,0.512462518166185,0.164012756914077,0.194832931564293,0.138518912499226,0.124110553563084,0.202574861218236,0.291731088490054,0.34954552717481,0.25024957514288,0.348107838646898,0.205979256848564,0.308925396124151,0.487329917466702,0.31197847503886,0.35289723711908,0.999999999875826,0.479850631553339,0.334823772145577,0.371761634422998,0.279796457598424,0.520092446223334,0.324583393883318,0.264999257464024,0.629091196693651,0.52092072566225,0.35289723711908,0.122898221283713,0.176440020802355,0.322521363725205,0.16406594285008,0.146192036536266,0.182480487354096,0.136711982906109,0.53617450559426,0.324583393883318,0.224304793653938,0.155291390277295,0.419156262624808,0.226658333068898,0.3849885216161,0.403134937414004,0.0186857627774776,0.016126140308778,0.0149173369860106,0.0171131449771508,0.0609035888635912,0.147202483413707,0.0681513127525321,0.094869408206543,0.0608056538046716,0.0421581841050157,0.0561415574572075,0.0336064693971518,0.0964531564985946,0.0382207787026042,0.0389048186663459,0.127351596617995,0.0352566806998525,0.0470100831023108,0.187190694220636,0.113382109385847,0.140373474566663,0.0189841226263165,0.0166042548847652,0.0420356713439827,0.0458382897500385,0.180995712064908,0.187811926015705,0.101986049896311,0.0791676321220434,0.071221510772632,0.0410863032873162,0.0373319687386873,0.395534596224877,0.0304265522592037,0.0518054144950348,0.0580176172106691,0.0734143464645994,0.0604960714169686,0.186389217954338,0.0860872837671278,0.0582631477002486,0.0574138407175729,0.0763003832800915,0.075248489201656,0.066096147503788,0.0718412898379308,0.129505447315694,0.0490712232191475,0.0744249175500113,0.0384889639538104,0.0730688447906018,0.0584578818875075,0.064184863352133,0.0390747377001176,0.0584413234502319,0.0545807378035527,0.0860745748868298,0.100546789534976,0.0698670121755425,0.054028721761757,0.110980413175448,0.0746428493515882,0.0579032059764497,0.0445696005859526,0.0423249759440547,0.214417035554768,0.047971235860281,0.0519565068643001,0.0527415530464316,0.0662279722323292,0.0444384330594132,0.27216456051983,0.0143404107542747,0.0576412323432244,0.0370180491255542,0.154887638104076,0.0617424138376923,0.038860054089505,0.0474511382727168,0.0546463735952891,0.0277599500541593,0.0920921901809078,0.113801966063747,0.0782282731568408,0.0510106575703728,0.23643912866656,0.115262876616574,0.0654593255135841,0.0790886112412311,0.0790886112412311,0.067715626270865,0.110380162879608,0.156856039012725,0.0840875854534509,0.0626503087561096,0.0252800433273464,0.0374847715927049,0.109770781280626,0.0249383942655287,0.0266787521839137,0.0951483054260212,0.0156355478404088,0.00726744239407278,0.0204954603805424,0.0401439265898218,0.0253016966477842,0.0577939405634435,0.0225528337715005,0.0110887238236225,0.0173061471232572,0.0628067473208314,0.0825596422345895,0.09428976532746,0.0494406229104091,0.317286806831309,0.0102363556233043,0.0447169596842298,0.0605791467438442,0.0436200756440346,0.0390095622512972,0.0209191259762542,0.0270908689262458,0.0542727153999915,0.0748335320208923,0.0436815295357947,0.0515367179982253,0.0160578312923152,0.0264523982038423,0.0259049241908085,0.0456695299902757,0.280125456705866,0.0453442396212419,0.045556495920301,0.127188997132351,0.121237295714875,0.144408051399417,0.0215313770090118
"Western Bukidnon",0.0367175442111557,0.0419141446175953,0.036585549302802,0.133980879458786,0.071524213781766,0.166907668949654,0.182319518650841,0.231064002262213,0.222576705110068,0.194977185622998,0.234782031725831,0.328283807923969,0.209676505881919,0.218102338836162,0.218102338836162,0.240340989803956,0.224637211995956,0.318016682269842,0.209108377508063,0.256132530485502,0.40868377179016,0.0787016249959807,0.0934907052667874,0.0664683876512124,0.139526772926505,0.0972056751026329,0.139987347076297,0.167729641994692,0.120082416693341,0.167039766248596,0.0988392764976722,0.148238046454039,0.233845568715077,0.149703068299622,0.169337962128535,0.479850631553339,0.999999999971408,0.160665398540177,0.178390055085003,0.134260506904268,0.249566688819235,0.155751546569185,0.127160061071699,0.418506448711629,0.249964139231142,0.169337962128535,0.0589727891052011,0.0846648554222647,0.154762080094772,0.0787271463016032,0.0701503410668792,0.0875633771118314,0.0656013313446683,0.257283675178528,0.155751546569185,0.107632796908944,0.0745166717067283,0.201132397363727,0.108762144282932,0.184736985259142,0.265217618092161,0.00896637507041305,0.00773813861218385,0.00715809357429286,0.0179710968756475,0.0292246255819568,0.0706352046381359,0.0327024504681093,0.04552314544643,0.0291776313824709,0.0202296312694731,0.0269395618043289,0.0161260855656704,0.0462831080645908,0.0449608102184281,0.0571042335540456,0.0990466725846099,0.0169179405014858,0.0225578180677741,0.089823572849712,0.0544064768005474,0.0673583004292613,0.00910954323234244,0.00796756219345629,0.0201708434441071,0.0219955322875789,0.08685090675014,0.0901216713198006,0.0489380704566321,0.0379886382752843,0.0821704931379288,0.0197152885820381,0.240223819851937,0.189797525816108,0.0354255539500778,0.0528550721937854,0.0558183543706244,0.0588540028290388,0.0659290187189217,0.0894389839577047,0.0772656817673913,0.0279576082223532,0.027550067730229,0.0638922794521712,0.0361080350693468,0.0317162781252987,0.0344730883029543,0.0621432706898984,0.0235468574545903,0.0357128436924103,0.0184689536623681,0.0350621313225281,0.0280510515448854,0.0307991472177729,0.0187500375644693,0.0280431059685347,0.026190601507638,0.0413029391235749,0.048247440463489,0.0335257299198298,0.0259257162613944,0.0532540213563671,0.0358174184050256,0.0277848899588667,0.021386750990848,0.0203096664387214,0.102888149934848,0.0230190278256296,0.0249313626340457,0.0253080675403028,0.0317795343045498,0.0213238101703656,0.171923071575252,0.0588075470565603,0.0276591817454881,0.0177631342530492,0.0743229309701095,0.0296271362759974,0.0186470214983995,0.0227694586697368,0.0262220968837483,0.0133206295663871,0.0441904956225885,0.0546079452917436,0.0375378862825337,0.0244774962528889,0.11345546522578,0.0553089641442667,0.0314106986913262,0.0379507200558489,0.0379507200558489,0.0324933860343705,0.0529659908730442,0.0752674693894311,0.040349480988975,0.0300627902259165,0.0574864633994964,0.0179870913238142,0.0526735787297543,0.0119667042392038,0.0128018160855582,0.0456569744539929,0.0075027275064477,0.00348728682282674,0.00983475960833421,0.0463593752533514,0.0121410351166933,0.0277324588812196,0.0308885773440937,0.0236661551029137,0.0243869832082541,0.0561541597573933,0.0396162964720948,0.0452450034459705,0.0237241141303067,0.152250274662709,0.00491192171097859,0.0214574613470859,0.0290689418259735,0.0209311208476178,0.01871876308416,0.0100380558119166,0.0129995705644688,0.0260427967634246,0.0359089176050697,0.0209606095365884,0.0417895000975064,0.00770536048752862,0.0126931999851595,0.0124304942342228,0.0219145528105088,0.134418377326574,0.0217584620211175,0.0218603133402902,0.0610317206062936,0.0581757929216523,0.069294294671786,0.0103318448568309
"Sarangani Manobo",0.0458100773458464,0.0626854415509604,0.056998299801098,0.200462429876299,0.799128834459372,0.448658093393941,0.870361728270384,0.299392887087349,0.330017923910381,0.296659485926052,0.291955195568208,0.457653548991217,0.323940631596638,0.336958158940831,0.336958158940831,0.656100711662985,0.345911227495185,0.483897992184879,0.324642125697497,0.456840127570294,0.366951385431583,0.102373060141964,0.14272171398462,0.0987107937482556,0.244637795437137,0.320241603127053,0.20756140510796,0.5525810029792,0.462422327290465,0.257156359941057,0.406011494230145,0.564514541768636,0.360003348834932,0.565890221107258,0.547960835580117,0.334823772145577,0.160665398540177,0.999999999935539,0.891502768142266,0.551514650403411,0.380570067974695,0.231303320755892,0.195761878562168,0.356795416788224,0.380322614703742,0.547960835580117,0.087951641088294,0.125732199044252,0.533171420742181,0.926869649903232,0.270140165979659,0.111318079671933,0.0974231468041008,0.327081087955072,0.231303320755892,0.442133474156786,0.565824538972762,0.307106608268523,0.419857408891452,0.282072653179856,0.234425131991874,0.0138526402440454,0.0119587690236877,0.0110892901414329,0.0126457708181817,0.015050627344355,0.096953152988358,0.0505237933805786,0.0694461886554561,0.0364573397322041,0.0318247971363342,0.0417249168600852,0.0251101347112836,0.063822524685259,0.0283993326451682,0.0296033438047173,0.0933089336188741,0.153242820483146,0.0351366351702399,0.023764941383433,0.069745314664165,0.0116545015918553,0.109286521555388,0.00928858243290348,0.0292046204972255,0.0342495254993603,0.237092065631369,0.240286582558458,0.0627351985237422,0.0500633148536447,0.0428059161610484,0.0245765671251979,0.0275781011630459,0.127315868001733,0.0588277160857809,0.086938941801612,0.0913835670527334,0.048577808719672,0.107469632879547,0.124411910568867,0.055455452092042,0.0358397069137035,0.192020377626107,0.056090492319021,0.0506336989321829,0.0417664988678681,0.0456598163051318,0.0796633456786353,0.0353558673856828,0.0458119910962204,0.0235277425367056,0.0437447270045917,0.0383027506560446,0.0773548129098131,0.0237055347467191,0.0357143251196187,0.0967547799454629,0.0526779797702696,0.0594748092918654,0.0426967262317885,0.0321063033817267,0.0732984357337085,0.0456656633837471,0.0353854738671699,0.0331651285399957,0.0251514097311705,0.352054793081667,0.0293159054715846,0.241070126887565,0.0325767988491667,0.0418423416532337,0.0265948564892623,0.0834013177441819,0.00960547362568778,0.0354180915843177,0.0275357912631469,0.195266468699133,0.119947158377171,0.0228978026761004,0.0291567111388844,0.0337618675131562,0.0136434511805496,0.0617670497533428,0.0763279892256856,0.049469886415087,0.031370318955291,0.169176434073561,0.0853741238407041,0.0361174583013852,0.137798106175066,0.137798106175066,0.044807058536265,0.0710276412936054,0.114615616097374,0.0494384001732941,0.0462814207542105,0.00782403500176723,0.0991484423113181,0.0510473742605975,0.0076699196337618,0.00837029956893317,0.0543916150114691,0.00483911645207909,0.00484322156962471,0.00634323277527329,0.0229483120096097,0.0117662019264962,0.041538473360193,0.123922853698137,0.00858293756039614,0.0095302452345166,0.0450296898055347,0.0649076890256241,0.0715781359078937,0.0388457720672332,0.23412005400314,0.00713826645182861,0.032815553150853,0.0433936995236983,0.03211114363973,0.0278811728499054,0.01169294467622,0.118459456455984,0.0229537801871994,0.0393049681402719,0.0312651173673928,0.0368934777537858,0.0113907045344059,0.0810910267821329,0.0196771162143552,0.374888804609448,0.0346400870756976,0.0840582886555157,0.0863166360115909,0.09398640112632,0.0892426861729751,0.106310761305555,0.280129727660036
"Kalamansig",0.0564523299868999,0.0694445165917355,0.0689226248894749,0.222077346718452,0.899037249610291,0.497428883190206,0.976532055613433,0.360766155735269,0.36740321988242,0.342120200251374,0.352994596042547,0.507000169249422,0.390346001484345,0.375055582475613,0.375055582475613,0.421718609266799,0.412981773096887,0.558163512773532,0.389490984695261,0.187504447979693,0.407498889723119,0.113411463613384,0.158110722195771,0.109824526557335,0.0983055489041276,0.142435410862795,0.231074505460136,0.245774132484285,0.205673821066329,0.286065997088698,0.163152152063066,0.244910738744662,0.400475092129855,0.247351698765457,0.239514730034615,0.371761634422998,0.178390055085003,0.891502768142266,0.999999999920888,0.221621317095823,0.421605140614199,0.257345491089406,0.23355883041095,0.143375103716412,0.422262055556003,0.239514730034615,0.0974350510691355,0.139889016504383,0.214250251405565,0.80800473313549,0.120151551691527,0.123851252056711,0.108391904949867,0.363906765066484,0.257345491089406,0.177667452357521,0.636277042939731,0.340972276349075,0.201112442638318,0.32529805103021,0.11229005350974,0.0166923263152079,0.0144226451992251,0.0134644774277634,0.0151003205737506,0.0179565446825032,0.112978187381401,0.0608807874117291,0.0807100169839061,0.0448868423947292,0.0392180946595002,0.0506292337996568,0.03091598749596,0.0741742225316393,0.0344374611855634,0.0370921378889037,0.103598595565396,0.172305970544637,0.0432993139978007,0.0263274027488586,0.0845742256209058,0.0131219243210489,0.121177739119011,0.0119264943855375,0.0328194818112804,0.0421685472521273,0.152394494335304,0.134887343429679,0.0760736525438291,0.0597297671190182,0.0474214758884619,0.0303014043613471,0.0329027750446717,0.147486947087771,0.0223984095542654,0.0388127773390147,0.043772890504971,0.0564569301462318,0.0391450402358255,0.143872015450011,0.0654546148696222,0.0434597717898143,0.215836884243017,0.0651880927572001,0.058392911874002,0.0498524245202327,0.054499481825372,0.0966009803465472,0.0391681235472069,0.0507516816834415,0.0286362701378231,0.053907172987438,0.042432755319792,0.0496403908339877,0.0284321295171134,0.0397760360918223,0.0372006595479441,0.0640712387167307,0.0738219251550108,0.0519759974527789,0.03974134445345,0.085278137749086,0.0545494691462318,0.0430757920314977,0.0369372395059484,0.031132541972607,0.305727654617909,0.0356871255151159,0.271109039683994,0.0393248352992688,0.0499481525972619,0.0296412840697921,0.0970138605600622,0.0109540840242534,0.042976498804632,0.0334912664261635,0.11934987575024,0.0454222074435176,0.0284873563740831,0.0353789068059954,0.0407494524871349,0.0190039748894639,0.0712323604442503,0.0880246484528332,0.059021342135776,0.038045947533326,0.196828135868811,0.102620939668794,0.045402272679303,0.0589939461116696,0.0589939461116696,0.0520745418212337,0.0838871229456533,0.132505234972869,0.0547691093203384,0.055217259767782,0.00894096891808311,0.0195632449930755,0.0572892029499097,0.0135224294429826,0.00927282943072585,0.0606434013525045,0.005529933056192,0.00553462420703324,0.00724877215798603,0.0255859969458786,0.0132049168029664,0.0461305028846102,0.137405786882312,0.0115592435164622,0.0123557537235403,0.0498850285401542,0.0719063785132773,0.0892491811023192,0.0520566639621793,0.278419811278646,0.00800999933902415,0.0364650840248453,0.0481818310848884,0.0374845879653737,0.0309844434746214,0.0130426288726352,0.133197950009178,0.0353087532346075,0.0524826589442263,0.0389003391790297,0.040974324789248,0.0126189103954623,0.0208110207705113,0.0252978287426506,0.415311293460924,0.038375164027612,0.0372758988133528,0.0403367464694902,0.112229203500496,0.0992175352984056,0.118195552016961,0.310620066777525
"Magindanao",0.0797052282275844,0.0447130497583386,0.0832929543016968,0.166417015366389,0.19383935536314,0.131996880619068,0.222475421873342,0.525187872122709,0.603210056435553,0.243236397473042,0.533638621538414,0.399514750101341,0.5682489409002,0.591083977335402,0.591083977335402,0.824015657034435,0.531491005654567,0.39432772312738,0.566709243615401,0.814529803821102,0.328519300611621,0.178698162649791,0.124590817718643,0.157487200171852,0.44357442765948,0.542866308972105,0.379382808705347,0.936722794774808,0.783887850752465,0.395776489112554,0.736175356099666,0.972222778803501,0.55406314468561,0.974818298628463,0.943932638403979,0.279796457598424,0.134260506904268,0.551514650403411,0.221621317095823,0.99999999979,0.31051827386026,0.369030690475604,0.301287314142477,0.646937332424647,0.311833287203539,0.943932638403979,0.139585639406162,0.200564108207753,0.966740267446898,0.589252866984683,0.457935488018014,0.177601374989033,0.155432836060934,0.521838421214065,0.369030690475604,0.801671313262027,0.16915928348971,0.249875066144731,0.71100927033766,0.22950637001494,0.398096808623692,0.0242999716017533,0.0179219704915323,0.0163368319476857,0.0194220758965063,0.0229863895497565,0.0541675159741054,0.0886276350725508,0.0532591148748261,0.063453233305815,0.0548247716042776,0.0615712778472166,0.0437036615367316,0.0489462595374758,0.0419773913191201,0.050593920088526,0.0758491934740226,0.0458496851307931,0.0611344421941815,0.0312427461799197,0.103091379042387,0.0112260174863795,0.0125987800223802,0.0159105097173876,0.0546654494154594,0.0596105790518613,0.297770709245726,0.308769619430414,0.0927296430086301,0.0770486346025604,0.0739879374392668,0.0427528756900076,0.0424440758851756,0.0900540798216585,0.104963851449533,0.155283915730836,0.155186033579501,0.0372541191571909,0.194545097558738,0.10913793452275,0.0129136309061513,0.0529750970091763,0.0557778064333835,0.0425951160014978,0.0411977421842185,0.0642127068208149,0.0696572647031755,0.11775133863323,0.0536435264322462,0.0721460123440966,0.0344455045926083,0.076111712786153,0.0339743081527153,0.0970569990542749,0.0376416220905096,0.0522646246579123,0.163336754775691,0.0772616406454516,0.0826026427341325,0.0624827254370351,0.055769838255141,0.0544749816752039,0.00978503212269606,0.0517833811451302,0.0485159151472491,0.0436889303612694,0.206702546319921,0.0429011269526281,0.057063165488647,0.0478329697540801,0.0643130843883041,0.0462689098258619,0.0616953764282445,0.0186490419595092,0.0522646255971109,0.0403861427254103,0.237968204360257,0.214009707415655,0.0315964474052134,0.043025033906579,0.0495931193600919,0.0124951925286457,0.0506439044697563,0.0625826781453672,0.0761366274132143,0.0463506797872669,0.132735504020113,0.129015067853426,0.0524115847741463,0.232816160787142,0.232816160787142,0.03436307051551,0.0154012093305083,0.0869118529100912,0.0755354843240954,0.0712294194200403,0.0152676775755205,0.180012032339461,0.0952294793473825,0.0149793595868062,0.0158572751773387,0.098803562709153,0.00944296257937453,0.0094509732300275,0.0123780674265777,0.0416861125428304,0.0219499886064876,0.0307341736300201,0.0157141578734815,0.0144203732661124,0.0115941237322842,0.0201179684144271,0.107365002198282,0.0967766314077589,0.0642952469738262,0.0587623788583303,0.0133119077831402,0.0144928477359311,0.0359026527855084,0.0139721819944085,0.0126502904766949,0.0171958175729602,0.0352304240085444,0.0106163651217325,0.0430618801946783,0.0457343741109565,0.0266550664887753,0.0148116962355322,0.13789398238763,0.0246030887807239,0.0416218054646091,0.0445847636132532,0.142703394418768,0.146410159929749,0.144349525394753,0.0193508508226651,0.0221642896927314,0.014258899794771
"Maranao",0.206490997357064,0.0974130801104755,0.233435564774783,0.531218903207756,0.174013984254951,0.30189243212949,0.39401142740739,0.466861397308702,0.514776354277423,0.779513447977043,0.455404450182525,0.711012742582709,0.505140176783845,0.525439192782063,0.525439192782063,0.567986056532714,0.538945426622398,0.751617483604163,0.506234058870628,0.263928805407093,0.57014086480386,0.159638170668547,0.385793207756167,0.153822859687585,0.349234238107133,0.200308686009421,0.820901055509898,0.3456352127173,0.663662077886971,0.400636348387748,0.228595900880732,0.343038261198127,0.560866653710791,0.34644670771028,0.335470061790125,0.520092446223334,0.249566688819235,0.380570067974695,0.421605140614199,0.31051827386026,0.999999999845562,0.844016708256834,0.699789431896035,0.200885863800327,0.999349782469776,0.335470061790125,0.321448295323649,0.459134225300205,0.300190519181558,0.189716389958813,0.387701400425481,0.173469027041527,0.35549322598561,0.50969652238921,0.844016708256834,0.6311704481696,0.144354218612812,0.475354148141933,0.260914911112403,0.436605407232686,0.146631136300812,0.0216012579464869,0.018649501780435,0.0173042810885186,0.0197029935935985,0.0232960735716523,0.150728773439611,0.0787848001543041,0.107939477426769,0.0569634062214385,0.0492599277439914,0.169320714935946,0.0392337678598292,0.099198675924015,0.114711694473096,0.0458214571031619,0.144427985141275,0.040757696819932,0.0549044152433655,0.0367845014179091,0.108821071854473,0.0180393893430879,0.0150895540235299,0.0145711953808385,0.0462283536700169,0.153488045240774,0.347227546479283,0.189266973535608,0.0978834431996658,0.077996112729804,0.066892755726268,0.0384051042105491,0.0985833599895991,0.197828962511533,0.0283179653664805,0.050226960525686,0.0571597258472942,0.0755039798088219,0.055182004698952,0.193286939308215,0.0863128506285834,0.0559193881355741,0.0565247761993596,0.158963435486303,0.078373236446363,0.0650726357720629,0.0706744254286899,0.124295814076929,0.147397635662126,0.0709099687749788,0.036722059034713,0.197181337200187,0.0595128352749665,0.0668478288811598,0.0369497288543384,0.0557437103352089,0.0521329715471472,0.0822144138038227,0.0929980255798723,0.0666419967715798,0.0501901212869369,0.113937773553502,0.0711526701843604,0.0552304320106641,0.137818112697017,0.0393178962380006,0.0658990056897183,0.0457569151132667,0.155936617295946,0.050829108156039,0.065191416010861,0.0415578797666276,0.129092508216904,0.0155556147784515,0.0552648728553863,0.113623709425643,0.160005768514573,0.0573765438018646,0.10963474088991,0.0454948830356661,0.0526774110680421,0.0215788233311086,0.0959383499296064,0.118554817964985,0.0770715320987965,0.0489466550243733,0.485588052801123,0.323329616293039,0.0565430069278008,0.0759071029229267,0.0759071029229267,0.0696431377602406,0.11055618386838,0.178062845353164,0.0771832918029302,0.165442063470751,0.132660134621217,0.0275354185584644,0.0806349960156826,0.0124673191253976,0.013598667859788,0.0841899168701292,0.0820494591140611,0.0821190632820017,0.0103054275367608,0.0355204838101755,0.0185860224788617,0.0642952156950205,0.0183019658302111,0.0135280752185783,0.0149643927391978,0.0700436938680184,0.102368100272206,0.110792027603535,0.061257256794509,0.364639949305861,0.0112732660968933,0.0510378719967245,0.0674068514731272,0.0499424830552604,0.043368969755938,0.0182942886421561,0.0313257738673446,0.0366995926829368,0.0618973162115669,0.0483936288996911,0.0573314401491562,0.0179081048964106,0.0292313065673779,0.0308717594086136,0.0509318300051904,0.227104566349382,0.0522064917906861,0.0525102930888465,0.338261726435794,0.138908326979658,0.350602349679716,0.148815570042306
"Hanunoo",0.240387130244072,0.0539177181730421,0.271437977633021,0.453237307372293,0.19659265861083,0.357685374137027,0.225635473145885,0.532647665161224,0.611778080219817,0.659122408240004,0.541218449415865,0.405189476251737,0.576320375368461,0.599479761726447,0.599479761726447,0.347821717975926,0.617441624163772,0.458096839326554,0.574758808151588,0.29965468142308,0.333185604085265,0.181236399689827,0.320386734045401,0.182696129764369,0.413819392225441,0.228577026602895,0.972713264606733,0.394412597801367,0.772870200031627,0.459128314768122,0.271671300029849,0.407449591091325,0.642751868522326,0.411476374809951,0.398439361121731,0.324583393883318,0.155751546569185,0.231303320755892,0.257345491089406,0.369030690475604,0.844016708256834,0.999999999783991,0.816428882078253,0.2387397305295,0.845006378018147,0.398439361121731,0.380161963685117,0.543987672202559,0.356756828481454,0.216390760249255,0.451499142239123,0.206029974600569,0.421192166503306,0.60536894308769,0.999999999783991,0.74789508802113,0.171562029845102,0.29015359375468,0.298945461546016,0.266501572473286,0.16803893799146,0.0246451295322123,0.0212691781169175,0.0196748565565208,0.0225709637700226,0.0266916729156812,0.0696073385862185,0.0898865061364063,0.0540156098275392,0.064354525992365,0.0556035052182267,0.197296703256448,0.0443244303843844,0.0496414944917448,0.133670649357961,0.0513125584901344,0.0880946662818822,0.0465009361977119,0.0620027986635902,0.0435033207384284,0.123801728534139,0.0216826280925147,0.0180231293493041,0.0161365033397912,0.0554419200095662,0.178692222726089,0.293600395528037,0.0961821143671774,0.111358390948511,0.0893830827969607,0.0750388655548591,0.0433601395311306,0.115015029837814,0.1083003740233,0.0319307865054792,0.0573045306540843,0.0655049116419203,0.0377832784039557,0.065261193080644,0.110688134836969,0.0236821957433383,0.0636174298949536,0.0647646519288319,0.128521396370286,0.0478385984395364,0.0745585721737685,0.0809598471120274,0.141406773247319,0.17432033528065,0.0838619254377091,0.0417067777910934,0.229549260713278,0.0344568808109422,0.0407831440846332,0.0438920517868083,0.0633056703375982,0.0592283818222289,0.0934039734842888,0.104669452358151,0.0756823730047076,0.0565619956398932,0.0552487468566785,0.00992401917552895,0.0627227628093861,0.16055434096858,0.0443094899666175,0.0748624246376188,0.0519641079937163,0.181709013961825,0.0575177973356783,0.0746912053922757,0.0469261155799049,0.0625717004336842,0.0189139338216469,0.0628542150624007,0.132376934232111,0.0862908761028823,0.0646676942499083,0.127569487871622,0.0517425448539127,0.0596140402019143,0.0229148252311544,0.0587504592925179,0.0726002689423657,0.0883237948641964,0.0556809381592855,0.397895853810917,0.377000179207998,0.067350899549435,0.0863567174055983,0.0863567174055983,0.0348511651724747,0.0293157226443044,0.102711771932231,0.091281093110314,0.193017603259577,0.157342586193093,0.032981079211214,0.0965821233152284,0.0151921271093003,0.0160825126538424,0.100206973123925,0.0973154002116235,0.0973979547772798,0.0125538860738557,0.0422782240304368,0.0222617672688265,0.0366977130431285,0.0218446879741214,0.014625200920832,0.0164933075009547,0.0280625647572292,0.108890019698881,0.124361178490768,0.0652084996617557,0.0595970424293085,0.0135009907424195,0.020130557217498,0.0417472058369678,0.0194898040369101,0.0175676416467094,0.0217826854441428,0.035730838594997,0.0367844917019688,0.0672145939334894,0.0576126843943651,0.0320557788838564,0.021179083611268,0.0348887432603727,0.0341666658088274,0.0602347089424907,0.268586018844431,0.0598056751714592,0.0600856254226892,0.394614565288723,0.0368337423039056,0.262021579139451,0.176468646117703
"Buhid",0.310200374612958,0.102870071181544,0.233189820830745,0.370036028246047,0.18655865717614,0.292024670198076,0.207580051195259,0.490025030484951,0.499473294234303,0.563671656824227,0.479594247627999,0.344587704989692,0.530203036607424,0.509719981524755,0.509719981524755,0.31546015589577,0.560545230713697,0.415883847859245,0.529057361806883,0.254837119450962,0.272022350325476,0.154139035732623,0.265870136073518,0.149158397012376,0.337854103842361,0.193408553737917,0.79415120337799,0.333728945781062,0.640800582401978,0.388429595057301,0.221800295821615,0.332653614229306,0.543777937422107,0.335941196759749,0.325297402245961,0.264999257464024,0.127160061071699,0.195761878562168,0.23355883041095,0.301287314142477,0.699789431896035,0.816428882078253,0.999999999856018,0.194914011343167,0.700590463165777,0.325297402245961,0.310375207079543,0.444127247168596,0.291266578713272,0.199247916164487,0.374346058737017,0.168208821870628,0.343873449704799,0.494240689564851,0.816428882078253,0.610603150751729,0.152119873092497,0.49776470660911,0.53118900140613,0.473540235140949,0.152404484351756,0.0470145169217146,0.0195914397637009,0.0182993887480937,0.020496125956717,0.0242245390870215,0.168138763408386,0.171472852609257,0.119539909365588,0.142420574885027,0.124552717477179,0.249096996648185,0.0980927255610147,0.109859719648792,0.168592347103159,0.127743275592407,0.151246077073948,0.0887079554153073,0.138014673684851,0.116667347221377,0.114932236540517,0.0177023238173465,0.014714603348856,0.045868958668219,0.201561575350652,0.2303261635233,0.359615395687993,0.201102726048805,0.222265080674499,0.081067637602232,0.161617152524599,0.0412303322760258,0.140875748448879,0.100635720022412,0.07258481853045,0.109317535645951,0.115973146621281,0.0836186819428969,0.127879876098207,0.211155278432251,0.0996477486669018,0.126976809447316,0.115050658950562,0.165860175018661,0.0850032551146779,0.132448991904397,0.14434733947361,0.131276008047363,0.213162303287149,0.141887034443841,0.0389263877156065,0.19773547975298,0.0626285912224213,0.037017367645789,0.0778572058774366,0.12483237065449,0.116115820082095,0.190408327506796,0.100498263087721,0.0706538782701018,0.129558832578946,0.0528351941897265,0.0131564551337424,0.128628615990687,0.19911701087679,0.101493692492429,0.0698181602089164,0.0485115042622098,0.156022578293219,0.0534429824497425,0.132791193927334,0.0403675679565381,0.0598443175307764,0.0154418818486064,0.0584058849866406,0.113738532096721,0.0804576128765763,0.0618221025006536,0.110067978791767,0.0480806119470203,0.119357947866444,0.0260825588580957,0.0532842778039303,0.0658454920277141,0.0801060907255485,0.0517031907172241,0.33686435951915,0.323039991471132,0.0618672931892848,0.17236314746825,0.17236314746825,0.077127799524868,0.0337949921989168,0.0943437958869723,0.0745245208168829,0.165065776650003,0.128459031772846,0.0269267056351385,0.0788524349829952,0.0188175735811124,0.0131302278294397,0.0818118670595788,0.0794511034182686,0.0795185033500305,0.010249355174905,0.0345171631877135,0.0181751497676908,0.0299610728400357,0.017834634185283,0.01582879386509,0.0168743998521368,0.022911088377163,0.098841775746286,0.120402912380053,0.0713188117984021,0.0847858756026028,0.0110225987807668,0.0177132890905741,0.0340836245975111,0.0197417749895303,0.0143427300329538,0.017784013529017,0.0328983603415078,0.0487641088661589,0.0718252361953704,0.0524790712019748,0.0261712637230068,0.0172912155593172,0.028484177662402,0.0345287114906411,0.0491773560935522,0.351240570165904,0.050618322426994,0.0547611539514471,0.337548608075837,0.0341211994463714,0.218770811992574,0.144074099498627
"Kalamianen",0.0643761061215559,0.0289265411395062,0.0538853216742391,0.10766138000951,0.125401915500919,0.280354180598823,0.171613211886062,0.405119706371231,0.39023910490312,0.157358706158969,0.411638450051359,0.308420935991276,0.367621454071617,0.382394291634323,0.382394291634323,0.533086491142992,0.34384137349023,0.255105325356499,0.366625366417289,0.784878774724503,0.497927221136243,0.137985921211973,0.0806024512725112,0.101884349187315,0.42717853055295,0.375825164038808,0.245436902283925,0.648491151867597,0.507126315184312,0.256042586158302,0.476259321162581,0.628967211172633,0.358444132906885,0.630646349844689,0.653406723791324,0.629091196693651,0.418506448711629,0.356795416788224,0.143375103716412,0.646937332424647,0.200885863800327,0.2387397305295,0.194914011343167,0.999999999912109,0.201736595024892,0.653406723791324,0.0903031612170687,0.12975240916699,0.669194564538781,0.381209677959137,0.296255563091277,0.136998245200866,0.100555304349304,0.402536005107768,0.2387397305295,0.518631100984385,0.130648529704992,0.161653508761361,0.459978440768247,0.148476238819098,0.615356060979411,0.0157205588082466,0.0115943917832104,0.0105689064819872,0.0296757197377583,0.0490836798113999,0.0475588524416827,0.0573365258217661,0.0344553097095774,0.0511565338754178,0.0354681914977974,0.0398327582505121,0.0282735302159262,0.0394608888096635,0.0738299898371446,0.100119664271104,0.115583702141964,0.0296618729953321,0.0395501529583821,0.149948136455955,0.0831131425388947,0.111529588553589,0.0126256558430491,0.0139693609777486,0.0353651200265607,0.0385643090019385,0.192638988344049,0.214982430024268,0.0747594232274982,0.0594349233326724,0.144067815535056,0.0345664051681983,0.0274586572343527,0.244540922938278,0.109648009465525,0.156575423987341,0.156476727742633,0.0714579220461286,0.199821855428798,0.0841868792692537,0.0804269068304924,0.0427089716868332,0.0430758303485585,0.0753849369282068,0.0318186760569924,0.049589896808571,0.0538624170640192,0.0949321260702389,0.0347039998971433,0.0557949494235546,0.0280615248536866,0.0614737051554471,0.0262648418019882,0.0671987173024569,0.0292280953375865,0.0425981062378689,0.113807664451335,0.0628187863115769,0.0712637408965453,0.0509263348512913,0.0454550187705958,0.0443996502777219,0.01522658353554,0.0422058703341721,0.031386756730186,0.0356085154944678,0.266362234675233,0.0349664189805098,0.0369162920664962,0.0386277677634647,0.0496811368807936,0.037386592593406,0.245930465143747,0.103106048386269,0.0422129533863411,0.0261273034455346,0.165808397438017,0.149145482408112,0.0274516313924222,0.0347503446162666,0.0400318779803772,0.0168215514555881,0.039065722563949,0.0482750602928293,0.0587303130482574,0.0373842857293107,0.0858715529034517,0.0834646638534884,0.0460171521931762,0.162070718563243,0.162070718563243,0.0277037983612984,0.0216479548409451,0.0562265222865205,0.0613845293914708,0.0460809705966865,0.100789819904168,0.126955028362989,0.092351489373305,0.0209809734986499,0.0224451577189852,0.0800494231238327,0.013154375994815,0.00611418741115199,0.0172430793461583,0.0812809278283688,0.0212866241981969,0.0198830843053359,0.0503881533699147,0.0414933772163226,0.0397371617647235,0.0586289063622153,0.0694584281314588,0.062608415774777,0.0415949955719411,0.0380155766333642,0.0086119701119376,0.00937596425486478,0.0232267664233537,0.00903912614890954,0.00818394517655593,0.0148294588512204,0.0227918765315382,0.0290644390014864,0.0479420590626197,0.0295872739919367,0.0471543526494934,0.0095822392526836,0.0892087651365566,0.0159166566275756,0.0269266998023079,0.2234158354101,0.0923201533267441,0.0947181983187347,0.093385096911118,0.012518787813364,0.0143389064512636,0.00922461459797231
"Batak",0.206785937996226,0.0973497404331412,0.233283780914401,0.530873495446467,0.17493510440518,0.302246422528383,0.39468271937873,0.468747308778125,0.516956379840093,0.780020630944972,0.457333041763115,0.710550429743026,0.507180717420869,0.527561732374905,0.527561732374905,0.568866706081848,0.540835753489558,0.752791248949056,0.505904896689327,0.263757194311819,0.571139724141924,0.159534371156117,0.385542358308962,0.154379394920507,0.349680025847038,0.20017844182123,0.821948912753863,0.345410474696276,0.663230553272207,0.402025813196083,0.229563981297185,0.344297503267006,0.562811820395361,0.347700161192848,0.336683801473284,0.52092072566225,0.249964139231142,0.380322614703742,0.422262055556003,0.311833287203539,0.999349782469776,0.845006378018147,0.700590463165777,0.201736595024892,0.999999999845762,0.336683801473284,0.321239284056563,0.459673052666688,0.301461795533,0.190489377268223,0.387449310238251,0.17409664263498,0.355910067136558,0.511540618080791,0.845006378018147,0.631976119598376,0.144971009473554,0.476094810938668,0.261826814114606,0.437285694515869,0.147139674291715,0.0216885173779765,0.0187257652442254,0.017381800285599,0.019772294971197,0.0233774938298449,0.151050056976482,0.0791030555488999,0.108153467527567,0.057264934524008,0.0495260715954884,0.169542174831446,0.0394414466524241,0.0993953373788047,0.114861085360394,0.0461150515595733,0.144653267117638,0.040922339706108,0.0551979182887644,0.0367605834959212,0.109300378332482,0.018321959033832,0.0152296592548376,0.0146848781011766,0.0468487760268698,0.153706308326903,0.347453466760729,0.189143908860722,0.0983145744834875,0.0782666459108055,0.0668492608941693,0.0386115543892418,0.0986962058692635,0.198185262885933,0.0284747717040289,0.0504298550067293,0.057357964044692,0.0756536695908367,0.0551461244006563,0.193616249479175,0.0865592584728577,0.0561656871705206,0.0567222289354615,0.159089597332684,0.0784953520116103,0.0652999479498811,0.0709232285271975,0.124843279635404,0.147301795158243,0.0708638618811524,0.0368917299699745,0.19746298042129,0.0594741389953772,0.0669520651363583,0.0370890637110575,0.0560018074862183,0.0523717365172467,0.0825909494485618,0.093534706585137,0.0669505537262731,0.0504715700572831,0.11417048014993,0.0714044369750964,0.0554861526482974,0.138002273307195,0.0395383773459364,0.0662014447707598,0.0459687727265954,0.156139696064219,0.0507960581867111,0.0654195320932448,0.041780555707071,0.129356265722145,0.015982394715774,0.0555103784506859,0.113774594850915,0.160298977139114,0.0576975134274327,0.109798318053382,0.0456969869719581,0.0526431593000447,0.0218575195334349,0.0960871001737964,0.118738634531928,0.0773388273205195,0.0491626771857082,0.485980550757157,0.323724592252375,0.0569119396954227,0.0762414385946656,0.0762414385946656,0.0697812053368532,0.110875731611896,0.178363354672869,0.0771331058854666,0.165631440817881,0.132955488892406,0.0278692222926978,0.081612510220629,0.01283744430547,0.0135898257696557,0.0846755314280609,0.0822321338736425,0.08230189300817,0.010608113803329,0.0357253689636973,0.0188113353316448,0.0644113746876278,0.018458900667386,0.0136736310264502,0.0150899776400583,0.0699981502411883,0.102301538754672,0.111469084980147,0.0612174262617394,0.365837033754601,0.0114084232890262,0.0511599320581272,0.0675154883216758,0.0499100095849785,0.0434761759809586,0.0184065081340732,0.0314533390367469,0.0374193217310975,0.0625298878883719,0.0486830857772111,0.0574376971148183,0.0178964607354362,0.0294812105816063,0.0311150312413716,0.0508987132443323,0.226956899014185,0.0523901177855635,0.0527026357150651,0.338652063364618,0.139309822770203,0.350963340290271,0.149117131518197
"Tagbanwa",0.0939298208011367,0.0501819078218311,0.0935921550241074,0.179861629612121,0.182971294172194,0.142515931983159,0.250397223603395,0.591101632457436,0.569389660207007,0.262620311295552,0.600612994086957,0.450010492911697,0.536388722170382,0.557943458365795,0.557943458365795,0.81851967078134,0.574660792771482,0.426356569673381,0.534935351649705,0.768861266939324,0.310100090257724,0.201332351911382,0.117605339313857,0.170037617575987,0.418704379914333,0.575222425858424,0.358111815661734,0.992553690410429,0.778728167646012,0.427316577019408,0.694899946354917,0.965982830955582,0.598217359934044,0.968316495026343,0.999999999812888,0.35289723711908,0.169337962128535,0.547960835580117,0.239514730034615,0.943932638403979,0.335470061790125,0.398439361121731,0.325297402245961,0.653406723791324,0.336683801473284,0.999999999812888,0.150862581682202,0.216587325447896,0.976407697086456,0.556215013534087,0.454921278778165,0.224002244631438,0.167819537765852,0.65817608504099,0.398439361121731,0.756723718017353,0.190626518475785,0.270049649529946,0.706365088739203,0.248036411730191,0.421742815482845,0.0229375363117496,0.019795495281944,0.0183116398760959,0.021007083788677,0.024842280334722,0.0830460714200764,0.0836585174263611,0.0502730168329315,0.0746414213166307,0.0517508913206995,0.0689160527242619,0.0412533125505337,0.0575765518897976,0.0469175655172303,0.047757252485949,0.0819908292255195,0.0432790142641444,0.0577067953292958,0.0551985601094043,0.139181166007687,0.0201802984462752,0.0233037852012222,0.0203824004341802,0.0516005019067629,0.0562683711725052,0.295784650228366,0.313676336518025,0.125192037950192,0.0971814989909696,0.0874273107802706,0.0504351138772523,0.0458265150172675,0.121917133953828,0.106710249599748,0.156836759217948,0.164403716150143,0.0438231494896742,0.197159439004964,0.122835302722849,0.0352176226395382,0.0715203913225436,0.0704778323440685,0.0402069202384591,0.0520620602786926,0.0811357182194398,0.088188114874227,0.158973221254616,0.0602369289308636,0.0913596233198226,0.0472467738568473,0.0896949886707141,0.038322477585109,0.102858064698715,0.0479658350339061,0.0717391093263729,0.174933480505977,0.105660053083253,0.123425287125046,0.0857646084799846,0.0663224606905036,0.0647825947466571,0.0222167873933528,0.07107854816857,0.0547110034527689,0.0519556351093919,0.22139595011655,0.0588866495611961,0.0637787323438645,0.0647424085675634,0.0812975384530403,0.0545499899614738,0.0733797158296788,0.0176034393840952,0.0707569648435524,0.0454411658821034,0.254863679002964,0.217615032656394,0.0477023021412893,0.0582482085490644,0.0670806535205077,0.0340764714804241,0.0638753403726714,0.0789332874276598,0.0960283975291556,0.0626176637387692,0.125293374545112,0.141489884530901,0.0803539932396644,0.248968687316976,0.248968687316976,0.0404220287990136,0.0443328877591354,0.0955951558407344,0.103220942471549,0.076905810543677,0.0310322847766535,0.185237408448719,0.134748113390998,0.0306128966117419,0.032749256974606,0.116798427587777,0.0191932730075426,0.00892108209828998,0.0251590139669862,0.0492783080258994,0.0310588651111975,0.0341550294708405,0.0276845237588761,0.0136118609865662,0.0212440017987563,0.0261181868522615,0.101345329818313,0.115744534582119,0.0606903821252078,0.0554677273262505,0.0125655442384347,0.0187357662920308,0.0388546568013942,0.0181394091364552,0.0163504280899255,0.0256790807741864,0.0332551470931065,0.0666219728372919,0.0918612142561755,0.0536208599994857,0.0298347221583531,0.0197116431767355,0.138919562146462,0.0317993515359008,0.0560612116806184,0.0599691019038815,0.141787491438853,0.145576713436193,0.156129684128217,0.0342816336384998,0.0401007053327044,0.0264306439006017
"Tagalog",0.0913418912049485,0.377511563909847,0.103366531794792,0.772037652484284,0.0741928845922979,0.135978374231078,0.0853464836476782,0.201473662876794,0.231404695364232,0.250573269068094,0.204715556929442,0.154011871712377,0.217992839568118,0.226752863699983,0.226752863699983,0.131697034626372,0.233767967959761,0.17343885326457,0.21846490350848,0.113898265025335,0.126027256775407,0.363344908308268,0.122012779497935,0.0691749171571488,0.157291460457635,0.0869166162478563,0.369725278425892,0.149975738671936,0.294351765639038,0.173841466605173,0.102759507814319,0.154260741913528,0.243367537787282,0.155798834810273,0.150862581682202,0.122898221283713,0.0589727891052011,0.087951641088294,0.0974350510691355,0.139585639406162,0.321448295323649,0.380161963685117,0.310375207079543,0.0903031612170687,0.321239284056563,0.150862581682202,0.999999999968594,0.535681173762092,0.134943058399019,0.0818445755230893,0.171955872656806,0.0780098978745156,0.160121241128887,0.229213101268959,0.380161963685117,0.284272590602518,0.064889191627921,0.109856714823304,0.113185454268883,0.100901687510014,0.0636252099575041,0.00932200560106508,0.00804433884013811,0.00743613121785348,0.00854538498153297,0.0101058872353354,0.0262299145486325,0.0339995175350192,0.0203851656220255,0.0242870102749198,0.0209802299271539,0.0749838659895805,0.0167277729043233,0.242490775745637,0.154763303160472,0.296395351645479,0.0334036286655731,0.106309281316413,0.0233972456270345,0.305894168037966,0.0467973161039049,0.00804887884301122,0.135205271797897,0.00606136693934252,0.0206566466042934,0.0678998990943206,0.111615702916238,0.473671043892399,0.0420937080904943,0.0338434260003999,0.187094984471582,0.123776726415852,0.195327107262092,0.0409349883509024,0.0120451084827562,0.0216754046689751,0.0248023690589102,0.0142591761525025,0.290834933522429,0.0418677212308714,0.00880520562031475,0.0240475235014352,0.0245209946814344,0.186729839524503,0.122094022124985,0.0282291388478852,0.0306512942981141,0.0534520603652815,0.496205197495615,0.477348794578629,0.0157591228260655,0.0872237360499477,0.0131161440369732,0.0154641423261795,0.0166148281138583,0.0239660255329552,0.0223813863037116,0.0352957543084098,0.0394670530925778,0.0286515516566181,0.0213830330174895,0.0208865646419536,0.00360911921505087,0.0237453505660789,0.168584737180411,0.0167510229478263,0.0283427757746719,0.0196723789879735,0.0690603264593439,0.141360909547152,0.0283213924928261,0.0177466142283522,0.0236548359739092,0.0068871277888255,0.0237574115929226,0.0503089794288807,0.0326078372082148,0.0243917671959865,0.0484683628366714,0.019557462196194,0.022653346592079,0.00851989190953615,0.0222449055685455,0.027488910662637,0.0334423679386961,0.0210859658698072,0.151193420242687,0.143302383269051,0.0253796277207888,0.0326430224352851,0.0326430224352851,0.0131526197042587,0.0108871958361412,0.038855063223301,0.394031946335139,0.0733779510888923,0.0597119022319107,0.0123143573356727,0.0360614875939961,0.00557079617947244,0.195506534197163,0.0378077140618687,0.0369314360696414,0.0369627657323384,0.00455681622986071,0.0159514149096813,0.00831201900076024,0.0139003180116128,0.074514598098762,0.00546190238559747,0.00618837811273533,0.19820878399365,0.0411674279518164,0.0469798768621,0.0246545688137542,0.0216582739129999,0.00504205678561575,0.00756046284839899,0.01580508640288,0.00740778556864691,0.00659796082961147,0.00821357766637117,0.0135143799207835,0.0134732226093112,0.0251290272691973,0.0217294255475776,0.0121163287475677,0.158815152299697,0.0131033274732182,0.0128321334884355,0.464186176153236,0.357161724533208,0.0226424765745007,0.0227425948396082,0.150015083283236,0.0136792181693664,0.0994724448819674,0.0669923559138876
"Naga",0.130756122550601,0.235237135734014,0.276452370917934,0.638650669978158,0.106802089232704,0.19457643408743,0.122630389877623,0.289488128531852,0.332494635961135,0.358554464620444,0.294146255200873,0.220214430673149,0.313223764627988,0.325810635564189,0.325810635564189,0.189072122332828,0.335630346744,0.249013339889491,0.312372830824748,0.162857845363411,0.18108269928517,0.518815413466631,0.32053043167193,0.0993116392968368,0.413641760226137,0.35539944420113,0.529127517255311,0.2143972467058,0.420431440604449,0.249577183977147,0.147650353807996,0.221481690495741,0.349392960940868,0.223674105024284,0.216587325447896,0.176440020802355,0.0846648554222647,0.125732199044252,0.139889016504383,0.200564108207753,0.459134225300205,0.543987672202559,0.444127247168596,0.12975240916699,0.459673052666688,0.216587325447896,0.535681173762092,0.999999999936008,0.193893399649122,0.11760466033297,0.245609721774088,0.111995664869133,0.229123346242524,0.329072007167392,0.543987672202559,0.40683301593795,0.0932410155705699,0.157722992130301,0.162502115065211,0.415026873454705,0.0913441484452833,0.0417798670360317,0.0363260520687536,0.0106915363975579,0.0122691378780507,0.0145091793022119,0.0378050006162905,0.0488523242297302,0.108970079945575,0.0349616200107706,0.113754216659624,0.107321541244745,0.0894192759821467,0.173332451592338,0.135470088422534,0.209103549472391,0.047886801989538,0.0252727457071625,0.0336834234403969,0.212954240594775,0.22140404576287,0.0942067374310757,0.135805429541482,0.0432674672608964,0.0300501359351418,0.0971979994345305,0.286278961424632,0.481192925200125,0.199150678891836,0.138600824034145,0.380303130678513,0.0235554446376442,0.161733431794637,0.19472970921077,0.0664416845214914,0.0971459966636051,0.101567774094612,0.0762253174670666,0.209516520712006,0.18764500912909,0.0128312286314317,0.11377188772977,0.0352050805483944,0.134219827580056,0.0744997628177263,0.116077063823034,0.126598632572756,0.252888486017808,0.260113890405208,0.302508111995923,0.0768948509576208,0.124860974190727,0.0589826076831266,0.0221690548287126,0.0238581536381825,0.116873745679683,0.108584046222721,0.171238535686272,0.0568543315073045,0.0411246251919327,0.0307250022685006,0.115974041011092,0.00534371839052369,0.115797592692991,0.317529206596959,0.0930111703687973,0.137428790709177,0.0959351652027557,0.18415513283538,0.0312562260065766,0.116395976946734,0.0254928118385806,0.131413356018487,0.0102098783355493,0.0341560983297463,0.134986332329097,0.158198015734283,0.135516949785002,0.135197206638917,0.0930357886935518,0.107004348835466,0.0124154603220339,0.091094747367756,0.112569386483065,0.0480118591893744,0.0997050137840953,0.216431808752886,0.205078562059854,0.150255532817734,0.154438284817037,0.154438284817037,0.0703080881090096,0.0158802406089008,0.0558238610790196,0.402206169866564,0.104999196705634,0.0855653702713199,0.0178829452351102,0.0523685962776071,0.00819552543092654,0.00867432832074873,0.0544364785204448,0.0529216434888957,0.052966537958657,0.00677291629091196,0.0229672403279083,0.0120707379632053,0.0642049660026622,0.153817902610999,0.00793036399147463,0.00895083931538146,0.137949773602289,0.0590331941576389,0.0675428005200085,0.0353529089679635,0.0321597576312516,0.00732077264527209,0.0109266788795031,0.065413614555699,0.0106080268669591,0.00953556677429421,0.0466087351568399,0.060869946247211,0.0198771060107054,0.0364535060861659,0.0312955511925186,0.0576379588412019,0.110147445886612,0.018937313711408,0.0185453761995857,0.321448154942505,0.146081117635634,0.0934724676145546,0.0326598489997258,0.214664842197859,0.0199527297148061,0.14250047452255,0.0959721760432661
"Mansakan",0.0961993858336948,0.043225905690567,0.0805226529345824,0.160882029976197,0.187392310284433,0.127606699698063,0.25644740849734,0.605384035893908,0.583147451410305,0.235146419994745,0.61512521435445,0.460883803114096,0.549349133219795,0.571424682455294,0.571424682455294,0.79660911682821,0.51381375706173,0.3812124885982,0.547860645854595,0.787438760553832,0.317592836601225,0.206197014293402,0.120446960467491,0.152249218044968,0.428821260916516,0.561608213651205,0.366764638029692,0.969062192231801,0.757815950642816,0.382613069014448,0.71169036079175,0.939886909395689,0.535635152790275,0.942396102925948,0.976407697086456,0.322521363725205,0.154762080094772,0.533171420742181,0.214250251405565,0.966740267446898,0.300190519181558,0.356756828481454,0.291266578713272,0.669194564538781,0.301461795533,0.976407697086456,0.134943058399019,0.193893399649122,0.999999999803737,0.569654474340624,0.442704676251255,0.204721096730371,0.150263181534531,0.601523123986463,0.356756828481454,0.775007939949116,0.195232502783054,0.241564288323278,0.687361292306421,0.221873049575038,0.411792931306491,0.0234917610500112,0.0173258905496839,0.0157934732895535,0.0187761028503814,0.0222218683854914,0.0710687966620468,0.0856799036507639,0.0514877309685946,0.0764449333254673,0.0530013143742673,0.0595234336252404,0.0422500894510514,0.0589677365822921,0.0405812345188497,0.0489111798475711,0.0733264695997023,0.0443247368747366,0.059101127009108,0.0452685007895658,0.124198771075251,0.0108526431493641,0.0188669432035941,0.0208748870897743,0.0528472911988932,0.0576279471470446,0.287866935153106,0.321255493369625,0.11171552666087,0.0888156097994974,0.0895397599018149,0.0516537446581442,0.0410323972811347,0.108689823281456,0.109288619802626,0.160626303598147,0.160525053909259,0.0448820196850297,0.201923274012793,0.125803292073246,0.0259787984563468,0.0638214563355353,0.0643696656026231,0.041178413843623,0.0475477204069933,0.0741038547371408,0.0804884258038839,0.14186027664549,0.0518593571005031,0.0833762740645188,0.0419332826905147,0.0918622302149545,0.0392484386308095,0.100417308887597,0.0436765282958937,0.0636557863572581,0.170066630044211,0.0938722303362194,0.10649181069547,0.076100939162452,0.0679249670763869,0.0663478943554904,0.022753597145299,0.0630696550220381,0.0469022887944636,0.053211005253674,0.215229603678757,0.052251498784427,0.0551652598771379,0.0577227757140766,0.0742401978532425,0.0558680458109366,0.0751527420712651,0.0180287798152607,0.0630802394657296,0.0390429104274784,0.247773078562886,0.222873122839769,0.0410218983285547,0.0519286115769582,0.0598209849511227,0.0251370114829824,0.0583772263383186,0.0721390502016454,0.087762686895397,0.055864598586147,0.128320756682572,0.124724061226969,0.0687649820019406,0.242187739003686,0.242187739003686,0.0413987199321154,0.032349268785001,0.0840211879438257,0.0917289718642232,0.0688603479942909,0.031782097645551,0.189713179203476,0.138003944220041,0.031352576077786,0.0335405559235244,0.119620551859347,0.0196570275522426,0.00913663638989507,0.0257669148217628,0.0504689876610603,0.0318093202234069,0.0297119632408987,0.0227225785714925,0.0139407555108057,0.0172443765561978,0.0194488501694196,0.103794070961253,0.0935578665490631,0.0621568042678653,0.0568079578652262,0.0128691572931225,0.0140108194991556,0.0347085401629863,0.0135074709608429,0.0122295452012114,0.022160160340531,0.0340586695352255,0.0434319711140271,0.0716414352348145,0.0442132610685838,0.025768526111422,0.0143190631829992,0.133307665439964,0.0237847966327543,0.0402374753547432,0.0431018863083924,0.137957117714126,0.141540597196312,0.139548498814679,0.0187072467034686,0.0214271113497298,0.0137846526039192
"Kalagan",0.0543480183815602,0.0261551836346927,0.0569827969579367,0.0975768713781259,0.865524823846234,0.467669063053559,0.804910976673608,0.347318271327409,0.35370793291224,0.160857570353187,0.339836403543888,0.244090291962119,0.375795501600961,0.3610750467758,0.3610750467758,0.508024490350312,0.351909124808427,0.261091010859177,0.374972356335205,0.487233741445819,0.19263585129899,0.109183948839249,0.0761208667841297,0.0923467230573451,0.261377503261833,0.324730637943937,0.222460994492477,0.560326890261654,0.468904401782852,0.241767701023975,0.433793439266463,0.572876913786024,0.338460157191564,0.574414477375338,0.556215013534087,0.16406594285008,0.0787271463016032,0.926869649903232,0.80800473313549,0.589252866984683,0.189716389958813,0.216390760249255,0.199247916164487,0.381209677959137,0.190489377268223,0.556215013534087,0.0818445755230893,0.11760466033297,0.569654474340624,0.999999999926676,0.273926896369271,0.104141193524915,0.0911420931356127,0.305993554499017,0.216390760249255,0.472387119810178,0.612559241283905,0.153818217225057,0.439577579350851,0.15294815708307,0.245435783382554,0.0160701047701574,0.0120831837819257,0.0111529648403263,0.0128635580705111,0.0153186420020812,0.039090342633333,0.0586114010547253,0.0362711299654545,0.0432136447888748,0.0377562047472267,0.0419831548646151,0.029763566129217,0.0333339400246677,0.0285879218931786,0.0357094949360748,0.0466944724653543,0.165883109812802,0.041685292947284,0.0184612876717734,0.0702084669715022,0.00663343539106375,0.113604642479848,0.0114819235316337,0.0315961059741539,0.0405966765537103,0.183582449565822,0.181898078515436,0.0631517992959759,0.0509545795221064,0.0456537975290781,0.0291718921362272,0.0280691993195988,0.0614045137857547,0.0649828537978871,0.0957360839818724,0.0956757373978974,0.0253713482173509,0.11461959700968,0.0721753124224948,0.0127411232018531,0.0360777048786526,0.203017023467003,0.0292955679227224,0.0274550930432439,0.0424977924108462,0.0464592783079894,0.0801923598860654,0.0316978721232954,0.0426309608183322,0.023623301475788,0.0518977344088173,0.0199196231447397,0.059845872406268,0.0240421606105706,0.0322931050209129,0.0978215892851801,0.0529174213152911,0.0588971070615699,0.0428652121228343,0.0382599499323488,0.0373716355769767,0.00906546031289776,0.0355251087671079,0.0299794582308181,0.0299720483420896,0.372855024111893,0.0294315891993976,0.254796484249039,0.0326122120766108,0.0425719899454154,0.0285363784249653,0.0427063061103691,0.0105457606451575,0.0356372962702382,0.0276609519552182,0.14732551082234,0.132510169230586,0.0226377162666215,0.0293371637669636,0.0338024760827426,0.0123282745647024,0.0334919260047681,0.0413872991740293,0.0503508234266202,0.0315753092607274,0.0862360344493652,0.0864582959851619,0.0354396144194767,0.144052193002495,0.144052193002495,0.0234023302790965,0.0157128266113356,0.0583882213386344,0.0441788926803775,0.0471055790339946,0.00860768622343182,0.105987295587723,0.0551536961488581,0.013018368667883,0.0089271763356282,0.0583828637753698,0.00532379980518569,0.00532831608914084,0.00697856762647771,0.0246322557925767,0.0127126915983926,0.0181607729827838,0.12884211972937,0.0111283622705184,0.00913675418671689,0.011650225621506,0.0692260032864457,0.0706518369226142,0.050116204779472,0.058949438143399,0.00771141937656415,0.00930749178553909,0.021049429156994,0.0108242174856383,0.00732815286060365,0.0100263451786684,0.128232876077184,0.0188342980884332,0.0368107624838664,0.0309081993355275,0.0155947336567442,0.0085613199565316,0.0811896239899727,0.0189864769707952,0.389330333920127,0.0257493214726795,0.0853654607683123,0.0903394288572305,0.0956050482098924,0.0137903909765387,0.0159181977094054,0.290921497689979
"Mamanwa",0.110460500685652,0.256234857003283,0.124874254533798,0.205009506882318,0.0930872148121356,0.682400107406948,0.105794039848311,0.249743302916785,0.275374977935913,0.302218455473083,0.24361451216024,0.190910479220127,0.270220191505358,0.281078967431831,0.281078967431831,0.402829560752213,0.288304005670348,0.213900632202709,0.270805353883246,0.379309227909843,0.149974282067277,0.0853970027100461,0.147298915051671,0.0822861544361726,0.31626649959813,0.265857028935183,0.439133631835649,0.45873972108786,0.584184953896645,0.214316808990175,0.337120821023022,0.468670328217641,0.300030568819826,0.46980639184147,0.454921278778165,0.146192036536266,0.0701503410668792,0.270140165979659,0.120151551691527,0.457935488018014,0.387701400425481,0.451499142239123,0.374346058737017,0.296255563091277,0.387449310238251,0.454921278778165,0.171955872656806,0.245609721774088,0.442704676251255,0.273926896369271,0.999999999955806,0.793672313169887,0.190167901922137,0.272657567578696,0.451499142239123,0.571587910109584,0.0772209901080199,0.135469264960637,0.34764487648287,0.124426417286069,0.194614217797897,0.0115553985341048,0.00997638313792362,0.00925676943533685,0.0105399391022842,0.0124620248999887,0.0331730142600944,0.0421452198053275,0.294578271675691,0.350962344069534,0.0263511550234411,0.0905765926242038,0.0209877510254866,0.0235053968633761,0.0613639885904726,0.0245117760992724,0.343281685970299,0.202741721414084,0.0293706228127438,0.339377157918126,0.0582128530353739,0.00965000898049025,0.00807202112377993,0.00779472983292081,0.0247294417562227,0.0821070484595336,0.221517999462944,0.141647284052296,0.520721758895477,0.0417233185654067,0.0357836776630952,0.0205444648640051,0.0527362812081492,0.0509390228796441,0.214721269325107,0.295160811452829,0.298700315625537,0.206060929702549,0.0892470727700015,0.0518985103892812,0.29830737363625,0.0299135734269314,0.251938916439068,0.0590571854242688,0.0223352731325929,0.0348100208738127,0.0378066478364019,0.0664909271200704,0.0788490386670215,0.0379326496297088,0.202858546864696,0.105480381768472,0.0155856281655334,0.187272692318246,0.174404080005234,0.308446859967362,0.33844810643824,0.0439798607618926,0.0497484568330193,0.368750384978068,0.324162616310105,0.316636252421651,0.00432932580754048,0.0295450225483051,0.0737245590693188,0.253942245714176,0.428531277719373,0.253186892360925,0.0834168900440406,0.0271905739626952,0.290935567313817,0.0222310137737987,0.0297024011118615,0.00832133613036095,0.0295634463682163,0.0607819807808512,0.117053518750757,0.0996188153591348,0.0586481179621121,0.0243370782408017,0.0281793069713624,0.0115433973386345,0.0274241656545307,0.0338891274387042,0.0412287224777626,0.0261835726013605,0.179598202263555,0.172962268378302,0.0302471726876735,0.114420928754467,0.114420928754467,0.190063502663222,0.014836053646045,0.0481348174132852,0.0412885073259207,0.0885017429293168,0.0709653451182082,0.0823918004555884,0.0431349654317923,0.00666928016437436,0.00727448498808336,0.0450366383486152,0.0438916197346722,0.0439288538578976,0.00551279571532288,0.0190013631414656,0.00994242545692209,0.0165146505132,0.169611195454758,0.153347624860394,0.00800506722113109,0.0126933340855687,0.0547608939640097,0.0592671980760449,0.0327690182277447,0.0327310176558422,0.00603053224278062,0.00973051781049388,0.0188015940553421,0.00950910114995359,0.00787376141942789,0.00978636506642468,0.0167574408084977,0.0196321168219123,0.0331114122525006,0.0258877362531209,0.0144227227004977,0.00957977954719466,0.0673704052215919,0.0165145698598882,0.0272455240918233,0.121487543903611,0.0697840828715098,0.0716615174953793,0.180950066315258,0.0186407609131795,0.120889411351611,0.0796075499032088
"Tausug",0.128826820884197,0.272630033259957,0.0483957941977158,0.0930050858286526,0.0946130698121806,0.62792949018186,0.129478507022577,0.305654175289564,0.294427078959357,0.135798973052501,0.310572428320052,0.232697016088858,0.277362543950129,0.288508334715588,0.288508334715588,0.167394249195799,0.297152741663306,0.220465751611429,0.276611017066346,0.144213163877967,0.160350406995137,0.104107433642424,0.0608128298417991,0.0879251636428282,0.204597747384471,0.282839952572271,0.185176906411638,0.221874739873892,0.15884643078299,0.220962164135767,0.13074575550009,0.196091028426645,0.309333664053273,0.198028976525945,0.224002244631438,0.182480487354096,0.0875633771118314,0.111318079671933,0.123851252056711,0.177601374989033,0.173469027041527,0.206029974600569,0.168208821870628,0.136998245200866,0.17409664263498,0.224002244631438,0.0780098978745156,0.111995664869133,0.204721096730371,0.104141193524915,0.793672313169887,0.999999999949969,0.0867782113797515,0.340337866488343,0.206029974600569,0.142377927551464,0.0985715282926326,0.13964062756047,0.143871841518639,0.128257749091518,0.0944713373380804,0.030803705749361,0.0267639742251231,0.00946881022898995,0.0108626038522662,0.0309028363254451,0.0429424942756083,0.0432591854647036,0.36534694514966,0.442901535835242,0.0825150700745979,0.0356359686736164,0.0649355329062407,0.0297723987135472,0.0661421511293718,0.0851648819082684,0.423564493311526,0.250637181138644,0.0298397466093601,0.431850342606953,0.174825244636615,0.0654657059138119,0.0400829430291383,0.0335685824746953,0.0266822285496618,0.0885702611977296,0.14495209159539,0.153169074656455,0.655581402116118,0.11032148824511,0.120717019517282,0.0693528842279291,0.0567835377387009,0.0630424261787155,0.228554063000257,0.314172845729099,0.317938745385124,0.260041418362736,0.0384000053353244,0.148594947557889,0.379481706371104,0.0369826524291026,0.272330609848731,0.0207906937996563,0.0269208968856644,0.0419546651102687,0.0456014059831602,0.199686014234937,0.0311480595233573,0.104377589405016,0.219368326863217,0.123018655216451,0.0198162627822898,0.171715868307408,0.189335440613211,0.388589721035002,0.309264906525211,0.135039821760743,0.0638222807564471,0.398762521157307,0.350632319163953,0.342491385286024,0.0114881324202353,0.0367541786821344,0.0282906453295968,0.274678059925669,0.39157089104172,0.273793459301409,0.0329794992313147,0.0334778089045302,0.314484463541127,0.0282073864732355,0.0379440950434379,0.00910260512095239,0.036587890381443,0.0234972825610809,0.124755983003698,0.0391911237416745,0.0685833330085728,0.0301197072827256,0.0844766383793374,0.0176206851985487,0.0330294545107986,0.0408158048360601,0.0496555567367656,0.0323791194531439,0.0647882546069787,0.0731633471963027,0.117411383540041,0.0502016580994623,0.0502016580994623,0.23985313142068,0.0229242003415742,0.0494315307427467,0.131789414233081,0.0397674119020275,0.0874037262242239,0.0895589076504373,0.262265203867493,0.0865547394787677,0.0932736297721068,0.161436102748601,0.0540586550863541,0.048784422705988,0.0708614136747749,0.0681113450060006,0.0604510102953171,0.0176613069399938,0.184362303102573,0.19136047148782,0.0109851123601401,0.0135055165187162,0.0524049021390179,0.0598506218155369,0.0313825367350881,0.0286819415128316,0.00649754771408746,0.00968812278502028,0.0200914486226153,0.00937975101858574,0.0084546824748781,0.0132784580928564,0.0171959845810425,0.0344497173476416,0.0475007378429188,0.0277269404102138,0.015427308764511,0.0101927413277031,0.0167907139813564,0.016443203729381,0.0289888277738709,0.0310095681975795,0.0287823490450196,0.0289170791659348,0.0807334766396722,0.0177267729961592,0.0207357708771718,0.0881491608483778
"Cebuano",0.101249176199757,0.0227097205327365,0.114327549885201,0.19090000346048,0.0828032878134337,0.150654277679764,0.0950358937901236,0.224347024132514,0.257676135103122,0.27761719516562,0.227956971322982,0.170662633385549,0.242741627570259,0.252496179689985,0.252496179689985,0.146499782979393,0.260061575441878,0.192946800267891,0.242083907690958,0.126212204495624,0.140335166460773,0.0763353518462134,0.337462026883572,0.910419648193842,0.174297486377904,0.0962748530629708,0.409699207396149,0.166123496598486,0.325526874038295,0.193381249643721,0.114425823457137,0.171614576048928,0.270722052102416,0.173310625807725,0.167819537765852,0.136711982906109,0.0656013313446683,0.0974231468041008,0.108391904949867,0.155432836060934,0.35549322598561,0.421192166503306,0.343873449704799,0.100555304349304,0.355910067136558,0.167819537765852,0.160121241128887,0.229123346242524,0.150263181534531,0.0911420931356127,0.190167901922137,0.0867782113797515,0.999999999961679,0.254976656741198,0.421192166503306,0.315007552500592,0.072260583050911,0.122210420793799,0.12591348663742,0.112248374705569,0.0707766843594508,0.010380335502457,0.00895841121168861,0.00828689545949653,0.00950671313129182,0.0112423235440645,0.029318065747325,0.037859492263587,0.0227509517308538,0.0271056222302295,0.0234197608307411,0.0830998258983427,0.0186691028646762,0.020908608615786,0.0563010304071303,0.0216124476818217,0.0371047833529901,0.0937502152669293,0.0261150931014605,0.0183232579140769,0.0521443182652232,0.00913255310282104,0.00759120089858587,0.00679656880216086,0.0233517024072912,0.479033381068172,0.123662186694472,0.0405111531345455,0.0469032819480787,0.0376474542964044,0.0316057823589142,0.312044087963871,0.0484434296029356,0.473063310154581,0.0134489971478125,0.0241362194193069,0.0275901556541061,0.0159140208902647,0.0274875033054214,0.0466209753241587,0.00997475533384479,0.0267951631278811,0.0272783640617383,0.0541322053851655,0.0201492429213466,0.0314034865488079,0.0340996534088105,0.05955942519074,0.073422359690879,0.0353219860663382,0.0175665680975772,0.0966843504510747,0.0145129682811967,0.0171775408155922,0.0184869883862885,0.400320571235379,0.0249465304610121,0.039341021956819,0.0440859534115949,0.0318768226557759,0.0238234694880928,0.0232703393878545,0.00417991913744293,0.0264183363597881,0.067624230721724,0.0186628100777673,0.0315314668265627,0.328600918128774,0.0765344132726177,0.0242260456750233,0.0314593506214698,0.019764912288884,0.0263547100706018,0.00796640076444727,0.383750680924281,0.0557561277303797,0.0363450410597215,0.0272375262471635,0.0537312689822799,0.0217935545698071,0.0251089667494873,0.00965154488526227,0.0247452332351558,0.0305786645679882,0.0372012905169887,0.0234523749788522,0.167590616734197,0.158789522275008,0.0283676713006893,0.0363727729006212,0.0363727729006212,0.0146790377657135,0.0123475527346808,0.0432613937509294,0.0384468813727314,0.0812975024995354,0.214337828571061,0.150354742679398,0.440300337241661,0.153153508655755,0.165178004814601,0.518508527412438,0.132566599242488,0.132679058092757,0.125330442296394,0.218763415356018,0.101487348786448,0.0154567892639566,0.00920081145537224,0.00616002006202909,0.00694685191984078,0.0118197324490223,0.0458636233162326,0.0523799542053854,0.0274653092510658,0.0251018074231994,0.00568651154132397,0.00847883300823513,0.0175835960737496,0.00820895278787935,0.00739935304628589,0.00917469647540583,0.0150495493203569,0.015493339756021,0.02831026044361,0.0242660113609745,0.0135016429584283,0.00892046411172379,0.11903280998318,0.0143907319958317,0.0253703875615539,0.113126327184925,0.0251896818973971,0.0253075947502569,0.166208563711083,0.015514083723438,0.110361436603686,0.0743272113873892
"Waray",0.142712296764547,0.076243894221112,0.142199264181335,0.273272812003265,0.277997481625209,0.216531616958469,0.380441084395909,0.898090413243663,0.865102322750755,0.39901223574002,0.912541502914257,0.683723555079674,0.81496233929291,0.847711533121294,0.847711533121294,0.491847265985963,0.873111019348163,0.647784960885529,0.812754160428243,0.423735287881426,0.471150649786113,0.30589435930563,0.178683701746673,0.258346696856178,0.231474179081108,0.37781516846164,0.544097276793617,0.651924930038635,0.466731581689272,0.649243548287636,0.384164585653667,0.5761657683967,0.908901695559089,0.58185995728825,0.65817608504099,0.53617450559426,0.257283675178528,0.327081087955072,0.363906765066484,0.521838421214065,0.50969652238921,0.60536894308769,0.494240689564851,0.402536005107768,0.511540618080791,0.65817608504099,0.229213101268959,0.329072007167392,0.601523123986463,0.305993554499017,0.272657567578696,0.340337866488343,0.254976656741198,0.999999999568066,0.60536894308769,0.418342892540679,0.289628448594461,0.410300002646125,0.42273239519775,0.376854184284134,0.277581035256201,0.0348501515421098,0.0300762907162826,0.0278217946336343,0.0319171180175585,0.0377441248506465,0.126176069416032,0.127106589409535,0.0763823207197494,0.113406462176527,0.078627729692909,0.104707621971447,0.062678230758846,0.0874789485382518,0.0712842149229063,0.0725599935287071,0.124572786924229,0.0657559811651071,0.0876768339402779,0.0838659461305239,0.21146493943829,0.0306609414999913,0.0354066118839745,0.0309680052063058,0.0783992354972939,0.0854913638373687,0.177736561180558,0.169766932768894,0.190210554220609,0.147652734837929,0.132832706535631,0.0766286029049218,0.0696265270726682,0.185234828013483,0.0567474804083485,0.0966204359614146,0.108206594290924,0.0665827131563059,0.112829071076736,0.18662984796308,0.0535079037802017,0.108664524473546,0.107080512228765,0.0610883943373579,0.0791005043278625,0.123273573803333,0.133988634427366,0.241536003534286,0.0915209930618827,0.138807266578617,0.0717843976963286,0.136278103506501,0.05822526592022,0.0674444990597446,0.0728769034759915,0.108996833727372,0.101796592751176,0.16053462812091,0.187526240910544,0.130306479379623,0.10076704726533,0.0984274515578256,0.0337550814919138,0.107993209966798,0.0831251768024834,0.0789388072198312,0.12871019907963,0.0894694457636247,0.0969022329646679,0.0983663946768819,0.123519435415787,0.0828805409142816,0.111489489628777,0.026745790038045,0.107504612261442,0.0690410467673888,0.14830925482801,0.115153579995239,0.0724765047092177,0.088499430251954,0.101919007731871,0.0517740954807517,0.0970490143980529,0.119927310028146,0.145900769843084,0.0951381630890078,0.190364519998729,0.214972691504059,0.122085859758341,0.147505355802891,0.147505355802891,0.0614152195829201,0.0673571841228376,0.14524252397427,0.15682876480211,0.116846862516243,0.047148909649452,0.0699115142396859,0.204729579827988,0.0465117121360413,0.049757591788448,0.177457720213301,0.029161304152495,0.0135542483210328,0.0382253541736306,0.0748710096448715,0.0471892944878621,0.0518934525836462,0.042062488109036,0.0206811844002296,0.0322770794554146,0.0396826737374114,0.153979052239318,0.175856487608664,0.0922099472836639,0.0842749054025997,0.0190914627868292,0.0284661912098192,0.0590338325457791,0.0275601158160912,0.0248420270148661,0.0390155178079291,0.0505262160676158,0.101222111117636,0.139569358889946,0.0814688670733678,0.0453293925860627,0.0299488899990474,0.0493354270318076,0.0483143527226637,0.0851766160103337,0.0911140699997677,0.0845699285152984,0.0849658001890794,0.237215674689306,0.0520858086563183,0.0609270166922032,0.0401574054315985
"Hiligaynon",0.240387130244072,0.0539177181730421,0.271437977633021,0.453237307372293,0.19659265861083,0.357685374137027,0.225635473145885,0.532647665161224,0.611778080219817,0.659122408240004,0.541218449415865,0.405189476251737,0.576320375368461,0.599479761726447,0.599479761726447,0.347821717975926,0.617441624163772,0.458096839326554,0.574758808151588,0.29965468142308,0.333185604085265,0.181236399689827,0.320386734045401,0.182696129764369,0.413819392225441,0.228577026602895,0.972713264606733,0.394412597801367,0.772870200031627,0.459128314768122,0.271671300029849,0.407449591091325,0.642751868522326,0.411476374809951,0.398439361121731,0.324583393883318,0.155751546569185,0.231303320755892,0.257345491089406,0.369030690475604,0.844016708256834,0.999999999783991,0.816428882078253,0.2387397305295,0.845006378018147,0.398439361121731,0.380161963685117,0.543987672202559,0.356756828481454,0.216390760249255,0.451499142239123,0.206029974600569,0.421192166503306,0.60536894308769,0.999999999783991,0.74789508802113,0.171562029845102,0.29015359375468,0.298945461546016,0.266501572473286,0.16803893799146,0.0246451295322123,0.0212691781169175,0.0196748565565208,0.0225709637700226,0.0266916729156812,0.0696073385862185,0.0898865061364063,0.0540156098275392,0.064354525992365,0.0556035052182267,0.197296703256448,0.0443244303843844,0.0496414944917448,0.133670649357961,0.0513125584901344,0.0880946662818822,0.0465009361977119,0.0620027986635902,0.0435033207384284,0.123801728534139,0.0216826280925147,0.0180231293493041,0.0161365033397912,0.0554419200095662,0.178692222726089,0.293600395528037,0.0961821143671774,0.111358390948511,0.0893830827969607,0.0750388655548591,0.0433601395311306,0.115015029837814,0.1083003740233,0.0319307865054792,0.0573045306540843,0.0655049116419203,0.0377832784039557,0.065261193080644,0.110688134836969,0.0236821957433383,0.0636174298949536,0.0647646519288319,0.128521396370286,0.0478385984395364,0.0745585721737685,0.0809598471120274,0.141406773247319,0.17432033528065,0.0838619254377091,0.0417067777910934,0.229549260713278,0.0344568808109422,0.0407831440846332,0.0438920517868083,0.0633056703375982,0.0592283818222289,0.0934039734842888,0.104669452358151,0.0756823730047076,0.0565619956398932,0.0552487468566785,0.00992401917552895,0.0627227628093861,0.16055434096858,0.0443094899666175,0.0748624246376188,0.0519641079937163,0.181709013961825,0.0575177973356783,0.0746912053922757,0.0469261155799049,0.0625717004336842,0.0189139338216469,0.0628542150624007,0.132376934232111,0.0862908761028823,0.0646676942499083,0.127569487871622,0.0517425448539127,0.0596140402019143,0.0229148252311544,0.0587504592925179,0.0726002689423657,0.0883237948641964,0.0556809381592855,0.397895853810917,0.377000179207998,0.067350899549435,0.0863567174055983,0.0863567174055983,0.0348511651724747,0.0293157226443044,0.102711771932231,0.091281093110314,0.193017603259577,0.157342586193093,0.032981079211214,0.0965821233152284,0.0151921271093003,0.0160825126538424,0.100206973123925,0.0973154002116235,0.0973979547772798,0.0125538860738557,0.0422782240304368,0.0222617672688265,0.0366977130431285,0.0218446879741214,0.014625200920832,0.0164933075009547,0.0280625647572292,0.108890019698881,0.124361178490768,0.0652084996617557,0.0595970424293085,0.0135009907424195,0.020130557217498,0.0417472058369678,0.0194898040369101,0.0175676416467094,0.0217826854441428,0.035730838594997,0.0367844917019688,0.0672145939334894,0.0576126843943651,0.0320557788838564,0.021179083611268,0.0348887432603727,0.0341666658088274,0.0602347089424907,0.268586018844431,0.0598056751714592,0.0600856254226892,0.394614565288723,0.0368337423039056,0.262021579139451,0.176468646117703
"Kuyunon",0.190012519732697,0.0358451693259933,0.201843283332436,0.338915924875582,0.155395450606407,0.267511134424089,0.178352163656293,0.421028051250092,0.48357619823035,0.492954411626233,0.42780277463419,0.32027951444993,0.455548874817542,0.473855068470448,0.473855068470448,0.66058971405715,0.426081092587997,0.316121223722801,0.454314543672987,0.652985177652446,0.263364499207482,0.143257190756035,0.253247711569465,0.126252970607259,0.553312087204517,0.4352003469225,0.768875181478929,0.750943793205368,0.978436548600407,0.317282657852884,0.590170664633011,0.779403112029593,0.444176528933149,0.781483865816627,0.756723718017353,0.224304793653938,0.107632796908944,0.442133474156786,0.177667452357521,0.801671313262027,0.6311704481696,0.74789508802113,0.610603150751729,0.518631100984385,0.631976119598376,0.756723718017353,0.284272590602518,0.40683301593795,0.775007939949116,0.472387119810178,0.571587910109584,0.142377927551464,0.315007552500592,0.418342892540679,0.74789508802113,0.999999999865038,0.135610144971136,0.20031767246718,0.569995735605953,0.183988673087723,0.319142791433797,0.0194805901495413,0.0143675296226437,0.013096769524279,0.0155701210928833,0.018427529100657,0.0434245436749134,0.0710502326126016,0.0426963045723961,0.0508686368840311,0.043951446659051,0.146782261428007,0.0350359717446334,0.0392388121695595,0.0994646504215366,0.040559694367631,0.0608061225529549,0.0367563772978342,0.0490097285680448,0.0250464133644172,0.0826454012380655,0.00899957618259616,0.0101000805277828,0.0127549992219968,0.0438237226311107,0.141246161815049,0.371437401180853,0.247531746349336,0.0743386947025723,0.0617676800978241,0.0593140069831289,0.0342737540061244,0.0860191758794401,0.0721937724483475,0.0841465086511588,0.124486660674172,0.124408191361352,0.0298655586343561,0.155961223876188,0.0874927513113805,0.0103524874493442,0.0424686155970089,0.0447154673421411,0.101588942548398,0.0330270480859699,0.0514774850141995,0.0558422308826884,0.0943978702979832,0.12963636430662,0.0578373884727326,0.0276139729075251,0.181445792820094,0.0272362282386487,0.0778078119065265,0.0301762086198273,0.0418990502940479,0.130942390728011,0.0619384409321767,0.06622016909182,0.0500906085662153,0.044709079482322,0.0436710301072055,0.00784437955349767,0.0415132511750858,0.119337566411077,0.035024162183865,0.165707501792364,0.0343926027905525,0.135210112608924,0.0383463196867029,0.0515579548305661,0.0370924577097999,0.0494594134522246,0.0149504019614546,0.0418990510469616,0.0984202724659429,0.190772282938291,0.171565443225301,0.0943409784875436,0.0344919354410566,0.0397573811331492,0.0100170374056681,0.0405997654120565,0.050170737785057,0.0610365500965007,0.0371580103421544,0.314514315710919,0.281259379324488,0.0420168640035755,0.186642037400239,0.186642037400239,0.0275478878726609,0.0123467077120232,0.0696747392729951,0.0605546309268725,0.144356917405358,0.12437047371634,0.14431048239423,0.0763427417846864,0.0120085228739255,0.0127123226184571,0.0792079818865236,0.0769223559685858,0.0769876107142117,0.00992314157126533,0.0334185605928348,0.0175966761953266,0.0246387053402562,0.0125975895814199,0.0115603995759681,0.00929467640018202,0.0161279981617699,0.0860714423280211,0.0775830492083901,0.0515436550877068,0.0471081134395441,0.0106717745963714,0.011618500279376,0.0287821268131151,0.011201097490526,0.0101413749813431,0.013785393658697,0.0282432202865774,0.00851083537081508,0.0345214740536492,0.0366639357612428,0.0213686021608248,0.0118741119748337,0.110545649971049,0.0197235904966083,0.033367007453239,0.197113402800216,0.114401217630586,0.117372825206275,0.295042340321183,0.0155130219945647,0.190824735759455,0.128472253454288
"Tiruray",0.2396984740249,0.0846675198627914,0.043036711126809,0.077362296338553,0.681400157183781,0.514421712413836,0.653889515119865,0.312495282087684,0.280431802512473,0.387497259656803,0.317523614734193,0.221905897008542,0.286908717108764,0.274794399448978,0.274794399448978,0.151383213204258,0.268568091957974,0.19925801768088,0.286232203228135,0.137352966895613,0.152728321817582,0.0992787480404037,0.0579199733190869,0.157152713063898,0.371849675073083,0.10937489849,0.176374720124625,0.188727793386677,0.132185859263605,0.394935899346856,0.416020402338827,0.162978690384112,0.257583448269604,0.164899564962815,0.190626518475785,0.155291390277295,0.0745166717067283,0.565824538972762,0.636277042939731,0.16915928348971,0.144354218612812,0.171562029845102,0.152119873092497,0.130648529704992,0.144971009473554,0.190626518475785,0.064889191627921,0.0932410155705699,0.195232502783054,0.612559241283905,0.0772209901080199,0.0985715282926326,0.072260583050911,0.289628448594461,0.171562029845102,0.135610144971136,0.99999999995391,0.391071072199792,0.275026973777933,0.245178905224679,0.0861895511790226,0.0122690482552075,0.020468416782637,0.0589364405869907,0.0460377401436721,0.0542933511655296,0.147547100761309,0.141191721615816,0.02743330183457,0.0400027327595275,0.237906254790604,0.0317412888884528,0.0833792535888246,0.214230564680723,0.0800858196480903,0.111217322884354,0.118850675378712,0.180520613397776,0.0315160909204246,0.11009311646353,0.0649917533095988,0.0820782295820953,0.198573421098617,0.0976658467302361,0.194841269263195,0.17100929298485,0.0547046483598518,0.188176668123653,0.0584594186134769,0.0869161954462778,0.148449332300401,0.0874595083950585,0.0676171957158702,0.270820697626284,0.0973604359201435,0.137526810830002,0.137440121747961,0.111173883048213,0.25458203456161,0.0649388370164658,0.015231950568708,0.107177606184694,0.164930575904279,0.123404544000512,0.101049397630729,0.0382660280814721,0.0418330446718799,0.0742338110466383,0.10208932169623,0.120162611736992,0.0220115866615266,0.228891652604572,0.0188964063864705,0.0860887494589056,0.0946542158628522,0.0682248198117347,0.183747274516504,0.0492466363621282,0.0568222120871137,0.0399523972115355,0.0356600758817989,0.0348321250513447,0.0136297170860788,0.0331110750689363,0.0574939141358922,0.136471420975943,0.23363089584812,0.027431627747212,0.20059316570898,0.176661210384049,0.157664952327247,0.0587816106979871,0.193131002604245,0.00836104138839385,0.0330271726540497,0.0208835851999214,0.0454963021194424,0.0407456110404919,0.0219308125089181,0.0271884703475667,0.0667768751290226,0.0537233672080741,0.0301339426347162,0.0372377061545979,0.0453025252872953,0.029237037353343,0.475110004586079,0.0657280101477262,0.0908976678989795,0.04533437893505,0.04533437893505,0.102543237910133,0.0190956557945172,0.336647833943585,0.153552923601451,0.0359637121553019,0.114683230077211,0.114338822620927,0.0659912322853913,0.0184973413079905,0.0159027135830807,0.0579683909158725,0.00932284970917964,0.00422447207466793,0.0122206205244056,0.0244573859619178,0.0152106974293539,0.0840800215157495,0.224346581301998,0.0761917988587899,0.0865281909633343,0.0663733043061393,0.581892417885308,0.382967600312073,0.0363906272579572,0.0400566668590213,0.0689679312849218,0.00665615752767996,0.0839445679535579,0.00787367243120807,0.0655401448495258,0.026499566218418,0.100978348244424,0.355555989062668,0.337388576192526,0.0672451770679279,0.0940304195447103,0.107847679150472,0.081730505830579,0.0138264576346091,0.308674465996197,0.262674103409044,0.0239221018480935,0.0260727935471258,0.0729562528987997,0.0715188395358471,0.0851724549793888,0.334624473605423
"Tboli",0.143756597951944,0.221917888511759,0.0711941913669533,0.250389233437405,0.139944354467461,0.315959207476976,0.317523955712594,0.37572710496111,0.414242208610377,0.762348824053248,0.366465444043461,0.571635898958213,0.406533625006097,0.422870144921854,0.422870144921854,0.457766055777999,0.433872630213753,0.605759170448109,0.405496895565148,0.211408753252924,0.459449539231849,0.127869905943875,0.178267721196708,0.247814017557368,0.110838189470811,0.160594017657476,0.260533409388624,0.277107041939849,0.231894478007948,0.634127047924912,0.614528055503278,0.276133577064432,0.451530301532945,0.278885726788331,0.270049649529946,0.419156262624808,0.201132397363727,0.307106608268523,0.340972276349075,0.249875066144731,0.475354148141933,0.29015359375468,0.49776470660911,0.161653508761361,0.476094810938668,0.270049649529946,0.109856714823304,0.157722992130301,0.241564288323278,0.153818217225057,0.135469264960637,0.13964062756047,0.122210420793799,0.410300002646125,0.29015359375468,0.20031767246718,0.391071072199792,0.999999999899431,0.641384075285746,0.736402538956696,0.118046599396469,0.0377280688896159,0.0317007232969873,0.030686961059187,0.0158616082935653,0.0188770863530493,0.36730519791069,0.280065583373268,0.1440381320806,0.11379990640112,0.214837072946455,0.118965696337661,0.168291634979233,0.233071206236329,0.166991470134295,0.226868387934307,0.30397603261024,0.14488617238886,0.11026227040457,0.227725471920686,0.0875601251709773,0.128268650182285,0.0699111901066512,0.0839192736654915,0.418437483353782,0.106908315986331,0.256127479466498,0.451225201741693,0.178117848261819,0.123458126721737,0.290259787625231,0.120114467055707,0.138348780907449,0.159416501366275,0.057957054354051,0.0877248089685036,0.0932895577595723,0.100755711551636,0.226189309493314,0.247133487983143,0.130263810243207,0.210741760078406,0.0925370910634267,0.116337122274697,0.0981402208936485,0.106530849426869,0.116461258365141,0.100011485398511,0.217047562160023,0.236398322214061,0.0295438069888648,0.0549706610016422,0.0766733792943358,0.0538754630081268,0.0625466204675498,0.159541066747183,0.148189515907827,0.152493928366865,0.0747696881960723,0.0536148407714173,0.103428766112016,0.0918017396493704,0.0572797267689492,0.102998056265775,0.148324885156136,0.0810239423563371,0.0530183289522597,0.0368123681286372,0.048466302024454,0.0892958595950364,0.106803238277,0.0805748575666661,0.104453857035843,0.0123505829945222,0.0444665159702045,0.0345753005815662,0.128935110723938,0.0461349901451445,0.028790337164416,0.036605511576212,0.148024181486062,0.0748648239135508,0.0773211235363317,0.0955487741078976,0.062047069292394,0.039383487633795,0.351211359481168,0.107125947140277,0.125251679223818,0.138127648542219,0.138127648542219,0.0929341860303094,0.0890337331804973,0.304007505407973,0.223443442986448,0.0580479707673696,0.157220214290879,0.157666335690693,0.0645928088694358,0.00988559386466854,0.0104549909627034,0.0683746226352719,0.00623492544092063,0.00624021465065065,0.00817289350232219,0.0288478688020579,0.0148883668000041,0.0520115240302785,0.0797891502424184,0.0108452258346017,0.0375669647503431,0.140644520879883,0.0810734785026333,0.0900101421569252,0.0485206285097778,0.293587648805468,0.00903116695142786,0.0411138937455017,0.0543243690961514,0.0401086859308049,0.0349345449447313,0.0381441209947864,0.0252103114388607,0.0292710491187519,0.0496374850539242,0.102444984389614,0.0733041681430461,0.0488456901543528,0.12714888213327,0.0247905110724109,0.0404458344164469,0.153552946091699,0.0420280765577017,0.0422691068971097,0.11788727638723,0.204744621234337,0.24448707232009,0.172960105703563
"Cotabato Bilaan",0.154380071406951,0.137901355756918,0.0800639864395142,0.134942144210068,0.159287852354912,0.218464128073786,0.177528686616728,0.41908410549159,0.426794052908476,0.424569677384333,0.410056271005473,0.294526289319766,0.453445541559955,0.435683422050724,0.435683422050724,0.643742662667231,0.479740391971579,0.355932526498847,0.45245231106827,0.587910091576897,0.232439897618471,0.13174445835968,0.0918496030872452,0.127577691927568,0.315385530206266,0.412120693565603,0.268427763757702,0.711119554649543,0.595093855329042,0.33230864535513,0.749771345968399,0.727710095039825,0.465212002535462,0.729477492356697,0.706365088739203,0.226658333068898,0.108762144282932,0.419857408891452,0.201112442638318,0.71100927033766,0.260914911112403,0.298945461546016,0.53118900140613,0.459978440768247,0.261826814114606,0.706365088739203,0.113185454268883,0.162502115065211,0.687361292306421,0.439577579350851,0.34764487648287,0.143871841518639,0.12591348663742,0.42273239519775,0.298945461546016,0.569995735605953,0.275026973777933,0.641384075285746,0.999999999893244,0.603180876811753,0.311003677403978,0.0403505818381355,0.016754069821199,0.0156410139620452,0.0175412916091648,0.0208592251422969,0.229216363383812,0.222057175226655,0.102561264996126,0.122192114744077,0.167685467160639,0.127412041769856,0.131424673063591,0.147190096463635,0.131742758562339,0.175543504172153,0.19493062048082,0.114876714884346,0.118410545471069,0.1689134548202,0.0982456727975004,0.0748936421426111,0.0428603334561104,0.0642978909168105,0.304552735272814,0.114792301920294,0.326081461249155,0.428430895664161,0.190740022321798,0.0693851006448217,0.220484615584155,0.0821057792981796,0.110696359996213,0.0860205038538858,0.114662908054395,0.164253650018609,0.169940450902008,0.0717420434943616,0.265466106793956,0.181225691570332,0.0854085309369671,0.166258197467688,0.0987610724921775,0.0828369700033814,0.0731944591349227,0.113696041468257,0.124294362917074,0.112216555781132,0.166258900212359,0.184108765379019,0.0332653311982527,0.0626212825466668,0.0537402010418276,0.0758448138913308,0.0668273276282572,0.107105179036364,0.181154873113452,0.163393659382759,0.0857552599602317,0.0603779319478756,0.111149194270279,0.0450936785075418,0.010938642276727,0.110377591025317,0.0995514987211259,0.0870719650639234,0.162908996602516,0.0414559593152171,0.0543809689753735,0.0456817059012844,0.113989550879224,0.0344328059128067,0.0515306437155437,0.0127248147641186,0.0499236618314827,0.0389051389916614,0.187538398756854,0.159890539389184,0.033092345483022,0.0410979169657463,0.156397701781707,0.0814078866155176,0.0456055846782203,0.0563566268722118,0.0685621585653154,0.0441960855710345,0.247604862382395,0.119209643208044,0.134971179537594,0.262640909804136,0.262640909804136,0.0661730858556473,0.0285877844819581,0.16506875672281,0.148620260930722,0.0641431452208058,0.0877340194986779,0.199173789120548,0.0665500185959497,0.0157083339366372,0.0107717848963042,0.070446424106941,0.00642384827817766,0.00642929775486171,0.00842053820051109,0.0297219804934566,0.0153394952897722,0.02579882992327,0.0493566654584238,0.0134277984571984,0.0143530647615683,0.063808741664141,0.0835300646685272,0.103676336136998,0.0604716382207313,0.0711300688542959,0.00930481796784956,0.0150493265488026,0.0291491058838695,0.0168002274936544,0.0121729803741176,0.0151509734702307,0.0281344328065135,0.0410164230496748,0.0609664954105594,0.110235485582748,0.0223476335426441,0.0503257505751604,0.159084856669586,0.0293872298197322,0.0416713730159661,0.158205713557614,0.108356087694343,0.114577084425449,0.130371085569824,0.0287372822031047,0.0336941936838022,0.100699244954015
"Sarangani Bilaan",0.13762554405486,0.240365568565986,0.219682278939349,0.229978624691549,0.142000694403294,0.194754699934092,0.30371472520848,0.37360183538246,0.380475039277481,0.537518281025004,0.365553771785469,0.525038700997471,0.404234100871951,0.388399664867765,0.388399664867765,0.436722912980441,0.427675229385138,0.578022382368553,0.403348663486518,0.194175658647964,0.421997270799883,0.117446523976732,0.332133952127512,0.113731967480144,0.318891388733863,0.413656537417532,0.239295892859498,0.25451851712291,0.212991478882297,0.296243923810442,0.370736180627757,0.253624404743824,0.414723573888703,0.256152211549894,0.248036411730191,0.3849885216161,0.184736985259142,0.282072653179856,0.32529805103021,0.22950637001494,0.436605407232686,0.266501572473286,0.473540235140949,0.148476238819098,0.437285694515869,0.248036411730191,0.100901687510014,0.415026873454705,0.221873049575038,0.15294815708307,0.124426417286069,0.128257749091518,0.112248374705569,0.376854184284134,0.266501572473286,0.183988673087723,0.245178905224679,0.736402538956696,0.603180876811753,0.999999999915159,0.116285215283384,0.0686556632168795,0.043453152166379,0.0139435293459216,0.0156375740672095,0.0185954196198924,0.270095169954171,0.197957801634093,0.227679903134506,0.108930875064319,0.245687321255325,0.113584294966903,0.192395819568682,0.172172634076656,0.189707668154464,0.156492156317749,0.223832445508467,0.102409399354903,0.105559711132103,0.150581651543054,0.265051609968036,0.161716014367775,0.0865767632135501,0.0970542544323214,0.271500301194504,0.102334147543089,0.386860150547092,0.490545932865825,0.329670374367219,0.165499723129025,0.326839953474998,0.0731950208531095,0.0986827291274612,0.309189137570946,0.112044991673567,0.15963724403532,0.164698542378856,0.1592643586904,0.15389991868639,0.379705286825216,0.123583590228092,0.239409401301209,0.0880427519515777,0.183893142377166,0.148232984249256,0.188346105798101,0.205903028159773,0.302742888597113,0.148215189869548,0.262711275689179,0.0921000248091337,0.0558251333954774,0.116743719468014,0.0514065436293415,0.0595747057163947,0.190445727664099,0.176785312666151,0.284390472635783,0.0764484314591573,0.0538252486703584,0.0990864183004833,0.187292882960519,0.0564902817747747,0.192488576120411,0.177075177341638,0.1570047009189,0.164592392409858,0.114907866311494,0.146711432351995,0.0407239714991073,0.18889204465623,0.0306958897213138,0.21264335119457,0.0113438187905284,0.0445055573439023,0.107199457336189,0.251760955979486,0.162629942827793,0.105275467145141,0.111386861515107,0.225331940230452,0.0725728689182103,0.141884407562384,0.175332180749369,0.0611212592928687,0.119363377259464,0.331801919002076,0.106272084561201,0.251214312782148,0.255654298823565,0.255654298823565,0.146900311518954,0.0868717383806316,0.212438709048442,0.267788277827464,0.0571818316829288,0.078212440605695,0.0838092217385339,0.0593274924199524,0.0140035432327608,0.00960274693025382,0.0628010296671763,0.00572668224694475,0.00573154030398943,0.00750667583268398,0.0264963197549532,0.0136747338276103,0.098736333010002,0.0984717392671264,0.011970509219769,0.0127953584206616,0.0912118447812226,0.0744647316863591,0.0924245729159275,0.0539087852090982,0.288325694766962,0.00829498667465407,0.0377624732879281,0.099086521489537,0.0388182501043184,0.0320868373223704,0.0535500930135526,0.0728092555788996,0.0365650014666378,0.054349936643704,0.0982718723938656,0.0887411220630825,0.0448640082864025,0.0701408294950613,0.0261978988307203,0.0371488711630588,0.141035997733071,0.108797735537789,0.0417718854024273,0.116222200294932,0.102747590649825,0.122400825204337,0.0897705788474032
"Sangil",0.0448125513262631,0.0211638590931415,0.0450392412416254,0.0758553500799435,0.0896933828632524,0.180075177748449,0.116836490817804,0.275810727713883,0.240135998467106,0.123039756377462,0.271442964113225,0.19641348950459,0.254910196510295,0.245062384945639,0.245062384945639,0.360343763419283,0.269498069696732,0.199947993616066,0.254359380750411,0.487879227717959,0.30640253348385,0.087878032056419,0.0516651854606503,0.0717121435837089,0.262866897916346,0.245861212801785,0.151031085424822,0.424236683300477,0.333138018156306,0.186748580384964,0.293069059902459,0.407396318913078,0.261436716343023,0.408380524968749,0.421742815482845,0.403134937414004,0.265217618092161,0.234425131991874,0.11229005350974,0.398096808623692,0.146631136300812,0.16803893799146,0.152404484351756,0.615356060979411,0.147139674291715,0.421742815482845,0.0636252099575041,0.0913441484452833,0.411792931306491,0.245435783382554,0.194614217797897,0.0944713373380804,0.0707766843594508,0.277581035256201,0.16803893799146,0.319142791433797,0.0861895511790226,0.118046599396469,0.311003677403978,0.116285215283384,0.999999999966719,0.0109006987768675,0.00941914212970539,0.00879795183937361,0.0203833633329763,0.0326997680080848,0.0401023264293003,0.0397573778721574,0.0246440676207259,0.0355800455148805,0.0254369033294057,0.0330804896517302,0.020222566460432,0.0274455697745463,0.0512205332511391,0.0655259693242237,0.0767722751769309,0.0205676621693119,0.0283245757348364,0.0969098421223863,0.0653607700633611,0.0726722624489106,0.00982820398305784,0.0100877523430874,0.0217621409572731,0.0275830183156727,0.130215751463583,0.132290741328995,0.0587913454162323,0.0448763982729712,0.0902513854945496,0.0240735189819995,0.0214700958017315,0.163012983247479,0.0695947390201373,0.0992025418852884,0.102373013871062,0.0463796406913041,0.122961589862228,0.057315514571757,0.0573101782926363,0.0335866409663628,0.0325601134190694,0.0491684475620332,0.0240530050062586,0.0374839591358689,0.0407626594334117,0.0746553032911242,0.0254044920059132,0.0385302647642844,0.0222701524716501,0.0427921745109988,0.0161622295944729,0.0451685451378055,0.0215611765794879,0.0314205194553432,0.0748561906651838,0.0497692389613852,0.059286126033261,0.0404325176177963,0.031775049359801,0.0310373005509523,0.0117997205715528,0.0335089811752677,0.0241576167462845,0.0248919122258778,0.172831699691589,0.0277612821653803,0.0305858367099385,0.030421912911481,0.0375628775784212,0.023994417942608,0.155545928339478,0.0634469318025135,0.0332499071774132,0.247340595716652,0.510761878946366,0.455490893388319,0.258545482142545,0.0273718287914409,0.0315157370108954,0.017916879710208,0.0294960851383764,0.0364494803885704,0.0443435881941135,0.0294103692300918,0.0586160626517558,0.067002365858046,0.0371965104771097,0.109647848849989,0.109647848849989,0.0192683579584436,0.0234379320532077,0.0453584643727472,0.0435326908995586,0.0360309990728155,0.444802469975941,0.430907356331321,0.0568290487314288,0.0159946179037471,0.0138117638429576,0.049258897700737,0.244842169768732,0.240710784645953,0.0106106333862944,0.278696069520591,0.251223666818627,0.0144046382932405,0.0333254073383574,0.0274026396351535,0.0279497675628439,0.0390839115176467,0.0475209961798578,0.0578871261255661,0.0342885481097038,0.040763222233216,0.00529942800566697,0.00851616775192144,0.0163866723555216,0.00949142006726239,0.00689567557760972,0.010829967825673,0.0158168228384194,0.0371033705185745,0.0468906655895459,0.0252308067429034,0.030987999525633,0.0083132438919162,0.0585883272711071,0.0166006605441993,0.0236434132563498,0.145022774220412,0.0606590463556255,0.0641390211777147,0.0732380026571584,0.0164047375336136,0.0192433959298144,0.0111469341748794
"Hadza",0.0375142157901826,0.043457258146711,0.0735456949388816,0.0111138965009615,0.0150466676106616,0.00881520237814646,0.0167421232559317,0.0395223886530635,0.0402844271805764,0.0183044657813321,0.0386811062117363,0.027792313358874,0.0427628981676539,0.0411108616119062,0.0411108616119062,0.0225632214851423,0.0400475351827645,0.0297123623848623,0.0426704951230957,0.0205535861447535,0.0219396405941032,0.0124319014273209,0.0409785134887093,0.0105175329522223,0.0508029352411305,0.0858723726071811,0.0253364793341165,0.0236369652360182,0.0197803768414448,0.0275269049666832,0.0178890402499643,0.0234146704043764,0.0385360018853099,0.0236880569783988,0.0229375363117496,0.0186857627774776,0.00896637507041305,0.0138526402440454,0.0166923263152079,0.0242999716017533,0.0216012579464869,0.0246451295322123,0.0470145169217146,0.0157205588082466,0.0216885173779765,0.0229375363117496,0.00932200560106508,0.0417798670360317,0.0234917610500112,0.0160701047701574,0.0115553985341048,0.030803705749361,0.010380335502457,0.0348501515421098,0.0246451295322123,0.0194805901495413,0.0122690482552075,0.0377280688896159,0.0403505818381355,0.0686556632168795,0.0109006987768675,0.999999999999063,0.36494811768899,0.379374329951223,0.348557822908247,0.427920366125683,0.0125950132239483,0.0138299399038165,0.0583615867518138,0.0485733448990134,0.0933013604182795,0.0979240104198832,0.234963336691713,0.0860071063322016,0.0787187165383042,0.0940968811045339,0.1299069380376,0.0280925557695499,0.0880094645216394,0.096069527467511,0.0561271820569978,0.0446287109241677,0.468981317663881,0.571948759323141,0.0890858095806472,0.206838670066112,0.0943477438839111,0.0465645382226949,0.10161357577533,0.0339040502971167,0.0483646700231125,0.00924616666625035,0.052472215746774,0.0777318918810741,0.194918745881784,0.132012480353466,0.131929267191822,0.188143020186515,0.119461982344063,0.0822933883822783,0.118545730466695,0.0508187103742932,0.226585926439943,0.238210056629153,0.326687223434188,0.190344887364186,0.208051991428243,0.116856647827103,0.00929618732913633,0.0631264173814661,0.234482010352338,0.0890356660972016,0.321164068774773,0.254363561594022,0.206092004223551,0.128590857666349,0.112182088673141,0.188501931103785,0.00672976986697689,0.0672492853475628,0.126330106507355,0.120654303439798,0.0344293038826087,0.0522401592410084,0.0486599987363219,0.0440743077925345,0.0551994511511818,0.0385972934415776,0.0488398798610931,0.025325878904791,0.0495428582123397,0.0405139197238117,0.0782315054253012,0.0379251487305685,0.00406223670740067,0.0876432191704222,0.0403289083414026,0.0271653386959571,0.0428534873240194,0.0709834529946141,0.170641560334874,0.0769663205737983,0.065449734850266,0.0808788290268226,0.179518038184632,0.0759569836872516,0.00983323834154154,0.151179270788053,0.166936638197968,0.157247576929707,0.157247576929707,0.122650677103465,0.161238611097121,0.0821508122469563,0.161664467262277,0.143016977301614,0.0107829367870179,0.0111699639748255,0.0327102345933062,0.0111945290558057,0.0115039744473831,0.0204231170783481,0.00666917860100174,0.00667483619621802,0.0087421232171545,0.00861669694518205,0.00753956948505386,0.34985925232008,0.348809367586794,0.300606879547918,0.372324194615401,0.27706787359292,0.00797196639513162,0.0289645892388615,0.0861106621735318,0.0470045504492731,0.227767224979107,0.225996304724367,0.383134919576859,0.305235520944644,0.255623214463301,0.225316511313276,0.231306693707653,0.0854737991551732,0.104636078842336,0.214035376212848,0.402614418873914,0.125238644049837,0.062825870139909,0.264313250292241,0.0780005189750652,0.0290013956450279,0.190305646148432,0.257495198222333,0.0108801162316683,0.00161888870632351,0.00187128334533937,0.0557402503634943
"Kxoe",0.0245461714881599,0.0197393900737077,0.030516477652217,0.0095906345816566,0.0108919933398392,0.0163578441570708,0.0126021916676667,0.0297494355618364,0.0297109941950438,0.031940953724789,0.0289392282413156,0.0206300856341503,0.0321886436228255,0.0305413776028999,0.0305413776028999,0.0194965657177634,0.0349506849493105,0.0259308697045428,0.0320969282344586,0.015256817119887,0.0161811543555015,0.00922584392146676,0.0346255998802895,0.019516757252884,0.0428711919613132,0.074799143801753,0.0186864265698412,0.0204070349210824,0.0170774393804296,0.0500029163246121,0.0309507809279167,0.0204925953585729,0.0332718051759943,0.0204432077526189,0.019795495281944,0.016126140308778,0.00773813861218385,0.0119587690236877,0.0144226451992251,0.0179219704915323,0.018649501780435,0.0212691781169175,0.0195914397637009,0.0115943917832104,0.0187257652442254,0.019795495281944,0.00804433884013811,0.0363260520687536,0.0173258905496839,0.0120831837819257,0.00997638313792362,0.0267639742251231,0.00895841121168861,0.0300762907162826,0.0212691781169175,0.0143675296226437,0.020468416782637,0.0317007232969873,0.016754069821199,0.043453152166379,0.00941914212970539,0.36494811768899,0.999999999999287,0.806479087794904,0.836377715722327,0.700546321741032,0.0105030202135522,0.0108955318937501,0.0246852572154226,0.0111232004786803,0.0305809718311058,0.0122269127335018,0.0239643386712126,0.0069031038238714,0.0534381352651782,0.0156233343272339,0.0245565079572427,0.0418792169923753,0.00343402291055926,0.0229970170157832,0.0488879375619511,0.0360871142896307,0.314756611014928,0.385837226591968,0.0280172598264965,0.0104495923516877,0.0415256484784926,0.0390109466022037,0.0439742007491364,0.0346410056652307,0.040981626184668,0.0112829496142617,0.00952352264776618,0.0322258778372419,0.0201543919282751,0.0211816243653931,0.0216414861466254,0.0561185851161005,0.0085773849276427,0.0297958797120831,0.0558696021936693,0.0233067217380076,0.0697163594128632,0.00918115553145813,0.0655491169946232,0.0722355327168815,0.0789375298165663,0.0558399756067799,0.00776909698140348,0.0323412297751045,0.101147025226105,0.0234395057369048,0.0908232761174924,0.073267391622627,0.120907483512394,0.0304530461405006,0.0221570977385749,0.0382164108638596,0.0060501586027811,0.012968465308468,0.0109438119205678,0.0197636556956583,0.00769842085292103,0.019373380268394,0.0222078864885691,0.0431189241319232,0.0229722059194962,0.0160503201608467,0.0540073909118243,0.0358215300143869,0.0187966075703601,0.0339444100353265,0.022396271435069,0.0485615003537574,0.0346925591419028,0.0450345405673943,0.0353060737345458,0.0230888592260974,0.0202560390710444,0.0463979195837215,0.0527699433204451,0.0475248224464029,0.0429479923887248,0.0530725348452506,0.0474226708098455,0.0496535772257816,0.00704819451352926,0.00943989316363628,0.0887312942939218,0.0768773709127827,0.0768773709127827,0.0404608803532207,0.0635499619460676,0.0789878421159197,0.0888832945600854,0.0443661536357691,0.014710667366264,0.014632835740151,0.0264736631627473,0.00900850393291146,0.00921826073729344,0.0167352786129185,0.00534539541585282,0.00534993001978879,0.00700687568372859,0.00706076469852543,0.0061020663844491,0.0998595962108222,0.101001919368249,0.088730145406664,0.077189651331996,0.0533975850359934,0.00457973770230671,0.0253037823499337,0.0211172250486272,0.0379108728706032,0.0812529423412371,0.0889298211609797,0.0967706788819265,0.090968317059737,0.0807955279714894,0.0800292568626819,0.0972586146496798,0.0211507629998879,0.00475115541943449,0.0029990920934223,0.0929457557476328,0.100685109401711,0.0590513598083497,0.128417472281069,0.0149331899989991,0.0162888051360007,0.00956906702969668,0.00351005496349516,0.00951897487111792,0.0092538488109215,0.0110228635940654,0.0258066528618361
"Buka",0.0289937378716629,0.00702182804799623,0.00661962910039782,0.00886551631264417,0.0129802137803665,0.0158253005827021,0.0116400827101071,0.0274782275695126,0.0270831558054629,0.0309673621243675,0.0266259179998196,0.0188848120403868,0.0297312153295636,0.0279725201427076,0.0279725201427076,0.0182107716239999,0.0322946460381337,0.0239602817450852,0.0296334824947421,0.0139661137987076,0.0147499851955615,0.0084439874179348,0.00588932992742982,0.018881372567241,0.0443230667592632,0.0109735724527512,0.0170336744343207,0.0189350403359347,0.0158456142577016,0.0484102705818746,0.0298603916052836,0.018956485856407,0.0308838578914051,0.0189108003081703,0.0183116398760959,0.0149173369860106,0.00715809357429286,0.0110892901414329,0.0134644774277634,0.0163368319476857,0.0173042810885186,0.0196748565565208,0.0182993887480937,0.0105689064819872,0.017381800285599,0.0183116398760959,0.00743613121785348,0.0106915363975579,0.0157934732895535,0.0111529648403263,0.00925676943533685,0.00946881022898995,0.00828689545949653,0.0278217946336343,0.0196748565565208,0.013096769524279,0.0589364405869907,0.030686961059187,0.0156410139620452,0.0139435293459216,0.00879795183937361,0.379374329951223,0.806479087794904,0.999999999999281,0.836344135487511,0.720855701886186,0.0113758238705612,0.0105375840226409,0.00356643105558023,0.00424906764545962,0.0248719911669259,0.0726447017503485,0.00665051955777466,0.0218389398325519,0.0369393443811041,0.073820556070113,0.0746407616143315,0.00545140247813933,0.0714646811281283,0.0272154041844135,0.00801390053164418,0.0142150897714208,0.282943917957646,0.360251608559888,0.0134582332072562,0.0215177925026969,0.00658074192587773,0.0135956116902764,0.00720842171579775,0.00980996950842182,0.0109336342660661,0.00656385709920651,0.0416130046190355,0.0337372777020323,0.0167296479300991,0.0641378961613566,0.0645727207716015,0.0190694709308575,0.0883487058647789,0.00571017946108252,0.042500688229728,0.00863203657571046,0.064012524368199,0.0155031144479647,0.0465262540817535,0.0576255386988033,0.0629655106543976,0.00915350559910817,0.00838448068115865,0.00872017447013687,0.130984852944596,0.0511233618075652,0.0966687796118693,0.08638138674973,0.159612465085784,0.0686988901927586,0.0786969731972236,0.0940611265569525,0.00698446116256976,0.0250459404923801,0.0217210109630988,0.0664532554909678,0.000870823502779843,0.00408064349020069,0.00786903815958275,0.0165037637592282,0.00486601792161701,0.0033807024676456,0.00443585619360186,0.0220186326992973,0.0188129074710161,0.02106965782858,0.0432018719382021,0.00100485281948731,0.00407209936812554,0.0333779708658588,0.00560767119909815,0.00429832712124242,0.00269485299957965,0.0344872599890259,0.163056088687977,0.0411235450268875,0.0314488097181773,0.0388625394757171,0.112231855582143,0.0369120987669065,0.0475018032368325,0.131836837064748,0.0588118424026351,0.0571524246004148,0.0571524246004148,0.0745635303489952,0.0773736590578923,0.0628654471041695,0.0669487172097089,0.104998214199084,0.00691214283252345,0.00637048336899764,0.00220750521541737,0.00125504317599905,0.00084714727614636,0.00567504948126413,0.000505877610174111,0.000506306756088258,0.000663116804260996,0.00239435446319752,0.000508820531774752,0.114995105481411,0.14729080083582,0.149351657032604,0.133304194442139,0.0480159471731724,0.069809646201379,0.0474850949441482,0.00269523458532538,0.0057082743814579,0.0815868864132464,0.0807413907274426,0.111357090397298,0.0792352391633345,0.0778052907425971,0.066788329940712,0.158055674027306,0.0444181263622918,0.078558819553395,0.0219968626373053,0.107148751359334,0.101019322650561,0.0590112288402417,0.137278605729326,0.00337362034833341,0.0322923765945772,0.0474315993356683,0.0495211505499722,0.00889120063409878,0.0102644078883325,0.0122327715872637,0.00799870047475733
"Xu^",0.0268201075849638,0.00287775606624759,0.00612421152178264,0.0101879926176826,0.0120090776779487,0.00807330362139736,0.013402632038975,0.0316389996849334,0.0321978648770663,0.0165470088041941,0.0309507299552763,0.0222244468680796,0.0342331364010003,0.0328768696153163,0.0328768696153163,0.0203968708524973,0.036239905468751,0.026887377691674,0.0341573117750993,0.0380176235044979,0.0414154886833069,0.00994112321068802,0.00693081296127015,0.00963236386743192,0.0546428352870277,0.0124947246654957,0.020250518504393,0.0215598080339215,0.0180421269516511,0.025094849738248,0.0142980536415586,0.0217468500592491,0.0351312716775196,0.0216944396718543,0.021007083788677,0.0171131449771508,0.0179710968756475,0.0126457708181817,0.0151003205737506,0.0194220758965063,0.0197029935935985,0.0225709637700226,0.020496125956717,0.0296757197377583,0.019772294971197,0.021007083788677,0.00854538498153297,0.0122691378780507,0.0187761028503814,0.0128635580705111,0.0105399391022842,0.0108626038522662,0.00950671313129182,0.0319171180175585,0.0225709637700226,0.0155701210928833,0.0460377401436721,0.0158616082935653,0.0175412916091648,0.0156375740672095,0.0203833633329763,0.348557822908247,0.836377715722327,0.836344135487511,0.999999999999385,0.667063262861752,0.0043298719905864,0.00533921262525535,0.00329960263399318,0.00393116664151895,0.0186026122345133,0.0671968579854593,0.00270760633291981,0.0163436919007026,0.0347659899657367,0.0700642494523486,0.0707998298196878,0.00276213189608637,0.0661053377652914,0.0201860049983671,0.00741411961265495,0.00110406389786676,0.259507872541243,0.331412426040112,0.00284150935112137,0.0199046249347699,0.00737072244642181,0.00504131123680655,0.00666892490221828,0.00524162700393012,0.0111903373485583,0.00265354795057726,0.0363808622327678,0.0312079951580932,0.0139470775311455,0.0641037839879997,0.0645029843254763,0.0159059387218197,0.0834315896428692,0.00657481876197727,0.0445886086015442,0.00380985984815269,0.059876882137129,0.0183428241911295,0.0613475876606692,0.0540695883806429,0.0590804629688541,0.00846843370702211,0.00340107451772944,0.0044207303488549,0.121160957412541,0.0472898821981037,0.104607685078761,0.0803221810337571,0.164924088459662,0.0591989108933122,0.0687673035339987,0.0870072025747493,0.00646200255661865,0.0231682281451514,0.0200925919121235,0.0614697350277363,0.000806208180007025,0.00377526473749902,0.00323533798798599,0.0405984724364872,0.00450185913629098,0.00312770445267451,0.0354510704512865,0.0430646342319617,0.0181705523813251,0.0415093344563011,0.0460248178190638,0.0535291784378147,0.0327432888525042,0.0308750268899823,0.00518800764843952,0.00397677774573937,0.00249328040203146,0.0319011314591265,0.150826902221319,0.0380398138028504,0.0296899952631113,0.0366891028082263,0.104716017530788,0.0341441362767461,0.0439406544488569,0.123668388648377,0.0544016884682769,0.0528666814948335,0.0528666814948335,0.0689714193899219,0.0715712665231883,0.0531838826145633,0.0569243125904954,0.097966791885797,0.00741126685527905,0.00169671864070392,0.00496868789383844,0.00116179823339256,0.000784566525404586,0.0052506682782212,0.000468489013747278,0.000468886442180617,0.000614106913173272,0.0061903895482401,0.00114526135599024,0.1230823798534,0.137173015184583,0.141279629856928,0.12405090155901,0.0456197603943862,0.0680048351666441,0.0460522148431138,0.00453262988989762,0.00528349956303903,0.0905424058893841,0.0911097829715669,0.119135457431468,0.0893762087460374,0.0862952069021775,0.0730766151167027,0.146621289718513,0.0410883477832811,0.0745769593315696,0.0203477697452268,0.114272724735181,0.112059841317752,0.0513770005889681,0.127730538933526,0.00312179550927964,0.0314309419632884,0.044492318190634,0.0464504763620259,0.00995853853981016,0.00223063443889635,0.00261662105806974,0.00151570454617379
"\u450?Hu^",0.0420500808305041,0.0229568720071364,0.0439365900251864,0.0120484571229047,0.0142221903363851,0.0287318996704246,0.0158508431991516,0.0374183833089406,0.0381067744085394,0.0195570451897644,0.0366123232203425,0.0262971022842504,0.0404863817590783,0.0389004714672355,0.0389004714672355,0.0241072286666605,0.0428341462738126,0.0317798254180982,0.0403977000869323,0.01944781458734,0.020753650808435,0.0117629482399737,0.00820089239735287,0.0113909139358988,0.0669390496073703,0.0348920237144914,0.0239668668481634,0.0254915006576482,0.0213323277428955,0.0296705413191088,0.0169220135149134,0.0254019501348532,0.0415369631128362,0.0256551245977025,0.024842280334722,0.0609035888635912,0.0292246255819568,0.015050627344355,0.0179565446825032,0.0229863895497565,0.0232960735716523,0.0266916729156812,0.0242245390870215,0.0490836798113999,0.0233774938298449,0.024842280334722,0.0101058872353354,0.0145091793022119,0.0222218683854914,0.0153186420020812,0.0124620248999887,0.0309028363254451,0.0112423235440645,0.0377441248506465,0.0266916729156812,0.018427529100657,0.0542933511655296,0.0188770863530493,0.0208592251422969,0.0185954196198924,0.0326997680080848,0.427920366125683,0.700546321741032,0.720855701886186,0.667063262861752,0.999999999999149,0.00513225071769894,0.0063145076193846,0.0335804771882507,0.040007984709653,0.0292126835299194,0.0584332936950268,0.00889360414238631,0.0192458523879659,0.00903421444040246,0.0636060647726298,0.0902597993989374,0.0232255120568604,0.0572957242208367,0.0497701699105043,0.0221869343472254,0.0187985502827234,0.363466915548442,0.40294866869959,0.0554617518789051,0.0311960427495076,0.0558763037248428,0.0184190012291813,0.0595537253690094,0.0140297144029876,0.0147667857652986,0.00878675607325172,0.0361105714947975,0.0924634875798309,0.0311221278300966,0.0805241846158606,0.0809904233324702,0.0354054421279855,0.0724695482187549,0.0552846635036819,0.033626549112313,0.0271286922503688,0.155132139178629,0.0352828490313494,0.0762987882707979,0.102670124853887,0.112240651429558,0.0756233999764812,0.00406248711768107,0.0371697533179066,0.158505305467701,0.0729547105683296,0.117518994435724,0.106683697799179,0.117813927250916,0.0820732240373714,0.0857591186230815,0.120515924463366,0.00765675229731393,0.0335524355228654,0.0292579083228912,0.0777884393197256,0.0248280189288435,0.0278070225788285,0.0257410009181047,0.0376685745186902,0.0449984822600091,0.0230373641009992,0.0292222033139382,0.0401046987306836,0.0430435983190551,0.0230575771204657,0.065390297649199,0.0361006518808763,0.0385343879287276,0.0214615906871991,0.0158274100865774,0.00471115580439844,0.027478586714212,0.00366947252306023,0.0747403617069494,0.0019710774012475,0.00407194457115663,0.00503186314705054,0.0824366428411923,0.00394609589982708,0.0517438095359286,0.107720659410434,0.0470711172362307,0.0368255180089494,0.0368255180089494,0.0620665452183448,0.0338787536226587,0.0321579606369934,0.0494686698479535,0.0533585311987542,0.0102341121233839,0.0106065361785434,0.0310602869807436,0.0106268527813932,0.0109183191789358,0.0194681007724812,0.00632973399748512,0.0063351036351762,0.0082971708884085,0.00821376696863559,0.00715926360139505,0.138712620347698,0.147147474106368,0.113494193592729,0.096426816253274,0.0633729976975841,0.0798353446624376,0.0541592806189636,0.0628390012109421,0.00635092609365038,0.0494938752054513,0.0574826396235438,0.134263223603595,0.0992820405493857,0.0962957806318792,0.0811830189631423,0.12139140414382,0.107744043052067,0.0996190335014813,0.00403471273261483,0.125943583328111,0.0614074644885501,0.00215850278566274,0.172006724041729,0.00372067417459681,0.0560463659832592,0.0387651129269618,0.040512430915822,0.0116403251462844,0.0025658397120729,0.00300842298203099,0.0916038819572703
"Temne",0.0586328113069284,0.0848207791915733,0.0238734537983247,0.0789689208077908,0.0456300946468573,0.109644735702971,0.116000841900624,0.124519705355892,0.089798761435216,0.279730066970792,0.120409233556453,0.199314440364143,0.10451585716188,0.0947658553523825,0.0947658553523825,0.152311054694842,0.118567665139244,0.201346923938144,0.103976466236242,0.0472018013788498,0.142308743898087,0.0380795405851188,0.0555004804421716,0.0792290237163222,0.0240273248989638,0.0498465281006472,0.0564780145239655,0.0860108250288525,0.0567851226494016,0.203642714903547,0.21185766652213,0.0656974554370299,0.110856664675261,0.0669041970500809,0.0830460714200764,0.147202483413707,0.0706352046381359,0.096953152988358,0.112978187381401,0.0541675159741054,0.150728773439611,0.0696073385862185,0.168138763408386,0.0475588524416827,0.151050056976482,0.0830460714200764,0.0262299145486325,0.0378050006162905,0.0710687966620468,0.039090342633333,0.0331730142600944,0.0429424942756083,0.029318065747325,0.126176069416032,0.0696073385862185,0.0434245436749134,0.147547100761309,0.36730519791069,0.229216363383812,0.270095169954171,0.0401023264293003,0.0125950132239483,0.0105030202135522,0.0113758238705612,0.0043298719905864,0.00513225071769894,0.999999999983956,0.102839376657628,0.402146708774004,0.46034832938352,0.44725072421423,0.449590615173038,0.350005157683812,0.413132633679989,0.064476491240939,0.0877579759466938,0.111649105983164,0.286897732934409,0.0407731994201753,0.0898297607942095,0.0365285081073302,0.284773518060382,0.0299120161579594,0.0358494690842394,0.167462503145728,0.0395441334821614,0.091270031327237,0.178782898882252,0.0725427871044027,0.300487648292526,0.114791345804035,0.232274697499563,0.267274947976769,0.0650452553005064,0.0236446283138812,0.03228993301727,0.0345143396172761,0.040805906423317,0.08496357449286,0.0933999630085923,0.057754549293171,0.430556694041969,0.0342277746844091,0.0440726154409964,0.0370914140072431,0.0394038095343819,0.0429273176952903,0.0417229914654464,0.0819479145924157,0.0889712576396714,0.0123476226709798,0.023115193641973,0.028136533902108,0.0197951260476619,0.0230758140520278,0.0628898522365352,0.0584172475736919,0.0621249070892,0.0315528760490625,0.022409764335007,0.0421995691372895,0.037534880689353,0.0285181029240294,0.0419640588094783,0.0549765588892444,0.0330582640184024,0.0221528422077373,0.0153867190968297,0.0163361274297689,0.0363942805356532,0.0395023234199495,0.0314756568411111,0.0425276140557146,0.00515476665570459,0.0185565546582691,0.0115789702837794,0.0526224535906311,0.0194402214054053,0.198538894047059,0.015276037745145,0.0598767036384638,0.0354415775715674,0.0284195176333869,0.0351191232928701,0.0210783863273102,0.0164313149960307,0.133250737039007,0.0280061888327048,0.0577047706495982,0.0562558143338734,0.0562558143338734,0.037638195896471,0.0429686672427748,0.111259037943445,0.088729026656123,0.0159326052488143,0.0678575602031207,0.0625400066533796,0.0245254396988137,0.0111054882776805,0.00958987469254893,0.0255047916629165,0.00562031325541241,0.0026123358923691,0.00736724474440336,0.0107607011979743,0.00565300919005936,0.0159418063675991,0.0316605256970208,0.00304607774796211,0.0156036265492841,0.0531137465980283,0.0154890412806998,0.0293319220009397,0.0134015503912063,0.126111614964766,0.00161370572882025,0.0142496954253646,0.0171111984801143,0.0147538818796245,0.0120591216080948,0.0150819828012881,0.00645627205919834,0.0257618561967942,0.0228026895514788,0.0375701571810734,0.0270418310173661,0.0170479674450161,0.0470235419090407,0.00770821330220129,0.016416250162615,0.0536484944722569,0.0102410561144762,0.0113512917140875,0.0321806469207897,0.0820287224768972,0.0979519573488726,0.0690837794358525
"Suppire",0.0529315282928289,0.129896408820895,0.133102386784292,0.0405349594429135,0.0548786882522621,0.106831195775876,0.0610624084095936,0.144147322313284,0.146926653647697,0.204376918338968,0.141078970035899,0.101365015834219,0.155966212450017,0.149940851787283,0.149940851787283,0.0822933043969116,0.146062653563522,0.108367880166147,0.155629197105011,0.0749636979884561,0.0800189601893943,0.0453420292433474,0.0316112238812758,0.0820004622848369,0.0672277036135923,0.0841855690948704,0.0924080192868097,0.0862094970108538,0.0721436242414617,0.210068876231782,0.21679678800089,0.0853987361777473,0.140549740886679,0.0863958404506859,0.0836585174263611,0.0681513127525321,0.0327024504681093,0.0505237933805786,0.0608807874117291,0.0886276350725508,0.0787848001543041,0.0898865061364063,0.171472852609257,0.0573365258217661,0.0791030555488999,0.0836585174263611,0.0339995175350192,0.0488523242297302,0.0856799036507639,0.0586114010547253,0.0421452198053275,0.0432591854647036,0.037859492263587,0.127106589409535,0.0898865061364063,0.0710502326126016,0.141191721615816,0.280065583373268,0.222057175226655,0.197957801634093,0.0397573778721574,0.0138299399038165,0.0108955318937501,0.0105375840226409,0.00533921262525535,0.0063145076193846,0.102839376657628,0.999999999987541,0.114589639007161,0.136522792680296,0.160442509702307,0.133557090138444,0.0605017146961948,0.140753002480828,0.120712878170638,0.506846762760848,0.174339381765691,0.257970284830918,0.841963430108039,0.0913265689232908,0.0291866408711339,0.0426741364753008,0.0234141537022788,0.0302067922474555,0.302390019560179,0.115059829234047,0.169171474054543,0.249807885579523,0.178985962884576,0.132287975389911,0.102344252032346,0.0435350323368374,0.0976257632253705,0.0456465012019305,0.0703247397469337,0.0979931612738467,0.0979313919566791,0.0801566973405176,0.166525416685516,0.0621141086281469,0.111326279755817,0.0733367432514838,0.0876188179439153,0.0829273929165431,0.0647439468022927,0.0366959678052225,0.0399848282170039,0.182874588874898,0.0739174605132939,0.0806382677143874,0.0639201765411061,0.0215760665303946,0.0585502727140364,0.0448023946356456,0.067188439874684,0.136079877391064,0.126197471581566,0.0702367208777653,0.0493186040255321,0.116178141882115,0.125896276053464,0.101288829925244,0.0162343837548768,0.116897144614056,0.126546420349431,0.0986245219511053,0.0998180997965186,0.0797688189669342,0.0886223719357179,0.0919248644472776,0.101171796900061,0.028471848362779,0.100358729826902,0.00454243310272582,0.0148159198863729,0.0208273455335533,0.0368099306351972,0.0330493854983173,0.0191801604545907,0.0121966903652758,0.0513104580300729,0.0254818190683032,0.0139001367068641,0.0171769493449367,0.0208970761740347,0.0131265049550309,0.253470467112157,0.0359096526310884,0.0597123611269508,0.154718830182281,0.154718830182281,0.469011157848488,0.00665202476623045,0.197100386226631,0.0753097892554419,0.0902271571042819,0.0555079506240603,0.0556516016033515,0.023195483194738,0.00553543732463748,0.00386242960044556,0.0240660391507842,0.0023000659176263,0.0023020171087266,0.0030149829330422,0.0101536785613704,0.0053464598913426,0.00748606432335589,0.0669247058910085,0.0413934261413311,0.0450272540193045,0.0346067062865938,0.0290756112831315,0.0291234407413368,0.0209793686251221,0.0249408829693054,0.00324244273266126,0.00390606579062329,0.00874497461251889,0.00452983611302831,0.00308128955596678,0.0124382714439886,0.009677486364828,0.00809619684375673,0.0154746407704563,0.0349621315922107,0.0160331430809953,0.0157923768746295,0.0426135917163916,0.00794418355082054,0.0101380149902445,0.0496772507278498,0.0648457996524389,0.0681112153446625,0.0396823085537705,0.038595098757882,0.0459725871109067,0.0575302131880915
"Dagbani",0.105232505769329,0.280552124735083,0.290452884295567,0.0566303587514632,0.042207960443265,0.232040378757321,0.0807199595703397,0.0893513744770063,0.0882928165515367,0.0882525899037428,0.0866452770697307,0.13887560566384,0.096677449367487,0.0911078232081314,0.0911078232081314,0.10878562403381,0.0903205357978675,0.143853554022477,0.0963678369228239,0.0454930132118772,0.111389657687859,0.0275061857568431,0.133946806293559,0.0230516522772315,0.157367047787618,0.25909971616709,0.0555308658583185,0.0523177203332963,0.0437816028135878,0.0610037419035598,0.0392080478649965,0.0511159701380851,0.085401548624008,0.0519179597594156,0.0502730168329315,0.094869408206543,0.04552314544643,0.0694461886554561,0.0807100169839061,0.0532591148748261,0.107939477426769,0.0540156098275392,0.119539909365588,0.0344553097095774,0.108153467527567,0.0502730168329315,0.0203851656220255,0.108970079945575,0.0514877309685946,0.0362711299654545,0.294578271675691,0.36534694514966,0.0227509517308538,0.0763823207197494,0.0540156098275392,0.0426963045723961,0.02743330183457,0.1440381320806,0.102561264996126,0.227679903134506,0.0246440676207259,0.0583615867518138,0.0246852572154226,0.00356643105558023,0.00329960263399318,0.0335804771882507,0.402146708774004,0.114589639007161,0.99999999999263,0.836417863178413,0.602723195015118,0.614991740617258,0.614620183767292,0.476059566105154,0.267300341199153,0.108130615119714,0.358930503499187,0.431126185938788,0.101991829030916,0.295852312676365,0.157444421673423,0.074329907249694,0.0744591434164092,0.0696071713595796,0.368972357416564,0.111320799460585,0.363783087100558,0.247584221914627,0.566873871367575,0.161005447424584,0.135669513810627,0.0259367620129809,0.32706731138693,0.25593595229386,0.20608838415023,0.277392795614586,0.277217942968242,0.243280391883921,0.0926205429159747,0.247403618652689,0.333279621394745,0.791289969484099,0.229179487574528,0.150268981663651,0.126909832668352,0.135892849636253,0.148458904871912,0.442810247520322,0.0260770768132198,0.174075724200943,0.203172313312158,0.174730958132758,0.109000166245857,0.143318256333725,0.164525525637683,0.344952374992069,0.300084533036089,0.260815028292275,0.0379316225316996,0.335898283720176,0.316884954819784,0.336202957743195,0.11986386798346,0.209231210256831,0.195349098917124,0.271637694501233,0.351524218927189,0.253605110260115,0.192737898403433,0.118157564569389,0.29040084229682,0.0679384200643808,0.235521078562753,0.106385228866656,0.0113951295194299,0.107983414059334,0.144164705600793,0.0876342904629287,0.127703855721126,0.0496133315474043,0.132421466194376,0.027006376047823,0.0550383053118881,0.0680130132754002,0.0877051188266113,0.0531351399882423,0.189966142866287,0.0216716559970257,0.219431035702551,0.275987299472647,0.275987299472647,0.22439300638351,0.146145681627598,0.155996782147239,0.178763519757574,0.066477043739407,0.0302476123717351,0.0278773046557231,0.0816361786987494,0.0314021849754162,0.0322702216188053,0.0572896364885065,0.0187079580587295,0.0187238283870489,0.0245228512047954,0.0241710133585351,0.0188167908134658,0.0761395243761171,0.166536746763151,0.149540790480443,0.0688820117107842,0.0289322986791838,0.010497713393942,0.0738888188336577,0.234499574852039,0.198144087901258,0.00109369068983006,0.0452158338132392,0.074657710414073,0.0567632042862126,0.0498245796005913,0.0527844763260712,0.0665178529684522,0.239765696102593,0.163743719555193,0.00979904098515381,0.0703564260898543,0.00104563619721448,0.00206408023214882,0.0862307288968596,0.0482622771093246,0.0759563927256414,0.068424836219422,0.050159772793688,0.0245234380080953,0.0272736819709644,0.032471727435955,0.156359025356417
"Mumuye",0.0896215783572965,0.270091645253336,0.250944107216499,0.0289554984264059,0.050286820719235,0.276454318182596,0.0546465432768153,0.129001673733857,0.105192598506599,0.0493031790936993,0.126140429045567,0.0905256958675478,0.115182101026615,0.108546414554025,0.108546414554025,0.0607741609668619,0.107608435546431,0.0798376433923389,0.114813226877433,0.0542006525625947,0.0572898255225678,0.0404919535761216,0.0228557156148808,0.0274638786896046,0.111258290441254,0.146515717446654,0.0661598112409894,0.0769908103211554,0.05216166780779,0.072680229039281,0.0467127066323828,0.0608998776350042,0.101747924317404,0.061855372946385,0.0746414213166307,0.0608056538046716,0.0291776313824709,0.0364573397322041,0.0448868423947292,0.063453233305815,0.0569634062214385,0.064354525992365,0.142420574885027,0.0511565338754178,0.057264934524008,0.0746414213166307,0.0242870102749198,0.0349616200107706,0.0764449333254673,0.0432136447888748,0.350962344069534,0.442901535835242,0.0271056222302295,0.113406462176527,0.064354525992365,0.0508686368840311,0.0400027327595275,0.11379990640112,0.122192114744077,0.108930875064319,0.0355800455148805,0.0485733448990134,0.0111232004786803,0.00424906764545962,0.00393116664151895,0.040007984709653,0.46034832938352,0.136522792680296,0.836417863178413,0.999999999989539,0.656398889591429,0.701671644198202,0.453805406046557,0.555487975145845,0.272124301673503,0.128827472346452,0.380178537112597,0.513646359408999,0.121513685273103,0.324346947128678,0.0794421390773764,0.0276694679332294,0.0592386606855294,0.0587187042116266,0.37871150925301,0.132628277368221,0.315088258866986,0.214339449295973,0.578107858233776,0.128668186130582,0.0822505306532953,0.0332844733163311,0.38966998353343,0.182885389167223,0.211088281513521,0.284179662828802,0.284000532127254,0.239819720537093,0.113545964057296,0.222842030094942,0.355210512647538,0.608129049125374,0.253536290206447,0.140389013423765,0.107644960776881,0.108897759746573,0.118928030432568,0.404051097645436,0.031068387878054,0.147324298296732,0.204010706958542,0.174034386546772,0.0937324902655183,0.150312838901472,0.182408684318328,0.353112965613349,0.303919248012213,0.226203485424533,0.0513416097937071,0.370878663705689,0.351375292646689,0.323347105422811,0.101568135922411,0.191946759082202,0.176099278525644,0.275260089885314,0.350927309639663,0.254648185145254,0.166636929068482,0.143424225682073,0.292806297177407,0.0835137137351527,0.193099986521024,0.126748008551591,0.0164745848477148,0.0821503003213759,0.0717873055637282,0.0339736938441211,0.105974869601144,0.0135621285633993,0.130343691208272,0.00779117290050443,0.0124396407198446,0.0153721566212004,0.107761187423283,0.0145805907109682,0.187325307487167,0.0258197427302503,0.181674520439771,0.253382242768352,0.253382242768352,0.221201057191844,0.119956507748621,0.123966841766647,0.169789377937641,0.079201154127644,0.0399671556766471,0.0368351908682191,0.107868542574219,0.0413079065132489,0.042651290084223,0.0738199860480762,0.0247194344775675,0.0223076829913781,0.0324028422373438,0.0311453166447593,0.0248632387421093,0.0493328100176337,0.165221278225621,0.163716603737421,0.0707946065876084,0.00192759714877939,0.0125070395692823,0.0179168734731114,0.212205291301485,0.0228540030820908,0.00130302973809766,0.0453212609223881,0.0490078541617654,0.0450268378628643,0.0392308973383119,0.038487788307866,0.0486437290585016,0.22371656088902,0.202014165474264,0.0116746370131997,0.0462228554391532,0.00124577732339781,0.0024591577393108,0.0780869502722811,0.00928973629834494,0.0390911943733305,0.0568728286823826,0.0597606583050697,0.0292173731586156,0.00541041832296189,0.0062539355914396,0.149004342927563
"Fon",0.189700643814725,0.14928265311744,0.191004866311361,0.0250130834452245,0.0435658522793202,0.0801556135370939,0.039067933121076,0.0922259389113617,0.090888358041756,0.153770398806615,0.0893619575704527,0.0633781306291925,0.0997877043487961,0.0938773010629302,0.0938773010629302,0.0526515313796978,0.0932070723256606,0.0691528778778064,0.0994592612400237,0.0468707966397055,0.0494994728540358,0.0283382910292495,0.114867603122722,0.0589473690345337,0.289186859160159,0.271288359503425,0.0571633051887023,0.0539021941451468,0.0451075551421245,0.15136362113882,0.162662969640473,0.0526002007998038,0.0879975682560542,0.0534441905889722,0.0517508913206995,0.0421581841050157,0.0202296312694731,0.0318247971363342,0.0392180946595002,0.0548247716042776,0.0492599277439914,0.0556035052182267,0.124552717477179,0.0354681914977974,0.0495260715954884,0.0517508913206995,0.0209802299271539,0.113754216659624,0.0530013143742673,0.0377562047472267,0.0263511550234411,0.0825150700745979,0.0234197608307411,0.078627729692909,0.0556035052182267,0.043951446659051,0.237906254790604,0.214837072946455,0.167685467160639,0.245687321255325,0.0254369033294057,0.0933013604182795,0.0305809718311058,0.0248719911669259,0.0186026122345133,0.0292126835299194,0.44725072421423,0.160442509702307,0.602723195015118,0.656398889591429,0.999999999991886,0.645168464440259,0.467528053801788,0.563602880351873,0.304842147926677,0.148765919278098,0.18764168564043,0.348402967848418,0.106897463478532,0.126972965299876,0.164816944154527,0.110124049634696,0.0851429641470665,0.148300066704223,0.297196339949046,0.175451469347625,0.247865296163791,0.290554584826198,0.271507012975582,0.18594498042481,0.18629706332301,0.0523982714775188,0.428588901873913,0.214773027932652,0.134181000976334,0.180742140134228,0.180628210565731,0.152528537489875,0.18843132882955,0.124776287931485,0.137349228090718,0.545425859591163,0.0875154625271016,0.132226911094693,0.113974756415662,0.0758637855247855,0.0829355250062102,0.308931677241183,0.0596515949870149,0.140506696635792,0.0867797243606202,0.157769882207075,0.0718776531720572,0.0740921334143928,0.0961794983053036,0.185506794045414,0.201798055452767,0.167108757755402,0.0393837379566242,0.122636011576672,0.304620133751692,0.137529049343516,0.0375609938580194,0.147368492107974,0.151907700768402,0.169872027025021,0.143226420714032,0.108309374763926,0.126782900725265,0.121641067450126,0.178113207821573,0.0228867563097283,0.208578172165123,0.00336102235784916,0.117074598030441,0.141636076547749,0.280239393384827,0.225768276417415,0.16360092713807,0.0519738310586234,0.187388980692281,0.0444898184354519,0.047362861747494,0.0585281637314014,0.132037019442924,0.0555798648630534,0.335140521352654,0.0223171337085351,0.152376344558489,0.194502150264372,0.194502150264372,0.140686888283365,0.0373618264925494,0.265842099431363,0.129578817272775,0.0695447824407762,0.0732655002622938,0.0675241617905207,0.08493943966423,0.0326853358361982,0.0335751927095223,0.0599299891701679,0.01946494189342,0.0194814543859966,0.0255151242195323,0.110518530024531,0.0195781783695973,0.0624316528372157,0.114218338272235,0.084672330064148,0.0710920918743095,0.0436357646931072,0.234059357240323,0.216174588195964,0.0684353858905602,0.137832204030743,0.0274682740568803,0.00149554957901592,0.0614295774015491,0.0145650333722477,0.0372648202973971,0.0313278200013817,0.0331856613467758,0.205188101590345,0.129836267919878,0.0282145368515,0.0656060390911572,0.0434360978911941,0.0315196903898835,0.0253088563975069,0.0504539589011189,0.181146455246696,0.0716438959932266,0.0525490680152541,0.025305866804248,0.0308033096599606,0.0368874777290392,0.109256752761317
"Nupe",0.121223915600741,0.110940569681358,0.201866178269384,0.0893973852314541,0.0488582155919633,0.070570145127847,0.0438138909098909,0.103429511205169,0.102072697838884,0.136785744691854,0.100259032637309,0.071145123627035,0.111909877057427,0.1053759799648,0.1053759799648,0.0684728961066938,0.121437367120066,0.0900977062011971,0.111546721941089,0.0526148150525906,0.055590670188039,0.0318116984678348,0.111843920187015,0.0316000308675274,0.106265695221305,0.147612730735683,0.190905188431603,0.0712413551621797,0.155047801234571,0.0829988414661183,0.0453272574022425,0.0702608923202988,0.116193357554862,0.071170999425113,0.0689160527242619,0.0561415574572075,0.0269395618043289,0.0417249168600852,0.0506292337996568,0.0615712778472166,0.169320714935946,0.197296703256448,0.249096996648185,0.0398327582505121,0.169542174831446,0.0689160527242619,0.0749838659895805,0.107321541244745,0.0595234336252404,0.0419831548646151,0.0905765926242038,0.0356359686736164,0.0830998258983427,0.104707621971447,0.197296703256448,0.146782261428007,0.0317412888884528,0.118965696337661,0.127412041769856,0.113584294966903,0.0330804896517302,0.0979240104198832,0.0122269127335018,0.0726447017503485,0.0671968579854593,0.0584332936950268,0.449590615173038,0.133557090138444,0.614991740617258,0.701671644198202,0.645168464440259,0.999999999989967,0.446168278453204,0.541252204457446,0.287812591973129,0.346125691080302,0.389415477192353,0.348201830179393,0.370606925039079,0.146457896553844,0.080551636574678,0.031538318567802,0.0495883391784751,0.0496540518735493,0.251513648744147,0.128610719304799,0.22745319970485,0.161848570467389,0.209510188757596,0.127612287399163,0.0795245001633722,0.0107968286265514,0.517467403571491,0.0890666703393919,0.079100998418277,0.286769510189703,0.288363799774447,0.0900748293992121,0.345236817170442,0.0503514939090684,0.129796659992342,0.542951224884746,0.0991731425011475,0.0927165861663776,0.0732181832095425,0.0565849319861454,0.0617412969516265,0.22619381144514,0.0562678706088209,0.0618438260106306,0.224487914102113,0.17729870732909,0.173784654676899,0.0847080405075241,0.109514227301633,0.35872011923325,0.332322541451913,0.43416533059752,0.0485352763429183,0.214315651068152,0.208843151037197,0.353492505785431,0.0418856749432518,0.133827875024483,0.146318036593356,0.111053450671199,0.123695410889181,0.0955484580621601,0.134007149594249,0.0689814428248822,0.114519610956943,0.0639854800966828,0.196056678888888,0.00391260607520421,0.0154172418318787,0.0589087812396596,0.0722900214238266,0.0624967405062183,0.0592376156447609,0.0339281464526719,0.234918186403839,0.0336069163180264,0.0309181385527305,0.0382067681030663,0.259982949881157,0.0362730868033333,0.239919195880445,0.540669407784031,0.0684688395926162,0.176755913981066,0.176755913981066,0.223216954348214,0.128254572164958,0.16253995326443,0.0147073116092627,0.330437758474075,0.0337661283936406,0.002943918990926,0.00862100191482585,0.00482563779403601,0.00331312552773183,0.0213933802002566,0.0208841380943042,0.0209018545188966,0.0025896796073017,0.00902605969072717,0.00198710415186064,0.141309462707809,0.183347711605608,0.0824888956155044,0.0731064697322801,0.0236022426301585,0.012248018331063,0.0918569652497955,0.0763849770177968,0.153838507953741,0.0317081037728091,0.0360528844218699,0.137753877655532,0.0498720766128225,0.0435645426284718,0.0411560135315685,0.133613561885857,0.0810302173581155,0.154944711319466,0.0823947118208255,0.129768573287379,0.0401303018481304,0.0044359332727366,0.0864782651577768,0.0601930107148532,0.136758898657376,0.223544111909263,0.233333896296491,0.0818767030552927,0.00882277524081971,0.0577483333247151,0.0745414698052786
"Idoma",0.0863522765181259,0.0736778636165623,0.0804568552173641,0.0199432122985148,0.0346352435953826,0.0629865898660496,0.0310593574926578,0.0733204492259188,0.0724518118594363,0.120810662122904,0.0710998647222012,0.0504784107159895,0.0793321206208218,0.0747617657223993,0.0747617657223993,0.0418584400304208,0.0741157290281091,0.054988487787496,0.0790780571141174,0.0373309105186636,0.0394585904246382,0.0225711793240382,0.09011795563124,0.0464584593772139,0.111515467353294,0.191013972136328,0.0455678276294721,0.0429311667531958,0.0359265518286367,0.119275310506712,0.127821188099711,0.0419450278752588,0.0700792790973383,0.0426031289918269,0.0412533125505337,0.0336064693971518,0.0161260855656704,0.0251101347112836,0.03091598749596,0.0437036615367316,0.0392337678598292,0.0443244303843844,0.0980927255610147,0.0282735302159262,0.0394414466524241,0.0412533125505337,0.0167277729043233,0.0894192759821467,0.0422500894510514,0.029763566129217,0.0209877510254866,0.0649355329062407,0.0186691028646762,0.062678230758846,0.0443244303843844,0.0350359717446334,0.0833792535888246,0.168291634979233,0.131424673063591,0.192395819568682,0.020222566460432,0.234963336691713,0.0239643386712126,0.00665051955777466,0.00270760633291981,0.00889360414238631,0.350005157683812,0.0605017146961948,0.614620183767292,0.453805406046557,0.467528053801788,0.446168278453204,0.999999999995037,0.534622827467793,0.199017768663383,0.0678516658726502,0.0905267183335752,0.272575932830546,0.025622889416406,0.0904575117885331,0.129196621682557,0.0862009833294652,0.044968653103616,0.0438665957423504,0.135069092358113,0.476112579084978,0.126241325803368,0.150878901788403,0.138282388916232,0.0889283158926114,0.145915565426521,0.0411047755810373,0.252329618938712,0.0852127227525026,0.287046999471189,0.065833363687648,0.0657918660783355,0.190721940490178,0.0478296308172197,0.097830605162562,0.0542150839910016,0.6189062833643,0.0333274985274318,0.503968922461647,0.391183400393002,0.0594060439330005,0.0648604713041977,0.147568839329392,0.0466510649642019,0.109964969614556,0.0337803042796441,0.0641760290592108,0.226172202159183,0.0144199792398621,0.0228021754378455,0.0932393855611495,0.0704030233930109,0.119664945209018,0.0154909528618601,0.033936059522656,0.0443009526702467,0.053525651207238,0.0216556541392645,0.0638902984126145,0.0705856378252059,0.0539033708569844,0.0603330819284274,0.0421534929802743,0.0535821603879729,0.0193540670617878,0.0595833560352536,0.0179692597445671,0.060655704982267,0.00286683741973341,0.00935067893734215,0.039287884577954,0.0928312899901711,0.0625306644260901,0.0532543163595589,0.0407119843193135,0.0688414605288077,0.0349533400991693,0.0371557198779127,0.0459147943417559,0.0106292852892738,0.0436019295325712,0.0535848836069109,0.0177834483516389,0.108766189952069,0.0846396731188124,0.0846396731188124,0.0512436727570066,0.0294326728724934,0.0744430788468949,0.101567028645417,0.00994419960177703,0.0575061057475855,0.0529997280376244,0.0669894708423061,0.025768180092697,0.026480478443004,0.0470110494425087,0.0153514805673886,0.0153645035299177,0.020123098017736,0.01983438495547,0.0154407871562845,0.133370268555488,0.0395735510435672,0.0207346746504103,0.107732809657084,0.183027189121359,0.0086142722077916,0.0606320990732399,0.0537230568103832,0.108197648610289,0.0977832279390151,0.106774465847498,0.233357400819239,0.11480464262048,0.10165243555748,0.19332157723168,0.0259948922353812,0.0530466266407049,0.00434128511488385,0.240280678999051,0.225768281641312,0.0085480394356442,0.0247261453809311,0.0198673363054973,0.0396033285330659,0.0623287203893544,0.319346602258233,0.469143528206645,0.0201235795400889,0.0243582835091356,0.0290143916335636,0.0854452235846937
"Degema",0.110401680095299,0.195640018448413,0.0940810275931445,0.318811689290907,0.0387900135264539,0.0705423268112372,0.0815511842294058,0.0995087101857347,0.0811429766415062,0.178377602279372,0.0973016165859893,0.140925232298112,0.0888486325635001,0.083730027641829,0.083730027641829,0.099976302655735,0.0830064937639926,0.13220447630651,0.0885640921405488,0.0418090469029096,0.102369464978771,0.162279901332602,0.0398019865150944,0.052031517049943,0.15052074185558,0.058608614627987,0.0510340470176892,0.0593888126364715,0.0402362243404835,0.133583322293622,0.143154345131129,0.0469766639338383,0.0784858399108659,0.0477137094563604,0.0575765518897976,0.0964531564985946,0.0462831080645908,0.063822524685259,0.0741742225316393,0.0489462595374758,0.099198675924015,0.0496414944917448,0.109859719648792,0.0394608888096635,0.0993953373788047,0.0575765518897976,0.242490775745637,0.173332451592338,0.0589677365822921,0.0333339400246677,0.0235053968633761,0.0297723987135472,0.020908608615786,0.0874789485382518,0.0496414944917448,0.0392388121695595,0.214230564680723,0.233071206236329,0.147190096463635,0.172172634076656,0.0274455697745463,0.0860071063322016,0.0069031038238714,0.0218389398325519,0.0163436919007026,0.0192458523879659,0.413132633679989,0.140753002480828,0.476059566105154,0.555487975145845,0.563602880351873,0.541252204457446,0.534622827467793,0.999999999993776,0.262904985527822,0.232415933141482,0.133904966479947,0.332164206986199,0.0937326605252362,0.196056311139023,0.0249996897258942,0.0301634456619199,0.0992265019418405,0.0422944990437344,0.213738945345072,0.132889321076638,0.134684050710417,0.396878484082673,0.130443452411861,0.332442040098554,0.146131526923678,0.0804310015212267,0.436239206231117,0.135328280623666,0.210018941003638,0.282649129585739,0.282470963645325,0.39835152393498,0.517374469090869,0.40164172916012,0.319286914179919,0.435032399083115,0.0616772807625303,0.280361261720527,0.21278577137094,0.0256448932562058,0.0279422535023429,0.134252628905615,0.16470501350038,0.40081566551135,0.0467183498043442,0.0849479680967739,0.0473278473699735,0.0617253931300314,0.0737957700418113,0.0985238343927171,0.135567807424004,0.0530613718481148,0.0396036518093078,0.0849137893139176,0.0914825556616245,0.087063318387583,0.0265024421808986,0.0849433348949621,0.13730005307735,0.111552130149425,0.0732975505344896,0.0583024704805822,0.0626411292905936,0.161928627090986,0.115069068716,0.0221083800196848,0.144833412065338,0.00321073712051496,0.0127080885198561,0.0147214345074456,0.0460485881214332,0.0262064697052261,0.0154228780029166,0.0104614915577186,0.0383831005571177,0.0203367527807432,0.0185641647441026,0.0229404734762933,0.0144258045402563,0.0112471081450306,0.3240580455497,0.0199167128768162,0.0454294220922717,0.11240822091261,0.11240822091261,0.0912268190550446,0.0244388661729674,0.220725533214707,0.212730117640764,0.0610938173454846,0.0422662754696088,0.0389541436675497,0.0152761016934612,0.00691724879827533,0.0903346045733388,0.0213031691645909,0.00350071101240877,0.00162713938012627,0.00458881803127863,0.00898799884267767,0.00352107625065768,0.0361827011761442,0.104001825074734,0.0528863416964847,0.0536155982247192,0.115275555214617,0.205387922674485,0.135256743950599,0.00834739148978814,0.0785508385822261,0.0241037569269527,0.00795358878956285,0.0359971838434807,0.00828676021828267,0.0286575960935622,0.00865689679897625,0.00550443529017877,0.132173421725828,0.119277530115988,0.0247123537489082,0.0406983450277869,0.105220684515341,0.22799413324011,0.00323705332924385,0.20362951600036,0.232667210923038,0.0438702976706727,0.218573009573082,0.0225375612102128,0.0481718818666223,0.0575129727259639,0.040664196226298
"Igbo",0.106169579554506,0.156917080674493,0.170820348843992,0.184512154044803,0.0332671708207761,0.0930827225775388,0.0298325302215994,0.0704243324387136,0.0695900057630005,0.176082788560178,0.0682914597824639,0.0484845416902134,0.0761985461716832,0.0718087177387274,0.0718087177387274,0.046572196315325,0.0826023093027151,0.0612849139564754,0.0759545180315726,0.0947247536006667,0.103037268702974,0.0216796303491012,0.114805796797451,0.047967767893627,0.192448985129537,0.208417523705223,0.129363845783153,0.0484862693198133,0.105042055903524,0.122968695626338,0.122772322571302,0.0478388080082546,0.0790772488897743,0.0484527174215316,0.0469175655172303,0.0382207787026042,0.0449608102184281,0.0283993326451682,0.0344374611855634,0.0419773913191201,0.114711694473096,0.133670649357961,0.168592347103159,0.0738299898371446,0.114861085360394,0.0469175655172303,0.154763303160472,0.135470088422534,0.0405812345188497,0.0285879218931786,0.0613639885904726,0.0661421511293718,0.0563010304071303,0.0712842149229063,0.133670649357961,0.0994646504215366,0.0800858196480903,0.166991470134295,0.131742758562339,0.189707668154464,0.0512205332511391,0.0787187165383042,0.0534381352651782,0.0369393443811041,0.0347659899657367,0.00903421444040246,0.064476491240939,0.120712878170638,0.267300341199153,0.272124301673503,0.304842147926677,0.287812591973129,0.199017768663383,0.262904985527822,0.999999999995422,0.184520557849326,0.157837896730421,0.170846646928847,0.0803871962314433,0.156950429711164,0.126895375394141,0.0842952116178398,0.0705239718487278,0.0421338897145835,0.223585216034189,0.104953357383742,0.213171276189144,0.30892898136003,0.206726957891419,0.141480638172972,0.159357555012762,0.0804932132391167,0.19861388248375,0.0965125106977193,0.0848571620585346,0.114345345127851,0.115472385588699,0.0964961602268206,0.168328373744495,0.0939663509072346,0.385679340995252,0.226689174884318,0.0669953191326491,0.0908100222200393,0.062477072601741,0.0584329629081798,0.063799968963168,0.235589192495895,0.114515774560244,0.16132849887366,0.0662245298431049,0.0838220379272776,0.0540311148945116,0.0359131751522588,0.194272567474549,0.140925907138587,0.115207929785451,0.127942378136592,0.0329384752786239,0.0940081123613809,0.0957657944472247,0.103390590712024,0.0282954042711599,0.112263091864752,0.130393294728867,0.0934615097105795,0.10952687252285,0.082654761021615,0.113423448547856,0.102647757524507,0.0976361334267078,0.017259484022359,0.124961802875136,0.0235323928132205,0.0104149471381374,0.361570650904671,0.101178319128258,0.0690709733415258,0.0709643063423153,0.655429491176002,0.301967023274228,0.292850122230234,0.597335055963002,0.738150581869559,0.173260922707918,0.701200815826657,0.191981537339296,0.0529173154918988,0.474012013592793,0.486152454653326,0.486152454653326,0.24174988742547,0.229347849209556,0.28530469937268,0.387293357234782,0.59864167998334,0.0940367116797457,0.0509062683860082,0.0643434241646705,0.0247503513732493,0.0977846958068846,0.0451541392501058,0.0275185518492816,0.0275418963773885,0.0193282468868815,0.0298937716983989,0.0148308846888982,0.0257395815151713,0.12850637762778,0.159286703838007,0.137973816607953,0.0831547950476698,0.0082740132675583,0.0620529565393838,0.0516010260763134,0.103923901929937,0.00086201736879462,0.00195629039222141,0.0257646798480515,0.0117563900495292,0.00989326202831347,0.0241983241884977,0.155244010463995,0.05473906679179,0.00759704939729405,0.0228285975310992,0.0369222213316762,0.0402919467086377,0.0251192699783997,0.0204240311143798,0.131942562684452,0.189712241671594,0.0550388810412302,0.0406882604548771,0.0554652276507216,0.0259013887589853,0.0627423052927363,0.105656123932394
"Aghem",0.0737487172944576,0.216122460826341,0.108322375584163,0.353368942534216,0.0296388092786618,0.0837172492745138,0.0369501163925208,0.0872265027846083,0.0838744638449638,0.160846391867301,0.0839143918115912,0.058954172831808,0.0943783557423241,0.0874116690323845,0.0874116690323845,0.0497973672344934,0.0879908169847746,0.0652827952804332,0.0939921505450655,0.12859546508654,0.139727186373346,0.188621358270798,0.0183851750110767,0.0600943618277118,0.123601049623461,0.0964319221160942,0.0527519880171674,0.0501396812765061,0.041958930872082,0.154518790581292,0.169890738479651,0.0483836358296019,0.0819368923580291,0.0493198791117933,0.047757252485949,0.0389048186663459,0.0571042335540456,0.0296033438047173,0.0370921378889037,0.050593920088526,0.0458214571031619,0.0513125584901344,0.127743275592407,0.100119664271104,0.0461150515595733,0.047757252485949,0.296395351645479,0.209103549472391,0.0489111798475711,0.0357094949360748,0.0245117760992724,0.0851648819082684,0.0216124476818217,0.0725599935287071,0.0513125584901344,0.040559694367631,0.111217322884354,0.226868387934307,0.175543504172153,0.156492156317749,0.0655259693242237,0.0940968811045339,0.0156233343272339,0.073820556070113,0.0700642494523486,0.0636060647726298,0.0877579759466938,0.506846762760848,0.108130615119714,0.128827472346452,0.148765919278098,0.346125691080302,0.0678516658726502,0.232415933141482,0.184520557849326,0.999999999990456,0.421384593112969,0.106663891879817,0.654099736125473,0.319248467009438,0.0606874144422833,0.0599207618218185,0.133969436100987,0.061491030907997,0.261172340676631,0.121025829957805,0.17692406897312,0.492181370427487,0.188266616186746,0.12464336358883,0.230505889250226,0.112103447317125,0.305809017572047,0.0137195606252889,0.0784155151220264,0.284037644874106,0.283858603692602,0.0892888861200197,0.529903268624137,0.083433001138675,0.130310528255478,0.0591608749910074,0.0725228997091554,0.0843510023160305,0.0536566482356476,0.0273229879405175,0.0298699350936646,0.200199547385044,0.198820753351306,0.234538650864116,0.18976113246905,0.130448085695507,0.150507435624486,0.0673551359531874,0.0840001267626931,0.450358809105594,0.395041828190934,0.39388055127831,0.0108631443097488,0.155953372433727,0.158628710628247,0.300761525705179,0.00178673453502002,0.0865379715732426,0.155204365653028,0.0730109029198778,0.0812247845787006,0.0567475208744853,0.179434291654337,0.1417363984977,0.0837395572145592,0.0724953778871124,0.178097995285743,0.0316305746951262,0.00796241215102887,0.00607038252452797,0.0431723231463783,0.00954539325719298,0.0232640094172667,0.0065547786645439,0.26041898784804,0.0207307628816307,0.00841125796650263,0.0103941245373863,0.249265034818224,0.094412172962886,0.209253747664824,0.474848827417764,0.0684868077796562,0.114661321525291,0.114661321525291,0.379344693617515,0.0852619998529866,0.152065072036481,0.295977891870679,0.295058992004749,0.103905367013068,0.0755443657365889,0.0988871109645621,0.0337041606406744,0.138992611493134,0.0557969197947964,0.020021946060684,0.0200389310708374,0.0262452589713475,0.0391965088213278,0.0227930570836718,0.121563408359493,0.231667170073767,0.090759905645087,0.0761635629114001,0.147531523774091,0.0189636299510035,0.0217602938947823,0.0145075021361454,0.0141270718121897,0.0317551633671259,0.0349252856046254,0.118601945445825,0.0348175887064013,0.0301768947977171,0.0360751515653378,0.116120070244655,0.00679514948374562,0.153440045988823,0.0918723735219332,0.128338248919174,0.132647978525774,0.0358531932641373,0.0603979823528807,0.249381395141277,0.181053674203531,0.215080687175703,0.224425480938008,0.0238784739706011,0.031138893439452,0.0370743072013674,0.0809013477531705
"Babanki",0.116147727422174,0.31934057855768,0.278285729314932,0.0761347086440382,0.0424641655295941,0.334957567557647,0.0964690755600053,0.114059175012649,0.125742587737371,0.231717567792998,0.111240024052691,0.173672187556795,0.123411085522966,0.128370349733331,0.128370349733331,0.139084388281963,0.131734851569182,0.184048849343049,0.123095415089888,0.148070012529409,0.232413189746405,0.0388169736376631,0.100218822014497,0.075295765046799,0.157606058573942,0.217621378557616,0.07908451723552,0.084137455023299,0.0704096549718077,0.192675605751564,0.186761639072079,0.0838364473836828,0.137098055184609,0.0846735851663186,0.0819908292255195,0.127351596617995,0.0990466725846099,0.0933089336188741,0.103598595565396,0.0758491934740226,0.144427985141275,0.0880946662818822,0.151246077073948,0.115583702141964,0.144653267117638,0.0819908292255195,0.0334036286655731,0.047886801989538,0.0733264695997023,0.0466944724653543,0.343281685970299,0.423564493311526,0.0371047833529901,0.124572786924229,0.0880946662818822,0.0608061225529549,0.118850675378712,0.30397603261024,0.19493062048082,0.223832445508467,0.0767722751769309,0.1299069380376,0.0245565079572427,0.0746407616143315,0.0707998298196878,0.0902597993989374,0.111649105983164,0.174339381765691,0.358930503499187,0.380178537112597,0.18764168564043,0.389415477192353,0.0905267183335752,0.133904966479947,0.157837896730421,0.421384593112969,0.999999999990702,0.193003900971262,0.355213160624899,0.443769140446261,0.119457566171125,0.088670558653158,0.117040697685255,0.104203153599589,0.490394280802392,0.123517619312792,0.366470596764683,0.283173884681509,0.5851069869085,0.169321995937488,0.183779315710766,0.055158149280892,0.229237259081741,0.236880859796803,0.22380711124103,0.477174302492358,0.478582380472795,0.264549715659704,0.393196947226629,0.23213999932724,0.395602590346328,0.163768650817578,0.260585476208898,0.158818953197532,0.126468525136531,0.127484383409031,0.139368002729921,0.431826797592961,0.0659966591999552,0.204304307017755,0.350428123308778,0.278573999991774,0.214253164914033,0.1933568976341,0.220596040307463,0.591522959485922,0.526072645507617,0.564481553803787,0.0440856135640238,0.450544291014971,0.419037821669975,0.569159851754713,0.133234560252658,0.204612649621078,0.207782111107285,0.277675153024074,0.358846429111426,0.259669123627566,0.18472262514229,0.148156545630468,0.300972437926283,0.141892895626375,0.320965041328931,0.148900415968249,0.0134967637783081,0.0978399649540985,0.120484757608455,0.0584533197010705,0.118936931445585,0.0315552785480518,0.332809188070141,0.0485698883017326,0.0421234579668601,0.0520536250102625,0.336351480935288,0.0338459271418822,0.252353507418716,0.477835406705992,0.228411948108593,0.269965401643926,0.269965401643926,0.366493327083436,0.245608361404806,0.229651223649833,0.212641163119309,0.297178228862478,0.104399890214957,0.07626252533793,0.102577826341823,0.0334955860172871,0.0360542459389249,0.0643031309975282,0.0209019714534031,0.0209197030063843,0.0273988178843167,0.0425821879911269,0.0236437512282599,0.187770593411438,0.327501025312053,0.211132051285307,0.123962796231985,0.076898558763876,0.0245488198375349,0.093471196858568,0.267885929939363,0.215703509138956,0.0320311883215718,0.0854753655831308,0.182474928017969,0.0970708438709832,0.0862189474997102,0.0808912827682933,0.168689097359411,0.271153584043956,0.331354691661716,0.0971086925876889,0.18825319065335,0.0510192506780572,0.0386386794976411,0.154562931433546,0.0577056013051676,0.095105382664661,0.217585404988258,0.22604984667724,0.0357934757131556,0.0622138791136066,0.0742899121659152,0.22518324324907
"Tikar",0.0481020876368966,0.203905365549767,0.0850752294485553,0.126744222241845,0.18481130747753,0.281573153528351,0.171860781173446,0.0745716540351449,0.0760094839680969,0.105730197427653,0.0729843050590485,0.052439107232007,0.0806859138926703,0.077568817414209,0.077568817414209,0.0425727493672355,0.0755625112850225,0.0560618951397472,0.0805115659317917,0.0387809281628848,0.0413961641441191,0.0234567667553233,0.0760922111603044,0.117565873370853,0.0528190859796547,0.0656692480608617,0.0478053891926217,0.0445987111129616,0.0373220209807019,0.108674814837868,0.112155361688331,0.0441792806624021,0.0727105192378963,0.0446951120610299,0.0432790142641444,0.0352566806998525,0.0169179405014858,0.153242820483146,0.172305970544637,0.0458496851307931,0.040757696819932,0.0465009361977119,0.0887079554153073,0.0296618729953321,0.040922339706108,0.0432790142641444,0.106309281316413,0.0252727457071625,0.0443247368747366,0.165883109812802,0.202741721414084,0.250637181138644,0.0937502152669293,0.0657559811651071,0.0465009361977119,0.0367563772978342,0.180520613397776,0.14488617238886,0.114876714884346,0.102409399354903,0.0205676621693119,0.0280925557695499,0.0418792169923753,0.00545140247813933,0.00276213189608637,0.0232255120568604,0.286897732934409,0.257970284830918,0.431126185938788,0.513646359408999,0.348402967848418,0.348201830179393,0.272575932830546,0.332164206986199,0.170846646928847,0.106663891879817,0.193003900971262,0.999999999996666,0.204487802255827,0.248693374477182,0.0416524070295954,0.0362833291839632,0.0884442814614284,0.0410812468180742,0.179384152434334,0.072118257334084,0.12525775047596,0.168198946658137,0.262583445737858,0.0374945064972939,0.0724391519762449,0.224165759336741,0.234764141724418,0.0900242344240799,0.0928199238232401,0.126567380021638,0.126487599141646,0.1774084253483,0.0882122440437748,0.126171485404692,0.155038592593161,0.361531942354504,0.149908286130761,0.0509983151645589,0.0396000240613435,0.0616946985888937,0.0673774640260233,0.147101501017544,0.0828296569777292,0.151082671556501,0.276984968724143,0.0958714179705825,0.0322736027882025,0.212487345748888,0.240631569108617,0.198895645816831,0.139949251912073,0.115978809516172,0.092171811097283,0.203292950642921,0.192936620568755,0.177239063812456,0.177082628977357,0.103317044018763,0.0692491148248125,0.255533141944894,0.205820818633684,0.405561180397726,0.402969667127173,0.239015241947055,0.168218521363336,0.161415760425604,0.110459579885629,0.31506588599867,0.0398763806056782,0.0415555393270877,0.0296934588876039,0.00940804275655289,0.0534238954354632,0.00630970703907649,0.0815779466208765,0.0131824952777073,0.00719094998698143,0.00888614164546004,0.0610910303713516,0.0397765267565053,0.0439233002397125,0.0185771206116393,0.106034351959875,0.0853423745131784,0.0853423745131784,0.19949880587105,0.0654478440184171,0.0417741173192036,0.189055755409928,0.0101138961938141,0.0908142273447663,0.0860223019001858,0.179598732539429,0.0644118708396032,0.184510365593141,0.0385347564509711,0.0395973185456573,0.0396309097288274,0.0519051383243581,0.0162581606383331,0.0413967414252214,0.0966702188743068,0.110012364771219,0.0744442148577701,0.0280678228077939,0.051008329406468,0.0150416698044455,0.0150664133913292,0.124548249577592,0.012902653106889,0.0628111933041179,0.113882302647246,0.0286760118188312,0.111884262106652,0.0811388506350335,0.0793466840651375,0.0705020673633257,0.121980026145126,0.114585973286006,0.0180869400798158,0.0926148824865582,0.133703084906541,0.0528229445171036,0.0458260070495648,0.161041990331179,0.108758213824939,0.00675724901701518,0.00734895111969765,0.0205288266006096,0.0199663809619048,0.0237829729059759,0.172330405683627
"Bembe\sub 2\nosupersub",0.0471611060011791,0.086029176125951,0.118591999411342,0.0278947017877907,0.0485115765215917,0.0221774942399009,0.0435030402938706,0.102695699927424,0.101348512875128,0.0475626597814887,0.0995477152580836,0.0706403634916867,0.111115899314339,0.104628358888378,0.104628358888378,0.0586286887520864,0.103799367153723,0.0770115913040067,0.110755320709451,0.0522415236755618,0.0551962657260329,0.0315860009582077,0.0220295762497885,0.02646025768434,0.0519892513459768,0.0653107585077839,0.0637421128155466,0.0600786193851778,0.050276239766492,0.0700567874051823,0.0450056697597549,0.0586645768473213,0.0980752647184766,0.0595949729396004,0.0577067953292958,0.0470100831023108,0.0225578180677741,0.0351366351702399,0.0432993139978007,0.0611344421941815,0.0549044152433655,0.0620027986635902,0.138014673684851,0.0395501529583821,0.0551979182887644,0.0577067953292958,0.0233972456270345,0.0336834234403969,0.059101127009108,0.041685292947284,0.0293706228127438,0.0298397466093601,0.0261150931014605,0.0876768339402779,0.0620027986635902,0.0490097285680448,0.0315160909204246,0.11026227040457,0.118410545471069,0.105559711132103,0.0283245757348364,0.0880094645216394,0.00343402291055926,0.0714646811281283,0.0661053377652914,0.0572957242208367,0.0407731994201753,0.841963430108039,0.101991829030916,0.121513685273103,0.106897463478532,0.370606925039079,0.025622889416406,0.0937326605252362,0.0803871962314433,0.654099736125473,0.355213160624899,0.204487802255827,0.99999999999011,0.112153167542639,0.0258003608890441,0.00232689528437767,0.0344701342224956,0.0380931940350843,0.190528744373967,0.102398164621249,0.145419314475898,0.160700287884226,0.15928959928385,0.0950648960665113,0.042208872092024,0.0107202273304784,0.197787886949947,0.0406702687641702,0.0625930408968091,0.263297193044741,0.263131225464809,0.0713443920982403,0.342787432396261,0.049994260333726,0.0990774080837975,0.0310586116761854,0.0754008681983696,0.0738016104763167,0.055651282200924,0.0296262947657368,0.032270515107845,0.162704677692979,0.030209101564028,0.0313082589063325,0.203831245884695,0.106138409337702,0.159485308548164,0.0695588247356105,0.0926467134197113,0.32718312665802,0.303108249512741,0.388731896566903,0.0437201022235629,0.178135049793156,0.17877663484079,0.323063410348282,0.0144645642742743,0.104153399801282,0.0965371419409422,0.0878727987659238,0.0888079200867123,0.0710726829211074,0.0788478845031617,0.0665650433331898,0.0870631493799103,0.0635315161712756,0.163021801513085,0.00388484693344614,0.0132007367027128,0.018473275502112,0.0326493834148267,0.0294464494608354,0.0170019079187898,0.0108670470272033,0.231257931640048,0.00453566300635907,0.00990295376479814,0.0122374721033657,0.255762005463808,0.0116033760670203,0.181881046085073,0.48416137193991,0.0280229257853637,0.137709278190798,0.137709278190798,0.556953728626603,0.0887895263681181,0.120383453192771,0.011463280075872,0.302249446951669,0.00317156750588931,0.00292303248637562,0.00855983766530874,0.00479140087853181,0.00328961957813738,0.0212415985329365,0.00196159455997546,0.00196325861917415,0.00257130635889755,0.00896202163893833,0.00197300605336066,0.124747795628616,0.165417103466883,0.0678560296834587,0.0592596370624213,0.0018742838627664,0.0121611211401461,0.0174213304077358,0.0105221410944043,0.0222219093878329,0.0314831412464013,0.0346347806525899,0.121759063725979,0.0345442021496852,0.0299183924929154,0.0286390570013336,0.119202105254179,0.0072135759134503,0.148808058765449,0.0794074047306339,0.114710101366867,0.0385281011747332,0.00239114260451473,0.0599259410056364,0.00903280171605,0.038010014092734,0.220329166633973,0.229982754648649,0.0281824529126367,0.00507797918575413,0.00608096487652612,0.00309447927824945
"Nyoro",0.117661411940219,0.38717300340208,0.184578457336255,0.364693636681034,0.0213019750522777,0.403729087793713,0.0286306491655177,0.0675871050750613,0.0517941400922583,0.154464425166578,0.0686746429242322,0.0516653959007775,0.0487922323870362,0.050752944188528,0.050752944188528,0.035345370141282,0.0620265997021242,0.0460192318818779,0.0488978920661639,0.0254932713682875,0.0282080421161048,0.192609651043562,0.0594836704019716,0.0584558212876476,0.0967655012009892,0.21047032134433,0.0325753958029467,0.0548740763529581,0.0336837466491604,0.146903619434746,0.161528086712343,0.0419149223231559,0.0653159406973354,0.041813906437613,0.0551985601094043,0.187190694220636,0.089823572849712,0.023764941383433,0.0263274027488586,0.0312427461799197,0.0367845014179091,0.0435033207384284,0.116667347221377,0.149948136455955,0.0367605834959212,0.0551985601094043,0.305894168037966,0.212954240594775,0.0452685007895658,0.0184612876717734,0.339377157918126,0.431850342606953,0.0183232579140769,0.0838659461305239,0.0435033207384284,0.0250464133644172,0.11009311646353,0.227725471920686,0.1689134548202,0.150581651543054,0.0969098421223863,0.096069527467511,0.0229970170157832,0.0272154041844135,0.0201860049983671,0.0497701699105043,0.0898297607942095,0.0913265689232908,0.295852312676365,0.324346947128678,0.126972965299876,0.146457896553844,0.0904575117885331,0.196056311139023,0.156950429711164,0.319248467009438,0.443769140446261,0.248693374477182,0.112153167542639,0.99999999998959,0.119480288574222,0.158082693750607,0.197740882147324,0.108707295194837,0.370480580141715,0.0542289542809946,0.249081116376333,0.407134560342826,0.505230131165182,0.101476993716926,0.251831428495097,0.117293415355566,0.185964530680348,0.277216326614634,0.2166851869871,0.298898717337717,0.300518428459699,0.208994550739597,0.298464253926149,0.209596002101391,0.316471891293274,0.169727222457296,0.219178028154239,0.0837977005652671,0.0824560685754258,0.128453389656737,0.140427336130324,0.312322663009489,0.209361532791952,0.360233653629945,0.21773819380618,0.289758048068427,0.103975634062375,0.160801908923471,0.194331494273385,0.393109227788526,0.340922796582417,0.350644612303041,0.0446363348045797,0.395836590526824,0.371189212478049,0.342750008446878,0.127341061533833,0.149469314506102,0.216019655474216,0.237253033771739,0.34229844594813,0.219220862250444,0.122256616043911,0.166352899445745,0.253123064114662,0.147067957433817,0.257921162015584,0.125617620522818,0.0108495118248458,0.0983879918984083,0.100666642640097,0.0574805785148195,0.125253338646785,0.0305635310370256,0.199488128570319,0.0533483482768735,0.0278520221722584,0.0344178466799364,0.170130318206416,0.0326733438293241,0.0594126185224209,0.145633718789917,0.237476422585836,0.197347591628139,0.197347591628139,0.232658141720083,0.241280273093998,0.115184383577195,0.422743651906359,0.0730003296599455,0.0864930281080112,0.0797151347197419,0.105674773368173,0.0387733944634289,0.150983119744458,0.0624404731663658,0.0242167046468514,0.021810528308394,0.0317438516197599,0.0263441977210411,0.0243575843018665,0.0977807493507144,0.240742861367898,0.205313606827367,0.0913965452351707,0.158915295599325,0.00921530782836704,0.0813439597022143,0.272950168105142,0.144852408741692,0.0320864389418226,0.079601513687696,0.0942997719138306,0.0921467566579322,0.0820732033035345,0.0840446926438182,0.090448287435833,0.292711842724395,0.347999569257786,0.0992049732598059,0.0975822525311927,0.138612129558858,0.0374759812624672,0.159621181121734,0.310042885448376,0.30794047203874,0.0534863141095948,0.0552876250117973,0.0172569720770659,0.0374125613201034,0.0448021669656814,0.23816415603523
"Nyakyusa",0.165711688778835,0.404008169899868,0.195538035214845,0.0557927714224663,0.0817001345016792,0.0442820675951621,0.0887833009110695,0.209586805131458,0.170904609267481,0.0927875216007865,0.20493818999664,0.147075544294978,0.187134382552415,0.176353496634993,0.176353496634993,0.11437566252553,0.202861247693602,0.150508311633981,0.186535079053575,0.0880588699203958,0.0930777962057738,0.0657865819733092,0.212576795538384,0.0528335125098458,0.263050804212954,0.47470018529778,0.107488709757901,0.142892879509027,0.0996479841550689,0.138723227351299,0.0758933326905926,0.117486307136806,0.194204127092084,0.118993994156738,0.139181166007687,0.113382109385847,0.0544064768005474,0.069745314664165,0.0845742256209058,0.103091379042387,0.108821071854473,0.123801728534139,0.114932236540517,0.0831131425388947,0.109300378332482,0.139181166007687,0.0467973161039049,0.22140404576287,0.124198771075251,0.0702084669715022,0.0582128530353739,0.174825244636615,0.0521443182652232,0.21146493943829,0.123801728534139,0.0826454012380655,0.0649917533095988,0.0875601251709773,0.0982456727975004,0.265051609968036,0.0653607700633611,0.0561271820569978,0.0488879375619511,0.00801390053164418,0.00741411961265495,0.0221869343472254,0.0365285081073302,0.0291866408711339,0.157444421673423,0.0794421390773764,0.164816944154527,0.080551636574678,0.129196621682557,0.0249996897258942,0.126895375394141,0.0606874144422833,0.119457566171125,0.0416524070295954,0.0258003608890441,0.119480288574222,0.999999999972387,0.147558860297082,0.0801700698540578,0.0676943975869646,0.118740594935058,0.0693095290411543,0.255907851142493,0.207690364899851,0.288595041192807,0.18737514143044,0.226874064048871,0.0540767125045904,0.0407721452150022,0.215186078140881,0.0995189168719886,0.134447341115261,0.137307479643509,0.113459998391045,0.022622962389762,0.190505856117071,0.104898802847804,0.474599163279571,0.0608192194943115,0.0602243971607217,0.0767934705439062,0.119644005812982,0.130600556820869,0.366468060494989,0.0231405076669571,0.174440454069279,0.0853430659871372,0.158240566423177,0.0602495822353111,0.0383339086053932,0.0413745352067674,0.168447483871004,0.118372104126704,0.249601453513513,0.0540026958106293,0.0903405723299054,0.0767056018505138,0.131393279260865,0.0560694512194511,0.128549450382404,0.114028128211061,0.10537739804599,0.152414768870946,0.106499733477531,0.130202409576263,0.0277107886592512,0.119995309432055,0.0218560958524867,0.14889656808401,0.00676250484988471,0.0302867591993337,0.0954869176100124,0.230593274533371,0.153496397646321,0.132487902033087,0.102809204495381,0.114707418496919,0.0608348361104383,0.093819387130293,0.115936331727797,0.0343546044511803,0.11009883575569,0.0533923467899623,0.0495200167080919,0.226607929703973,0.170499471904751,0.170499471904751,0.104651732271477,0.0808739947161855,0.0967028558851347,0.167120124477426,0.0271719255888205,0.0649339518340986,0.0598455023667274,0.175252169669251,0.0671122467057668,0.0692948189357371,0.119934064290338,0.0401612409129958,0.0362429096685238,0.0526443416227367,0.0506012613766317,0.0403948772333492,0.0632132886559727,0.0641746592960484,0.0489104603282199,0.0276573392127521,0.0391571035126151,0.0203199725178474,0.15239453101829,0.126725858162435,0.255224491774682,0.00211701005037645,0.00480441180387953,0.0632749271158083,0.0288722673022168,0.0242966509761148,0.0492229522278539,0.0613186445821583,0.146873919595756,0.0299147001176485,0.0229823007971128,0.236928481337238,0.00422537281608905,0.00735939804777191,0.0501589419232333,0.0998627117014648,0.0961066007752873,0.0580758534619977,0.0196738796496949,0.0551035148384456,0.0149427886447409,0.017528472954671,0.126060394945871
"Mwera",0.0698547609188704,0.0737432724239492,0.0885923866982893,0.00959604727115879,0.0076541397178629,0.125706619527569,0.00686389460900716,0.0162032919157195,0.018610461417879,0.123905219877803,0.0164640175855066,0.0120073373643891,0.0175318280545471,0.0182363431071879,0.0182363431071879,0.0176165980563373,0.0315805448737693,0.0234304705477662,0.0170323350374765,0.00887993164524335,0.0101355998678267,0.00532756253168164,0.097611634013128,0.0440137229403478,0.121252852757489,0.221110747179173,0.0117048597714097,0.0197394253536976,0.0165187564576323,0.110609603326657,0.128977514347776,0.01993049071274,0.0325543252013493,0.0208406017516011,0.0201802984462752,0.140373474566663,0.0673583004292613,0.0116545015918553,0.0131219243210489,0.0112260174863795,0.0180393893430879,0.0216826280925147,0.0177023238173465,0.111529588553589,0.018321959033832,0.0201802984462752,0.00804887884301122,0.0942067374310757,0.0108526431493641,0.00663343539106375,0.00965000898049025,0.0654657059138119,0.00913255310282104,0.0306609414999913,0.0216826280925147,0.00899957618259616,0.0820782295820953,0.128268650182285,0.0748936421426111,0.161716014367775,0.0726722624489106,0.0446287109241677,0.0360871142896307,0.0142150897714208,0.00110406389786676,0.0187985502827234,0.284773518060382,0.0426741364753008,0.074329907249694,0.0276694679332294,0.110124049634696,0.031538318567802,0.0862009833294652,0.0301634456619199,0.0842952116178398,0.0599207618218185,0.088670558653158,0.0362833291839632,0.00232689528437767,0.158082693750607,0.147558860297082,0.999999999992095,0.155455516553229,0.126882998070297,0.128052339334023,0.0259938370296063,0.121170305852836,0.146923975338984,0.132727688436473,0.282116990232992,0.415913535664933,0.325703924679277,0.0347726145474429,0.145406550219,0.0769277818613216,0.0616122978211152,0.0631490558627966,0.0706307956942355,0.0338937364520677,0.08199059683852,0.0513633472565953,0.0853712780362035,0.0222782457187494,0.0243015982710879,0.0335649919036264,0.230310367156527,0.251779041638508,0.16854225337487,0.0358176493378992,0.114884698654664,0.165036955551925,0.0667053544418676,0.121633443452993,0.111608783719211,0.123208425962769,0.0939806451537971,0.0669048837496459,0.114703547428027,0.00751980769959421,0.0329167340315073,0.0272780921691408,0.0568570102586012,0.0258839982738463,0.0559996507386866,0.0670460362097118,0.0455993170687354,0.103103663231933,0.0463941919685897,0.0590470615414193,0.0171756560411155,0.0523486599024421,0.0149652748371807,0.101495502523721,0.00323325706772442,0.00387300874000154,0.0432521116853145,0.105968399741592,0.0664269363273581,0.348617091683531,0.0448544786927989,0.0643905378054521,0.0440868350619627,0.0409452710074088,0.050597692730741,0.00447345496946764,0.0480464682575934,0.0443023844278009,0.00539510173440577,0.1312069244591,0.0744104954991134,0.0744104954991134,0.0479580603283947,0.0371105003933162,0.0822249423079002,0.123583359619695,0.00418512890710002,0.0724382815845288,0.0667617668347282,0.0841724806934059,0.0308813829401656,0.0332723973570791,0.0441578600998252,0.0192891835900782,0.0193055469834335,0.025284735915939,0.0186305986872798,0.0194013975997597,0.0305697072262497,0.0509255647876241,0.038275633715529,0.0198323141805305,0.189018877440858,0.00747888180329806,0.070710631320511,0.0633059056566301,0.126823427733216,0.0951330370237161,0.104688323233631,0.130235254952125,0.1148426267271,0.102327824219648,0.112588323354193,0.125373526618493,0.0668809654022466,0.00576767038425991,0.0221156867936392,0.0353877392741427,0.128055900108191,0.21040906190407,0.199013654958222,0.048843148874349,0.109286542357814,0.0243514925913642,0.00263008865170991,0.00820566763929743,0.0326514785351618,0.0389049959983349,0.110294148369698
"Tswana",0.0794287036886642,0.122732847261962,0.104325669538198,0.161194646458242,0.131272938477567,0.102021795112405,0.121949179384482,0.0281688602564955,0.0208862234364425,0.0677169354638547,0.0286221227784527,0.0213400230203633,0.0196756904503226,0.0204663564351061,0.0204663564351061,0.0146433460052967,0.0256576646523722,0.019036123612187,0.0194445156968378,0.0101375395610923,0.0113750217549812,0.0847580794983845,0.0520909845694951,0.0253985976058496,0.127433407039676,0.120137810613478,0.0131361770665194,0.0230026426727787,0.0138175779250602,0.0638284748163816,0.0707665015519248,0.016875806765321,0.0270599491669436,0.0173232165161664,0.0233037852012222,0.0189841226263165,0.00910954323234244,0.109286521555388,0.121177739119011,0.0125987800223802,0.0150895540235299,0.0180231293493041,0.014714603348856,0.0126256558430491,0.0152296592548376,0.0233037852012222,0.135205271797897,0.135805429541482,0.0188669432035941,0.113604642479848,0.00807202112377993,0.0400829430291383,0.00759120089858587,0.0354066118839745,0.0180231293493041,0.0101000805277828,0.198573421098617,0.0699111901066512,0.0428603334561104,0.0865767632135501,0.00982820398305784,0.468981317663881,0.314756611014928,0.282943917957646,0.259507872541243,0.363466915548442,0.0299120161579594,0.0234141537022788,0.0744591434164092,0.0592386606855294,0.0851429641470665,0.0495883391784751,0.044968653103616,0.0992265019418405,0.0705239718487278,0.133969436100987,0.117040697685255,0.0884442814614284,0.0344701342224956,0.197740882147324,0.0801700698540578,0.155455516553229,0.999999999997949,0.725671910230953,0.148997612164462,0.0442820697400981,0.119892527412509,0.191181747331609,0.133584254081141,0.0554839059164046,0.120064145254486,0.0518720299664626,0.0743471030425948,0.157610571984023,0.06288127028281,0.107461190136989,0.10819606452538,0.158387110949404,0.14694102705496,0.102433400458255,0.0652668782006116,0.0811774359784996,0.353934235721535,0.063253789721863,0.24839101650961,0.45259660890263,0.494732500834761,0.169629950340409,0.0840842844294574,0.16611351989948,0.42804672704637,0.166349024970307,0.317115414601036,0.462230464574081,0.368290431633676,0.115546125157148,0.122142477245083,0.157289683559574,0.00682162374425842,0.0976704054506163,0.0861062312163361,0.0994972241489081,0.0517062063361905,0.0674119833746652,0.0968785758587879,0.0789320544804296,0.120830455551437,0.055849000063583,0.105403692461366,0.0975488675429369,0.0879074426812976,0.0650311809652392,0.14511466230671,0.0561237556102254,0.00453282147543906,0.0509775241767916,0.0575938101756027,0.0370968309269211,0.0632310013107239,0.0249563282242148,0.0940190002670879,0.0239241559599572,0.022778010472016,0.0281476895017469,0.0752539922575332,0.0267293462873222,0.0916864988549275,0.0639394709319507,0.120932003302132,0.0890655053700373,0.0890655053700373,0.0836461294547123,0.107298631731205,0.0825124074636609,0.21068929474178,0.032155790434555,0.0387106935269106,0.0356771894462661,0.0477639671874159,0.0175254721892177,0.0673124513113043,0.0271665764148536,0.0109457143768257,0.00987779581502896,0.0143479114155956,0.0114618231441967,0.011009390607254,0.447721762216718,0.525596903176483,0.435090565046071,0.380929791942323,0.387320510110988,0.116713754697857,0.108990710279945,0.121552711930577,0.0652477326679371,0.296015708007374,0.275649619576924,0.417408826351431,0.393824261637043,0.363391866444569,0.235658412688681,0.343648381538274,0.199375796281482,0.217308201172575,0.18263361728573,0.411312140852342,0.332565544408116,0.288284206366806,0.567121419275882,0.201091232573465,0.14244336939697,0.0344027795860637,0.0242391320523678,0.00694801063634238,0.016853439545621,0.020082587896984,0.153027610055107
"Southern Sotho",0.0779964371418588,0.0627527322995965,0.0872368987487079,0.00722649263485643,0.0134028310366259,0.030664409331488,0.0154935382180801,0.0365749092695014,0.0263763999653577,0.0590113741837933,0.03536754909558,0.0250172425201078,0.0306992213161192,0.0278353739392447,0.0278353739392447,0.016197997789179,0.028550446694769,0.0211823577799299,0.03054078716219,0.0138644851255454,0.0143650729552041,0.0111850227872782,0.0451275972480899,0.0214328202700971,0.107153558928902,0.100073002231259,0.0165891675618548,0.0212768071557566,0.013342914397735,0.0551941240389834,0.0622285035828178,0.0151453964823793,0.0260919859264324,0.0155098560161972,0.0203824004341802,0.0166042548847652,0.00796756219345629,0.00928858243290348,0.0119264943855375,0.0159105097173876,0.0145711953808385,0.0161365033397912,0.045868958668219,0.0139693609777486,0.0146848781011766,0.0203824004341802,0.00606136693934252,0.0432674672608964,0.0208748870897743,0.0114819235316337,0.00779472983292081,0.0335685824746953,0.00679656880216086,0.0309680052063058,0.0161365033397912,0.0127549992219968,0.0976658467302361,0.0839192736654915,0.0642978909168105,0.0970542544323214,0.0100877523430874,0.571948759323141,0.385837226591968,0.360251608559888,0.331412426040112,0.40294866869959,0.0358494690842394,0.0302067922474555,0.0696071713595796,0.0587187042116266,0.148300066704223,0.0496540518735493,0.0438665957423504,0.0422944990437344,0.0421338897145835,0.061491030907997,0.104203153599589,0.0410812468180742,0.0380931940350843,0.108707295194837,0.0676943975869646,0.126882998070297,0.725671910230953,0.999999999998616,0.137727276854175,0.0458229535807422,0.110640289173242,0.0791849094244753,0.123046798613702,0.046651552731894,0.0766679092124511,0.0214820629594317,0.0340075895399847,0.131094864971212,0.0820032940150859,0.129075031345646,0.128993669784839,0.164542849174855,0.117870952235167,0.0976605539214753,0.0606444274238153,0.0742895688009161,0.274234943012728,0.0587790233595914,0.208708964344695,0.379061273551743,0.414352021062113,0.141446889116788,0.0232445860879337,0.0889643604177542,0.352287489567762,0.139171131251178,0.285021752104148,0.401410975560914,0.306813643486354,0.102348375148436,0.107220280335327,0.140778563560651,0.00759539104221436,0.0814101080910113,0.153272198026757,0.0836197489723434,0.0429724193607193,0.0632225385445566,0.0639276799788435,0.0721494565776435,0.0667675143939278,0.0466858986346384,0.0579356068993233,0.055914617243381,0.0794914152185638,0.0545402495209402,0.121345632257118,0.0461058816275126,0.00466228757153844,0.0426277902644044,0.0486382937144836,0.0326734907310847,0.051866805236103,0.0212743544499075,0.0843982310107985,0.0195569356957916,0.0194163120914627,0.0239935056966896,0.0628799519692488,0.0227847954366681,0.0790946568209503,0.0545448034180667,0.100371547633533,0.0834868891630695,0.0834868891630695,0.0741603116632661,0.0880167314294609,0.0691725185971903,0.0980144316362345,0.02740638939915,0.0318009839873446,0.029308948688955,0.0392382832057903,0.0150261725587807,0.0155148420425269,0.0242982306863929,0.00899194656343162,0.00811464734739287,0.0117868645484722,0.0102516422603711,0.00904425683224192,0.390608737677467,0.425165048690278,0.379958391404078,0.332307388669468,0.309609169033902,0.0968555110383918,0.0892884453642798,0.101628861027562,0.05714377692651,0.263624085564583,0.24841452291988,0.364912729920723,0.345292492190492,0.298148559654835,0.211511325411114,0.290028291702405,0.163541963213266,0.178296918802018,0.150845385089078,0.358614999691174,0.266309464146942,0.236073390009471,0.465805303095378,0.0948258033290102,0.0749023296703424,0.0286258014672857,0.0206678346216572,0.00774300698608254,0.0128646448145935,0.0153237334124008,0.0857823235809176
"Lozi",0.145744325214824,0.376016639621711,0.538422336809879,0.0246273004158597,0.0372720769480291,0.151306436092496,0.0334239532411351,0.0789024456480681,0.0906242341452584,0.278818955859907,0.0801720575945138,0.0594776884948456,0.0853717946558196,0.0888024531253203,0.0888024531253203,0.045045186225671,0.0781782725834156,0.058002600037368,0.0843687394576126,0.0439862554228865,0.0493556261198523,0.026529938702102,0.112410531019057,0.100490367668759,0.0242481954406844,0.177665294781824,0.0569971871613444,0.0505849238649336,0.0423315280352117,0.252539411871543,0.307052159343573,0.0512947446606439,0.0832405687185324,0.0532888804039681,0.0516005019067629,0.0420356713439827,0.0201708434441071,0.0292046204972255,0.0328194818112804,0.0546654494154594,0.0462283536700169,0.0554419200095662,0.201561575350652,0.0353651200265607,0.0468487760268698,0.0516005019067629,0.0206566466042934,0.0300501359351418,0.0528472911988932,0.0315961059741539,0.0247294417562227,0.0266822285496618,0.0233517024072912,0.0783992354972939,0.0554419200095662,0.0438237226311107,0.194841269263195,0.418437483353782,0.304552735272814,0.271500301194504,0.0217621409572731,0.0890858095806472,0.0280172598264965,0.0134582332072562,0.00284150935112137,0.0554617518789051,0.167462503145728,0.302390019560179,0.368972357416564,0.37871150925301,0.297196339949046,0.251513648744147,0.135069092358113,0.213738945345072,0.223585216034189,0.261172340676631,0.490394280802392,0.179384152434334,0.190528744373967,0.370480580141715,0.118740594935058,0.128052339334023,0.148997612164462,0.137727276854175,0.999999999961384,0.184315451894698,0.586479920442191,0.417176360804861,0.642419143920708,0.241544327541938,0.23317390931295,0.063365983662656,0.144815608883505,0.36574187890313,0.226923653122179,0.305842367010862,0.305649581372298,0.25810065753299,0.249748965262907,0.318288657282218,0.387440740407787,0.316098749769111,0.303921680871567,0.256556945427309,0.224584930136305,0.236904241744532,0.258755534605695,0.737585113601057,0.117062941568072,0.341216528996106,0.226434887662642,0.309116931691559,0.18621306633238,0.173262885860062,0.211445324905588,0.415375467920508,0.385028360767609,0.376701864579208,0.00894947246604057,0.411618628527428,0.406479226020869,0.358865863953393,0.218453700480163,0.377423879055961,0.38630543558508,0.318427364224889,0.404150777094944,0.282620562961247,0.357439175527338,0.285816227374202,0.350978181245851,0.172598295713978,0.406695495952352,0.243518048415623,0.00993560524334998,0.168940410115375,0.08443474133986,0.0758884940213956,0.176530396171061,0.0498430867697877,0.218596756383805,0.0936832822412864,0.0455762082830985,0.0563203252976265,0.182547026160775,0.0534592049270129,0.408622745372954,0.0148818941939552,0.355735897837874,0.49818615368337,0.49818615368337,0.238062971303176,0.28800946949586,0.35820654403613,0.341098530293392,0.135129313787805,0.0977227456444896,0.0900648526782089,0.0176700195470432,0.00642341124350085,0.00679987679549143,0.0184144030876247,0.00404930742546935,0.00405274253250275,0.00530793169223934,0.00776920243008299,0.00407286410014765,0.116186111185359,0.235401794991781,0.178353541120913,0.171741635792627,0.0953659801991774,0.0188813419797553,0.159360245594859,0.5274108773859,0.283106508988175,0.00250348121818864,0.0864127888739385,0.114816683781554,0.111864303092786,0.0997233594734659,0.10593043256288,0.111573018825194,0.539127753567422,0.366035155376763,0.0445062435837083,0.125052252212896,0.0238447327843792,0.0689735153695505,0.193948326418475,0.110473377356334,0.173865796203281,0.0986957498326124,0.10182177928625,0.0211187788803789,0.0658504358644506,0.0784244581720324,0.387641891594627
"Songhai",0.197765324434027,0.0744592456189105,0.149906789266333,0.0809517268335585,0.0472415091489644,0.0639155945479299,0.0423640999408814,0.100007053894178,0.0988222566805812,0.124248729000523,0.0969782383797299,0.0688511485442736,0.108206806507813,0.101972969515918,0.101972969515918,0.0570937482281436,0.101091793429674,0.0750027682563891,0.107860270949507,0.0509183238728238,0.0538204200993248,0.0307864609528535,0.160990029126757,0.434906959292156,0.265046285323338,0.100200695241611,0.183704930515601,0.0585569176482154,0.140549748678854,0.0682787986196677,0.0438838392681054,0.057211851640619,0.0955861879671718,0.0581094832635531,0.0562683711725052,0.0458382897500385,0.0219955322875789,0.0342495254993603,0.0421685472521273,0.0596105790518613,0.153488045240774,0.178692222726089,0.2303261635233,0.0385643090019385,0.153706308326903,0.0562683711725052,0.0678998990943206,0.0971979994345305,0.0576279471470446,0.0405966765537103,0.0821070484595336,0.0885702611977296,0.479033381068172,0.0854913638373687,0.178692222726089,0.141246161815049,0.17100929298485,0.106908315986331,0.114792301920294,0.102334147543089,0.0275830183156727,0.206838670066112,0.0104495923516877,0.0215177925026969,0.0199046249347699,0.0311960427495076,0.0395441334821614,0.115059829234047,0.111320799460585,0.132628277368221,0.175451469347625,0.128610719304799,0.476112579084978,0.132889321076638,0.104953357383742,0.121025829957805,0.123517619312792,0.072118257334084,0.102398164621249,0.0542289542809946,0.0693095290411543,0.0259938370296063,0.0442820697400981,0.0458229535807422,0.184315451894698,0.999999999990767,0.211657738313709,0.196423836189961,0.193821058008841,0.10629553735472,0.0733627476102887,0.173231559909844,0.0829148102577607,0.327527865539094,0.427961969440755,0.138779475909631,0.138691997218747,0.117116107990029,0.153873972138249,0.0850136007612711,0.109330497891269,0.0301091915164051,0.0728495443168866,0.560081445481778,0.409037076666649,0.0286238358397103,0.0311785842345074,0.207892744134317,0.0518455441372463,0.0549031264257096,0.0481125689304693,0.163911490822026,0.310003729766822,0.066103881537774,0.0824597292077489,0.296840406572832,0.137128071223271,0.0796457212046863,0.0211292289409444,0.087443267546008,0.0971591237780936,0.076236597617136,0.00333155697482663,0.0902141389633985,0.104533536818778,0.124689453362854,0.0859269385791096,0.21058899809757,0.0996886786794033,0.115219796442037,0.137523058739994,0.0102221191966001,0.155038034501633,0.00391028652131702,0.188122515667848,0.0271756920805652,0.0494098612270843,0.0156549659229503,0.045038909640213,0.0104993409614222,0.0496870563171752,0.00448731005555156,0.0096436874335112,0.0119170864313919,0.0144980495621492,0.0112997581333254,0.370238117742148,0.0707681160128368,0.0453200049578748,0.11948467091493,0.11948467091493,0.108023799036706,0.00572629738173656,0.183780746759784,0.0449112641401667,0.0972262472855348,0.135860679004763,0.0981845186072983,0.287524529557192,0.107181235153814,0.113870902853444,0.297913394158735,0.0840289756895925,0.0841002591203311,0.0863700551454589,0.125692342826245,0.0662731770725814,0.182398163042625,0.0693632726635193,0.0768076571626133,0.181743135697185,0.204824040772362,0.250137459258363,0.164726230436944,0.010166105540709,0.0214699911478175,0.161504922467611,0.14563740229958,0.318760953846155,0.143222660320193,0.153477939895091,0.232460437087022,0.00670373135974081,0.153777114624246,0.138756199316199,0.308607163931141,0.300169270954339,0.035912357995406,0.0535242352225887,0.00394233645640471,0.00872716063677169,0.187357468603147,0.457001159068134,0.47624895436735,0.0743496391370062,0.00508276966107547,0.0511381723291854,0.0655979174917257
"Kanuri",0.214110473893743,0.285540039118818,0.516565662797811,0.184453836424134,0.0670893653279856,0.105016567333617,0.142790217661112,0.176220545272314,0.179618286384113,0.27720504948685,0.172469475167524,0.246883210167761,0.190669174847585,0.18330315288875,0.18330315288875,0.361365353504481,0.201580694987719,0.271698691283979,0.190257172550837,0.246207735986337,0.198444477189555,0.0554307703318737,0.278026255870673,0.0536396559671549,0.383978307731098,0.494371834064071,0.285588999286817,0.297765674615643,0.379191552202925,0.13968526254761,0.219211457952528,0.304726609706278,0.195550918175735,0.305462781735007,0.295784650228366,0.180995712064908,0.08685090675014,0.237092065631369,0.152394494335304,0.297770709245726,0.347227546479283,0.293600395528037,0.359615395687993,0.192638988344049,0.347453466760729,0.295784650228366,0.111615702916238,0.286278961424632,0.287866935153106,0.183582449565822,0.221517999462944,0.14495209159539,0.123662186694472,0.177736561180558,0.293600395528037,0.371437401180853,0.0547046483598518,0.256127479466498,0.326081461249155,0.386860150547092,0.130215751463583,0.0943477438839111,0.0415256484784926,0.00658074192587773,0.00737072244642181,0.0558763037248428,0.091270031327237,0.169171474054543,0.363783087100558,0.315088258866986,0.247865296163791,0.22745319970485,0.126241325803368,0.134684050710417,0.213171276189144,0.17692406897312,0.366470596764683,0.12525775047596,0.145419314475898,0.249081116376333,0.255907851142493,0.121170305852836,0.119892527412509,0.110640289173242,0.586479920442191,0.211657738313709,0.99999999998138,0.457237460913325,0.602116112718573,0.247942249061218,0.215646088567434,0.0412263678192703,0.12233171312398,0.387196223475117,0.232908751466001,0.317328590307902,0.319546804800917,0.254470870369478,0.175092180954086,0.400353327369164,0.33162465091919,0.229491717246329,0.226438384278359,0.263902232671156,0.206203791452609,0.22298203829025,0.243606466115909,0.710299103172075,0.0766564460480003,0.28460399025234,0.196189963397077,0.322465995566337,0.168216191889047,0.159318268319091,0.157082202680957,0.355540153579657,0.332469162250026,0.397173485578576,0.0361407226497023,0.303462761659392,0.294772853373142,0.330329278779352,0.175407764551981,0.320777154121448,0.329313758845571,0.268107736325301,0.393252378443279,0.244878127021986,0.342714131077991,0.190454913883756,0.302386042781787,0.10798781641408,0.374359706471553,0.169098847943516,0.0210036554414997,0.187079789394532,0.26268842934441,0.165862880879866,0.219119045024374,0.0812402065234165,0.213218658790399,0.0459336139787703,0.0929496408741128,0.114861551838959,0.147625078320779,0.0870041392701653,0.379247973762048,0.116170154367113,0.332376407107659,0.471075386640312,0.471075386640312,0.23471482587805,0.236318989439315,0.237621532941162,0.295001550573081,0.145762987241931,0.0897280236478689,0.0937231563322744,0.145846837012587,0.0499136333006581,0.0512933736831453,0.0910616222994313,0.055496218427784,0.0555432969600411,0.0389789628805224,0.0384197181893713,0.0336170735407877,0.125113382746307,0.165341974327162,0.14526535237493,0.112991160011219,0.051655266931872,0.0355450243004956,0.136841176819986,0.383946121675461,0.31494914611132,0.00396389622230214,0.075889912952414,0.122615671150321,0.0941610154594433,0.0827017989640548,0.087114207769174,0.108040378325836,0.388745205905386,0.277690192537912,0.0188722819570583,0.113305717539352,0.00621818732569252,0.0438232293924941,0.143881762444991,0.0820038545691004,0.194890967142123,0.141563196910736,0.113874906380262,0.121387676268847,0.379810440721421,0.121943429301875,0.296097356714021
"Fur",0.130428689762397,0.409934967219982,0.257485410878982,0.622753031354652,0.0646605883612231,0.137513402936323,0.14933547704968,0.170856591912834,0.15721732673764,0.337542297567634,0.173605829511821,0.269483115772486,0.148105255301183,0.15405685267056,0.15405685267056,0.358147640185594,0.138070958958046,0.240384079823028,0.148425977534745,0.251948009087504,0.199264886733248,0.314483654056353,0.165039402551682,0.101300930351875,0.338512248413514,0.427821921734668,0.0988802331019013,0.311832395738091,0.242469928561998,0.254576413311118,0.436554750665149,0.300056556144115,0.144407947978216,0.300994275143467,0.313676336518025,0.187811926015705,0.0901216713198006,0.240286582558458,0.134887343429679,0.308769619430414,0.189266973535608,0.0961821143671774,0.201102726048805,0.214982430024268,0.189143908860722,0.313676336518025,0.473671043892399,0.481192925200125,0.321255493369625,0.181898078515436,0.141647284052296,0.153169074656455,0.0405111531345455,0.169766932768894,0.0961821143671774,0.247531746349336,0.188176668123653,0.451225201741693,0.428430895664161,0.490545932865825,0.132290741328995,0.0465645382226949,0.0390109466022037,0.0135956116902764,0.00504131123680655,0.0184190012291813,0.178782898882252,0.249807885579523,0.247584221914627,0.214339449295973,0.290554584826198,0.161848570467389,0.150878901788403,0.396878484082673,0.30892898136003,0.492181370427487,0.283173884681509,0.168198946658137,0.160700287884226,0.407134560342826,0.207690364899851,0.146923975338984,0.191181747331609,0.0791849094244753,0.417176360804861,0.196423836189961,0.457237460913325,0.999999999976249,0.397692917381159,0.256341913433819,0.405055605516197,0.184439891113743,0.274268086454946,0.160580025672869,0.165093826637435,0.2225539045682,0.222413619240741,0.176272684085484,0.486582993655125,0.253947466821036,0.201902652356385,0.150856390906886,0.117961890218765,0.170257120587871,0.131070745229199,0.0932231077220892,0.101731041529398,0.443690389044021,0.321727684031122,0.429878394879253,0.111131503538765,0.0845508880778227,0.108732483189059,0.0930447279731382,0.0818541440555692,0.262625044569629,0.246801032009016,0.203198665688723,0.0367406987372233,0.141930743516332,0.157333495643542,0.201567592679608,0.0324925661192004,0.195870006377942,0.298225470085697,0.165252845203141,0.24710590721313,0.138694448530106,0.171064301804251,0.232138867844519,0.182383655083898,0.0422231429515658,0.228428429047306,0.00604866449605823,0.0218001913763749,0.051835553925381,0.237943707011755,0.138507758345335,0.0845014077036458,0.0574958662353612,0.151978892256875,0.0365804464185727,0.0700353478815014,0.0865454526300263,0.0247691261885843,0.0616158594481895,0.403492102980782,0.0324032448293318,0.184022622814856,0.313084530877578,0.313084530877578,0.16258778046858,0.0435330310084854,0.271017314071815,0.54115126046143,0.116148172724615,0.131531546521479,0.170826465725588,0.16200740820219,0.0594433113417804,0.229005412076622,0.110953970662573,0.0371260370856393,0.0334919767222135,0.0486657218503141,0.0468124790357655,0.0373420162361041,0.0475413084694652,0.178444093720227,0.0726569365067889,0.0604281266057627,0.225174307791056,0.0146651598665877,0.0189497984202005,0.00887717940565536,0.138031789044291,0.0018906227774928,0.0149378307775681,0.0479843273958385,0.014631554569459,0.0130320219222052,0.0380335167498671,0.0344158789681339,0.0147291541329206,0.0127101509595073,0.045897770758532,0.058475471085435,0.149810761213147,0.0918806664819479,0.00349425197378118,0.397761131798791,0.280511154879517,0.15268071345965,0.119554554148821,0.0374682339989455,0.0922012617528459,0.110073330194458,0.130546650818431
"Dongolawi",0.189680161996416,0.457909158291156,0.510881155343385,0.0501850283166632,0.0734884369231724,0.410198476879684,0.0798596727976812,0.188521191585133,0.153726951304693,0.083461428429791,0.184339809728197,0.132292950627584,0.168325466687817,0.158628169865115,0.158628169865115,0.102879740802505,0.182471621329726,0.135380689804553,0.167786399308787,0.0792080545172724,0.0837225274737692,0.0591743588822407,0.191210657430327,0.0475232051352651,0.23661151295364,0.426987970551264,0.0966849970957654,0.128530686352474,0.089632344460294,0.124780126803916,0.0682652779746604,0.105677733874498,0.174684629727567,0.107033882957238,0.125192037950192,0.101986049896311,0.0489380704566321,0.0627351985237422,0.0760736525438291,0.0927296430086301,0.0978834431996658,0.111358390948511,0.222265080674499,0.0747594232274982,0.0983145744834875,0.125192037950192,0.0420937080904943,0.199150678891836,0.11171552666087,0.0631517992959759,0.520721758895477,0.655581402116118,0.0469032819480787,0.190210554220609,0.111358390948511,0.0743386947025723,0.0584594186134769,0.178117848261819,0.190740022321798,0.329670374367219,0.0587913454162323,0.10161357577533,0.0439742007491364,0.00720842171579775,0.00666892490221828,0.0595537253690094,0.0725427871044027,0.178985962884576,0.566873871367575,0.578107858233776,0.271507012975582,0.209510188757596,0.138282388916232,0.130443452411861,0.206726957891419,0.188266616186746,0.5851069869085,0.262583445737858,0.15928959928385,0.505230131165182,0.288595041192807,0.132727688436473,0.133584254081141,0.123046798613702,0.642419143920708,0.193821058008841,0.602116112718573,0.397692917381159,0.999999999977659,0.27092994852422,0.242292054219707,0.0486414508388397,0.10981842285249,0.392400064551031,0.351724027793516,0.473428594831601,0.475779067695511,0.399527291589312,0.148686571415969,0.400987018833319,0.547078173230938,0.255634903090874,0.405185430503202,0.243162733022178,0.211587001486547,0.24369527937964,0.2662351498617,0.78750393906874,0.0487205043400014,0.311120831454931,0.348082336704199,0.310392950969817,0.172411283942924,0.241530344353103,0.281677340966575,0.591987659653045,0.514502281650123,0.441527730411226,0.048574873578334,0.57454019246732,0.539007681457019,0.548248282119021,0.172639213931636,0.35576231615152,0.327994343594466,0.462983334860586,0.621122005618412,0.434485163024029,0.339002745815633,0.21249427970169,0.51273289609856,0.122045740739516,0.387318095185936,0.185227717689016,0.02724263070795,0.17805273085608,0.207416296359348,0.138068442666952,0.215475355877177,0.092475829883664,0.237563071521439,0.0547203140298975,0.0843895809391217,0.104283546816852,0.161052298247924,0.099032778783838,0.273754511551034,0.0445427494884281,0.370184588124109,0.469298642247981,0.469298642247981,0.368509500782839,0.233249273388039,0.219662671583595,0.322275852724735,0.119084873933806,0.0584074267762519,0.0538304184273683,0.157637537501519,0.060366780775513,0.0623299822149108,0.107879466444906,0.0361246262026469,0.0326001272497548,0.0473530478534373,0.0455153180294703,0.0363347796876556,0.121631873810552,0.294398509452929,0.260366026537129,0.123489829928456,0.0352214148620522,0.0182776078370965,0.137077324884059,0.408288082014621,0.229571824813639,0.00190422892815328,0.0679787467722481,0.119432537328839,0.0883068729730884,0.0773764724029187,0.0951677581925207,0.115814481223061,0.437015158251118,0.302791505861843,0.0206723449450038,0.112561799631395,0.00380067971203059,0.00661970341325448,0.153099942175619,0.0898254896958583,0.138427739198008,0.12158296717183,0.0898819042388822,0.0495650490558043,0.0134408858378289,0.0157666824778544,0.276719432377654
"Murle",0.0967762249197405,0.185670107769498,0.209320186620853,0.0403488637426442,0.0477083551569447,0.0637730464778661,0.0621483676231031,0.146710898118689,0.127731017995246,0.124050803222777,0.144387161637989,0.104476771849999,0.135591338776547,0.130352016231871,0.130352016231871,0.0806750572270026,0.143352437252506,0.106357096510705,0.13529828989114,0.0651701253053151,0.0695646636611539,0.0467443050933587,0.129943704034831,0.0760884536758827,0.185367545630017,0.316148686534937,0.0803351201524154,0.09925575867023,0.0714214193353329,0.194689924301205,0.121258418386815,0.0850711110806956,0.139063614250424,0.0859119671265862,0.0971814989909696,0.0791676321220434,0.0379886382752843,0.0500633148536447,0.0597297671190182,0.0770486346025604,0.077996112729804,0.0893830827969607,0.081067637602232,0.0594349233326724,0.0782666459108055,0.0971814989909696,0.0338434260003999,0.138600824034145,0.0888156097994974,0.0509545795221064,0.0417233185654067,0.11032148824511,0.0376474542964044,0.147652734837929,0.0893830827969607,0.0617676800978241,0.0869161954462778,0.123458126721737,0.0693851006448217,0.165499723129025,0.0448763982729712,0.0339040502971167,0.0346410056652307,0.00980996950842182,0.00524162700393012,0.0140297144029876,0.300487648292526,0.132287975389911,0.161005447424584,0.128668186130582,0.18594498042481,0.127612287399163,0.0889283158926114,0.332442040098554,0.141480638172972,0.12464336358883,0.169321995937488,0.0374945064972939,0.0950648960665113,0.101476993716926,0.18737514143044,0.282116990232992,0.0554839059164046,0.046651552731894,0.241544327541938,0.10629553735472,0.247942249061218,0.256341913433819,0.27092994852422,0.999999999990581,0.242656176589145,0.352531357900903,0.194370518577794,0.143161575411001,0.261241384856651,0.354197900396804,0.355694503203591,0.296700196795517,0.394507630277472,0.533186735369925,0.4119666598074,0.0896887264672804,0.0865858552786358,0.0826676970708645,0.0825861356526008,0.0728677982885545,0.0795456682829422,0.344036308994035,0.0305516533647765,0.468589110137949,0.0968745961241608,0.0924130624727918,0.0716695894069451,0.0545926298010734,0.0656750258175327,0.186912992601105,0.15114683359784,0.161279439043963,0.0530745351111596,0.138270311604842,0.121120419859457,0.151286995724977,0.0434939856917027,0.145942599994071,0.148943633358039,0.121332156845111,0.160464084536193,0.120909486241551,0.139045462938045,0.139656322560407,0.12906033593875,0.0271933817591704,0.158907667905792,0.00394687083494351,0.0176863877883088,0.0638722223445,0.148997345330017,0.102565874421449,0.397996600630641,0.060041149495128,0.0669897273827675,0.0355269723920823,0.0571363323006596,0.0706056283028834,0.023587710339976,0.0642983364069289,0.177738588026006,0.0356398712117975,0.146974605509092,0.192812824193786,0.192812824193786,0.10567320518754,0.0472296392728481,0.186317678388534,0.12649239425215,0.0806160154558308,0.0599744684594046,0.0591814994779504,0.113785350394508,0.0391925972663577,0.0404670845841639,0.0700437463324027,0.0234535365961897,0.0211651563765088,0.0307434721827414,0.02955208711481,0.0262270376951012,0.0386715271564767,0.084049283244489,0.0954060259805796,0.0825700248344318,0.0379490305651469,0.0252727907589289,0.0973179884844788,0.0819787704337314,0.149047496801733,0.00281831537736669,0.00452945773349121,0.0386464744810085,0.0185497789584041,0.0156930179448002,0.0372979079287897,0.0374536504678823,0.085772772418406,0.0249406037295383,0.0134202156113085,0.0431647583894967,0.00442138642649482,0.269209650629184,0.0322175114488743,0.0583186824806289,0.062225357766216,0.0813566785746574,0.0608728491966013,0.0389570288155113,0.0371469440030161,0.0442704715841717,0.0966391636268605
"Shilluk",0.283178923042484,0.334666043569827,0.136451037277873,0.223058683103785,0.0531841172226655,0.108459887776819,0.0590854967276587,0.139480514487379,0.122657002517485,0.202547761138105,0.135836418955757,0.106622646338437,0.121818366627432,0.126713627561317,0.126713627561317,0.0642756900264771,0.115224364355826,0.0854881094113825,0.122082164549762,0.169783631589507,0.184238775515502,0.25038724769728,0.155637294585624,0.0797192964292253,0.250057403742825,0.340248379385043,0.0771438699033411,0.0906810365998771,0.061254021386634,0.2047074551846,0.2201019573556,0.0709811660899684,0.118777286565164,0.0721247953084416,0.0874273107802706,0.071221510772632,0.0821704931379288,0.0428059161610484,0.0474214758884619,0.0739879374392668,0.066892755726268,0.0750388655548591,0.161617152524599,0.144067815535056,0.0668492608941693,0.0874273107802706,0.187094984471582,0.380303130678513,0.0895397599018149,0.0456537975290781,0.0357836776630952,0.120717019517282,0.0316057823589142,0.132832706535631,0.0750388655548591,0.0593140069831289,0.148449332300401,0.290259787625231,0.220484615584155,0.326839953474998,0.0902513854945496,0.0483646700231125,0.040981626184668,0.0109336342660661,0.0111903373485583,0.0147667857652986,0.114791345804035,0.102344252032346,0.135669513810627,0.0822505306532953,0.18629706332301,0.0795245001633722,0.145915565426521,0.146131526923678,0.159357555012762,0.230505889250226,0.183779315710766,0.0724391519762449,0.042208872092024,0.251831428495097,0.226874064048871,0.415913535664933,0.120064145254486,0.0766679092124511,0.23317390931295,0.0733627476102887,0.215646088567434,0.405055605516197,0.242292054219707,0.242656176589145,0.999999999985118,0.282433211548615,0.216789004279516,0.15033458266596,0.100468529248767,0.135548254281315,0.135462812368824,0.114389193721836,0.196949756216856,0.172013983523453,0.12155459545849,0.151516088729762,0.0590518028099449,0.0801159837809118,0.0670195728976785,0.104414632740774,0.114003727531317,0.259136360297827,0.160259343178747,0.359128104146865,0.0596036081032758,0.113476147346021,0.0552191477844741,0.0258151888388328,0.0404201865222567,0.16475018335339,0.124962165983078,0.209681878587054,0.0302379876038929,0.0607781017214876,0.0785110568078254,0.0944438812569334,0.0392042683134804,0.112305817236686,0.195945220717035,0.0947508818446032,0.106452344531717,0.0743781606726101,0.0907886525206764,0.183297628583486,0.104726720598812,0.0339057112341709,0.136838803305289,0.0419391816597848,0.10382485241883,0.0665587104704862,0.163026684392398,0.110332138693211,0.306447060786157,0.0718251802603208,0.120817584684222,0.0622016812256695,0.0655493151155581,0.0810018843037026,0.020220527785585,0.0769220790189923,0.0881410620359327,0.0268201617276233,0.190669583037566,0.148763731197811,0.148763731197811,0.0897868111436739,0.0532055074407719,0.126179170155302,0.294074381683531,0.0152698067751737,0.136839238092812,0.0959580083747247,0.128240880384015,0.0470537900948891,0.0508329295000777,0.0878282977161452,0.0293880121522181,0.0265113838205732,0.0385225285918741,0.0566043491425847,0.0295589756699202,0.0447793573517967,0.130538615054035,0.137022767694231,0.117536471951507,0.136976384988699,0.0139440000631935,0.32904287050663,0.308431806840694,0.177945791377959,0.00139502222679603,0.0493798630609934,0.0449899073497995,0.0188624922921512,0.0164420318825392,0.0438737713730419,0.0440438200244089,0.0961102669344894,0.0118418787779018,0.0361027786563239,0.0650894392822024,0.062236430610394,0.0425181703242711,0.0326745444741768,0.207421172324069,0.275356345397525,0.0403938475728189,0.0108753179163133,0.0308392828412307,0.0416322005712181,0.0495867372464185,0.147521416630034
"Nuer",0.0420829190284755,0.0723875337838775,0.0146530531785463,0.147569287713643,0.0339503149011877,0.0622844437887093,0.0369739436204218,0.0872827506668325,0.0708756016550106,0.119480841631586,0.0853126049442793,0.0611937832416539,0.0777632895648394,0.0731886943413953,0.0731886943413953,0.0410306691330669,0.0735539792428216,0.0545717102476492,0.0775090564775967,0.0365424374703477,0.0386001573325749,0.0273714068649515,0.0877363271917751,0.343502242028702,0.0582898336656117,0.0783756815950397,0.0445764863081133,0.0520444379159918,0.0351677404993055,0.117697400503161,0.126396295181784,0.0410217133962773,0.0686047324853859,0.0416762855501727,0.0504351138772523,0.0410863032873162,0.0197152885820381,0.0245765671251979,0.0303014043613471,0.0427528756900076,0.0384051042105491,0.0433601395311306,0.0412303322760258,0.0345664051681983,0.0386115543892418,0.0504351138772523,0.123776726415852,0.0235554446376442,0.0516537446581442,0.0291718921362272,0.0205444648640051,0.0693528842279291,0.312044087963871,0.0766286029049218,0.0433601395311306,0.0342737540061244,0.0874595083950585,0.120114467055707,0.0821057792981796,0.0731950208531095,0.0240735189819995,0.00924616666625035,0.0112829496142617,0.00656385709920651,0.00265354795057726,0.00878675607325172,0.232274697499563,0.0435350323368374,0.0259367620129809,0.0332844733163311,0.0523982714775188,0.0107968286265514,0.0411047755810373,0.0804310015212267,0.0804932132391167,0.112103447317125,0.055158149280892,0.224165759336741,0.0107202273304784,0.117293415355566,0.0540767125045904,0.325703924679277,0.0518720299664626,0.0214820629594317,0.063365983662656,0.173231559909844,0.0412263678192703,0.184439891113743,0.0486414508388397,0.352531357900903,0.282433211548615,0.999999999995112,0.0635909099920821,0.171863151842555,0.0170189838654936,0.0231571811021278,0.023142584131833,0.0195422027357651,0.0926298846729416,0.0447298870627927,0.0230617198246566,0.0352945446815996,0.00927537078950339,0.00746990889177902,0.00685112380723136,0.0106780223757013,0.011590835569266,0.0617666127420815,0.087110569047445,0.110369320718641,0.138044505803976,0.0401856078643345,0.00498625601702692,0.105510669697106,0.116265676899075,0.173276023158193,0.0210474646138143,0.0417650759692458,0.0193331413945961,0.0134989850867053,0.0120487096173393,0.0117689643030898,0.00440022368037278,0.0111874615731473,0.0191028606215972,0.17547250812642,0.0133359791008477,0.281847770525142,0.21545395247317,0.241724172447064,0.0106962174392705,0.0194887667018253,0.0133316015737407,0.297486193643867,0.138743359524772,0.00711276976801554,0.0385844933725628,0.0137661628525201,0.368064361475778,0.00917554522325601,0.0376776861470837,0.0179013125805289,0.00841668195371023,0.0104008271731616,0.0126534038929766,0.0098650971557454,0.0528894865971598,0.01740148091428,0.0532595630910079,0.015295770652521,0.015295770652521,0.0180251918465289,0.00676195861733689,0.0470754528399246,0.147890645608745,0.0097475482449202,0.112636713191569,0.103810110050022,0.216451720158882,0.0806470998243518,0.160480400588032,0.220564281942898,0.0496026365638641,0.0479818686394344,0.0650203550811372,0.0930580560817321,0.0498911978040856,0.00336024509107058,0.0165170700661575,0.0106393299711768,0.00784477779935475,0.0599156866573858,0.00805583337666712,0.0119408385123874,0.00739681719498655,0.0150357303887385,0.000832469883468032,0.00114081709147941,0.00425727050833938,0.00155859842532821,0.000791095161604102,0.007620386035401,0.00481718862501221,0.0100016048072676,0.00904451838197015,0.0217671182066724,0.00998358008122062,0.0406329285821384,0.0616920081717149,0.00276087249647855,0.100452801965548,0.102743561274315,0.00635121924216133,0.00699263037561505,0.0197218046795237,0.0239727954859941,0.0285539385411381,0.0591509078483386
"Mangbetu",0.120365151021191,0.188298836638162,0.0852466172868245,0.23287319776909,0.0262815904625166,0.0769037513270996,0.029242995078453,0.0690326429445376,0.070363674174338,0.145312573124821,0.0675631986025444,0.0485440508556905,0.0746927496308803,0.0718071839155313,0.0718071839155313,0.0444406855739887,0.0789672289352695,0.0585879483457516,0.0745313518358718,0.035900369940315,0.0383213522028706,0.110502297152687,0.0374546544122472,0.0419124225769996,0.0910326179854052,0.0805011937793084,0.111876645177148,0.0470143150235067,0.0902732616647774,0.107242539774309,0.103824719163214,0.0468628268865697,0.076605123943307,0.0473259675361937,0.0458265150172675,0.0373319687386873,0.240223819851937,0.0275781011630459,0.0329027750446717,0.0424440758851756,0.0985833599895991,0.115015029837814,0.140875748448879,0.0274586572343527,0.0986962058692635,0.0458265150172675,0.195327107262092,0.161733431794637,0.0410323972811347,0.0280691993195988,0.0527362812081492,0.0567835377387009,0.0484434296029356,0.0696265270726682,0.115015029837814,0.0860191758794401,0.0676171957158702,0.138348780907449,0.110696359996213,0.0986827291274612,0.0214700958017315,0.052472215746774,0.00952352264776618,0.0416130046190355,0.0363808622327678,0.0361105714947975,0.267274947976769,0.0976257632253705,0.32706731138693,0.38966998353343,0.428588901873913,0.517467403571491,0.252329618938712,0.436239206231117,0.19861388248375,0.305809017572047,0.229237259081741,0.234764141724418,0.197787886949947,0.185964530680348,0.0407721452150022,0.0347726145474429,0.0743471030425948,0.0340075895399847,0.144815608883505,0.0829148102577607,0.12233171312398,0.274268086454946,0.10981842285249,0.194370518577794,0.216789004279516,0.0635909099920821,0.999999999997143,0.0238117433091376,0.15327749066374,0.210234431047057,0.211049232796751,0.0951177805142891,0.361351766865261,0.159594879916623,0.140870342783622,0.294365804343964,0.0429034492102082,0.0495274374883997,0.0317025907365911,0.125747573525907,0.0203350394859519,0.118184108194758,0.242486519067615,0.242203579231405,0.110338153376404,0.092888015339528,0.0866017707505579,0.0388859615569518,0.0514545174269637,0.199568445089947,0.172751865299441,0.229974951408409,0.0260219157918371,0.0971636494870348,0.0960924202228242,0.173646545106126,0.00777470159800872,0.0571560360504199,0.105832430140354,0.0472316190126444,0.0491927447965749,0.0391738510910282,0.0566844784457441,0.14604626118648,0.049540090620963,0.0420966361504997,0.0876936611029538,0.00217538666301931,0.147766412907616,0.101823981954426,0.180729847161105,0.145476223244746,0.115657138184175,0.00677339219420853,0.242509470016803,0.0543645352317833,0.007506462516495,0.00927603297181541,0.255614670306894,0.0072837256898096,0.151668447187507,0.292371819479665,0.0483587070401454,0.0756394379514072,0.0756394379514072,0.118388818408944,0.0493777772769036,0.0960672874610638,0.164868355806333,0.178226367049386,0.113379591423439,0.176265612344596,0.0571340453420396,0.0195531685606115,0.0772514543703372,0.0356724832974096,0.054784688601107,0.0548311635286352,0.0585852914687793,0.0656310705471221,0.0464059871223985,0.068654121686156,0.121591822836618,0.0832671558854359,0.0716802340103621,0.0740234767693936,0.0139244091382125,0.117291758361662,0.10617606635512,0.0119442736853395,0.0177939942357142,0.0409835876990558,0.0669919046924477,0.0201094540253141,0.0174545147968056,0.0206032138249119,0.0649762513327407,0.00686968033460517,0.0868085347870371,0.0546148638792719,0.0668033309551455,0.0738054597634222,0.0862168406976339,0.0348812275097951,0.140038884010466,0.199926177123961,0.120677138564661,0.125912889055407,0.0475524128043834,0.0204625062780321,0.0495674123074185,0.0639847825867432
"Coptic",0.22272096887945,0.220524268846198,0.357122305631783,0.103967867875941,0.0714599696600433,0.135076730025633,0.15091840794497,0.183571433566764,0.149291409892056,0.161227842602897,0.179453959982149,0.260757024167655,0.163679256848442,0.154122786511873,0.154122786511873,0.198739453292367,0.177614152803328,0.262905141510832,0.163148106594977,0.0769543676894876,0.189332248986506,0.0575864869019801,0.228289218577715,0.479315813237345,0.388306687054362,0.361928313574819,0.0938953085930575,0.125193961569824,0.0871967388665166,0.121394009606688,0.0662955942923605,0.102763499907485,0.169944270473654,0.104094621507185,0.121917133953828,0.395534596224877,0.189797525816108,0.127315868001733,0.147486947087771,0.0900540798216585,0.197828962511533,0.1083003740233,0.100635720022412,0.244540922938278,0.198185262885933,0.121917133953828,0.0409349883509024,0.19472970921077,0.108689823281456,0.0614045137857547,0.0509390228796441,0.0630424261787155,0.473063310154581,0.185234828013483,0.1083003740233,0.0721937724483475,0.270820697626284,0.159416501366275,0.0860205038538858,0.309189137570946,0.163012983247479,0.0777318918810741,0.0322258778372419,0.0337372777020323,0.0312079951580932,0.0924634875798309,0.0650452553005064,0.0456465012019305,0.25593595229386,0.182885389167223,0.214773027932652,0.0890666703393919,0.0852127227525026,0.135328280623666,0.0965125106977193,0.0137195606252889,0.236880859796803,0.0900242344240799,0.0406702687641702,0.277216326614634,0.215186078140881,0.145406550219,0.157610571984023,0.131094864971212,0.36574187890313,0.327527865539094,0.387196223475117,0.160580025672869,0.392400064551031,0.143161575411001,0.15033458266596,0.171863151842555,0.0238117433091376,0.999999999978539,0.19888123552537,0.26794515058006,0.27037244333489,0.241798335289795,0.13013250941983,0.330717079463462,0.217178195868291,0.22417245242331,0.147741235041997,0.23240120958361,0.202910483794412,0.213834385873233,0.2335942468414,0.498283303829073,0.0204005003787297,0.238995878183786,0.163560134433313,0.377392915142985,0.129955482845238,0.149263515589434,0.160195088233479,0.440936448024882,0.310705718157852,0.363370332074471,0.0797958257530063,0.240221774055334,0.210949423870984,0.280032119009603,0.208939081017647,0.246409536250344,0.225457513743792,0.279241203268082,0.333393923005346,0.363522137187842,0.236980688077912,0.20519945247505,0.295922829879496,0.11961739117481,0.46376469575396,0.181303032375197,0.212353235146615,0.18662527167246,0.207384228770231,0.154829208864215,0.195084157994789,0.0906358341584274,0.175379456842932,0.0534712724489006,0.0992478708054947,0.122644523961844,0.157674051304279,0.0969266215063102,0.315730797394709,0.043325125716754,0.335001540429834,0.325191953095708,0.325191953095708,0.223026179193409,0.259268344893292,0.265833209420977,0.264276046025419,0.0237919871597275,0.0103008007147283,0.00949359427757227,0.0278011367490141,0.0126370316322292,0.0108677018794874,0.395708164623131,0.00637098047193494,0.00289197777978112,0.0083512377808013,0.166952836839185,0.00640804338136378,0.179220267240178,0.175248917078978,0.132708753365775,0.119494483824614,0.0517859441987178,0.381369256583607,0.359835393083662,0.400164355777172,0.338125138755798,0.0447564381615211,0.0788712017648327,0.174975738786461,0.0985408168963872,0.127275444896625,0.0932742010492573,0.113510115307775,0.652148435048803,0.499291940515698,0.0202610263726036,0.164848919616962,0.0566940917834443,0.00648799087822748,0.150053705775349,0.0880382279079563,0.346186154627301,0.0510801216690939,0.0173443467628685,0.0482447204759877,0.0516962653318729,0.0619071410556746,0.222431309910704
"Tera",0.113471020830416,0.165786707179243,0.178679775198046,0.0143604385954036,0.0251008383069575,0.14258220653612,0.0274525515896189,0.0648060223215444,0.0521934137984047,0.0246098502301254,0.0632937557194815,0.0453543656516281,0.0574935391108618,0.0539742933343366,0.0539742933343366,0.0908845142114965,0.0536885114813514,0.0398329760312069,0.0572980508796675,0.132955484861886,0.0793826276983056,0.0202859414521449,0.0672485214381215,0.0136267532627411,0.227241749657122,0.203378713941843,0.0328265149250082,0.107525920799064,0.0836333151291713,0.0361399684903718,0.0772718007308933,0.101996038321313,0.0505937698248107,0.102320683108534,0.106710249599748,0.0304265522592037,0.0354255539500778,0.0588277160857809,0.0223984095542654,0.104963851449533,0.0283179653664805,0.0319307865054792,0.07258481853045,0.109648009465525,0.0284747717040289,0.106710249599748,0.0120451084827562,0.0664416845214914,0.109288619802626,0.0649828537978871,0.214721269325107,0.228554063000257,0.0134489971478125,0.0567474804083485,0.0319307865054792,0.0841465086511588,0.0973604359201435,0.057957054354051,0.114662908054395,0.112044991673567,0.0695947390201373,0.194918745881784,0.0201543919282751,0.0167296479300991,0.0139470775311455,0.0311221278300966,0.0236446283138812,0.0703247397469337,0.20608838415023,0.211088281513521,0.134181000976334,0.079100998418277,0.287046999471189,0.210018941003638,0.0848571620585346,0.0784155151220264,0.22380711124103,0.0928199238232401,0.0625930408968091,0.2166851869871,0.0995189168719886,0.0769277818613216,0.06288127028281,0.0820032940150859,0.226923653122179,0.427961969440755,0.232908751466001,0.165093826637435,0.351724027793516,0.261241384856651,0.100468529248767,0.0170189838654936,0.15327749066374,0.19888123552537,0.999999999997198,0.476325061792784,0.47602481355674,0.403438345882691,0.337658193822106,0.368976347596722,0.36066101781245,0.089151027018619,0.142348900184659,0.588486555358433,0.269767621470989,0.0849863476380478,0.0928459545920079,0.27581981689434,0.0158154269435393,0.381567988036177,0.126305705721329,0.154132630123834,0.239771189139285,0.138187461123407,0.120083127278158,0.214263171743075,0.229346096544227,0.163107846683086,0.026570920883426,0.208987207594611,0.197062274407755,0.200191250860939,0.0670015462250948,0.130564325278152,0.120450428453676,0.19556137619885,0.235312745070424,0.157658249783888,0.11856831841906,0.101990090626495,0.209679367534783,0.0429978873510737,0.187916994869234,0.0814610688343761,0.0082746355501561,0.0665815637821247,0.0989292396389702,0.07329910803948,0.0799927589256163,0.0316189049436688,0.082831054493997,0.0179504564733876,0.0288555339125422,0.035657925874392,0.055486223716842,0.033862118726452,0.173343875768926,0.012821739327137,0.137098857254042,0.190459522002914,0.190459522002914,0.153888349263605,0.0806927704798469,0.129598907018801,0.11208423135434,0.0407237760152265,0.0345417462128071,0.0357860093293626,0.0549050788004193,0.0210401808705211,0.0217085957963612,0.0377213485750305,0.0125821900017119,0.0113338527562886,0.0164930438840008,0.0243973665872758,0.0126553863598718,0.253149827273966,0.162546911354972,0.161085052935984,0.297977370031402,0.176076165455578,0.136720116564337,0.126363814688191,0.143948899471245,0.0800185149357418,0.190734098430305,0.2136481378093,0.245058038642744,0.216914094407096,0.179832506776854,0.248675276216535,0.0710831648820748,0.232011306784842,0.177125374755619,0.169722869532201,0.3094234641558,0.0557088291768941,0.148445313172591,0.0529337426599712,0.134451088567124,0.106565656267111,0.27486037678424,0.2733334715426,0.0145755909545463,0.00236058905339502,0.00271033249212019,0.0960535810695108
"Margi",0.153058432070994,0.223166768534864,0.240757324640779,0.0258418857932878,0.0349863133896422,0.196821102658598,0.045573909162454,0.107584308321939,0.0936688196021316,0.042561302796511,0.105880593496374,0.0766141679412996,0.0994317277041679,0.0955904340591675,0.0955904340591675,0.133861572128444,0.0931180014486011,0.0690867937561689,0.0992168733617471,0.190304959100245,0.119517122866364,0.0342782072814553,0.0952826999481793,0.0244552291228462,0.311777390537675,0.281118884502101,0.0589120481095462,0.157854623345659,0.123564338010638,0.0640051969461738,0.114316191978355,0.150970560086415,0.089603404129623,0.151373602568212,0.156836759217948,0.0518054144950348,0.0528550721937854,0.086938941801612,0.0388127773390147,0.155283915730836,0.050226960525686,0.0573045306540843,0.109317535645951,0.156575423987341,0.0504298550067293,0.156836759217948,0.0216754046689751,0.0971459966636051,0.160626303598147,0.0957360839818724,0.295160811452829,0.314172845729099,0.0241362194193069,0.0966204359614146,0.0573045306540843,0.124486660674172,0.137526810830002,0.0877248089685036,0.164253650018609,0.15963724403532,0.0992025418852884,0.132012480353466,0.0211816243653931,0.0641378961613566,0.0641037839879997,0.0805241846158606,0.03228993301727,0.0979931612738467,0.277392795614586,0.284179662828802,0.180742140134228,0.286769510189703,0.065833363687648,0.282649129585739,0.114345345127851,0.284037644874106,0.477174302492358,0.126567380021638,0.263297193044741,0.298898717337717,0.134447341115261,0.0616122978211152,0.107461190136989,0.129075031345646,0.305842367010862,0.138779475909631,0.317328590307902,0.2225539045682,0.473428594831601,0.354197900396804,0.135548254281315,0.0231571811021278,0.210234431047057,0.26794515058006,0.476325061792784,0.999999999994936,0.999369656852982,0.52767809242782,0.625035965798352,0.500279554187503,0.485211946952722,0.120188220290333,0.193553288718034,0.160804350929077,0.126520671559506,0.11676993412326,0.127570766490937,0.371548433166182,0.0216153723631454,0.354252246916849,0.274892869742229,0.269887440717903,0.204408876577412,0.209562094433066,0.187549878624693,0.447867970765279,0.456372320631825,0.452755698646973,0.0357201673216319,0.334342523418818,0.312574997654575,0.435709965301323,0.0900723935189328,0.175521938650176,0.161925492805143,0.262899622867129,0.316338702136692,0.211945197030785,0.15976106034893,0.137417831679493,0.284407118216037,0.0959914928378422,0.305380905460006,0.110035632887091,0.0114619492781307,0.0895077972371584,0.132993847236734,0.0985384140499704,0.107536910214128,0.042784654368802,0.256256695702031,0.024483034285029,0.0407647381908353,0.0503746011805935,0.249910092578761,0.0458196963775293,0.233882679913011,0.351520049667902,0.184793875981814,0.256501946332659,0.256501946332659,0.306656179089522,0.168342608786232,0.177614775685341,0.154597947559864,0.218764726820997,0.04689402789005,0.0513954749852163,0.0834368637359305,0.0287393663401921,0.0296740056342358,0.0513591658678299,0.0171981817317317,0.0155202412275143,0.0225437992899299,0.0330720517768186,0.0192318410301729,0.210571062129743,0.311771951682615,0.22128331352173,0.143390515626336,0.0884025163911289,0.195082563334121,0.176876318246109,0.200223377757728,0.109294361735232,0.222485529836838,0.0989594946766311,0.204209604278799,0.107255653835172,0.077558836949097,0.219503459111508,0.3214361440046,0.312793718718219,0.346494468318205,0.0568179963249184,0.198317392896761,0.274515533219651,0.202073257106124,0.113580765296134,0.181365779589633,0.14773290097576,0.402829639574602,0.181151968470126,0.0252983029896359,0.00376421870199555,0.00435108339303173,0.12960649614322
"Kilba",0.15296195273802,0.224337348181028,0.24306655979771,0.029569920304221,0.034964260006935,0.19964311430698,0.0455451819613617,0.107516493291009,0.093609776104083,0.0479633379390704,0.1058138523904,0.0765658747259625,0.0993690515965194,0.0955301792846245,0.0955301792846245,0.140469147599991,0.105055693963423,0.0779436945472713,0.0991543326860599,0.190185001674399,0.11944178606762,0.034256600248577,0.0952226391517201,0.0279548162176731,0.311580863797734,0.285358198793197,0.0588749133040428,0.165375875299592,0.129863808379623,0.0727983014153462,0.114244133550728,0.158811167176923,0.101913218502476,0.159194830222413,0.164403716150143,0.0580176172106691,0.0558183543706244,0.0913835670527334,0.043772890504971,0.155186033579501,0.0571597258472942,0.0655049116419203,0.115973146621281,0.156476727742633,0.057357964044692,0.164403716150143,0.0248023690589102,0.101567774094612,0.160525053909259,0.0956757373978974,0.298700315625537,0.317938745385124,0.0275901556541061,0.108206594290924,0.0655049116419203,0.124408191361352,0.137440121747961,0.0932895577595723,0.169940450902008,0.164698542378856,0.102373013871062,0.131929267191822,0.0216414861466254,0.0645727207716015,0.0645029843254763,0.0809904233324702,0.0345143396172761,0.0979313919566791,0.277217942968242,0.284000532127254,0.180628210565731,0.288363799774447,0.0657918660783355,0.282470963645325,0.115472385588699,0.283858603692602,0.478582380472795,0.126487599141646,0.263131225464809,0.300518428459699,0.137307479643509,0.0631490558627966,0.10819606452538,0.128993669784839,0.305649581372298,0.138691997218747,0.319546804800917,0.222413619240741,0.475779067695511,0.355694503203591,0.135462812368824,0.023142584131833,0.211049232796751,0.27037244333489,0.47602481355674,0.999369656852982,0.999999999994943,0.527345474161097,0.624641978663835,0.49996420640146,0.486525756942872,0.121625735865115,0.194685157232532,0.160702989009272,0.127367515920563,0.11813981730739,0.129068398047602,0.374677889946223,0.0231801961329492,0.35566482713346,0.275755795640743,0.269717319020547,0.204280028843906,0.21022075255392,0.188306242313511,0.449161487891409,0.457544408787629,0.454772367737701,0.038894623576864,0.336015685888898,0.312377968148457,0.435435318512813,0.0900156170033985,0.176972617284985,0.163289124026061,0.262733905892832,0.317987873411679,0.213105108189709,0.161290410353257,0.138709152169502,0.285676049812527,0.0959309852586456,0.305188410700565,0.10996627268053,0.0129614734400257,0.0906547078471432,0.135036764623499,0.0984763010364548,0.108726518360621,0.0439980641271274,0.257520707937753,0.0260347799936074,0.0418693783403214,0.0517396487547479,0.251451878830517,0.0471177231618475,0.233735253569707,0.35453859757789,0.186849385082727,0.258394439630169,0.258394439630169,0.306462880470093,0.17033211855706,0.179731510571686,0.156745606177298,0.22021661994875,0.0468644685611708,0.0513630782000318,0.083384269881089,0.0287212506777154,0.0296553008282899,0.0513267919698487,0.0171873409758229,0.015510458149895,0.0225295889606538,0.0330512050357906,0.0192197183710723,0.211284029374098,0.312479323806717,0.221143829102621,0.14402456876352,0.089518691726946,0.19495959437821,0.180775275510279,0.2000971683247,0.10922546878386,0.22234528760892,0.0997282582857825,0.204897141842364,0.108001944736011,0.0782348710040778,0.22002957198474,0.321233528935649,0.316577531750443,0.349878137647293,0.0585003140212393,0.19896083003819,0.275284593236269,0.203385553695948,0.114919046241723,0.184009005546189,0.150579989138978,0.403740535411878,0.182250321247731,0.028549626354946,0.00639489213306645,0.00750145749014906,0.131657313552512
"Glavda",0.129166059683032,0.196249852585379,0.203175376959753,0.0396130861945664,0.0295241187639467,0.16231494378996,0.062071913552374,0.0757391631333895,0.0617597779514592,0.0617329890606518,0.0740592004064931,0.107263845570897,0.0676250751511087,0.0637289593382467,0.0637289593382467,0.0760959167971448,0.0631784419813412,0.100626045375638,0.0674084923687926,0.0840683443833547,0.135727546317216,0.0237734855460276,0.0936971651250065,0.0161243573558949,0.221506794714091,0.186231085986142,0.0388431820252923,0.045202560755552,0.0306247620664827,0.0426714726609911,0.0274255644411634,0.0357549910678732,0.0597374805810354,0.0363159970611743,0.0438231494896742,0.0734143464645994,0.0588540028290388,0.048577808719672,0.0564569301462318,0.0372541191571909,0.0755039798088219,0.0377832784039557,0.0836186819428969,0.0714579220461286,0.0756536695908367,0.0438231494896742,0.0142591761525025,0.0762253174670666,0.0448820196850297,0.0253713482173509,0.206060929702549,0.260041418362736,0.0159140208902647,0.0665827131563059,0.0377832784039557,0.0298655586343561,0.111173883048213,0.100755711551636,0.0717420434943616,0.1592643586904,0.0463796406913041,0.188143020186515,0.0561185851161005,0.0190694709308575,0.0159059387218197,0.0354054421279855,0.040805906423317,0.0801566973405176,0.243280391883921,0.239819720537093,0.152528537489875,0.0900748293992121,0.190721940490178,0.39835152393498,0.0964961602268206,0.0892888861200197,0.264549715659704,0.1774084253483,0.0713443920982403,0.208994550739597,0.113459998391045,0.0706307956942355,0.158387110949404,0.164542849174855,0.25810065753299,0.117116107990029,0.254470870369478,0.176272684085484,0.399527291589312,0.296700196795517,0.114389193721836,0.0195422027357651,0.0951177805142891,0.241798335289795,0.403438345882691,0.52767809242782,0.527345474161097,0.999999999996394,0.366006656251144,0.433770463337812,0.419253035664362,0.101426926387483,0.161730119447934,0.276163964443646,0.211498148107843,0.0966889511491319,0.105631025293748,0.313550213479722,0.0182410089076843,0.296853906185008,0.143291942407098,0.175276506654261,0.110367182455272,0.239193524276045,0.136232538401066,0.243078408473972,0.245205595207706,0.185043261339033,0.0301438134625569,0.237092846659484,0.223564205098365,0.237033327562084,0.0856482006009758,0.148123200505847,0.136649137282658,0.221861517573685,0.247983496632505,0.178860936780726,0.134822538960792,0.115967067151851,0.238152389875685,0.049033428307871,0.224430869279377,0.0928589902547427,0.009672518357835,0.0755356822610094,0.1032467878391,0.0634673859994686,0.0907504928588556,0.0361058829730316,0.0942404049829399,0.0206610388480037,0.0397764629542863,0.0491533503371706,0.063269858101525,0.038667149008606,0.220272692787943,0.0151590771567206,0.155947712146329,0.195376556605038,0.195376556605038,0.180698158166352,0.104597359644587,0.160487517637476,0.127582789536219,0.0465013399569159,0.0395736600762868,0.0216268377776957,0.0633322487708907,0.0242528926371313,0.0250416103806008,0.0433416598824239,0.0145133820892778,0.0130973631486221,0.0190244979348685,0.0279093933735444,0.0145978130757255,0.292462460801928,0.380304498035191,0.255383878730104,0.181184060381446,0.0801757617442882,0.156330092536575,0.144117436127604,0.164035034656334,0.1386032265174,0.0513477217420118,0.0675851930231239,0.106349179058708,0.0749167748036147,0.0515605761857327,0.0664198419652225,0.0807928578101569,0.263966839222829,0.201628413502675,0.378892711835429,0.272624813321944,0.0632007556608115,0.153903553398394,0.0603193448618031,0.153054633452883,0.120896803045761,0.0478639190256352,0.166366814387513,0.0171539333655509,0.0190778734573286,0.0227138904094244,0.109374932082803
"Gude",0.125707087079146,0.218647914142289,0.106021902460949,0.346739691902354,0.0327700265660904,0.0860947178046819,0.0481024281913267,0.113553271172719,0.106674618077763,0.158650484035099,0.115380446344092,0.0868031661430649,0.100491923329077,0.104530182912368,0.104530182912368,0.160308206416645,0.0938245582899659,0.0696110076143126,0.100709538794787,0.240343898155103,0.148386674089072,0.194668526130264,0.0221409548711481,0.0645208458841517,0.283781350957775,0.142347124719124,0.0670919123247043,0.196000440740144,0.152771946909449,0.162145455843585,0.27056391161724,0.189091054825986,0.0979832377103006,0.189646121047746,0.197159439004964,0.0604960714169686,0.0659290187189217,0.107469632879547,0.0391450402358255,0.194545097558738,0.055182004698952,0.065261193080644,0.127879876098207,0.199821855428798,0.0551461244006563,0.197159439004964,0.290834933522429,0.209516520712006,0.201923274012793,0.11461959700968,0.0892470727700015,0.0384000053353244,0.0274875033054214,0.112829071076736,0.065261193080644,0.155961223876188,0.25458203456161,0.226189309493314,0.265466106793956,0.15389991868639,0.122961589862228,0.119461982344063,0.0085773849276427,0.0883487058647789,0.0834315896428692,0.0724695482187549,0.08496357449286,0.166525416685516,0.0926205429159747,0.113545964057296,0.18843132882955,0.345236817170442,0.0478296308172197,0.517374469090869,0.168328373744495,0.529903268624137,0.393196947226629,0.0882122440437748,0.342787432396261,0.298464253926149,0.022622962389762,0.0338937364520677,0.14694102705496,0.117870952235167,0.249748965262907,0.153873972138249,0.175092180954086,0.486582993655125,0.148686571415969,0.394507630277472,0.196949756216856,0.0926298846729416,0.361351766865261,0.13013250941983,0.337658193822106,0.625035965798352,0.624641978663835,0.366006656251144,0.999999999991203,0.453505795263441,0.380328963924902,0.0606456756628613,0.0728140519115025,0.126084395487084,0.0871583889807276,0.029902457604444,0.0325791043657698,0.151492486917646,0.193923275812913,0.477820986097404,0.191867668072554,0.177665493895973,0.204326006306819,0.161245257618737,0.120635753465433,0.325683747379369,0.377762434157675,0.365952486493546,0.0403219983271215,0.167337193621837,0.168013115900851,0.304101626521327,0.0136892686632708,0.0976790604106133,0.161289545818015,0.129827225591211,0.112863669312549,0.0665748474596201,0.070539071467569,0.189239916104243,0.136206995541246,0.0740452429316786,0.243141873532296,0.0297033709292986,0.0114763709401694,0.0149568417391057,0.0642818757638656,0.0578501803436381,0.015676423038552,0.00944752293126265,0.232824755686964,0.02039962216432,0.0109499501445136,0.0135312869886425,0.243626927068713,0.010172940622043,0.341776342823908,0.458400369444251,0.0495976526884901,0.161612083307146,0.161612083307146,0.228046883899934,0.082520015565532,0.24312181508997,0.25472451638545,0.284508242375837,0.0728566160984359,0.0779238573682332,0.0223428247239459,0.0041132681475704,0.10476145198902,0.0217184942368655,0.00258631798340404,0.000357700916936743,0.0033902091760195,0.0241929701022526,0.0051499257524613,0.20587271154346,0.317370829405734,0.159415661193863,0.148589472653906,0.220553620766427,0.246897704328128,0.15916942981222,0.00854036308216215,0.00245478943539114,0.109271741576155,0.0891356839870023,0.199982892206977,0.0872886412984787,0.0548601495685983,0.0805137590438828,0.165610016975889,0.151087716238545,0.278113786172489,0.0900729486291997,0.204285456984121,0.224980577532916,0.295209687461619,0.0559450141123839,0.425113326487254,0.279823185087831,0.226980752440919,0.236201037262259,0.0254707644432182,0.028147109839621,0.0335001887213918,0.0456826228848293
"Kanakuru",0.120439432530716,0.182496529307329,0.27249354330194,0.101673617566134,0.0675787713424763,0.0395915269263746,0.15666784642266,0.207807415745353,0.180928572585715,0.157253958750809,0.204516558736507,0.271847363191712,0.192060075484176,0.184640319592519,0.184640319592519,0.193840997222739,0.179864624704195,0.256477939186203,0.191645067697646,0.0923118749131446,0.199892097392889,0.0662110096059013,0.157019410093459,0.0472371672495927,0.228170119328905,0.293328337796413,0.113793179182091,0.125860142039105,0.0888391767677563,0.123630990236967,0.0803446578250236,0.105161800488815,0.173075908044124,0.10638965566924,0.122835302722849,0.186389217954338,0.0894389839577047,0.124411910568867,0.143872015450011,0.10913793452275,0.193286939308215,0.110688134836969,0.211155278432251,0.0841868792692537,0.193616249479175,0.122835302722849,0.0418677212308714,0.18764500912909,0.125803292073246,0.0721753124224948,0.0518985103892812,0.148594947557889,0.0466209753241587,0.18662984796308,0.110688134836969,0.0874927513113805,0.0649388370164658,0.247133487983143,0.181225691570332,0.379705286825216,0.057315514571757,0.0822933883822783,0.0297958797120831,0.00571017946108252,0.00657481876197727,0.0552846635036819,0.0933999630085923,0.0621141086281469,0.247403618652689,0.222842030094942,0.124776287931485,0.0503514939090684,0.097830605162562,0.40164172916012,0.0939663509072346,0.083433001138675,0.23213999932724,0.126171485404692,0.049994260333726,0.209596002101391,0.190505856117071,0.08199059683852,0.102433400458255,0.0976605539214753,0.318288657282218,0.0850136007612711,0.400353327369164,0.253947466821036,0.400987018833319,0.533186735369925,0.172013983523453,0.0447298870627927,0.159594879916623,0.330717079463462,0.368976347596722,0.500279554187503,0.49996420640146,0.433770463337812,0.453505795263441,0.999999999981107,0.60096506176999,0.196598709789946,0.130805178951283,0.173323613224708,0.135815669841215,0.191635660736451,0.209336920620732,0.454502327562582,0.0417517641874657,0.645830898001445,0.117224653438588,0.233878973576706,0.111292376139606,0.0805491234584987,0.0903711813715102,0.235869076427308,0.18733846137211,0.347485802651109,0.0384895695462393,0.159508184784656,0.169708626425911,0.208478080363663,0.143324177503259,0.201978278348895,0.184109237140555,0.170406310713931,0.20926283121125,0.146304185524066,0.181055654702097,0.117307601689129,0.192229096461324,0.112231278171801,0.23626185666142,0.170332396551771,0.0221396418877003,0.133136547847064,0.166056669924406,0.0818997661343682,0.166175115615927,0.053499390977461,0.215703855501725,0.0104702958828264,0.0678079061845766,0.0837929147231389,0.149810347655176,0.0573287990590884,0.0965766308942401,0.0442199017767552,0.285187125964766,0.266870561288613,0.266870561288613,0.162163656237047,0.190173456185946,0.0606747295937735,0.298617897574365,0.0240745326266476,0.0537105196962053,0.0550349016126104,0.161164758148356,0.0555123097660241,0.0573176378792227,0.09920420273787,0.0332196187071744,0.0299785467942882,0.0435450926326521,0.0418551461762656,0.0371477889944934,0.104521946215133,0.0964170390993838,0.0816709939839348,0.0576079776042901,0.0222334766000413,0.0358043194748158,0.0358632176760933,0.296467438518019,0.136848860742218,0.00399281220090172,0.0748370897561403,0.10275459267976,0.0741523974859572,0.0648720364270376,0.0725713607800645,0.0902207227250771,0.3006451809372,0.282065332536051,0.0156891530214721,0.0945925342769034,0.00444266309599719,0.356495290977906,0.109081572593101,0.0124841649593705,0.0611736117386981,0.0492094439769147,0.0174930175387117,0.0488656296553367,0.0436676375319364,0.0519901795883863,0.200241937664476
"Sura",0.103590485488446,0.268495142759811,0.252573807868449,0.0449125681769374,0.0150803045426104,0.234930821118184,0.0676970494309301,0.0520718886918927,0.0214081823794652,0.0716599712864849,0.0484982663282109,0.114936707024844,0.034541478989987,0.0258642206533889,0.0258642206533889,0.0883325316927782,0.0468925393487832,0.116596626806871,0.0340637891697611,0.0922177317240074,0.167033630969845,0.0145412609986549,0.0746945638414729,0.0101065922088182,0.123218749349565,0.181779947148951,0.0134644578168196,0.0375019922183098,0.0204215496584865,0.0286704038918497,0.00950669683245032,0.0218301885085505,0.040136831211237,0.0227625179007143,0.0352176226395382,0.0860872837671278,0.0772656817673913,0.055455452092042,0.0654546148696222,0.0129136309061513,0.0863128506285834,0.0236821957433383,0.0996477486669018,0.0804269068304924,0.0865592584728577,0.0352176226395382,0.00880520562031475,0.0128312286314317,0.0259787984563468,0.0127411232018531,0.29830737363625,0.379481706371104,0.00997475533384479,0.0535079037802017,0.0236821957433383,0.0103524874493442,0.015231950568708,0.130263810243207,0.0854085309369671,0.123583590228092,0.0573101782926363,0.118545730466695,0.0558696021936693,0.042500688229728,0.0445886086015442,0.033626549112313,0.057754549293171,0.111326279755817,0.333279621394745,0.355210512647538,0.137349228090718,0.129796659992342,0.0542150839910016,0.319286914179919,0.385679340995252,0.130310528255478,0.395602590346328,0.155038592593161,0.0990774080837975,0.316471891293274,0.104898802847804,0.0513633472565953,0.0652668782006116,0.0606444274238153,0.387440740407787,0.109330497891269,0.33162465091919,0.201902652356385,0.547078173230938,0.4119666598074,0.12155459545849,0.0230617198246566,0.140870342783622,0.217178195868291,0.36066101781245,0.485211946952722,0.486525756942872,0.419253035664362,0.380328963924902,0.60096506176999,0.999999999991647,0.119534111257573,0.240989220932559,0.144859596717174,0.115374200646839,0.113929512898937,0.124441679884929,0.399778971604246,0.0212797213155849,0.414133580406659,0.194228489749428,0.177958556033345,0.0986838768356994,0.150687665008154,0.367379201234315,0.333674520775747,0.288380355936889,0.228636327295105,0.0376736482623029,0.353097065720092,0.33117785232615,0.320829843598383,0.13034880194151,0.189495695280202,0.174233907632726,0.259437835576457,0.33486236400403,0.242439201185905,0.167671385308406,0.122499812017055,0.278317215191269,0.0674170503242971,0.231035398308405,0.141323126311198,0.00853370603220496,0.241671599451154,0.108184682506917,0.0499809166719985,0.111289575769749,0.301988918240438,0.427342004728889,0.381653206910483,0.285658580585464,0.352999619510324,0.307364485522941,0.323120639067286,0.181793525431535,0.00976621157595104,0.674632349629138,0.706463382112546,0.706463382112546,0.434814077571991,0.430785526969579,0.347574350821936,0.435453754997027,0.268240132884544,0.0602278594021343,0.0329144663353353,0.0963870535084432,0.0369111077278738,0.0381115020323475,0.05036528792217,0.022088306718728,0.0199332611975757,0.0289538953064111,0.0358950955056211,0.0222168045088189,0.0628964479520349,0.251087140199508,0.317369847682858,0.214169412531241,0.0463689919559432,0.0111757947537659,0.0776375123491087,0.249646663044379,0.210942857263912,0.00116433571912153,0.04920461317067,0.0606936873187712,0.061475705560635,0.0539745450771626,0.0445080194463017,0.227533664136189,0.267211757489766,0.185141061829537,0.00602340005132007,0.0664357212576811,0.00232391551259121,0.236077094351637,0.0936125529002269,0.0506755839695457,0.0846412733698667,0.0460360898698939,0.0484205658666527,0.0126907358018007,0.0324192361617921,0.0386214088286755,0.169199361762793
"Paa",0.0777227655348961,0.30365108166977,0.208160561606417,0.0286699771204122,0.0419828756879729,0.0798862304559796,0.045622670122177,0.107699416158741,0.0878219725022605,0.152958461304382,0.105310653490053,0.0755770395071561,0.0961618921170568,0.0906219674151511,0.0906219674151511,0.0587737003231669,0.1042433846165,0.0773410200114558,0.0958539307600228,0.0452504100716472,0.0478294628434074,0.0338054509915909,0.109235868894935,0.0605348993264576,0.0871402192577719,0.185043457680219,0.0552347332989284,0.07342771261971,0.051205655374648,0.15518540755355,0.15493758649333,0.0603721530901039,0.0997947895163438,0.0611469013462786,0.0715203913225436,0.0582631477002486,0.0279576082223532,0.0358397069137035,0.0434597717898143,0.0529750970091763,0.0559193881355741,0.0636174298949536,0.126976809447316,0.0427089716868332,0.0561656871705206,0.0715203913225436,0.0240475235014352,0.11377188772977,0.0638214563355353,0.0360777048786526,0.0299135734269314,0.0369826524291026,0.0267951631278811,0.108664524473546,0.0636174298949536,0.0424686155970089,0.107177606184694,0.210741760078406,0.166258197467688,0.239409401301209,0.0335866409663628,0.0508187103742932,0.0233067217380076,0.00863203657571046,0.00380985984815269,0.0271286922503688,0.430556694041969,0.0733367432514838,0.791289969484099,0.608129049125374,0.545425859591163,0.542951224884746,0.6189062833643,0.435032399083115,0.226689174884318,0.0591608749910074,0.163768650817578,0.361531942354504,0.0310586116761854,0.169727222457296,0.474599163279571,0.0853712780362035,0.0811774359784996,0.0742895688009161,0.316098749769111,0.0301091915164051,0.229491717246329,0.150856390906886,0.255634903090874,0.0896887264672804,0.151516088729762,0.0352945446815996,0.294365804343964,0.22417245242331,0.089151027018619,0.120188220290333,0.121625735865115,0.101426926387483,0.0606456756628613,0.196598709789946,0.119534111257573,0.999999999992708,0.0987798942925981,0.0971238770434697,0.0893630626277853,0.139219570426919,0.152096270763491,0.290641428604948,0.0584430738277546,0.187649933807744,0.0891936888346767,0.14806557724578,0.0723547926032239,0.0542977553417488,0.0683614404613362,0.165380702152973,0.153307086514133,0.221543353736074,0.0277501191257192,0.128853121637024,0.129973766547447,0.139384487402722,0.098626273203159,0.150141437891451,0.151451216046308,0.125090591977836,0.159204621259753,0.11132376740765,0.138229207532841,0.0876188533959054,0.139654145382168,0.0824200178991286,0.157960800799645,0.1058179023966,0.0155633188878985,0.101718936723781,0.0901364470500493,0.0788764941470001,0.10633221399892,0.0528300972593346,0.130813265004178,0.0467670164922611,0.048210540789903,0.0595756742904233,0.0920068367160915,0.0565759868453821,0.0649525533444397,0.0254466252495296,0.204010637669584,0.19824093089808,0.19824093089808,0.093552653013868,0.133251919061438,0.0929117472805761,0.1977136942795,0.0139627135394046,0.0457452737835818,0.0421605156186155,0.0165334997358546,0.00748661755951945,0.00646488677234912,0.0230566638546749,0.00378885960309024,0.0017610715777752,0.00496653028570843,0.00972781403747227,0.00381090113357792,0.0694865213031469,0.0900555113905023,0.0502720669341532,0.0527905362809182,0.042847307127846,0.0104417316496081,0.0783102829664471,0.233249045831736,0.13115104615387,0.00108785830421592,0.0388352698003162,0.0682300723436559,0.050448432781817,0.0442040538350974,0.060679161148449,0.0661631294873584,0.249660406870458,0.172980385515242,0.028809488412643,0.162671229479992,0.0114926610371704,0.031700296804966,0.0874637712980416,0.0513159964392369,0.0790817550322669,0.0298431740803226,0.0101097268524083,0.028315791981485,0.0326873237966596,0.0389556616185991,0.17100581063519
"Zayse",0.06439972298935,0.197495148964233,0.205804150265595,0.0292344596916547,0.22617298450477,0.30045493537857,0.216940487668467,0.106390231813394,0.0924682966036307,0.047451045181804,0.104686942253325,0.0757335519412946,0.0982367949510663,0.0943922915199525,0.0943922915199525,0.0584911056638092,0.103928397822078,0.0771073226878228,0.098021812538925,0.0471903815666435,0.0503599364778591,0.0338839716460289,0.0536946946270729,0.0276389036591457,0.0247416085675404,0.0951355642019758,0.0581569914221092,0.0719922647544995,0.0517600121656337,0.0719914311424428,0.0410622465202537,0.0616356150619314,0.100783648927001,0.0622495719923989,0.0704778323440685,0.0574138407175729,0.027550067730229,0.192020377626107,0.215836884243017,0.0557778064333835,0.0565247761993596,0.0647646519288319,0.115050658950562,0.0430758303485585,0.0567222289354615,0.0704778323440685,0.0245209946814344,0.0352050805483944,0.0643696656026231,0.203017023467003,0.251938916439068,0.272330609848731,0.0272783640617383,0.107080512228765,0.0647646519288319,0.0447154673421411,0.164930575904279,0.0925370910634267,0.0987610724921775,0.0880427519515777,0.0325601134190694,0.226585926439943,0.0697163594128632,0.064012524368199,0.059876882137129,0.155132139178629,0.0342277746844091,0.0876188179439153,0.229179487574528,0.253536290206447,0.0875154625271016,0.0991731425011475,0.0333274985274318,0.0616772807625303,0.0669953191326491,0.0725228997091554,0.260585476208898,0.149908286130761,0.0754008681983696,0.219178028154239,0.0608192194943115,0.0222782457187494,0.353934235721535,0.274234943012728,0.303921680871567,0.0728495443168866,0.226438384278359,0.117961890218765,0.405185430503202,0.0865858552786358,0.0590518028099449,0.00927537078950339,0.0429034492102082,0.147741235041997,0.142348900184659,0.193553288718034,0.194685157232532,0.161730119447934,0.0728140519115025,0.130805178951283,0.240989220932559,0.0987798942925981,0.999999999994994,0.0970544347238503,0.297132258488645,0.422283417897684,0.46156355956034,0.286203798082358,0.0230621983030376,0.107644964453229,0.515706436283308,0.122684545425811,0.343094629475837,0.39491278060882,0.443662093484548,0.239744072566011,0.222102649000645,0.149754702811391,0.0228353610657248,0.271962698893612,0.255143131316518,0.235474032609745,0.0817200035284385,0.145547398405894,0.133802925089926,0.199873817907788,0.330846359035704,0.186731711682794,0.192949086559435,0.10051762526408,0.223696992247761,0.0577712220573606,0.155998933314892,0.0875633353996013,0.0128954935954373,0.0666082224173353,0.0434481817276955,0.0372775268599042,0.0696366495520875,0.0256169020752464,0.0757645722477039,0.0258248464040122,0.0250540777783505,0.0309603159996678,0.0787218396046233,0.0273884781349047,0.12939637518143,0.0258258611958983,0.119331331488402,0.191974478243455,0.191974478243455,0.149174031611224,0.110306702486222,0.10724010932045,0.0981678161302316,0.0586959928785605,0.00497494419177991,0.00743337749743328,0.021767977256475,0.00610326603350377,0.00524873860204668,0.0189614638911906,0.0030769717007894,0.00139672909482263,0.00403337012745979,0.00800001230768228,0.00501742586430207,0.34527441203168,0.478139389143353,0.407332065039335,0.315506683661847,0.283007680852427,0.0184303282001817,0.070953047569961,0.199078581963389,0.108669461051512,0.174269841861011,0.13945683611384,0.334218265917192,0.330595743378712,0.386322379029258,0.205848968459851,0.351664785493982,0.206864242841044,0.148777304747233,0.00978540195691981,0.313537478597214,0.215908173380995,0.146678992656021,0.572736064594253,0.137967560016689,0.0699733485748514,0.0422055429709986,0.0443804237101171,0.0282429217034787,0.00623229023177196,0.00746327163098165,0.181240399764954
"Kemant",0.117714070577668,0.185778724966702,0.230791282647305,0.084332241922403,0.0338033547891215,0.0459702237498221,0.0649384951064114,0.0715593973421015,0.0706140680702153,0.127235582362491,0.0693639429752826,0.111702536045723,0.0774266770243744,0.0729017426224941,0.0729017426224941,0.0875170744829593,0.0723279266170381,0.115726253607415,0.0771751833982785,0.0967256909873523,0.156336717669874,0.0220080214944633,0.103868909769861,0.0184360518397342,0.23654583262255,0.0876178677812086,0.132126702717054,0.0418607301473284,0.10109330106033,0.0488133612970285,0.0313574746956199,0.0408737529982197,0.0683357531561504,0.0415224985189955,0.0402069202384591,0.0763003832800915,0.0638922794521712,0.056090492319021,0.0651880927572001,0.0425951160014978,0.158963435486303,0.128521396370286,0.165860175018661,0.0753849369282068,0.159089597332684,0.0402069202384591,0.186729839524503,0.134219827580056,0.041178413843623,0.0292955679227224,0.0590571854242688,0.0207906937996563,0.0541322053851655,0.0610883943373579,0.128521396370286,0.101588942548398,0.123404544000512,0.116337122274697,0.0828369700033814,0.183893142377166,0.0491684475620332,0.238210056629153,0.00918115553145813,0.0155031144479647,0.0183428241911295,0.0352828490313494,0.0440726154409964,0.0829273929165431,0.150268981663651,0.140389013423765,0.132226911094693,0.0927165861663776,0.503968922461647,0.280361261720527,0.0908100222200393,0.0843510023160305,0.158818953197532,0.0509983151645589,0.0738016104763167,0.0837977005652671,0.0602243971607217,0.0243015982710879,0.063253789721863,0.0587790233595914,0.256556945427309,0.560081445481778,0.263902232671156,0.170257120587871,0.243162733022178,0.0826676970708645,0.0801159837809118,0.00746990889177902,0.0495274374883997,0.23240120958361,0.588486555358433,0.160804350929077,0.160702989009272,0.276163964443646,0.126084395487084,0.173323613224708,0.144859596717174,0.0971238770434697,0.0970544347238503,0.999999999995192,0.504364359137505,0.0925749864071228,0.101204481782817,0.28119025465353,0.106717487896357,0.175323439672445,0.0863462373088259,0.172371610743998,0.267362092994376,0.0812702920928145,0.0905331250862809,0.143306517547871,0.171685006636401,0.14724576738042,0.0150815045419256,0.12993790358513,0.12976844865191,0.148300760167521,0.0701375250514175,0.142890721010684,0.148459959303315,0.155609327113801,0.154108982189627,0.107772670672243,0.153152466696207,0.132031469019374,0.171394398954143,0.054803334898003,0.234646224184069,0.10709730144991,0.00912547444799561,0.0795645576523694,0.0578582439831409,0.0387141603750196,0.081534659989559,0.0253063258802309,0.0914460211450047,0.00315684314755654,0.0309979375146944,0.0383053788402543,0.070749749470127,0.0271207723760594,0.293416335123402,0.0508999166848485,0.117403336221978,0.18856895506509,0.18856895506509,0.123076469634568,0.0930929856483207,0.148046124874605,0.119959608494732,0.0700783854630154,0.0419666746175435,0.00203140639589654,0.00594879087464821,0.00333355229120636,0.00228593995813843,0.0149498246879148,0.0144528717302881,0.0144651323852885,0.00178696891246274,0.0174186956396911,0.00137117091055834,0.285420630736858,0.103317886712406,0.0833190927784089,0.344570928954724,0.166585499874698,0.180169995009854,0.118870530350661,0.143659700259087,0.0686361133390545,0.211868718701652,0.244279366593436,0.27638643914437,0.239649253277302,0.232149709675444,0.283921740286309,0.0442973866690614,0.252204929787452,0.227922986137824,0.222698577810433,0.363313521813468,0.0258663679855031,0.00159242660805282,0.0528638699113884,0.00615466360589639,0.135049243715098,0.346433034112462,0.495190068738592,0.0534830242121253,0.0218918717543175,0.0587261398571394,0.100015110690721
"Bilin",0.0936110753867948,0.152772525429991,0.178612300054847,0.0412825146715867,0.0254899591563503,0.0171111669826257,0.0594013210427105,0.0785902001135334,0.0682975055367438,0.0635975816323882,0.0773309968439913,0.103058679085427,0.0725623967201104,0.0697200224016082,0.0697200224016082,0.0783943294183562,0.0767702170469572,0.103758414567001,0.0724034555058903,0.0348556718610804,0.0757509901077725,0.0250292694258447,0.0845941391909651,0.0204155565431793,0.129530400687034,0.118068426606885,0.0429550190662345,0.0531813238993518,0.0382332221700458,0.0531775252952963,0.0303287625278497,0.0455270711551739,0.0744453187711104,0.045980827332304,0.0520620602786926,0.075248489201656,0.0361080350693468,0.0506336989321829,0.058392911874002,0.0411977421842185,0.078373236446363,0.0478385984395364,0.0850032551146779,0.0318186760569924,0.0784953520116103,0.0520620602786926,0.122094022124985,0.0744997628177263,0.0475477204069933,0.0274550930432439,0.0223352731325929,0.0269208968856644,0.0201492429213466,0.0791005043278625,0.0478385984395364,0.0330270480859699,0.101049397630729,0.0981402208936485,0.0731944591349227,0.148232984249256,0.0240530050062586,0.326687223434188,0.0655491169946232,0.0465262540817535,0.0613475876606692,0.0762987882707979,0.0370914140072431,0.0647439468022927,0.126909832668352,0.107644960776881,0.113974756415662,0.0732181832095425,0.391183400393002,0.21278577137094,0.062477072601741,0.0536566482356476,0.126468525136531,0.0396000240613435,0.055651282200924,0.0824560685754258,0.0767934705439062,0.0335649919036264,0.24839101650961,0.208708964344695,0.224584930136305,0.409037076666649,0.206203791452609,0.131070745229199,0.211587001486547,0.0825861356526008,0.0670195728976785,0.00685112380723136,0.0317025907365911,0.202910483794412,0.269767621470989,0.126520671559506,0.127367515920563,0.211498148107843,0.0871583889807276,0.135815669841215,0.115374200646839,0.0893630626277853,0.297132258488645,0.504364359137505,0.999999999997266,0.432366224558364,0.472669793375864,0.247878692145644,0.366890669635723,0.151465822791194,0.324213772303817,0.134607942957651,0.570168476827017,0.408977916233546,0.323386481965667,0.124854367696819,0.145016812433285,0.135563459254649,0.0168666372519335,0.118056465895535,0.114535650443138,0.128122922691668,0.0687174548021902,0.124386213717974,0.114676589831051,0.183801975170739,0.1359064776633,0.0950511589675762,0.184593921826186,0.157782262949053,0.146293435671627,0.0968264249071505,0.182627382735728,0.159511921215224,0.0705455421224766,0.0622365872901782,0.0662912767303309,0.0482219340212287,0.0650592345175641,0.0322999433766113,0.0714062106936973,0.0190801042558735,0.0366827369947061,0.0453303106638592,0.0581699300988493,0.034590208948433,0.191637179339182,0.0190764637188878,0.111674312377775,0.164082461484804,0.164082461484804,0.102545954357173,0.0925289241454123,0.13568497833346,0.0968255015319453,0.0433713838392438,0.00367105569060678,0.00548822528517706,0.0160717739988113,0.00450491798343346,0.00387301175953162,0.0141178584728219,0.0022705248614997,0.00102884516767447,0.00297625979065128,0.00595645157929857,0.00370447532154189,0.381366401190286,0.298733521640569,0.263290046215117,0.36852234672581,0.521233601684351,0.143086235421138,0.132910481048216,0.146966083464605,0.120378485993533,0.3741557022542,0.35809227536656,0.599606940122918,0.494050286622689,0.454140685135269,0.484982430663815,0.230966249807517,0.232599928420239,0.182085934464382,0.169192630500302,0.491230047694507,0.196163590156333,0.212806375880548,0.392592644730863,0.0313134848255537,0.110595123126507,0.263391849176532,0.3756529011605,0.0208625679679746,0.0184437963488869,0.0219716674497434,0.0793870656291363
"Burji",0.0741384574994036,0.117088975980914,0.198560908679721,0.0336553892898624,0.0397319245712803,0.0266685107858059,0.0518834267443954,0.122478906949779,0.106451651645738,0.054626745787223,0.120518040430533,0.0871862247417507,0.11309248098033,0.108666599299419,0.108666599299419,0.0673363199412374,0.119644786455717,0.0887677415461327,0.112844988232134,0.0543266637766233,0.0579755290382618,0.0390080154879384,0.10890559752407,0.031818548110852,0.0891899925541957,0.183949813837797,0.0669516798626322,0.0828791679997254,0.0595873287022617,0.0828782083260952,0.0472718123177104,0.0709563522262158,0.116024478456212,0.0716631537104917,0.0811357182194398,0.066096147503788,0.0317162781252987,0.0417664988678681,0.0498524245202327,0.0642127068208149,0.0650726357720629,0.0745585721737685,0.132448991904397,0.049589896808571,0.0652999479498811,0.0811357182194398,0.0282291388478852,0.116077063823034,0.0741038547371408,0.0424977924108462,0.0348100208738127,0.0419546651102687,0.0314034865488079,0.123273573803333,0.0745585721737685,0.0514774850141995,0.0382660280814721,0.106530849426869,0.113696041468257,0.188346105798101,0.0374839591358689,0.190344887364186,0.0722355327168815,0.0576255386988033,0.0540695883806429,0.102670124853887,0.0394038095343819,0.0366959678052225,0.135892849636253,0.108897759746573,0.0758637855247855,0.0565849319861454,0.0594060439330005,0.0256448932562058,0.0584329629081798,0.0273229879405175,0.127484383409031,0.0616946985888937,0.0296262947657368,0.128453389656737,0.119644005812982,0.230310367156527,0.45259660890263,0.379061273551743,0.236904241744532,0.0286238358397103,0.22298203829025,0.0932231077220892,0.24369527937964,0.0728677982885545,0.104414632740774,0.0106780223757013,0.125747573525907,0.213834385873233,0.0849863476380478,0.11676993412326,0.11813981730739,0.0966889511491319,0.029902457604444,0.191635660736451,0.113929512898937,0.139219570426919,0.422283417897684,0.0925749864071228,0.432366224558364,0.999999999993366,0.91473208276553,0.277046782092002,0.204983415925135,0.151491401288714,0.588656582330991,0.141237299396302,0.443899540905179,0.437463302089161,0.491764454941385,0.143476896609797,0.132928652699809,0.211195636721736,0.0262885982620426,0.122910856509114,0.123979821110297,0.132956551716391,0.0940779669106457,0.143217428451065,0.131187549530987,0.119321841845143,0.151757538665733,0.106189896124039,0.131761864274782,0.0710156642161292,0.135735722213369,0.0665075732064721,0.150570345941858,0.100804946336536,0.0148455918671843,0.0969595857795104,0.0858587352245094,0.0752389800951342,0.10135704051309,0.0503937539200284,0.111245303471628,0.0297301632472853,0.047891364953267,0.0591812560704017,0.0906264109361077,0.0538914476580245,0.0259556088870292,0.0297313314992543,0.173979628335139,0.18898193656485,0.18898193656485,0.0891825103401725,0.126987638992291,0.0511550072910798,0.150847850767141,0.0159969125810772,0.00572727135154341,0.00855747689724931,0.0250598012190348,0.00702622167345932,0.00604246983853789,0.0218288778207242,0.00354228131856577,0.00160794698840361,0.00464330941025334,0.00920980005715675,0.00577617724005916,0.383148691402506,0.40785379901327,0.357573189860486,0.315225207138715,0.590756639320574,0.021217422071703,0.0816827970297822,0.229183889352463,0.125102808609236,0.261067698613833,0.226402415463267,0.463192764381858,0.445079676230925,0.395727543973826,0.300826363609721,0.449386895247695,0.238146923062662,0.171275890219185,0.0112651821067291,0.347922276637592,0.323206768978835,0.494351939802744,0.771060144169039,0.0489494782496147,0.0805549447823474,0.0304291236846075,0.0117550550629642,0.0325139077184755,0.00717475732851353,0.00859189171840468,0.123672373072588
"Hadiyya",0.0808962634129871,0.12791620559134,0.21690604104794,0.0365431353538503,0.0430666451726483,0.0289581532073492,0.056388956151175,0.133114910613744,0.11547762497308,0.0593571228608644,0.130958692040691,0.0947163642977358,0.122789479480157,0.117917074878487,0.117917074878487,0.0731672765446554,0.129998309451309,0.0964493036150334,0.122517086397976,0.0589492600798303,0.0628912402617659,0.0423767570083916,0.118871182901107,0.0345503503525083,0.0972639282132576,0.200802658201753,0.072628473668411,0.090097085116958,0.0647169147045968,0.0900152342164665,0.0512799616562687,0.0770418793963239,0.126015882992672,0.0778158406044308,0.088188114874227,0.0718412898379308,0.0344730883029543,0.0456598163051318,0.054499481825372,0.0696572647031755,0.0706744254286899,0.0809598471120274,0.14434733947361,0.0538624170640192,0.0709232285271975,0.088188114874227,0.0306512942981141,0.126598632572756,0.0804884258038839,0.0464592783079894,0.0378066478364019,0.0456014059831602,0.0340996534088105,0.133988634427366,0.0809598471120274,0.0558422308826884,0.0418330446718799,0.116461258365141,0.124294362917074,0.205903028159773,0.0407626594334117,0.208051991428243,0.0789375298165663,0.0629655106543976,0.0590804629688541,0.112240651429558,0.0429273176952903,0.0399848282170039,0.148458904871912,0.118928030432568,0.0829355250062102,0.0617412969516265,0.0648604713041977,0.0279422535023429,0.063799968963168,0.0298699350936646,0.139368002729921,0.0673774640260233,0.032270515107845,0.140427336130324,0.130600556820869,0.251779041638508,0.494732500834761,0.414352021062113,0.258755534605695,0.0311785842345074,0.243606466115909,0.101731041529398,0.2662351498617,0.0795456682829422,0.114003727531317,0.011590835569266,0.0203350394859519,0.2335942468414,0.0928459545920079,0.127570766490937,0.129068398047602,0.105631025293748,0.0325791043657698,0.209336920620732,0.124441679884929,0.152096270763491,0.46156355956034,0.101204481782817,0.472669793375864,0.91473208276553,0.999999999992071,0.302647930725975,0.0290246062868829,0.165612865386226,0.64345991399818,0.154256712142371,0.485226988433359,0.478189313609212,0.537546632042965,0.156746281184141,0.145222502891935,0.230729121152607,0.0285261094931003,0.13424262373773,0.135424719121821,0.145240828423145,0.102741251412593,0.15646359316653,0.143318704754869,0.13035681037549,0.165780640832675,0.116002336254138,0.143935604057641,0.0775436678132517,0.148292006787092,0.0726180898696794,0.164605952691004,0.110045759916298,0.016129048081055,0.105917619323988,0.0937204615809434,0.0821246738371659,0.110721386256135,0.0550086256100615,0.121520192527167,0.0323970773590316,0.0522803054107142,0.0646048435865027,0.0989610421361905,0.0588265958331652,0.0281224538118011,0.032286886154491,0.190052641511586,0.206461259038707,0.206461259038707,0.097430367269566,0.13868532245296,0.0557749888874991,0.164759734114597,0.0173821576187165,0.0061250184160701,0.00922971262867118,0.0270283830806837,0.0075462579496718,0.00646009425263063,0.023863684494965,0.00378828537699315,0.0016735681826868,0.00496577757602733,0.0100683033104523,0.00622992695839676,0.418864385122697,0.445812184363236,0.39084977050593,0.344561057419371,0.645746689030252,0.0227645114148516,0.0892969630868265,0.250291530495124,0.136252829080415,0.285352629224399,0.247451426326819,0.506315481098682,0.486514115652491,0.432567489936143,0.32882400266342,0.491224296997193,0.260080839729219,0.187001584427009,0.0123152804180441,0.380303093766849,0.353272128013143,0.540337660867648,0.842841558584411,0.0533286310513193,0.087868070689251,0.0331880016071296,0.0127700260307342,0.0353270351734005,0.00766812185081471,0.00918270397298134,0.135200650990262
"Yaaku",0.189276478424152,0.342706445687442,0.648734730051218,0.0637267013218472,0.0933181832805369,0.0505791346012509,0.101408601065476,0.239390791870438,0.195207850613942,0.105982236133433,0.234081127182628,0.167990208122103,0.21374555519968,0.201431589083144,0.201431589083144,0.13064028723422,0.231708836320677,0.17191112714695,0.213061028618585,0.100581153419369,0.106313788816095,0.0751416671642275,0.242805969516549,0.0603466253003573,0.300457561170794,0.54220423460966,0.122773985366338,0.163212753575038,0.113818280785293,0.158450162097508,0.0866856336649207,0.134193276537207,0.221820642477379,0.135915361996596,0.158973221254616,0.129505447315694,0.0621432706898984,0.0796633456786353,0.0966009803465472,0.11775133863323,0.124295814076929,0.141406773247319,0.131276008047363,0.0949321260702389,0.124843279635404,0.158973221254616,0.0534520603652815,0.252888486017808,0.14186027664549,0.0801923598860654,0.0664909271200704,0.199686014234937,0.05955942519074,0.241536003534286,0.141406773247319,0.0943978702979832,0.0742338110466383,0.100011485398511,0.112216555781132,0.302742888597113,0.0746553032911242,0.116856647827103,0.0558399756067799,0.00915350559910817,0.00846843370702211,0.0756233999764812,0.0417229914654464,0.182874588874898,0.442810247520322,0.404051097645436,0.308931677241183,0.22619381144514,0.147568839329392,0.134252628905615,0.235589192495895,0.200199547385044,0.431826797592961,0.147101501017544,0.162704677692979,0.312322663009489,0.366468060494989,0.16854225337487,0.169629950340409,0.141446889116788,0.737585113601057,0.207892744134317,0.710299103172075,0.443690389044021,0.78750393906874,0.344036308994035,0.259136360297827,0.0617666127420815,0.118184108194758,0.498283303829073,0.27581981689434,0.371548433166182,0.374677889946223,0.313550213479722,0.151492486917646,0.454502327562582,0.399778971604246,0.290641428604948,0.286203798082358,0.28119025465353,0.247878692145644,0.277046782092002,0.302647930725975,0.999999999963974,0.0264311698977287,0.358346936155486,0.27658996433014,0.394147807471941,0.201678184645127,0.180469399676566,0.198432741144591,0.464787938852601,0.387528899896979,0.508986579865823,0.0616820706116651,0.428827443785274,0.378268096041675,0.43398417378948,0.219223302083117,0.416708175194694,0.383594033384252,0.348055268004223,0.493620222023043,0.345231422337014,0.430477523967238,0.269832656261097,0.387385847822216,0.154977943196078,0.491830041677415,0.23520862372043,0.034593643733769,0.226097574903684,0.263384455699027,0.175324129585567,0.273618130882313,0.11742903786632,0.269662783693752,0.0694857654843723,0.107160836600138,0.132422889131046,0.204509831954853,0.125755280535917,0.347623037752208,0.0565619386482179,0.470073316140536,0.549815971900794,0.549815971900794,0.289207557628633,0.296188071968424,0.278935330578803,0.409237131048578,0.151218131138264,0.0741677899965717,0.0683557449747711,0.200173649520385,0.0766558461217461,0.0791487878607192,0.136989113436953,0.0458723117553383,0.0413967799161579,0.0601305536425793,0.0577969401421364,0.0461391719887614,0.154452400518406,0.229541614027643,0.198704040923062,0.156811698073259,0.0447253824566389,0.0232095446505616,0.174065573616075,0.518458463182148,0.291518319355448,0.00241805638502303,0.0863217863399883,0.151659606257289,0.112135150809336,0.0982553464965484,0.12084734243008,0.14706527227854,0.55493710768171,0.384495227044623,0.0262504654500935,0.142934903615992,0.00482623581084445,0.00840593054159589,0.194411652533233,0.114063543350614,0.109773300134094,0.154390297160717,0.114135180507635,0.0629394300079852,0.0170677061669831,0.0200210839528483,0.35138799774855
"Afar",0.0699619329063625,0.229901957454094,0.0517869996418033,0.380406173104,0.036575307919257,0.121943557249438,0.0327991215347008,0.077427433123534,0.0889300929913491,0.224710700910687,0.0786733107801256,0.0591876065923756,0.0837758432846487,0.0871423685812729,0.0871423685812729,0.0525844435823524,0.093100019869196,0.0690734527304991,0.0839572600447997,0.0437717276391859,0.0484329656600052,0.174453257348085,0.0556412881707673,0.062443825592517,0.0717293673185058,0.0347043645771461,0.168605213700921,0.0598828272126732,0.134972731040169,0.156925756731552,0.160422891927268,0.0613959791819213,0.0971726250117854,0.0622078930066239,0.0602369289308636,0.0490712232191475,0.0235468574545903,0.0353558673856828,0.0391681235472069,0.0536435264322462,0.147397635662126,0.17432033528065,0.213162303287149,0.0347039998971433,0.147301795158243,0.0602369289308636,0.496205197495615,0.260113890405208,0.0518593571005031,0.0316978721232954,0.0788490386670215,0.0311480595233573,0.073422359690879,0.0915209930618827,0.17432033528065,0.12963636430662,0.10208932169623,0.217047562160023,0.166258900212359,0.148215189869548,0.0254044920059132,0.00929618732913633,0.00776909698140348,0.00838448068115865,0.00340107451772944,0.00406248711768107,0.0819479145924157,0.0739174605132939,0.0260770768132198,0.031068387878054,0.0596515949870149,0.0562678706088209,0.0466510649642019,0.16470501350038,0.114515774560244,0.198820753351306,0.0659966591999552,0.0828296569777292,0.030209101564028,0.209361532791952,0.0231405076669571,0.0358176493378992,0.0840842844294574,0.0232445860879337,0.117062941568072,0.0518455441372463,0.0766564460480003,0.321727684031122,0.0487205043400014,0.0305516533647765,0.160259343178747,0.087110569047445,0.242486519067615,0.0204005003787297,0.0158154269435393,0.0216153723631454,0.0231801961329492,0.0182410089076843,0.193923275812913,0.0417517641874657,0.0212797213155849,0.0584430738277546,0.0230621983030376,0.106717487896357,0.366890669635723,0.204983415925135,0.0290246062868829,0.0264311698977287,0.999999999992067,0.287017644957769,0.00785132269262854,0.0436915651339383,0.0131746433489709,0.26017426385068,0.0158404008875803,0.0441531172563064,0.0409009990175227,0.0416947283383541,0.0194239139720482,0.0142744352071108,0.0283494141794942,0.0103879192702077,0.0017075680209147,0.0282784555788494,0.114593189535347,0.0222083409350239,0.0140066651940497,0.00980093862273836,0.0344990620348441,0.0845204905761593,0.0266365038765279,0.022074077207673,0.0117729523200467,0.00316008472341037,0.0118398246517577,0.0251297885562476,0.0161144082043764,0.0121312294689671,0.0241977480341856,0.00974672354899943,0.0409318187172183,0.0202540364058187,0.00888202217422855,0.0109758665101502,0.0133529833460413,0.0104266653623503,0.114631696650168,0.0654349868037088,0.034891587769218,0.0377820008825383,0.0377820008825383,0.0168250717547039,0.0052018340008997,0.0600779505148358,0.238885076639429,0.0336468933178038,0.0710730769695474,0.0404481444468489,0.00691374212877663,0.00253896799865855,0.0979781226310825,0.0188219199081013,0.0183985995711427,0.0184142074645801,0.00207683250483931,0.00794113744504917,0.00159358805678063,0.00537574528522628,0.0539523664265356,0.00111643754836446,0.00885950072656343,0.121012702661123,0.00794978603218142,0.0159747454819871,0.00481793460711982,0.0103735103675736,0.00103061920903035,0.00216172294184785,0.00633472241572088,0.00211897349076811,0.00188732570098146,0.116103774914504,0.00523125776482988,0.00650619089225045,0.00553029019268656,0.0286528161647835,0.0136513865679991,0.0876850200510725,0.0328691130467619,0.00367059095327454,0.233111692933758,0.204686012466287,0.00901173560495143,0.00904041932533714,0.0687535395290614,0.0326216579289546,0.0810219383250506,0.0768051071952678
"Dasenech",0.114185674365617,0.396193808305103,0.221968627677262,0.350241369521165,0.0382629074392503,0.0917561503014157,0.0527324035439612,0.124483048868201,0.119603464078985,0.169083052128063,0.126486094080374,0.0951581813654986,0.112671433549027,0.117199125737813,0.117199125737813,0.068135736422888,0.1209357553237,0.0897255466810854,0.112915423769055,0.0588692767349779,0.0651382481869795,0.195948979400242,0.122283058544755,0.0718793155770989,0.152724278375346,0.270328596117938,0.0752233780660478,0.0908225673947461,0.0649326028910807,0.180637811396729,0.178444068162381,0.0798027408843744,0.125910400762295,0.0806052191972624,0.0913596233198226,0.0744249175500113,0.0357128436924103,0.0458119910962204,0.0507516816834415,0.0721460123440966,0.0709099687749788,0.0838619254377091,0.141887034443841,0.0557949494235546,0.0708638618811524,0.0913596233198226,0.477348794578629,0.302508111995923,0.0833762740645188,0.0426309608183322,0.0379326496297088,0.104377589405016,0.0353219860663382,0.138807266578617,0.0838619254377091,0.0578373884727326,0.120162611736992,0.236398322214061,0.184108765379019,0.262711275689179,0.0385302647642844,0.0631264173814661,0.0323412297751045,0.00872017447013687,0.0044207303488549,0.0371697533179066,0.0889712576396714,0.0806382677143874,0.174075724200943,0.147324298296732,0.140506696635792,0.0618438260106306,0.109964969614556,0.40081566551135,0.16132849887366,0.234538650864116,0.204304307017755,0.151082671556501,0.0313082589063325,0.360233653629945,0.174440454069279,0.114884698654664,0.16611351989948,0.0889643604177542,0.341216528996106,0.0549031264257096,0.28460399025234,0.429878394879253,0.311120831454931,0.468589110137949,0.359128104146865,0.110369320718641,0.242203579231405,0.238995878183786,0.381567988036177,0.354252246916849,0.35566482713346,0.296853906185008,0.477820986097404,0.645830898001445,0.414133580406659,0.187649933807744,0.107644964453229,0.175323439672445,0.151465822791194,0.151491401288714,0.165612865386226,0.358346936155486,0.287017644957769,0.999999999991479,0.0950874748004281,0.188867619638608,0.0796690958284548,0.059252572497891,0.0748284627058433,0.200705441887216,0.16497546857522,0.269713978253411,0.0258867717037937,0.136898544913886,0.138367210830019,0.148590003297036,0.105186068992613,0.160321617558044,0.218995868203466,0.133551322445807,0.169754030213526,0.118699299569628,0.147332084002214,0.207888780376044,0.151986479584284,0.0884288799548448,0.168521627086534,0.114060473583365,0.0148864114666304,0.108412570393991,0.125359037419523,0.0828001493559801,0.131454165101471,0.0555151189010135,0.160188689788441,0.0485405082377247,0.0528935686324702,0.0653626772335611,0.100629361866291,0.0594734169090336,0.0667569332598384,0.0297356426551911,0.249865787665741,0.21166047719563,0.21166047719563,0.114018726845179,0.141352763607798,0.101971494453967,0.437481695916087,0.0161868278539553,0.0786110837449937,0.0761668979101453,0.10745469988644,0.0354648296204718,0.136982875932403,0.066413931448117,0.0221308221311368,0.0199540425269623,0.029009625553888,0.0280206355393493,0.0247678497685609,0.0767370164417274,0.133547519279202,0.0983901409162032,0.0852383032394556,0.146219425586975,0.0209966626092293,0.0877499176388684,0.254956980058246,0.131901881125236,0.00257360106556648,0.043193514614602,0.0752535422636677,0.0551417368010535,0.0491136002950468,0.0668127712468011,0.0720680898376333,0.264767869839006,0.189471376327812,0.029695348104983,0.0772962736887362,0.0927347000978049,0.27125953296618,0.0955192507747708,0.285103637554624,0.223780991316938,0.0339593839614668,0.0117623431375956,0.0328559280271084,0.0339782659714214,0.0404863583920575,0.215444472003724
"Georgian",0.0369048797262105,0.175085277181228,0.199394279424177,0.0187883667453122,0.0275005422207693,0.159799247969194,0.0301215944909782,0.071106713653418,0.0571036643247501,0.0314261964240179,0.0694285552937256,0.049732994346507,0.0629900675188973,0.0590818825460177,0.0590818825460177,0.0387378817180477,0.068678396271623,0.0509543818047957,0.0627730088948645,0.0294926272907712,0.0310997067498946,0.0222441538329084,0.0741691046201813,0.0177987463680706,0.0734800998502973,0.143640147082273,0.0359147668798259,0.0485629437901424,0.0336265678554712,0.0468227093276664,0.0253579316135956,0.0395523215515557,0.0655489608112545,0.0400871307010189,0.0472467738568473,0.0384889639538104,0.0184689536623681,0.0235277425367056,0.0286362701378231,0.0344455045926083,0.036722059034713,0.0417067777910934,0.0389263877156065,0.0280615248536866,0.0368917299699745,0.0472467738568473,0.0157591228260655,0.0768948509576208,0.0419332826905147,0.023623301475788,0.202858546864696,0.219368326863217,0.0175665680975772,0.0717843976963286,0.0417067777910934,0.0276139729075251,0.0220115866615266,0.0295438069888648,0.0332653311982527,0.0921000248091337,0.0222701524716501,0.234482010352338,0.101147025226105,0.130984852944596,0.121160957412541,0.158505305467701,0.0123476226709798,0.0639201765411061,0.203172313312158,0.204010706958542,0.0867797243606202,0.224487914102113,0.0337803042796441,0.0467183498043442,0.0662245298431049,0.18976113246905,0.350428123308778,0.276984968724143,0.203831245884695,0.21773819380618,0.0853430659871372,0.165036955551925,0.42804672704637,0.352287489567762,0.226434887662642,0.0481125689304693,0.196189963397077,0.111131503538765,0.348082336704199,0.0968745961241608,0.0596036081032758,0.138044505803976,0.110338153376404,0.163560134433313,0.126305705721329,0.274892869742229,0.275755795640743,0.143291942407098,0.191867668072554,0.117224653438588,0.194228489749428,0.0891936888346767,0.515706436283308,0.0863462373088259,0.324213772303817,0.588656582330991,0.64345991399818,0.27658996433014,0.00785132269262854,0.0950874748004281,0.999999999996581,0.15208177134734,0.559363551987882,0.619500252113426,0.780722499547495,0.344012426547802,0.318688111659378,0.336878574521365,0.0318484580229031,0.276270272699268,0.24520639926737,0.358012554890615,0.203488177690499,0.134708106909305,0.12411889041416,0.316209671452497,0.242896895756863,0.416536946796367,0.436355499405357,0.228071737275785,0.190289819826403,0.18710695310121,0.194786159918945,0.318501739298055,0.0103790581669607,0.0744866924394279,0.0702663651570575,0.0617961091656995,0.0778628400438162,0.0359462844536451,0.188536891729876,0.0210527513870875,0.0327572331351409,0.0404794101028654,0.204235433060383,0.0384411376292265,0.106234273327279,0.286719672854804,0.133306832073638,0.177251115324886,0.177251115324886,0.213972360992175,0.139574242452492,0.0948841329809275,0.105065084129772,0.178715551510079,0.00373463046878592,0.00344197188443714,0.0100795050061582,0.00467041391026907,0.0039345958921017,0.0151364207314997,0.00230984546205384,0.000921093101706556,0.00302780220023112,0.00638619216538304,0.00232328289033233,0.591235792014954,0.52759549479754,0.421735860252162,0.335487019615625,0.422391437767484,0.00595807376359874,0.0528829196421707,0.159006907496042,0.0883889814307649,0.426811201885555,0.42336348703683,0.571450293761249,0.574928605263835,0.511577579478614,0.424482629039478,0.470947278813199,0.170218924279751,0.20166821932207,0.0477818735208096,0.538025133049774,0.527849985581228,0.352803575938765,0.732937903317429,0.0346298003491254,0.0338165572325421,0.144372132763939,0.136210722351341,0.0186532662611451,0.00466492593355155,0.00558632670908518,0.0883845892357317
"Basque",0.788112442531051,0.122910487552379,0.280027022980551,0.10399002278785,0.0603963828982054,0.0821064132104854,0.0657234801833349,0.155150507951556,0.126177791541754,0.159636544550289,0.151670510515621,0.108811880467523,0.138338080973608,0.130261164003901,0.130261164003901,0.0729920771201709,0.1292290783492,0.0958785900084117,0.137889164548967,0.0650401263641853,0.0687187479435675,0.0486708226890338,0.138256547985497,0.0329427318030312,0.341224861757813,0.232492056617663,0.235988619683045,0.0925429489328031,0.180559908390246,0.0872199351187683,0.0560315672732028,0.0730367574066231,0.122102633339239,0.0741950903791906,0.0896949886707141,0.0730688447906018,0.0350621313225281,0.0437447270045917,0.053907172987438,0.076111712786153,0.197181337200187,0.229549260713278,0.19773547975298,0.0614737051554471,0.19746298042129,0.0896949886707141,0.0872237360499477,0.124860974190727,0.0918622302149545,0.0518977344088173,0.105480381768472,0.123018655216451,0.0966843504510747,0.136278103506501,0.229549260713278,0.181445792820094,0.228891652604572,0.0549706610016422,0.0626212825466668,0.0558251333954774,0.0427921745109988,0.0890356660972016,0.0234395057369048,0.0511233618075652,0.0472898821981037,0.0729547105683296,0.023115193641973,0.0215760665303946,0.174730958132758,0.174034386546772,0.157769882207075,0.17729870732909,0.0641760290592108,0.0849479680967739,0.0838220379272776,0.130448085695507,0.278573999991774,0.0958714179705825,0.106138409337702,0.289758048068427,0.158240566423177,0.0667053544418676,0.166349024970307,0.139171131251178,0.309116931691559,0.163911490822026,0.322465995566337,0.0845508880778227,0.310392950969817,0.0924130624727918,0.113476147346021,0.0401856078643345,0.092888015339528,0.377392915142985,0.154132630123834,0.269887440717903,0.269717319020547,0.175276506654261,0.177665493895973,0.233878973576706,0.177958556033345,0.14806557724578,0.122684545425811,0.172371610743998,0.134607942957651,0.141237299396302,0.154256712142371,0.394147807471941,0.0436915651339383,0.188867619638608,0.15208177134734,0.99999999998467,0.111872317464621,0.153926649493114,0.169482452953979,0.260087426394345,0.282104960864261,0.382377278300486,0.0343950918712823,0.27646033449643,0.246758572564289,0.241029365319884,0.143007643681593,0.152124802618738,0.164966522331473,0.190941517190232,0.180113142146293,0.126031273459453,0.1858482660346,0.171030948493547,0.210487576266424,0.167021882744214,0.361449848652832,0.15323330552736,0.0199433959380659,0.136726263192319,0.113448456026612,0.0652345943261233,0.167242045607747,0.0426692605523387,0.20708784639202,0.0424641783590784,0.0388837660654483,0.0480502094426617,0.21410460124173,0.0456188130148522,0.289772858902665,0.250695751221111,0.247037732660027,0.200989842452877,0.200989842452877,0.21007621240506,0.292729195155118,0.17388742649521,0.205345379353413,0.125147443875864,0.0859975054978292,0.04442828699593,0.130104241469638,0.0498304829997193,0.0514428297492669,0.0891131318944012,0.335262231281685,0.332601696961335,0.0390822672686901,0.310058090788824,0.313702736899835,0.15951105798566,0.167962834810724,0.16889038554026,0.135457991101954,0.0271357066449264,0.322324845026262,0.297142454843015,0.338210046388994,0.190168415245286,0.0754459272151374,0.0958511072562733,0.1556438642281,0.11186982104377,0.133030724551908,0.093422807058279,0.114704555178696,0.544250269122545,0.593353192876598,0.098861351557081,0.146630441535956,0.0927353192587533,0.00297694642521089,0.193894467889134,0.0696068937025587,0.260595250161483,0.0687470254244325,0.0723435814082572,0.0955238660548145,0.00632202862169703,0.065896181722991,0.264957457661311
"Kabardian",0.0381800164219936,0.0938674209017034,0.145403496395736,0.0319694361697086,0.0180298798465831,0.0123247223055686,0.0464817962528377,0.0585989882487568,0.0563225161417268,0.0463910554298382,0.0595418991424158,0.0838786571596925,0.0530581508121881,0.0551902881909848,0.0551902881909848,0.0571844964554778,0.0496183670932336,0.0756354282292241,0.053173048346404,0.0277221551618717,0.0626565647388918,0.0200656311279392,0.0696705561589045,0.0147047869595263,0.0582424646681854,0.107751505349284,0.0354234717023231,0.0380971995804146,0.0266792700844032,0.0369541711984427,0.0250110484065628,0.0327302389327959,0.0517336043661002,0.0331187772773055,0.038322477585109,0.0584578818875075,0.0280510515448854,0.0383027506560446,0.042432755319792,0.0339743081527153,0.0595128352749665,0.0344568808109422,0.0626285912224213,0.0262648418019882,0.0594741389953772,0.038322477585109,0.0131161440369732,0.0589826076831266,0.0392484386308095,0.0199196231447397,0.0155856281655334,0.0198162627822898,0.0145129682811967,0.05822526592022,0.0344568808109422,0.0272362282386487,0.0188964063864705,0.0766733792943358,0.0537402010418276,0.116743719468014,0.0161622295944729,0.321164068774773,0.0908232761174924,0.0966687796118693,0.104607685078761,0.117518994435724,0.028136533902108,0.0585502727140364,0.109000166245857,0.0937324902655183,0.0718776531720572,0.173784654676899,0.226172202159183,0.0473278473699735,0.0540311148945116,0.150507435624486,0.214253164914033,0.0322736027882025,0.159485308548164,0.103975634062375,0.0602495822353111,0.121633443452993,0.317115414601036,0.285021752104148,0.18621306633238,0.310003729766822,0.168216191889047,0.108732483189059,0.172411283942924,0.0716695894069451,0.0552191477844741,0.00498625601702692,0.0866017707505579,0.129955482845238,0.239771189139285,0.204408876577412,0.204280028843906,0.110367182455272,0.204326006306819,0.111292376139606,0.0986838768356994,0.0723547926032239,0.343094629475837,0.267362092994376,0.570168476827017,0.443899540905179,0.485226988433359,0.201678184645127,0.0131746433489709,0.0796690958284548,0.559363551987882,0.111872317464621,0.999999999998119,0.349323701917029,0.460018197024022,0.204500643051151,0.189448497461043,0.258995652069432,0.019869493067963,0.133995692286071,0.128225962832859,0.211887553002359,0.0612385241047597,0.106099572089573,0.0984062741638093,0.133806610738958,0.110570645397429,0.0812648730953843,0.15121431655089,0.106360196264603,0.0955933393197536,0.103185429959221,0.151556810893137,0.132261539168464,0.0567984491872657,0.0538393742882836,0.0589007063290416,0.0447560196642976,0.0562802348457507,0.0253769722963439,0.145716019595911,0.013990084406467,0.0291040702066168,0.0359650520145015,0.151310030860546,0.0271378036705062,0.0943851436918196,0.212324926065193,0.0970120644723542,0.139887561274162,0.139887561274162,0.131809586428325,0.110499326088424,0.0795532381076681,0.0789548546847633,0.132391987200574,0.00299485172935229,0.00450618859196887,0.0131959678918212,0.0029538342810459,0.00320394861904332,0.0115458965159712,0.00185229696334929,0.000822265445881275,0.00242803638305979,0.00487131767677865,0.00304161428617787,0.512701544485598,0.387020966612881,0.308922976154135,0.384610113182742,0.53885738368429,0.0101215360159861,0.0387842529475161,0.119946287664897,0.0957704787301143,0.559561005935436,0.581730904330907,0.799891246395091,0.688332509901152,0.590433156288062,0.578060064999423,0.498342738176917,0.12213356479353,0.149195415129825,0.168313650221783,0.58592488600379,0.396252440103034,0.262317992884793,0.543523176982033,0.110543062671449,0.0410827911064965,0.289553436937253,0.290370256380378,0.0134755067652407,0.0131659833566385,0.0157664849397936,0.0644957764248433
"Hunzib",0.067820002382298,0.177471495450768,0.129772080962777,0.0352387634566723,0.0217247028517016,0.125150380518559,0.050667487472082,0.067008624127083,0.0582159515344117,0.054246191257412,0.0659330579039226,0.0879040925260064,0.0618595928954954,0.059431309153221,0.059431309153221,0.117907209148571,0.0654540499204298,0.0885015521059996,0.0617238122894354,0.0802536811528986,0.0646081276689529,0.0213393521382977,0.046381256031441,0.0174045772916843,0.10474196337596,0.0936497093175269,0.0366143285682504,0.103469770372594,0.0812360043642632,0.0453363119260158,0.0714509708521774,0.0993386871267547,0.0634680943594499,0.0995801486900677,0.102858064698715,0.064184863352133,0.0307991472177729,0.0773548129098131,0.0496403908339877,0.0970569990542749,0.0668478288811598,0.0407831440846332,0.037017367645789,0.0671987173024569,0.0669520651363583,0.102858064698715,0.0154641423261795,0.0221690548287126,0.100417308887597,0.059845872406268,0.187272692318246,0.171715868307408,0.0171775408155922,0.0674444990597446,0.0407831440846332,0.0778078119065265,0.0860887494589056,0.0538754630081268,0.0758448138913308,0.0514065436293415,0.0451685451378055,0.254363561594022,0.073267391622627,0.08638138674973,0.0803221810337571,0.106683697799179,0.0197951260476619,0.0448023946356456,0.143318256333725,0.150312838901472,0.0740921334143928,0.0847080405075241,0.0144199792398621,0.0617253931300314,0.0359131751522588,0.0673551359531874,0.1933568976341,0.212487345748888,0.0695588247356105,0.160801908923471,0.0383339086053932,0.111608783719211,0.462230464574081,0.401410975560914,0.173262885860062,0.066103881537774,0.159318268319091,0.0930447279731382,0.241530344353103,0.0545926298010734,0.0258151888388328,0.105510669697106,0.0388859615569518,0.149263515589434,0.138187461123407,0.209562094433066,0.21022075255392,0.239193524276045,0.161245257618737,0.0805491234584987,0.150687665008154,0.0542977553417488,0.39491278060882,0.0812702920928145,0.408977916233546,0.437463302089161,0.478189313609212,0.180469399676566,0.26017426385068,0.059252572497891,0.619500252113426,0.153926649493114,0.349323701917029,0.999999999998009,0.538529195510167,0.170882895306803,0.19442849264231,0.123187853695464,0.0143775684459664,0.282529857762327,0.251120964675533,0.252660813168755,0.351532044934412,0.273410726431087,0.136971195661486,0.301839837318623,0.258476784983436,0.35515941879419,0.318163763492925,0.365401036611666,0.334338376240829,0.197993684584257,0.24830517395523,0.243369108001601,0.00812144085671139,0.0419975562150009,0.0531492210206937,0.0381244973379584,0.043907033038619,0.0161461457589928,0.0655812021565269,0.0162748803173253,0.0208642202440895,0.0257827431350163,0.0798331436315618,0.017272518079993,0.163523193553715,0.0738458977676958,0.0752402059411975,0.125879503280372,0.125879503280372,0.127548385421694,0.116196063869065,0.115781752108254,0.0618929166528195,0.0652582111300163,0.00312240651294093,0.0190353338217605,0.0136873696311016,0.0871899275501791,0.00329402480970158,0.0119367367677288,0.00193118879495036,0.000871537479623167,0.00253144973482987,0.00503621669735765,0.00315488029005977,0.519047088519844,0.543803411221407,0.496405171134118,0.408954209180796,0.366541069698274,0.122277628637343,0.113425416564456,0.125520439141004,0.102930494961128,0.36412495728344,0.354429861359827,0.435914952212888,0.469442877258594,0.406854087885246,0.339881441462513,0.342106699361843,0.198603716080557,0.219500596110202,0.174910061571857,0.471502982031924,0.374336520041459,0.281779725752967,0.560857572233248,0.115434087823789,0.0789406481040763,0.0561932725061199,0.0587766390756996,0.0177873240853328,0.0157263990792087,0.0188326255261821,0.0677329941733358
"Lezgi",0.0876242421050538,0.142042532633119,0.142674493623834,0.0198085570789048,0.0221037837111001,0.137983504207017,0.0296694654826031,0.0700393927340284,0.0624021792661655,0.031166813693594,0.0711663901168768,0.0496381446381794,0.0640105421885136,0.0611477343941668,0.0611477343941668,0.0384181504532613,0.0682246076974416,0.0506177036421086,0.0638508237329929,0.0305590500190055,0.033985375521424,0.0222069068015765,0.0364586605806698,0.0187313319009879,0.0972687803734683,0.0799185571668549,0.039247213775742,0.0475049971033435,0.033835046215322,0.0470731638443958,0.0277108345510993,0.0417563265978402,0.0658995819851131,0.0421875414477388,0.0479658350339061,0.0390747377001176,0.0187500375644693,0.0237055347467191,0.0284321295171134,0.0376416220905096,0.0369497288543384,0.0438920517868083,0.0778572058774366,0.0292280953375865,0.0370890637110575,0.0479658350339061,0.0166148281138583,0.0238581536381825,0.0436765282958937,0.0240421606105706,0.174404080005234,0.189335440613211,0.0184869883862885,0.0728769034759915,0.0438920517868083,0.0301762086198273,0.0946542158628522,0.0625466204675498,0.0668273276282572,0.0595747057163947,0.0215611765794879,0.206092004223551,0.120907483512394,0.159612465085784,0.164924088459662,0.117813927250916,0.0230758140520278,0.067188439874684,0.164525525637683,0.182408684318328,0.0961794983053036,0.109514227301633,0.0228021754378455,0.0737957700418113,0.194272567474549,0.0840001267626931,0.220596040307463,0.240631569108617,0.0926467134197113,0.194331494273385,0.0413745352067674,0.123208425962769,0.368290431633676,0.306813643486354,0.211445324905588,0.0824597292077489,0.157082202680957,0.0818541440555692,0.281677340966575,0.0656750258175327,0.0404201865222567,0.116265676899075,0.0514545174269637,0.160195088233479,0.120083127278158,0.187549878624693,0.188306242313511,0.136232538401066,0.120635753465433,0.0903711813715102,0.367379201234315,0.0683614404613362,0.443662093484548,0.0905331250862809,0.323386481965667,0.491764454941385,0.537546632042965,0.198432741144591,0.0158404008875803,0.0748284627058433,0.780722499547495,0.169482452953979,0.460018197024022,0.538529195510167,0.999999999997564,0.24731114527104,0.215968548535314,0.221452293866637,0.115568322555075,0.285441636493969,0.263423329884306,0.201827453146786,0.216331853557223,0.150182029332353,0.0980568742718469,0.373018119357613,0.237418542621553,0.374245038829883,0.413691086096552,0.309541956430594,0.22340909258123,0.246153060285027,0.23229473011826,0.358312580057919,0.0661055251220892,0.133719073986212,0.0371665051543875,0.032189352294114,0.0526284827117756,0.166238123738987,0.378222248845785,0.20547390445113,0.152682573508206,0.227703969771735,0.205449518259482,0.214899484723153,0.161481212793626,0.0805486732750598,0.350917117164972,0.386655433819338,0.386655433819338,0.262716164452825,0.262588662178115,0.227152093355218,0.223684101464682,0.181778628518613,0.00315213393826153,0.00489181959466917,0.0143252535898752,0.00394196167876111,0.00332091042165972,0.0127755679953784,0.00194957502058921,0.000777428677469798,0.00255555085127129,0.00539012714350271,0.00330190982043488,0.496787518498547,0.450090796503233,0.525894346965989,0.432138677605892,0.35774681529281,0.132994466654135,0.124023825854672,0.137492075522236,0.0730671407526411,0.404679441555576,0.38984012152906,0.480165703803294,0.517090921198456,0.474016011377989,0.377614041958604,0.515427389847809,0.218275030371826,0.24151891200861,0.0403292551746362,0.451269340681349,0.500401885990068,0.299295215723631,0.619825941375179,0.0292285327472372,0.104495813940551,0.0519197831492563,0.0545465405615883,0.0185377232387509,0.00341071169712917,0.00408438421575563,0.074599097736124
"Hungarian",0.110457042725073,0.293005543992021,0.30137024061279,0.0285728134814361,0.0376305538899063,0.272113498492959,0.0420493222017529,0.0992639720311349,0.0866441533603644,0.097377461318938,0.0965691004100285,0.0755010930903445,0.0861928870798568,0.0896565410804203,0.0896565410804203,0.0538458431814729,0.0953632148248457,0.0707525790078988,0.0858420003497065,0.0447543506934967,0.0471880008576035,0.235841920077924,0.204744937034908,0.440377227798013,0.161711560227093,0.279701828133968,0.0544939559704464,0.0737413640819917,0.0510447863594089,0.158445488268296,0.0976079691911216,0.0600336456445539,0.0995036092703456,0.0608472487050354,0.0717391093263729,0.0584413234502319,0.0280431059685347,0.0357143251196187,0.0397760360918223,0.0522646246579123,0.0557437103352089,0.0633056703375982,0.12483237065449,0.0425981062378689,0.0560018074862183,0.0717391093263729,0.0239660255329552,0.116873745679683,0.0636557863572581,0.0322931050209129,0.308446859967362,0.388589721035002,0.400320571235379,0.108996833727372,0.0633056703375982,0.0418990502940479,0.0682248198117347,0.159541066747183,0.107105179036364,0.190445727664099,0.0314205194553432,0.128590857666349,0.0304530461405006,0.0686988901927586,0.0591989108933122,0.0820732240373714,0.0628898522365352,0.136079877391064,0.344952374992069,0.353112965613349,0.185506794045414,0.35872011923325,0.0932393855611495,0.0985238343927171,0.140925907138587,0.450358809105594,0.591522959485922,0.198895645816831,0.32718312665802,0.393109227788526,0.168447483871004,0.0939806451537971,0.115546125157148,0.102348375148436,0.415375467920508,0.296840406572832,0.355540153579657,0.262625044569629,0.591987659653045,0.186912992601105,0.16475018335339,0.173276023158193,0.199568445089947,0.440936448024882,0.214263171743075,0.447867970765279,0.449161487891409,0.243078408473972,0.325683747379369,0.235869076427308,0.333674520775747,0.165380702152973,0.239744072566011,0.143306517547871,0.124854367696819,0.143476896609797,0.156746281184141,0.464787938852601,0.0441531172563064,0.200705441887216,0.344012426547802,0.260087426394345,0.204500643051151,0.170882895306803,0.24731114527104,0.999999999992093,0.601866736359533,0.682643694507724,0.367912273307862,0.608433743398491,0.558648768355029,0.543236090670226,0.191696466473569,0.37732889932471,0.218668538846313,0.415215698800408,0.554148387883087,0.53506334149755,0.297527452647702,0.277289488584034,0.449361235874356,0.267397647939592,0.482271397020817,0.109356645621169,0.176933183680021,0.112366353583681,0.134778840412769,0.0925258054727165,0.134918525920931,0.0537271539079816,0.392196693811417,0.0308301143175504,0.0489606348194692,0.201144259332711,0.309309099710184,0.270566802768511,0.158687851634607,0.43358243299147,0.23124294081588,0.289608119050634,0.289608119050634,0.348613506080858,0.21067420686236,0.1646532163084,0.213125648128142,0.270582097777578,0.121481656897566,0.111961933318748,0.273333180817001,0.100377507020022,0.108253095822821,0.279499954884518,0.062637739349082,0.060575921171748,0.0821070881728558,0.117923547037708,0.0630021317484244,0.179303680236541,0.298368711607687,0.183300614936504,0.105737441240143,0.0321982762519419,0.00896605180328801,0.0774458631383933,0.238904492398603,0.12860726693236,0.0279242338999358,0.0696308992795863,0.174260470971048,0.0805143417686898,0.0714911015966731,0.0865242604469857,0.168452151938147,0.255850603593427,0.303964613900203,0.0713647345199734,0.171727680435282,0.0356124115231448,0.0651470487650803,0.139548508987492,0.0526235680337931,0.0823075253467867,0.219539945906599,0.206227530485118,0.0258941231505091,0.0330981597953651,0.0396355990898841,0.185083088834981
"Eastern Saami",0.145439667606698,0.271517300125509,0.279206114747066,0.0266835723525663,0.035252486957503,0.252280285007471,0.0393051489709397,0.0927859238591496,0.0812194170916015,0.0905910087054055,0.090302952571792,0.070577011019822,0.0807459182373404,0.0839906862478861,0.0839906862478861,0.14457708715728,0.0891919974058202,0.0661739839089007,0.0804228286654035,0.135231082078234,0.0442335896274923,0.0315674377285853,0.104647029463707,0.0574811720567693,0.26832487818634,0.264792000711553,0.0510821234586794,0.176150570216245,0.137530523278448,0.147403068560712,0.175021136399006,0.167910262567604,0.0930537252483227,0.168393297647797,0.174933480505977,0.0545807378035527,0.026190601507638,0.0967547799454629,0.0372006595479441,0.163336754775691,0.0521329715471472,0.0592283818222289,0.116115820082095,0.113807664451335,0.0523717365172467,0.174933480505977,0.0223813863037116,0.108584046222721,0.170066630044211,0.0978215892851801,0.33844810643824,0.309264906525211,0.0249465304610121,0.101796592751176,0.0592283818222289,0.130942390728011,0.183747274516504,0.148189515907827,0.181154873113452,0.176785312666151,0.0748561906651838,0.112182088673141,0.0221570977385749,0.0786969731972236,0.0687673035339987,0.0857591186230815,0.0584172475736919,0.126197471581566,0.300084533036089,0.303919248012213,0.201798055452767,0.332322541451913,0.0704030233930109,0.135567807424004,0.115207929785451,0.395041828190934,0.526072645507617,0.139949251912073,0.303108249512741,0.340922796582417,0.118372104126704,0.0669048837496459,0.122142477245083,0.107220280335327,0.385028360767609,0.137128071223271,0.332469162250026,0.246801032009016,0.514502281650123,0.15114683359784,0.124962165983078,0.0210474646138143,0.172751865299441,0.310705718157852,0.229346096544227,0.456372320631825,0.457544408787629,0.245205595207706,0.377762434157675,0.18733846137211,0.288380355936889,0.153307086514133,0.222102649000645,0.171685006636401,0.145016812433285,0.132928652699809,0.145222502891935,0.387528899896979,0.0409009990175227,0.16497546857522,0.318688111659378,0.282104960864261,0.189448497461043,0.19442849264231,0.215968548535314,0.601866736359533,0.999999999993215,0.495558315733412,0.0428522786288391,0.387902635802767,0.360662869515545,0.503223785577965,0.103165539238579,0.203909087309278,0.202562406649518,0.303411936571971,0.367045798703078,0.245944547714549,0.275728808709839,0.171982612564482,0.326968657638496,0.123015148354147,0.332080778006459,0.101468207871053,0.0135854996684725,0.104175500830219,0.127592469141829,0.112743539644937,0.108897611101797,0.368989848014721,0.278593345722377,0.35888648763841,0.336319121920352,0.0561455449516678,0.286647596777313,0.126950713921853,0.267137260297784,0.401877054103148,0.186428485830849,0.297345393975362,0.297345393975362,0.594022555450525,0.195305875412428,0.437962590391691,0.168710401083094,0.250765264067946,0.0240973121121992,0.0487204905917756,0.0145166502416212,0.0053035082461881,0.0056685744047164,0.0214899057720421,0.00332667315156225,0.0013703182189072,0.00436068492599002,0.00906678469837611,0.00334602593191677,0.192832356651956,0.304979654421101,0.185305900612364,0.120861054928736,0.0298426203348222,0.212753436957974,0.19852524087785,0.221360081409765,0.11923896548479,0.0499936332618972,0.0645134962469591,0.187241014803573,0.0745950794639666,0.0891524643951456,0.080160304541323,0.15605549201319,0.362911955492615,0.395498645329403,0.0661316768887484,0.183382551613849,0.0627850520019661,0.0367348810721595,0.129289155577304,0.0487850225681704,0.169234929548465,0.274175342465458,0.264674731836417,0.0242191445799923,0.0308474786183312,0.0367590631906314,0.144050912464779
"Southern Saami",0.163903083975175,0.198139182755354,0.315654913414752,0.042080360932296,0.06159817924781,0.0334092352054896,0.0673693512922466,0.159035842961721,0.128084138835612,0.0703097143282497,0.155324697218863,0.111300917956346,0.14109079881409,0.132454468444994,0.132454468444994,0.0866681210960042,0.153665914714242,0.114008947702607,0.140611065071386,0.0661226514504491,0.0697569797718262,0.0497822838626752,0.165029806060173,0.0398609943490651,0.236641489179877,0.409099802257834,0.0805572119017778,0.10858001120166,0.0752841381215916,0.104823818840813,0.0568781158246963,0.0885902954432786,0.146747005712561,0.0897767099587257,0.105660053083253,0.0860745748868298,0.0413029391235749,0.0526779797702696,0.0640712387167307,0.0772616406454516,0.0822144138038227,0.0934039734842888,0.190408327506796,0.0628187863115769,0.0825909494485618,0.105660053083253,0.0352957543084098,0.171238535686272,0.0938722303362194,0.0529174213152911,0.0439798607618926,0.135039821760743,0.039341021956819,0.16053462812091,0.0934039734842888,0.0619384409321767,0.0492466363621282,0.152493928366865,0.163393659382759,0.284390472635783,0.0497692389613852,0.188501931103785,0.0382164108638596,0.0940611265569525,0.0870072025747493,0.120515924463366,0.0621249070892,0.0702367208777653,0.260815028292275,0.226203485424533,0.167108757755402,0.43416533059752,0.119664945209018,0.0530613718481148,0.127942378136592,0.39388055127831,0.564481553803787,0.115978809516172,0.388731896566903,0.350644612303041,0.249601453513513,0.114703547428027,0.157289683559574,0.140778563560651,0.376701864579208,0.0796457212046863,0.397173485578576,0.203198665688723,0.441527730411226,0.161279439043963,0.209681878587054,0.0417650759692458,0.229974951408409,0.363370332074471,0.163107846683086,0.452755698646973,0.454772367737701,0.185043261339033,0.365952486493546,0.347485802651109,0.228636327295105,0.221543353736074,0.149754702811391,0.14724576738042,0.135563459254649,0.211195636721736,0.230729121152607,0.508986579865823,0.0416947283383541,0.269713978253411,0.336878574521365,0.382377278300486,0.258995652069432,0.123187853695464,0.221452293866637,0.682643694507724,0.495558315733412,0.999999999983126,0.306169131839952,0.449029076533588,0.423551271813599,0.530946653977629,0.281771579906298,0.357310155193009,0.222434462464454,0.299051561571864,0.378143703545959,0.276147726429606,0.209612636866763,0.214157300207603,0.318364160507844,0.272997977525871,0.473507152657181,0.160016760648339,0.023058441629632,0.165591093608914,0.199437434419779,0.137288177136264,0.198601302758366,0.0798593946140427,0.46980685021634,0.0469135654662073,0.0728769968832723,0.192785747193722,0.453889947010176,0.183110864407641,0.0401845113743012,0.637279245663527,0.340411930080633,0.319256230650085,0.319256230650085,0.352418037918214,0.310272552154727,0.0956926947446248,0.279158872704846,0.314932513326383,0.0499229912843869,0.0460108526999276,0.13473864275785,0.051633209092034,0.0532735185474394,0.0925692744842108,0.0308770561999522,0.027813600690364,0.0404744041255467,0.0390558102180654,0.0310566821684214,0.261937231682936,0.277313325925423,0.135652906409071,0.107320610668473,0.030129671676437,0.0132366438158684,0.117486355326814,0.353254740092175,0.196367737437014,0.0408096885909105,0.10173867169013,0.254587308966505,0.118520060588344,0.104453887287312,0.116813024370294,0.246960500579515,0.378163708747536,0.448032450434972,0.106153711040984,0.239783117782702,0.0520448661919583,0.0051632648760806,0.205419650188044,0.0769346521762411,0.120302615307103,0.26058260441498,0.239876216566006,0.0417369582219935,0.0106025105716777,0.0124107588831792,0.239613529349607
"Finnish",0.0360190113605286,0.134451237001555,0.0356542659075777,0.0470534734731877,0.0687072023560759,0.0374387322323519,0.0784601913194315,0.185217497657864,0.136938437646404,0.0811346323519576,0.179490146385356,0.127322344095743,0.1573740357731,0.143830657287076,0.143830657287076,0.100011587430226,0.17692516106674,0.131265619138905,0.156624296092707,0.071677772901787,0.0745791938946669,0.466886165194363,0.0302255916842877,0.0446686398167627,0.0817556433869717,0.129271043930669,0.0861260327736196,0.127617384954131,0.0851587438123483,0.118713554013119,0.0608100299403008,0.098898923277729,0.166191794779027,0.100604703583468,0.123425287125046,0.100546789534976,0.048247440463489,0.0594748092918654,0.0738219251550108,0.0826026427341325,0.0929980255798723,0.104669452358151,0.100498263087721,0.0712637408965453,0.093534706585137,0.123425287125046,0.0394670530925778,0.0568543315073045,0.10649181069547,0.0588971070615699,0.0497484568330193,0.0638222807564471,0.0440859534115949,0.187526240910544,0.104669452358151,0.06622016909182,0.0568222120871137,0.0747696881960723,0.0857552599602317,0.0764484314591573,0.059286126033261,0.00672976986697689,0.0060501586027811,0.00698446116256976,0.00646200255661865,0.00765675229731393,0.0315528760490625,0.0493186040255321,0.0379316225316996,0.0513416097937071,0.0393837379566242,0.0485352763429183,0.0154909528618601,0.0396036518093078,0.0329384752786239,0.0108631443097488,0.0440856135640238,0.092171811097283,0.0437201022235629,0.0446363348045797,0.0540026958106293,0.00751980769959421,0.00682162374425842,0.00759539104221436,0.00894947246604057,0.0211292289409444,0.0361407226497023,0.0367406987372233,0.048574873578334,0.0530745351111596,0.0302379876038929,0.0193331413945961,0.0260219157918371,0.0797958257530063,0.026570920883426,0.0357201673216319,0.038894623576864,0.0301438134625569,0.0403219983271215,0.0384895695462393,0.0376736482623029,0.0277501191257192,0.0228353610657248,0.0150815045419256,0.0168666372519335,0.0262885982620426,0.0285261094931003,0.0616820706116651,0.0194239139720482,0.0258867717037937,0.0318484580229031,0.0343950918712823,0.019869493067963,0.0143775684459664,0.115568322555075,0.367912273307862,0.0428522786288391,0.306169131839952,0.999999999967457,0.588987071314735,0.521443230798005,0.173824768588188,0.194617138858111,0.488130787989167,0.0377878878581357,0.306186663322043,0.411456183317801,0.404403120109724,0.0243612422753748,0.306584420871105,0.434630254428946,0.29197521046313,0.553917209658593,0.00601089963079207,0.0274406949240914,0.0330542285822798,0.0656350334520984,0.0540889536831934,0.0346308388907045,0.0225895969986525,0.171618390110806,0.0168257505519891,0.0207278573385632,0.310942073492959,0.0311616801231621,0.398394209179068,0.04427658470257,0.0420636766940754,0.0561438907046404,0.0633953523892854,0.0633953523892854,0.0278040261430821,0.0219846795917642,0.0573923516565511,0.0262847317333041,0.023759490014569,0.011779651724869,0.0108565573982172,0.0317924516283884,0.01466452346637,0.182159171977547,0.038267868550202,0.00728564052289079,0.0030010901252013,0.00955019665498641,0.0161455582306482,0.00732802442847956,0.0105013209361848,0.00754528817041224,0.00386815170058077,0.00768621689654791,0.00570596459155328,0.0183823065436274,0.0272985078545148,0.0169006759194535,0.0359413850122551,0.00186430924038164,0.0692909790978114,0.0101095542967552,0.068992529172848,0.00361056081547142,0.00776852550601341,0.0712350985987694,0.0344253832126437,0.030426486035053,0.0239722985705316,0.00966862769129524,0.077752275389792,0.00717045189397882,0.0101760138954797,0.0134264739700978,0.0136697480429651,0.0153680310269834,0.0176710143183725,0.048027152563889,0.0147241704297511,0.0172353639944818,0.00980967906955811
"Ingrian",0.0670562118902515,0.478040914741938,0.308347420304298,0.0341589989676043,0.0499014484809468,0.290478241435646,0.0546767900018943,0.129073075837547,0.103583693187244,0.0570405523590988,0.126018720369296,0.0902620864616112,0.114299404855773,0.107185023839757,0.107185023839757,0.0703117278527097,0.124653354228142,0.0924837350528911,0.113904290474854,0.0535041402248986,0.0564135860691413,0.281950669985354,0.0733383117052619,0.0322981403264708,0.0543012549382141,0.163937477898855,0.0651479066608518,0.0881583180869979,0.0610244001935957,0.0849731449023157,0.0459982426563894,0.0717706445295543,0.118957262942209,0.0727433126961318,0.0857646084799846,0.0698670121755425,0.0335257299198298,0.0426967262317885,0.0519759974527789,0.0624827254370351,0.0666419967715798,0.0756823730047076,0.0706538782701018,0.0509263348512913,0.0669505537262731,0.0857646084799846,0.0286515516566181,0.0411246251919327,0.076100939162452,0.0428652121228343,0.368750384978068,0.398762521157307,0.0318768226557759,0.130306479379623,0.0756823730047076,0.0500906085662153,0.0399523972115355,0.0536148407714173,0.0603779319478756,0.0538252486703584,0.0404325176177963,0.0672492853475628,0.012968465308468,0.0250459404923801,0.0231682281451514,0.0335524355228654,0.022409764335007,0.116178141882115,0.335898283720176,0.370878663705689,0.122636011576672,0.214315651068152,0.033936059522656,0.0849137893139176,0.0940081123613809,0.155953372433727,0.450544291014971,0.203292950642921,0.178135049793156,0.395836590526824,0.0903405723299054,0.0329167340315073,0.0976704054506163,0.0814101080910113,0.411618628527428,0.087443267546008,0.303462761659392,0.141930743516332,0.57454019246732,0.138270311604842,0.0607781017214876,0.0134989850867053,0.0971636494870348,0.240221774055334,0.208987207594611,0.334342523418818,0.336015685888898,0.237092846659484,0.167337193621837,0.159508184784656,0.353097065720092,0.128853121637024,0.271962698893612,0.12993790358513,0.118056465895535,0.122910856509114,0.13424262373773,0.428827443785274,0.0142744352071108,0.136898544913886,0.276270272699268,0.27646033449643,0.133995692286071,0.282529857762327,0.285441636493969,0.608433743398491,0.387902635802767,0.449029076533588,0.588987071314735,0.999999999988699,0.890050540624052,0.671675028355463,0.387042709659331,0.623060274997307,0.337140675541168,0.581190328341269,0.80473105897935,0.631840802468911,0.204554013210228,0.451543425149507,0.696717470106876,0.434948179788188,0.804982827341304,0.130736637024083,0.0188436721629069,0.108936737353412,0.0809380723646197,0.0701307286441936,0.113884906338448,0.0380512215389621,0.241563383058924,0.0382483799581923,0.0346754262359555,0.21098789342465,0.185764791082368,0.261156165608827,0.193077305224633,0.167482256009404,0.19455563427497,0.277043705272693,0.277043705272693,0.26024705254503,0.25372221247829,0.172469101700392,0.14160012959802,0.151326735132757,0.00675408024963302,0.00622480711780742,0.0182287876287968,0.207044767086025,0.107142301161871,0.0274686930956823,0.00417735616559321,0.00165245635658276,0.00547578112783024,0.0115892888915733,0.0042016577584014,0.103428563409443,0.227450111336428,0.206153422313329,0.118486749507542,0.0246363517631561,0.010718977831503,0.0961460685724705,0.289021973163546,0.160564753054072,0.0333836175279542,0.12128114365189,0.101260956850155,0.13422552159972,0.085468113499831,0.080969011248923,0.134448033480466,0.309404035121722,0.366588423957759,0.0868417640659567,0.0954184711593671,0.0856897076605974,0.00420016145967188,0.168082388342996,0.0629118447613715,0.0614300900675557,0.10967271157947,0.115242179921224,0.0338560810705305,0.00843509808576473,0.0101011708227316,0.160654012933554
"Vepsian",0.0856401172645115,0.43964853367119,0.271936312052909,0.0254933139930046,0.0445402419790329,0.255339714742832,0.0488025404362778,0.115205995132593,0.0924550869786249,0.0436690070233231,0.112479787060744,0.0805646989200411,0.102019546633057,0.0956695054693163,0.0956695054693163,0.0538291305121747,0.0952551894256887,0.070672432007866,0.101666881717083,0.0477558753311272,0.0503527422733398,0.251659048976919,0.0654591449570354,0.0241383455590552,0.0484673513161378,0.140432069208283,0.0581486833636741,0.0685191248041431,0.0459593378883293,0.0640581413779564,0.0410563805439174,0.053471772532976,0.0896775231311514,0.0543654588538499,0.0663224606905036,0.054028721761757,0.0259257162613944,0.0321063033817267,0.03974134445345,0.055769838255141,0.0501901212869369,0.0565619956398932,0.129558832578946,0.0454550187705958,0.0504715700572831,0.0663224606905036,0.0213830330174895,0.0307250022685006,0.0679249670763869,0.0382599499323488,0.324162616310105,0.350632319163953,0.0238234694880928,0.10076704726533,0.0565619956398932,0.044709079482322,0.0356600758817989,0.103428766112016,0.111149194270279,0.0990864183004833,0.031775049359801,0.126330106507355,0.0109438119205678,0.0217210109630988,0.0200925919121235,0.0292579083228912,0.0421995691372895,0.125896276053464,0.316884954819784,0.351375292646689,0.304620133751692,0.208843151037197,0.0443009526702467,0.0914825556616245,0.0957657944472247,0.158628710628247,0.419037821669975,0.192936620568755,0.17877663484079,0.371189212478049,0.0767056018505138,0.0272780921691408,0.0861062312163361,0.153272198026757,0.406479226020869,0.0971591237780936,0.294772853373142,0.157333495643542,0.539007681457019,0.121120419859457,0.0785110568078254,0.0120487096173393,0.0960924202228242,0.210949423870984,0.197062274407755,0.312574997654575,0.312377968148457,0.223564205098365,0.168013115900851,0.169708626425911,0.33117785232615,0.129973766547447,0.255143131316518,0.12976844865191,0.114535650443138,0.123979821110297,0.135424719121821,0.378268096041675,0.0283494141794942,0.138367210830019,0.24520639926737,0.246758572564289,0.128225962832859,0.251120964675533,0.263423329884306,0.558648768355029,0.360662869515545,0.423551271813599,0.521443230798005,0.890050540624052,0.999999999990997,0.599513024267695,0.345460431894788,0.571560403252096,0.315413308779345,0.533532967855004,0.715807643305753,0.56223258714202,0.18040270637865,0.401192968003572,0.636185658660139,0.388219135231119,0.718498781299956,0.116690830142716,0.0148088382414274,0.0956275035561327,0.0694048497833911,0.0625961714350567,0.099971930471921,0.0323082063132328,0.22970734387266,0.0320481575185405,0.029441914858984,0.186456570270892,0.163539710963773,0.231328221315577,0.172333873206878,0.145165583016792,0.170755442708539,0.267592099225817,0.267592099225817,0.243303546934586,0.223667300999336,0.150966145011999,0.123391706718281,0.132947670057245,0.00602844963064841,0.00555603942849787,0.0162703616164769,0.184800728379743,0.0956313727396492,0.0245175696211411,0.00372855819042318,0.00147492323814782,0.00488748571196872,0.0103441833314968,0.00375024891999315,0.0911882678515249,0.2018078034977,0.184005146025359,0.104790454056149,0.0204259423082355,0.00956737491428948,0.0804656744515267,0.257970640408624,0.14331433599713,0.0297970188860093,0.107142262912652,0.0892928191529619,0.11871895657534,0.0753185583151633,0.0713834716950013,0.120003489419615,0.270851400897833,0.322397674029719,0.075219460946902,0.0841418216150699,0.0752265826034748,0.00182806221857574,0.148143211330702,0.0524736554836056,0.083904703810723,0.0963357948680063,0.101243227795068,0.0258594389910461,0.00401578122856398,0.00480896508422517,0.140548745776878
"Livonian",0.0584623332027148,0.452431768305393,0.312812458799678,0.059800937888056,0.0435061126502823,0.249411271697142,0.0939510640566228,0.11253115788167,0.090308477243594,0.093255630974855,0.109868246541004,0.162211577936205,0.0996508705642377,0.0934482637994686,0.0934482637994686,0.114952683216735,0.0930435672898269,0.151989523782693,0.0993063937747002,0.046647085861078,0.117525606594026,0.0351975663265809,0.143567153552328,0.0235779047086856,0.116417313401656,0.221858852869704,0.056798595078972,0.0669282570092876,0.0448922601822305,0.0625708480944076,0.0401031390399152,0.0522302721329115,0.0875954024987584,0.0531032089653667,0.0647825947466571,0.110980413175448,0.0532540213563671,0.0732984357337085,0.085278137749086,0.0544749816752039,0.113937773553502,0.0552487468566785,0.0528351941897265,0.0443996502777219,0.11417048014993,0.0647825947466571,0.0208865646419536,0.115974041011092,0.0663478943554904,0.0373716355769767,0.316636252421651,0.342491385286024,0.0232703393878545,0.0984274515578256,0.0552487468566785,0.0436710301072055,0.0348321250513447,0.0918017396493704,0.0450936785075418,0.187292882960519,0.0310373005509523,0.120654303439798,0.0197636556956583,0.0664532554909678,0.0614697350277363,0.0777884393197256,0.037534880689353,0.101288829925244,0.336202957743195,0.323347105422811,0.137529049343516,0.353492505785431,0.053525651207238,0.087063318387583,0.103390590712024,0.300761525705179,0.569159851754713,0.177239063812456,0.323063410348282,0.342750008446878,0.131393279260865,0.0568570102586012,0.0994972241489081,0.0836197489723434,0.358865863953393,0.076236597617136,0.330329278779352,0.201567592679608,0.548248282119021,0.151286995724977,0.0944438812569334,0.0117689643030898,0.173646545106126,0.280032119009603,0.200191250860939,0.435709965301323,0.435435318512813,0.237033327562084,0.304101626521327,0.208478080363663,0.320829843598383,0.139384487402722,0.235474032609745,0.148300760167521,0.128122922691668,0.132956551716391,0.145240828423145,0.43398417378948,0.0103879192702077,0.148590003297036,0.358012554890615,0.241029365319884,0.211887553002359,0.252660813168755,0.201827453146786,0.543236090670226,0.503223785577965,0.530946653977629,0.173824768588188,0.671675028355463,0.599513024267695,0.99999999999141,0.268586146522961,0.407257864779719,0.320127784404604,0.393721732433496,0.540633126670275,0.438232442511535,0.207470663856189,0.247267784766578,0.481324409664303,0.238911678992732,0.559506121976045,0.113981518192734,0.0144650086331887,0.116481284876487,0.128396815455554,0.0979229145007112,0.121761491253832,0.0553425183053031,0.296967834021345,0.0313040677213043,0.0609681520937327,0.0753407597532181,0.321490414434089,0.112146237933527,0.203673696697801,0.45020353171454,0.208439134276848,0.278250010993499,0.278250010993499,0.348299127065563,0.238006791867087,0.168233897938595,0.163577087462724,0.281183583254876,0.00588848190050006,0.00542704005468399,0.0158925985557172,0.180510050002076,0.374548619044822,0.0239483239976621,0.00364198902942555,0.00144067866940532,0.00477400872814187,0.0101040134785726,0.00366317614656295,0.193667035503926,0.30049102394972,0.179732939371427,0.102357443432491,0.0308745561136378,0.00934524089439284,0.0785974332787945,0.251981112885826,0.211552620025954,0.0291051957218102,0.112401430862923,0.188174511775626,0.123548619857092,0.0803265719158537,0.0824675097788123,0.207789237093717,0.264562809615914,0.314912288332995,0.0734730256514635,0.177229414291339,0.0734799819583677,0.00178561851663222,0.14470364223793,0.0512553292304908,0.0497254209673017,0.227306603854157,0.214307128586834,0.025259038025587,0.0284642402558616,0.0340864030554753,0.137285503960679
"Chuvash",0.0437499599261476,0.210983473309004,0.463330327401833,0.0382059509826971,0.010833426997003,0.00354967651211177,0.0630831018501582,0.0427819493006116,0.0162215997804231,0.0597773089670104,0.0434703496851883,0.106718060205221,0.0248139943029273,0.0158955037546296,0.0158955037546296,0.0736852240385116,0.0222922348792149,0.0971285775746284,0.024323454831394,0.00770057135376989,0.0752252458554736,0.0114090845460839,0.0715538411447752,0.0042351653523403,0.0268569416587009,0.108185699261927,0.0102024096251281,0.021759856170608,0.00741088208156862,0.0106432705154231,0.0072034995085645,0.00858903306460886,0.0148999349232965,0.00953862836783402,0.0222167873933528,0.0746428493515882,0.0358174184050256,0.0456656633837471,0.0545494691462318,0.00978503212269606,0.0711526701843604,0.00992401917552895,0.0131564551337424,0.01522658353554,0.0714044369750964,0.0222167873933528,0.00360911921505087,0.00534371839052369,0.022753597145299,0.00906546031289776,0.00432932580754048,0.0114881324202353,0.00417991913744293,0.0337550814919138,0.00992401917552895,0.00784437955349767,0.0136297170860788,0.0572797267689492,0.010938642276727,0.0564902817747747,0.0117997205715528,0.0344293038826087,0.00769842085292103,0.000870823502779843,0.000806208180007025,0.0248280189288435,0.0285181029240294,0.0162343837548768,0.11986386798346,0.101568135922411,0.0375609938580194,0.0418856749432518,0.0216556541392645,0.0265024421808986,0.0282954042711599,0.00178673453502002,0.133234560252658,0.177082628977357,0.0144645642742743,0.127341061533833,0.0560694512194511,0.0258839982738463,0.0517062063361905,0.0429724193607193,0.218453700480163,0.00333155697482663,0.175407764551981,0.0324925661192004,0.172639213931636,0.0434939856917027,0.0392042683134804,0.00440022368037278,0.00777470159800872,0.208939081017647,0.0670015462250948,0.0900723935189328,0.0900156170033985,0.0856482006009758,0.0136892686632708,0.143324177503259,0.13034880194151,0.098626273203159,0.0817200035284385,0.0701375250514175,0.0687174548021902,0.0940779669106457,0.102741251412593,0.219223302083117,0.0017075680209147,0.105186068992613,0.203488177690499,0.143007643681593,0.0612385241047597,0.351532044934412,0.216331853557223,0.191696466473569,0.103165539238579,0.281771579906298,0.194617138858111,0.387042709659331,0.345460431894788,0.268586146522961,0.999999999991894,0.769298774206034,0.405951072226678,0.435223904164303,0.368227697165392,0.589005256218465,0.307159127204626,0.476887029844229,0.523554389868358,0.578788769367386,0.387524886059232,0.110727144232078,0.0054992881760603,0.0839098590248763,0.0730424951117291,0.0485093530648789,0.089808796322556,0.0236163116404098,0.0709084401294413,0.0298384451879949,0.0317557974275179,0.110444015532629,0.0845990812892767,0.0929031783113725,0.0417504116651745,0.00316497905267136,0.1551336767584,0.146718781047337,0.146718781047337,0.0789989569098874,0.417155102278268,0.0708596711004543,0.10995843942672,0.00311040862563213,0.00572035532639699,0.00527208846150045,0.0154388367553295,0.175356168779235,0.00602614970722893,0.00789915603131288,0.00353800380050115,0.00139954474504854,0.00463770233444571,0.00333272503819075,0.00355858598796743,0.166324060241348,0.0582194926304391,0.0524577732903742,0.0472143934602136,0.0299930329241174,0.00671968580119805,0.0688038051083692,0.243384535157667,0.202710779955605,0.0962387236701118,0.150723780736105,0.0585139315950663,0.160691062589882,0.142619722609231,0.125835398078279,0.0502762743399407,0.255556483225594,0.17543728957508,0.00324532585264701,0.151182227697563,0.118801807850454,0.00173463594949011,0.0894999893345863,0.0456070910476332,0.048305672241859,0.00126070299898827,0.00222371030680953,0.414250857250705,0.355700816123321,0.425957667464713,0.399832219331374
"Gagauz",0.0795185170400447,0.336584775965335,0.601314158348302,0.0283097200177372,0.0413564822645276,0.0224350148847067,0.0453141094061967,0.106971010546429,0.0858463491668591,0.0472731085731584,0.104439673248669,0.0748058922447371,0.0947271362594493,0.0888309993482304,0.0888309993482304,0.0582717699475716,0.103308108087335,0.0766471127575735,0.0943996800155057,0.0443422604683941,0.0467535020079016,0.233670328971611,0.111715064251517,0.0267675089250395,0.110665151715086,0.21636827177664,0.0539921851652753,0.0730623665129758,0.0505747749040925,0.0704226123108917,0.0381216490608605,0.0594808663468124,0.0985873974583948,0.0602869778927675,0.07107854816857,0.0579032059764497,0.0277848899588667,0.0353854738671699,0.0430757920314977,0.0517833811451302,0.0552304320106641,0.0627227628093861,0.128628615990687,0.0422058703341721,0.0554861526482974,0.07107854816857,0.0237453505660789,0.115797592692991,0.0630696550220381,0.0355251087671079,0.0295450225483051,0.0367541786821344,0.0264183363597881,0.107993209966798,0.0627227628093861,0.0415132511750858,0.0331110750689363,0.102998056265775,0.110377591025317,0.192488576120411,0.0335089811752677,0.0522401592410084,0.019373380268394,0.00408064349020069,0.00377526473749902,0.0278070225788285,0.0419640588094783,0.116897144614056,0.209231210256831,0.191946759082202,0.147368492107974,0.133827875024483,0.0638902984126145,0.0849433348949621,0.112263091864752,0.0865379715732426,0.204612649621078,0.103317044018763,0.104153399801282,0.149469314506102,0.128549450382404,0.0559996507386866,0.0674119833746652,0.0632225385445566,0.377423879055961,0.0902141389633985,0.320777154121448,0.195870006377942,0.35576231615152,0.145942599994071,0.112305817236686,0.0111874615731473,0.0571560360504199,0.246409536250344,0.130564325278152,0.175521938650176,0.176972617284985,0.148123200505847,0.0976790604106133,0.201978278348895,0.189495695280202,0.150141437891451,0.145547398405894,0.142890721010684,0.124386213717974,0.143217428451065,0.15646359316653,0.416708175194694,0.0282784555788494,0.160321617558044,0.134708106909305,0.152124802618738,0.106099572089573,0.273410726431087,0.150182029332353,0.37732889932471,0.203909087309278,0.357310155193009,0.488130787989167,0.623060274997307,0.571560403252096,0.407257864779719,0.769298774206034,0.999999999992238,0.500612469398509,0.582861302406214,0.563648437618612,0.609534742939075,0.199238974057203,0.593092568664273,0.741621874211697,0.477014202806218,0.635752073345415,0.10834970877563,0.0156169413378483,0.112216717594539,0.105844241503698,0.0930845582410234,0.117303004942914,0.0541447047439715,0.19101627992721,0.0316988483407532,0.0493411417421784,0.20031946298596,0.0943265248769375,0.24062310943289,0.160015358116103,0.0251080223868236,0.200830976588477,0.288452243634921,0.288452243634921,0.136623564132955,0.392975265295095,0.142936038186354,0.158276136575857,0.069628747431313,0.00559753290854458,0.00515889083390104,0.015107347686751,0.171591075982392,0.0887955923655835,0.0227650409641315,0.00346203890735106,0.00136949495623788,0.00453812568553214,0.00960477571475134,0.00348217917226445,0.0714575913256082,0.106282621151902,0.0806231276483465,0.0727771178862537,0.0204177008036166,0.00888349396815807,0.0796823198675966,0.239530764557666,0.133070152553568,0.000899393889097621,0.071348807062154,0.0701575694718334,0.0826816924850594,0.0453954922550998,0.0558997415178335,0.0980709400105148,0.256422666687721,0.177419032135936,0.0116824751680436,0.0661217818959351,0.0379584882319093,0.0034809390949977,0.0898283524607685,0.0521390194332407,0.0815496520646849,0.0712515484347184,0.0529607673450262,0.427551822461226,0.328936518523062,0.39390697412816,0.39388925470384
"Turkish",0.0978529396689421,0.476734131880536,0.593168433697024,0.200990366327122,0.034935152629307,0.0845301330890044,0.0313283026748885,0.0739553362023228,0.0804295528755542,0.157587012098005,0.071153183320038,0.0561809761950047,0.0800190630866758,0.0832346224834274,0.0832346224834274,0.0500035519145585,0.088556645210191,0.0657025987264565,0.0796923731088777,0.0415481978422498,0.0438034150356916,0.162539027803754,0.139367651141235,0.0574225799604888,0.148355667483691,0.196195531970086,0.155210584583435,0.0566439567070249,0.126200715323237,0.147267822734355,0.0907157787817519,0.0557441878511601,0.0924033053967949,0.0565011581679649,0.0547110034527689,0.0445696005859526,0.021386750990848,0.0331651285399957,0.0369372395059484,0.0485159151472491,0.137818112697017,0.16055434096858,0.19911701087679,0.031386756730186,0.138002273307195,0.0547110034527689,0.168584737180411,0.317529206596959,0.0469022887944636,0.0299794582308181,0.0737245590693188,0.0282906453295968,0.067624230721724,0.0831251768024834,0.16055434096858,0.119337566411077,0.0574939141358922,0.148324885156136,0.0995514987211259,0.177075177341638,0.0241576167462845,0.0486599987363219,0.0222078864885691,0.00786903815958275,0.00323533798798599,0.0257410009181047,0.0549765588892444,0.126546420349431,0.195349098917124,0.176099278525644,0.151907700768402,0.146318036593356,0.0705856378252059,0.13730005307735,0.130393294728867,0.155204365653028,0.207782111107285,0.0692491148248125,0.0965371419409422,0.216019655474216,0.114028128211061,0.0670460362097118,0.0968785758587879,0.0639276799788435,0.38630543558508,0.104533536818778,0.329313758845571,0.298225470085697,0.327994343594466,0.148943633358039,0.195945220717035,0.0191028606215972,0.105832430140354,0.225457513743792,0.120450428453676,0.161925492805143,0.163289124026061,0.136649137282658,0.161289545818015,0.184109237140555,0.174233907632726,0.151451216046308,0.133802925089926,0.148459959303315,0.114676589831051,0.131187549530987,0.143318704754869,0.383594033384252,0.114593189535347,0.218995868203466,0.12411889041416,0.164966522331473,0.0984062741638093,0.136971195661486,0.0980568742718469,0.218668538846313,0.202562406649518,0.222434462464454,0.0377878878581357,0.337140675541168,0.315413308779345,0.320127784404604,0.405951072226678,0.500612469398509,0.99999999999316,0.42082793367657,0.351833965684193,0.402090239636126,0.206033469245744,0.231823206007748,0.289800004968485,0.332809103146844,0.352007495950645,0.101686486417349,0.0112587154355861,0.119367686247033,0.0945605509185742,0.08305333469099,0.122816693004139,0.0480283604179262,0.109347396788545,0.026219305768641,0.0437674219525429,0.0540851364049087,0.0847132251155246,0.0513788699825685,0.194403181959997,0.0613299733993297,0.183627984182227,0.266149164255514,0.266149164255514,0.126040300837343,0.364177439205364,0.153119924903868,0.24258338747052,0.0838915705927065,0.0460913881652228,0.0192138212859512,0.00554005289144291,0.156510777770134,0.00211002563408294,0.0168368291995327,0.0168827565308319,0.0168970785048411,0.00166418731117726,0.00710360980521849,0.0012769585496943,0.0670713890565525,0.137618851261261,0.0751053005790596,0.0733489530207547,0.0700563229554089,0.00826291016092404,0.0719860195155285,0.222162991038709,0.119528544910822,0.000835280850802621,0.0373764055945212,0.065851331414329,0.0480770994377141,0.0426068088453552,0.057547704348827,0.0633095007867309,0.231730954410594,0.158421092793646,0.00976042853021397,0.0691325180606223,0.0343334908981456,0.0164948609235039,0.0833369940575425,0.143323019898046,0.112849882729239,0.0668741859970484,0.0488658270298327,0.43944373469143,0.332983186963534,0.437712888553914,0.41570880117417
"Crimean Turkish",0.132639971212626,0.322617317927583,0.504748282230491,0.019970931502747,0.0348918983983399,0.200027817272192,0.0382308942839587,0.0902499784120437,0.0724273905565241,0.0342093910700184,0.0881143237584313,0.0631127080662329,0.0799199891520683,0.0749454990894712,0.0749454990894712,0.0421686203139275,0.0746209325253606,0.0553633120887055,0.0796437187981129,0.0374109586284686,0.0394452901335802,0.197144460329684,0.0942524716315876,0.0189094774371696,0.196131692153841,0.17793077987267,0.0455524681002979,0.053676456049353,0.0360035885932324,0.0501818144950101,0.0321627138715823,0.0418886735119942,0.0702515048572179,0.042588768772425,0.0519556351093919,0.0423249759440547,0.0203096664387214,0.0251514097311705,0.031132541972607,0.0436889303612694,0.0393178962380006,0.0443094899666175,0.101493692492429,0.0356085154944678,0.0395383773459364,0.0519556351093919,0.0167510229478263,0.0930111703687973,0.053211005253674,0.0299720483420896,0.253942245714176,0.274678059925669,0.0186628100777673,0.0789388072198312,0.0443094899666175,0.035024162183865,0.136471420975943,0.0810239423563371,0.0870719650639234,0.1570047009189,0.0248919122258778,0.0440743077925345,0.0431189241319232,0.0165037637592282,0.0405984724364872,0.0376685745186902,0.0330582640184024,0.0986245219511053,0.271637694501233,0.275260089885314,0.169872027025021,0.111053450671199,0.0539033708569844,0.111552130149425,0.0934615097105795,0.0730109029198778,0.277675153024074,0.255533141944894,0.0878727987659238,0.237253033771739,0.10537739804599,0.0455993170687354,0.0789320544804296,0.0721494565776435,0.318427364224889,0.124689453362854,0.268107736325301,0.165252845203141,0.462983334860586,0.121332156845111,0.0947508818446032,0.17547250812642,0.0472316190126444,0.279241203268082,0.19556137619885,0.262899622867129,0.262733905892832,0.221861517573685,0.129827225591211,0.170406310713931,0.259437835576457,0.125090591977836,0.199873817907788,0.155609327113801,0.183801975170739,0.119321841845143,0.13035681037549,0.348055268004223,0.0222083409350239,0.133551322445807,0.316209671452497,0.190941517190232,0.133806610738958,0.301839837318623,0.373018119357613,0.415215698800408,0.303411936571971,0.299051561571864,0.306186663322043,0.581190328341269,0.533532967855004,0.393721732433496,0.435223904164303,0.582861302406214,0.42082793367657,0.999999999994475,0.589177020870957,0.725721560378019,0.478765087275519,0.617655370876427,0.665012391282291,0.617386240067212,0.529912263156426,0.539646672462325,0.253860001855693,0.0934179799025057,0.0870764464626416,0.078534168545007,0.0976527049380646,0.0443846946595855,0.159667836748585,0.0251058594722533,0.0404470117758942,0.167546845356145,0.077805863112679,0.159163277672002,0.243169727022065,0.0177966936866193,0.167168166778356,0.24121617240919,0.24121617240919,0.204637002995369,0.32935749661522,0.181842426107349,0.131188809303771,0.0570831627727592,0.00472256194993865,0.00435248563146009,0.0127458625997944,0.144769043723972,0.00497501705543909,0.0192065536733087,0.002920874871159,0.00115542416214925,0.00382875456682208,0.0081034178930704,0.0029378669371809,0.132262025907313,0.171018724124829,0.143255508415363,0.0813101718493813,0.0160012580093569,0.191905880934111,0.177442612738551,0.202088829672544,0.112269467530145,0.0664782367853936,0.0806250383776942,0.128659724901149,0.0897626081875737,0.099994960125171,0.0847570914864015,0.0573977523004112,0.325746137465939,0.248678852356229,0.00806054098064985,0.121185473559159,0.0820569255309614,0.00143206588832884,0.0743133407241778,0.0411067693924842,0.149605590203203,0.0588964826272507,0.04341491943014,0.357304652148481,0.27476716403061,0.329038267502455,0.330090058682306
"Turkmen",0.0657983237515558,0.429088591288432,0.355674649979901,0.0337908696893382,0.331931276534569,0.504179183602359,0.307402464924798,0.127505376187856,0.102620944598713,0.0563658573388929,0.124522050805704,0.0892213586701716,0.113078823877063,0.106135011402253,0.106135011402253,0.188797985895021,0.123188556093242,0.0913969612275352,0.112693121235912,0.171136508023262,0.0558892554655987,0.276953911961017,0.132472186085038,0.031948219910784,0.169430960987925,0.303261811786026,0.0645423957618162,0.222937992880051,0.174052705768752,0.0840223813868484,0.152169320669219,0.212497419526112,0.117626251531117,0.213109442392832,0.22139595011655,0.214417035554768,0.102888149934848,0.352054793081667,0.305727654617909,0.206702546319921,0.0658990056897183,0.0748624246376188,0.0698181602089164,0.266362234675233,0.0662014447707598,0.22139595011655,0.0283427757746719,0.137428790709177,0.215229603678757,0.372855024111893,0.428531277719373,0.39157089104172,0.0315314668265627,0.12871019907963,0.0748624246376188,0.165707501792364,0.23363089584812,0.0530183289522597,0.162908996602516,0.164592392409858,0.172831699691589,0.0551994511511818,0.0229722059194962,0.00486601792161701,0.00450185913629098,0.0449984822600091,0.0221528422077373,0.0998180997965186,0.351524218927189,0.350927309639663,0.143226420714032,0.123695410889181,0.0603330819284274,0.0732975505344896,0.10952687252285,0.0812247845787006,0.358846429111426,0.205820818633684,0.0888079200867123,0.34229844594813,0.152414768870946,0.103103663231933,0.120830455551437,0.0667675143939278,0.404150777094944,0.0859269385791096,0.393252378443279,0.24710590721313,0.621122005618412,0.160464084536193,0.106452344531717,0.0133359791008477,0.0491927447965749,0.333393923005346,0.235312745070424,0.316338702136692,0.317987873411679,0.247983496632505,0.112863669312549,0.20926283121125,0.33486236400403,0.159204621259753,0.330846359035704,0.154108982189627,0.1359064776633,0.151757538665733,0.165780640832675,0.493620222023043,0.0140066651940497,0.169754030213526,0.242896895756863,0.180113142146293,0.110570645397429,0.258476784983436,0.237418542621553,0.554148387883087,0.367045798703078,0.378143703545959,0.411456183317801,0.80473105897935,0.715807643305753,0.540633126670275,0.368227697165392,0.563648437618612,0.351833965684193,0.589177020870957,0.999999999989119,0.580450218986456,0.319196088934031,0.443173389462393,0.649868741418395,0.371250497868648,0.712606351759469,0.128454505266425,0.0184901891516372,0.124236189440776,0.147991528132623,0.130520294987619,0.12987070456182,0.0641063964202459,0.208675776480598,0.037645006487643,0.0585013680891206,0.237276499178127,0.111804716962812,0.225403857908854,0.18973152264146,0.0299634008869139,0.222209781399145,0.338078580648593,0.338078580648593,0.228731025714789,0.162051341708531,0.153256697260052,0.187559696962302,0.0825549992197387,0.00677615025318292,0.0398181473230714,0.0182883530163635,0.203308323988217,0.00714081858343009,0.0271640685165276,0.00419100632401506,0.00171354843786636,0.00549367409096681,0.0114607650393805,0.00421538732604252,0.0846045554854938,0.251263674477468,0.167954737463561,0.0861668521714639,0.0241742055459715,0.0105179036179025,0.0943424922023014,0.283600293327879,0.157552765161235,0.00106486685013983,0.0471523652411787,0.0830653520360142,0.0613446355083765,0.0537474797574369,0.0661843296861341,0.120964464883975,0.303600014064325,0.210061073568684,0.0138318490761618,0.0782870491635221,0.00263615390462718,0.0297908080408171,0.106355219773691,0.20244976945839,0.128737903767174,0.10521417201813,0.0843243051533821,0.0334588966296456,0.00846859640980024,0.00991168587261858,0.266462819645919
"Azerbaijani",0.0460413184462241,0.348028033869307,0.498172473004203,0.0234538352964228,0.034262723999581,0.199444627703438,0.037541510758575,0.0886225812651274,0.0711213721970371,0.0391644884418388,0.0865254369618924,0.0619746530456168,0.0784788634630035,0.0735940739308431,0.0735940739308431,0.0482765811151974,0.0855879659129214,0.0635000543079926,0.0782075748452626,0.0367363602694675,0.0387340084939243,0.193589530589798,0.168063744723949,0.332944054046371,0.0916830770404211,0.179255245422575,0.044731061182238,0.060530189259881,0.0418998294583528,0.058343224491652,0.0315827524165893,0.04927828469224,0.0816769851789577,0.0499461262469277,0.0588866495611961,0.047971235860281,0.0230190278256296,0.0293159054715846,0.0356871255151159,0.0429011269526281,0.0457569151132667,0.0519641079937163,0.0485115042622098,0.0349664189805098,0.0459687727265954,0.0588866495611961,0.0196723789879735,0.0959351652027557,0.052251498784427,0.0294315891993976,0.253186892360925,0.273793459301409,0.328600918128774,0.0894694457636247,0.0519641079937163,0.0343926027905525,0.027431627747212,0.0368123681286372,0.0414559593152171,0.114907866311494,0.0277612821653803,0.0385972934415776,0.0160503201608467,0.0033807024676456,0.00312770445267451,0.0230373641009992,0.0153867190968297,0.0797688189669342,0.253605110260115,0.254648185145254,0.108309374763926,0.0955484580621601,0.0421534929802743,0.0583024704805822,0.082654761021615,0.0567475208744853,0.259669123627566,0.405561180397726,0.0710726829211074,0.219220862250444,0.106499733477531,0.0463941919685897,0.055849000063583,0.0466858986346384,0.282620562961247,0.21058899809757,0.244878127021986,0.138694448530106,0.434485163024029,0.120909486241551,0.0743781606726101,0.281847770525142,0.0391738510910282,0.363522137187842,0.157658249783888,0.211945197030785,0.213105108189709,0.178860936780726,0.0665748474596201,0.146304185524066,0.242439201185905,0.11132376740765,0.186731711682794,0.107772670672243,0.0950511589675762,0.106189896124039,0.116002336254138,0.345231422337014,0.00980093862273836,0.118699299569628,0.416536946796367,0.126031273459453,0.0812648730953843,0.35515941879419,0.374245038829883,0.53506334149755,0.245944547714549,0.276147726429606,0.404403120109724,0.631840802468911,0.56223258714202,0.438232442511535,0.589005256218465,0.609534742939075,0.402090239636126,0.725721560378019,0.580450218986456,0.999999999994672,0.54469030853259,0.491361108913854,0.500241233099742,0.530610098512016,0.526703351648708,0.397562935044954,0.146152708870707,0.0929685072940601,0.0876890836696281,0.0771180321194974,0.0971823584259046,0.0448574195166957,0.145944882583833,0.0262616362013868,0.0408777978387235,0.165959242570662,0.0781469677961368,0.199349720647345,0.132568384703273,0.0208013156368289,0.166383017718593,0.221240826623078,0.221240826623078,0.164974865489108,0.325569350103482,0.118418631319604,0.131127486823384,0.0576855289675792,0.0598455125472807,0.0551558108142519,0.16151882986988,0.196877595044157,0.132627411228726,0.196454503212499,0.0370140732094035,0.0353094239045925,0.0485189568497198,0.0828859233980403,0.0372294010147551,0.144868664435092,0.143541855136708,0.117523625393402,0.0602938685080142,0.0169155114031004,0.00735973383897427,0.0660146410858531,0.19844474254222,0.110245012628746,0.0780192553114903,0.14330391630897,0.058123643686856,0.150946187635065,0.111042451837683,0.113621716005578,0.0812491141885207,0.212439225361341,0.146986856654158,0.00967861385678482,0.132622371887768,0.126880705085916,0.0417873688115617,0.0744203539363751,0.0431957636294888,0.0421783792918841,0.0590299755897364,0.0438765594891606,0.354215090025763,0.272514985085605,0.326341245604729,0.326326565541933
"Uzbek",0.0863225523386852,0.166078066292443,0.348199491872569,0.08233521341185,0.294383797213622,0.197561868431014,0.263990393846378,0.0957333271571719,0.0945991613674227,0.12596072946349,0.0928339458110339,0.0659088461470563,0.103582669468585,0.0976152308435045,0.0976152308435045,0.0633092448578594,0.112287807730282,0.0833093976818713,0.10325094284848,0.0487423673410489,0.0515204446533525,0.0294708245432808,0.156064537978396,0.0292444188412506,0.14336642613016,0.191683198700496,0.175854437548291,0.065911194649804,0.14279191800503,0.076786114930476,0.0420084961807404,0.065031049628659,0.107495916205315,0.0658655849188257,0.0637787323438645,0.0519565068643001,0.0249313626340457,0.241070126887565,0.271109039683994,0.057063165488647,0.155936617295946,0.181709013961825,0.156022578293219,0.0369162920664962,0.156139696064219,0.0637787323438645,0.0690603264593439,0.18415513283538,0.0551652598771379,0.254796484249039,0.0834168900440406,0.0329794992313147,0.0765344132726177,0.0969022329646679,0.181709013961825,0.135210112608924,0.20059316570898,0.048466302024454,0.0543809689753735,0.146711432351995,0.0305858367099385,0.0488398798610931,0.0540073909118243,0.00443585619360186,0.0354510704512865,0.0292222033139382,0.0163361274297689,0.0886223719357179,0.192737898403433,0.166636929068482,0.126782900725265,0.134007149594249,0.0535821603879729,0.0626411292905936,0.113423448547856,0.179434291654337,0.18472262514229,0.402969667127173,0.0788478845031617,0.122256616043911,0.130202409576263,0.0590470615414193,0.105403692461366,0.0579356068993233,0.357439175527338,0.0996886786794033,0.342714131077991,0.171064301804251,0.339002745815633,0.139045462938045,0.0907886525206764,0.21545395247317,0.0566844784457441,0.236980688077912,0.11856831841906,0.15976106034893,0.161290410353257,0.134822538960792,0.070539071467569,0.181055654702097,0.167671385308406,0.138229207532841,0.192949086559435,0.153152466696207,0.184593921826186,0.131761864274782,0.143935604057641,0.430477523967238,0.0344990620348441,0.147332084002214,0.436355499405357,0.1858482660346,0.15121431655089,0.318163763492925,0.413691086096552,0.297527452647702,0.275728808709839,0.209612636866763,0.0243612422753748,0.204554013210228,0.18040270637865,0.207470663856189,0.307159127204626,0.199238974057203,0.206033469245744,0.478765087275519,0.319196088934031,0.54469030853259,0.999999999991539,0.455142077628874,0.185224827331861,0.338764652245105,0.235124368646395,0.668653092650684,0.121599949963855,0.12610417667675,0.0934132455939131,0.0816452792928796,0.129641229286787,0.054761283353171,0.107739976996732,0.0309623000503286,0.0499755971493246,0.0617568243262858,0.0961673769893783,0.140869064580951,0.220564411784368,0.0719346637858841,0.192848105783937,0.262891409173578,0.262891409173578,0.124355540067471,0.139909766000074,0.135174114482969,0.16218982485045,0.0951275862571428,0.0311390615048565,0.00282434168828256,0.00827083054183786,0.00456146658609731,0.00318282775692751,0.0198315737326692,0.01925931374225,0.0192756517964266,0.00248449094446584,0.00836711948258856,0.00190639114471437,0.243110298721162,0.150347318342898,0.0844247449717304,0.0747389197155444,0.0216742495685572,0.0112475161868375,0.0843534582977719,0.251248787710214,0.141271923473634,0.152946862514359,0.20719737613087,0.13170057228839,0.216275974819259,0.191846921957143,0.189619020953217,0.106907033801558,0.262040032687288,0.180098091206004,0.0127211687906623,0.222158245576062,0.189780185378829,0.00407357581774534,0.0942133179102861,0.179359890000718,0.0935999785378249,0.0748186744935985,0.0553107486397394,0.0753982409306617,0.00827113604646365,0.053031053373289,0.264919260213336
"Bashkir",0.17117217992365,0.347018829068316,0.193428091399198,0.168533530789425,0.0379524975633334,0.0460527210950228,0.0412952529186867,0.0974838740821781,0.079297367850526,0.0900978724390884,0.0952993478992132,0.0687031450440544,0.0869302999488166,0.0818604347957588,0.0818604347957588,0.0531841779905994,0.0943232454388002,0.069980997258058,0.0871185476913336,0.0411186052734892,0.0431868062298315,0.20742767703598,0.0173391851236677,0.05494610229896,0.128716277383415,0.038691811800887,0.0498732702047731,0.0667632186571807,0.0465444612685668,0.14086697996105,0.0869199056132,0.054577728901289,0.0902540713091324,0.0552841428071973,0.0647424085675634,0.0527415530464316,0.0253080675403028,0.0325767988491667,0.0393248352992688,0.0478329697540801,0.050829108156039,0.0575177973356783,0.0534429824497425,0.0386277677634647,0.0507960581867111,0.0647424085675634,0.141360909547152,0.0312562260065766,0.0577227757140766,0.0326122120766108,0.0271905739626952,0.0334778089045302,0.0242260456750233,0.0983663946768819,0.0575177973356783,0.0383463196867029,0.176661210384049,0.0892958595950364,0.0456817059012844,0.0407239714991073,0.030421912911481,0.025325878904791,0.0358215300143869,0.0220186326992973,0.0430646342319617,0.0401046987306836,0.0363942805356532,0.0919248644472776,0.118157564569389,0.143424225682073,0.121641067450126,0.0689814428248822,0.0193540670617878,0.161928627090986,0.102647757524507,0.1417363984977,0.148156545630468,0.239015241947055,0.0665650433331898,0.166352899445745,0.0277107886592512,0.0171756560411155,0.0975488675429369,0.055914617243381,0.285816227374202,0.115219796442037,0.190454913883756,0.232138867844519,0.21249427970169,0.139656322560407,0.183297628583486,0.241724172447064,0.14604626118648,0.20519945247505,0.101990090626495,0.137417831679493,0.138709152169502,0.115967067151851,0.189239916104243,0.117307601689129,0.122499812017055,0.0876188533959054,0.10051762526408,0.132031469019374,0.157782262949053,0.0710156642161292,0.0775436678132517,0.269832656261097,0.0845204905761593,0.207888780376044,0.228071737275785,0.171030948493547,0.106360196264603,0.365401036611666,0.309541956430594,0.277289488584034,0.171982612564482,0.214157300207603,0.306584420871105,0.451543425149507,0.401192968003572,0.247267784766578,0.476887029844229,0.593092568664273,0.231823206007748,0.617655370876427,0.443173389462393,0.491361108913854,0.455142077628874,0.999999999993954,0.593696667226647,0.369153723046079,0.499669175812932,0.56511892670188,0.159750050594595,0.0572112351429324,0.0194908637211373,0.0153775057064836,0.0598210379461917,0.0116043888880714,0.13296556292136,0.00755831135710408,0.010636233347983,0.136124005760817,0.0836938890447252,0.12931274761205,0.255366322561935,0.0230095164189958,0.10228133098435,0.164786041769869,0.164786041769869,0.10696391621386,0.0933783963020721,0.170317975257986,0.209059220092648,0.0618681192781183,0.0231458143649831,0.0213320281491159,0.0147802505736259,0.15196918412934,0.0889984080896668,0.0208505861754222,0.00338708048607626,0.00154058723471477,0.00443986834468936,0.00879705000537297,0.00340678468354434,0.114610723033111,0.102224662603557,0.141661820123411,0.132129010436451,0.0574439355867618,0.202330726201152,0.283470958139542,0.301096050531723,0.0169913013493644,0.0696993122146763,0.115665177108472,0.111669030330486,0.084169609966307,0.0959099519447662,0.0757523384977641,0.0369397508342926,0.293022886810246,0.264822283730348,0.0106680671752956,0.111838901339337,0.122702655476538,0.0158229813541556,0.06083334726424,0.114934055200371,0.312426123316943,0.0444505392170261,0.0466956833771402,0.0256207372804354,0.0296329046628317,0.0353147527540759,0.108051055957189
"Tatar",0.14641722277062,0.395223107952875,0.279276083437452,0.0337653760787127,0.0397871296882963,0.229203338441451,0.0519860494625376,0.122721163854041,0.10661805730555,0.0547320876165569,0.120751346678551,0.087350366516742,0.113291107444017,0.108843891717549,0.108843891717549,0.0674661708232721,0.119874080237151,0.0889378608779645,0.113042435661512,0.054414879046629,0.0580661566237807,0.224788607881905,0.109223836621762,0.0318751505419514,0.202413348138515,0.184491433445269,0.0670563390040489,0.0830472933228182,0.0596960963439694,0.0830299836315465,0.0473457078092149,0.0710812670930113,0.116236954703137,0.0717906362312523,0.0812975384530403,0.0662279722323292,0.0317795343045498,0.0418423416532337,0.0499481525972619,0.0643130843883041,0.065191416010861,0.0746912053922757,0.132791193927334,0.0496811368807936,0.0654195320932448,0.0812975384530403,0.0283213924928261,0.116395976946734,0.0742401978532425,0.0425719899454154,0.290935567313817,0.314484463541127,0.0314593506214698,0.123519435415787,0.0746912053922757,0.0515579548305661,0.157664952327247,0.106803238277,0.113989550879224,0.18889204465623,0.0375628775784212,0.0495428582123397,0.0187966075703601,0.0188129074710161,0.0181705523813251,0.0430435983190551,0.0395023234199495,0.101171796900061,0.29040084229682,0.292806297177407,0.178113207821573,0.114519610956943,0.0595833560352536,0.115069068716,0.0976361334267078,0.0837395572145592,0.300972437926283,0.168218521363336,0.0870631493799103,0.253123064114662,0.119995309432055,0.0523486599024421,0.0879074426812976,0.0794914152185638,0.350978181245851,0.137523058739994,0.302386042781787,0.182383655083898,0.51273289609856,0.12906033593875,0.104726720598812,0.0106962174392705,0.049540090620963,0.295922829879496,0.209679367534783,0.284407118216037,0.285676049812527,0.238152389875685,0.136206995541246,0.192229096461324,0.278317215191269,0.139654145382168,0.223696992247761,0.171394398954143,0.146293435671627,0.135735722213369,0.148292006787092,0.387385847822216,0.0266365038765279,0.151986479584284,0.190289819826403,0.210487576266424,0.0955933393197536,0.334338376240829,0.22340909258123,0.449361235874356,0.326968657638496,0.318364160507844,0.434630254428946,0.696717470106876,0.636185658660139,0.481324409664303,0.523554389868358,0.741621874211697,0.289800004968485,0.665012391282291,0.649868741418395,0.500241233099742,0.185224827331861,0.593696667226647,0.999999999993322,0.442800650099447,0.648075395010416,0.101102850457395,0.185758908981582,0.0972602318620696,0.0861106559218956,0.0754590074950523,0.101671328859828,0.0505417221196102,0.177545141346607,0.0298061970408763,0.0480326386280516,0.18860731511413,0.090899674255498,0.223532714295496,0.268319184468308,0.0297848181194112,0.174518920795242,0.256430367760003,0.256430367760003,0.219663117020547,0.127374389709645,0.193729495997798,0.151310562322023,0.0677715887027558,0.00571844842799034,0.00856006128268759,0.0250673693592849,0.15968167567852,0.0829258543180502,0.0218612193260958,0.00353682439582568,0.00159615415534081,0.00463615634181199,0.00922344522941302,0.00577792166409066,0.0944999586653294,0.190869743930837,0.159152588000498,0.0914909985722982,0.0212879258518117,0.223942113352349,0.207729964806399,0.22988107247053,0.12540814775366,0.0262885018482857,0.0678461035053982,0.0923117814188517,0.0783233917484707,0.0662959066924972,0.0531821365061476,0.0925538304122352,0.363727497781702,0.284759528865455,0.0112788369757817,0.0856303348245015,0.0664016530189867,0.00611500261532613,0.0861471121300264,0.0490722753768615,0.172992744783493,0.0684248398139836,0.051242399604589,0.0325761219854301,0.00716271172294866,0.00857746690458064,0.124047792127074
"Baraba",0.0170539089805842,0.160194419614921,0.367196208108329,0.0211578969394269,0.0332398884089753,0.0415036904679579,0.0368524542206609,0.0869959560229172,0.0767044735330027,0.078140298113655,0.084754697638417,0.0661805706252428,0.0761360557322522,0.0791955768013453,0.0791955768013453,0.0401720828598419,0.0710273833000501,0.0526971595691211,0.0758449231310849,0.0395423018369324,0.0417746682547219,0.201024767977026,0.0166744783099009,0.0495185945154372,0.0205237051967414,0.0326196522556094,0.0482424957866799,0.0562856293024106,0.0380547523923375,0.127144182240788,0.0842250872354651,0.0443978443702631,0.0742353912632996,0.0451037799651131,0.0545499899614738,0.0444384330594132,0.0213238101703656,0.0265948564892623,0.0296412840697921,0.0462689098258619,0.0415578797666276,0.0469261155799049,0.0403675679565381,0.037386592593406,0.041780555707071,0.0545499899614738,0.0177466142283522,0.0254928118385806,0.0558680458109366,0.0285363784249653,0.0222310137737987,0.0282073864732355,0.019764912288884,0.0828805409142816,0.0469261155799049,0.0370924577097999,0.0587816106979871,0.0805748575666661,0.0344328059128067,0.0306958897213138,0.023994417942608,0.0405139197238117,0.0339444100353265,0.02106965782858,0.0415093344563011,0.0230575771204657,0.0314756568411111,0.028471848362779,0.0679384200643808,0.0835137137351527,0.0228867563097283,0.0639854800966828,0.0179692597445671,0.0221083800196848,0.017259484022359,0.0724953778871124,0.141892895626375,0.161415760425604,0.0635315161712756,0.147067957433817,0.0218560958524867,0.0149652748371807,0.0650311809652392,0.0545402495209402,0.172598295713978,0.0102221191966001,0.10798781641408,0.0422231429515658,0.122045740739516,0.0271933817591704,0.0339057112341709,0.0194887667018253,0.0420966361504997,0.11961739117481,0.0429978873510737,0.0959914928378422,0.0959309852586456,0.049033428307871,0.0740452429316786,0.112231278171801,0.0674170503242971,0.0824200178991286,0.0577712220573606,0.054803334898003,0.0968264249071505,0.0665075732064721,0.0726180898696794,0.154977943196078,0.022074077207673,0.0884288799548448,0.18710695310121,0.167021882744214,0.103185429959221,0.197993684584257,0.246153060285027,0.267397647939592,0.123015148354147,0.272997977525871,0.29197521046313,0.434948179788188,0.388219135231119,0.238911678992732,0.578788769367386,0.477014202806218,0.332809103146844,0.617386240067212,0.371250497868648,0.530610098512016,0.338764652245105,0.369153723046079,0.442800650099447,0.99999999999431,0.429660347956197,0.230109441254899,0.461952502393817,0.0534491832432695,0.0152782636445883,0.0137794522041496,0.055888790081325,0.00920573252757655,0.16934084370446,0.00465719470283351,0.00838902632550185,0.129676177307839,0.129348906071407,0.123187550158995,0.0216025532563635,0.114137608326086,0.0955202617577154,0.0946445925959438,0.0946445925959438,0.0747182943556966,0.369364085338975,0.0299481188983471,0.11746843221013,0.0573072958110891,0.022420645285352,0.0206636858313371,0.0142465388045639,0.146123908229717,0.00556871790294283,0.0201796657831206,0.0032647737153486,0.00147337881353439,0.00427954562371285,0.00851398265220199,0.00328376639835105,0.314797273253244,0.072078597439244,0.0580512291226512,0.0578251251777414,0.0112398079513729,0.00914367259780453,0.0106884961049143,0.154036721845601,0.0119245263505792,0.148341200830531,0.194001859420711,0.108391727881422,0.189940789297615,0.168988540798303,0.162337291180556,0.059161558362319,0.162437528080517,0.254896077866751,0.0591265385555659,0.29350875756796,0.182932510968301,0.0138752433958483,0.0990431743753175,0.00681699220970895,0.00256067280656777,0.0418686377097967,0.0432956397541262,0.361326710709994,0.301563406530025,0.361127215389246,0.32589202073826
"Kalmyk",0.158709150260437,0.387344698200263,0.354326672241514,0.0677545239037163,0.0492776388902084,0.0914561012393051,0.106451486854571,0.127473264966133,0.102278428130623,0.105660887913016,0.124454310224473,0.183792190094035,0.112870567274253,0.105838272882615,0.105838272882615,0.13024417345831,0.105385924251641,0.172207534334189,0.11248001620374,0.14421674124531,0.234273424923175,0.278569835793964,0.162694392376073,0.0267030416837834,0.30055025681847,0.219210406824669,0.0643269735249278,0.0758116992566097,0.0508441734266279,0.0708669185052352,0.0454186157193642,0.0591523545729424,0.0992093992546078,0.0601417818954086,0.0733797158296788,0.27216456051983,0.171923071575252,0.0834013177441819,0.0970138605600622,0.0616953764282445,0.129092508216904,0.0625717004336842,0.0598443175307764,0.245930465143747,0.129356265722145,0.0733797158296788,0.0236548359739092,0.131413356018487,0.0751527420712651,0.0427063061103691,0.0297024011118615,0.0379440950434379,0.0263547100706018,0.111489489628777,0.0625717004336842,0.0494594134522246,0.193131002604245,0.104453857035843,0.0515306437155437,0.21264335119457,0.155545928339478,0.0782315054253012,0.022396271435069,0.0432018719382021,0.0460248178190638,0.065390297649199,0.0425276140557146,0.100358729826902,0.235521078562753,0.193099986521024,0.208578172165123,0.196056678888888,0.060655704982267,0.144833412065338,0.124961802875136,0.178097995285743,0.320965041328931,0.110459579885629,0.163021801513085,0.257921162015584,0.14889656808401,0.101495502523721,0.14511466230671,0.121345632257118,0.406695495952352,0.155038034501633,0.374359706471553,0.228428429047306,0.387318095185936,0.158907667905792,0.136838803305289,0.0133316015737407,0.0876936611029538,0.46376469575396,0.187916994869234,0.305380905460006,0.305188410700565,0.224430869279377,0.243141873532296,0.23626185666142,0.231035398308405,0.157960800799645,0.155998933314892,0.234646224184069,0.182627382735728,0.150570345941858,0.164605952691004,0.491830041677415,0.0117729523200467,0.168521627086534,0.194786159918945,0.361449848652832,0.151556810893137,0.24830517395523,0.23229473011826,0.482271397020817,0.332080778006459,0.473507152657181,0.553917209658593,0.804982827341304,0.718498781299956,0.559506121976045,0.387524886059232,0.635752073345415,0.352007495950645,0.529912263156426,0.712606351759469,0.526703351648708,0.235124368646395,0.499669175812932,0.648075395010416,0.429660347956197,0.999999999988967,0.161422691002259,0.0162752190275565,0.123230661706329,0.129996341700498,0.0968411792878029,0.128820370778865,0.0626239092412568,0.267551467744768,0.0354696120777106,0.0690911455599271,0.251513257820313,0.181032379872896,0.284913517993684,0.383663859584482,0.160683773319233,0.220380633056817,0.300359218616117,0.300359218616117,0.234535965237176,0.269729458642484,0.264246054671506,0.185375169277916,0.147167029485093,0.0348375198008762,0.0061407062055304,0.0179825056733493,0.204566983646283,0.105854089751441,0.0273535029226405,0.00412091755508133,0.00162609833831549,0.005401800010092,0.0283726973551144,0.00414489081865998,0.16235158793711,0.21202684395001,0.175336803475006,0.155142534569246,0.0510601183251172,0.27068011945073,0.250749700942748,0.285276030024448,0.239155689505662,0.0636780068083907,0.127322715961218,0.158051587005059,0.13995752756414,0.120203349967956,0.0934107707130534,0.149995202485786,0.460009153886405,0.501826989708977,0.0832692674350051,0.159478657969467,0.121181827294426,0.00191054349430307,0.163886331191015,0.0578725259773183,0.243590211557149,0.131952827589378,0.111982733689241,0.0286096285045808,0.0322455277334217,0.0383833570416001,0.155589935801429
"Greenlandic",0.00506494539492304,0.0913484017472914,0.171265118053233,0.00821098256204572,0.0127153171582403,0.006765237496188,0.0114025351132148,0.0269174594803913,0.0309163313066669,0.0124665976118516,0.0273505858283144,0.0200139511077886,0.029124468887494,0.0302948332480678,0.0302948332480678,0.0153671025661504,0.0258202425324262,0.0191567445911689,0.028389667945818,0.129630413582936,0.143894989499955,0.00888934798745234,0.00624145800220075,0.00807169310961374,0.0706949562307203,0.00986464938634552,0.0194445110451548,0.0170215793289746,0.0142443520225263,0.0202847365179123,0.0137289651078008,0.0167975213323832,0.0283974041261665,0.0181794273577688,0.0176034393840952,0.0143404107542747,0.0588075470565603,0.00960547362568778,0.0109540840242534,0.0186490419595092,0.0155556147784515,0.0189139338216469,0.0154418818486064,0.103106048386269,0.015982394715774,0.0176034393840952,0.0068871277888255,0.0102098783355493,0.0180287798152607,0.0105457606451575,0.00832133613036095,0.00910260512095239,0.00796640076444727,0.026745790038045,0.0189139338216469,0.0149504019614546,0.00836104138839385,0.0123505829945222,0.0127248147641186,0.0113438187905284,0.0634469318025135,0.0379251487305685,0.0485615003537574,0.00100485281948731,0.0535291784378147,0.0361006518808763,0.00515476665570459,0.00454243310272582,0.106385228866656,0.126748008551591,0.00336102235784916,0.00391260607520421,0.00286683741973341,0.00321073712051496,0.0235323928132205,0.0316305746951262,0.148900415968249,0.31506588599867,0.00388484693344614,0.125617620522818,0.00676250484988471,0.00323325706772442,0.0561237556102254,0.0461058816275126,0.243518048415623,0.00391028652131702,0.169098847943516,0.00604866449605823,0.185227717689016,0.00394687083494351,0.0419391816597848,0.297486193643867,0.00217538666301931,0.181303032375197,0.0814610688343761,0.110035632887091,0.10996627268053,0.0928589902547427,0.0297033709292986,0.170332396551771,0.141323126311198,0.1058179023966,0.0875633353996013,0.10709730144991,0.159511921215224,0.100804946336536,0.110045759916298,0.23520862372043,0.00316008472341037,0.114060473583365,0.318501739298055,0.15323330552736,0.132261539168464,0.243369108001601,0.358312580057919,0.109356645621169,0.101468207871053,0.160016760648339,0.00601089963079207,0.130736637024083,0.116690830142716,0.113981518192734,0.110727144232078,0.10834970877563,0.101686486417349,0.539646672462325,0.128454505266425,0.397562935044954,0.668653092650684,0.56511892670188,0.101102850457395,0.230109441254899,0.161422691002259,0.99999999998258,0.15749281737445,0.0836438325653307,0.00399868212409708,0.00342968160010796,0.0874016991550019,0.00273406716464146,0.0995935281521907,0.00359879802475206,0.00259565256280164,0.00320755065425134,0.11882700794363,0.00301816536405216,0.00870707616912207,0.00278717143724689,0.151879629659734,0.143641242799312,0.143641242799312,0.0686403281374317,0.146162879270943,0.00139004779107051,0.156808993088329,0.00365072217479747,0.0398000150969549,0.00405272544905871,0.0118680418734556,0.00431427443554136,0.00456712695350453,0.00593220764951652,0.00271971120095691,0.00272201838539455,0.00356506428396082,0.0236529878285808,0.00273553300583574,0.145489387729786,0.0787688635689223,0.07202748848793,0.0628422282858379,0.0227945645243384,0.0126816247512891,0.00763448556376381,0.267545492305095,0.0169244237336938,0.0797354277009333,0.143082047489703,0.140405593087787,0.140050236698634,0.124799042272458,0.114391740487982,0.0553081279052771,0.272291557079814,0.245846957869659,0.00361682366858779,0.145607573086515,0.0980038002738184,0.00317335337859419,0.0984576414337719,0.00585303643094753,0.00454440700124646,0.00246554942335744,0.00195022506216161,0.00691577940582279,0.00557332778663426,0.0063836392905271,0.148328790111637
"Malto",0.112317526532411,0.0619611573880286,0.0209906467969335,0.0283240994345495,0.041473174417261,0.0224820334329916,0.0451312020049868,0.106539229147775,0.0866441549174671,0.047152456768457,0.104149573779261,0.0747192775590482,0.0949944199560307,0.0894481377092579,0.0894481377092579,0.0581230470389472,0.103081806127191,0.0764792131398012,0.0946861566415007,0.0446619544977608,0.0471880017055667,0.033421430581518,0.106792452923411,0.388822734207672,0.0231832513887376,0.0421084866768874,0.0544939569497104,0.0726587350779957,0.0506063125529147,0.0704533595191476,0.0384759293667126,0.0596407831643657,0.0986304416901531,0.0604133253098179,0.0707569648435524,0.0576412323432244,0.0276591817454881,0.0354180915843177,0.042976498804632,0.0522646255971109,0.0552648728553863,0.0628542150624007,0.0584058849866406,0.0422129533863411,0.0555103784506859,0.0707569648435524,0.0237574115929226,0.0341560983297463,0.0630802394657296,0.0356372962702382,0.0295634463682163,0.036587890381443,0.383750680924281,0.107504612261442,0.0628542150624007,0.0418990510469616,0.0330271726540497,0.0444665159702045,0.0499236618314827,0.0445055573439023,0.0332499071774132,0.00406223670740067,0.0346925591419028,0.00407209936812554,0.0327432888525042,0.0385343879287276,0.0185565546582691,0.0148159198863729,0.0113951295194299,0.0164745848477148,0.117074598030441,0.0154172418318787,0.00935067893734215,0.0127080885198561,0.0104149471381374,0.00796241215102887,0.0134967637783081,0.0398763806056782,0.0132007367027128,0.0108495118248458,0.0302867591993337,0.00387300874000154,0.00453282147543906,0.00466228757153844,0.00993560524334998,0.188122515667848,0.0210036554414997,0.0218001913763749,0.02724263070795,0.0176863877883088,0.10382485241883,0.138743359524772,0.147766412907616,0.212353235146615,0.0082746355501561,0.0114619492781307,0.0129614734400257,0.009672518357835,0.0114763709401694,0.0221396418877003,0.00853370603220496,0.0155633188878985,0.0128954935954373,0.00912547444799561,0.0705455421224766,0.0148455918671843,0.016129048081055,0.034593643733769,0.0118398246517577,0.0148864114666304,0.0103790581669607,0.0199433959380659,0.0567984491872657,0.00812144085671139,0.0661055251220892,0.176933183680021,0.0135854996684725,0.023058441629632,0.0274406949240914,0.0188436721629069,0.0148088382414274,0.0144650086331887,0.0054992881760603,0.0156169413378483,0.0112587154355861,0.253860001855693,0.0184901891516372,0.146152708870707,0.121599949963855,0.159750050594595,0.185758908981582,0.461952502393817,0.0162752190275565,0.15749281737445,0.999999999992771,0.139495752879138,0.249943351644651,0.223130467070088,0.145806042273076,0.0127567066963023,0.167859432866593,0.0734424532210443,0.0116249682446688,0.0143654335843076,0.200165335972203,0.0136280186231233,0.0270931123043674,0.0251445740046414,0.0172066110495644,0.021126240612522,0.021126240612522,0.00892180415925297,0.0107989251283438,0.0169559422490856,0.0160742231009831,0.0138081395484671,0.15526606551575,0.143098878611743,0.189701387460833,0.071073822329273,0.0751066497981279,0.229656880735777,0.0960310852279632,0.0940903071566844,0.125879906651894,0.177344459542583,0.0965897420045538,0.190553503325166,0.00379845710097322,0.0349258839907097,0.0324484120038355,0.00300342359820559,0.0103966998048521,0.179266783409472,0.161892114986699,0.0189977978455839,0.0513641680768571,0.0903130717960774,0.0599555817401411,0.0565907085482229,0.0496779966692199,0.0476371820083919,0.00593182047938832,0.0172921151437576,0.0153058355073128,0.0117588782168547,0.174307477483351,0.0642586686368538,0.0490823215903622,0.00517397934975238,0.0110190696614159,0.123435453777499,0.00915546687807215,0.0100661268380208,0.0279997558985204,0.00748919075272344,0.0089684309948922,0.145755875083511
"Kannada",0.0632326645791882,0.0930401179241771,0.189963753525557,0.0599794523162469,0.0321985507675266,0.0473492932525433,0.0288742389317955,0.0681621366455592,0.0669520381493152,0.0918238156791625,0.0659813855133205,0.0467364584622314,0.0737508690035093,0.0692364933315419,0.0692364933315419,0.0453030906290355,0.0803241234837742,0.0595946655473324,0.0735001029669494,0.034563579242394,0.0364633124227683,0.0208964447854567,0.114610965681657,0.0208361069410832,0.122045277507292,0.161377160576194,0.128005526538934,0.0470250306945145,0.104045782710092,0.0547934223680945,0.0297312830072113,0.046307848059745,0.0767074769291867,0.0469280097020786,0.0454411658821034,0.0370180491255542,0.0177631342530492,0.0275357912631469,0.0334912664261635,0.0403861427254103,0.113623709425643,0.132376934232111,0.113738532096721,0.0261273034455346,0.113774594850915,0.0454411658821034,0.0503089794288807,0.134986332329097,0.0390429104274784,0.0276609519552182,0.0607819807808512,0.0234972825610809,0.0557561277303797,0.0690410467673888,0.132376934232111,0.0984202724659429,0.0208835851999214,0.0345753005815662,0.0389051389916614,0.107199457336189,0.247340595716652,0.0876432191704222,0.0450345405673943,0.0333779708658588,0.0308750268899823,0.0214615906871991,0.0115789702837794,0.0208273455335533,0.107983414059334,0.0821503003213759,0.141636076547749,0.0589087812396596,0.039287884577954,0.0147214345074456,0.361570650904671,0.00607038252452797,0.0978399649540985,0.0415555393270877,0.018473275502112,0.0983879918984083,0.0954869176100124,0.0432521116853145,0.0509775241767916,0.0426277902644044,0.168940410115375,0.0271756920805652,0.187079789394532,0.051835553925381,0.17805273085608,0.0638722223445,0.0665587104704862,0.00711276976801554,0.101823981954426,0.18662527167246,0.0665815637821247,0.0895077972371584,0.0906547078471432,0.0755356822610094,0.0149568417391057,0.133136547847064,0.241671599451154,0.101718936723781,0.0666082224173353,0.0795645576523694,0.0622365872901782,0.0969595857795104,0.105917619323988,0.226097574903684,0.0251297885562476,0.108412570393991,0.0744866924394279,0.136726263192319,0.0538393742882836,0.0419975562150009,0.133719073986212,0.112366353583681,0.104175500830219,0.165591093608914,0.0330542285822798,0.108936737353412,0.0956275035561327,0.116481284876487,0.0839098590248763,0.112216717594539,0.119367686247033,0.0934179799025057,0.124236189440776,0.0929685072940601,0.12610417667675,0.0572112351429324,0.0972602318620696,0.0534491832432695,0.123230661706329,0.0836438325653307,0.139495752879138,0.99999999999539,0.501335625790388,0.602639501187772,0.451245013485109,0.355523703552882,0.337526737947966,0.371670019227331,0.324036237779212,0.40042441017954,0.53866777825577,0.380373449321201,0.0594689922166875,0.0524095565532695,0.359201125838081,0.343592737769318,0.343592737769318,0.1632517983042,0.302618338230605,0.191666741198272,0.333284769485133,0.431090412389558,0.320732007728382,0.276497340367806,0.00492508104716499,0.0029337970633482,0.00188164931585281,0.0140205904621889,0.198370730057254,0.198539011844347,0.0565010029127259,0.207759546464281,0.186631838279578,0.0550734501510662,0.113772137688251,0.0923183453438104,0.0816238316297501,0.0157493577718426,0.00691904782093768,0.0614123732658278,0.184653033929802,0.102645185949099,0.000701720687560917,0.030703205334925,0.0540806461112775,0.0399414897820518,0.0349951143633107,0.0422416759636534,0.127946076199251,0.192589654307856,0.132179972447206,0.00902310489647491,0.0509696678274166,0.00172655995915198,0.00269893766774276,0.0692478659151409,0.0402152195747357,0.0690969487055061,0.0234814005722155,0.00803908538319931,0.0549606110692787,0.0055421358077572,0.0384732486203236,0.124272773877725
"Kodagu",0.118804777197592,0.0996304656557958,0.140283141618237,0.0840652961178209,0.056907224129196,0.0308649843069618,0.122166485741082,0.14692460833331,0.1183300039896,0.130475254504717,0.143496081627754,0.210967135600138,0.130346153226569,0.122367514994577,0.122367514994577,0.298104964675147,0.141963622244625,0.212744516977776,0.129902953184755,0.197020553151968,0.152937032335346,0.0459911578560956,0.1861868443721,0.0368254154121439,0.292515486678082,0.468541815920753,0.0744224483402744,0.256636878509099,0.200370649670154,0.0968410531886854,0.175186327614935,0.244631428680952,0.135571616667579,0.24533517102502,0.254863679002964,0.154887638104076,0.0743229309701095,0.195266468699133,0.11934987575024,0.237968204360257,0.160005768514573,0.0862908761028823,0.0804576128765763,0.165808397438017,0.160298977139114,0.254863679002964,0.0326078372082148,0.158198015734283,0.247773078562886,0.14732551082234,0.117053518750757,0.124755983003698,0.0363450410597215,0.14830925482801,0.0862908761028823,0.190772282938291,0.0454963021194424,0.128935110723938,0.187538398756854,0.251760955979486,0.510761878946366,0.0403289083414026,0.0353060737345458,0.00560767119909815,0.00518800764843952,0.0158274100865774,0.0526224535906311,0.0368099306351972,0.144164705600793,0.0717873055637282,0.280239393384827,0.0722900214238266,0.0928312899901711,0.0460485881214332,0.101178319128258,0.0431723231463783,0.120484757608455,0.0296934588876039,0.0326493834148267,0.100666642640097,0.230593274533371,0.105968399741592,0.0575938101756027,0.0486382937144836,0.08443474133986,0.0494098612270843,0.26268842934441,0.237943707011755,0.207416296359348,0.148997345330017,0.163026684392398,0.0385844933725628,0.180729847161105,0.207384228770231,0.0989292396389702,0.132993847236734,0.135036764623499,0.1032467878391,0.0642818757638656,0.166056669924406,0.108184682506917,0.0901364470500493,0.0434481817276955,0.0578582439831409,0.0662912767303309,0.0858587352245094,0.0937204615809434,0.263384455699027,0.0161144082043764,0.125359037419523,0.0702663651570575,0.113448456026612,0.0589007063290416,0.0531492210206937,0.0371665051543875,0.134778840412769,0.127592469141829,0.199437434419779,0.0656350334520984,0.0809380723646197,0.0694048497833911,0.128396815455554,0.0730424951117291,0.105844241503698,0.0945605509185742,0.0870764464626416,0.147991528132623,0.0876890836696281,0.0934132455939131,0.0194908637211373,0.0861106559218956,0.0152782636445883,0.129996341700498,0.00399868212409708,0.249943351644651,0.501335625790388,0.999999999985598,0.839408459433066,0.547482516049469,0.0737777727135321,0.298618556231464,0.135348725172839,0.0809689215892792,0.100056502607361,0.282029085386889,0.0790094826113665,0.0828855289902263,0.0345364766375405,0.180926352240149,0.18160640872966,0.18160640872966,0.0952313205140606,0.0829045715603073,0.115302973459406,0.119841880639464,0.0190215411786276,0.573123604902079,0.566836765991009,0.124477740022765,0.0477011275038413,0.0492165206365597,0.0855197428701524,0.354473345903202,0.351919692992166,0.134636350781203,0.392817770403896,0.356535479600213,0.0555381769016022,0.0460038586528877,0.0350096430969752,0.0199736807532537,0.0419786012302187,0.0122286188576772,0.108539285354564,0.0900653294693329,0.274080171799153,0.00124021036636087,0.0131860557719773,0.05523853053883,0.030365888788528,0.0260212871737148,0.0352965762164516,0.0439836345804996,0.104563540938947,0.0202408712973215,0.0159472970196091,0.052103418291906,0.00305149555576822,0.0343022706538295,0.0356904707878944,0.0710757614616336,0.0694066246724122,0.0653947274682264,0.0390811851248376,0.0385585169076455,0.0415728169137327,0.0495199922630519,0.0902318175709228
"Tamil",0.0683145607787994,0.0734891075172751,0.122775695800458,0.0290803918912097,0.0509062074422455,0.0231306884148918,0.0557580328904694,0.131625518022718,0.105704496966899,0.0499104502255022,0.128519081906149,0.0920606621709058,0.116600808017232,0.109366373388443,0.109366373388443,0.18532917159154,0.108872404056063,0.0807754162223941,0.116199011163429,0.1771919762917,0.0575686148471465,0.04117611574018,0.137294304792948,0.0275975260889878,0.202664923132212,0.340879297304996,0.0664817645532998,0.219286269288313,0.170526157316283,0.0732292549665289,0.157548672591923,0.207955321170777,0.102516527405527,0.208620578915872,0.217615032656394,0.0617424138376923,0.0296271362759974,0.119947158377171,0.0454222074435176,0.214009707415655,0.0573765438018646,0.0646676942499083,0.0618221025006536,0.149145482408112,0.0576975134274327,0.217615032656394,0.0243917671959865,0.135516949785002,0.222873122839769,0.132510169230586,0.0996188153591348,0.0391911237416745,0.0272375262471635,0.115153579995239,0.0646676942499083,0.171565443225301,0.0407456110404919,0.0461349901451445,0.159890539389184,0.162629942827793,0.455490893388319,0.0271653386959571,0.0230888592260974,0.00429832712124242,0.00397677774573937,0.00471115580439844,0.0194402214054053,0.0330493854983173,0.0876342904629287,0.0339736938441211,0.225768276417415,0.0624967405062183,0.0625306644260901,0.0262064697052261,0.0690709733415258,0.00954539325719298,0.0584533197010705,0.00940804275655289,0.0294464494608354,0.0574805785148195,0.153496397646321,0.0664269363273581,0.0370968309269211,0.0326734907310847,0.0758884940213956,0.0156549659229503,0.165862880879866,0.138507758345335,0.138068442666952,0.102565874421449,0.110332138693211,0.0137661628525201,0.145476223244746,0.154829208864215,0.07329910803948,0.0985384140499704,0.0984763010364548,0.0634673859994686,0.0578501803436381,0.0818997661343682,0.0499809166719985,0.0788764941470001,0.0372775268599042,0.0387141603750196,0.0482219340212287,0.0752389800951342,0.0821246738371659,0.175324129585567,0.0121312294689671,0.0828001493559801,0.0617961091656995,0.0652345943261233,0.0447560196642976,0.0381244973379584,0.032189352294114,0.0925258054727165,0.112743539644937,0.137288177136264,0.0540889536831934,0.0701307286441936,0.0625961714350567,0.0979229145007112,0.0485093530648789,0.0930845582410234,0.08305333469099,0.078534168545007,0.130520294987619,0.0771180321194974,0.0816452792928796,0.0153775057064836,0.0754590074950523,0.0137794522041496,0.0968411792878029,0.00342968160010796,0.223130467070088,0.602639501187772,0.839408459433066,0.999999999988285,0.629769234699473,0.0646522961017417,0.242953668804175,0.119567295909132,0.0589165297141805,0.0728054887388439,0.251647089244549,0.0691388189418405,0.0331958832072132,0.0259722540886931,0.122999086918117,0.160509068660408,0.160509068660408,0.0585402498178081,0.0486132185179452,0.0761722823854466,0.0665545386754191,0.0146157911777154,0.48221620719473,0.479264028585333,0.0186581547607144,0.00864539533260884,0.00728332383698791,0.0280190029531352,0.29824769203527,0.295926357049529,0.0933092512725403,0.333561545644361,0.299982735369022,0.0395974007890765,0.0401151432384142,0.0176090653192923,0.0169116762818877,0.023320930183352,0.0110289803208354,0.0917877270676741,0.0812298394337056,0.163616694833677,0.00111854461108264,0.00158066962400308,0.0396924013318274,0.0172890796594856,0.0144745961649361,0.0308226433374312,0.0396688003666721,0.0882468584514284,0.0127729915285987,0.011767918683033,0.0374580723423872,0.00131830128130051,0.0287460593492858,0.0300434246330647,0.0599062782178108,0.0581228805221881,0.057118628885836,0.0334018435900284,0.0295563658225234,0.00462783771777298,0.00554191295131386,0.042093181531704
"Malayalam",0.0915973432910224,0.0955079759066257,0.195284831627757,0.0577850294442568,0.0264150159803168,0.045629740002322,0.0303137172539394,0.0715602493480846,0.0523805050271297,0.0888604909034768,0.0692869268091161,0.0490928760325567,0.0605036666821761,0.055120987003352,0.055120987003352,0.0386004587600193,0.0682686599493835,0.0506503872136505,0.0602057724495916,0.0274637271069491,0.028527387253082,0.0219502423355233,0.116111364967584,0.0171825255681603,0.162735296191781,0.217684875223509,0.122699991809828,0.0493560343302897,0.100393064843345,0.0457209225813872,0.0232605259238129,0.0380262542674097,0.0640065260120149,0.0386992507212727,0.0477023021412893,0.038860054089505,0.0186470214983995,0.0228978026761004,0.0284873563740831,0.0315964474052134,0.10963474088991,0.127569487871622,0.110067978791767,0.0274516313924222,0.109798318053382,0.0477023021412893,0.0484683628366714,0.135197206638917,0.0410218983285547,0.0226377162666215,0.0586481179621121,0.0685833330085728,0.0537312689822799,0.0724765047092177,0.127569487871622,0.0943409784875436,0.0219308125089181,0.028790337164416,0.033092345483022,0.105275467145141,0.258545482142545,0.0428534873240194,0.0202560390710444,0.00269485299957965,0.00249328040203146,0.027478586714212,0.198538894047059,0.0191801604545907,0.127703855721126,0.105974869601144,0.16360092713807,0.0592376156447609,0.0532543163595589,0.0154228780029166,0.0709643063423153,0.0232640094172667,0.118936931445585,0.0534238954354632,0.0170019079187898,0.125253338646785,0.132487902033087,0.348617091683531,0.0632310013107239,0.051866805236103,0.176530396171061,0.045038909640213,0.219119045024374,0.0845014077036458,0.215475355877177,0.397996600630641,0.306447060786157,0.368064361475778,0.115657138184175,0.195084157994789,0.0799927589256163,0.107536910214128,0.108726518360621,0.0907504928588556,0.015676423038552,0.166175115615927,0.111289575769749,0.10633221399892,0.0696366495520875,0.081534659989559,0.0650592345175641,0.10135704051309,0.110721386256135,0.273618130882313,0.0241977480341856,0.131454165101471,0.0778628400438162,0.167242045607747,0.0562802348457507,0.043907033038619,0.0526284827117756,0.134918525920931,0.108897611101797,0.198601302758366,0.0346308388907045,0.113884906338448,0.099971930471921,0.121761491253832,0.089808796322556,0.117303004942914,0.122816693004139,0.0976527049380646,0.12987070456182,0.0971823584259046,0.129641229286787,0.0598210379461917,0.101671328859828,0.055888790081325,0.128820370778865,0.0874016991550019,0.145806042273076,0.451245013485109,0.547482516049469,0.629769234699473,0.999999999994966,0.0419998587446781,0.226517538659118,0.0800219341997656,0.038329736886021,0.0473655736472875,0.226305274997162,0.0449800052578354,0.0571897822464276,0.050533392817703,0.183098093071454,0.154457731322426,0.154457731322426,0.0837050687924415,0.110251306191933,0.049357577830428,0.149545994459806,0.0260219327438644,0.360502831318571,0.312293433942346,0.0735947051501665,0.0282022344983109,0.0290981771043474,0.0467842526734306,0.222968734373852,0.221470306267135,0.079600758628162,0.230651082159846,0.21079370087892,0.0564434702956412,0.060060989739451,0.0507418994742976,0.0381468419045601,0.0164569291918112,0.00722989989264185,0.0641714470505718,0.192948941058879,0.107256726370315,0.000733246893931521,0.0320826082865355,0.0554445030383496,0.0417359411527174,0.0365673399182043,0.0441585028763522,0.0537641740614442,0.206554304496324,0.142924996074057,0.00718504859020329,0.0522561912652921,0.001804129120997,0.00282019284434327,0.0723589648897874,0.0420219688041891,0.0722012674224325,0.0230153996609329,0.00681699241344264,0.0531636157522032,0.00579112735140867,0.0402017363181229,0.1534823054312
"Newari",0.0446838341450762,0.0427313559374808,0.0823601279622813,0.0233168290142243,0.0341413473286385,0.0185075515166903,0.0371526912193429,0.0877047122046387,0.0713267848101426,0.0388166188518315,0.0857375115965731,0.0615100445803851,0.0782008498648036,0.0736350660483917,0.0736350660483917,0.0478477754510041,0.084858509041602,0.0629588502911327,0.0779470828204933,0.036766399541644,0.038845879984197,0.0275130294638649,0.0894002792901593,0.02208160114668,0.0712497735198027,0.151457844146313,0.0448602533487821,0.0598137747017821,0.0416598854119263,0.057998276033056,0.0316739696625408,0.049097198890165,0.0811940782024766,0.049733167322399,0.0582482085490644,0.0474511382727168,0.0227694586697368,0.0291567111388844,0.0353789068059954,0.043025033906579,0.0454948830356661,0.0517425448539127,0.0480806119470203,0.0347503446162666,0.0456969869719581,0.0582482085490644,0.019557462196194,0.0930357886935518,0.0519286115769582,0.0293371637669636,0.0243370782408017,0.0301197072827256,0.0217935545698071,0.088499430251954,0.0517425448539127,0.0344919354410566,0.0271884703475667,0.036605511576212,0.0410979169657463,0.111386861515107,0.0273718287914409,0.0709834529946141,0.0463979195837215,0.0344872599890259,0.0319011314591265,0.00366947252306023,0.015276037745145,0.0121966903652758,0.0496133315474043,0.0135621285633993,0.0519738310586234,0.0339281464526719,0.0407119843193135,0.0104614915577186,0.655429491176002,0.0065547786645439,0.0315552785480518,0.00630970703907649,0.0108670470272033,0.0305635310370256,0.102809204495381,0.0448544786927989,0.0249563282242148,0.0212743544499075,0.0498430867697877,0.0104993409614222,0.0812402065234165,0.0574958662353612,0.092475829883664,0.060041149495128,0.0718251802603208,0.00917554522325601,0.00677339219420853,0.0906358341584274,0.0316189049436688,0.042784654368802,0.0439980641271274,0.0361058829730316,0.00944752293126265,0.053499390977461,0.301988918240438,0.0528300972593346,0.0256169020752464,0.0253063258802309,0.0322999433766113,0.0503937539200284,0.0550086256100615,0.11742903786632,0.00974672354899943,0.0555151189010135,0.0359462844536451,0.0426692605523387,0.0253769722963439,0.0161461457589928,0.166238123738987,0.0537271539079816,0.368989848014721,0.0798593946140427,0.0225895969986525,0.0380512215389621,0.0323082063132328,0.0553425183053031,0.0236163116404098,0.0541447047439715,0.0480283604179262,0.0443846946595855,0.0641063964202459,0.0448574195166957,0.054761283353171,0.0116043888880714,0.0505417221196102,0.00920573252757655,0.0626239092412568,0.00273406716464146,0.0127567066963023,0.355523703552882,0.0737777727135321,0.0646522961017417,0.0419998587446781,0.999999999995101,0.275221958185174,0.572792772749755,0.911282866445492,0.765320677420292,0.18137664965041,0.727010887448876,0.0223034617048958,0.0206993953702311,0.441168824455866,0.421233596635785,0.421233596635785,0.453869530208019,0.239895831315444,0.369166870017207,0.266367693321475,0.558221259091778,0.00492140168310155,0.00453574359413547,0.0132825170566745,0.00603758003543666,0.00519224939908944,0.0187573923869067,0.00304385599584033,0.00138169689007857,0.00398996124753512,0.00791391270296306,0.00306156349935346,0.0266252779765154,0.0862466573427465,0.125106534916398,0.111183105858052,0.016492873380697,0.00855872124805551,0.06418819265384,0.0533766122943735,0.107499913145647,0.000891679301437494,0.00202360615167659,0.0266512399405548,0.0121609262716474,0.0102336881989747,0.0207325835082341,0.16058594155296,0.0618629250265155,0.012599996348286,0.00968008721387888,0.0251487634934809,0.00177971638835487,0.00309975992277171,0.0211268200106828,0.0420619226605683,0.0404798581984127,0.116721711287395,0.104386156388189,0.0230498244872419,0.00616521561928258,0.00738294866238849,0.0297896941573494
"Lepcha",0.0703964238756638,0.109899157371258,0.162254101224248,0.0270078092846867,0.039337039604141,0.0487824087360806,0.0427876850010857,0.101006992380521,0.0822153391053795,0.0953088132772904,0.0987495043742653,0.0711953923346602,0.0901015972974194,0.084863356122875,0.084863356122875,0.0551102214810901,0.0977408229402264,0.0725165915396913,0.0902967124908372,0.0426269766500715,0.0447759870890048,0.214646531037134,0.0644807958429157,0.0254408333065385,0.127198139253559,0.169063676742286,0.0517084984448894,0.0691706746160648,0.0482369612242306,0.0668143062956506,0.0922335582970453,0.0565684166486435,0.0935359872991751,0.0572989798723128,0.0670806535205077,0.0546463735952891,0.0262220968837483,0.0337618675131562,0.0407494524871349,0.0495931193600919,0.0526774110680421,0.0596140402019143,0.119357947866444,0.0400318779803772,0.0526431593000447,0.0670806535205077,0.022653346592079,0.107004348835466,0.0598209849511227,0.0338024760827426,0.0281793069713624,0.0844766383793374,0.0251089667494873,0.101919007731871,0.0596140402019143,0.0397573811331492,0.0667768751290226,0.148024181486062,0.156397701781707,0.225331940230452,0.0315157370108954,0.170641560334874,0.0527699433204451,0.163056088687977,0.150826902221319,0.0747403617069494,0.0598767036384638,0.0513104580300729,0.132421466194376,0.130343691208272,0.187388980692281,0.234918186403839,0.0688414605288077,0.0383831005571177,0.301967023274228,0.26041898784804,0.332809188070141,0.0815779466208765,0.231257931640048,0.199488128570319,0.114707418496919,0.0643905378054521,0.0940190002670879,0.0843982310107985,0.218596756383805,0.0496870563171752,0.213218658790399,0.151978892256875,0.237563071521439,0.0669897273827675,0.120817584684222,0.0376776861470837,0.242509470016803,0.175379456842932,0.082831054493997,0.256256695702031,0.257520707937753,0.0942404049829399,0.232824755686964,0.215703855501725,0.427342004728889,0.130813265004178,0.0757645722477039,0.0914460211450047,0.0714062106936973,0.111245303471628,0.121520192527167,0.269662783693752,0.0409318187172183,0.160188689788441,0.188536891729876,0.20708784639202,0.145716019595911,0.0655812021565269,0.378222248845785,0.392196693811417,0.278593345722377,0.46980685021634,0.171618390110806,0.241563383058924,0.22970734387266,0.296967834021345,0.0709084401294413,0.19101627992721,0.109347396788545,0.159667836748585,0.208675776480598,0.145944882583833,0.107739976996732,0.13296556292136,0.177545141346607,0.16934084370446,0.267551467744768,0.0995935281521907,0.167859432866593,0.337526737947966,0.298618556231464,0.242953668804175,0.226517538659118,0.275221958185174,0.99999999999353,0.390582474103075,0.250868526970289,0.37362254879992,0.646195843112777,0.354909932394617,0.0610418079113152,0.395330519507235,0.614252136194663,0.560120819920777,0.560120819920777,0.391420577311672,0.400448097069734,0.20465799232106,0.447921983924987,0.374911246935787,0.130795603284626,0.120546006593289,0.0846239980468438,0.0324097984909934,0.0335437944110726,0.0579462406332501,0.0691185969618798,0.0672639786236661,0.0906023556103545,0.100562280678817,0.0695206914762711,0.150757556159422,0.235972635710664,0.323146834774378,0.275923585974199,0.0137644112080957,0.00983636281990347,0.018473894769154,0.166892271026671,0.017680147087719,0.0254355399820677,0.0631802836325929,0.146604592890653,0.0624085791497371,0.0548712567399075,0.0633427227608715,0.4119450527896,0.180296169062914,0.278218148398796,0.0821194281252674,0.138084297484869,0.0410095496624342,0.0169260866601649,0.108123472057384,0.0104251896430432,0.0340696397409311,0.16161562855455,0.148496009231641,0.0265491592994905,0.00713267496545117,0.00836443971606042,0.139393826462636
"Thakali",0.0444690692630198,0.0366752185828769,0.0461940291252275,0.0101575992263895,0.0145916597756165,0.0383838939425013,0.0213434815674281,0.0503846113664182,0.020714496369305,0.0766850659883667,0.0469267845334075,0.0315235840664124,0.033422236808611,0.0250261463268088,0.0250261463268088,0.0259562507400064,0.0453730876760166,0.0336635355312394,0.0329600254974719,0.0122919556461986,0.011281496033252,0.0140700827759299,0.0474228532183804,0.00977910987044262,0.00554254787503029,0.0877892758285116,0.0130281710804402,0.0362868209863659,0.0197598333551925,0.0277414012454152,0.0704595403788206,0.0211228282992838,0.0388362837004753,0.0220249475668906,0.0340764714804241,0.0277599500541593,0.0133206295663871,0.0136434511805496,0.0190039748894639,0.0124951925286457,0.0215788233311086,0.0229148252311544,0.0260825588580957,0.0168215514555881,0.0218575195334349,0.0340764714804241,0.00851989190953615,0.0124154603220339,0.0251370114829824,0.0123282745647024,0.0115433973386345,0.0176206851985487,0.00965154488526227,0.0517740954807517,0.0229148252311544,0.0100170374056681,0.0537233672080741,0.0748648239135508,0.0814078866155176,0.0725728689182103,0.017916879710208,0.0769663205737983,0.0475248224464029,0.0411235450268875,0.0380398138028504,0.0019710774012475,0.0354415775715674,0.0254818190683032,0.027006376047823,0.00779117290050443,0.0444898184354519,0.0336069163180264,0.0349533400991693,0.0203367527807432,0.292850122230234,0.0207307628816307,0.0485698883017326,0.0131824952777073,0.00453566300635907,0.0533483482768735,0.0608348361104383,0.0440868350619627,0.0239241559599572,0.0195569356957916,0.0936832822412864,0.00448731005555156,0.0459336139787703,0.0365804464185727,0.0547203140298975,0.0355269723920823,0.0622016812256695,0.0179013125805289,0.0543645352317833,0.0534712724489006,0.0179504564733876,0.024483034285029,0.0260347799936074,0.0206610388480037,0.02039962216432,0.0104702958828264,0.381653206910483,0.0467670164922611,0.0258248464040122,0.00315684314755654,0.0190801042558735,0.0297301632472853,0.0323970773590316,0.0694857654843723,0.0202540364058187,0.0485405082377247,0.0210527513870875,0.0424641783590784,0.013990084406467,0.0162748803173253,0.20547390445113,0.0308301143175504,0.35888648763841,0.0469135654662073,0.0168257505519891,0.0382483799581923,0.0320481575185405,0.0313040677213043,0.0298384451879949,0.0316988483407532,0.026219305768641,0.0251058594722533,0.037645006487643,0.0262616362013868,0.0309623000503286,0.00755831135710408,0.0298061970408763,0.00465719470283351,0.0354696120777106,0.00359879802475206,0.0734424532210443,0.371670019227331,0.135348725172839,0.119567295909132,0.0800219341997656,0.572792772749755,0.390582474103075,0.99999999999218,0.52204601818075,0.329139154326465,0.502476773349606,0.312650611161341,0.0474854393262107,0.00944975853838046,0.533281049422933,0.48404198373085,0.48404198373085,0.452135429196408,0.30322998418229,0.477777971431116,0.311613478820211,0.203553711492739,0.115665188837027,0.106601263849992,0.0171224247070805,0.00775329165159538,0.00669516670807208,0.00878601708404649,0.0585903461883991,0.056536702832549,0.0768016657459333,0.00370689969990406,0.0589311930492175,0.0150158420486196,0.101694033081669,0.158068056587566,0.140476254738395,0.032846325286291,0.0108136672113168,0.075121836089063,0.0674396215850055,0.135822659987334,0.00112660792956802,0.00255676085911828,0.0144802802612979,0.01536493663859,0.0129299337274122,0.0129562320404705,0.184272964308701,0.0781618029806838,0.0159196874656401,0.0234334333198628,0.0137062122203673,0.0119020308124093,0.018668350955525,0.0266930531102432,0.0490335508891491,0.0511449903126572,0.00351787710886279,0.00414418381331705,0.0122795198597486,0.00795209459405671,0.0093281166145841,0.0594895698660736
"Chepang",0.0407196124637146,0.047409618953341,0.075053373490685,0.0505384272438828,0.0313589665681432,0.0210141800147902,0.0726994832942679,0.0964300722502529,0.083957327817797,0.0778405336745406,0.094902996914781,0.126146897979038,0.0891227432330755,0.0856797111636443,0.0856797111636443,0.0959510767917297,0.0942230149915206,0.126997626748243,0.0889301647791543,0.0428360110986142,0.0927570814754725,0.0307242762100391,0.103328085309374,0.0250722923068867,0.0700013831724193,0.144240126565547,0.052804104466671,0.0652385572615313,0.0469443204061812,0.0652918008232339,0.0372827944133516,0.0559163199699996,0.0914045717325678,0.0564689353898547,0.0638753403726714,0.0920921901809078,0.0441904956225885,0.0617670497533428,0.0712323604442503,0.0506439044697563,0.0959383499296064,0.0587504592925179,0.0532842778039303,0.039065722563949,0.0960871001737964,0.0638753403726714,0.0222449055685455,0.091094747367756,0.0583772263383186,0.0334919260047681,0.0274241656545307,0.0330294545107986,0.0247452332351558,0.0970490143980529,0.0587504592925179,0.0405997654120565,0.0301339426347162,0.0773211235363317,0.0456055846782203,0.141884407562384,0.0294960851383764,0.065449734850266,0.0429479923887248,0.0314488097181773,0.0296899952631113,0.00407194457115663,0.0284195176333869,0.0139001367068641,0.0550383053118881,0.0124396407198446,0.047362861747494,0.0309181385527305,0.0371557198779127,0.0185641647441026,0.597335055963002,0.00841125796650263,0.0421234579668601,0.00719094998698143,0.00990295376479814,0.0278520221722584,0.093819387130293,0.0409452710074088,0.022778010472016,0.0194163120914627,0.0455762082830985,0.0096436874335112,0.0929496408741128,0.0700353478815014,0.0843895809391217,0.0571363323006596,0.0655493151155581,0.00841668195371023,0.007506462516495,0.0992478708054947,0.0288555339125422,0.0407647381908353,0.0418693783403214,0.0397764629542863,0.0109499501445136,0.0678079061845766,0.285658580585464,0.048210540789903,0.0250540777783505,0.0309979375146944,0.0366827369947061,0.047891364953267,0.0522803054107142,0.107160836600138,0.00888202217422855,0.0528935686324702,0.0327572331351409,0.0388837660654483,0.0291040702066168,0.0208642202440895,0.152682573508206,0.0489606348194692,0.336319121920352,0.0728769968832723,0.0207278573385632,0.0346754262359555,0.029441914858984,0.0609681520937327,0.0317557974275179,0.0493411417421784,0.0437674219525429,0.0404470117758942,0.0585013680891206,0.0408777978387235,0.0499755971493246,0.010636233347983,0.0480326386280516,0.00838902632550185,0.0690911455599271,0.00259565256280164,0.0116249682446688,0.324036237779212,0.0809689215892792,0.0589165297141805,0.038329736886021,0.911282866445492,0.250868526970289,0.52204601818075,0.999999999995932,0.708350180368718,0.167678351715094,0.662571645844156,0.0448150103840498,0.0234256405971447,0.402126298534914,0.383954421286197,0.383954421286197,0.519871978296428,0.232148423382946,0.353849531203074,0.245897800898978,0.510936157654892,0.00457575521192701,0.00678484355274917,0.0198688039449353,0.00559210358769434,0.00482892524244538,0.0172220968464165,0.00283007582679987,0.00131542644057355,0.00370973294792862,0.00726615769362345,0.00457967452057337,0.0308410390063336,0.0798276903675127,0.115134296409433,0.102307133557921,0.024144747544368,0.0166144846244707,0.0639624159214754,0.0538810221603846,0.147213790074967,0.00185280764700387,0.00830873039474221,0.0306357155694354,0.0174125776690033,0.0149642598626389,0.0197993542603852,0.147419214912871,0.0563746236451959,0.0163941058707013,0.00882129762375059,0.0278467477094691,0.0433875457836703,0.00478795456877551,0.0211750741188073,0.0383303094505395,0.040897994106488,0.158057741348877,0.22021618084011,0.025605769383345,0.0226248885057262,0.0269532898407208,0.0271468378823854
"Thulung",0.0503188375326621,0.0585859434621681,0.092746425578603,0.062452335760911,0.0387515167374531,0.0259680543617162,0.089837630253585,0.119162458707297,0.103749394517562,0.0961906297832482,0.117275391246271,0.1558847169844,0.110132502885851,0.105877811820797,0.105877811820797,0.118570545052495,0.116435110657838,0.156935996211585,0.109894526064637,0.0529341551305602,0.114623598564633,0.217082648827136,0.127686606592202,0.0309828244137776,0.0865034810940184,0.178243236003214,0.0652521228209115,0.080617868517749,0.0580109556223464,0.0806836636951949,0.0460718253768981,0.0690980107555921,0.112952248718302,0.0697808995123166,0.0789332874276598,0.113801966063747,0.0546079452917436,0.0763279892256856,0.0880246484528332,0.0625826781453672,0.118554817964985,0.0726002689423657,0.0658454920277141,0.0482750602928293,0.118738634531928,0.0789332874276598,0.027488910662637,0.112569386483065,0.0721390502016454,0.0413872991740293,0.0338891274387042,0.0408158048360601,0.0305786645679882,0.119927310028146,0.0726002689423657,0.050170737785057,0.0372377061545979,0.0955487741078976,0.0563566268722118,0.175332180749369,0.0364494803885704,0.0808788290268226,0.0530725348452506,0.0388625394757171,0.0366891028082263,0.00503186314705054,0.0351191232928701,0.0171769493449367,0.0680130132754002,0.0153721566212004,0.0585281637314014,0.0382067681030663,0.0459147943417559,0.0229404734762933,0.738150581869559,0.0103941245373863,0.0520536250102625,0.00888614164546004,0.0122374721033657,0.0344178466799364,0.115936331727797,0.050597692730741,0.0281476895017469,0.0239935056966896,0.0563203252976265,0.0119170864313919,0.114861551838959,0.0865454526300263,0.104283546816852,0.0706056283028834,0.0810018843037026,0.0104008271731616,0.00927603297181541,0.122644523961844,0.035657925874392,0.0503746011805935,0.0517396487547479,0.0491533503371706,0.0135312869886425,0.0837929147231389,0.352999619510324,0.0595756742904233,0.0309603159996678,0.0383053788402543,0.0453303106638592,0.0591812560704017,0.0646048435865027,0.132422889131046,0.0109758665101502,0.0653626772335611,0.0404794101028654,0.0480502094426617,0.0359650520145015,0.0257827431350163,0.227703969771735,0.201144259332711,0.0561455449516678,0.192785747193722,0.310942073492959,0.21098789342465,0.186456570270892,0.0753407597532181,0.110444015532629,0.20031946298596,0.0540851364049087,0.167546845356145,0.237276499178127,0.165959242570662,0.0617568243262858,0.136124005760817,0.18860731511413,0.129676177307839,0.251513257820313,0.00320755065425134,0.0143654335843076,0.40042441017954,0.100056502607361,0.0728054887388439,0.0473655736472875,0.765320677420292,0.37362254879992,0.329139154326465,0.708350180368718,0.999999999993788,0.207206778925493,0.937191838465355,0.0553796829119182,0.0289479916921043,0.496923390457666,0.474467682173244,0.474467682173244,0.233421679448249,0.286874999365022,0.231708882478733,0.303865649608061,0.631384042014756,0.00565444190568882,0.00838429984370953,0.0245526677976537,0.00691038383888892,0.00596729413740193,0.0212820270320204,0.00349723676424672,0.00162552454074628,0.00458426390140199,0.00897907878662364,0.00565928515058323,0.0381114931406333,0.0986462379963634,0.142276009149974,0.126424976085606,0.0298366206219666,0.0205311765491305,0.0790408901315707,0.0665829126589697,0.181917909752133,0.00228958777670249,0.010267427157093,0.0378577668392813,0.0215174117271697,0.0184919284655927,0.0244668460724943,0.182171761359786,0.0696643547551277,0.0202588457966113,0.0109008267785584,0.0344113288174403,0.00359168981621109,0.00591666505359907,0.0261668775771533,0.047366281187875,0.0505392707921485,0.029509029052044,0.0113748555327159,0.0316420631617365,0.0279584706246502,0.0333072475499015,0.0335464225291118
"Sunwar",0.0235541514239306,0.0755509938757537,0.144591694781982,0.0398707136557018,0.0471441919550092,0.0315921296145473,0.0614110180106224,0.144970269555014,0.126219094944154,0.0646715477505989,0.142674507269942,0.10323788618866,0.133984635793165,0.128808477821332,0.128808477821332,0.0797181667637141,0.141652241493205,0.105095674745384,0.133695118739776,0.0643984592230637,0.0687412425361599,0.0461900162488221,0.0271559990599188,0.037692981964306,0.0337722609327113,0.0568398081269324,0.0793842115800081,0.0980778196153417,0.070574776359862,0.0981578644944052,0.0560499088074656,0.0840630291927381,0.137415072843946,0.0848938157358569,0.0960283975291556,0.0782282731568408,0.0375378862825337,0.049469886415087,0.059021342135776,0.0761366274132143,0.0770715320987965,0.0883237948641964,0.0801060907255485,0.0587303130482574,0.0773388273205195,0.0960283975291556,0.0334423679386961,0.0480118591893744,0.087762686895397,0.0503508234266202,0.0412287224777626,0.0496555567367656,0.0372012905169887,0.145900769843084,0.0883237948641964,0.0610365500965007,0.0453025252872953,0.062047069292394,0.0685621585653154,0.0611212592928687,0.0443435881941135,0.179518038184632,0.0474226708098455,0.112231855582143,0.104716017530788,0.0824366428411923,0.0210783863273102,0.0208970761740347,0.0877051188266113,0.107761187423283,0.132037019442924,0.259982949881157,0.0106292852892738,0.0144258045402563,0.173260922707918,0.249265034818224,0.336351480935288,0.0610910303713516,0.255762005463808,0.170130318206416,0.0343546044511803,0.00447345496946764,0.0752539922575332,0.0628799519692488,0.182547026160775,0.0144980495621492,0.147625078320779,0.0247691261885843,0.161052298247924,0.023587710339976,0.020220527785585,0.0126534038929766,0.255614670306894,0.157674051304279,0.055486223716842,0.249910092578761,0.251451878830517,0.063269858101525,0.243626927068713,0.149810347655176,0.307364485522941,0.0920068367160915,0.0787218396046233,0.070749749470127,0.0581699300988493,0.0906264109361077,0.0989610421361905,0.204509831954853,0.0133529833460413,0.100629361866291,0.204235433060383,0.21410460124173,0.151310030860546,0.0798331436315618,0.205449518259482,0.309309099710184,0.286647596777313,0.453889947010176,0.0311616801231621,0.185764791082368,0.163539710963773,0.321490414434089,0.0845990812892767,0.0943265248769375,0.0847132251155246,0.077805863112679,0.111804716962812,0.0781469677961368,0.0961673769893783,0.0836938890447252,0.090899674255498,0.129348906071407,0.181032379872896,0.11882700794363,0.200165335972203,0.53866777825577,0.282029085386889,0.251647089244549,0.226305274997162,0.18137664965041,0.646195843112777,0.502476773349606,0.167678351715094,0.207206778925493,0.999999999990805,0.194097509809394,0.0308094847252086,0.478043456272497,0.418680453565569,0.401443210990359,0.401443210990359,0.324665658768871,0.477449208569863,0.223870628091818,0.435446726014196,0.450244135940858,0.102717943614748,0.0985287583121528,0.0298702033136539,0.00840701189560423,0.00725967094843254,0.0258912179977232,0.0635304022482172,0.0613036055665248,0.0832772126398112,0.101655619585861,0.0665055340595972,0.164705024696276,0.255210090497306,0.150328846517724,0.133852053875536,0.00578973264830001,0.0249777508026681,0.0304263447162864,0.206821129656479,0.0214257631091632,0.0319190530383183,0.077055771335675,0.160276839600141,0.0760626077221212,0.0669284063972759,0.0637177588697022,0.262093634969086,0.215103369450436,0.339198339211712,0.0788791192238392,0.149393251618329,0.0403493940415648,0.00719807678525985,0.131843073494336,0.012427333850405,0.0132936129585785,0.171986243194918,0.179555555857716,0.0384949964580595,0.00862257694555208,0.0101146185215692,0.110637824539344
"Khaling",0.0477726458875584,0.0880311771392287,0.0880752629996342,0.0251391441207367,0.0367441126616015,0.0199162571997887,0.0399427112010779,0.0942909887705026,0.0768400315538116,0.0417412126473389,0.0921940831283252,0.0661587279721408,0.0841624910112843,0.079298537534891,0.079298537534891,0.0514528114214552,0.0912571914786946,0.0677062079123327,0.0838921172290819,0.0395957800641762,0.0418484956481854,0.199745604806094,0.0957484815176623,0.0237623462738309,0.0763640287531763,0.162199999655548,0.0483277536203619,0.0642906466487339,0.0448206897908547,0.0623969042792468,0.0341222282034369,0.0528390456526745,0.0873518916794902,0.0535186164878927,0.0626176637387692,0.0510106575703728,0.0244774962528889,0.031370318955291,0.038045947533326,0.0463506797872669,0.0489466550243733,0.0556809381592855,0.0517031907172241,0.0373842857293107,0.0491626771857082,0.0626176637387692,0.0210859658698072,0.0997050137840953,0.055864598586147,0.0315753092607274,0.0261835726013605,0.0323791194531439,0.0234523749788522,0.0951381630890078,0.0556809381592855,0.0371580103421544,0.029237037353343,0.039383487633795,0.0441960855710345,0.119363377259464,0.0294103692300918,0.0759569836872516,0.0496535772257816,0.0369120987669065,0.0341441362767461,0.00394609589982708,0.0164313149960307,0.0131265049550309,0.0531351399882423,0.0145805907109682,0.0555798648630534,0.0362730868033333,0.0436019295325712,0.0112471081450306,0.701200815826657,0.094412172962886,0.0338459271418822,0.0397765267565053,0.0116033760670203,0.0326733438293241,0.11009883575569,0.0480464682575934,0.0267293462873222,0.0227847954366681,0.0534592049270129,0.0112997581333254,0.0870041392701653,0.0616158594481895,0.099032778783838,0.0642983364069289,0.0769220790189923,0.0098650971557454,0.0072837256898096,0.0969266215063102,0.033862118726452,0.0458196963775293,0.0471177231618475,0.038667149008606,0.010172940622043,0.0573287990590884,0.323120639067286,0.0565759868453821,0.0273884781349047,0.0271207723760594,0.034590208948433,0.0538914476580245,0.0588265958331652,0.125755280535917,0.0104266653623503,0.0594734169090336,0.0384411376292265,0.0456188130148522,0.0271378036705062,0.017272518079993,0.214899484723153,0.270566802768511,0.126950713921853,0.183110864407641,0.398394209179068,0.261156165608827,0.231328221315577,0.112146237933527,0.0929031783113725,0.24062310943289,0.0513788699825685,0.159163277672002,0.225403857908854,0.199349720647345,0.140869064580951,0.12931274761205,0.223532714295496,0.123187550158995,0.284913517993684,0.00301816536405216,0.0136280186231233,0.380373449321201,0.0790094826113665,0.0691388189418405,0.0449800052578354,0.727010887448876,0.354909932394617,0.312650611161341,0.662571645844156,0.937191838465355,0.194097509809394,0.999999999994394,0.0240107288361344,0.0222727440602232,0.472031931326032,0.450701297933931,0.450701297933931,0.214338386457016,0.256714871414228,0.199737799751977,0.285039405727059,0.597226828530525,0.00534627654045524,0.00492732378543938,0.0144292244183317,0.00656460788283667,0.0760945096583147,0.0201814051821818,0.00330663842355436,0.00152856811772953,0.00433442291212885,0.00851471652032364,0.00332587465272609,0.0284826857194729,0.092252152189639,0.133823893861131,0.118930410339875,0.0176289599284066,0.00907594691788739,0.0686660293226348,0.057052763418165,0.114904389935949,0.00094446217747076,0.0289453022284643,0.028500377379875,0.0392342106203233,0.0109386478288765,0.0221707038260568,0.197307758226459,0.0661293803653199,0.0134344970420723,0.0103341601411095,0.0268936771224583,0.0322595823655503,0.00329822141298966,0.0225832364154088,0.0449621493175421,0.043267462337619,0.0261534703601003,0.00884969398625238,0.0247882251208426,0.00670041150848806,0.00785904759394824,0.0318415167471497
"Bodo",0.303454107226864,0.193337718806325,0.33166509951131,0.260822628252933,0.100391887077251,0.21535860719547,0.196869464279376,0.212522780112751,0.220048559451567,0.52335997897102,0.215942464487597,0.338344347978677,0.229947893179111,0.215625015431037,0.215625015431037,0.265319353956119,0.214700102437857,0.350802731112357,0.22915244403569,0.107634407625416,0.27761186776498,0.065072158087047,0.1948349506691,0.0574506859681749,0.469830128039336,0.0717359798378374,0.409057703024453,0.1237813553945,0.307433803363572,0.144377643176383,0.245933653470598,0.127394232437232,0.202119967216522,0.129392998223286,0.125293374545112,0.23643912866656,0.11345546522578,0.169176434073561,0.196828135868811,0.132735504020113,0.485588052801123,0.397895853810917,0.33686435951915,0.0858715529034517,0.485980550757157,0.125293374545112,0.151193420242687,0.216431808752886,0.128320756682572,0.0862360344493652,0.179598202263555,0.0647882546069787,0.167590616734197,0.190364519998729,0.397895853810917,0.314514315710919,0.475110004586079,0.351211359481168,0.247604862382395,0.331801919002076,0.0586160626517558,0.00983323834154154,0.00704819451352926,0.0475018032368325,0.0439406544488569,0.0517438095359286,0.133250737039007,0.253470467112157,0.189966142866287,0.187325307487167,0.335140521352654,0.239919195880445,0.0535848836069109,0.3240580455497,0.191981537339296,0.209253747664824,0.252353507418716,0.0439233002397125,0.181881046085073,0.0594126185224209,0.0533923467899623,0.0443023844278009,0.0916864988549275,0.0790946568209503,0.408622745372954,0.370238117742148,0.379247973762048,0.403492102980782,0.273754511551034,0.177738588026006,0.0881410620359327,0.0528894865971598,0.151668447187507,0.315730797394709,0.173343875768926,0.233882679913011,0.233735253569707,0.220272692787943,0.341776342823908,0.0965766308942401,0.181793525431535,0.0649525533444397,0.12939637518143,0.293416335123402,0.191637179339182,0.0259556088870292,0.0281224538118011,0.347623037752208,0.114631696650168,0.0667569332598384,0.106234273327279,0.289772858902665,0.0943851436918196,0.163523193553715,0.161481212793626,0.158687851634607,0.267137260297784,0.0401845113743012,0.04427658470257,0.193077305224633,0.172333873206878,0.203673696697801,0.0417504116651745,0.160015358116103,0.194403181959997,0.243169727022065,0.18973152264146,0.132568384703273,0.220564411784368,0.255366322561935,0.268319184468308,0.0216025532563635,0.383663859584482,0.00870707616912207,0.0270931123043674,0.0594689922166875,0.0828855289902263,0.0331958832072132,0.0571897822464276,0.0223034617048958,0.0610418079113152,0.0474854393262107,0.0448150103840498,0.0553796829119182,0.0308094847252086,0.0240107288361344,0.999999999954223,0.154770598453244,0.082196452463698,0.212292408241172,0.212292408241172,0.203171913754665,0.0560251944414864,0.510500998179748,0.0806561988531309,0.215116203029502,0.123082774379415,0.0532503825085858,0.01923890571535,0.0106104973535405,0.00740362443836544,0.046130527678776,0.0447993849427843,0.0448373891410679,0.00577921247336628,0.0194628848971165,0.00443448566686013,0.0981224944066198,0.176860676785255,0.142703929865956,0.124614386037424,0.0583009227774306,0.551378473507268,0.36332017397158,0.0193051217714519,0.206361283907605,0.0653660638195883,0.0208483530950662,0.0976193969914436,0.0217668196851218,0.0777154474651074,0.00498905935587369,0.0142405306355295,0.338965215597944,0.305846529766174,0.0670164944480227,0.0920804930957864,0.103322289095878,0.0408355716771489,0.0075559400047926,0.0194328604796791,0.342784198411498,0.117960184053282,0.123959748107314,0.162722077326062,0.0656899650531263,0.178981414501486,0.127689718280236
"Garo",0.0952033431633228,0.0189281918543108,0.108076159785232,0.170848197710064,0.0788751341108556,0.134847450167518,0.0901413550328591,0.212792703330114,0.213880830441998,0.260797850009777,0.207391522717971,0.148209045162962,0.230239947871799,0.21935650174238,0.21935650174238,0.138687367826996,0.246225752965199,0.18268162490886,0.229633279038302,0.109606830417988,0.116483437361011,0.0662847570429177,0.122547017961205,0.0648772606956332,0.15562421423617,0.0844051493578338,0.36580629215842,0.145642170267478,0.29607450039031,0.169586423557486,0.0949777135360011,0.146472463038638,0.237410734902659,0.146119461178181,0.141489884530901,0.115262876616574,0.0553089641442667,0.0853741238407041,0.102620939668794,0.129015067853426,0.323329616293039,0.377000179207998,0.323039991471132,0.0834646638534884,0.323724592252375,0.141489884530901,0.143302383269051,0.205078562059854,0.124724061226969,0.0864582959851619,0.172962268378302,0.0731633471963027,0.158789522275008,0.214972691504059,0.377000179207998,0.281259379324488,0.0657280101477262,0.107125947140277,0.119209643208044,0.106272084561201,0.067002365858046,0.151179270788053,0.00943989316363628,0.131836837064748,0.123668388648377,0.107720659410434,0.0280061888327048,0.0359096526310884,0.0216716559970257,0.0258197427302503,0.0223171337085351,0.540669407784031,0.0177834483516389,0.0199167128768162,0.0529173154918988,0.474848827417764,0.477835406705992,0.0185771206116393,0.48416137193991,0.145633718789917,0.0495200167080919,0.00539510173440577,0.0639394709319507,0.0545448034180667,0.0148818941939552,0.0707681160128368,0.116170154367113,0.0324032448293318,0.0445427494884281,0.0356398712117975,0.0268201617276233,0.01740148091428,0.292371819479665,0.043325125716754,0.012821739327137,0.351520049667902,0.35453859757789,0.0151590771567206,0.458400369444251,0.0442199017767552,0.00976621157595104,0.0254466252495296,0.0258258611958983,0.0508999166848485,0.0190764637188878,0.0297313314992543,0.032286886154491,0.0565619386482179,0.0654349868037088,0.0297356426551911,0.286719672854804,0.250695751221111,0.212324926065193,0.0738458977676958,0.0805486732750598,0.43358243299147,0.401877054103148,0.637279245663527,0.0420636766940754,0.167482256009404,0.145165583016792,0.45020353171454,0.00316497905267136,0.0251080223868236,0.0613299733993297,0.0177966936866193,0.0299634008869139,0.0208013156368289,0.0719346637858841,0.0230095164189958,0.0297848181194112,0.114137608326086,0.160683773319233,0.00278717143724689,0.0251445740046414,0.0524095565532695,0.0345364766375405,0.0259722540886931,0.050533392817703,0.0206993953702311,0.395330519507235,0.00944975853838046,0.0234256405971447,0.0289479916921043,0.478043456272497,0.0222727440602232,0.154770598453244,0.999999999966572,0.0254889517797358,0.0345422163273058,0.0345422163273058,0.269780765129027,0.165239395930974,0.0449036934743129,0.0314422215117645,0.49065681186851,0.0578318931979858,0.00922830506867905,0.0270242611673588,0.00503851717700267,0.00197835540638575,0.0336647695724065,0.0357686623034237,0.0357990055622934,0.00164328240407397,0.0142034693345862,0.00622897687510521,0.233135384726896,0.24234202001231,0.0661582160853291,0.0594430753822502,0.00870800702144482,0.0363741751394426,0.0510342842176571,0.0267196277076966,0.0255777574961269,0.059343224902544,0.0674051623299273,0.227508668303372,0.0671612124198832,0.0582575297914241,0.055634150908848,0.220662796666489,0.0234963832922214,0.296911429215029,0.146982632014218,0.211331288904341,0.0750609313060357,0.0108606145026769,0.116499485125819,0.0182095366330926,0.100540454156791,0.325902959118279,0.340252486982664,0.156956793291471,0.011857941278591,0.0999238688164084,0.065708586656463
"Nocte",0.114394784742213,0.183249673949208,0.290390240215932,0.0302581405538599,0.0414006063528547,0.065928193169893,0.0485716602878517,0.114660966593565,0.0868877834425878,0.12704319790571,0.116505965589347,0.0779598533534447,0.0948282026036817,0.0851411147259706,0.0851411147259706,0.0615676929308732,0.108765493427722,0.080696096301467,0.0942926551522524,0.0423802225484284,0.0473206862856531,0.0348514661574448,0.147269052206238,0.0287426083301565,0.214184594585296,0.372651536578466,0.0546471846247035,0.0794374137932671,0.0517767061323218,0.0722322106277804,0.123487147863532,0.0635677618432696,0.101120725640977,0.0647353848958595,0.0803539932396644,0.0654593255135841,0.0314106986913262,0.0361174583013852,0.045402272679303,0.0524115847741463,0.0565430069278008,0.067350899549435,0.0618672931892848,0.0460171521931762,0.0569119396954227,0.0803539932396644,0.0253796277207888,0.150255532817734,0.0687649820019406,0.0354396144194767,0.0302471726876735,0.117411383540041,0.0283676713006893,0.122085859758341,0.067350899549435,0.0420168640035755,0.0908976678989795,0.125251679223818,0.134971179537594,0.251214312782148,0.0371965104771097,0.166936638197968,0.0887312942939218,0.0588118424026351,0.0544016884682769,0.0470711172362307,0.0577047706495982,0.0597123611269508,0.219431035702551,0.181674520439771,0.152376344558489,0.0684688395926162,0.108766189952069,0.0454294220922717,0.474012013592793,0.0684868077796562,0.228411948108593,0.106034351959875,0.0280229257853637,0.237476422585836,0.226607929703973,0.1312069244591,0.120932003302132,0.100371547633533,0.355735897837874,0.0453200049578748,0.332376407107659,0.184022622814856,0.370184588124109,0.146974605509092,0.190669583037566,0.0532595630910079,0.0483587070401454,0.335001540429834,0.137098857254042,0.184793875981814,0.186849385082727,0.155947712146329,0.0495976526884901,0.285187125964766,0.674632349629138,0.204010637669584,0.119331331488402,0.117403336221978,0.111674312377775,0.173979628335139,0.190052641511586,0.470073316140536,0.034891587769218,0.249865787665741,0.133306832073638,0.247037732660027,0.0970120644723542,0.0752402059411975,0.350917117164972,0.23124294081588,0.186428485830849,0.340411930080633,0.0561438907046404,0.19455563427497,0.170755442708539,0.208439134276848,0.1551336767584,0.200830976588477,0.183627984182227,0.167168166778356,0.222209781399145,0.166383017718593,0.192848105783937,0.10228133098435,0.174518920795242,0.0955202617577154,0.220380633056817,0.151879629659734,0.0172066110495644,0.359201125838081,0.180926352240149,0.122999086918117,0.183098093071454,0.441168824455866,0.614252136194663,0.533281049422933,0.402126298534914,0.496923390457666,0.418680453565569,0.472031931326032,0.082196452463698,0.0254889517797358,0.999999999984979,0.877272988441643,0.877272988441643,0.436307295074049,0.550820374782921,0.370015402773644,0.682465571581215,0.288190655843599,0.0769054862303392,0.0708789058452684,0.129256739299219,0.049498446681312,0.0511081966220091,0.0800419848348398,0.0296208090111921,0.0267308549461141,0.0388276844360142,0.0337704339436928,0.0297931268147749,0.0972734664763912,0.220625963002479,0.286370733157977,0.239825202938972,0.0455225622296838,0.0117760931728517,0.110406164071708,0.3328719977201,0.184426342676298,0.00156139474158046,0.055327139163963,0.095555730046749,0.0720039883045192,0.0634457419198658,0.078033914416943,0.32823842886154,0.356358329880398,0.246488278839252,0.0363522573014468,0.0900610735567478,0.0164953288867261,0.0258729450156397,0.124835800315414,0.0736534589921627,0.0708831500614871,0.0388668446374818,0.0103810520417727,0.0295146054615472,0.00971317833322564,0.0113619235972116,0.257183543428953
"Lotha",0.105503836140977,0.237818877935757,0.396180469056443,0.0389177166748127,0.0569891512068941,0.0308885347779223,0.0619299465187039,0.146195281093087,0.11921288354205,0.0647230525490733,0.142952683850927,0.102591146071759,0.130533807423356,0.123013703063215,0.123013703063215,0.212370512561915,0.141503932515607,0.104985640256306,0.13011576897186,0.192719549880646,0.0649255308373243,0.0458888041043359,0.148280920439252,0.036853513786269,0.218649387244869,0.374230266678851,0.0749777264240852,0.250664909227279,0.195864217283607,0.0967650668842284,0.17139352010213,0.239184259863142,0.135465240437768,0.239856998073485,0.248968687316976,0.0790886112412311,0.0379507200558489,0.137798106175066,0.0589939461116696,0.232816160787142,0.0759071029229267,0.0863567174055983,0.17236314746825,0.162070718563243,0.0762414385946656,0.248968687316976,0.0326430224352851,0.154438284817037,0.242187739003686,0.144052193002495,0.114420928754467,0.0502016580994623,0.0363727729006212,0.147505355802891,0.0863567174055983,0.186642037400239,0.04533437893505,0.138127648542219,0.262640909804136,0.255654298823565,0.109647848849989,0.157247576929707,0.0768773709127827,0.0571524246004148,0.0528666814948335,0.0368255180089494,0.0562558143338734,0.154718830182281,0.275987299472647,0.253382242768352,0.194502150264372,0.176755913981066,0.0846396731188124,0.11240822091261,0.486152454653326,0.114661321525291,0.269965401643926,0.0853423745131784,0.137709278190798,0.197347591628139,0.170499471904751,0.0744104954991134,0.0890655053700373,0.0834868891630695,0.49818615368337,0.11948467091493,0.471075386640312,0.313084530877578,0.469298642247981,0.192812824193786,0.148763731197811,0.015295770652521,0.0756394379514072,0.325191953095708,0.190459522002914,0.256501946332659,0.258394439630169,0.195376556605038,0.161612083307146,0.266870561288613,0.706463382112546,0.19824093089808,0.191974478243455,0.18856895506509,0.164082461484804,0.18898193656485,0.206461259038707,0.549815971900794,0.0377820008825383,0.21166047719563,0.177251115324886,0.200989842452877,0.139887561274162,0.125879503280372,0.386655433819338,0.289608119050634,0.297345393975362,0.319256230650085,0.0633953523892854,0.277043705272693,0.267592099225817,0.278250010993499,0.146718781047337,0.288452243634921,0.266149164255514,0.24121617240919,0.338078580648593,0.221240826623078,0.262891409173578,0.164786041769869,0.256430367760003,0.0946445925959438,0.300359218616117,0.143641242799312,0.021126240612522,0.343592737769318,0.18160640872966,0.160509068660408,0.154457731322426,0.421233596635785,0.560120819920777,0.48404198373085,0.383954421286197,0.474467682173244,0.401443210990359,0.450701297933931,0.212292408241172,0.0345422163273058,0.877272988441643,0.999999999986564,0.999999999986564,0.456810746714819,0.52192673144078,0.430080503440794,0.574657158923829,0.351073760771468,0.0083155930886393,0.0449710524746609,0.022443200971479,0.0101626192379301,0.00877568303193976,0.0312979918887025,0.00514314203792497,0.00239054549713668,0.00674175698518985,0.0132049045238936,0.00517306204919662,0.0943236451654631,0.238248126780456,0.294418517282486,0.26060145747497,0.0273136648609915,0.0141740034261361,0.106301354633498,0.31662112049212,0.178029415034064,0.00147670021110313,0.0527164713364956,0.0926180935908464,0.0684806201782126,0.060004262850165,0.0738011310170417,0.312984708369464,0.338898525753665,0.234810150196831,0.0160310851773185,0.0872899423070057,0.00294736859109469,0.0336579525744743,0.118726647614867,0.0696582840622301,0.107348580139108,0.117364436382382,0.0937263130080535,0.0384369323048635,0.0104231999948945,0.0122268194749717,0.17599381244107
"Ao",0.105503836140977,0.237818877935757,0.396180469056443,0.0389177166748127,0.0569891512068941,0.0308885347779223,0.0619299465187039,0.146195281093087,0.11921288354205,0.0647230525490733,0.142952683850927,0.102591146071759,0.130533807423356,0.123013703063215,0.123013703063215,0.212370512561915,0.141503932515607,0.104985640256306,0.13011576897186,0.192719549880646,0.0649255308373243,0.0458888041043359,0.148280920439252,0.036853513786269,0.218649387244869,0.374230266678851,0.0749777264240852,0.250664909227279,0.195864217283607,0.0967650668842284,0.17139352010213,0.239184259863142,0.135465240437768,0.239856998073485,0.248968687316976,0.0790886112412311,0.0379507200558489,0.137798106175066,0.0589939461116696,0.232816160787142,0.0759071029229267,0.0863567174055983,0.17236314746825,0.162070718563243,0.0762414385946656,0.248968687316976,0.0326430224352851,0.154438284817037,0.242187739003686,0.144052193002495,0.114420928754467,0.0502016580994623,0.0363727729006212,0.147505355802891,0.0863567174055983,0.186642037400239,0.04533437893505,0.138127648542219,0.262640909804136,0.255654298823565,0.109647848849989,0.157247576929707,0.0768773709127827,0.0571524246004148,0.0528666814948335,0.0368255180089494,0.0562558143338734,0.154718830182281,0.275987299472647,0.253382242768352,0.194502150264372,0.176755913981066,0.0846396731188124,0.11240822091261,0.486152454653326,0.114661321525291,0.269965401643926,0.0853423745131784,0.137709278190798,0.197347591628139,0.170499471904751,0.0744104954991134,0.0890655053700373,0.0834868891630695,0.49818615368337,0.11948467091493,0.471075386640312,0.313084530877578,0.469298642247981,0.192812824193786,0.148763731197811,0.015295770652521,0.0756394379514072,0.325191953095708,0.190459522002914,0.256501946332659,0.258394439630169,0.195376556605038,0.161612083307146,0.266870561288613,0.706463382112546,0.19824093089808,0.191974478243455,0.18856895506509,0.164082461484804,0.18898193656485,0.206461259038707,0.549815971900794,0.0377820008825383,0.21166047719563,0.177251115324886,0.200989842452877,0.139887561274162,0.125879503280372,0.386655433819338,0.289608119050634,0.297345393975362,0.319256230650085,0.0633953523892854,0.277043705272693,0.267592099225817,0.278250010993499,0.146718781047337,0.288452243634921,0.266149164255514,0.24121617240919,0.338078580648593,0.221240826623078,0.262891409173578,0.164786041769869,0.256430367760003,0.0946445925959438,0.300359218616117,0.143641242799312,0.021126240612522,0.343592737769318,0.18160640872966,0.160509068660408,0.154457731322426,0.421233596635785,0.560120819920777,0.48404198373085,0.383954421286197,0.474467682173244,0.401443210990359,0.450701297933931,0.212292408241172,0.0345422163273058,0.877272988441643,0.999999999986564,0.999999999986564,0.456810746714819,0.52192673144078,0.430080503440794,0.574657158923829,0.351073760771468,0.0083155930886393,0.0449710524746609,0.022443200971479,0.0101626192379301,0.00877568303193976,0.0312979918887025,0.00514314203792497,0.00239054549713668,0.00674175698518985,0.0132049045238936,0.00517306204919662,0.0943236451654631,0.238248126780456,0.294418517282486,0.26060145747497,0.0273136648609915,0.0141740034261361,0.106301354633498,0.31662112049212,0.178029415034064,0.00147670021110313,0.0527164713364956,0.0926180935908464,0.0684806201782126,0.060004262850165,0.0738011310170417,0.312984708369464,0.338898525753665,0.234810150196831,0.0160310851773185,0.0872899423070057,0.00294736859109469,0.0336579525744743,0.118726647614867,0.0696582840622301,0.107348580139108,0.117364436382382,0.0937263130080535,0.0384369323048635,0.0104231999948945,0.0122268194749717,0.17599381244107
"Angami",0.119138317813548,0.181013756388801,0.187401780293243,0.0365382153956961,0.0272328055851128,0.149713714100446,0.0572535903819384,0.0698607995247949,0.0569670053348066,0.0569410508821297,0.0683112937256063,0.0989375641906255,0.0623768160193536,0.0587832629363265,0.0587832629363265,0.070189076152021,0.0582753008181977,0.0928150952640833,0.06217705238653,0.0293523394940546,0.0718692128252108,0.0219283996029937,0.0864232077601874,0.0148730513933055,0.17811333861096,0.171773300642797,0.0358288166028049,0.0416943393783869,0.028248128199216,0.0393599459861734,0.0252972456775138,0.0329803018779308,0.0551015435464752,0.0334977499424582,0.0404220287990136,0.067715626270865,0.0324933860343705,0.044807058536265,0.0520745418212337,0.03436307051551,0.0696431377602406,0.0348511651724747,0.077127799524868,0.0277037983612984,0.0697812053368532,0.0404220287990136,0.0131526197042587,0.0703080881090096,0.0413987199321154,0.0234023302790965,0.190063502663222,0.23985313142068,0.0146790377657135,0.0614152195829201,0.0348511651724747,0.0275478878726609,0.102543237910133,0.0929341860303094,0.0661730858556473,0.146900311518954,0.0192683579584436,0.122650677103465,0.0404608803532207,0.0745635303489952,0.0689714193899219,0.0620665452183448,0.037638195896471,0.469011157848488,0.22439300638351,0.221201057191844,0.140686888283365,0.223216954348214,0.0512436727570066,0.0912268190550446,0.24174988742547,0.379344693617515,0.366493327083436,0.19949880587105,0.556953728626603,0.232658141720083,0.104651732271477,0.0479580603283947,0.0836461294547123,0.0741603116632661,0.238062971303176,0.108023799036706,0.23471482587805,0.16258778046858,0.368509500782839,0.10567320518754,0.0897868111436739,0.0180251918465289,0.118388818408944,0.223026179193409,0.153888349263605,0.306656179089522,0.306462880470093,0.180698158166352,0.228046883899934,0.162163656237047,0.434814077571991,0.093552653013868,0.149174031611224,0.123076469634568,0.102545954357173,0.0891825103401725,0.097430367269566,0.289207557628633,0.0168250717547039,0.114018726845179,0.213972360992175,0.21007621240506,0.131809586428325,0.127548385421694,0.262716164452825,0.348613506080858,0.594022555450525,0.352418037918214,0.0278040261430821,0.26024705254503,0.243303546934586,0.348299127065563,0.0789989569098874,0.136623564132955,0.126040300837343,0.204637002995369,0.228731025714789,0.164974865489108,0.124355540067471,0.10696391621386,0.219663117020547,0.0747182943556966,0.234535965237176,0.0686403281374317,0.00892180415925297,0.1632517983042,0.0952313205140606,0.0585402498178081,0.0837050687924415,0.453869530208019,0.391420577311672,0.452135429196408,0.519871978296428,0.233421679448249,0.324665658768871,0.214338386457016,0.203171913754665,0.269780765129027,0.436307295074049,0.456810746714819,0.456810746714819,0.999999999996932,0.305680570873926,0.408031076460052,0.292274893010419,0.292034750446172,0.021644195531846,0.0199480813709771,0.0584161616633953,0.0223702785561581,0.0230977873366194,0.0399771808910555,0.013386798840445,0.0120807158866436,0.0175477449245081,0.0168667324943728,0.0134646759764925,0.133869090640597,0.245829614561074,0.222132388493111,0.15534879875463,0.0186672764279574,0.144194055614773,0.132928554282705,0.151300400792941,0.127843642929099,0.033751212146373,0.0475093913133631,0.129963017311043,0.0545794121598441,0.0635502440143002,0.0494080687346088,0.212088335759768,0.243473796030415,0.26544029916445,0.0442262501457208,0.122396540520494,0.0766403386868958,0.00133175578927451,0.086739915079705,0.0311390836184438,0.111511163117186,0.252629971079945,0.311336520777051,0.0158226555497302,0.0175971279090857,0.0209509351076361,0.10088369336651
"Tangkhul",0.0590939288649484,0.126121349900374,0.614773270867995,0.0575081125622577,0.0186205504262829,0.0104858052233056,0.0867916055427462,0.0654871386466704,0.0255320831612213,0.0918445052768386,0.0608329871442996,0.147270311084751,0.0426504219133725,0.0313411676958631,0.0313411676958631,0.11321324203054,0.0587415547469601,0.149427687612944,0.0420279340351436,0.0153700193030556,0.101102458142612,0.0181683222166885,0.0961949492029257,0.0125107509998631,0.00683158261488641,0.116680445293172,0.0160581431253196,0.0472958104658086,0.0253961584352701,0.0356737031313697,0.0113379907651674,0.0282453434962292,0.0499410265253685,0.0281772715965912,0.0443328877591354,0.110380162879608,0.0529659908730442,0.0710276412936054,0.0838871229456533,0.0154012093305083,0.11055618386838,0.0293157226443044,0.0337949921989168,0.0216479548409451,0.110875731611896,0.0443328877591354,0.0108871958361412,0.0158802406089008,0.032349268785001,0.0157128266113356,0.014836053646045,0.0229242003415742,0.0123475527346808,0.0673571841228376,0.0293157226443044,0.0123467077120232,0.0190956557945172,0.0890337331804973,0.0285877844819581,0.0868717383806316,0.0234379320532077,0.161238611097121,0.0635499619460676,0.0773736590578923,0.0715712665231883,0.0338787536226587,0.0429686672427748,0.00665202476623045,0.146145681627598,0.119956507748621,0.0373618264925494,0.128254572164958,0.0294326728724934,0.0244388661729674,0.229347849209556,0.0852619998529866,0.245608361404806,0.0654478440184171,0.0887895263681181,0.241280273093998,0.0808739947161855,0.0371105003933162,0.107298631731205,0.0880167314294609,0.28800946949586,0.00572629738173656,0.236318989439315,0.0435330310084854,0.233249273388039,0.0472296392728481,0.0532055074407719,0.00676195861733689,0.0493777772769036,0.259268344893292,0.0806927704798469,0.168342608786232,0.17033211855706,0.104597359644587,0.082520015565532,0.190173456185946,0.430785526969579,0.133251919061438,0.110306702486222,0.0930929856483207,0.0925289241454123,0.126987638992291,0.13868532245296,0.296188071968424,0.0052018340008997,0.141352763607798,0.139574242452492,0.292729195155118,0.110499326088424,0.116196063869065,0.262588662178115,0.21067420686236,0.195305875412428,0.310272552154727,0.0219846795917642,0.25372221247829,0.223667300999336,0.238006791867087,0.417155102278268,0.392975265295095,0.364177439205364,0.32935749661522,0.162051341708531,0.325569350103482,0.139909766000074,0.0933783963020721,0.127374389709645,0.369364085338975,0.269729458642484,0.146162879270943,0.0107989251283438,0.302618338230605,0.0829045715603073,0.0486132185179452,0.110251306191933,0.239895831315444,0.400448097069734,0.30322998418229,0.232148423382946,0.286874999365022,0.477449208569863,0.256714871414228,0.0560251944414864,0.165239395930974,0.550820374782921,0.52192673144078,0.52192673144078,0.305680570873926,0.999999999986017,0.326092800772991,0.521601845587816,0.346810930561806,0.00815449267273719,0.00751547837088942,0.0220084022779615,0.0100416985040937,0.00860090363834621,0.0112829325822988,0.00504350244366909,0.00223519594917275,0.00661114695621837,0.00476037082598249,0.0050728428058155,0.121074135242964,0.220795361854542,0.199868888488414,0.177763438254863,0.0416125428105035,0.0144599833180798,0.10045255466518,0.322390833701806,0.27169584079938,0.0373117195236213,0.102675461128572,0.116842253420482,0.11774326599682,0.103861504166521,0.0887758714807734,0.23538811331159,0.345736266712426,0.409198253704893,0.08843737766548,0.110097069918835,0.0472260911674578,0.00500530187900502,0.187297392594111,0.065123530086938,0.0683908328485271,0.059564541602674,0.0626497345482676,0.552625649234563,0.47406653195679,0.567442304552473,0.529520642219265
"Thado",0.182097294981074,0.171847213221786,0.203296249305166,0.0936794973420729,0.0530058133075376,0.120879116967216,0.123684181151995,0.143726191501252,0.14408223462008,0.29987612349612,0.139968532093034,0.213251080645299,0.155510552388757,0.147909617036888,0.147909617036888,0.178522193280091,0.166660956712833,0.236217131459747,0.155087071332956,0.0738988409857831,0.171203979454049,0.0446889104564608,0.126572512718251,0.0930021701312271,0.243872334050413,0.190560851091128,0.0906190509697271,0.0984614249744915,0.082396537411085,0.238223150610168,0.234732262516004,0.0976029700976543,0.160514265134393,0.098723048004559,0.0955951558407344,0.156856039012725,0.0752674693894311,0.114615616097374,0.132505234972869,0.0869118529100912,0.178062845353164,0.102711771932231,0.0943437958869723,0.0562265222865205,0.178363354672869,0.0955951558407344,0.038855063223301,0.0558238610790196,0.0840211879438257,0.0583882213386344,0.0481348174132852,0.0494315307427467,0.0432613937509294,0.14524252397427,0.102711771932231,0.0696747392729951,0.336647833943585,0.304007505407973,0.16506875672281,0.212438709048442,0.0453584643727472,0.0821508122469563,0.0789878421159197,0.0628654471041695,0.0531838826145633,0.0321579606369934,0.111259037943445,0.197100386226631,0.155996782147239,0.123966841766647,0.265842099431363,0.16253995326443,0.0744430788468949,0.220725533214707,0.28530469937268,0.152065072036481,0.229651223649833,0.0417741173192036,0.120383453192771,0.115184383577195,0.0967028558851347,0.0822249423079002,0.0825124074636609,0.0691725185971903,0.35820654403613,0.183780746759784,0.237621532941162,0.271017314071815,0.219662671583595,0.186317678388534,0.126179170155302,0.0470754528399246,0.0960672874610638,0.265833209420977,0.129598907018801,0.177614775685341,0.179731510571686,0.160487517637476,0.24312181508997,0.0606747295937735,0.347574350821936,0.0929117472805761,0.10724010932045,0.148046124874605,0.13568497833346,0.0511550072910798,0.0557749888874991,0.278935330578803,0.0600779505148358,0.101971494453967,0.0948841329809275,0.17388742649521,0.0795532381076681,0.115781752108254,0.227152093355218,0.1646532163084,0.437962590391691,0.0956926947446248,0.0573923516565511,0.172469101700392,0.150966145011999,0.168233897938595,0.0708596711004543,0.142936038186354,0.153119924903868,0.181842426107349,0.153256697260052,0.118418631319604,0.135174114482969,0.170317975257986,0.193729495997798,0.0299481188983471,0.264246054671506,0.00139004779107051,0.0169559422490856,0.191666741198272,0.115302973459406,0.0761722823854466,0.049357577830428,0.369166870017207,0.20465799232106,0.477777971431116,0.353849531203074,0.231708882478733,0.223870628091818,0.199737799751977,0.510500998179748,0.0449036934743129,0.370015402773644,0.430080503440794,0.430080503440794,0.408031076460052,0.326092800772991,0.999999999984184,0.349517983907504,0.289071913875039,0.0592835997315011,0.0597006096638376,0.0173458475636264,0.0030093895707368,0.000868261132101646,0.022504120408399,0.000577546976114618,0.000578036920559759,0.000757062770536681,0.00949469098350222,0.00399814384128128,0.0782757681261186,0.191817950926441,0.151604642193595,0.14432101742204,0.0792083914577904,0.334463616327564,0.313291033631488,0.100113607070437,0.278025500184892,0.0392563180951484,0.0150577538254831,0.0772629145389209,0.0330353701269866,0.0633387655942756,0.0284138490452176,0.119893499450341,0.292305142832866,0.196233686978349,0.0396912009881643,0.0815256281314986,0.0638022091533987,0.048263322099557,0.039504071928406,0.0711813295400165,0.219030397709959,0.0732639166174194,0.0774321540799388,0.0452798694214937,0.0772451432045015,0.0922255368912466,0.111032024729046
"Khasi",0.0658761956588952,0.31797710069472,0.2442260602193,0.469773400385692,0.0365042404776197,0.117410260207467,0.0580151753639277,0.13695385426173,0.125222521556194,0.216356997124657,0.139157566048639,0.104691199493433,0.117964819205105,0.122705225656225,0.122705225656225,0.0741636263192622,0.131291693516768,0.0974089006515651,0.118220272262601,0.0616349980479898,0.0681984903249716,0.257319215896669,0.0992330064108819,0.08848617367905,0.199186588500084,0.262596151785647,0.0787574269193074,0.102614159992253,0.070677115263943,0.22237202210064,0.227614902758743,0.0865796431037658,0.137049548474592,0.0877362698307269,0.103220942471549,0.0840875854534509,0.040349480988975,0.0494384001732941,0.0547691093203384,0.0755354843240954,0.0771832918029302,0.091281093110314,0.0745245208168829,0.0613845293914708,0.0771331058854666,0.103220942471549,0.394031946335139,0.402206169866564,0.0917289718642232,0.0441788926803775,0.0412885073259207,0.131789414233081,0.0384468813727314,0.15682876480211,0.091281093110314,0.0605546309268725,0.153552923601451,0.223443442986448,0.148620260930722,0.267788277827464,0.0435326908995586,0.161664467262277,0.0888832945600854,0.0669487172097089,0.0569243125904954,0.0494686698479535,0.088729026656123,0.0753097892554419,0.178763519757574,0.169789377937641,0.129578817272775,0.0147073116092627,0.101567028645417,0.212730117640764,0.387293357234782,0.295977891870679,0.212641163119309,0.189055755409928,0.011463280075872,0.422743651906359,0.167120124477426,0.123583359619695,0.21068929474178,0.0980144316362345,0.341098530293392,0.0449112641401667,0.295001550573081,0.54115126046143,0.322275852724735,0.12649239425215,0.294074381683531,0.147890645608745,0.164868355806333,0.264276046025419,0.11208423135434,0.154597947559864,0.156745606177298,0.127582789536219,0.25472451638545,0.298617897574365,0.435453754997027,0.1977136942795,0.0981678161302316,0.119959608494732,0.0968255015319453,0.150847850767141,0.164759734114597,0.409237131048578,0.238885076639429,0.437481695916087,0.105065084129772,0.205345379353413,0.0789548546847633,0.0618929166528195,0.223684101464682,0.213125648128142,0.168710401083094,0.279158872704846,0.0262847317333041,0.14160012959802,0.123391706718281,0.163577087462724,0.10995843942672,0.158276136575857,0.24258338747052,0.131188809303771,0.187559696962302,0.131127486823384,0.16218982485045,0.209059220092648,0.151310562322023,0.11746843221013,0.185375169277916,0.156808993088329,0.0160742231009831,0.333284769485133,0.119841880639464,0.0665545386754191,0.149545994459806,0.266367693321475,0.447921983924987,0.311613478820211,0.245897800898978,0.303865649608061,0.435446726014196,0.285039405727059,0.0806561988531309,0.0314422215117645,0.682465571581215,0.574657158923829,0.574657158923829,0.292274893010419,0.521601845587816,0.349517983907504,0.999999999983951,0.300392021022282,0.108123452207493,0.104750490749558,0.148110452306191,0.0488644450924051,0.188250320039276,0.0825096590584009,0.0305188785704909,0.027531556042816,0.0400048960859985,0.0348115679127512,0.0341388272060724,0.0844588519459427,0.270996515991216,0.17190017943123,0.149303279097248,0.175432219396484,0.0295640289453098,0.0335840275704269,0.267142498232879,0.0156430839313392,0.0036203051715227,0.0593756154397276,0.0832433690004483,0.0581467648591329,0.0517901164057542,0.0773827167164525,0.220338035439258,0.277624975719761,0.260450229310624,0.0356242445858359,0.0872204934362339,0.127379554004416,0.0508173381142209,0.100724709385806,0.331885684053141,0.199734068458675,0.0432388218951784,0.0126372807654695,0.0356460754471757,0.0469369304860183,0.0559289071841786,0.249544862273868
"Kusunda",0.0489551600733465,0.0572575694011674,0.143060413739718,0.0874827787874043,0.0441056234833484,0.0690395736441172,0.0490754367509334,0.115850209372836,0.118083938809344,0.133261518068324,0.11338419579689,0.0814663645427489,0.125348969911314,0.120506429078003,0.120506429078003,0.0745801190403261,0.132522378044957,0.098321979184146,0.125078113001496,0.0602478073674884,0.0643106867537933,0.0364410763716068,0.0628561991927711,0.0352635690960127,0.0798744272791094,0.0457250549429781,0.187750783034664,0.0788991701131211,0.151496101245174,0.0918313292431931,0.052437343214996,0.0786449435380297,0.128558306176726,0.0794221836803744,0.076905810543677,0.0626503087561096,0.0300627902259165,0.0462814207542105,0.055217259767782,0.0712294194200403,0.165442063470751,0.193017603259577,0.165065776650003,0.0460809705966865,0.165631440817881,0.076905810543677,0.0733779510888923,0.104999196705634,0.0688603479942909,0.0471055790339946,0.0885017429293168,0.0397674119020275,0.0812975024995354,0.116846862516243,0.193017603259577,0.144356917405358,0.0359637121553019,0.0580479707673696,0.0641431452208058,0.0571818316829288,0.0360309990728155,0.143016977301614,0.0443661536357691,0.104998214199084,0.097966791885797,0.0533585311987542,0.0159326052488143,0.0902271571042819,0.066477043739407,0.079201154127644,0.0695447824407762,0.330437758474075,0.00994419960177703,0.0610938173454846,0.59864167998334,0.295058992004749,0.297178228862478,0.0101138961938141,0.302249446951669,0.0730003296599455,0.0271719255888205,0.00418512890710002,0.032155790434555,0.02740638939915,0.135129313787805,0.0972262472855348,0.145762987241931,0.116148172724615,0.119084873933806,0.0806160154558308,0.0152698067751737,0.0097475482449202,0.178226367049386,0.0237919871597275,0.0407237760152265,0.218764726820997,0.22021661994875,0.0465013399569159,0.284508242375837,0.0240745326266476,0.268240132884544,0.0139627135394046,0.0586959928785605,0.0700783854630154,0.0433713838392438,0.0159969125810772,0.0173821576187165,0.151218131138264,0.0336468933178038,0.0161868278539553,0.178715551510079,0.125147443875864,0.132391987200574,0.0652582111300163,0.181778628518613,0.270582097777578,0.250765264067946,0.314932513326383,0.023759490014569,0.151326735132757,0.132947670057245,0.281183583254876,0.00311040862563213,0.069628747431313,0.0838915705927065,0.0570831627727592,0.0825549992197387,0.0576855289675792,0.0951275862571428,0.0618681192781183,0.0677715887027558,0.0573072958110891,0.147167029485093,0.00365072217479747,0.0138081395484671,0.431090412389558,0.0190215411786276,0.0146157911777154,0.0260219327438644,0.558221259091778,0.374911246935787,0.203553711492739,0.510936157654892,0.631384042014756,0.450244135940858,0.597226828530525,0.215116203029502,0.49065681186851,0.288190655843599,0.351073760771468,0.351073760771468,0.292034750446172,0.346810930561806,0.289071913875039,0.300392021022282,0.999999999991952,0.0303698888802335,0.00636592886278189,0.018642049962979,0.00444879282341466,0.0031042080471095,0.0193417097842674,0.0187835853103796,0.0187995197947822,0.00242312100175538,0.0081604414729774,0.00429691296284613,0.115214977039433,0.227982476310746,0.132179905689481,0.116586252206327,0.00541656899111723,0.0233678683774043,0.0284652859319565,0.0168609739584643,0.0200448157312508,0.0298617852352683,0.0338841047456472,0.112425453438219,0.0337475773762533,0.029292072670335,0.0279458894669746,0.208795243353986,0.0115286605170321,0.145681615271116,0.0737951503442942,0.104441238833232,0.0377487683546261,0.00673414160534182,0.0585374880333521,0.011626359154281,0.051841829631771,0.202519723614882,0.21130633187318,0.0798022029098995,0.00806682894425825,0.0517211219707944,0.034061555127059
"Maung",0.0900577657735773,0.191745316992587,0.0462933787925739,0.071189820053664,0.0104098303314201,0.133410883764882,0.0201009989631841,0.0474515377271918,0.0253107145790861,0.245842042630333,0.0482150760267226,0.0357819240673576,0.0238437449762783,0.0248019038855786,0.0248019038855786,0.0125808053710764,0.0225530881328915,0.0167327533256159,0.0231984667928266,0.112394067920653,0.124764910213932,0.0159621637011476,0.172494119115334,0.201704766320488,0.188187521635748,0.0971408193077584,0.161756389969174,0.0304320149367249,0.121477529741669,0.129879022578115,0.167766194920697,0.0136737584872713,0.0232485084822669,0.0148832114812434,0.0310322847766535,0.0252800433273464,0.0574864633994964,0.00782403500176723,0.00894096891808311,0.0152676775755205,0.132660134621217,0.157342586193093,0.128459031772846,0.100789819904168,0.132955488892406,0.0310322847766535,0.0597119022319107,0.0855653702713199,0.031782097645551,0.00860768622343182,0.0709653451182082,0.0874037262242239,0.214337828571061,0.047148909649452,0.157342586193093,0.12437047371634,0.114683230077211,0.157220214290879,0.0877340194986779,0.078212440605695,0.444802469975941,0.0107829367870179,0.014710667366264,0.00691214283252345,0.00741126685527905,0.0102341121233839,0.0678575602031207,0.0555079506240603,0.0302476123717351,0.0399671556766471,0.0732655002622938,0.0337661283936406,0.0575061057475855,0.0422662754696088,0.0940367116797457,0.103905367013068,0.104399890214957,0.0908142273447663,0.00317156750588931,0.0864930281080112,0.0649339518340986,0.0724382815845288,0.0387106935269106,0.0318009839873446,0.0977227456444896,0.135860679004763,0.0897280236478689,0.131531546521479,0.0584074267762519,0.0599744684594046,0.136839238092812,0.112636713191569,0.113379591423439,0.0103008007147283,0.0345417462128071,0.04689402789005,0.0468644685611708,0.0395736600762868,0.0728566160984359,0.0537105196962053,0.0602278594021343,0.0457452737835818,0.00497494419177991,0.0419666746175435,0.00367105569060678,0.00572727135154341,0.0061250184160701,0.0741677899965717,0.0710730769695474,0.0786110837449937,0.00373463046878592,0.0859975054978292,0.00299485172935229,0.00312240651294093,0.00315213393826153,0.121481656897566,0.0240973121121992,0.0499229912843869,0.011779651724869,0.00675408024963302,0.00602844963064841,0.00588848190050006,0.00572035532639699,0.00559753290854458,0.0460913881652228,0.00472256194993865,0.00677615025318292,0.0598455125472807,0.0311390615048565,0.0231458143649831,0.00571844842799034,0.022420645285352,0.0348375198008762,0.0398000150969549,0.15526606551575,0.320732007728382,0.573123604902079,0.48221620719473,0.360502831318571,0.00492140168310155,0.130795603284626,0.115665188837027,0.00457575521192701,0.00565444190568882,0.102717943614748,0.00534627654045524,0.123082774379415,0.0578318931979858,0.0769054862303392,0.0083155930886393,0.0083155930886393,0.021644195531846,0.00815449267273719,0.0592835997315011,0.108123452207493,0.0303698888802335,0.999999999986709,0.860706618553012,0.356926617270132,0.370786729108394,0.14136098359847,0.406046004975812,0.566285220148692,0.564023594059592,0.200634758385699,0.423399426119221,0.547689683891377,0.00143281121683066,0.040917624347156,0.0288703282338762,0.0228652271317585,0.18919495264745,0.0102637641210877,0.00616395686933498,0.00670399084999243,0.0138170057378217,0.00137273411027188,0.00149287662815393,0.00146886962602853,0.00140656161666767,0.00130450762768861,0.0111561845797342,0.00142495030440315,0.0108013261591901,0.00976477761561214,0.0258939730469406,0.0228676826541131,0.0138702784839737,0.101729474699477,0.00253708932919027,0.00476553377465294,0.0542390322823591,0.0020070417942087,0.00155092027987363,0.061902175180881,0.0383007000087542,0.0999183964517664,0.134267712692768
"Ngalkbon",0.0465259107323984,0.176719489539113,0.00360123564300346,0.0146814428955644,0.00959407995571756,0.0828842810397167,0.0298053822599501,0.0703602454473355,0.0539102008798436,0.152734472463933,0.0714924056414395,0.0533324549832028,0.0507856495865406,0.0528264666924393,0.0528264666924393,0.148332733129244,0.0480366331778212,0.035639692835859,0.0502533265810443,0.146550286713715,0.0293604877733229,0.0238290656189556,0.120968283094832,0.193883127792234,0.139614791309777,0.179771920496293,0.0339062706389415,0.183763390471673,0.141037183341463,0.139767233003537,0.276780969513304,0.174755139135201,0.0495178339797118,0.175479023133943,0.185237408448719,0.0374847715927049,0.0179870913238142,0.0991484423113181,0.0195632449930755,0.180012032339461,0.0275354185584644,0.032981079211214,0.0269267056351385,0.126955028362989,0.0278692222926978,0.185237408448719,0.0123143573356727,0.0178829452351102,0.189713179203476,0.105987295587723,0.0823918004555884,0.0895589076504373,0.150354742679398,0.0699115142396859,0.032981079211214,0.14431048239423,0.114338822620927,0.157666335690693,0.199173789120548,0.0838092217385339,0.430907356331321,0.0111699639748255,0.014632835740151,0.00637048336899764,0.00169671864070392,0.0106065361785434,0.0625400066533796,0.0556516016033515,0.0278773046557231,0.0368351908682191,0.0675241617905207,0.002943918990926,0.0529997280376244,0.0389541436675497,0.0509062683860082,0.0755443657365889,0.07626252533793,0.0860223019001858,0.00292303248637562,0.0797151347197419,0.0598455023667274,0.0667617668347282,0.0356771894462661,0.029308948688955,0.0900648526782089,0.0981845186072983,0.0937231563322744,0.170826465725588,0.0538304184273683,0.0591814994779504,0.0959580083747247,0.103810110050022,0.176265612344596,0.00949359427757227,0.0357860093293626,0.0513954749852163,0.0513630782000318,0.0216268377776957,0.0779238573682332,0.0550349016126104,0.0329144663353353,0.0421605156186155,0.00743337749743328,0.00203140639589654,0.00548822528517706,0.00855747689724931,0.00922971262867118,0.0683557449747711,0.0404481444468489,0.0761668979101453,0.00344197188443714,0.04442828699593,0.00450618859196887,0.0190353338217605,0.00489181959466917,0.111961933318748,0.0487204905917756,0.0460108526999276,0.0108565573982172,0.00622480711780742,0.00555603942849787,0.00542704005468399,0.00527208846150045,0.00515889083390104,0.0192138212859512,0.00435248563146009,0.0398181473230714,0.0551558108142519,0.00282434168828256,0.0213320281491159,0.00856006128268759,0.0206636858313371,0.0061407062055304,0.00405272544905871,0.143098878611743,0.276497340367806,0.566836765991009,0.479264028585333,0.312293433942346,0.00453574359413547,0.120546006593289,0.106601263849992,0.00678484355274917,0.00838429984370953,0.0985287583121528,0.00492732378543938,0.0532503825085858,0.00922830506867905,0.0708789058452684,0.0449710524746609,0.0449710524746609,0.0199480813709771,0.00751547837088942,0.0597006096638376,0.104750490749558,0.00636592886278189,0.860706618553012,0.999999999988711,0.341482233718739,0.341730596207831,0.130283447095844,0.374226833042047,0.501851323621106,0.499749910942581,0.184912323502017,0.373194147970528,0.507657925109739,0.00324161361413021,0.0271554110974177,0.0169576828564368,0.0126133769431746,0.160683443154873,0.0241438383336718,0.0147910281679825,0.0149072924769295,0.0127342572911398,0.0029980143094595,0.00326390404565583,0.00320797168556692,0.00314518330313632,0.00284900950981313,0.0117913632626342,0.00311237561332449,0.00995489681384987,0.0171820260241346,0.0238648315941543,0.0103561324107779,0.0149234185652928,0.123174657537816,0.00554093473483039,0.00439209003509194,0.00999639716678791,0.0256506554743083,0.0262054283684783,0.0126104198043967,0.0352993244408881,0.0420376617800745,0.0898957151046644
"Wagiman",0.136246943868668,0.00584539107500242,0.0105458945947627,0.0429932847005324,0.0280954000162958,0.0345460129188339,0.0872823804994867,0.206043648799094,0.157871173216211,0.063659441724668,0.209359078071733,0.156179296343252,0.148721205857064,0.154697555147615,0.154697555147615,0.0784705820090284,0.140670958621923,0.104367634131056,0.147162345826135,0.0767241584265508,0.0859795470180914,0.069781274877945,0.354244734109829,0.446119810358179,0.217260883108059,0.291555558050949,0.0992914631758793,0.132828259046338,0.0738378575805502,0.103581991047038,0.0701055958832204,0.0896944353534981,0.145008521912681,0.0928314390560268,0.134748113390998,0.109770781280626,0.0526735787297543,0.0510473742605975,0.0572892029499097,0.0952294793473825,0.0806349960156826,0.0965821233152284,0.0788524349829952,0.092351489373305,0.081612510220629,0.134748113390998,0.0360614875939961,0.0523685962776071,0.138003944220041,0.0551536961488581,0.0431349654317923,0.262265203867493,0.440300337241661,0.204729579827988,0.0965821233152284,0.0763427417846864,0.0659912322853913,0.0645928088694358,0.0665500185959497,0.0593274924199524,0.0568290487314288,0.0327102345933062,0.0264736631627473,0.00220750521541737,0.00496868789383844,0.0310602869807436,0.0245254396988137,0.023195483194738,0.0816361786987494,0.107868542574219,0.08493943966423,0.00862100191482585,0.0669894708423061,0.0152761016934612,0.0643434241646705,0.0988871109645621,0.102577826341823,0.179598732539429,0.00855983766530874,0.105674773368173,0.175252169669251,0.0841724806934059,0.0477639671874159,0.0392382832057903,0.0176700195470432,0.287524529557192,0.145846837012587,0.16200740820219,0.157637537501519,0.113785350394508,0.128240880384015,0.216451720158882,0.0571340453420396,0.0278011367490141,0.0549050788004193,0.0834368637359305,0.083384269881089,0.0633322487708907,0.0223428247239459,0.161164758148356,0.0963870535084432,0.0165334997358546,0.021767977256475,0.00594879087464821,0.0160717739988113,0.0250598012190348,0.0270283830806837,0.200173649520385,0.00691374212877663,0.10745469988644,0.0100795050061582,0.130104241469638,0.0131959678918212,0.0136873696311016,0.0143252535898752,0.273333180817001,0.0145166502416212,0.13473864275785,0.0317924516283884,0.0182287876287968,0.0162703616164769,0.0158925985557172,0.0154388367553295,0.015107347686751,0.00554005289144291,0.0127458625997944,0.0182883530163635,0.16151882986988,0.00827083054183786,0.0147802505736259,0.0250673693592849,0.0142465388045639,0.0179825056733493,0.0118680418734556,0.189701387460833,0.00492508104716499,0.124477740022765,0.0186581547607144,0.0735947051501665,0.0132825170566745,0.0846239980468438,0.0171224247070805,0.0198688039449353,0.0245526677976537,0.0298702033136539,0.0144292244183317,0.01923890571535,0.0270242611673588,0.129256739299219,0.022443200971479,0.022443200971479,0.0584161616633953,0.0220084022779615,0.0173458475636264,0.148110452306191,0.018642049962979,0.356926617270132,0.341482233718739,0.999999999903189,0.353660819882228,0.381523353849068,0.171465498448188,0.22075686847401,0.21354362989828,0.289373528687789,0.0723428373374061,0.230495732561126,0.00949277383684124,0.0156518888340577,0.0496590486452109,0.0118653051707269,0.013261655314647,0.0707030584523912,0.0433141953118132,0.043654664880905,0.0372911268352451,0.00877941518856072,0.0095580493602044,0.00939425647564678,0.00921038634646294,0.00834306803803341,0.011533350313861,0.00911431197839883,0.0291520197248736,0.0503160174271408,0.00794304344919223,0.00373215218641122,0.009736866768457,0.182408728185108,0.0162261288800186,0.0128618405326007,0.0292735497752165,0.0131653985730018,0.0122518254212859,0.0369284798982835,0.0122447200007892,0.0139783931445612,0.112565627719642
"Marithiyel",0.0521831643882537,0.294194319077288,0.00617389316446106,0.00664162357501244,0.0154949648351103,0.00543400166963255,0.0245657521462884,0.0579912827666877,0.024832741797427,0.0151918736438205,0.0589244151276637,0.0352960590402417,0.0354912595289649,0.0243335395905445,0.0243335395905445,0.0187264470808734,0.0335701252005665,0.0249065946437643,0.0348773777226569,0.0118626479195428,0.013524368301808,0.0157451087020946,0.123212016522732,0.155177746774538,0.070917752434344,0.0961970453540211,0.0156182995119802,0.0300187936763289,0.0114163846899346,0.0162931888450554,0.0110274353798192,0.0134030544151903,0.0228094788280859,0.0146021538299629,0.0306128966117419,0.0249383942655287,0.0119667042392038,0.0076699196337618,0.0135224294429826,0.0149793595868062,0.0124673191253976,0.0151921271093003,0.0188175735811124,0.0209809734986499,0.01283744430547,0.0306128966117419,0.00557079617947244,0.00819552543092654,0.031352576077786,0.013018368667883,0.00666928016437436,0.0865547394787677,0.153153508655755,0.0465117121360413,0.0151921271093003,0.0120085228739255,0.0184973413079905,0.00988559386466854,0.0157083339366372,0.0140035432327608,0.0159946179037471,0.0111945290558057,0.00900850393291146,0.00125504317599905,0.00116179823339256,0.0106268527813932,0.0111054882776805,0.00553543732463748,0.0314021849754162,0.0413079065132489,0.0326853358361982,0.00482563779403601,0.025768180092697,0.00691724879827533,0.0247503513732493,0.0337041606406744,0.0334955860172871,0.0644118708396032,0.00479140087853181,0.0387733944634289,0.0671122467057668,0.0308813829401656,0.0175254721892177,0.0150261725587807,0.00642341124350085,0.107181235153814,0.0499136333006581,0.0594433113417804,0.060366780775513,0.0391925972663577,0.0470537900948891,0.0806470998243518,0.0195531685606115,0.0126370316322292,0.0210401808705211,0.0287393663401921,0.0287212506777154,0.0242528926371313,0.0041132681475704,0.0555123097660241,0.0369111077278738,0.00748661755951945,0.00610326603350377,0.00333355229120636,0.00450491798343346,0.00702622167345932,0.0075462579496718,0.0766558461217461,0.00253896799865855,0.0354648296204718,0.00467041391026907,0.0498304829997193,0.0029538342810459,0.0871899275501791,0.00394196167876111,0.100377507020022,0.0053035082461881,0.051633209092034,0.01466452346637,0.207044767086025,0.184800728379743,0.180510050002076,0.175356168779235,0.171591075982392,0.156510777770134,0.144769043723972,0.203308323988217,0.196877595044157,0.00456146658609731,0.15196918412934,0.15968167567852,0.146123908229717,0.204566983646283,0.00431427443554136,0.071073822329273,0.0029337970633482,0.0477011275038413,0.00864539533260884,0.0282022344983109,0.00603758003543666,0.0324097984909934,0.00775329165159538,0.00559210358769434,0.00691038383888892,0.00840701189560423,0.00656460788283667,0.0106104973535405,0.00503851717700267,0.049498446681312,0.0101626192379301,0.0101626192379301,0.0223702785561581,0.0100416985040937,0.0030093895707368,0.0488644450924051,0.00444879282341466,0.370786729108394,0.341730596207831,0.353660819882228,0.999999999986944,0.140067527846958,0.402394481717773,0.489639192624088,0.487336836624341,0.447457521218547,0.169773854211459,0.492487647917433,0.00142011852131992,0.00352275685993467,0.0169904888605585,0.00326498558172242,0.139506499385029,0.010051001027271,0.00993478040768241,0.0102374311008521,0.0208738465468472,0.00134619563349446,0.00146398643312951,0.00144047260276837,0.00215511052262533,0.00127928814408699,0.00259967769067529,0.00215285633814501,0.0144279253652321,0.0130462806756913,0.00452344633437563,0.00135609316826439,0.00125650619617778,0.0634427545365881,0.0038328719216043,0.00467134343092212,0.00351220910609913,0.00196730770156364,0.00267092727838804,0.00863476306536576,0.00444706180866964,0.00507392492767106,0.0412978430744959
"Maranungku",0.0538716359907233,0.151054403987076,0.00418024825505908,0.233087114437459,0.0108118306335992,0.00575247955630935,0.0212131586581619,0.0500769638474791,0.0262881478882022,0.0106003444726673,0.0508827476355913,0.0382801742998781,0.0247645277728795,0.0257596882622935,0.0257596882622935,0.0130666430264216,0.0234240291525943,0.0173789283043384,0.0248181554084719,0.012939125675132,0.0143170092498766,0.0170766224738013,0.133049506522084,0.167361171342513,0.0764092241724098,0.103923072659302,0.016533662319026,0.0325567410484155,0.0124523662221636,0.0172481058041934,0.0116737352024265,0.0141629446249334,0.0241463048090809,0.0154579620124431,0.032749256974606,0.0266787521839137,0.0128018160855582,0.00837029956893317,0.00927282943072585,0.0158572751773387,0.013598667859788,0.0160825126538424,0.0131302278294397,0.0224451577189852,0.0135898257696557,0.032749256974606,0.195506534197163,0.00867432832074873,0.0335405559235244,0.0089271763356282,0.00727448498808336,0.0932736297721068,0.165178004814601,0.049757591788448,0.0160825126538424,0.0127123226184571,0.0159027135830807,0.0104549909627034,0.0107717848963042,0.00960274693025382,0.0138117638429576,0.0115039744473831,0.00921826073729344,0.00084714727614636,0.000784566525404586,0.0109183191789358,0.00958987469254893,0.00386242960044556,0.0322702216188053,0.042651290084223,0.0335751927095223,0.00331312552773183,0.026480478443004,0.0903346045733388,0.0977846958068846,0.138992611493134,0.0360542459389249,0.184510365593141,0.00328961957813738,0.150983119744458,0.0692948189357371,0.0332723973570791,0.0673124513113043,0.0155148420425269,0.00679987679549143,0.113870902853444,0.0512933736831453,0.229005412076622,0.0623299822149108,0.0404670845841639,0.0508329295000777,0.160480400588032,0.0772514543703372,0.0108677018794874,0.0217085957963612,0.0296740056342358,0.0296553008282899,0.0250416103806008,0.10476145198902,0.0573176378792227,0.0381115020323475,0.00646488677234912,0.00524873860204668,0.00228593995813843,0.00387301175953162,0.00604246983853789,0.00646009425263063,0.0791487878607192,0.0979781226310825,0.136982875932403,0.0039345958921017,0.0514428297492669,0.00320394861904332,0.00329402480970158,0.00332091042165972,0.108253095822821,0.0056685744047164,0.0532735185474394,0.182159171977547,0.107142301161871,0.0956313727396492,0.374548619044822,0.00602614970722893,0.0887955923655835,0.00211002563408294,0.00497501705543909,0.00714081858343009,0.132627411228726,0.00318282775692751,0.0889984080896668,0.0829258543180502,0.00556871790294283,0.105854089751441,0.00456712695350453,0.0751066497981279,0.00188164931585281,0.0492165206365597,0.00728332383698791,0.0290981771043474,0.00519224939908944,0.0335437944110726,0.00669516670807208,0.00482892524244538,0.00596729413740193,0.00725967094843254,0.0760945096583147,0.00740362443836544,0.00197835540638575,0.0511081966220091,0.00877568303193976,0.00877568303193976,0.0230977873366194,0.00860090363834621,0.000868261132101646,0.188250320039276,0.0031042080471095,0.14136098359847,0.130283447095844,0.381523353849068,0.140067527846958,0.999999999984789,0.0677968828514115,0.0874308794956822,0.0845715875875181,0.114606545612538,0.0286041151858777,0.0879395049391775,0.00148324104522378,0.00376776337805457,0.0174567391482733,0.00275053619948849,0.0728746006964472,0.0109803675953509,0.00635907053638404,0.00717205530256009,0.0143313022667344,0.00142383001350091,0.0456781968645643,0.00152354388501719,0.0447190694420805,0.00135306400507239,0.00278058281960568,0.0435293186824106,0.0113219439248567,0.0102352505056481,0.00304773091878605,0.00143429833379141,0.108239239890155,0.0684237171110804,0.0026315248574376,0.171478268684938,0.181251966168129,0.00207884480465655,0.00158807803700824,0.00583108655286363,0.00469918931826712,0.00535588715167742,0.0444943842288229
"Gugu Yalandyi",0.093320492414704,0.235359598209776,0.0289225787923368,0.0450751736269765,0.0673663901311614,0.035842568677486,0.0756555660905409,0.17859674313336,0.16379627895088,0.0660486614589945,0.181470526788873,0.13582846253091,0.154302901689051,0.160503550963151,0.160503550963151,0.081415682658286,0.145950518445099,0.108284684053817,0.153650229730277,0.0801066638434191,0.089206468665673,0.0607501688322145,0.0337799462021557,0.525361682363339,0.135650034539419,0.17952505020226,0.103017997952328,0.115520165791164,0.077093115876579,0.107469554786525,0.0727367479740068,0.0947847271826151,0.150450875998227,0.0963155209184656,0.116798427587777,0.0951483054260212,0.0456569744539929,0.0543916150114691,0.0606434013525045,0.098803562709153,0.0841899168701292,0.100206973123925,0.0818118670595788,0.0800494231238327,0.0846755314280609,0.116798427587777,0.0378077140618687,0.0544364785204448,0.119620551859347,0.0583828637753698,0.0450366383486152,0.161436102748601,0.518508527412438,0.177457720213301,0.100206973123925,0.0792079818865236,0.0579683909158725,0.0683746226352719,0.070446424106941,0.0628010296671763,0.049258897700737,0.0204231170783481,0.0167352786129185,0.00567504948126413,0.0052506682782212,0.0194681007724812,0.0255047916629165,0.0240660391507842,0.0572896364885065,0.0738199860480762,0.0599299891701679,0.0213933802002566,0.0470110494425087,0.0213031691645909,0.0451541392501058,0.0557969197947964,0.0643031309975282,0.0385347564509711,0.0212415985329365,0.0624404731663658,0.119934064290338,0.0441578600998252,0.0271665764148536,0.0242982306863929,0.0184144030876247,0.297913394158735,0.0910616222994313,0.110953970662573,0.107879466444906,0.0700437463324027,0.0878282977161452,0.220564281942898,0.0356724832974096,0.395708164623131,0.0377213485750305,0.0513591658678299,0.0513267919698487,0.0433416598824239,0.0217184942368655,0.09920420273787,0.05036528792217,0.0230566638546749,0.0189614638911906,0.0149498246879148,0.0141178584728219,0.0218288778207242,0.023863684494965,0.136989113436953,0.0188219199081013,0.066413931448117,0.0151364207314997,0.0891131318944012,0.0115458965159712,0.0119367367677288,0.0127755679953784,0.279499954884518,0.0214899057720421,0.0925692744842108,0.038267868550202,0.0274686930956823,0.0245175696211411,0.0239483239976621,0.00789915603131288,0.0227650409641315,0.0168368291995327,0.0192065536733087,0.0271640685165276,0.196454503212499,0.0198315737326692,0.0208505861754222,0.0218612193260958,0.0201796657831206,0.0273535029226405,0.00593220764951652,0.229656880735777,0.0140205904621889,0.0855197428701524,0.0280190029531352,0.0467842526734306,0.0187573923869067,0.0579462406332501,0.00878601708404649,0.0172220968464165,0.0212820270320204,0.0258912179977232,0.0201814051821818,0.046130527678776,0.0336647695724065,0.0800419848348398,0.0312979918887025,0.0312979918887025,0.0399771808910555,0.0112829325822988,0.022504120408399,0.0825096590584009,0.0193417097842674,0.406046004975812,0.374226833042047,0.171465498448188,0.402394481717773,0.0677968828514115,0.999999999973353,0.251136900912099,0.247467296423695,0.0515068560568997,0.421909002039431,0.25259787921108,0.00784286068879634,0.00494334976976648,0.0230654392686221,0.0036056237666856,0.199188457783107,0.013719913915226,0.0197480721604905,0.00900923691467712,0.0185985082953492,0.00184778143847707,0.00201083594573659,0.0098377659739119,0.00188925553934886,0.0017559445509208,0.00564568979227242,0.00954496546478939,0.014793571961455,0.013373513488709,0.0159791268937189,0.00926149320894291,0.00170191837322569,0.00348724660084049,0.00341507254401898,0.0139883467577889,0.00472688668063596,0.0139125544076819,0.0137202706939926,0.0390242257336937,0.00609283222148435,0.00693695738197317,0.0590492632813003
"Pitta-Pitta",0.351091201107721,0.0973603227833646,0.0286321636963205,0.0440304560707842,0.00643841460434143,0.0348082953374194,0.012432341466278,0.0293484777156999,0.0156545178170334,0.0641427609561821,0.0298207213529526,0.0221308950438235,0.014747206341762,0.0153398216024172,0.0153398216024172,0.0077811490155861,0.0139489431995696,0.010349102718631,0.0143481058427153,0.00748048924829836,0.00852573857001832,0.00987249788113972,0.106686528051809,0.096875618376333,0.082669995948769,0.0600809859330054,0.100045310093789,0.0188220098859604,0.0751330883106736,0.0102711982892995,0.0069516763406415,0.00845713364563541,0.0143790563129668,0.00920517271753011,0.0191932730075426,0.0156355478404088,0.0075027275064477,0.00483911645207909,0.005529933056192,0.00944296257937453,0.0820494591140611,0.0973154002116235,0.0794511034182686,0.013154375994815,0.0822321338736425,0.0191932730075426,0.0369314360696414,0.0529216434888957,0.0196570275522426,0.00532379980518569,0.0438916197346722,0.0540586550863541,0.132566599242488,0.029161304152495,0.0973154002116235,0.0769223559685858,0.00932284970917964,0.00623492544092063,0.00642384827817766,0.00572668224694475,0.244842169768732,0.00666917860100174,0.00534539541585282,0.000505877610174111,0.000468489013747278,0.00632973399748512,0.00562031325541241,0.0023000659176263,0.0187079580587295,0.0247194344775675,0.01946494189342,0.0208841380943042,0.0153514805673886,0.00350071101240877,0.0275185518492816,0.020021946060684,0.0209019714534031,0.0395973185456573,0.00196159455997546,0.0242167046468514,0.0401612409129958,0.0192891835900782,0.0109457143768257,0.00899194656343162,0.00404930742546935,0.0840289756895925,0.055496218427784,0.0371260370856393,0.0361246262026469,0.0234535365961897,0.0293880121522181,0.0496026365638641,0.054784688601107,0.00637098047193494,0.0125821900017119,0.0171981817317317,0.0171873409758229,0.0145133820892778,0.00258631798340404,0.0332196187071744,0.022088306718728,0.00378885960309024,0.0030769717007894,0.0144528717302881,0.0022705248614997,0.00354228131856577,0.00378828537699315,0.0458723117553383,0.0183985995711427,0.0221308221311368,0.00230984546205384,0.335262231281685,0.00185229696334929,0.00193118879495036,0.00194957502058921,0.062637739349082,0.00332667315156225,0.0308770561999522,0.00728564052289079,0.00417735616559321,0.00372855819042318,0.00364198902942555,0.00353800380050115,0.00346203890735106,0.0168827565308319,0.002920874871159,0.00419100632401506,0.0370140732094035,0.01925931374225,0.00338708048607626,0.00353682439582568,0.0032647737153486,0.00412091755508133,0.00271971120095691,0.0960310852279632,0.198370730057254,0.354473345903202,0.29824769203527,0.222968734373852,0.00304385599584033,0.0691185969618798,0.0585903461883991,0.00283007582679987,0.00349723676424672,0.0635304022482172,0.00330663842355436,0.0447993849427843,0.0357686623034237,0.0296208090111921,0.00514314203792497,0.00514314203792497,0.013386798840445,0.00504350244366909,0.000577546976114618,0.0305188785704909,0.0187835853103796,0.566285220148692,0.501851323621106,0.22075686847401,0.489639192624088,0.0874308794956822,0.251136900912099,0.999999999994916,0.999152399387205,0.762878586275926,0.72115358019982,0.992278706678777,0.000886184728271252,0.0022089078585163,0.0101202780183626,0.00161473313118182,0.0870688618255693,0.00634807357171056,0.00381236856552039,0.00414637618689149,0.00854573116937606,0.000849027415621832,0.000923334807490829,0.00090848662762928,0.000869949515624589,0.000806829765143644,0.00163007049518984,0.000881322803363154,0.0066805523121172,0.00603945355559171,0.00182024840058843,0.000855269657208181,0.000795167674119898,0.0396065863336063,0.0015691737972046,0.00294745267455387,0.0335465004185325,0.00124134272969019,0.000959234441109118,0.0382861061164357,0.00280603173581183,0.0367915055011586,0.0485121681844442
"Kalkatungu",0.348305053122756,0.0974429154577233,0.0286564529232328,0.0440678079716008,0.00644387643792611,0.0348378238981264,0.00577858392630879,0.0136412470691527,0.0156677978520136,0.0641971745203176,0.0138607471125623,0.0101236088699914,0.0147597166865946,0.0153528346744166,0.0153528346744166,0.0077877499171484,0.0139607763620977,0.0103578820657642,0.0143602776227546,0.00748683509427393,0.0085329711215263,0.00449383335261779,0.1067770323293,0.096957799866421,0.0827401265302971,0.054204445187575,0.100130180495624,0.00860998463258062,0.075196825185397,0.010279911548575,0.00695757358423955,0.00846430799823834,0.0143912543488981,0.00921298164637215,0.00892108209828998,0.00726744239407278,0.00348728682282674,0.00484322156962471,0.00553462420703324,0.0094509732300275,0.0821190632820017,0.0973979547772798,0.0795185033500305,0.00611418741115199,0.08230189300817,0.00892108209828998,0.0369627657323384,0.052966537958657,0.00913663638989507,0.00532831608914084,0.0439288538578976,0.048784422705988,0.132679058092757,0.0135542483210328,0.0973979547772798,0.0769876107142117,0.00422447207466793,0.00624021465065065,0.00642929775486171,0.00573154030398943,0.240710784645953,0.00667483619621802,0.00534993001978879,0.000506306756088258,0.000468886442180617,0.0063351036351762,0.0026123358923691,0.0023020171087266,0.0187238283870489,0.0223076829913781,0.0194814543859966,0.0209018545188966,0.0153645035299177,0.00162713938012627,0.0275418963773885,0.0200389310708374,0.0209197030063843,0.0396309097288274,0.00196325861917415,0.021810528308394,0.0362429096685238,0.0193055469834335,0.00987779581502896,0.00811464734739287,0.00405274253250275,0.0841002591203311,0.0555432969600411,0.0334919767222135,0.0326001272497548,0.0211651563765088,0.0265113838205732,0.0479818686394344,0.0548311635286352,0.00289197777978112,0.0113338527562886,0.0155202412275143,0.015510458149895,0.0130973631486221,0.000357700916936743,0.0299785467942882,0.0199332611975757,0.0017610715777752,0.00139672909482263,0.0144651323852885,0.00102884516767447,0.00160794698840361,0.0016735681826868,0.0413967799161579,0.0184142074645801,0.0199540425269623,0.000921093101706556,0.332601696961335,0.000822265445881275,0.000871537479623167,0.000777428677469798,0.060575921171748,0.0013703182189072,0.027813600690364,0.0030010901252013,0.00165245635658276,0.00147492323814782,0.00144067866940532,0.00139954474504854,0.00136949495623788,0.0168970785048411,0.00115542416214925,0.00171354843786636,0.0353094239045925,0.0192756517964266,0.00154058723471477,0.00159615415534081,0.00147337881353439,0.00162609833831549,0.00272201838539455,0.0940903071566844,0.198539011844347,0.351919692992166,0.295926357049529,0.221470306267135,0.00138169689007857,0.0672639786236661,0.056536702832549,0.00131542644057355,0.00162552454074628,0.0613036055665248,0.00152856811772953,0.0448373891410679,0.0357990055622934,0.0267308549461141,0.00239054549713668,0.00239054549713668,0.0120807158866436,0.00223519594917275,0.000578036920559759,0.027531556042816,0.0187995197947822,0.564023594059592,0.499749910942581,0.21354362989828,0.487336836624341,0.0845715875875181,0.247467296423695,0.999152399387205,0.999999999994907,0.761302697220475,0.720127224444596,0.991414690001936,0.000886936496184417,0.000997642580198302,0.0101288632490079,0.000643817320889762,0.0871427240514325,0.00635345876722259,0.00381560267266447,0.00414989363926201,0.00855298068099879,0.00084974766225676,0.00092411809054597,0.000909257314681767,0.000870687510887942,0.000807514214682742,0.000739645425477755,0.000882070446809911,0.00134325293563938,0.00121014174121785,0.00182179255306352,0.000855995199259269,0.000795842230478091,0.039640185378823,0.00157050495816155,0.0029499530565573,0.0335749585738232,0.00124239578511266,0.000960048178528667,0.0383185849723444,0.00280841214765486,0.0368227164580056,0.0485533220096856
"Yalarnnga",0.0409274856428636,0.00175590844464587,0.00316790187995127,0.00543273476972366,0.00843963209884255,0.00449034143767291,0.0162966187408769,0.0384707058803968,0.0205203266919376,0.00827454762307104,0.0390897344463196,0.029009721129364,0.0193310005113919,0.0201078151596112,0.0201078151596112,0.0101997213651698,0.0182846175658969,0.013565858191101,0.0188078497686419,0.00980560915296277,0.0111757476527197,0.012941112856789,0.100828409252497,0.126986941458365,0.0580650501008182,0.078755632958011,0.0129060500435636,0.0246723531427684,0.00943673005964487,0.0134637391504951,0.00911242819709824,0.0110858186317426,0.0188484204057182,0.012066366631568,0.0251590139669862,0.0204954603805424,0.00983475960833421,0.00634323277527329,0.00724877215798603,0.0123780674265777,0.0103054275367608,0.0125538860738557,0.010249355174905,0.0172430793461583,0.010608113803329,0.0251590139669862,0.00455681622986071,0.00677291629091196,0.0257669148217628,0.00697856762647771,0.00551279571532288,0.0708614136747749,0.125330442296394,0.0382253541736306,0.0125538860738557,0.00992314157126533,0.0122206205244056,0.00817289350232219,0.00842053820051109,0.00750667583268398,0.0106106333862944,0.0087421232171545,0.00700687568372859,0.000663116804260996,0.000614106913173272,0.0082971708884085,0.00736724474440336,0.0030149829330422,0.0245228512047954,0.0324028422373438,0.0255151242195323,0.0025896796073017,0.020123098017736,0.00458881803127863,0.0193282468868815,0.0262452589713475,0.0273988178843167,0.0519051383243581,0.00257130635889755,0.0317438516197599,0.0526443416227367,0.025284735915939,0.0143479114155956,0.0117868645484722,0.00530793169223934,0.0863700551454589,0.0389789628805224,0.0486657218503141,0.0473530478534373,0.0307434721827414,0.0385225285918741,0.0650203550811372,0.0585852914687793,0.0083512377808013,0.0164930438840008,0.0225437992899299,0.0225295889606538,0.0190244979348685,0.0033902091760195,0.0435450926326521,0.0289538953064111,0.00496653028570843,0.00403337012745979,0.00178696891246274,0.00297625979065128,0.00464330941025334,0.00496577757602733,0.0601305536425793,0.00207683250483931,0.029009625553888,0.00302780220023112,0.0390822672686901,0.00242803638305979,0.00253144973482987,0.00255555085127129,0.0821070881728558,0.00436068492599002,0.0404744041255467,0.00955019665498641,0.00547578112783024,0.00488748571196872,0.00477400872814187,0.00463770233444571,0.00453812568553214,0.00166418731117726,0.00382875456682208,0.00549367409096681,0.0485189568497198,0.00248449094446584,0.00443986834468936,0.00463615634181199,0.00427954562371285,0.005401800010092,0.00356506428396082,0.125879906651894,0.0565010029127259,0.134636350781203,0.0933092512725403,0.079600758628162,0.00398996124753512,0.0906023556103545,0.0768016657459333,0.00370973294792862,0.00458426390140199,0.0832772126398112,0.00433442291212885,0.00577921247336628,0.00164328240407397,0.0388276844360142,0.00674175698518985,0.00674175698518985,0.0175477449245081,0.00661114695621837,0.000757062770536681,0.0400048960859985,0.00242312100175538,0.200634758385699,0.184912323502017,0.289373528687789,0.447457521218547,0.114606545612538,0.0515068560568997,0.762878586275926,0.761302697220475,0.999999999991264,0.433076431320263,0.767316600184933,0.0011616327213881,0.002895490708793,0.0132659091503511,0.00211663187329991,0.00164194465444276,0.00832121085296907,0.00499734641142091,0.00543517181034654,0.0112019544433066,0.00111292600276013,0.00121032995825859,0.0011908665991756,0.00114035120564159,0.00105761228543085,0.00213673646698486,0.00115525959072817,0.00875703215717622,0.00791666415098437,0.00238602633933943,0.00112110848644573,0.00104232532989995,0.0519172867685471,0.00205691157861891,0.00386359340470201,0.00291825747219652,0.00162718255828867,0.00125738808030237,0.00456418983921818,0.00367821536252817,0.00419899682514572,0.0338138088206006
"Aranda",0.324697079930707,0.0993003332028976,0.0122026963549787,0.0190176215223047,0.0284224864323949,0.0151223023816551,0.0319197643891912,0.075351573668439,0.0691071245956694,0.0278665248433235,0.0765640488627801,0.0573072510783451,0.0651017832685448,0.0677178930161665,0.0677178930161665,0.0343500094223267,0.0615778375889352,0.0456862829879801,0.0648264150937471,0.0937181650993198,0.103938364446883,0.0256310431065626,0.0142520633914695,0.221654823122313,0.089805524605227,0.075743234774547,0.0434642207106153,0.0487389978669056,0.0325262795850679,0.0453423726122473,0.0306882887506288,0.0399905296563364,0.0634765789532637,0.0406363853137877,0.0492783080258994,0.0401439265898218,0.0463593752533514,0.0229483120096097,0.0255859969458786,0.0416861125428304,0.0355204838101755,0.0422782240304368,0.0345171631877135,0.0812809278283688,0.0357253689636973,0.0492783080258994,0.0159514149096813,0.0229672403279083,0.0504689876610603,0.0246322557925767,0.0190013631414656,0.0681113450060006,0.218763415356018,0.0748710096448715,0.0422782240304368,0.0334185605928348,0.0244573859619178,0.0288478688020579,0.0297219804934566,0.0264963197549532,0.278696069520591,0.00861669694518205,0.00706076469852543,0.00239435446319752,0.0061903895482401,0.00821376696863559,0.0107607011979743,0.0101536785613704,0.0241710133585351,0.0311453166447593,0.110518530024531,0.00902605969072717,0.01983438495547,0.00898799884267767,0.0298937716983989,0.0391965088213278,0.0425821879911269,0.0162581606383331,0.00896202163893833,0.0263441977210411,0.0506012613766317,0.0186305986872798,0.0114618231441967,0.0102516422603711,0.00776920243008299,0.125692342826245,0.0384197181893713,0.0468124790357655,0.0455153180294703,0.02955208711481,0.0566043491425847,0.0930580560817321,0.0656310705471221,0.166952836839185,0.0243973665872758,0.0330720517768186,0.0330512050357906,0.0279093933735444,0.0241929701022526,0.0418551461762656,0.0358950955056211,0.00972781403747227,0.00800001230768228,0.0174186956396911,0.00595645157929857,0.00920980005715675,0.0100683033104523,0.0577969401421364,0.00794113744504917,0.0280206355393493,0.00638619216538304,0.310058090788824,0.00487131767677865,0.00503621669735765,0.00539012714350271,0.117923547037708,0.00906678469837611,0.0390558102180654,0.0161455582306482,0.0115892888915733,0.0103441833314968,0.0101040134785726,0.00333272503819075,0.00960477571475134,0.00710360980521849,0.0081034178930704,0.0114607650393805,0.0828859233980403,0.00836711948258856,0.00879705000537297,0.00922344522941302,0.00851398265220199,0.0283726973551144,0.0236529878285808,0.177344459542583,0.207759546464281,0.392817770403896,0.333561545644361,0.230651082159846,0.00791391270296306,0.100562280678817,0.00370689969990406,0.00726615769362345,0.00897907878662364,0.101655619585861,0.00851471652032364,0.0194628848971165,0.0142034693345862,0.0337704339436928,0.0132049045238936,0.0132049045238936,0.0168667324943728,0.00476037082598249,0.00949469098350222,0.0348115679127512,0.0081604414729774,0.423399426119221,0.373194147970528,0.0723428373374061,0.169773854211459,0.0286041151858777,0.421909002039431,0.72115358019982,0.720127224444596,0.433076431320263,0.999999999995256,0.725348860650783,0.00330897352639645,0.0102589795466101,0.0172037230882636,0.00807186788173103,0.0946361226398312,0.00578855518830424,0.00833188941770683,0.00380107815592873,0.00784687807472189,0.000779595622706775,0.000848389787144031,0.00415064202441535,0.000797093919216559,0.000740848813126762,0.00238196734611707,0.00402710685381238,0.00624154118305846,0.00564240572995373,0.00674173748132786,0.0108560547112953,0.000718054682411898,0.00147130073325383,0.00144084984896632,0.00590180942091323,0.00199431604223424,0.00586983194606677,0.00578870571631575,0.0164646721351358,0.0025706207622251,0.00292676476630041,0.02491341574274
"Nhanda",0.328513803263466,0.0979267123432129,0.0024307837002673,0.00990976865298068,0.00647586980898291,0.00796270855528733,0.0201182162347067,0.0474921817780952,0.0363886317281858,0.0146732296561633,0.0482563740773078,0.0359986613266801,0.0342796032980367,0.0356571263063156,0.0356571263063156,0.0180871342867077,0.0324240556636145,0.0240562942881389,0.0339202927131904,0.0176845911036416,0.0198179186776141,0.0160842860732723,0.0816518994994707,0.102828712505717,0.0500777064124237,0.0672023119407307,0.0228862585449192,0.0306163468775401,0.0170193110756191,0.023875206909909,0.0161590406814029,0.020674184586139,0.0334238454921994,0.0213972505526884,0.0310588651111975,0.0253016966477842,0.0121410351166933,0.0117662019264962,0.0132049168029664,0.0219499886064876,0.0185860224788617,0.0222617672688265,0.0181751497676908,0.0212866241981969,0.0188113353316448,0.0310588651111975,0.00831201900076024,0.0120707379632053,0.0318093202234069,0.0127126915983926,0.00994242545692209,0.0604510102953171,0.101487348786448,0.0471892944878621,0.0222617672688265,0.0175966761953266,0.0152106974293539,0.0148883668000041,0.0153394952897722,0.0136747338276103,0.251223666818627,0.00753956948505386,0.0061020663844491,0.000508820531774752,0.00114526135599024,0.00715926360139505,0.00565300919005936,0.0053464598913426,0.0188167908134658,0.0248632387421093,0.0195781783695973,0.00198710415186064,0.0154407871562845,0.00352107625065768,0.0148308846888982,0.0227930570836718,0.0236437512282599,0.0413967414252214,0.00197300605336066,0.0243575843018665,0.0403948772333492,0.0194013975997597,0.011009390607254,0.00904425683224192,0.00407286410014765,0.0662731770725814,0.0336170735407877,0.0373420162361041,0.0363347796876556,0.0262270376951012,0.0295589756699202,0.0498911978040856,0.0464059871223985,0.00640804338136378,0.0126553863598718,0.0192318410301729,0.0192197183710723,0.0145978130757255,0.0051499257524613,0.0371477889944934,0.0222168045088189,0.00381090113357792,0.00501742586430207,0.00137117091055834,0.00370447532154189,0.00577617724005916,0.00622992695839676,0.0461391719887614,0.00159358805678063,0.0247678497685609,0.00232328289033233,0.313702736899835,0.00304161428617787,0.00315488029005977,0.00330190982043488,0.0630021317484244,0.00334602593191677,0.0310566821684214,0.00732802442847956,0.0042016577584014,0.00375024891999315,0.00366317614656295,0.00355858598796743,0.00348217917226445,0.0012769585496943,0.0029378669371809,0.00421538732604252,0.0372294010147551,0.00190639114471437,0.00340678468354434,0.00577792166409066,0.00328376639835105,0.00414489081865998,0.00273553300583574,0.0965897420045538,0.186631838279578,0.356535479600213,0.299982735369022,0.21079370087892,0.00306156349935346,0.0695206914762711,0.0589311930492175,0.00457967452057337,0.00565928515058323,0.0665055340595972,0.00332587465272609,0.00443448566686013,0.00622897687510521,0.0297931268147749,0.00517306204919662,0.00517306204919662,0.0134646759764925,0.0050728428058155,0.00399814384128128,0.0341388272060724,0.00429691296284613,0.547689683891377,0.507657925109739,0.230495732561126,0.492487647917433,0.0879395049391775,0.25259787921108,0.992278706678777,0.991414690001936,0.767316600184933,0.725348860650783,0.999999999994857,0.00218804385963363,0.003607693582896,0.0114461987961497,0.00273490220747581,0.0893722448134729,0.0162967532540829,0.00998373717945578,0.0100622139621815,0.00859544559900311,0.00202361773541159,0.00220308958920961,0.0021653360282935,0.00212295474816968,0.00192304157929557,0.00265838802956065,0.00210081001632104,0.00671941614263245,0.0115976272972504,0.00183083761866976,0.000860245152264588,0.00224430623872422,0.0420444334303257,0.00374005346298582,0.00296459935582278,0.00674742830052169,0.00303456818865872,0.00282399347579958,0.00851185702708932,0.00282235570675114,0.0032219599680922,0.0259458968237684
"Eyak",0.0671800236644137,0.0663789734181557,0.11278814079968,0.0345418215719604,0.0153058916103882,0.0131262352210058,0.0426218498188119,0.0443607706583397,0.0509510298957722,0.0502422011301281,0.0450745757112047,0.0767098256819838,0.0479979875445213,0.0499267826831346,0.0499267826831346,0.0619316578555873,0.0528251941776323,0.0819070258292032,0.047813447028533,0.0249278880668226,0.0629377401607486,0.0150716184479967,0.0743054485143646,0.015661082474717,0.115175802327496,0.0992081901062204,0.0320451302491114,0.0337812857697573,0.0282695581282541,0.0393574095643689,0.0226257412201375,0.0348422763829339,0.0550979927094581,0.0352725887038497,0.0341550294708405,0.0577939405634435,0.0277324588812196,0.041538473360193,0.0461305028846102,0.0307341736300201,0.0642952156950205,0.0366977130431285,0.0299610728400357,0.0198830843053359,0.0644113746876278,0.0341550294708405,0.0139003180116128,0.0642049660026622,0.0297119632408987,0.0181607729827838,0.0165146505132,0.0176613069399938,0.0154567892639566,0.0518934525836462,0.0366977130431285,0.0246387053402562,0.0840800215157495,0.0520115240302785,0.02579882992327,0.098736333010002,0.0144046382932405,0.34985925232008,0.0998595962108222,0.114995105481411,0.1230823798534,0.138712620347698,0.0159418063675991,0.00748606432335589,0.0761395243761171,0.0493328100176337,0.0624316528372157,0.141309462707809,0.133370268555488,0.0361827011761442,0.0257395815151713,0.121563408359493,0.187770593411438,0.0966702188743068,0.124747795628616,0.0977807493507144,0.0632132886559727,0.0305697072262497,0.447721762216718,0.390608737677467,0.116186111185359,0.182398163042625,0.125113382746307,0.0475413084694652,0.121631873810552,0.0386715271564767,0.0447793573517967,0.00336024509107058,0.068654121686156,0.179220267240178,0.253149827273966,0.210571062129743,0.211284029374098,0.292462460801928,0.20587271154346,0.104521946215133,0.0628964479520349,0.0694865213031469,0.34527441203168,0.285420630736858,0.381366401190286,0.383148691402506,0.418864385122697,0.154452400518406,0.00537574528522628,0.0767370164417274,0.591235792014954,0.15951105798566,0.512701544485598,0.519047088519844,0.496787518498547,0.179303680236541,0.192832356651956,0.261937231682936,0.0105013209361848,0.103428563409443,0.0911882678515249,0.193667035503926,0.166324060241348,0.0714575913256082,0.0670713890565525,0.132262025907313,0.0846045554854938,0.144868664435092,0.243110298721162,0.114610723033111,0.0944999586653294,0.314797273253244,0.16235158793711,0.145489387729786,0.190553503325166,0.0550734501510662,0.0555381769016022,0.0395974007890765,0.0564434702956412,0.0266252779765154,0.150757556159422,0.0150158420486196,0.0308410390063336,0.0381114931406333,0.164705024696276,0.0284826857194729,0.0981224944066198,0.233135384726896,0.0972734664763912,0.0943236451654631,0.0943236451654631,0.133869090640597,0.121074135242964,0.0782757681261186,0.0844588519459427,0.115214977039433,0.00143281121683066,0.00324161361413021,0.00949277383684124,0.00142011852131992,0.00148324104522378,0.00784286068879634,0.000886184728271252,0.000886936496184417,0.0011616327213881,0.00330897352639645,0.00218804385963363,0.999999999997723,0.658278139646565,0.48150575948579,0.484824113750445,0.314354271561331,0.129293000667084,0.115707606964023,0.131831055046969,0.105264663750537,0.498361030705924,0.497585730505086,0.63017543322004,0.61780707730025,0.538644972821778,0.464350849498837,0.358925606173854,0.206332737983717,0.229259435859975,0.334200433333394,0.9078665920377,0.453826818583051,0.194215963442734,0.505568952070149,0.12113843277564,0.0843208067274392,0.19605736156845,0.191935994742765,0.0143450627439414,0.0162158932542001,0.0194188029752219,0.0724393842069392
"Hare",0.0691589011255059,0.187216412607151,0.165351024559729,0.0888379139125583,0.142840644542269,0.241831789994015,0.138270992089199,0.0339254289123464,0.02605088840963,0.0772820846920196,0.034471319847486,0.0257161421679081,0.0245410194841433,0.025527198311612,0.025527198311612,0.0177482676944397,0.0311489151988989,0.0231102326788552,0.0242858313014436,0.0570366307287312,0.0632883136212436,0.0962371965679689,0.0591893830065907,0.0292639817735505,0.139623770292086,0.100953157457741,0.0163844403911,0.0273369144241074,0.0167591990224784,0.0735424590224904,0.0808197458902455,0.0204960912326769,0.0327976421125505,0.0209963681761209,0.0276845237588761,0.0225528337715005,0.0308885773440937,0.123922853698137,0.137405786882312,0.0157141578734815,0.0183019658302111,0.0218446879741214,0.017834634185283,0.0503881533699147,0.018458900667386,0.0276845237588761,0.074514598098762,0.153817902610999,0.0227225785714925,0.12884211972937,0.169611195454758,0.184362303102573,0.00920081145537224,0.042062488109036,0.0218446879741214,0.0125975895814199,0.224346581301998,0.0797891502424184,0.0493566654584238,0.0984717392671264,0.0333254073383574,0.348809367586794,0.101001919368249,0.14729080083582,0.137173015184583,0.147147474106368,0.0316605256970208,0.0669247058910085,0.166536746763151,0.165221278225621,0.114218338272235,0.183347711605608,0.0395735510435672,0.104001825074734,0.12850637762778,0.231667170073767,0.327501025312053,0.110012364771219,0.165417103466883,0.240742861367898,0.0641746592960484,0.0509255647876241,0.525596903176483,0.425165048690278,0.235401794991781,0.0693632726635193,0.165341974327162,0.178444093720227,0.294398509452929,0.084049283244489,0.130538615054035,0.0165170700661575,0.121591822836618,0.175248917078978,0.162546911354972,0.311771951682615,0.312479323806717,0.380304498035191,0.317370829405734,0.0964170390993838,0.251087140199508,0.0900555113905023,0.478139389143353,0.103317886712406,0.298733521640569,0.40785379901327,0.445812184363236,0.229541614027643,0.0539523664265356,0.133547519279202,0.52759549479754,0.167962834810724,0.387020966612881,0.543803411221407,0.450090796503233,0.298368711607687,0.304979654421101,0.277313325925423,0.00754528817041224,0.227450111336428,0.2018078034977,0.30049102394972,0.0582194926304391,0.106282621151902,0.137618851261261,0.171018724124829,0.251263674477468,0.143541855136708,0.150347318342898,0.102224662603557,0.190869743930837,0.072078597439244,0.21202684395001,0.0787688635689223,0.00379845710097322,0.113772137688251,0.0460038586528877,0.0401151432384142,0.060060989739451,0.0862466573427465,0.235972635710664,0.101694033081669,0.0798276903675127,0.0986462379963634,0.255210090497306,0.092252152189639,0.176860676785255,0.24234202001231,0.220625963002479,0.238248126780456,0.238248126780456,0.245829614561074,0.220795361854542,0.191817950926441,0.270996515991216,0.227982476310746,0.040917624347156,0.0271554110974177,0.0156518888340577,0.00352275685993467,0.00376776337805457,0.00494334976976648,0.0022089078585163,0.000997642580198302,0.002895490708793,0.0102589795466101,0.003607693582896,0.658278139646565,0.999999999997399,0.611893649659417,0.510556315309731,0.376186429961285,0.138444099464121,0.123640654834824,0.141053831921941,0.0734254421308462,0.308227624972189,0.283040143991003,0.485234630430444,0.416701825219047,0.401986642032899,0.243495670564714,0.439526113865121,0.2245064645009,0.248632505770574,0.3636615827599,0.606848115305609,0.31998076817467,0.224313385519734,0.540414678528945,0.256611976428602,0.0902387613764516,0.123641428012431,0.115716719967849,0.00843853345020143,0.0188672408569171,0.022593836006635,0.155338851448661
"Slave",0.129431146466058,0.172376011439173,0.127250522562771,0.0065117980410692,0.00751379203785059,0.120772043286915,0.0116882371989711,0.0275919037378034,0.0239060557877654,0.0127789608630893,0.0257851143153334,0.0174053060496699,0.0298542120049445,0.0259185421972785,0.0259185421972785,0.0157521409118413,0.0276278157445506,0.0204978326271595,0.029636979024219,0.0534403914967743,0.0579082330510041,0.00776986204063987,0.0277003879467503,0.00624143737679802,0.119146732090666,0.0759379579098533,0.0150354698036201,0.0148029639960663,0.0123877241976342,0.0173544708130282,0.0106159234259714,0.013587469181481,0.0242952093879319,0.0140572437357443,0.0136118609865662,0.0110887238236225,0.0236661551029137,0.00858293756039614,0.0115592435164622,0.0144203732661124,0.0135280752185783,0.014625200920832,0.01582879386509,0.0414933772163226,0.0136736310264502,0.0136118609865662,0.00546190238559747,0.00793036399147463,0.0139407555108057,0.0111283622705184,0.153347624860394,0.19136047148782,0.00616002006202909,0.0206811844002296,0.014625200920832,0.0115603995759681,0.0761917988587899,0.0108452258346017,0.0134277984571984,0.011970509219769,0.0274026396351535,0.300606879547918,0.088730145406664,0.149351657032604,0.141279629856928,0.113494193592729,0.00304607774796211,0.0413934261413311,0.149540790480443,0.163716603737421,0.084672330064148,0.0824888956155044,0.0207346746504103,0.0528863416964847,0.159286703838007,0.090759905645087,0.211132051285307,0.0744442148577701,0.0678560296834587,0.205313606827367,0.0489104603282199,0.038275633715529,0.435090565046071,0.379958391404078,0.178353541120913,0.0768076571626133,0.14526535237493,0.0726569365067889,0.260366026537129,0.0954060259805796,0.137022767694231,0.0106393299711768,0.0832671558854359,0.132708753365775,0.161085052935984,0.22128331352173,0.221143829102621,0.255383878730104,0.159415661193863,0.0816709939839348,0.317369847682858,0.0502720669341532,0.407332065039335,0.0833190927784089,0.263290046215117,0.357573189860486,0.39084977050593,0.198704040923062,0.00111643754836446,0.0983901409162032,0.421735860252162,0.16889038554026,0.308922976154135,0.496405171134118,0.525894346965989,0.183300614936504,0.185305900612364,0.135652906409071,0.00386815170058077,0.206153422313329,0.184005146025359,0.179732939371427,0.0524577732903742,0.0806231276483465,0.0751053005790596,0.143255508415363,0.167954737463561,0.117523625393402,0.0844247449717304,0.141661820123411,0.159152588000498,0.0580512291226512,0.175336803475006,0.07202748848793,0.0349258839907097,0.0923183453438104,0.0350096430969752,0.0176090653192923,0.0507418994742976,0.125106534916398,0.323146834774378,0.158068056587566,0.115134296409433,0.142276009149974,0.150328846517724,0.133823893861131,0.142703929865956,0.0661582160853291,0.286370733157977,0.294418517282486,0.294418517282486,0.222132388493111,0.199868888488414,0.151604642193595,0.17190017943123,0.132179905689481,0.0288703282338762,0.0169576828564368,0.0496590486452109,0.0169904888605585,0.0174567391482733,0.0230654392686221,0.0101202780183626,0.0101288632490079,0.0132659091503511,0.0172037230882636,0.0114461987961497,0.48150575948579,0.611893649659417,0.999999999997826,0.831307358733245,0.308124981198435,0.127832772639498,0.200269272980992,0.215055579879119,0.0716178886299206,0.281792182123904,0.346388299172759,0.396115778436318,0.380893063365928,0.327477234701108,0.211737231794575,0.443159972502688,0.201474824436992,0.223890371102326,0.178296018033017,0.44149157509175,0.26864545710387,0.188891321049759,0.493956771164976,0.116677171062736,0.144752823649114,0.0454802111570237,0.0476373052018218,0.00748340759811157,0.0023808913859324,0.00285115719523195,0.0849279272879075
"Chipewyan",0.100270451477215,0.112579927249128,0.112653224772525,0.00737791810014291,0.00587272519161346,0.0192949739024715,0.0134235327115604,0.0316883389765607,0.0192207069567377,0.0383076831076388,0.0302250631872798,0.0209914279769193,0.0245359158042113,0.0210198996820076,0.0210198996820076,0.016792683418529,0.0295684360489693,0.0219376319424593,0.0243419319725613,0.0459944184204215,0.0498201803193765,0.00937955999180462,0.0239234598039984,0.0230210850671492,0.0809928242000165,0.0437452334878973,0.0120886674747782,0.0222334659324199,0.0137029671289562,0.0593170314638488,0.0357194480801606,0.01544949529759,0.026811763877195,0.0158528039925408,0.0212440017987563,0.0173061471232572,0.0243869832082541,0.0095302452345166,0.0123557537235403,0.0115941237322842,0.0149643927391978,0.0164933075009547,0.0168743998521368,0.0397371617647235,0.0150899776400583,0.0212440017987563,0.00618837811273533,0.00895083931538146,0.0172443765561978,0.00913675418671689,0.00800506722113109,0.0109851123601401,0.00694685191984078,0.0322770794554146,0.0164933075009547,0.00929467640018202,0.0865281909633343,0.0375669647503431,0.0143530647615683,0.0127953584206616,0.0279497675628439,0.372324194615401,0.077189651331996,0.133304194442139,0.12405090155901,0.096426816253274,0.0156036265492841,0.0450272540193045,0.0688820117107842,0.0707946065876084,0.0710920918743095,0.0731064697322801,0.107732809657084,0.0536155982247192,0.137973816607953,0.0761635629114001,0.123962796231985,0.0280678228077939,0.0592596370624213,0.0913965452351707,0.0276573392127521,0.0198323141805305,0.380929791942323,0.332307388669468,0.171741635792627,0.181743135697185,0.112991160011219,0.0604281266057627,0.123489829928456,0.0825700248344318,0.117536471951507,0.00784477779935475,0.0716802340103621,0.119494483824614,0.297977370031402,0.143390515626336,0.14402456876352,0.181184060381446,0.148589472653906,0.0576079776042901,0.214169412531241,0.0527905362809182,0.315506683661847,0.344570928954724,0.36852234672581,0.315225207138715,0.344561057419371,0.156811698073259,0.00885950072656343,0.0852383032394556,0.335487019615625,0.135457991101954,0.384610113182742,0.408954209180796,0.432138677605892,0.105737441240143,0.120861054928736,0.107320610668473,0.00768621689654791,0.118486749507542,0.104790454056149,0.102357443432491,0.0472143934602136,0.0727771178862537,0.0733489530207547,0.0813101718493813,0.0861668521714639,0.0602938685080142,0.0747389197155444,0.132129010436451,0.0914909985722982,0.0578251251777414,0.155142534569246,0.0628422282858379,0.0324484120038355,0.0816238316297501,0.0199736807532537,0.0169116762818877,0.0381468419045601,0.111183105858052,0.275923585974199,0.140476254738395,0.102307133557921,0.126424976085606,0.133852053875536,0.118930410339875,0.124614386037424,0.0594430753822502,0.239825202938972,0.26060145747497,0.26060145747497,0.15534879875463,0.177763438254863,0.14432101742204,0.149303279097248,0.116586252206327,0.0228652271317585,0.0126133769431746,0.0118653051707269,0.00326498558172242,0.00275053619948849,0.0036056237666856,0.00161473313118182,0.000643817320889762,0.00211663187329991,0.00807186788173103,0.00273490220747581,0.484824113750445,0.510556315309731,0.831307358733245,0.999999999998329,0.448710680800069,0.111232559391826,0.17735743413542,0.188035994369909,0.0617943351996507,0.415601489898194,0.487801872171173,0.467940994859253,0.514230832443141,0.447690847723229,0.336365978279484,0.3884007957479,0.18146127464962,0.200652398626938,0.283697938119583,0.560779467263506,0.236053524990545,0.172782313314745,0.433663196311467,0.103516142772124,0.128589501730046,0.126236867007054,0.13182272476385,0.00801701956890941,0.0152333161216036,0.0182421504500304,0.0714882584621948
"Yurok",0.0284168837105592,0.213082411477652,0.032501432887821,0.261209509986374,0.00588849723306025,0.0542806844626789,0.0453224821251409,0.0290376632111257,0.0333515136102041,0.136128716048879,0.0295049055609685,0.0817866185528361,0.0314185118167285,0.032681062101728,0.032681062101728,0.0673033530534968,0.0400072317316436,0.0888727336837097,0.0314865486683933,0.073947917493108,0.130584401207148,0.119779577123093,0.057091298435367,0.037830164568309,0.0401990769113632,0.0649688279804802,0.0209760941012545,0.0259646515541537,0.0217282797165785,0.0950698831449127,0.10459466377755,0.0263235691107151,0.0421331701672727,0.0269727790256011,0.0261181868522615,0.0628067473208314,0.0561541597573933,0.0450296898055347,0.0498850285401542,0.0201179684144271,0.0700436938680184,0.0280625647572292,0.022911088377163,0.0586289063622153,0.0699981502411883,0.0261181868522615,0.19820878399365,0.137949773602289,0.0194488501694196,0.011650225621506,0.0126933340855687,0.0135055165187162,0.0118197324490223,0.0396826737374114,0.0280625647572292,0.0161279981617699,0.0663733043061393,0.140644520879883,0.063808741664141,0.0912118447812226,0.0390839115176467,0.27706787359292,0.0533975850359934,0.0480159471731724,0.0456197603943862,0.0633729976975841,0.0531137465980283,0.0346067062865938,0.0289322986791838,0.00192759714877939,0.0436357646931072,0.0236022426301585,0.183027189121359,0.115275555214617,0.0831547950476698,0.147531523774091,0.076898558763876,0.051008329406468,0.0018742838627664,0.158915295599325,0.0391571035126151,0.189018877440858,0.387320510110988,0.309609169033902,0.0953659801991774,0.204824040772362,0.051655266931872,0.225174307791056,0.0352214148620522,0.0379490305651469,0.136976384988699,0.0599156866573858,0.0740234767693936,0.0517859441987178,0.176076165455578,0.0884025163911289,0.089518691726946,0.0801757617442882,0.220553620766427,0.0222334766000413,0.0463689919559432,0.042847307127846,0.283007680852427,0.166585499874698,0.521233601684351,0.590756639320574,0.645746689030252,0.0447253824566389,0.121012702661123,0.146219425586975,0.422391437767484,0.0271357066449264,0.53885738368429,0.366541069698274,0.35774681529281,0.0321982762519419,0.0298426203348222,0.030129671676437,0.00570596459155328,0.0246363517631561,0.0204259423082355,0.0308745561136378,0.0299930329241174,0.0204177008036166,0.0700563229554089,0.0160012580093569,0.0241742055459715,0.0169155114031004,0.0216742495685572,0.0574439355867618,0.0212879258518117,0.0112398079513729,0.0510601183251172,0.0227945645243384,0.00300342359820559,0.0157493577718426,0.0419786012302187,0.023320930183352,0.0164569291918112,0.016492873380697,0.0137644112080957,0.032846325286291,0.024144747544368,0.0298366206219666,0.00578973264830001,0.0176289599284066,0.0583009227774306,0.00870800702144482,0.0455225622296838,0.0273136648609915,0.0273136648609915,0.0186672764279574,0.0416125428105035,0.0792083914577904,0.175432219396484,0.00541656899111723,0.18919495264745,0.160683443154873,0.013261655314647,0.139506499385029,0.0728746006964472,0.199188457783107,0.0870688618255693,0.0871427240514325,0.00164194465444276,0.0946361226398312,0.0893722448134729,0.314354271561331,0.376186429961285,0.308124981198435,0.448710680800069,0.999999999995627,0.0154318000541353,0.0583914822656349,0.0526749190355021,0.146016461979229,0.43015022709262,0.398687169176352,0.572945196967457,0.571346759685867,0.474352885575007,0.405939377387735,0.361121522016899,0.050069178148498,0.00941598114541887,0.221342587882766,0.48015240582465,0.370751844209919,0.422902310427148,0.577000509227559,0.332697093399479,0.137491142178278,0.142735016929541,0.148330213955652,0.0108377893105881,0.0418889752695152,0.0501627474256796,0.0600831166560166
"Blackfoot",0.337542993000769,0.00704085494236543,0.0169810784379946,0.049080697120563,0.0382069811316682,0.0389483674430329,0.0729863645943696,0.172295677400617,0.177989410162577,0.0797973108181758,0.157460941629648,0.131707437023287,0.186422500217605,0.193913872886709,0.193913872886709,0.0983631218400591,0.171556547626047,0.127282497901453,0.186826198523418,0.0974031962696481,0.0969363091963652,0.0587883596552147,0.0410736706808995,0.0464698052796264,0.551935471693285,0.0649171011205704,0.11194462298014,0.112015292506377,0.0937389667289623,0.129840352204313,0.0790394687416669,0.104914214363277,0.181768639193448,0.104661368797037,0.101345329818313,0.0825596422345895,0.0396162964720948,0.0649076890256241,0.0719063785132773,0.107365002198282,0.102368100272206,0.108890019698881,0.098841775746286,0.0694584281314588,0.102301538754672,0.101345329818313,0.0411674279518164,0.0590331941576389,0.103794070961253,0.0692260032864457,0.0547608939640097,0.0524049021390179,0.0458636233162326,0.153979052239318,0.108890019698881,0.0860714423280211,0.581892417885308,0.0810734785026333,0.0835300646685272,0.0744647316863591,0.0475209961798578,0.00797196639513162,0.00457973770230671,0.069809646201379,0.0680048351666441,0.0798353446624376,0.0154890412806998,0.0290756112831315,0.010497713393942,0.0125070395692823,0.234059357240323,0.012248018331063,0.0086142722077916,0.205387922674485,0.0082740132675583,0.0189636299510035,0.0245488198375349,0.0150416698044455,0.0121611211401461,0.00921530782836704,0.0203199725178474,0.00747888180329806,0.116713754697857,0.0968555110383918,0.0188813419797553,0.250137459258363,0.0355450243004956,0.0146651598665877,0.0182776078370965,0.0252727907589289,0.0139440000631935,0.00805583337666712,0.0139244091382125,0.381369256583607,0.136720116564337,0.195082563334121,0.19495959437821,0.156330092536575,0.246897704328128,0.0358043194748158,0.0111757947537659,0.0104417316496081,0.0184303282001817,0.180169995009854,0.143086235421138,0.021217422071703,0.0227645114148516,0.0232095446505616,0.00794978603218142,0.0209966626092293,0.00595807376359874,0.322324845026262,0.0101215360159861,0.122277628637343,0.132994466654135,0.00896605180328801,0.212753436957974,0.0132366438158684,0.0183823065436274,0.010718977831503,0.00956737491428948,0.00934524089439284,0.00671968580119805,0.00888349396815807,0.00826291016092404,0.191905880934111,0.0105179036179025,0.00735973383897427,0.0112475161868375,0.202330726201152,0.223942113352349,0.00914367259780453,0.27068011945073,0.0126816247512891,0.0103966998048521,0.00691904782093768,0.0122286188576772,0.0110289803208354,0.00722989989264185,0.00855872124805551,0.00983636281990347,0.0108136672113168,0.0166144846244707,0.0205311765491305,0.0249777508026681,0.00907594691788739,0.551378473507268,0.0363741751394426,0.0117760931728517,0.0141740034261361,0.0141740034261361,0.144194055614773,0.0144599833180798,0.334463616327564,0.0295640289453098,0.0233678683774043,0.0102637641210877,0.0241438383336718,0.0707030584523912,0.010051001027271,0.0109803675953509,0.013719913915226,0.00634807357171056,0.00635345876722259,0.00832121085296907,0.00578855518830424,0.0162967532540829,0.129293000667084,0.138444099464121,0.127832772639498,0.111232559391826,0.0154318000541353,0.999999999866944,0.619053972445699,0.0549507690330725,0.0529801999313378,0.116878823882369,0.012207942237197,0.124739201569392,0.0119207612116217,0.111069810336183,0.00878191085189455,0.0116405062057802,0.570964869378102,0.543252362809731,0.00884464803209336,0.11174532609977,0.143211925004803,0.0190330691012798,0.0207233614064086,0.0148068490667494,0.447105742815598,0.0171213082726553,0.0164281541446322,0.0480246674545519,0.018168247316326,0.0217567795684753,0.0109799886337824
"Arapaho",0.554533721933067,0.202865768108693,0.127088812410898,0.0560104243029158,0.0547331479167019,0.0444821746630339,0.0731064273607391,0.172579104263184,0.160436037720146,0.0972041280113127,0.164432700984642,0.114031990907002,0.186729165743911,0.169310099139886,0.169310099139886,0.119819845919544,0.211833723915957,0.157165237306534,0.185765505603641,0.0843314594996411,0.087376419438265,0.0509502640834199,0.143653444046101,0.0530722628628292,0.355799224510617,0.241098934838403,0.100904608526448,0.121233092598649,0.101452797909684,0.141475733699711,0.0712445711016965,0.119820488367068,0.198057469481716,0.119531718352308,0.115744534582119,0.09428976532746,0.0452450034459705,0.0715781359078937,0.0892491811023192,0.0967766314077589,0.110792027603535,0.124361178490768,0.120402912380053,0.062608415774777,0.111469084980147,0.115744534582119,0.0469798768621,0.0675428005200085,0.0935578665490631,0.0706518369226142,0.0592671980760449,0.0598506218155369,0.0523799542053854,0.175856487608664,0.124361178490768,0.0775830492083901,0.382967600312073,0.0900101421569252,0.103676336136998,0.0924245729159275,0.0578871261255661,0.0289645892388615,0.0253037823499337,0.0474850949441482,0.0460522148431138,0.0541592806189636,0.0293319220009397,0.0291234407413368,0.0738888188336577,0.0179168734731114,0.216174588195964,0.0918569652497955,0.0606320990732399,0.135256743950599,0.0620529565393838,0.0217602938947823,0.093471196858568,0.0150664133913292,0.0174213304077358,0.0813439597022143,0.15239453101829,0.070710631320511,0.108990710279945,0.0892884453642798,0.159360245594859,0.164726230436944,0.136841176819986,0.0189497984202005,0.137077324884059,0.0973179884844788,0.32904287050663,0.0119408385123874,0.117291758361662,0.359835393083662,0.126363814688191,0.176876318246109,0.180775275510279,0.144117436127604,0.15916942981222,0.0358632176760933,0.0776375123491087,0.0783102829664471,0.070953047569961,0.118870530350661,0.132910481048216,0.0816827970297822,0.0892969630868265,0.174065573616075,0.0159747454819871,0.0877499176388684,0.0528829196421707,0.297142454843015,0.0387842529475161,0.113425416564456,0.124023825854672,0.0774458631383933,0.19852524087785,0.117486355326814,0.0272985078545148,0.0961460685724705,0.0804656744515267,0.0785974332787945,0.0688038051083692,0.0796823198675966,0.0719860195155285,0.177442612738551,0.0943424922023014,0.0660146410858531,0.0843534582977719,0.283470958139542,0.207729964806399,0.0106884961049143,0.250749700942748,0.00763448556376381,0.179266783409472,0.0614123732658278,0.108539285354564,0.0917877270676741,0.0641714470505718,0.06418819265384,0.018473894769154,0.075121836089063,0.0639624159214754,0.0790408901315707,0.0304263447162864,0.0686660293226348,0.36332017397158,0.0510342842176571,0.110406164071708,0.106301354633498,0.106301354633498,0.132928554282705,0.10045255466518,0.313291033631488,0.0335840275704269,0.0284652859319565,0.00616395686933498,0.0147910281679825,0.0433141953118132,0.00993478040768241,0.00635907053638404,0.0197480721604905,0.00381236856552039,0.00381560267266447,0.00499734641142091,0.00833188941770683,0.00998373717945578,0.115707606964023,0.123640654834824,0.200269272980992,0.17735743413542,0.0583914822656349,0.619053972445699,0.999999999948788,0.59614883337982,0.343616676442744,0.0724348934550829,0.0981611774281153,0.114591705089266,0.0428376430624676,0.0991830997840854,0.0331997444374533,0.0422964524513263,0.528007619054868,0.354941080334435,0.0143211501256709,0.104351046657728,0.0916504432998158,0.0162457935873949,0.0744029131319731,0.134575430362176,0.71125661665465,0.0186555998078019,0.0208453914210443,0.0585006671905395,0.0193878409733569,0.0232172633399067,0.0962364624644095
"Shawnee",0.332054066086456,0.331215176310756,0.378599609306085,0.0293937096582362,0.0330577453869926,0.0233241266017411,0.0526629632154758,0.124319124155225,0.106588486483745,0.0575773689740936,0.115853547985564,0.0788139690993867,0.134512265773087,0.116038413103986,0.116038413103986,0.0709734413556017,0.127231145441517,0.0943962689056933,0.134803552359985,0.0582862492379276,0.0580500518126022,0.0351798961898378,0.128144576258993,0.0278283197130331,0.0285197273818733,0.202533016340291,0.0670377407400261,0.067030154117999,0.056093567637485,0.0776967021586185,0.0473325763450307,0.0604852527639942,0.108770683241709,0.0626761832779095,0.0606903821252078,0.0494406229104091,0.0237241141303067,0.0388457720672332,0.0520566639621793,0.0642952469738262,0.061257256794509,0.0652084996617557,0.0713188117984021,0.0415949955719411,0.0612174262617394,0.0606903821252078,0.0246545688137542,0.0353529089679635,0.0621568042678653,0.050116204779472,0.0327690182277447,0.0313825367350881,0.0274653092510658,0.0922099472836639,0.0652084996617557,0.0515436550877068,0.0363906272579572,0.0485206285097778,0.0604716382207313,0.0539087852090982,0.0342885481097038,0.0861106621735318,0.0211172250486272,0.00269523458532538,0.00453262988989762,0.0628390012109421,0.0134015503912063,0.0209793686251221,0.234499574852039,0.212205291301485,0.0684353858905602,0.0763849770177968,0.0537230568103832,0.00834739148978814,0.0516010260763134,0.0145075021361454,0.267885929939363,0.124548249577592,0.0105221410944043,0.272950168105142,0.126725858162435,0.0633059056566301,0.121552711930577,0.101628861027562,0.5274108773859,0.010166105540709,0.383946121675461,0.00887717940565536,0.408288082014621,0.0819787704337314,0.308431806840694,0.00739681719498655,0.10617606635512,0.400164355777172,0.143948899471245,0.200223377757728,0.2000971683247,0.164035034656334,0.00854036308216215,0.296467438518019,0.249646663044379,0.233249045831736,0.199078581963389,0.143659700259087,0.146966083464605,0.229183889352463,0.250291530495124,0.518458463182148,0.00481793460711982,0.254956980058246,0.159006907496042,0.338210046388994,0.119946287664897,0.125520439141004,0.137492075522236,0.238904492398603,0.221360081409765,0.353254740092175,0.0169006759194535,0.289021973163546,0.257970640408624,0.251981112885826,0.243384535157667,0.239530764557666,0.222162991038709,0.202088829672544,0.283600293327879,0.19844474254222,0.251248787710214,0.301096050531723,0.22988107247053,0.154036721845601,0.285276030024448,0.267545492305095,0.161892114986699,0.184653033929802,0.0900653294693329,0.0812298394337056,0.192948941058879,0.0533766122943735,0.166892271026671,0.0674396215850055,0.0538810221603846,0.0665829126589697,0.206821129656479,0.057052763418165,0.0193051217714519,0.0267196277076966,0.3328719977201,0.31662112049212,0.31662112049212,0.151300400792941,0.322390833701806,0.100113607070437,0.267142498232879,0.0168609739584643,0.00670399084999243,0.0149072924769295,0.043654664880905,0.0102374311008521,0.00717205530256009,0.00900923691467712,0.00414637618689149,0.00414989363926201,0.00543517181034654,0.00380107815592873,0.0100622139621815,0.131831055046969,0.141053831921941,0.215055579879119,0.188035994369909,0.0526749190355021,0.0549507690330725,0.59614883337982,0.999999999952987,0.330411928278173,0.00603938750943787,0.183987145145094,0.127403519802938,0.129198146900794,0.113147457359274,0.103711082317172,0.12574532228964,0.604216951953834,0.429889320901104,0.00846794244875937,0.116378292071511,0.00678526715268246,0.0113979029796732,0.223847202149516,0.111164215130805,0.427727192647051,0.00990161101548989,0.0116730559376677,0.0336875922485553,0.0101765512044003,0.0121865900142961,0.321986251347866
"Micmac",0.199146969421024,0.162606090622743,0.211328442644858,0.18896901888261,0.0698152796024186,0.0213169904231916,0.278963571738418,0.147794186824103,0.0974161126845811,0.30499591210817,0.129259052888938,0.469148035680069,0.159912089734041,0.118622355110273,0.118622355110273,0.375956905761241,0.14558453385514,0.495823240156374,0.157639236902454,0.0582186576226617,0.372538097045096,0.0350145802428523,0.353253410682376,0.0254335793550288,0.026065488575301,0.365882150972915,0.061268869855324,0.0669524226376761,0.0560285187643413,0.0794268514046997,0.0432594151902485,0.0527405184338219,0.111192787526772,0.0572826421940516,0.0554677273262505,0.317286806831309,0.152250274662709,0.23412005400314,0.278419811278646,0.0587623788583303,0.364639949305861,0.0595970424293085,0.0847858756026028,0.0380155766333642,0.365837033754601,0.0554677273262505,0.0216582739129999,0.0321597576312516,0.0568079578652262,0.058949438143399,0.0327310176558422,0.0286819415128316,0.0251018074231994,0.0842749054025997,0.0595970424293085,0.0471081134395441,0.0400566668590213,0.293587648805468,0.0711300688542959,0.288325694766962,0.040763222233216,0.0470045504492731,0.0379108728706032,0.0057082743814579,0.00528349956303903,0.00635092609365038,0.126111614964766,0.0249408829693054,0.198144087901258,0.0228540030820908,0.137832204030743,0.153838507953741,0.108197648610289,0.0785508385822261,0.103923901929937,0.0141270718121897,0.215703509138956,0.012902653106889,0.0222219093878329,0.144852408741692,0.255224491774682,0.126823427733216,0.0652477326679371,0.05714377692651,0.283106508988175,0.0214699911478175,0.31494914611132,0.138031789044291,0.229571824813639,0.149047496801733,0.177945791377959,0.0150357303887385,0.0119442736853395,0.338125138755798,0.0800185149357418,0.109294361735232,0.10922546878386,0.1386032265174,0.00245478943539114,0.136848860742218,0.210942857263912,0.13115104615387,0.108669461051512,0.0686361133390545,0.120378485993533,0.125102808609236,0.136252829080415,0.291518319355448,0.0103735103675736,0.131901881125236,0.0883889814307649,0.190168415245286,0.0957704787301143,0.102930494961128,0.0730671407526411,0.12860726693236,0.11923896548479,0.196367737437014,0.0359413850122551,0.160564753054072,0.14331433599713,0.211552620025954,0.202710779955605,0.133070152553568,0.119528544910822,0.112269467530145,0.157552765161235,0.110245012628746,0.141271923473634,0.0169913013493644,0.12540814775366,0.0119245263505792,0.239155689505662,0.0169244237336938,0.0189977978455839,0.102645185949099,0.274080171799153,0.163616694833677,0.107256726370315,0.107499913145647,0.017680147087719,0.135822659987334,0.147213790074967,0.181917909752133,0.0214257631091632,0.114904389935949,0.206361283907605,0.0255777574961269,0.184426342676298,0.178029415034064,0.178029415034064,0.127843642929099,0.27169584079938,0.278025500184892,0.0156430839313392,0.0200448157312508,0.0138170057378217,0.0127342572911398,0.0372911268352451,0.0208738465468472,0.0143313022667344,0.0185985082953492,0.00854573116937606,0.00855298068099879,0.0112019544433066,0.00784687807472189,0.00859544559900311,0.105264663750537,0.0734254421308462,0.0716178886299206,0.0617943351996507,0.146016461979229,0.0529801999313378,0.343616676442744,0.330411928278173,0.999999999812283,0.0055196735938851,0.0436773670860155,0.101537363630884,0.105783139817354,0.0905183672676249,0.0540147876567564,0.068638912944186,0.326251692244928,0.0267001260014663,0.0180870901828612,0.0959528469183013,0.00527715062423339,0.0104170669631203,0.122189713104868,0.223433595619373,0.232665476070904,0.00978655905616076,0.0129166151159254,0.0392682357135832,0.136849336356233,0.163879365650929,0.171412034506104
"Bella Coola",0.0396131094266638,0.000830866796834627,0.00157456139563204,0.00601124904504216,0.00398054490393866,0.00482910692535803,0.00813926507583042,0.0192140024749715,0.0220684447089542,0.00889880553309721,0.0195231732095845,0.0145042545539967,0.0207893920188454,0.021624812008561,0.021624812008561,0.0109692204402423,0.0191005923206164,0.0141712521933473,0.0205741968879443,0.010726507059417,0.0120188812221917,0.00647240396556672,0.00452322957928923,0.0057616704686384,0.0654168205770103,0.00714898247785462,0.0138797230701611,0.0123356611679119,0.0103229845309444,0.0144794859982082,0.00979989845418521,0.0125430273830138,0.0202704045514463,0.0129766912993227,0.0125655442384347,0.0102363556233043,0.00491192171097859,0.00713826645182861,0.00800999933902415,0.0133119077831402,0.0112732660968933,0.0135009907424195,0.0110225987807668,0.0086119701119376,0.0114084232890262,0.0125655442384347,0.00504205678561575,0.00732077264527209,0.0128691572931225,0.00771141937656415,0.00603053224278062,0.00649754771408746,0.00568651154132397,0.0190914627868292,0.0135009907424195,0.0106717745963714,0.0689679312849218,0.00903116695142786,0.00930481796784956,0.00829498667465407,0.00529942800566697,0.227767224979107,0.0812529423412371,0.0815868864132464,0.0905424058893841,0.0494938752054513,0.00161370572882025,0.00324244273266126,0.00109369068983006,0.00130302973809766,0.0274682740568803,0.0317081037728091,0.0977832279390151,0.0241037569269527,0.00086201736879462,0.0317551633671259,0.0320311883215718,0.0628111933041179,0.0314831412464013,0.0320864389418226,0.00211701005037645,0.0951330370237161,0.296015708007374,0.263624085564583,0.00250348121818864,0.161504922467611,0.00396389622230214,0.0018906227774928,0.00190422892815328,0.00281831537736669,0.00139502222679603,0.000832469883468032,0.0177939942357142,0.0447564381615211,0.190734098430305,0.222485529836838,0.22234528760892,0.0513477217420118,0.109271741576155,0.00399281220090172,0.00116433571912153,0.00108785830421592,0.174269841861011,0.211868718701652,0.3741557022542,0.261067698613833,0.285352629224399,0.00241805638502303,0.00103061920903035,0.00257360106556648,0.426811201885555,0.0754459272151374,0.559561005935436,0.36412495728344,0.404679441555576,0.0279242338999358,0.0499936332618972,0.0408096885909105,0.00186430924038164,0.0333836175279542,0.0297970188860093,0.0291051957218102,0.0962387236701118,0.000899393889097621,0.000835280850802621,0.0664782367853936,0.00106486685013983,0.0780192553114903,0.152946862514359,0.0696993122146763,0.0262885018482857,0.148341200830531,0.0636780068083907,0.0797354277009333,0.0513641680768571,0.000701720687560917,0.00124021036636087,0.00111854461108264,0.000733246893931521,0.000891679301437494,0.0254355399820677,0.00112660792956802,0.00185280764700387,0.00228958777670249,0.0319190530383183,0.00094446217747076,0.0653660638195883,0.059343224902544,0.00156139474158046,0.00147670021110313,0.00147670021110313,0.033751212146373,0.0373117195236213,0.0392563180951484,0.0036203051715227,0.0298617852352683,0.00137273411027188,0.0029980143094595,0.00877941518856072,0.00134619563349446,0.00142383001350091,0.00184778143847707,0.000849027415621832,0.00084974766225676,0.00111292600276013,0.000779595622706775,0.00202361773541159,0.498361030705924,0.308227624972189,0.281792182123904,0.415601489898194,0.43015022709262,0.116878823882369,0.0724348934550829,0.00603938750943787,0.0055196735938851,0.999999999998147,0.798591972849093,0.734393324200922,0.830625565794402,0.729336815348347,0.768817817931541,0.412373790980416,0.0667646033115774,0.125307869650387,0.163973363841031,0.571431145693228,0.723053048655268,0.260377499537449,0.388574907083423,0.0874189540041328,0.0527613932443472,0.379638864042008,0.11664067054585,0.00516414349138846,0.001738546323201,0.00208193825553193,0.00133936838831138
"Halkomelem",0.0526687519375974,0.0947196243888699,0.0629446330884434,0.0266739949418215,0.00538189384095084,0.00720040589058473,0.0332250495617226,0.0231464867558909,0.0240262037677568,0.039905802488045,0.0212551334683103,0.0597563442490573,0.0250443075384189,0.026050710954505,0.026050710954505,0.0491903708545997,0.0309861780712507,0.0649688061240965,0.0248150264601841,0.0129374943748646,0.0476682698658488,0.00780940355989897,0.0186353364698367,0.00859089819778864,0.00642865664029734,0.0115351843796109,0.0151110356494122,0.0199041089353561,0.0166565703974139,0.0232684983342215,0.0106692773446073,0.0188888963796328,0.0325744901854478,0.0193488042232393,0.0187357662920308,0.0447169596842298,0.0214574613470859,0.032815553150853,0.0364650840248453,0.0144928477359311,0.0510378719967245,0.020130557217498,0.0177132890905741,0.00937596425486478,0.0511599320581272,0.0187357662920308,0.00756046284839899,0.0109266788795031,0.0140108194991556,0.00930749178553909,0.00973051781049388,0.00968812278502028,0.00847883300823513,0.0284661912098192,0.020130557217498,0.011618500279376,0.00665615752767996,0.0411138937455017,0.0150493265488026,0.0377624732879281,0.00851616775192144,0.225996304724367,0.0889298211609797,0.0807413907274426,0.0911097829715669,0.0574826396235438,0.0142496954253646,0.00390606579062329,0.0452158338132392,0.0453212609223881,0.00149554957901592,0.0360528844218699,0.106774465847498,0.00795358878956285,0.00195629039222141,0.0349252856046254,0.0854753655831308,0.113882302647246,0.0346347806525899,0.079601513687696,0.00480441180387953,0.104688323233631,0.275649619576924,0.24841452291988,0.0864127888739385,0.14563740229958,0.075889912952414,0.0149378307775681,0.0679787467722481,0.00452945773349121,0.0493798630609934,0.00114081709147941,0.0409835876990558,0.0788712017648327,0.2136481378093,0.0989594946766311,0.0997282582857825,0.0675851930231239,0.0891356839870023,0.0748370897561403,0.04920461317067,0.0388352698003162,0.13945683611384,0.244279366593436,0.35809227536656,0.226402415463267,0.247451426326819,0.0863217863399883,0.00216172294184785,0.043193514614602,0.42336348703683,0.0958511072562733,0.581730904330907,0.354429861359827,0.38984012152906,0.0696308992795863,0.0645134962469591,0.10173867169013,0.0692909790978114,0.12128114365189,0.107142262912652,0.112401430862923,0.150723780736105,0.071348807062154,0.0373764055945212,0.0806250383776942,0.0471523652411787,0.14330391630897,0.20719737613087,0.115665177108472,0.0678461035053982,0.194001859420711,0.127322715961218,0.143082047489703,0.0903130717960774,0.030703205334925,0.0131860557719773,0.00158066962400308,0.0320826082865355,0.00202360615167659,0.0631802836325929,0.00255676085911828,0.00830873039474221,0.010267427157093,0.077055771335675,0.0289453022284643,0.0208483530950662,0.0674051623299273,0.055327139163963,0.0527164713364956,0.0527164713364956,0.0475093913133631,0.102675461128572,0.0150577538254831,0.0593756154397276,0.0338841047456472,0.00149287662815393,0.00326390404565583,0.0095580493602044,0.00146398643312951,0.0456781968645643,0.00201083594573659,0.000923334807490829,0.00092411809054597,0.00121032995825859,0.000848389787144031,0.00220308958920961,0.497585730505086,0.283040143991003,0.346388299172759,0.487801872171173,0.398687169176352,0.012207942237197,0.0981611774281153,0.183987145145094,0.0436773670860155,0.798591972849093,0.9999999999978,0.756333072107695,0.892546342246398,0.755726990784121,0.655842260726624,0.248207652209102,0.100132542818296,0.161313946963482,0.179786516111668,0.581345837667105,0.448117935234894,0.190932583987316,0.366678331129622,0.0970613868174633,0.0710327076860929,0.123243200525075,0.128113310107995,0.00839783426483688,0.0165464222093168,0.0198146169187654,0.0541105139480451
"Lushootseed",0.0666065398763697,0.0650755137100642,0.110752324805765,0.0361871903507111,0.0190265300336817,0.0149323649403303,0.0449524503101493,0.0518207961410359,0.0595193206569936,0.0526634738057768,0.0526546397731471,0.0809225869036527,0.0560696735158554,0.0583228286840974,0.0583228286840974,0.0649162689504588,0.0608044145606117,0.0863400937490059,0.0559126545197554,0.0291504687489868,0.0663792315264799,0.0176302273131255,0.073865338656891,0.0178159994039159,0.113933603932153,0.0991472631178949,0.0374340692757882,0.0384593074617627,0.0321843175322803,0.0447728684444903,0.0264306482035276,0.0397253474171077,0.0626793075672897,0.040125988758256,0.0388546568013942,0.0605791467438442,0.0290689418259735,0.0433936995236983,0.0481818310848884,0.0359026527855084,0.0674068514731272,0.0417472058369678,0.0340836245975111,0.0232267664233537,0.0675154883216758,0.0388546568013942,0.01580508640288,0.065413614555699,0.0347085401629863,0.021049429156994,0.0188015940553421,0.0200914486226153,0.0175835960737496,0.0590338325457791,0.0417472058369678,0.0287821268131151,0.0839445679535579,0.0543243690961514,0.0291491058838695,0.099086521489537,0.0163866723555216,0.383134919576859,0.0967706788819265,0.111357090397298,0.119135457431468,0.134263223603595,0.0171111984801143,0.00874497461251889,0.074657710414073,0.0490078541617654,0.0614295774015491,0.137753877655532,0.233357400819239,0.0359971838434807,0.0257646798480515,0.118601945445825,0.182474928017969,0.0286760118188312,0.121759063725979,0.0942997719138306,0.0632749271158083,0.130235254952125,0.417408826351431,0.364912729920723,0.114816683781554,0.318760953846155,0.122615671150321,0.0479843273958385,0.119432537328839,0.0386464744810085,0.0449899073497995,0.00425727050833938,0.0669919046924477,0.174975738786461,0.245058038642744,0.204209604278799,0.204897141842364,0.106349179058708,0.199982892206977,0.10275459267976,0.0606936873187712,0.0682300723436559,0.334218265917192,0.27638643914437,0.599606940122918,0.463192764381858,0.506315481098682,0.151659606257289,0.00633472241572088,0.0752535422636677,0.571450293761249,0.1556438642281,0.799891246395091,0.435914952212888,0.480165703803294,0.174260470971048,0.187241014803573,0.254587308966505,0.0101095542967552,0.101260956850155,0.0892928191529619,0.188174511775626,0.0585139315950663,0.0701575694718334,0.065851331414329,0.128659724901149,0.0830653520360142,0.058123643686856,0.13170057228839,0.111669030330486,0.0923117814188517,0.108391727881422,0.158051587005059,0.140405593087787,0.0599555817401411,0.0540806461112775,0.05523853053883,0.0396924013318274,0.0554445030383496,0.0266512399405548,0.146604592890653,0.0144802802612979,0.0306357155694354,0.0378577668392813,0.160276839600141,0.028500377379875,0.0976193969914436,0.227508668303372,0.095555730046749,0.0926180935908464,0.0926180935908464,0.129963017311043,0.116842253420482,0.0772629145389209,0.0832433690004483,0.112425453438219,0.00146886962602853,0.00320797168556692,0.00939425647564678,0.00144047260276837,0.00152354388501719,0.0098377659739119,0.00090848662762928,0.000909257314681767,0.0011908665991756,0.00415064202441535,0.0021653360282935,0.63017543322004,0.485234630430444,0.396115778436318,0.467940994859253,0.572945196967457,0.124739201569392,0.114591705089266,0.127403519802938,0.101537363630884,0.734393324200922,0.756333072107695,0.999999999997878,0.866641943180857,0.760681628672692,0.668895802836646,0.397666670282668,0.199117470075756,0.221430213717474,0.179817803512922,0.700106440854129,0.438020960330865,0.279472378994403,0.578082437126699,0.119039736856357,0.0813614194774837,0.286854776266655,0.28687658318402,0.0163554928202726,0.0156298195579765,0.0187169699366402,0.0698267240542192
"Upper Chehalis",0.0210445452190822,0.0748664073187637,0.0818889295907353,0.0261255816128537,0.00724315700883267,0.00697121784943373,0.034304972649554,0.0268428124913613,0.0231630455100738,0.0410122241650286,0.0250579023721526,0.0584696072497577,0.029043701461895,0.0251528826638659,0.0251528826638659,0.0505542149378965,0.0346176878504379,0.0667921991736388,0.0291065956568751,0.0126343264156139,0.0464806988228566,0.00765272263426622,0.0401707283086057,0.00831745095611974,0.00619770263197376,0.0459436939412883,0.0145681610725915,0.0194511935389418,0.0162775523158223,0.0225464734630032,0.0102859760568703,0.018282049697099,0.0315636990401328,0.0187329341450955,0.0181394091364552,0.0436200756440346,0.0209311208476178,0.03211114363973,0.0374845879653737,0.0139721819944085,0.0499424830552604,0.0194898040369101,0.0197417749895303,0.00903912614890954,0.0499100095849785,0.0181394091364552,0.00740778556864691,0.0106080268669591,0.0135074709608429,0.0108242174856383,0.00950910114995359,0.00937975101858574,0.00820895278787935,0.0275601158160912,0.0194898040369101,0.011201097490526,0.00787367243120807,0.0401086859308049,0.0168002274936544,0.0388182501043184,0.00949142006726239,0.305235520944644,0.090968317059737,0.0792352391633345,0.0893762087460374,0.0992820405493857,0.0147538818796245,0.00452983611302831,0.0567632042862126,0.0450268378628643,0.0145650333722477,0.0498720766128225,0.11480464262048,0.00828676021828267,0.0117563900495292,0.0348175887064013,0.0970708438709832,0.111884262106652,0.0345442021496852,0.0921467566579322,0.0288722673022168,0.1148426267271,0.393824261637043,0.345292492190492,0.111864303092786,0.143222660320193,0.0941610154594433,0.014631554569459,0.0883068729730884,0.0185497789584041,0.0188624922921512,0.00155859842532821,0.0201094540253141,0.0985408168963872,0.216914094407096,0.107255653835172,0.108001944736011,0.0749167748036147,0.0872886412984787,0.0741523974859572,0.061475705560635,0.050448432781817,0.330595743378712,0.239649253277302,0.494050286622689,0.445079676230925,0.486514115652491,0.112135150809336,0.00211897349076811,0.0551417368010535,0.574928605263835,0.11186982104377,0.688332509901152,0.469442877258594,0.517090921198456,0.0805143417686898,0.0745950794639666,0.118520060588344,0.068992529172848,0.13422552159972,0.11871895657534,0.123548619857092,0.160691062589882,0.0826816924850594,0.0480770994377141,0.0897626081875737,0.0613446355083765,0.150946187635065,0.216275974819259,0.084169609966307,0.0783233917484707,0.189940789297615,0.13995752756414,0.140050236698634,0.0565907085482229,0.0399414897820518,0.030365888788528,0.0172890796594856,0.0417359411527174,0.0121609262716474,0.0624085791497371,0.01536493663859,0.0174125776690033,0.0215174117271697,0.0760626077221212,0.0392342106203233,0.0217668196851218,0.0671612124198832,0.0720039883045192,0.0684806201782126,0.0684806201782126,0.0545794121598441,0.11774326599682,0.0330353701269866,0.0581467648591329,0.0337475773762533,0.00140656161666767,0.00314518330313632,0.00921038634646294,0.00215511052262533,0.0447190694420805,0.00188925553934886,0.000869949515624589,0.000870687510887942,0.00114035120564159,0.000797093919216559,0.00212295474816968,0.61780707730025,0.416701825219047,0.380893063365928,0.514230832443141,0.571346759685867,0.0119207612116217,0.0428376430624676,0.129198146900794,0.105783139817354,0.830625565794402,0.892546342246398,0.866641943180857,0.999999999997891,0.851949408639764,0.702452949889547,0.365616492056499,0.130725491140916,0.159247760480562,0.176668754629537,0.687904294173595,0.498870509589816,0.278695278523607,0.577243951088635,0.116698965534676,0.0294292822931516,0.120654783361444,0.125887441822657,0.00938775083057752,0.0161318166526029,0.0193181198407419,0.0696710272910788
"Cowlitz",0.0537110303764364,0.0435907368549794,0.0717028225529731,0.0232695132081072,0.00378270719048337,0.00628368847567071,0.028161624249317,0.0182590441947227,0.0209716173282772,0.0339123142239418,0.0185528487840775,0.0506446907878493,0.019756135045159,0.0205500336892999,0.0205500336892999,0.0418024249409312,0.0250516366300219,0.0552008836759394,0.0195516353626629,0.0101933871772893,0.041584985096716,0.00615071795724052,0.0353323529847643,0.00749715069142183,0.0621655284758401,0.0402147975240652,0.0131898846832463,0.0161060498604183,0.0134781996117228,0.0188408707255732,0.00931283209793088,0.0164843079624193,0.0263760793550472,0.0168854172894285,0.0163504280899255,0.0390095622512972,0.01871876308416,0.0278811728499054,0.0309844434746214,0.0126502904766949,0.043368969755938,0.0175676416467094,0.0143427300329538,0.00818394517655593,0.0434761759809586,0.0163504280899255,0.00659796082961147,0.00953556677429421,0.0122295452012114,0.00732815286060365,0.00787376141942789,0.0084546824748781,0.00739935304628589,0.0248420270148661,0.0175676416467094,0.0101413749813431,0.0655401448495258,0.0349345449447313,0.0121729803741176,0.0320868373223704,0.00689567557760972,0.255623214463301,0.0807955279714894,0.0778052907425971,0.0862952069021775,0.0962957806318792,0.0120591216080948,0.00308128955596678,0.0498245796005913,0.0392308973383119,0.0372648202973971,0.0435645426284718,0.10165243555748,0.0286575960935622,0.00989326202831347,0.0301768947977171,0.0862189474997102,0.0811388506350335,0.0299183924929154,0.0820732033035345,0.0242966509761148,0.102327824219648,0.363391866444569,0.298148559654835,0.0997233594734659,0.153477939895091,0.0827017989640548,0.0130320219222052,0.0773764724029187,0.0156930179448002,0.0164420318825392,0.000791095161604102,0.0174545147968056,0.127275444896625,0.179832506776854,0.077558836949097,0.0782348710040778,0.0515605761857327,0.0548601495685983,0.0648720364270376,0.0539745450771626,0.0442040538350974,0.386322379029258,0.232149709675444,0.454140685135269,0.395727543973826,0.432567489936143,0.0982553464965484,0.00188732570098146,0.0491136002950468,0.511577579478614,0.133030724551908,0.590433156288062,0.406854087885246,0.474016011377989,0.0714911015966731,0.0891524643951456,0.104453887287312,0.00361056081547142,0.085468113499831,0.0753185583151633,0.0803265719158537,0.142619722609231,0.0453954922550998,0.0426068088453552,0.099994960125171,0.0537474797574369,0.111042451837683,0.191846921957143,0.0959099519447662,0.0662959066924972,0.168988540798303,0.120203349967956,0.124799042272458,0.0496779966692199,0.0349951143633107,0.0260212871737148,0.0144745961649361,0.0365673399182043,0.0102336881989747,0.0548712567399075,0.0129299337274122,0.0149642598626389,0.0184919284655927,0.0669284063972759,0.0109386478288765,0.0777154474651074,0.0582575297914241,0.0634457419198658,0.060004262850165,0.060004262850165,0.0635502440143002,0.103861504166521,0.0633387655942756,0.0517901164057542,0.029292072670335,0.00130450762768861,0.00284900950981313,0.00834306803803341,0.00127928814408699,0.00135306400507239,0.0017559445509208,0.000806829765143644,0.000807514214682742,0.00105761228543085,0.000740848813126762,0.00192304157929557,0.538644972821778,0.401986642032899,0.327477234701108,0.447690847723229,0.474352885575007,0.111069810336183,0.0991830997840854,0.113147457359274,0.0905183672676249,0.729336815348347,0.755726990784121,0.760681628672692,0.851949408639764,0.999999999998327,0.606096157034074,0.2879795155737,0.177014531364389,0.196652853103305,0.156811972868774,0.602140859711597,0.414771491258376,0.248264539394541,0.513459719460145,0.0226812310456555,0.0723885654009044,0.107301092983901,0.111540951255267,0.0067868249884717,0.0139984190210017,0.0167633405494377,0.0621085147334426
"Coeur dAlene",0.0193708421170217,0.0515564218132245,0.0865120911451682,0.00979240476708217,0.00728573757707312,0.02007813389328,0.0140154801923755,0.0330857231698296,0.0285071798510649,0.0369988512877418,0.0336181024776277,0.0251318234773486,0.0268549480985813,0.0279341119550368,0.0279341119550368,0.0176978921751579,0.0312354583159799,0.0231744413859007,0.0266864403802294,0.0139131696215287,0.0155255349041398,0.0112361827646231,0.0454535518120791,0.0239554834685553,0.0355725864763923,0.0772824538957424,0.0179292998243278,0.0253922270308637,0.0167521689840729,0.0602018267708744,0.0375931996790541,0.0205822993720921,0.0327045514358392,0.0209367734614272,0.0256790807741864,0.0209191259762542,0.0100380558119166,0.01169294467622,0.0130426288726352,0.0171958175729602,0.0182942886421561,0.0217826854441428,0.017784013529017,0.0148294588512204,0.0184065081340732,0.0256790807741864,0.00821357766637117,0.0466087351568399,0.022160160340531,0.0100263451786684,0.00978636506642468,0.0132784580928564,0.00917469647540583,0.0390155178079291,0.0217826854441428,0.013785393658697,0.026499566218418,0.0381441209947864,0.0151509734702307,0.0535500930135526,0.010829967825673,0.225316511313276,0.0800292568626819,0.066788329940712,0.0730766151167027,0.0811830189631423,0.0150819828012881,0.0124382714439886,0.0527844763260712,0.038487788307866,0.0313278200013817,0.0411560135315685,0.19332157723168,0.00865689679897625,0.0241983241884977,0.0360751515653378,0.0808912827682933,0.0793466840651375,0.0286390570013336,0.0840446926438182,0.0492229522278539,0.112588323354193,0.235658412688681,0.211511325411114,0.10593043256288,0.232460437087022,0.087114207769174,0.0380335167498671,0.0951677581925207,0.0372979079287897,0.0438737713730419,0.007620386035401,0.0206032138249119,0.0932742010492573,0.248675276216535,0.219503459111508,0.22002957198474,0.0664198419652225,0.0805137590438828,0.0725713607800645,0.0445080194463017,0.060679161148449,0.205848968459851,0.283921740286309,0.484982430663815,0.300826363609721,0.32882400266342,0.12084734243008,0.116103774914504,0.0668127712468011,0.424482629039478,0.093422807058279,0.578060064999423,0.339881441462513,0.377614041958604,0.0865242604469857,0.080160304541323,0.116813024370294,0.00776852550601341,0.080969011248923,0.0713834716950013,0.0824675097788123,0.125835398078279,0.0558997415178335,0.057547704348827,0.0847570914864015,0.0661843296861341,0.113621716005578,0.189619020953217,0.0757523384977641,0.0531821365061476,0.162337291180556,0.0934107707130534,0.114391740487982,0.0476371820083919,0.0422416759636534,0.0352965762164516,0.0308226433374312,0.0441585028763522,0.0207325835082341,0.0633427227608715,0.0129562320404705,0.0197993542603852,0.0244668460724943,0.0637177588697022,0.0221707038260568,0.00498905935587369,0.055634150908848,0.078033914416943,0.0738011310170417,0.0738011310170417,0.0494080687346088,0.0887758714807734,0.0284138490452176,0.0773827167164525,0.0279458894669746,0.0111561845797342,0.0117913632626342,0.011533350313861,0.00259967769067529,0.00278058281960568,0.00564568979227242,0.00163007049518984,0.000739645425477755,0.00213673646698486,0.00238196734611707,0.00265838802956065,0.464350849498837,0.243495670564714,0.211737231794575,0.336365978279484,0.405939377387735,0.00878191085189455,0.0331997444374533,0.103711082317172,0.0540147876567564,0.768817817931541,0.655842260726624,0.668895802836646,0.702452949889547,0.606096157034074,0.999999999998594,0.398509462481358,0.107772567281601,0.130958799212074,0.144921104392676,0.528440800790482,0.567736885893827,0.158650579201407,0.397278859150924,0.0952730771773277,0.0240409108194755,0.419882103998984,0.185043436073411,0.00847402657224401,0.0138827858617482,0.0166248679101744,0.0658224976624747
"Yuchi",0.026599512830045,0.0817152621860748,0.107397106463784,0.0161121357508117,0.142858992550444,0.0771909081552075,0.132853998990375,0.0573466556840391,0.0584049016092105,0.0265596268955827,0.056112238674389,0.0403039362654654,0.0620486079117619,0.0596202057443865,0.0596202057443865,0.0327390458353799,0.058104917260681,0.0431096283483398,0.0619128131941219,0.0298064581853865,0.031808384527908,0.0180283526756314,0.0597526368022777,0.0152484600189923,0.0489352196568836,0.0944392819371673,0.0367331667893801,0.034277921671401,0.0286851633123072,0.0399203439985849,0.0259357699441822,0.0339434416028587,0.0558860668661918,0.0343432619990169,0.0332551470931065,0.0270908689262458,0.0129995705644688,0.118459456455984,0.133197950009178,0.0352304240085444,0.0313257738673446,0.035730838594997,0.0328983603415078,0.0227918765315382,0.0314533390367469,0.0332551470931065,0.0135143799207835,0.060869946247211,0.0340586695352255,0.128232876077184,0.0167574408084977,0.0171959845810425,0.0150495493203569,0.0505262160676158,0.035730838594997,0.0282432202865774,0.100978348244424,0.0252103114388607,0.0281344328065135,0.0728092555788996,0.0158168228384194,0.231306693707653,0.0972586146496798,0.158055674027306,0.146621289718513,0.12139140414382,0.00645627205919834,0.009677486364828,0.0665178529684522,0.0486437290585016,0.0331856613467758,0.133613561885857,0.0259948922353812,0.00550443529017877,0.155244010463995,0.116120070244655,0.168689097359411,0.0705020673633257,0.119202105254179,0.090448287435833,0.0613186445821583,0.125373526618493,0.343648381538274,0.290028291702405,0.111573018825194,0.00670373135974081,0.108040378325836,0.0344158789681339,0.115814481223061,0.0374536504678823,0.0440438200244089,0.00481718862501221,0.0649762513327407,0.113510115307775,0.0710831648820748,0.3214361440046,0.321233528935649,0.0807928578101569,0.165610016975889,0.0902207227250771,0.227533664136189,0.0661631294873584,0.351664785493982,0.0442973866690614,0.230966249807517,0.449386895247695,0.491224296997193,0.14706527227854,0.00523125776482988,0.0720680898376333,0.470947278813199,0.114704555178696,0.498342738176917,0.342106699361843,0.515427389847809,0.168452151938147,0.15605549201319,0.246960500579515,0.0712350985987694,0.134448033480466,0.120003489419615,0.207789237093717,0.0502762743399407,0.0980709400105148,0.0633095007867309,0.0573977523004112,0.120964464883975,0.0812491141885207,0.106907033801558,0.0369397508342926,0.0925538304122352,0.059161558362319,0.149995202485786,0.0553081279052771,0.00593182047938832,0.127946076199251,0.0439836345804996,0.0396688003666721,0.0537641740614442,0.16058594155296,0.4119450527896,0.184272964308701,0.147419214912871,0.182171761359786,0.262093634969086,0.197307758226459,0.0142405306355295,0.220662796666489,0.32823842886154,0.312984708369464,0.312984708369464,0.212088335759768,0.23538811331159,0.119893499450341,0.220338035439258,0.208795243353986,0.00142495030440315,0.00311237561332449,0.00911431197839883,0.00215285633814501,0.0435293186824106,0.00954496546478939,0.000881322803363154,0.000882070446809911,0.00115525959072817,0.00402710685381238,0.00210081001632104,0.358925606173854,0.439526113865121,0.443159972502688,0.3884007957479,0.361121522016899,0.0116405062057802,0.0422964524513263,0.12574532228964,0.068638912944186,0.412373790980416,0.248207652209102,0.397666670282668,0.365616492056499,0.2879795155737,0.398509462481358,0.999999999998003,0.124815305720457,0.152798125219451,0.0356832685794163,0.326013962353547,0.527245984158037,0.270330049353099,0.560862202865924,0.174191063579938,0.0268080394374897,0.295566156098807,0.0829228450529544,0.0157856932253844,0.0022815598470628,0.00273220601861192,0.113138121688199
"Crow",0.305451243341233,0.206955769998568,0.395355289995716,0.0160630671146776,0.0226631209120548,0.013157274678758,0.0413012621288943,0.0974980597530324,0.0175997813764101,0.0393684221326891,0.0882238014703084,0.056769501656482,0.0519099407162048,0.029256312468267,0.029256312468267,0.0485279624491458,0.0840534884384044,0.0623615834752595,0.0506643817855348,0.0139874971300076,0.00958516491318824,0.0253006500915132,0.113196020611672,0.0156981160565836,0.31528168746038,0.211516264701391,0.0110692028746974,0.0723539661440706,0.0336059953081922,0.0474923248665435,0.00781550637539605,0.0354414119707889,0.0664863820592685,0.0353559973877121,0.0666219728372919,0.0542727153999915,0.0260427967634246,0.0229537801871994,0.0353087532346075,0.0106163651217325,0.0366995926829368,0.0367844917019688,0.0487641088661589,0.0290644390014864,0.0374193217310975,0.0666219728372919,0.0134732226093112,0.0198771060107054,0.0434319711140271,0.0188342980884332,0.0196321168219123,0.0344497173476416,0.015493339756021,0.101222111117636,0.0367844917019688,0.00851083537081508,0.355555989062668,0.0292710491187519,0.0410164230496748,0.0365650014666378,0.0371033705185745,0.0854737991551732,0.0211507629998879,0.0444181263622918,0.0410883477832811,0.107744043052067,0.0257618561967942,0.00809619684375673,0.239765696102593,0.22371656088902,0.205188101590345,0.0810302173581155,0.0530466266407049,0.132173421725828,0.05473906679179,0.00679514948374562,0.271153584043956,0.121980026145126,0.0072135759134503,0.292711842724395,0.146873919595756,0.0668809654022466,0.199375796281482,0.163541963213266,0.539127753567422,0.153777114624246,0.388745205905386,0.0147291541329206,0.437015158251118,0.085772772418406,0.0961102669344894,0.0100016048072676,0.00686968033460517,0.652148435048803,0.232011306784842,0.312793718718219,0.316577531750443,0.263966839222829,0.151087716238545,0.3006451809372,0.267211757489766,0.249660406870458,0.206864242841044,0.252204929787452,0.232599928420239,0.238146923062662,0.260080839729219,0.55493710768171,0.00650619089225045,0.264767869839006,0.170218924279751,0.544250269122545,0.12213356479353,0.198603716080557,0.218275030371826,0.255850603593427,0.362911955492615,0.378163708747536,0.0344253832126437,0.309404035121722,0.270851400897833,0.264562809615914,0.255556483225594,0.256422666687721,0.231730954410594,0.325746137465939,0.303600014064325,0.212439225361341,0.262040032687288,0.293022886810246,0.363727497781702,0.162437528080517,0.460009153886405,0.272291557079814,0.0172921151437576,0.192589654307856,0.104563540938947,0.0882468584514284,0.206554304496324,0.0618629250265155,0.180296169062914,0.0781618029806838,0.0563746236451959,0.0696643547551277,0.215103369450436,0.0661293803653199,0.338965215597944,0.0234963832922214,0.356358329880398,0.338898525753665,0.338898525753665,0.243473796030415,0.345736266712426,0.292305142832866,0.277624975719761,0.0115286605170321,0.0108013261591901,0.00995489681384987,0.0291520197248736,0.0144279253652321,0.0113219439248567,0.014793571961455,0.0066805523121172,0.00134325293563938,0.00875703215717622,0.00624154118305846,0.00671941614263245,0.206332737983717,0.2245064645009,0.201474824436992,0.18146127464962,0.050069178148498,0.570964869378102,0.528007619054868,0.604216951953834,0.326251692244928,0.0667646033115774,0.100132542818296,0.199117470075756,0.130725491140916,0.177014531364389,0.107772567281601,0.124815305720457,0.999999999949538,0.765610884972794,0.0106053175221572,0.187642008390552,0.0846315460921143,0.00642962297479124,0.226645150916649,0.117815753379804,0.377119955965634,0.00626254258226564,0.00793410125647718,0.0236932217604237,0.0141563589266543,0.0169524762239413,0.336514240277563
"Hidatsa",0.196025618201657,0.141404884476162,0.271667442735907,0.0299593692805918,0.0192549520698935,0.0240416771818848,0.0578261901940699,0.136507725339786,0.0713878684840015,0.0579862174058376,0.128893188685073,0.0882799527444814,0.0992179044694014,0.0808200040775797,0.0808200040775797,0.0714774133278318,0.128134595099719,0.0950665629327873,0.0982040395304029,0.0399553926512903,0.0388791472791954,0.0394279534582364,0.0168486733749948,0.0286844386707013,0.300114099850795,0.0561351981283853,0.0448986713037255,0.0968620060030011,0.0566796731550993,0.079362468694932,0.0317010949923183,0.0647604466943802,0.111102655632628,0.0646043725921724,0.0918612142561755,0.0748335320208923,0.0359089176050697,0.0393049681402719,0.0524826589442263,0.0430618801946783,0.0618973162115669,0.0672145939334894,0.0718252361953704,0.0479420590626197,0.0625298878883719,0.0918612142561755,0.0251290272691973,0.0364535060861659,0.0716414352348145,0.0368107624838664,0.0331114122525006,0.0475007378429188,0.02831026044361,0.139569358889946,0.0672145939334894,0.0345214740536492,0.337388576192526,0.0496374850539242,0.0609664954105594,0.054349936643704,0.0468906655895459,0.104636078842336,0.00475115541943449,0.078558819553395,0.0745769593315696,0.0996190335014813,0.0228026895514788,0.0154746407704563,0.163743719555193,0.202014165474264,0.129836267919878,0.154944711319466,0.00434128511488385,0.119277530115988,0.00759704939729405,0.153440045988823,0.331354691661716,0.114585973286006,0.148808058765449,0.347999569257786,0.0299147001176485,0.00576767038425991,0.217308201172575,0.178296918802018,0.366035155376763,0.138756199316199,0.277690192537912,0.0127101509595073,0.302791505861843,0.0249406037295383,0.0118418787779018,0.00904451838197015,0.0868085347870371,0.499291940515698,0.177125374755619,0.346494468318205,0.349878137647293,0.201628413502675,0.278113786172489,0.282065332536051,0.185141061829537,0.172980385515242,0.148777304747233,0.227922986137824,0.182085934464382,0.171275890219185,0.187001584427009,0.384495227044623,0.00553029019268656,0.189471376327812,0.20166821932207,0.593353192876598,0.149195415129825,0.219500596110202,0.24151891200861,0.303964613900203,0.395498645329403,0.448032450434972,0.030426486035053,0.366588423957759,0.322397674029719,0.314912288332995,0.17543728957508,0.177419032135936,0.158421092793646,0.248678852356229,0.210061073568684,0.146986856654158,0.180098091206004,0.264822283730348,0.284759528865455,0.254896077866751,0.501826989708977,0.245846957869659,0.0153058355073128,0.132179972447206,0.0202408712973215,0.0127729915285987,0.142924996074057,0.012599996348286,0.278218148398796,0.0159196874656401,0.0163941058707013,0.0202588457966113,0.339198339211712,0.0134344970420723,0.305846529766174,0.296911429215029,0.246488278839252,0.234810150196831,0.234810150196831,0.26544029916445,0.409198253704893,0.196233686978349,0.260450229310624,0.145681615271116,0.00976477761561214,0.0171820260241346,0.0503160174271408,0.0130462806756913,0.0102352505056481,0.013373513488709,0.00603945355559171,0.00121014174121785,0.00791666415098437,0.00564240572995373,0.0115976272972504,0.229259435859975,0.248632505770574,0.223890371102326,0.200652398626938,0.00941598114541887,0.543252362809731,0.354941080334435,0.429889320901104,0.0267001260014663,0.125307869650387,0.161313946963482,0.221430213717474,0.159247760480562,0.196652853103305,0.130958799212074,0.152798125219451,0.765610884972794,0.999999999958686,0.14829952924478,0.205120036009058,0.156724895611689,0.0117485515606392,0.276034187928586,0.0101732643709855,0.251186822347697,0.104762425380696,0.110334968461191,0.0348980282575329,0.01221404254089,0.0146265199155777,0.229913439272617
"Cherokee",0.0148000551218317,0.0236504216213826,0.0187676693040541,0.0259062906519802,0.0356641260816845,0.0537025470429113,0.0319820138866551,0.0754985232984859,0.0758183216704781,0.103353809087033,0.0767133630456937,0.0500478696630873,0.0816887787818344,0.0742941777072675,0.0742941777072675,0.0522249346059974,0.0923523647699895,0.0685187469504409,0.0812795961354769,0.0370125072788228,0.0412920536384992,0.0223630891135237,0.0156076965970206,0.0245867365315501,0.0202865988230233,0.0306889948372384,0.0476851596170546,0.0529542551076286,0.04431428108189,0.061788210429984,0.100830191591303,0.0544617757791407,0.0864997571092787,0.0553753450080307,0.0536208599994857,0.0436815295357947,0.0209606095365884,0.0312651173673928,0.0389003391790297,0.0457343741109565,0.0483936288996911,0.0576126843943651,0.0524790712019748,0.0295872739919367,0.0486830857772111,0.0536208599994857,0.0217294255475776,0.0312955511925186,0.0442132610685838,0.0309081993355275,0.0258877362531209,0.0277269404102138,0.0242660113609745,0.0814688670733678,0.0576126843943651,0.0366639357612428,0.0672451770679279,0.102444984389614,0.110235485582748,0.0982718723938656,0.0252308067429034,0.214035376212848,0.0029990920934223,0.0219968626373053,0.0203477697452268,0.00403471273261483,0.0375701571810734,0.0349621315922107,0.00979904098515381,0.0116746370131997,0.0282145368515,0.0823947118208255,0.240280678999051,0.0247123537489082,0.0228285975310992,0.0918723735219332,0.0971086925876889,0.0180869400798158,0.0794074047306339,0.0992049732598059,0.0229823007971128,0.0221156867936392,0.18263361728573,0.150845385089078,0.0445062435837083,0.308607163931141,0.0188722819570583,0.045897770758532,0.0206723449450038,0.0134202156113085,0.0361027786563239,0.0217671182066724,0.0546148638792719,0.0202610263726036,0.169722869532201,0.0568179963249184,0.0585003140212393,0.378892711835429,0.0900729486291997,0.0156891530214721,0.00602340005132007,0.028809488412643,0.00978540195691981,0.222698577810433,0.169192630500302,0.0112651821067291,0.0123152804180441,0.0262504654500935,0.0286528161647835,0.029695348104983,0.0477818735208096,0.098861351557081,0.168313650221783,0.174910061571857,0.0403292551746362,0.0713647345199734,0.0661316768887484,0.106153711040984,0.0239722985705316,0.0868417640659567,0.075219460946902,0.0734730256514635,0.00324532585264701,0.0116824751680436,0.00976042853021397,0.00806054098064985,0.0138318490761618,0.00967861385678482,0.0127211687906623,0.0106680671752956,0.0112788369757817,0.0591265385555659,0.0832692674350051,0.00361682366858779,0.0117588782168547,0.00902310489647491,0.0159472970196091,0.011767918683033,0.00718504859020329,0.00968008721387888,0.0821194281252674,0.0234334333198628,0.00882129762375059,0.0109008267785584,0.0788791192238392,0.0103341601411095,0.0670164944480227,0.146982632014218,0.0363522573014468,0.0160310851773185,0.0160310851773185,0.0442262501457208,0.08843737766548,0.0396912009881643,0.0356242445858359,0.0737951503442942,0.0258939730469406,0.0238648315941543,0.00794304344919223,0.00452344633437563,0.00304773091878605,0.0159791268937189,0.00182024840058843,0.00182179255306352,0.00238602633933943,0.00674173748132786,0.00183083761866976,0.334200433333394,0.3636615827599,0.178296018033017,0.283697938119583,0.221342587882766,0.00884464803209336,0.0143211501256709,0.00846794244875937,0.0180870901828612,0.163973363841031,0.179786516111668,0.179817803512922,0.176668754629537,0.156811972868774,0.144921104392676,0.0356832685794163,0.0106053175221572,0.14829952924478,0.999999999990601,0.438001626182079,0.0493581071205389,0.0203616966385519,0.0596842248315341,0.00785790991801799,0.00713236839716201,0.256572622857719,0.267695393626469,0.0250670181686476,0.0073135810150519,0.00875813540136781,0.0298793139445433
"Coos",0.0628136121835598,0.146559876369444,0.104381162530295,0.0307734023416485,0.018173996552223,0.0256751698873904,0.0379509035591451,0.0384731115801805,0.0441886971126701,0.070986659712269,0.0390921788560166,0.0682994542704854,0.0416275890391403,0.0433003902434964,0.0433003902434964,0.0552264537588082,0.0461213247908353,0.0730312915285664,0.0414556059099447,0.0593385420096689,0.0977830898631087,0.0130663765025796,0.067080165231746,0.030633380126799,0.124598541657666,0.0894540711880982,0.0277920300611982,0.0295021754613892,0.0246886240446801,0.0769838540815671,0.0484582726820298,0.0304169220103623,0.0481285869003554,0.0308109200925655,0.0298347221583531,0.0515367179982253,0.0417895000975064,0.0368934777537858,0.040974324789248,0.0266550664887753,0.0573314401491562,0.0320557788838564,0.0261712637230068,0.0471543526494934,0.0574376971148183,0.0298347221583531,0.0121163287475677,0.0576379588412019,0.025768526111422,0.0155947336567442,0.0144227227004977,0.015427308764511,0.0135016429584283,0.0453293925860627,0.0320557788838564,0.0213686021608248,0.0940304195447103,0.0733041681430461,0.0223476335426441,0.0887411220630825,0.030987999525633,0.402614418873914,0.0929457557476328,0.107148751359334,0.114272724735181,0.125943583328111,0.0270418310173661,0.0160331430809953,0.0703564260898543,0.0462228554391532,0.0656060390911572,0.129768573287379,0.225768281641312,0.0406983450277869,0.0369222213316762,0.128338248919174,0.18825319065335,0.0926148824865582,0.114710101366867,0.0975822525311927,0.236928481337238,0.0353877392741427,0.411312140852342,0.358614999691174,0.125052252212896,0.300169270954339,0.113305717539352,0.058475471085435,0.112561799631395,0.0431647583894967,0.0650894392822024,0.00998358008122062,0.0668033309551455,0.164848919616962,0.3094234641558,0.198317392896761,0.19896083003819,0.272624813321944,0.204285456984121,0.0945925342769034,0.0664357212576811,0.162671229479992,0.313537478597214,0.363313521813468,0.491230047694507,0.347922276637592,0.380303093766849,0.142934903615992,0.0136513865679991,0.0772962736887362,0.538025133049774,0.146630441535956,0.58592488600379,0.471502982031924,0.451269340681349,0.171727680435282,0.183382551613849,0.239783117782702,0.00966862769129524,0.0954184711593671,0.0841418216150699,0.177229414291339,0.151182227697563,0.0661217818959351,0.0691325180606223,0.121185473559159,0.0782870491635221,0.132622371887768,0.222158245576062,0.111838901339337,0.0856303348245015,0.29350875756796,0.159478657969467,0.145607573086515,0.174307477483351,0.0509696678274166,0.052103418291906,0.0374580723423872,0.0522561912652921,0.0251487634934809,0.138084297484869,0.0137062122203673,0.0278467477094691,0.0344113288174403,0.149393251618329,0.0268936771224583,0.0920804930957864,0.211331288904341,0.0900610735567478,0.0872899423070057,0.0872899423070057,0.122396540520494,0.110097069918835,0.0815256281314986,0.0872204934362339,0.104441238833232,0.0228676826541131,0.0103561324107779,0.00373215218641122,0.00135609316826439,0.00143429833379141,0.00926149320894291,0.000855269657208181,0.000855995199259269,0.00112110848644573,0.0108560547112953,0.000860245152264588,0.9078665920377,0.606848115305609,0.44149157509175,0.560779467263506,0.48015240582465,0.11174532609977,0.104351046657728,0.116378292071511,0.0959528469183013,0.571431145693228,0.581345837667105,0.700106440854129,0.687904294173595,0.602140859711597,0.528440800790482,0.326013962353547,0.187642008390552,0.205120036009058,0.438001626182079,0.99999999999812,0.411533940133768,0.18214052026031,0.458134329396733,0.112197149472874,0.0740088433736976,0.26902677545727,0.269005320347546,0.0125230811534874,0.0275383497613644,0.0329776337261127,0.0761227184554669
"Nez Perce",0.0484612134446072,0.102819600249062,0.00335298175587202,0.189342856138195,0.00380564804554853,0.0257225232952363,0.00905627681980939,0.0213787514730156,0.0245547899477382,0.0474000133280494,0.0217227549832986,0.0163424910340897,0.0231316325593637,0.0240611752904443,0.0240611752904443,0.017207480642483,0.0301512493571057,0.0223700370864212,0.0231817241570307,0.0120859603499963,0.0133729906076716,0.0956189304761332,0.00509649348539288,0.00903836636320266,0.0800670801019643,0.0113564895049793,0.0154434845326128,0.0195957686319798,0.0163985386520047,0.022714054876033,0.047730585389311,0.0198315011839138,0.031798302881538,0.0203566119901483,0.0197116431767355,0.0160578312923152,0.00770536048752862,0.0113907045344059,0.0126189103954623,0.0148116962355322,0.0179081048964106,0.021179083611268,0.0172912155593172,0.0095822392526836,0.0178964607354362,0.0197116431767355,0.158815152299697,0.110147445886612,0.0143190631829992,0.0085613199565316,0.00957977954719466,0.0101927413277031,0.00892046411172379,0.0299488899990474,0.021179083611268,0.0118741119748337,0.107847679150472,0.0488456901543528,0.0503257505751604,0.0448640082864025,0.0083132438919162,0.125238644049837,0.100685109401711,0.101019322650561,0.112059841317752,0.0614074644885501,0.0170479674450161,0.0157923768746295,0.00104563619721448,0.00124577732339781,0.0434360978911941,0.0401303018481304,0.0085480394356442,0.105220684515341,0.0402919467086377,0.132647978525774,0.0510192506780572,0.133703084906541,0.0385281011747332,0.138612129558858,0.00422537281608905,0.128055900108191,0.332565544408116,0.266309464146942,0.0238447327843792,0.035912357995406,0.00621818732569252,0.149810761213147,0.00380067971203059,0.00442138642649482,0.062236430610394,0.0406329285821384,0.0738054597634222,0.0566940917834443,0.0557088291768941,0.274515533219651,0.275284593236269,0.0632007556608115,0.224980577532916,0.00444266309599719,0.00232391551259121,0.0114926610371704,0.215908173380995,0.0258663679855031,0.196163590156333,0.323206768978835,0.353272128013143,0.00482623581084445,0.0876850200510725,0.0927347000978049,0.527849985581228,0.0927353192587533,0.396252440103034,0.374336520041459,0.500401885990068,0.0356124115231448,0.0627850520019661,0.0520448661919583,0.077752275389792,0.0856897076605974,0.0752265826034748,0.0734799819583677,0.118801807850454,0.0379584882319093,0.0343334908981456,0.0820569255309614,0.00263615390462718,0.126880705085916,0.189780185378829,0.122702655476538,0.0664016530189867,0.182932510968301,0.121181827294426,0.0980038002738184,0.0642586686368538,0.00172655995915198,0.00305149555576822,0.00131830128130051,0.001804129120997,0.00177971638835487,0.0410095496624342,0.0119020308124093,0.0433875457836703,0.00359168981621109,0.0403493940415648,0.0322595823655503,0.103322289095878,0.0750609313060357,0.0164953288867261,0.00294736859109469,0.00294736859109469,0.0766403386868958,0.0472260911674578,0.0638022091533987,0.127379554004416,0.0377487683546261,0.0138702784839737,0.0149234185652928,0.009736866768457,0.00125650619617778,0.108239239890155,0.00170191837322569,0.000795167674119898,0.000795842230478091,0.00104232532989995,0.000718054682411898,0.00224430623872422,0.453826818583051,0.31998076817467,0.26864545710387,0.236053524990545,0.370751844209919,0.143211925004803,0.0916504432998158,0.00678526715268246,0.00527715062423339,0.723053048655268,0.448117935234894,0.438020960330865,0.498870509589816,0.414771491258376,0.567736885893827,0.527245984158037,0.0846315460921143,0.156724895611689,0.0493581071205389,0.411533940133768,0.999999999997174,0.331220299866483,0.480659082420944,0.241938182685747,0.14380094569662,0.399565305938223,0.072128481639144,0.00816491223660523,0.00358739299217268,0.00429596301712448,0.0159563538809736
"Mountain Maidu",0.00311749907546972,0.0272573461905289,0.00578288935942411,0.0156220701410716,0.00751232878338399,0.0668316282263771,0.0153609208740057,0.0362618453800113,0.0416489240517602,0.123153550384372,0.0368453313761684,0.0273733198836419,0.0392350172699439,0.040811673176644,0.040811673176644,0.121271253495623,0.0497517046514444,0.0369121513005781,0.0388288878040265,0.112261881837068,0.0226827707080643,0.0122151182267191,0.0925798616181013,0.152367834318732,0.061166244322244,0.079865230308815,0.0261946657156259,0.137808481589066,0.115323759652316,0.117236889165851,0.211813706439361,0.142934024342827,0.052382003192624,0.143465037343683,0.138919562146462,0.0264523982038423,0.0126931999851595,0.0810910267821329,0.0208110207705113,0.13789398238763,0.0292313065673779,0.0348887432603727,0.028484177662402,0.0892087651365566,0.0294812105816063,0.138919562146462,0.0131033274732182,0.018937313711408,0.133307665439964,0.0811896239899727,0.0673704052215919,0.0167907139813564,0.11903280998318,0.0493354270318076,0.0348887432603727,0.110545649971049,0.081730505830579,0.12714888213327,0.159084856669586,0.0701408294950613,0.0585883272711071,0.062825870139909,0.0590513598083497,0.0590112288402417,0.0513770005889681,0.00215850278566274,0.0470235419090407,0.0426135917163916,0.00206408023214882,0.0024591577393108,0.0315196903898835,0.0044359332727366,0.0247261453809311,0.22799413324011,0.0251192699783997,0.0358531932641373,0.0386386794976411,0.0528229445171036,0.00239114260451473,0.0374759812624672,0.00735939804777191,0.21040906190407,0.288284206366806,0.236073390009471,0.0689735153695505,0.0535242352225887,0.0438232293924941,0.0918806664819479,0.00661970341325448,0.269209650629184,0.0425181703242711,0.0616920081717149,0.0862168406976339,0.00648799087822748,0.148445313172591,0.202073257106124,0.203385553695948,0.153903553398394,0.295209687461619,0.356495290977906,0.236077094351637,0.031700296804966,0.146678992656021,0.00159242660805282,0.212806375880548,0.494351939802744,0.540337660867648,0.00840593054159589,0.0328691130467619,0.27125953296618,0.352803575938765,0.00297694642521089,0.262317992884793,0.281779725752967,0.299295215723631,0.0651470487650803,0.0367348810721595,0.0051632648760806,0.00717045189397882,0.00420016145967188,0.00182806221857574,0.00178561851663222,0.00173463594949011,0.0034809390949977,0.0164948609235039,0.00143206588832884,0.0297908080408171,0.0417873688115617,0.00407357581774534,0.0158229813541556,0.00611500261532613,0.0138752433958483,0.00191054349430307,0.00317335337859419,0.0490823215903622,0.00269893766774276,0.0343022706538295,0.0287460593492858,0.00282019284434327,0.00309975992277171,0.0169260866601649,0.018668350955525,0.00478795456877551,0.00591666505359907,0.00719807678525985,0.00329822141298966,0.0408355716771489,0.0108606145026769,0.0258729450156397,0.0336579525744743,0.0336579525744743,0.00133175578927451,0.00500530187900502,0.048263322099557,0.0508173381142209,0.00673414160534182,0.101729474699477,0.123174657537816,0.182408728185108,0.0634427545365881,0.0684237171110804,0.00348724660084049,0.0396065863336063,0.039640185378823,0.0519172867685471,0.00147130073325383,0.0420444334303257,0.194215963442734,0.224313385519734,0.188891321049759,0.172782313314745,0.422902310427148,0.0190330691012798,0.0162457935873949,0.0113979029796732,0.0104170669631203,0.260377499537449,0.190932583987316,0.279472378994403,0.278695278523607,0.248264539394541,0.158650579201407,0.270330049353099,0.00642962297479124,0.0117485515606392,0.0203616966385519,0.18214052026031,0.331220299866483,0.9999999999934,0.482840652170879,0.00675261712943813,0.0112624435920704,0.0209799347365842,0.0215289099476248,0.0134784053170222,0.0300812676225472,0.0360228203312385,0.0443067292618874
"Chitimacha",0.0365675212595582,0.0742870823193824,0.141880094650695,0.0152987468126453,0.0128195358869417,0.0122209166440797,0.0199416986087252,0.0470754844384714,0.0407869340192229,0.0278758480623097,0.0439928596167209,0.0296957840197764,0.050935285437864,0.0442205054593907,0.0442205054593907,0.034361501801125,0.0605570253607082,0.0449289144580468,0.0505646568686686,0.0219612828593673,0.0222133150689001,0.0132564256190599,0.0472605730340341,0.0145809350706357,0.010913301025803,0.0796362480375701,0.0256525258820744,0.033781120790397,0.0282694200668578,0.039490966260419,0.0181121876472754,0.0320597296192934,0.0552849640048993,0.0328398325269211,0.0317993515359008,0.0259049241908085,0.0124304942342228,0.0196771162143552,0.0252978287426506,0.0246030887807239,0.0308717594086136,0.0341666658088274,0.0345287114906411,0.0159166566275756,0.0311150312413716,0.0317993515359008,0.0128321334884355,0.0185453761995857,0.0237847966327543,0.0189864769707952,0.0165145698598882,0.016443203729381,0.0143907319958317,0.0483143527226637,0.0341666658088274,0.0197235904966083,0.0138264576346091,0.0247905110724109,0.0293872298197322,0.0261978988307203,0.0166006605441993,0.264313250292241,0.128417472281069,0.137278605729326,0.127730538933526,0.172006724041729,0.00770821330220129,0.00794418355082054,0.0862307288968596,0.0780869502722811,0.0253088563975069,0.0864782651577768,0.0198673363054973,0.00323705332924385,0.0204240311143798,0.0603979823528807,0.154562931433546,0.0458260070495648,0.0599259410056364,0.159621181121734,0.0501589419232333,0.199013654958222,0.567121419275882,0.465805303095378,0.193948326418475,0.00394233645640471,0.143881762444991,0.00349425197378118,0.153099942175619,0.0322175114488743,0.0326745444741768,0.00276087249647855,0.0348812275097951,0.150053705775349,0.0529337426599712,0.113580765296134,0.114919046241723,0.0603193448618031,0.0559450141123839,0.109081572593101,0.0936125529002269,0.0874637712980416,0.572736064594253,0.0528638699113884,0.392592644730863,0.771060144169039,0.842841558584411,0.194411652533233,0.00367059095327454,0.0955192507747708,0.732937903317429,0.193894467889134,0.543523176982033,0.560857572233248,0.619825941375179,0.139548508987492,0.129289155577304,0.205419650188044,0.0101760138954797,0.168082388342996,0.148143211330702,0.14470364223793,0.0894999893345863,0.0898283524607685,0.0833369940575425,0.0743133407241778,0.106355219773691,0.0744203539363751,0.0942133179102861,0.06083334726424,0.0861471121300264,0.0990431743753175,0.163886331191015,0.0984576414337719,0.00517397934975238,0.0692478659151409,0.0356904707878944,0.0300434246330647,0.0723589648897874,0.0211268200106828,0.108123472057384,0.0266930531102432,0.0211750741188073,0.0261668775771533,0.131843073494336,0.0225832364154088,0.0075559400047926,0.116499485125819,0.124835800315414,0.118726647614867,0.118726647614867,0.086739915079705,0.187297392594111,0.039504071928406,0.100724709385806,0.0585374880333521,0.00253708932919027,0.00554093473483039,0.0162261288800186,0.0038328719216043,0.0026315248574376,0.00341507254401898,0.0015691737972046,0.00157050495816155,0.00205691157861891,0.00144084984896632,0.00374005346298582,0.505568952070149,0.540414678528945,0.493956771164976,0.433663196311467,0.577000509227559,0.0207233614064086,0.0744029131319731,0.223847202149516,0.122189713104868,0.388574907083423,0.366678331129622,0.578082437126699,0.577243951088635,0.513459719460145,0.397278859150924,0.560862202865924,0.226645150916649,0.276034187928586,0.0596842248315341,0.458134329396733,0.480659082420944,0.482840652170879,0.999999999993671,0.0441118994150318,0.0510123504776229,0.0419898526583875,0.0442113447882131,0.0164227663918618,0.00700768871069874,0.00839182425854785,0.120792586135538
"Alabama",0.0728932925786793,0.228435336538176,0.0829323933470986,0.553412789017499,0.449882331996426,0.245807870458861,0.403434615398771,0.0600756470236637,0.0690005164935668,0.0397020464244415,0.0610423186968587,0.0459234358987826,0.0650013540062769,0.0676134280121762,0.0676134280121762,0.0489392084741248,0.0856944081557527,0.06357902672201,0.065142114571451,0.0339623148183471,0.0375789514383794,0.279022896444215,0.088644506537919,0.0257057093314613,0.0184623685395705,0.149766461670141,0.0433971706338958,0.0557316568422209,0.0466385241649824,0.0646002683340358,0.0306409474647331,0.0563544524218513,0.0904364680759767,0.0578955454725956,0.0560612116806184,0.0456695299902757,0.0219145528105088,0.374888804609448,0.415311293460924,0.0416218054646091,0.0509318300051904,0.0602347089424907,0.0491773560935522,0.0269266998023079,0.0508987132443323,0.0560612116806184,0.464186176153236,0.321448154942505,0.0402374753547432,0.389330333920127,0.0272455240918233,0.0289888277738709,0.0253703875615539,0.0851766160103337,0.0602347089424907,0.033367007453239,0.308674465996197,0.0404458344164469,0.0416713730159661,0.0371488711630588,0.0236434132563498,0.0780005189750652,0.0149331899989991,0.00337362034833341,0.00312179550927964,0.00372067417459681,0.016416250162615,0.0101380149902445,0.0482622771093246,0.00928973629834494,0.0504539589011189,0.0601930107148532,0.0396033285330659,0.20362951600036,0.131942562684452,0.249381395141277,0.0577056013051676,0.161041990331179,0.00903280171605,0.310042885448376,0.0998627117014648,0.048843148874349,0.201091232573465,0.0948258033290102,0.110473377356334,0.00872716063677169,0.0820038545691004,0.397761131798791,0.0898254896958583,0.0583186824806289,0.207421172324069,0.100452801965548,0.140038884010466,0.0880382279079563,0.134451088567124,0.181365779589633,0.184009005546189,0.153054633452883,0.425113326487254,0.0124841649593705,0.0506755839695457,0.0513159964392369,0.137967560016689,0.00615466360589639,0.0313134848255537,0.0489494782496147,0.0533286310513193,0.114063543350614,0.233111692933758,0.285103637554624,0.0346298003491254,0.0696068937025587,0.110543062671449,0.115434087823789,0.0292285327472372,0.0526235680337931,0.0487850225681704,0.0769346521762411,0.0134264739700978,0.0629118447613715,0.0524736554836056,0.0512553292304908,0.0456070910476332,0.0521390194332407,0.143323019898046,0.0411067693924842,0.20244976945839,0.0431957636294888,0.179359890000718,0.114934055200371,0.0490722753768615,0.00681699220970895,0.0578725259773183,0.00585303643094753,0.0110190696614159,0.0402152195747357,0.0710757614616336,0.0599062782178108,0.0420219688041891,0.0420619226605683,0.0104251896430432,0.0490335508891491,0.0383303094505395,0.047366281187875,0.012427333850405,0.0449621493175421,0.0194328604796791,0.0182095366330926,0.0736534589921627,0.0696582840622301,0.0696582840622301,0.0311390836184438,0.065123530086938,0.0711813295400165,0.331885684053141,0.011626359154281,0.00476553377465294,0.00439209003509194,0.0128618405326007,0.00467134343092212,0.171478268684938,0.0139883467577889,0.00294745267455387,0.0029499530565573,0.00386359340470201,0.00590180942091323,0.00296459935582278,0.12113843277564,0.256611976428602,0.116677171062736,0.103516142772124,0.332697093399479,0.0148068490667494,0.134575430362176,0.111164215130805,0.223433595619373,0.0874189540041328,0.0970613868174633,0.119039736856357,0.116698965534676,0.0226812310456555,0.0952730771773277,0.174191063579938,0.117815753379804,0.0101732643709855,0.00785790991801799,0.112197149472874,0.241938182685747,0.00675261712943813,0.0441118994150318,0.999999999975788,0.313743585081124,0.00827173753342451,0.00801572115915324,0.0232019328194887,0.011792268326091,0.0141214382498032,0.228354007500425
"Karok",0.496408613780817,0.276733965745011,0.14131373993667,0.425815925287061,0.0107580453373515,0.2051744510502,0.0272603457979967,0.0643522906216829,0.0739125004960278,0.177031063590195,0.065387777370985,0.0491926169708226,0.0696286470650047,0.0724266684576895,0.0724266684576895,0.0523506412383947,0.0916750177527935,0.0680162046613636,0.0697794280427696,0.0363800118960175,0.0402541083456714,0.0219403540506158,0.163849388033301,0.0274975915824992,0.338443063419473,0.159799071662258,0.256365932351799,0.05961657460213,0.207960754690882,0.0691033953530937,0.0328222042353387,0.0620809190084574,0.0967405735137818,0.0619313026269589,0.0599691019038815,0.280125456705866,0.134418377326574,0.0346400870756976,0.038375164027612,0.0445847636132532,0.227104566349382,0.268586018844431,0.351240570165904,0.2234158354101,0.226956899014185,0.0599691019038815,0.357161724533208,0.146081117635634,0.0431018863083924,0.0257493214726795,0.121487543903611,0.0310095681975795,0.113126327184925,0.0911140699997677,0.268586018844431,0.197113402800216,0.262674103409044,0.153552946091699,0.158205713557614,0.141035997733071,0.145022774220412,0.0290013956450279,0.0162888051360007,0.0322923765945772,0.0314309419632884,0.0560463659832592,0.0536484944722569,0.0496772507278498,0.0759563927256414,0.0390911943733305,0.181146455246696,0.136758898657376,0.0623287203893544,0.232667210923038,0.189712241671594,0.181053674203531,0.095105382664661,0.108758213824939,0.038010014092734,0.30794047203874,0.0961066007752873,0.109286542357814,0.14244336939697,0.0749023296703424,0.173865796203281,0.187357468603147,0.194890967142123,0.280511154879517,0.138427739198008,0.062225357766216,0.275356345397525,0.102743561274315,0.199926177123961,0.346186154627301,0.106565656267111,0.14773290097576,0.150579989138978,0.120896803045761,0.279823185087831,0.0611736117386981,0.0846412733698667,0.0790817550322669,0.0699733485748514,0.135049243715098,0.110595123126507,0.0805549447823474,0.087868070689251,0.109773300134094,0.204686012466287,0.223780991316938,0.0338165572325421,0.260595250161483,0.0410827911064965,0.0789406481040763,0.104495813940551,0.0823075253467867,0.169234929548465,0.120302615307103,0.0136697480429651,0.0614300900675557,0.083904703810723,0.0497254209673017,0.048305672241859,0.0815496520646849,0.112849882729239,0.149605590203203,0.128737903767174,0.0421783792918841,0.0935999785378249,0.312426123316943,0.172992744783493,0.00256067280656777,0.243590211557149,0.00454440700124646,0.123435453777499,0.0690969487055061,0.0694066246724122,0.0581228805221881,0.0722012674224325,0.0404798581984127,0.0340696397409311,0.0511449903126572,0.040897994106488,0.0505392707921485,0.0132936129585785,0.043267462337619,0.342784198411498,0.100540454156791,0.0708831500614871,0.107348580139108,0.107348580139108,0.111511163117186,0.0683908328485271,0.219030397709959,0.199734068458675,0.051841829631771,0.0542390322823591,0.00999639716678791,0.0292735497752165,0.00351220910609913,0.181251966168129,0.00472688668063596,0.0335465004185325,0.0335749585738232,0.00291825747219652,0.00199431604223424,0.00674742830052169,0.0843208067274392,0.0902387613764516,0.144752823649114,0.128589501730046,0.137491142178278,0.447105742815598,0.71125661665465,0.427727192647051,0.232665476070904,0.0527613932443472,0.0710327076860929,0.0813614194774837,0.0294292822931516,0.0723885654009044,0.0240409108194755,0.0268080394374897,0.377119955965634,0.251186822347697,0.00713236839716201,0.0740088433736976,0.14380094569662,0.0112624435920704,0.0510123504776229,0.313743585081124,0.999999999972474,0.00911227144981807,0.00948561215435115,0.106543163806743,0.01125848941495,0.0916363554210512,0.122187170067813
"Northern Paiute",0.0118386107289408,0.0597831625922536,0.112768580430368,0.0269948498148717,0.0287819092823858,0.0213916153012934,0.0327880512506573,0.0774012999951227,0.0853138159118669,0.0408653727355252,0.0754741182347793,0.0588875186632835,0.0837475674556072,0.087112956490451,0.087112956490451,0.125557409300637,0.0894415414780088,0.066359127485462,0.0835315871425621,0.118000289907494,0.0464634745940505,0.0263407265919803,0.0563642842665351,0.0255226152708781,0.11228673276639,0.142785547183553,0.0536572538092153,0.142745742258931,0.119455460809233,0.0664931478873518,0.105054722219944,0.146780550199827,0.0930863849543047,0.146426805842511,0.141787491438853,0.0453442396212419,0.0217584620211175,0.0840582886555157,0.0372758988133528,0.142703394418768,0.0522064917906861,0.0598056751714592,0.050618322426994,0.0923201533267441,0.0523901177855635,0.141787491438853,0.0226424765745007,0.0934724676145546,0.137957117714126,0.0853654607683123,0.0697840828715098,0.0287823490450196,0.0251896818973971,0.0845699285152984,0.0598056751714592,0.114401217630586,0.0239221018480935,0.0420280765577017,0.108356087694343,0.108797735537789,0.0606590463556255,0.190305646148432,0.00956906702969668,0.0474315993356683,0.044492318190634,0.0387651129269618,0.0102410561144762,0.0648457996524389,0.068424836219422,0.0568728286823826,0.0716438959932266,0.223544111909263,0.319346602258233,0.0438702976706727,0.0550388810412302,0.215080687175703,0.217585404988258,0.00675724901701518,0.220329166633973,0.0534863141095948,0.0580758534619977,0.0243514925913642,0.0344027795860637,0.0286258014672857,0.0986957498326124,0.457001159068134,0.141563196910736,0.15268071345965,0.12158296717183,0.0813566785746574,0.0403938475728189,0.00635121924216133,0.120677138564661,0.0510801216690939,0.27486037678424,0.402829639574602,0.403740535411878,0.0478639190256352,0.226980752440919,0.0492094439769147,0.0460360898698939,0.0298431740803226,0.0422055429709986,0.346433034112462,0.263391849176532,0.0304291236846075,0.0331880016071296,0.154390297160717,0.00901173560495143,0.0339593839614668,0.144372132763939,0.0687470254244325,0.289553436937253,0.0561932725061199,0.0519197831492563,0.219539945906599,0.274175342465458,0.26058260441498,0.0153680310269834,0.10967271157947,0.0963357948680063,0.227306603854157,0.00126070299898827,0.0712515484347184,0.0668741859970484,0.0588964826272507,0.10521417201813,0.0590299755897364,0.0748186744935985,0.0444505392170261,0.0684248398139836,0.0418686377097967,0.131952827589378,0.00246554942335744,0.00915546687807215,0.0234814005722155,0.0653947274682264,0.057118628885836,0.0230153996609329,0.116721711287395,0.16161562855455,0.00351787710886279,0.158057741348877,0.029509029052044,0.171986243194918,0.0261534703601003,0.117960184053282,0.325902959118279,0.0388668446374818,0.117364436382382,0.117364436382382,0.252629971079945,0.059564541602674,0.0732639166174194,0.0432388218951784,0.202519723614882,0.0020070417942087,0.0256506554743083,0.0131653985730018,0.00196730770156364,0.00207884480465655,0.0139125544076819,0.00124134272969019,0.00124239578511266,0.00162718255828867,0.00586983194606677,0.00303456818865872,0.19605736156845,0.123641428012431,0.0454802111570237,0.126236867007054,0.142735016929541,0.0171213082726553,0.0186555998078019,0.00990161101548989,0.00978655905616076,0.379638864042008,0.123243200525075,0.286854776266655,0.120654783361444,0.107301092983901,0.419882103998984,0.295566156098807,0.00626254258226564,0.104762425380696,0.256572622857719,0.26902677545727,0.399565305938223,0.0209799347365842,0.0419898526583875,0.00827173753342451,0.00911227144981807,0.99999999999568,0.599089651000116,0.024594136266448,0.00591045203208432,0.00693319038752767,0.00401612153868434
"Shoshone",0.0131403829505923,0.0433251101399438,0.0834260109767958,0.0271142129738156,0.0316647654658183,0.0214917494116713,0.0356591543902453,0.0841789859796442,0.0852615989829763,0.0442099789237661,0.0822308765105451,0.0589390809487735,0.0910809677242898,0.0872057689597333,0.0872057689597333,0.132760566114662,0.0967970075093547,0.0718163490407513,0.0908645885779271,0.121088748371544,0.0464350362934158,0.0263622762771709,0.0183804685262165,0.0256420865842233,0.0649438029015541,0.0849521919932913,0.0536244125047537,0.14658609937037,0.122669228317549,0.066889793319375,0.107783551640447,0.150703209977173,0.093641664566497,0.150340011923437,0.145576713436193,0.045556495920301,0.0218603133402902,0.0863166360115909,0.0403367464694902,0.146410159929749,0.0525102930888465,0.0600856254226892,0.0547611539514471,0.0947181983187347,0.0527026357150651,0.145576713436193,0.0227425948396082,0.0326598489997258,0.141540597196312,0.0903394288572305,0.0716615174953793,0.0289170791659348,0.0253075947502569,0.0849658001890794,0.0600856254226892,0.117372825206275,0.0260727935471258,0.0422691068971097,0.114577084425449,0.0417718854024273,0.0641390211777147,0.257495198222333,0.00351005496349516,0.0495211505499722,0.0464504763620259,0.040512430915822,0.0113512917140875,0.0681112153446625,0.050159772793688,0.0597606583050697,0.0525490680152541,0.233333896296491,0.469143528206645,0.218573009573082,0.0406882604548771,0.224425480938008,0.22604984667724,0.00734895111969765,0.229982754648649,0.0552876250117973,0.0196738796496949,0.00263008865170991,0.0242391320523678,0.0206678346216572,0.10182177928625,0.47624895436735,0.113874906380262,0.119554554148821,0.0898819042388822,0.0608728491966013,0.0108753179163133,0.00699263037561505,0.125912889055407,0.0173443467628685,0.2733334715426,0.181151968470126,0.182250321247731,0.166366814387513,0.236201037262259,0.0174930175387117,0.0484205658666527,0.0101097268524083,0.0443804237101171,0.495190068738592,0.3756529011605,0.0117550550629642,0.0127700260307342,0.114135180507635,0.00904041932533714,0.0117623431375956,0.136210722351341,0.0723435814082572,0.290370256380378,0.0587766390756996,0.0545465405615883,0.206227530485118,0.264674731836417,0.239876216566006,0.0176710143183725,0.115242179921224,0.101243227795068,0.214307128586834,0.00222371030680953,0.0529607673450262,0.0488658270298327,0.04341491943014,0.0843243051533821,0.0438765594891606,0.0553107486397394,0.0466956833771402,0.051242399604589,0.0432956397541262,0.111982733689241,0.00195022506216161,0.0100661268380208,0.00803908538319931,0.0390811851248376,0.0334018435900284,0.00681699241344264,0.104386156388189,0.148496009231641,0.00414418381331705,0.22021618084011,0.0113748555327159,0.179555555857716,0.00884969398625238,0.123959748107314,0.340252486982664,0.0103810520417727,0.0937263130080535,0.0937263130080535,0.311336520777051,0.0626497345482676,0.0774321540799388,0.0126372807654695,0.21130633187318,0.00155092027987363,0.0262054283684783,0.0122518254212859,0.00267092727838804,0.00158807803700824,0.0137202706939926,0.000959234441109118,0.000960048178528667,0.00125738808030237,0.00578870571631575,0.00282399347579958,0.191935994742765,0.115716719967849,0.0476373052018218,0.13182272476385,0.148330213955652,0.0164281541446322,0.0208453914210443,0.0116730559376677,0.0129166151159254,0.11664067054585,0.128113310107995,0.28687658318402,0.125887441822657,0.111540951255267,0.185043436073411,0.0829228450529544,0.00793410125647718,0.110334968461191,0.267695393626469,0.269005320347546,0.072128481639144,0.0215289099476248,0.0442113447882131,0.00801572115915324,0.00948561215435115,0.599089651000116,0.999999999995319,0.0266070311660962,0.00545878935934201,0.00653699141888345,0.00372059376986871
"Galibi",0.100033901043382,0.0213881731594358,0.74299377434259,0.178851223710247,0.0892543450307892,0.141147858443891,0.0996115752111508,0.235148632549539,0.239302252667102,0.272511000446358,0.230033246874323,0.165177418450982,0.25442887868357,0.244348778704602,0.244348778704602,0.15159443526135,0.269343667610907,0.199833438482935,0.253865331881408,0.122155657052744,0.130328411860507,0.0738848115440007,0.128478119507806,0.0715900380659693,0.163250493153949,0.0928637898993596,0.383732428059224,0.160237663259899,0.309747906188954,0.186510940892633,0.106266563279097,0.161627804443571,0.261104035428184,0.16123827787669,0.156129684128217,0.127188997132351,0.0610317206062936,0.09398640112632,0.112229203500496,0.144349525394753,0.338261726435794,0.394614565288723,0.337548608075837,0.093385096911118,0.338652063364618,0.156129684128217,0.150015083283236,0.214664842197859,0.139548498814679,0.0956050482098924,0.180950066315258,0.0807334766396722,0.166208563711083,0.237215674689306,0.394614565288723,0.295042340321183,0.0729562528987997,0.11788727638723,0.130371085569824,0.116222200294932,0.0732380026571584,0.0108801162316683,0.00951897487111792,0.00889120063409878,0.00995853853981016,0.0116403251462844,0.0321806469207897,0.0396823085537705,0.0245234380080953,0.0292173731586156,0.025305866804248,0.0818767030552927,0.0201235795400889,0.0225375612102128,0.0554652276507216,0.0238784739706011,0.0357934757131556,0.0205288266006096,0.0281824529126367,0.0172569720770659,0.0551035148384456,0.00820566763929743,0.00694801063634238,0.00774300698608254,0.0211187788803789,0.0743496391370062,0.121387676268847,0.0374682339989455,0.0495650490558043,0.0389570288155113,0.0308392828412307,0.0197218046795237,0.0475524128043834,0.0482447204759877,0.0145755909545463,0.0252983029896359,0.028549626354946,0.0171539333655509,0.0254707644432182,0.0488656296553367,0.0126907358018007,0.028315791981485,0.0282429217034787,0.0534830242121253,0.0208625679679746,0.0325139077184755,0.0353270351734005,0.0629394300079852,0.0687535395290614,0.0328559280271084,0.0186532662611451,0.0955238660548145,0.0134755067652407,0.0177873240853328,0.0185377232387509,0.0258941231505091,0.0242191445799923,0.0417369582219935,0.048027152563889,0.0338560810705305,0.0258594389910461,0.025259038025587,0.414250857250705,0.427551822461226,0.43944373469143,0.357304652148481,0.0334588966296456,0.354215090025763,0.0753982409306617,0.0256207372804354,0.0325761219854301,0.361326710709994,0.0286096285045808,0.00691577940582279,0.0279997558985204,0.0549606110692787,0.0385585169076455,0.0295563658225234,0.0531636157522032,0.0230498244872419,0.0265491592994905,0.0122795198597486,0.025605769383345,0.0316420631617365,0.0384949964580595,0.0247882251208426,0.162722077326062,0.156956793291471,0.0295146054615472,0.0384369323048635,0.0384369323048635,0.0158226555497302,0.552625649234563,0.0452798694214937,0.0356460754471757,0.0798022029098995,0.061902175180881,0.0126104198043967,0.0369284798982835,0.00863476306536576,0.00583108655286363,0.0390242257336937,0.0382861061164357,0.0383185849723444,0.00456418983921818,0.0164646721351358,0.00851185702708932,0.0143450627439414,0.00843853345020143,0.00748340759811157,0.00801701956890941,0.0108377893105881,0.0480246674545519,0.0585006671905395,0.0336875922485553,0.0392682357135832,0.00516414349138846,0.00839783426483688,0.0163554928202726,0.00938775083057752,0.0067868249884717,0.00847402657224401,0.0157856932253844,0.0236932217604237,0.0348980282575329,0.0250670181686476,0.0125230811534874,0.00816491223660523,0.0134784053170222,0.0164227663918618,0.0232019328194887,0.106543163806743,0.024594136266448,0.0266070311660962,0.99999999996601,0.690294101665284,0.913080642632063,0.615646589027312
"Wayana",0.0066205149734361,0.0470060467118201,0.519518774197394,0.0722560731051951,0.0165279520900317,0.0618624359646748,0.0890155757944464,0.0349885476813595,0.0320797881411468,0.198383194435966,0.0283798549771864,0.159999740800203,0.0378573196740864,0.0393786129173728,0.0393786129173728,0.133946656496327,0.0589265301634839,0.176709070298659,0.0370411296304268,0.0193116621099687,0.127030192457003,0.0116118645603343,0.0498967773626974,0.0738088793484457,0.00858354257951242,0.0220979621328089,0.0201762553471265,0.03813031773555,0.0319090055076167,0.19080587161771,0.113049188148956,0.0354888643288508,0.0627484071852594,0.0354033353845436,0.0342816336384998,0.121237295714875,0.0581757929216523,0.0892426861729751,0.0992175352984056,0.0193508508226651,0.138908326979658,0.0368337423039056,0.0341211994463714,0.012518787813364,0.139309822770203,0.0342816336384998,0.0136792181693664,0.0199527297148061,0.0187072467034686,0.0137903909765387,0.0186407609131795,0.0177267729961592,0.015514083723438,0.0520858086563183,0.0368337423039056,0.0155130219945647,0.0715188395358471,0.204744621234337,0.0287372822031047,0.102747590649825,0.0164047375336136,0.00161888870632351,0.0092538488109215,0.0102644078883325,0.00223063443889635,0.0025658397120729,0.0820287224768972,0.038595098757882,0.0272736819709644,0.00541041832296189,0.0308033096599606,0.00882277524081971,0.0243582835091356,0.0481718818666223,0.0259013887589853,0.031138893439452,0.0622138791136066,0.0199663809619048,0.00507797918575413,0.0374125613201034,0.0149427886447409,0.0326514785351618,0.016853439545621,0.0128646448145935,0.0658504358644506,0.00508276966107547,0.379810440721421,0.0922012617528459,0.0134408858378289,0.0371469440030161,0.0416322005712181,0.0239727954859941,0.0204625062780321,0.0516962653318729,0.00236058905339502,0.00376421870199555,0.00639489213306645,0.0190778734573286,0.028147109839621,0.0436676375319364,0.0324192361617921,0.0326873237966596,0.00623229023177196,0.0218918717543175,0.0184437963488869,0.00717475732851353,0.00766812185081471,0.0170677061669831,0.0326216579289546,0.0339782659714214,0.00466492593355155,0.00632202862169703,0.0131659833566385,0.0157263990792087,0.00341071169712917,0.0330981597953651,0.0308474786183312,0.0106025105716777,0.0147241704297511,0.00843509808576473,0.00401578122856398,0.0284642402558616,0.355700816123321,0.328936518523062,0.332983186963534,0.27476716403061,0.00846859640980024,0.272514985085605,0.00827113604646365,0.0296329046628317,0.00716271172294866,0.301563406530025,0.0322455277334217,0.00557332778663426,0.00748919075272344,0.0055421358077572,0.0415728169137327,0.00462783771777298,0.00579112735140867,0.00616521561928258,0.00713267496545117,0.00795209459405671,0.0226248885057262,0.0279584706246502,0.00862257694555208,0.00670041150848806,0.0656899650531263,0.011857941278591,0.00971317833322564,0.0104231999948945,0.0104231999948945,0.0175971279090857,0.47406653195679,0.0772451432045015,0.0469369304860183,0.00806682894425825,0.0383007000087542,0.0352993244408881,0.0122447200007892,0.00444706180866964,0.00469918931826712,0.00609283222148435,0.00280603173581183,0.00280841214765486,0.00367821536252817,0.0025706207622251,0.00282235570675114,0.0162158932542001,0.0188672408569171,0.0023808913859324,0.0152333161216036,0.0418889752695152,0.018168247316326,0.0193878409733569,0.0101765512044003,0.136849336356233,0.001738546323201,0.0165464222093168,0.0156298195579765,0.0161318166526029,0.0139984190210017,0.0138827858617482,0.0022815598470628,0.0141563589266543,0.01221404254089,0.0073135810150519,0.0275383497613644,0.00358739299217268,0.0300812676225472,0.00700768871069874,0.011792268326091,0.01125848941495,0.00591045203208432,0.00545878935934201,0.690294101665284,0.999999999977925,0.765072074727438,0.484048056715095
"Trio",0.0690073841633678,0.0561276635850765,0.687548438469706,0.185591160258129,0.019104760789039,0.152025434870997,0.105980905614893,0.0404434760072038,0.0367438994880127,0.381198238092602,0.0325060294719116,0.190489437047276,0.0437595070786325,0.0455179792319683,0.0455179792319683,0.159572192136725,0.0690755072756595,0.210506593398229,0.0427786946305586,0.0223029833177817,0.151210075461506,0.0134068703408718,0.133682716025241,0.0879507890999928,0.105585632844282,0.0259141308137625,0.248186884319973,0.0447151658521974,0.206936879378504,0.227396069978995,0.134635727325832,0.0415128551354885,0.0736063250593752,0.0414128082407226,0.0401007053327044,0.144408051399417,0.069294294671786,0.106310761305555,0.118195552016961,0.0221642896927314,0.350602349679716,0.262021579139451,0.218770811992574,0.0143389064512636,0.350963340290271,0.0401007053327044,0.0994724448819674,0.14250047452255,0.0214271113497298,0.0159181977094054,0.120889411351611,0.0207357708771718,0.110361436603686,0.0609270166922032,0.262021579139451,0.190824735759455,0.0851724549793888,0.24448707232009,0.0336941936838022,0.122400825204337,0.0192433959298144,0.00187128334533937,0.0110228635940654,0.0122327715872637,0.00261662105806974,0.00300842298203099,0.0979519573488726,0.0459725871109067,0.032471727435955,0.0062539355914396,0.0368874777290392,0.0577483333247151,0.0290143916335636,0.0575129727259639,0.0627423052927363,0.0370743072013674,0.0742899121659152,0.0237829729059759,0.00608096487652612,0.0448021669656814,0.017528472954671,0.0389049959983349,0.020082587896984,0.0153237334124008,0.0784244581720324,0.0511381723291854,0.121943429301875,0.110073330194458,0.0157666824778544,0.0442704715841717,0.0495867372464185,0.0285539385411381,0.0495674123074185,0.0619071410556746,0.00271033249212019,0.00435108339303173,0.00750145749014906,0.0227138904094244,0.0335001887213918,0.0519901795883863,0.0386214088286755,0.0389556616185991,0.00746327163098165,0.0587261398571394,0.0219716674497434,0.00859189171840468,0.00918270397298134,0.0200210839528483,0.0810219383250506,0.0404863583920575,0.00558632670908518,0.065896181722991,0.0157664849397936,0.0188326255261821,0.00408438421575563,0.0396355990898841,0.0367590631906314,0.0124107588831792,0.0172353639944818,0.0101011708227316,0.00480896508422517,0.0340864030554753,0.425957667464713,0.39390697412816,0.437712888553914,0.329038267502455,0.00991168587261858,0.326341245604729,0.053031053373289,0.0353147527540759,0.00857746690458064,0.361127215389246,0.0383833570416001,0.0063836392905271,0.0089684309948922,0.0384732486203236,0.0495199922630519,0.00554191295131386,0.0402017363181229,0.00738294866238849,0.00836443971606042,0.0093281166145841,0.0269532898407208,0.0333072475499015,0.0101146185215692,0.00785904759394824,0.178981414501486,0.0999238688164084,0.0113619235972116,0.0122268194749717,0.0122268194749717,0.0209509351076361,0.567442304552473,0.0922255368912466,0.0559289071841786,0.0517211219707944,0.0999183964517664,0.0420376617800745,0.0139783931445612,0.00507392492767106,0.00535588715167742,0.00693695738197317,0.0367915055011586,0.0368227164580056,0.00419899682514572,0.00292676476630041,0.0032219599680922,0.0194188029752219,0.022593836006635,0.00285115719523195,0.0182421504500304,0.0501627474256796,0.0217567795684753,0.0232172633399067,0.0121865900142961,0.163879365650929,0.00208193825553193,0.0198146169187654,0.0187169699366402,0.0193181198407419,0.0167633405494377,0.0166248679101744,0.00273220601861192,0.0169524762239413,0.0146265199155777,0.00875813540136781,0.0329776337261127,0.00429596301712448,0.0360228203312385,0.00839182425854785,0.0141214382498032,0.0916363554210512,0.00693319038752767,0.00653699141888345,0.913080642632063,0.765072074727438,0.999999999968343,0.636340267421253
"Waiwai",0.135783517258911,0.148078692359911,0.66594374050207,0.079869734244225,0.335686361435869,0.317060471438948,0.301028710150401,0.0205808619174621,0.0236383655032998,0.264672860353624,0.0209120266607762,0.0152197433379758,0.0222683226487243,0.0231631733427825,0.0231631733427825,0.0230729010875372,0.0397866374428016,0.0295187952117201,0.0215891133769497,0.0112556411466172,0.0128738889860795,0.0067484920408049,0.11245845723593,0.0591663276324691,0.138772847042857,0.188802981571511,0.167091169704443,0.0258391261584178,0.13627114044063,0.148689172205005,0.173878243585308,0.0273614013090559,0.04263721763604,0.0272954597295488,0.0264306439006017,0.0215313770090118,0.0103318448568309,0.280129727660036,0.310620066777525,0.014258899794771,0.148815570042306,0.176468646117703,0.144074099498627,0.00922461459797231,0.149117131518197,0.0264306439006017,0.0669923559138876,0.0959721760432661,0.0137846526039192,0.290921497689979,0.0796075499032088,0.0881491608483778,0.0743272113873892,0.0401574054315985,0.176468646117703,0.128472253454288,0.334624473605423,0.172960105703563,0.100699244954015,0.0897705788474032,0.0111469341748794,0.0557402503634943,0.0258066528618361,0.00799870047475733,0.00151570454617379,0.0916038819572703,0.0690837794358525,0.0575302131880915,0.156359025356417,0.149004342927563,0.109256752761317,0.0745414698052786,0.0854452235846937,0.040664196226298,0.105656123932394,0.0809013477531705,0.22518324324907,0.172330405683627,0.00309447927824945,0.23816415603523,0.126060394945871,0.110294148369698,0.153027610055107,0.0857823235809176,0.387641891594627,0.0655979174917257,0.296097356714021,0.130546650818431,0.276719432377654,0.0966391636268605,0.147521416630034,0.0591509078483386,0.0639847825867432,0.222431309910704,0.0960535810695108,0.12960649614322,0.131657313552512,0.109374932082803,0.0456826228848293,0.200241937664476,0.169199361762793,0.17100581063519,0.181240399764954,0.100015110690721,0.0793870656291363,0.123672373072588,0.135200650990262,0.35138799774855,0.0768051071952678,0.215444472003724,0.0883845892357317,0.264957457661311,0.0644957764248433,0.0677329941733358,0.074599097736124,0.185083088834981,0.144050912464779,0.239613529349607,0.00980967906955811,0.160654012933554,0.140548745776878,0.137285503960679,0.399832219331374,0.39388925470384,0.41570880117417,0.330090058682306,0.266462819645919,0.326326565541933,0.264919260213336,0.108051055957189,0.124047792127074,0.32589202073826,0.155589935801429,0.148328790111637,0.145755875083511,0.124272773877725,0.0902318175709228,0.042093181531704,0.1534823054312,0.0297896941573494,0.139393826462636,0.0594895698660736,0.0271468378823854,0.0335464225291118,0.110637824539344,0.0318415167471497,0.127689718280236,0.065708586656463,0.257183543428953,0.17599381244107,0.17599381244107,0.10088369336651,0.529520642219265,0.111032024729046,0.249544862273868,0.034061555127059,0.134267712692768,0.0898957151046644,0.112565627719642,0.0412978430744959,0.0444943842288229,0.0590492632813003,0.0485121681844442,0.0485533220096856,0.0338138088206006,0.02491341574274,0.0259458968237684,0.0724393842069392,0.155338851448661,0.0849279272879075,0.0714882584621948,0.0600831166560166,0.0109799886337824,0.0962364624644095,0.321986251347866,0.171412034506104,0.00133936838831138,0.0541105139480451,0.0698267240542192,0.0696710272910788,0.0621085147334426,0.0658224976624747,0.113138121688199,0.336514240277563,0.229913439272617,0.0298793139445433,0.0761227184554669,0.0159563538809736,0.0443067292618874,0.120792586135538,0.228354007500425,0.122187170067813,0.00401612153868434,0.00372059376986871,0.615646589027312,0.484048056715095,0.636340267421253,0.99999999998552
