ID,CONCEPT,DOCULECT,FORM,TOKENS,SONARS,PROSTRINGS,CLASSES,LANGID,NUMBERS,WEIGHTS,IPA,DUPLICATES,COGNATES
1,I,AGTA,ijok,i j o k,7 6 7 1,XBYN,IJUK,1.0,1.I.V 1.J.C 1.U.V 1.K.c,1.5 1.75 1.3 0.8,ijok,0.0,1.0
41,I,AKLANON,aku,a k u,7 1 7,XBZ,AKY,2.0,2.A.V 2.K.C 2.Y.V,1.5 1.75 0.8,aku,0.0,15.0
81,I,ATTA PAMPLONA,sikan,s i k a n,3 7 1 7 4,AXBYN,SIKAN,3.0,3.S.C 3.I.V 3.K.C 3.A.V 3.N.c,2.0 1.5 1.75 1.3 0.8,sikan,0.0,3.0
121,I,BALANGAW,haʔon,h a ʔ o n,3 7 1 7 4,AXBYN,HAHUN,5.0,5.H.C 5.A.V 5.H.C 5.U.V 5.N.c,2.0 1.5 1.75 1.3 0.8,haʔon,0.0,3.0
161,I,BALANGINGI SAMA,aku,a k u,7 1 7,XBZ,AKY,6.0,6.A.V 6.K.C 6.Y.V,1.5 1.75 0.8,aku,0.0,15.0
201,I,BALANGINGI SAMA (1),aku,a k u,7 1 7,XBZ,AKY,7.0,7.A.V 7.K.C 7.Y.V,1.5 1.75 0.8,aku,0.0,15.0
241,I,BASQUE,nik,n i k,4 7 1,AXN,NIK,8.0,8.N.C 8.I.V 8.K.c,2.0 1.5 0.8,nik,0.0,7.0
281,I,BATAK PALAWAN,aku,a k u,7 1 7,XBZ,AKY,9.0,9.A.V 9.K.C 9.Y.V,1.5 1.75 0.8,aku,0.0,15.0
321,I,BILAAN KORONADAL,agu,a g u,7 1 7,XBZ,AKY,10.0,10.A.V 10.K.C 10.Y.V,1.5 1.75 0.8,agu,0.0,15.0
361,I,BILAAN SARANGANI,agu,a g u,7 1 7,XBZ,AKY,11.0,11.A.V 11.K.C 11.Y.V,1.5 1.75 0.8,agu,0.0,15.0
401,I,BINUKID,siʔak,s i ʔ a k,3 7 1 7 1,AXBYN,SIHAK,12.0,12.S.C 12.I.V 12.H.C 12.A.V 12.K.c,2.0 1.5 1.75 1.3 0.8,siʔak,0.0,46.0
441,I,BONGGI,ou,o u,7 7,XZ,UY,14.0,14.U.V 14.Y.V,1.5 0.8,ou,0.0,12.0
481,I,BONTOC GUINAANG,sakʔən,s a k ʔ ə n,3 7 1 1 7 4,AXMBYN,SAKHEN,15.0,15.S.C 15.A.V 15.K.c 15.H.C 15.E.V 15.N.c,2.0 1.5 1.1 1.75 1.3 0.8,sakʔən,0.0,3.0
521,I,BROOKES POINT PALAWAN,aku,a k u,7 1 7,XBZ,AKY,16.0,16.A.V 16.K.C 16.Y.V,1.5 1.75 0.8,aku,0.0,15.0
561,I,BUHI,ʔaku,ʔ a k u,1 7 1 7,AXBZ,HAKY,17.0,17.H.C 17.A.V 17.K.C 17.Y.V,2.0 1.5 1.75 0.8,ʔaku,0.0,15.0
601,I,BUHINON ALBAY BICOLANO,ako,a k o,7 1 7,XBZ,AKU,18.0,18.A.V 18.K.C 18.U.V,1.5 1.75 0.8,ako,0.0,15.0
641,I,BUKIDNON BINUKID,janʔa,j a n ʔ a,6 7 4 1 7,AXMBZ,JANHA,19.0,19.J.C 19.A.V 19.N.c 19.H.C 19.A.V,2.0 1.5 1.1 1.75 0.8,janʔa,0.0,17.0
681,I,BUTUANON,ako,a k o,7 1 7,XBZ,AKU,20.0,20.A.V 20.K.C 20.U.V,1.5 1.75 0.8,ako,0.0,15.0
721,I,CAIJIA,ŋuo,ŋ u o,4 7 7,AXZ,NYU,21.0,21.N.C 21.Y.V 21.U.V,2.0 1.5 0.8,ŋuo,0.0,19.0
761,I,CANIPAAN PALAWAN,aku,a k u,7 1 7,XBZ,AKY,22.0,22.A.V 22.K.C 22.Y.V,1.5 1.75 0.8,aku,0.0,15.0
801,I,CASIGURAN NEGRITO,sakən,s a k ə n,3 7 1 7 4,AXBYN,SAKEN,23.0,23.S.C 23.A.V 23.K.C 23.E.V 23.N.c,2.0 1.5 1.75 1.3 0.8,sakən,0.0,3.0
841,I,CEBUANO,ako,a k o,7 1 7,XBZ,AKU,24.0,24.A.V 24.K.C 24.U.V,1.5 1.75 0.8,ako,0.0,22.0
881,I,CENTRAL BICOLANO,ako,a k o,7 1 7,XBZ,AKU,25.0,25.A.V 25.K.C 25.U.V,1.5 1.75 0.8,ako,0.0,15.0
921,I,CENTRAL BONTOC,sakʔən,s a k ʔ ə n,3 7 1 1 7 4,AXMBYN,SAKHEN,26.0,26.S.C 26.A.V 26.K.c 26.H.C 26.E.V 26.N.c,2.0 1.5 1.1 1.75 1.3 0.8,sakʔən,0.0,3.0
961,I,CENTRAL DUSUN,ioho,i o h o,7 7 3 7,XYBZ,IUHU,27.0,27.I.V 27.U.V 27.H.C 27.U.V,1.5 1.3 1.75 0.8,ioho,0.0,25.0
1001,I,CENTRAL TAGBANWA,ako,a k o,7 1 7,XBZ,AKU,28.0,28.A.V 28.K.C 28.U.V,1.5 1.75 0.8,ako,0.0,15.0
1041,I,CUYONON,ako,a k o,7 1 7,XBZ,AKU,29.0,29.A.V 29.K.C 29.U.V,1.5 1.75 0.8,ako,0.0,15.0
1081,I,DARAGA,ʔaku,ʔ a k u,1 7 1 7,AXBZ,HAKY,30.0,30.H.C 30.A.V 30.K.C 30.Y.V,2.0 1.5 1.75 0.8,ʔaku,0.0,15.0
1121,I,DUMAGAT CASIGURAN,sakən,s a k ə n,3 7 1 7 4,AXBYN,SAKEN,31.0,31.S.C 31.A.V 31.K.C 31.E.V 31.N.c,2.0 1.5 1.75 1.3 0.8,sakən,0.0,3.0
1161,I,DUPANINGAN AGTA,hikan,h i k a n,3 7 1 7 4,AXBYN,HIKAN,32.0,32.H.C 32.I.V 32.K.C 32.A.V 32.N.c,2.0 1.5 1.75 1.3 0.8,hikan,0.0,3.0
1201,I,ENGLISH,Ei,æ i,7 7,XZ,EI,33.0,33.E.V 33.I.V,1.5 0.8,æi,0.0,31.0
1241,I,ESKAYAN,narin,n a r i n,4 7 5 7 4,AXBYN,NARIN,34.0,34.N.C 34.A.V 34.R.C 34.I.V 34.N.c,2.0 1.5 1.75 1.3 0.8,narin,0.0,32.0
1281,I,ESTONIAN,mina,m i n a,4 7 4 7,AXBZ,MINA,35.0,35.M.C 35.I.V 35.N.C 35.A.V,2.0 1.5 1.75 0.8,mina,0.0,33.0
1321,I,FINNISH,minE,m i n æ,4 7 4 7,AXBZ,MINE,37.0,37.M.C 37.I.V 37.N.C 37.E.V,2.0 1.5 1.75 0.8,minæ,0.0,33.0
1361,I,FUZHOU CHINESE,ŋuai,ŋ u a i,4 7 7 7,AXYZ,NYAI,38.0,38.N.C 38.Y.V 38.A.V 38.I.V,2.0 1.5 1.3 0.8,ŋuai,0.0,19.0
1401,I,GADDANG,ikkanak,i kk a n a k,7 1 7 4 7 1,XBYBYN,IKANAK,39.0,39.I.V 39.K.C 39.A.V 39.N.C 39.A.V 39.K.c,1.5 1.75 1.3 1.75 1.3 0.8,ikkanak,0.0,36.0
1441,I,HANUNOO,aku,a k u,7 1 7,XBZ,AKY,40.0,40.A.V 40.K.C 40.Y.V,1.5 1.75 0.8,aku,0.0,15.0
1481,I,HIGAONON BINUKID,janʔa,j a n ʔ a,6 7 4 1 7,AXMBZ,JANHA,41.0,41.J.C 41.A.V 41.N.c 41.H.C 41.A.V,2.0 1.5 1.1 1.75 0.8,janʔa,0.0,17.0
1521,I,HUNGARIAN,en,e n,7 4,XN,EN,43.0,43.E.V 43.N.c,1.5 0.8,en,0.0,39.0
1561,I,IBALOI,sihʔkak,s i h ʔ k a k,3 7 3 1 1 7 1,AXLMBYN,SIHHKAK,44.0,44.S.C 44.I.V 44.H.c 44.H.c 44.K.C 44.A.V 44.K.c,2.0 1.5 1.1 1.1 1.75 1.3 0.8,sihʔkak,0.0,40.0
1601,I,IBANAG,soʔ,s o ʔ,3 7 1,AXN,SUH,45.0,45.S.C 45.U.V 45.H.c,2.0 1.5 0.8,soʔ,0.0,41.0
1641,I,IDAAN,aku,a k u,7 1 7,XBZ,AKY,46.0,46.A.V 46.K.C 46.Y.V,1.5 1.75 0.8,aku,0.0,15.0
1681,I,IFUGAO AMGANAD,haʔʔon,h a ʔʔ o n,3 7 1 7 4,AXBYN,HAHUN,47.0,47.H.C 47.A.V 47.H.C 47.U.V 47.N.c,2.0 1.5 1.75 1.3 0.8,haʔʔon,0.0,3.0
1721,I,IFUGAO BATAD,haʔʔin,h a ʔʔ i n,3 7 1 7 4,AXBYN,HAHIN,48.0,48.H.C 48.A.V 48.H.C 48.I.V 48.N.c,2.0 1.5 1.75 1.3 0.8,haʔʔin,0.0,3.0
1761,I,IFUGAO BAYNINAN,haʔʔen,h a ʔʔ e n,3 7 1 7 4,AXBYN,HAHEN,49.0,49.H.C 49.A.V 49.H.C 49.E.V 49.N.c,2.0 1.5 1.75 1.3 0.8,haʔʔen,0.0,3.0
1801,I,ILOKANO,siak,s i a k,3 7 7 1,AXYN,SIAK,50.0,50.S.C 50.I.V 50.A.V 50.K.c,2.0 1.5 1.3 0.8,siak,0.0,46.0
1841,I,ILONGOT KAKIDUGEN,siʔak,s i ʔ a k,3 7 1 7 1,AXBYN,SIHAK,51.0,51.S.C 51.I.V 51.H.C 51.A.V 51.K.c,2.0 1.5 1.75 1.3 0.8,siʔak,0.0,46.0
1881,I,INIBALOI,siʔkak,s i ʔ k a k,3 7 1 1 7 1,AXMBYN,SIHKAK,54.0,54.S.C 54.I.V 54.H.c 54.K.C 54.A.V 54.K.c,2.0 1.5 1.1 1.75 1.3 0.8,siʔkak,0.0,40.0
1921,I,IRANUN,aku,a k u,7 1 7,XBZ,AKY,55.0,55.A.V 55.K.C 55.Y.V,1.5 1.75 0.8,aku,0.0,15.0
1961,I,IRIGA,ʔaku,ʔ a k u,1 7 1 7,AXBZ,HAKY,57.0,57.H.C 57.A.V 57.K.C 57.Y.V,2.0 1.5 1.75 0.8,ʔaku,0.0,15.0
2001,I,ISNAG,ijaʔ,i j a ʔ,7 6 7 1,XBYN,IJAH,59.0,59.I.V 59.J.C 59.A.V 59.H.c,1.5 1.75 1.3 0.8,ijaʔ,0.0,51.0
2041,I,ISNEG,ijaʔ,i j a ʔ,7 6 7 1,XBYN,IJAH,60.0,60.I.V 60.J.C 60.A.V 60.H.c,1.5 1.75 1.3 0.8,ijaʔ,0.0,51.0
2081,I,ITAWIT,jEkEn,j æ k æ n,6 7 1 7 4,AXBYN,JEKEN,61.0,61.J.C 61.E.V 61.K.C 61.E.V 61.N.c,2.0 1.5 1.75 1.3 0.8,jækæn,0.0,53.0
2121,I,ITBAYATEN BATANES ISLANDS,jakən,j a k ə n,6 7 1 7 4,AXBYN,JAKEN,62.0,62.J.C 62.A.V 62.K.C 62.E.V 62.N.c,2.0 1.5 1.75 1.3 0.8,jakən,0.0,77.0
2161,I,ITNEG BINONGAN,dijakən,d i j a k ə n,1 7 6 7 1 7 4,AXBYBYN,TIJAKEN,63.0,63.T.C 63.I.V 63.J.C 63.A.V 63.K.C 63.E.V 63.N.c,2.0 1.5 1.75 1.3 1.75 1.3 0.8,dijakən,0.0,77.0
2201,I,IVATAN BATANES ISLANDS,jakən,j a k ə n,6 7 1 7 4,AXBYN,JAKEN,65.0,65.J.C 65.A.V 65.K.C 65.E.V 65.N.c,2.0 1.5 1.75 1.3 0.8,jakən,0.0,77.0
2241,I,JAPANESE,wataSi,w a t a s i,6 7 1 7 3 7,AXBYBZ,WATASI,66.0,66.W.C 66.A.V 66.T.C 66.A.V 66.S.C 66.I.V,2.0 1.5 1.75 1.3 1.75 0.8,watasi,0.0,57.0
2281,I,KADAZAN,zou,z o u,3 7 7,AXZ,SUY,67.0,67.S.C 67.U.V 67.Y.V,2.0 1.5 0.8,zou,0.0,58.0
2321,I,KAGAYANEN,a,a,7,X,A,68.0,68.A.V,1.5,a,0.0,59.0
2361,I,KALAGAN,aku,a k u,7 1 7,XBZ,AKY,69.0,69.A.V 69.K.C 69.Y.V,1.5 1.75 0.8,aku,0.0,15.0
2401,I,KALINGA GUINAANG,saʔon,s a ʔ o n,3 7 1 7 4,AXBYN,SAHUN,70.0,70.S.C 70.A.V 70.H.C 70.U.V 70.N.c,2.0 1.5 1.75 1.3 0.8,saʔon,0.0,3.0
2441,I,KALINGA LIMOS,sakon,s a k o n,3 7 1 7 4,AXBYN,SAKUN,71.0,71.S.C 71.A.V 71.K.C 71.U.V 71.N.c,2.0 1.5 1.75 1.3 0.8,sakon,0.0,3.0
2481,I,KALLAHAN KAYAPA PROPER,hiʔgak,h i ʔ g a k,3 7 1 1 7 1,AXMBYN,HIHKAK,72.0,72.H.C 72.I.V 72.H.c 72.K.C 72.A.V 72.K.c,2.0 1.5 1.1 1.75 1.3 0.8,hiʔgak,0.0,40.0
2521,I,KALLAHAN KELEYQIQ IFUGAO,hiʔgak,h i ʔ g a k,3 7 1 1 7 1,AXMBYN,HIHKAK,73.0,73.H.C 73.I.V 73.H.c 73.K.C 73.A.V 73.K.c,2.0 1.5 1.1 1.75 1.3 0.8,hiʔgak,0.0,40.0
2561,I,KANKANAY NORTHERN,sakʔin,s a k ʔ i n,3 7 1 1 7 4,AXMBYN,SAKHIN,75.0,75.S.C 75.A.V 75.K.c 75.H.C 75.I.V 75.N.c,2.0 1.5 1.1 1.75 1.3 0.8,sakʔin,0.0,3.0
2601,I,KAPAMPANGAN,aku,a k u,7 1 7,XBZ,AKY,76.0,76.A.V 76.K.C 76.Y.V,1.5 1.75 0.8,aku,0.0,15.0
2641,I,KINARAY A,ako,a k o,7 1 7,XBZ,AKU,77.0,77.A.V 77.K.C 77.U.V,1.5 1.75 0.8,ako,0.0,15.0
2681,I,KOREAN,na,n a,4 7,AX,,78.0,78.N.C 78.A.V,2.0 1.5,na,0.0,19.0
2721,I,LEGAZPI,ʔaku,ʔ a k u,1 7 1 7,AXBZ,HAKY,79.0,79.H.C 79.A.V 79.K.C 79.Y.V,2.0 1.5 1.75 0.8,ʔaku,0.0,15.0
2761,I,LIBON,ʔaku,ʔ a k u,1 7 1 7,AXBZ,HAKY,80.0,80.H.C 80.A.V 80.K.C 80.Y.V,2.0 1.5 1.75 0.8,ʔaku,0.0,15.0
2801,I,LIVE,minama,m i n a m a,4 7 4 7 4 7,AXBYBZ,MINAMA,82.0,82.M.C 82.I.V 82.N.C 82.A.V 82.M.C 82.A.V,2.0 1.5 1.75 1.3 1.75 0.8,minama,0.0,33.0
2841,I,MAGUINDANAO,Eku,æ k u,7 1 7,XBZ,EKY,83.0,83.E.V 83.K.C 83.Y.V,1.5 1.75 0.8,æku,0.0,12.0
2881,I,MAMANWA,haʔo,h a ʔ o,3 7 1 7,AXBZ,HAHU,84.0,84.H.C 84.A.V 84.H.C 84.U.V,2.0 1.5 1.75 0.8,haʔo,0.0,73.0
2921,I,MANOBO ATA,sikanak,s i k a n a k,3 7 1 7 4 7 1,AXBYBYN,SIKANAK,88.0,88.S.C 88.I.V 88.K.C 88.A.V 88.N.C 88.A.V 88.K.c,2.0 1.5 1.75 1.3 1.75 1.3 0.8,sikanak,0.0,36.0
2961,I,MANOBO DIBABAWON,siʔak,s i ʔ a k,3 7 1 7 1,AXBYN,SIHAK,89.0,89.S.C 89.I.V 89.H.C 89.A.V 89.K.c,2.0 1.5 1.75 1.3 0.8,siʔak,0.0,46.0
3001,I,MANOBO ILIANEN,siʔakən,s i ʔ a k ə n,3 7 1 7 1 7 4,AXBYBYN,SIHAKEN,90.0,90.S.C 90.I.V 90.H.C 90.A.V 90.K.C 90.E.V 90.N.c,2.0 1.5 1.75 1.3 1.75 1.3 0.8,siʔakən,0.0,76.0
3041,I,MANOBO KALAMANSIG COTABATO,akən,a k ə n,7 1 7 4,XBYN,AKEN,91.0,91.A.V 91.K.C 91.E.V 91.N.c,1.5 1.75 1.3 0.8,akən,0.0,77.0
3081,I,MANOBO SARANGANI,siʔak,s i ʔ a k,3 7 1 7 1,AXBYN,SIHAK,92.0,92.S.C 92.I.V 92.H.C 92.A.V 92.K.c,2.0 1.5 1.75 1.3 0.8,siʔak,0.0,46.0
3121,I,MANOBO TIGWA,siʔak,s i ʔ a k,3 7 1 7 1,AXBYN,SIHAK,93.0,93.S.C 93.I.V 93.H.C 93.A.V 93.K.c,2.0 1.5 1.75 1.3 0.8,siʔak,0.0,46.0
3161,I,MANOBO WESTERN BUKIDNON,siʔak,s i ʔ a k,3 7 1 7 1,AXBYN,SIHAK,94.0,94.S.C 94.I.V 94.H.C 94.A.V 94.K.c,2.0 1.5 1.75 1.3 0.8,siʔak,0.0,46.0
3201,I,MANSAKA,aku,a k u,7 1 7,XBZ,AKY,95.0,95.A.V 95.K.C 95.Y.V,1.5 1.75 0.8,aku,0.0,15.0
3241,I,MAPUN,aku,a k u,7 1 7,XBZ,AKY,97.0,97.A.V 97.K.C 97.Y.V,1.5 1.75 0.8,aku,0.0,15.0
3281,I,MARANAO,ako,a k o,7 1 7,XBZ,AKU,98.0,98.A.V 98.K.C 98.U.V,1.5 1.75 0.8,ako,0.0,15.0
3321,I,MARINDUQUE TAGALOG,ʔaku,ʔ a k u,1 7 1 7,AXBZ,HAKY,99.0,99.H.C 99.A.V 99.K.C 99.Y.V,2.0 1.5 1.75 0.8,ʔaku,0.0,15.0
3361,I,MASBATENYO,ako,a k o,7 1 7,XBZ,AKU,100.0,100.A.V 100.K.C 100.U.V,1.5 1.75 0.8,ako,0.0,15.0
3401,I,MINANGALI LOWER TANUDAN KALINGA,sakon,s a k o n,3 7 1 7 4,AXBYN,SAKUN,101.0,101.S.C 101.A.V 101.K.C 101.U.V 101.N.c,2.0 1.5 1.75 1.3 0.8,sakon,0.0,3.0
3441,I,MOKSHA,mon,m o n,4 7 4,AXN,MUN,102.0,102.M.C 102.U.V 102.N.c,2.0 1.5 0.8,mon,0.0,33.0
3481,I,MOLBOG,aku,a k u,7 1 7,XBZ,AKY,103.0,103.A.V 103.K.C 103.Y.V,1.5 1.75 0.8,aku,0.0,15.0
3521,I,MOLBOG 2,aku,a k u,7 1 7,XBZ,AKY,104.0,104.A.V 104.K.C 104.Y.V,1.5 1.75 0.8,aku,0.0,15.0
3561,I,MONGOLIAN,pji,p j i,1 6 7,ACX,PJI,105.0,105.P.C 105.J.C 105.I.V,2.0 1.5 1.5,pji,0.0,90.0
3601,I,MORO MAGINDANAU,aku,a k u,7 1 7,XBZ,AKY,106.0,106.A.V 106.K.C 106.Y.V,1.5 1.75 0.8,aku,0.0,15.0
3641,I,NAGA,ʔaku,ʔ a k u,1 7 1 7,AXBZ,HAKY,107.0,107.H.C 107.A.V 107.K.C 107.Y.V,2.0 1.5 1.75 0.8,ʔaku,0.0,15.0
3681,I,NORTHERN CATANDUANES,ʔaku,ʔ a k u,1 7 1 7,AXBZ,HAKY,108.0,108.H.C 108.A.V 108.K.C 108.Y.V,2.0 1.5 1.75 0.8,ʔaku,0.0,15.0
3721,I,NORTHERN SORSOGON,ʔaku,ʔ a k u,1 7 1 7,AXBZ,HAKY,109.0,109.H.C 109.A.V 109.K.C 109.Y.V,2.0 1.5 1.75 0.8,ʔaku,0.0,15.0
3761,I,OAS,ʔaku,ʔ a k u,1 7 1 7,AXBZ,HAKY,110.0,110.H.C 110.A.V 110.K.C 110.Y.V,2.0 1.5 1.75 0.8,ʔaku,0.0,15.0
3801,I,PALAWANO BATAK,aku,a k u,7 1 7,XBZ,AKY,111.0,111.A.V 111.K.C 111.Y.V,1.5 1.75 0.8,aku,0.0,15.0
3841,I,PANGASINAN,siak,s i a k,3 7 7 1,AXYN,SIAK,112.0,112.S.C 112.I.V 112.A.V 112.K.c,2.0 1.5 1.3 0.8,siak,0.0,46.0
3881,I,PANGUTARAN SAMA,aku,a k u,7 1 7,XBZ,AKY,113.0,113.A.V 113.K.C 113.Y.V,1.5 1.75 0.8,aku,0.0,15.0
3921,I,PANGUTARAN SAMA (1),aku,a k u,7 1 7,XBZ,AKY,114.0,114.A.V 114.K.C 114.Y.V,1.5 1.75 0.8,aku,0.0,15.0
3961,I,PROTO PALAWAN,ʔaku,ʔ a k u,1 7 1 7,AXBZ,HAKY,115.0,115.H.C 115.A.V 115.K.C 115.Y.V,2.0 1.5 1.75 0.8,ʔaku,0.0,15.0
4001,I,QUEZON PALAWAN,aku,a k u,7 1 7,XBZ,AKY,117.0,117.A.V 117.K.C 117.Y.V,1.5 1.75 0.8,aku,0.0,15.0
4041,I,ROMBLOMANON 1,Eko,æ k o,7 1 7,XBZ,EKU,118.0,118.E.V 118.K.C 118.U.V,1.5 1.75 0.8,æko,0.0,102.0
4081,I,ROMBLOMANON 2,ʔaku,ʔ a k u,1 7 1 7,AXBZ,HAKY,119.0,119.H.C 119.A.V 119.K.C 119.Y.V,2.0 1.5 1.75 0.8,ʔaku,0.0,15.0
4121,I,SAMAL,aku,a k u,7 1 7,XBZ,AKY,120.0,120.A.V 120.K.C 120.Y.V,1.5 1.75 0.8,aku,0.0,15.0
4161,I,SAMBAL BOTOLAN,hiko,h i k o,3 7 1 7,AXBZ,HIKU,121.0,121.H.C 121.I.V 121.K.C 121.U.V,2.0 1.5 1.75 0.8,hiko,0.0,105.0
4201,I,SANGIL,iaʔ,i a ʔ,7 7 1,XYN,IAH,122.0,122.I.V 122.A.V 122.H.c,1.5 1.3 0.8,iaʔ,0.0,106.0
4241,I,SANGIL SARANGANI ISLANDS,iaʔ,i a ʔ,7 7 1,XYN,IAH,123.0,123.I.V 123.A.V 123.H.c,1.5 1.3 0.8,iaʔ,0.0,106.0
4281,I,SEDANG,a,a,7,X,A,124.0,124.A.V,1.5,a,0.0,108.0
4321,I,SIBUTU SOUTHERN SAMA,aku,a k u,7 1 7,XBZ,AKY,125.0,125.A.V 125.K.C 125.Y.V,1.5 1.75 0.8,aku,0.0,15.0
4361,I,SOGODNIN BORACAY,ak,a k,7 1,XN,AK,127.0,127.A.V 127.K.c,1.5 0.8,ak,0.0,110.0
4401,I,SOUTH SAAMI,manə,m a n ə,4 7 4 7,AXBZ,MANE,128.0,128.M.C 128.A.V 128.N.C 128.E.V,2.0 1.5 1.75 0.8,manə,0.0,33.0
4441,I,SOUTHERN CATANDUANES,ʔaku,ʔ a k u,1 7 1 7,AXBZ,HAKY,129.0,129.H.C 129.A.V 129.K.C 129.Y.V,2.0 1.5 1.75 0.8,ʔaku,0.0,15.0
4481,I,SOUTHERN SORSOGON,ʔaku,ʔ a k u,1 7 1 7,AXBZ,HAKY,131.0,131.H.C 131.A.V 131.K.C 131.Y.V,2.0 1.5 1.75 0.8,ʔaku,0.0,15.0
4521,I,SOUTHWEST PALAWANO,ako,a k o,7 1 7,XBZ,AKU,132.0,132.A.V 132.K.C 132.U.V,1.5 1.75 0.8,ako,0.0,15.0
4561,I,SPANISH,jo,j o,6 7,AX,JU,133.0,133.J.C 133.U.V,2.0 1.5,jo,0.0,115.0
4601,I,SUBANON SIOCON,akon,a k o n,7 1 7 4,XBYN,AKUN,134.0,134.A.V 134.K.C 134.U.V 134.N.c,1.5 1.75 1.3 0.8,akon,0.0,77.0
4641,I,SUBANUN SINDANGAN,inan,i n a n,7 4 7 4,XBYN,INAN,135.0,135.I.V 135.N.C 135.A.V 135.N.c,1.5 1.75 1.3 0.8,inan,0.0,117.0
4681,I,SURIGAONON,ako,a k o,7 1 7,XBZ,AKU,136.0,136.A.V 136.K.C 136.U.V,1.5 1.75 0.8,ako,0.0,15.0
4721,I,TAGABAWA,a,a,7,X,A,137.0,137.A.V,1.5,a,0.0,59.0
4761,I,TAGABILI,oʔuh,o ʔ u h,7 1 7 3,XBYN,UHYH,138.0,138.U.V 138.H.C 138.Y.V 138.H.c,1.5 1.75 1.3 0.8,oʔuh,0.0,120.0
4801,I,TAGALOG,ako,a k o,7 1 7,XBZ,AKU,139.0,139.A.V 139.K.C 139.U.V,1.5 1.75 0.8,ako,0.0,15.0
4841,I,TAGBANUA ABORLAN,ʔaku,ʔ a k u,1 7 1 7,AXBZ,HAKY,140.0,140.H.C 140.A.V 140.K.C 140.Y.V,2.0 1.5 1.75 0.8,ʔaku,0.0,15.0
4881,I,TAGBANWA ABORLAN,aku,a k u,7 1 7,XBZ,AKY,141.0,141.A.V 141.K.C 141.Y.V,1.5 1.75 0.8,aku,0.0,15.0
4921,I,TAGBANWA KALAMIAN,juu,j uu,6 7,AX,JY,142.0,142.J.C 142.Y.V,2.0 1.5,juu,0.0,124.0
4961,I,TALAANDIG BINUKID,janʔa,j a n ʔ a,6 7 4 1 7,AXMBZ,JANHA,143.0,143.J.C 143.A.V 143.N.c 143.H.C 143.A.V,2.0 1.5 1.1 1.75 0.8,janʔa,0.0,17.0
5001,I,TAMBUNAN DUSUN,joku,j o k u,6 7 1 7,AXBZ,JUKY,144.0,144.J.C 144.U.V 144.K.C 144.Y.V,2.0 1.5 1.75 0.8,joku,0.0,15.0
5041,I,TAUSUG,akuh,a k u h,7 1 7 3,XBYN,AKYH,145.0,145.A.V 145.K.C 145.Y.V 145.H.c,1.5 1.75 1.3 0.8,akuh,0.0,15.0
5081,I,TAUT BATU,aku,a k u,7 1 7,XBZ,AKY,146.0,146.A.V 146.K.C 146.Y.V,1.5 1.75 0.8,aku,0.0,15.0
5121,I,TBOLI TAGABILI,nuʔ səh,n u ʔ # s ə h,4 7 1 9 3 7 3,AXN_AXN,NYH_SEH,147.0,147.N.C 147.Y.V 147.H.c 147._._ 147.S.C 147.E.V 147.H.c,2.0 1.5 0.8 0.0 2.0 1.5 0.8,nuʔ#səh,0.0,129.0
5161,I,TIMUGON MURUT,aku,a k u,7 1 7,XBZ,AKY,148.0,148.A.V 148.K.C 148.Y.V,1.5 1.75 0.8,aku,0.0,15.0
5201,I,TIRURAY,begen,b e g e n,1 7 1 7 4,AXBYN,PEKEN,149.0,149.P.C 149.E.V 149.K.C 149.E.V 149.N.c,2.0 1.5 1.75 1.3 0.8,begen,0.0,131.0
5241,I,TURKISH,ben,b e n,1 7 4,AXN,PEN,150.0,150.P.C 150.E.V 150.N.c,2.0 1.5 0.8,ben,0.0,90.0
5281,I,UGARITIC,an,a n,7 4,XN,AN,151.0,151.A.V 151.N.c,1.5 0.8,an,0.0,131.0
5321,I,WARAY WARAY,ako,a k o,7 1 7,XBZ,AKU,152.0,152.A.V 152.K.C 152.U.V,1.5 1.75 0.8,ako,0.0,15.0
5361,I,YAKAN,aku,a k u,7 1 7,XBZ,AKY,153.0,153.A.V 153.K.C 153.Y.V,1.5 1.75 0.8,aku,0.0,15.0
5401,I,YOGAD,ku,k u,1 7,AX,KY,154.0,154.K.C 154.Y.V,2.0 1.5,ku,0.0,15.0
2,blood,AGTA,dogo,d o g o,1 7 1 7,AXBZ,TUKU,1.0,1.T.C 1.U.V 1.K.C 1.U.V,2.0 1.5 1.75 0.8,dogo,0.0,132.0
42,blood,AKLANON,duguʔ,d u g u ʔ,1 7 1 7 1,AXBYN,TYKYH,2.0,2.T.C 2.Y.V 2.K.C 2.Y.V 2.H.c,2.0 1.5 1.75 1.3 0.8,duguʔ,0.0,154.0
82,blood,ATTA PAMPLONA,daga,d a g a,1 7 1 7,AXBZ,TAKA,3.0,3.T.C 3.A.V 3.K.C 3.A.V,2.0 1.5 1.75 0.8,daga,0.0,132.0
122,blood,BALANGAW,dala,d a l a,1 7 5 7,AXBZ,TALA,5.0,5.T.C 5.A.V 5.L.C 5.A.V,2.0 1.5 1.75 0.8,dala,0.0,183.0
162,blood,BALANGINGI SAMA,lahaʔ,l a h a ʔ,5 7 3 7 1,AXBYN,LAHAH,6.0,6.L.C 6.A.V 6.H.C 6.A.V 6.H.c,2.0 1.5 1.75 1.3 0.8,lahaʔ,0.0,242.0
202,blood,BALANGINGI SAMA (1),lahaʔ,l a h a ʔ,5 7 3 7 1,AXBYN,LAHAH,7.0,7.L.C 7.A.V 7.H.C 7.A.V 7.H.c,2.0 1.5 1.75 1.3 0.8,lahaʔ,0.0,242.0
242,blood,BASQUE,odol,o d o l,7 1 7 5,XBYN,UTUL,8.0,8.U.V 8.T.C 8.U.V 8.L.c,1.5 1.75 1.3 0.8,odol,0.0,139.0
282,blood,BATAK PALAWAN,tagək,t a g ə k,1 7 1 7 1,AXBYN,TAKEK,9.0,9.T.C 9.A.V 9.K.C 9.E.V 9.K.c,2.0 1.5 1.75 1.3 0.8,tagək,0.0,140.0
322,blood,BILAAN KORONADAL,litəʔ,l i t ə ʔ,5 7 1 7 1,AXBYN,LITEH,10.0,10.L.C 10.I.V 10.T.C 10.E.V 10.H.c,2.0 1.5 1.75 1.3 0.8,litəʔ,0.0,141.0
362,blood,BILAAN SARANGANI,litəʔ,l i t ə ʔ,5 7 1 7 1,AXBYN,LITEH,11.0,11.L.C 11.I.V 11.T.C 11.E.V 11.H.c,2.0 1.5 1.75 1.3 0.8,litəʔ,0.0,141.0
402,blood,BINUKID,laŋəsa,l a ŋ ə s a,5 7 4 7 3 7,AXBYBZ,LANESA,12.0,12.L.C 12.A.V 12.N.C 12.E.V 12.S.C 12.A.V,2.0 1.5 1.75 1.3 1.75 0.8,laŋəsa,0.0,143.0
442,blood,BONGGI,rah,r a h,5 7 3,AXN,RAH,14.0,14.R.C 14.A.V 14.H.c,2.0 1.5 0.8,rah,0.0,145.0
482,blood,BONTOC GUINAANG,dala,d a l a,1 7 5 7,AXBZ,TALA,15.0,15.T.C 15.A.V 15.L.C 15.A.V,2.0 1.5 1.75 0.8,dala,0.0,183.0
522,blood,BROOKES POINT PALAWAN,duguʔ,d u g u ʔ,1 7 1 7 1,AXBYN,TYKYH,16.0,16.T.C 16.Y.V 16.K.C 16.Y.V 16.H.c,2.0 1.5 1.75 1.3 0.8,duguʔ,0.0,154.0
562,blood,BUHI,ruguʔ,r u g u ʔ,5 7 1 7 1,AXBYN,RYKYH,17.0,17.R.C 17.Y.V 17.K.C 17.Y.V 17.H.c,2.0 1.5 1.75 1.3 0.8,ruguʔ,0.0,154.0
602,blood,BUHINON ALBAY BICOLANO,rogoʔ,r o g o ʔ,5 7 1 7 1,AXBYN,RUKUH,18.0,18.R.C 18.U.V 18.K.C 18.U.V 18.H.c,2.0 1.5 1.75 1.3 0.8,rogoʔ,0.0,154.0
642,blood,BUKIDNON BINUKID,laŋəsa,l a ŋ ə s a,5 7 4 7 3 7,AXBYBZ,LANESA,19.0,19.L.C 19.A.V 19.N.C 19.E.V 19.S.C 19.A.V,2.0 1.5 1.75 1.3 1.75 0.8,laŋəsa,0.0,143.0
682,blood,BUTUANON,dugo,d u g o,1 7 1 7,AXBZ,TYKU,20.0,20.T.C 20.Y.V 20.K.C 20.U.V,2.0 1.5 1.75 0.8,dugo,0.0,154.0
722,blood,CAIJIA,tʃr,tʃ r,1 5,AC,TR,21.0,21.T.C 21.R.C,2.0 1.5,tʃr,0.0,152.0
762,blood,CANIPAAN PALAWAN,duguʔ,d u g u ʔ,1 7 1 7 1,AXBYN,TYKYH,22.0,22.T.C 22.Y.V 22.K.C 22.Y.V 22.H.c,2.0 1.5 1.75 1.3 0.8,duguʔ,0.0,154.0
802,blood,CASIGURAN NEGRITO,digi,d i g i,1 7 1 7,AXBZ,TIKI,23.0,23.T.C 23.I.V 23.K.C 23.I.V,2.0 1.5 1.75 0.8,digi,0.0,154.0
842,blood,CEBUANO,duguʔ,d u g u ʔ,1 7 1 7 1,AXBYN,TYKYH,24.0,24.T.C 24.Y.V 24.K.C 24.Y.V 24.H.c,2.0 1.5 1.75 1.3 0.8,duguʔ,0.0,154.0
882,blood,CENTRAL BICOLANO,dugoʔ,d u g o ʔ,1 7 1 7 1,AXBYN,TYKUH,25.0,25.T.C 25.Y.V 25.K.C 25.U.V 25.H.c,2.0 1.5 1.75 1.3 0.8,dugoʔ,0.0,154.0
922,blood,CENTRAL BONTOC,dala,d a l a,1 7 5 7,AXBZ,TALA,26.0,26.T.C 26.A.V 26.L.C 26.A.V,2.0 1.5 1.75 0.8,dala,0.0,183.0
962,blood,CENTRAL DUSUN,rahaʔ,r a h a ʔ,5 7 3 7 1,AXBYN,RAHAH,27.0,27.R.C 27.A.V 27.H.C 27.A.V 27.H.c,2.0 1.5 1.75 1.3 0.8,rahaʔ,0.0,158.0
1002,blood,CENTRAL TAGBANWA,tahik,t a h i k,1 7 3 7 1,AXBYN,TAHIK,28.0,28.T.C 28.A.V 28.H.C 28.I.V 28.K.c,2.0 1.5 1.75 1.3 0.8,tahik,0.0,159.0
1042,blood,CUYONON,dugoʔ,d u g o ʔ,1 7 1 7 1,AXBYN,TYKUH,29.0,29.T.C 29.Y.V 29.K.C 29.U.V 29.H.c,2.0 1.5 1.75 1.3 0.8,dugoʔ,0.0,154.0
1082,blood,DARAGA,duguʔ,d u g u ʔ,1 7 1 7 1,AXBYN,TYKYH,30.0,30.T.C 30.Y.V 30.K.C 30.Y.V 30.H.c,2.0 1.5 1.75 1.3 0.8,duguʔ,0.0,154.0
1122,blood,DUMAGAT CASIGURAN,digeʔ,d i g e ʔ,1 7 1 7 1,AXBYN,TIKEH,31.0,31.T.C 31.I.V 31.K.C 31.E.V 31.H.c,2.0 1.5 1.75 1.3 0.8,digeʔ,0.0,154.0
1162,blood,DUPANINGAN AGTA,digiʔ,d i g i ʔ,1 7 1 7 1,AXBYN,TIKIH,32.0,32.T.C 32.I.V 32.K.C 32.I.V 32.H.c,2.0 1.5 1.75 1.3 0.8,digiʔ,0.0,154.0
1202,blood,ENGLISH,bləd,b l ə d,1 5 7 1,ACXN,PLET,33.0,33.P.C 33.L.C 33.E.V 33.T.c,2.0 1.5 1.5 0.8,bləd,0.0,164.0
1242,blood,ESKAYAN,alwatis,a lw a t i s,7 5 7 1 7 3,XBYBYN,ALATIS,34.0,34.A.V 34.L.C 34.A.V 34.T.C 34.I.V 34.S.c,1.5 1.75 1.3 1.75 1.3 0.8,alwatis,0.0,165.0
1282,blood,ESTONIAN,veri,v e r i,3 7 5 7,AXBZ,BERI,35.0,35.B.C 35.E.V 35.R.C 35.I.V,2.0 1.5 1.75 0.8,veri,0.0,166.0
1322,blood,FINNISH,veri,v e r i,3 7 5 7,AXBZ,BERI,37.0,37.B.C 37.E.V 37.R.C 37.I.V,2.0 1.5 1.75 0.8,veri,0.0,166.0
1362,blood,FUZHOU CHINESE,haik,h a i k,3 7 7 1,AXYN,HAIK,38.0,38.H.C 38.A.V 38.I.V 38.K.c,2.0 1.5 1.3 0.8,haik,0.0,169.0
1402,blood,GADDANG,ada,a d a,7 1 7,XBZ,ATA,39.0,39.A.V 39.T.C 39.A.V,1.5 1.75 0.8,ada,0.0,170.0
1442,blood,HANUNOO,duguʔ,d u g u ʔ,1 7 1 7 1,AXBYN,TYKYH,40.0,40.T.C 40.Y.V 40.K.C 40.Y.V 40.H.c,2.0 1.5 1.75 1.3 0.8,duguʔ,0.0,154.0
1482,blood,HIGAONON BINUKID,laŋəsa,l a ŋ ə s a,5 7 4 7 3 7,AXBYBZ,LANESA,41.0,41.L.C 41.A.V 41.N.C 41.E.V 41.S.C 41.A.V,2.0 1.5 1.75 1.3 1.75 0.8,laŋəsa,0.0,143.0
1522,blood,HUNGARIAN,ver,v e r,3 7 5,AXN,BER,43.0,43.B.C 43.E.V 43.R.c,2.0 1.5 0.8,ver,0.0,174.0
1562,blood,IBALOI,ʃala,ʃ a l a,3 7 5 7,AXBZ,SALA,44.0,44.S.C 44.A.V 44.L.C 44.A.V,2.0 1.5 1.75 0.8,ʃala,0.0,183.0
1602,blood,IBANAG,daga,d a g a,1 7 1 7,AXBZ,TAKA,45.0,45.T.C 45.A.V 45.K.C 45.A.V,2.0 1.5 1.75 0.8,daga,0.0,132.0
1642,blood,IDAAN,ndaʔ,n d a ʔ,4 1 7 1,ACYN,NTAH,46.0,46.N.C 46.T.C 46.A.V 46.H.c,2.0 1.5 1.3 0.8,ndaʔ,0.0,177.0
1682,blood,IFUGAO AMGANAD,dala,d a l a,1 7 5 7,AXBZ,TALA,47.0,47.T.C 47.A.V 47.L.C 47.A.V,2.0 1.5 1.75 0.8,dala,0.0,183.0
1722,blood,IFUGAO BATAD,dala,d a l a,1 7 5 7,AXBZ,TALA,48.0,48.T.C 48.A.V 48.L.C 48.A.V,2.0 1.5 1.75 0.8,dala,0.0,183.0
1762,blood,IFUGAO BAYNINAN,dala,d a l a,1 7 5 7,AXBZ,TALA,49.0,49.T.C 49.A.V 49.L.C 49.A.V,2.0 1.5 1.75 0.8,dala,0.0,183.0
1802,blood,ILOKANO,dara,d a r a,1 7 5 7,AXBZ,TARA,50.0,50.T.C 50.A.V 50.R.C 50.A.V,2.0 1.5 1.75 0.8,dara,0.0,183.0
1842,blood,ILONGOT KAKIDUGEN,matgə m,m a t g ə # m,4 7 1 1 7 9 4,AXMBZ_A,MATKE_M,51.0,51.M.C 51.A.V 51.T.c 51.K.C 51.E.V 51._._ 51.M.C,2.0 1.5 1.1 1.75 0.8 0.0 2.0,matgə#m,0.0,182.0
1882,blood,INIBALOI,Cala,c a l a,1 7 5 7,AXBZ,CALA,54.0,54.C.C 54.A.V 54.L.C 54.A.V,2.0 1.5 1.75 0.8,cala,0.0,183.0
1922,blood,IRANUN,ruguʔ,r u g u ʔ,5 7 1 7 1,AXBYN,RYKYH,55.0,55.R.C 55.Y.V 55.K.C 55.Y.V 55.H.c,2.0 1.5 1.75 1.3 0.8,ruguʔ,0.0,154.0
1962,blood,IRIGA,ruguʔ,r u g u ʔ,5 7 1 7 1,AXBYN,RYKYH,57.0,57.R.C 57.Y.V 57.K.C 57.Y.V 57.H.c,2.0 1.5 1.75 1.3 0.8,ruguʔ,0.0,154.0
2002,blood,ISNAG,daga,d a g a,1 7 1 7,AXBZ,TAKA,59.0,59.T.C 59.A.V 59.K.C 59.A.V,2.0 1.5 1.75 0.8,daga,0.0,132.0
2042,blood,ISNEG,daga,d a g a,1 7 1 7,AXBZ,TAKA,60.0,60.T.C 60.A.V 60.K.C 60.A.V,2.0 1.5 1.75 0.8,daga,0.0,132.0
2082,blood,ITAWIT,dEhE,d <?> æ,1 0 7,ACZ,T0E,61.0,61.T.C 61.0.C 61.E.V,2.0 1.5 0.8,d<?>æ,0.0,144.0
2122,blood,ITBAYATEN BATANES ISLANDS,rajaʔ,r a j a ʔ,5 7 6 7 1,AXBYN,RAJAH,62.0,62.R.C 62.A.V 62.J.C 62.A.V 62.H.c,2.0 1.5 1.75 1.3 0.8,rajaʔ,0.0,207.0
2162,blood,ITNEG BINONGAN,dala,d a l a,1 7 5 7,AXBZ,TALA,63.0,63.T.C 63.A.V 63.L.C 63.A.V,2.0 1.5 1.75 0.8,dala,0.0,183.0
2202,blood,IVATAN BATANES ISLANDS,rajaʔ,r a j a ʔ,5 7 6 7 1,AXBYN,RAJAH,65.0,65.R.C 65.A.V 65.J.C 65.A.V 65.H.c,2.0 1.5 1.75 1.3 0.8,rajaʔ,0.0,207.0
2242,blood,JAPANESE,Ci,c i,1 7,AX,CI,66.0,66.C.C 66.I.V,2.0 1.5,ci,0.0,197.0
2282,blood,KADAZAN,za,z a,3 7,AX,SA,67.0,67.S.C 67.A.V,2.0 1.5,za,0.0,198.0
2322,blood,KAGAYANEN,ləŋəsa,l ə ŋ ə s a,5 7 4 7 3 7,AXBYBZ,LENESA,68.0,68.L.C 68.E.V 68.N.C 68.E.V 68.S.C 68.A.V,2.0 1.5 1.75 1.3 1.75 0.8,ləŋəsa,0.0,143.0
2362,blood,KALAGAN,duguʔ,d u g u ʔ,1 7 1 7 1,AXBYN,TYKYH,69.0,69.T.C 69.Y.V 69.K.C 69.Y.V 69.H.c,2.0 1.5 1.75 1.3 0.8,duguʔ,0.0,154.0
2402,blood,KALINGA GUINAANG,dala,d a l a,1 7 5 7,AXBZ,TALA,70.0,70.T.C 70.A.V 70.L.C 70.A.V,2.0 1.5 1.75 0.8,dala,0.0,183.0
2442,blood,KALINGA LIMOS,dala,d a l a,1 7 5 7,AXBZ,TALA,71.0,71.T.C 71.A.V 71.L.C 71.A.V,2.0 1.5 1.75 0.8,dala,0.0,183.0
2482,blood,KALLAHAN KAYAPA PROPER,dala,d a l a,1 7 5 7,AXBZ,TALA,72.0,72.T.C 72.A.V 72.L.C 72.A.V,2.0 1.5 1.75 0.8,dala,0.0,183.0
2522,blood,KALLAHAN KELEYQIQ IFUGAO,kuhejaw,k u h e j a w,1 7 3 7 6 7 6,AXBYBYN,KYHEJAW,73.0,73.K.C 73.Y.V 73.H.C 73.E.V 73.J.C 73.A.V 73.W.c,2.0 1.5 1.75 1.3 1.75 1.3 0.8,kuhejaw,0.0,204.0
2562,blood,KANKANAY NORTHERN,basa,b a s a,1 7 3 7,AXBZ,PASA,75.0,75.P.C 75.A.V 75.S.C 75.A.V,2.0 1.5 1.75 0.8,basa,0.0,206.0
2602,blood,KAPAMPANGAN,dajaʔ,d a j a ʔ,1 7 6 7 1,AXBYN,TAJAH,76.0,76.T.C 76.A.V 76.J.C 76.A.V 76.H.c,2.0 1.5 1.75 1.3 0.8,dajaʔ,0.0,207.0
2642,blood,KINARAY A,dugo,d u g o,1 7 1 7,AXBZ,TYKU,77.0,77.T.C 77.Y.V 77.K.C 77.U.V,2.0 1.5 1.75 0.8,dugo,0.0,154.0
2682,blood,KOREAN,pi,p i,1 7,AX,PI,78.0,78.P.C 78.I.V,2.0 1.5,pi,0.0,209.0
2722,blood,LEGAZPI,duguʔ,d u g u ʔ,1 7 1 7 1,AXBYN,TYKYH,79.0,79.T.C 79.Y.V 79.K.C 79.Y.V 79.H.c,2.0 1.5 1.75 1.3 0.8,duguʔ,0.0,154.0
2762,blood,LIBON,ruguʔ,r u g u ʔ,5 7 1 7 1,AXBYN,RYKYH,80.0,80.R.C 80.Y.V 80.K.C 80.Y.V 80.H.c,2.0 1.5 1.75 1.3 0.8,ruguʔ,0.0,154.0
2802,blood,LIVE,ver,v e r,3 7 5,AXN,BER,82.0,82.B.C 82.E.V 82.R.c,2.0 1.5 0.8,ver,0.0,213.0
2842,blood,MAGUINDANAO,lugu,l u g u,5 7 1 7,AXBZ,LYKY,83.0,83.L.C 83.Y.V 83.K.C 83.Y.V,2.0 1.5 1.75 0.8,lugu,0.0,154.0
2882,blood,MAMANWA,dogoʔ,d o g o ʔ,1 7 1 7 1,AXBYN,TUKUH,84.0,84.T.C 84.U.V 84.K.C 84.U.V 84.H.c,2.0 1.5 1.75 1.3 0.8,dogoʔ,0.0,154.0
2922,blood,MANOBO ATA,laŋosa,l a ŋ o s a,5 7 4 7 3 7,AXBYBZ,LANUSA,88.0,88.L.C 88.A.V 88.N.C 88.U.V 88.S.C 88.A.V,2.0 1.5 1.75 1.3 1.75 0.8,laŋosa,0.0,143.0
2962,blood,MANOBO DIBABAWON,laŋəsa,l a ŋ ə s a,5 7 4 7 3 7,AXBYBZ,LANESA,89.0,89.L.C 89.A.V 89.N.C 89.E.V 89.S.C 89.A.V,2.0 1.5 1.75 1.3 1.75 0.8,laŋəsa,0.0,143.0
3002,blood,MANOBO ILIANEN,ləŋəsa,l ə ŋ ə s a,5 7 4 7 3 7,AXBYBZ,LENESA,90.0,90.L.C 90.E.V 90.N.C 90.E.V 90.S.C 90.A.V,2.0 1.5 1.75 1.3 1.75 0.8,ləŋəsa,0.0,143.0
3042,blood,MANOBO KALAMANSIG COTABATO,dəpanug,d ə p a n u g,1 7 1 7 4 7 1,AXBYBYN,TEPANYK,91.0,91.T.C 91.E.V 91.P.C 91.A.V 91.N.C 91.Y.V 91.K.c,2.0 1.5 1.75 1.3 1.75 1.3 0.8,dəpanug,0.0,222.0
3082,blood,MANOBO SARANGANI,dipanog,d i p a n o g,1 7 1 7 4 7 1,AXBYBYN,TIPANUK,92.0,92.T.C 92.I.V 92.P.C 92.A.V 92.N.C 92.U.V 92.K.c,2.0 1.5 1.75 1.3 1.75 1.3 0.8,dipanog,0.0,222.0
3122,blood,MANOBO TIGWA,laŋəsa,l a ŋ ə s a,5 7 4 7 3 7,AXBYBZ,LANESA,93.0,93.L.C 93.A.V 93.N.C 93.E.V 93.S.C 93.A.V,2.0 1.5 1.75 1.3 1.75 0.8,laŋəsa,0.0,143.0
3162,blood,MANOBO WESTERN BUKIDNON,ləŋəsa,l ə ŋ ə s a,5 7 4 7 3 7,AXBYBZ,LENESA,94.0,94.L.C 94.E.V 94.N.C 94.E.V 94.S.C 94.A.V,2.0 1.5 1.75 1.3 1.75 0.8,ləŋəsa,0.0,143.0
3202,blood,MANSAKA,duguʔ,d u g u ʔ,1 7 1 7 1,AXBYN,TYKYH,95.0,95.T.C 95.Y.V 95.K.C 95.Y.V 95.H.c,2.0 1.5 1.75 1.3 0.8,duguʔ,0.0,154.0
3242,blood,MAPUN,lahaʔ,l a h a ʔ,5 7 3 7 1,AXBYN,LAHAH,97.0,97.L.C 97.A.V 97.H.C 97.A.V 97.H.c,2.0 1.5 1.75 1.3 0.8,lahaʔ,0.0,242.0
3282,blood,MARANAO,rogoʔ,r o g o ʔ,5 7 1 7 1,AXBYN,RUKUH,98.0,98.R.C 98.U.V 98.K.C 98.U.V 98.H.c,2.0 1.5 1.75 1.3 0.8,rogoʔ,0.0,154.0
3322,blood,MARINDUQUE TAGALOG,duguʔ,d u g u ʔ,1 7 1 7 1,AXBYN,TYKYH,99.0,99.T.C 99.Y.V 99.K.C 99.Y.V 99.H.c,2.0 1.5 1.75 1.3 0.8,duguʔ,0.0,154.0
3362,blood,MASBATENYO,dugo,d u g o,1 7 1 7,AXBZ,TYKU,100.0,100.T.C 100.Y.V 100.K.C 100.U.V,2.0 1.5 1.75 0.8,dugo,0.0,154.0
3402,blood,MINANGALI LOWER TANUDAN KALINGA,da8a,d a a,1 7 7,AXZ,TAA,101.0,101.T.C 101.A.V 101.A.V,2.0 1.5 0.8,daa,0.0,132.0
3442,blood,MOKSHA,vjer,v j e r,3 6 7 5,ACXN,BJER,102.0,102.B.C 102.J.C 102.E.V 102.R.c,2.0 1.5 1.5 0.8,vjer,0.0,233.0
3482,blood,MOLBOG,dahaʔ,d a h a ʔ,1 7 3 7 1,AXBYN,TAHAH,103.0,103.T.C 103.A.V 103.H.C 103.A.V 103.H.c,2.0 1.5 1.75 1.3 0.8,dahaʔ,0.0,177.0
3562,blood,MONGOLIAN,tʃus,tʃ u s,1 7 3,AXN,TYS,105.0,105.T.C 105.Y.V 105.S.c,2.0 1.5 0.8,tʃus,0.0,197.0
3642,blood,NAGA,duguʔ,d u g u ʔ,1 7 1 7 1,AXBYN,TYKYH,107.0,107.T.C 107.Y.V 107.K.C 107.Y.V 107.H.c,2.0 1.5 1.75 1.3 0.8,duguʔ,0.0,154.0
3682,blood,NORTHERN CATANDUANES,duguʔ,d u g u ʔ,1 7 1 7 1,AXBYN,TYKYH,108.0,108.T.C 108.Y.V 108.K.C 108.Y.V 108.H.c,2.0 1.5 1.75 1.3 0.8,duguʔ,0.0,154.0
3722,blood,NORTHERN SORSOGON,duguʔ,d u g u ʔ,1 7 1 7 1,AXBYN,TYKYH,109.0,109.T.C 109.Y.V 109.K.C 109.Y.V 109.H.c,2.0 1.5 1.75 1.3 0.8,duguʔ,0.0,154.0
3762,blood,OAS,ruguʔ,r u g u ʔ,5 7 1 7 1,AXBYN,RYKYH,110.0,110.R.C 110.Y.V 110.K.C 110.Y.V 110.H.c,2.0 1.5 1.75 1.3 0.8,ruguʔ,0.0,154.0
3802,blood,PALAWANO BATAK,tagək,t a g ə k,1 7 1 7 1,AXBYN,TAKEK,111.0,111.T.C 111.A.V 111.K.C 111.E.V 111.K.c,2.0 1.5 1.75 1.3 0.8,tagək,0.0,140.0
3842,blood,PANGASINAN,dala,d a l a,1 7 5 7,AXBZ,TALA,112.0,112.T.C 112.A.V 112.L.C 112.A.V,2.0 1.5 1.75 0.8,dala,0.0,183.0
3882,blood,PANGUTARAN SAMA,lahaʔ,l a h a ʔ,5 7 3 7 1,AXBYN,LAHAH,113.0,113.L.C 113.A.V 113.H.C 113.A.V 113.H.c,2.0 1.5 1.75 1.3 0.8,lahaʔ,0.0,242.0
3922,blood,PANGUTARAN SAMA (1),lahaʔ,l a h a ʔ,5 7 3 7 1,AXBYN,LAHAH,114.0,114.L.C 114.A.V 114.H.C 114.A.V 114.H.c,2.0 1.5 1.75 1.3 0.8,lahaʔ,0.0,242.0
3962,blood,PROTO PALAWAN,duguʔ,d u g u ʔ,1 7 1 7 1,AXBYN,TYKYH,115.0,115.T.C 115.Y.V 115.K.C 115.Y.V 115.H.c,2.0 1.5 1.75 1.3 0.8,duguʔ,0.0,154.0
4002,blood,QUEZON PALAWAN,duguʔ,d u g u ʔ,1 7 1 7 1,AXBYN,TYKYH,117.0,117.T.C 117.Y.V 117.K.C 117.Y.V 117.H.c,2.0 1.5 1.75 1.3 0.8,duguʔ,0.0,154.0
4042,blood,ROMBLOMANON 1,dugo,d u g o,1 7 1 7,AXBZ,TYKU,118.0,118.T.C 118.Y.V 118.K.C 118.U.V,2.0 1.5 1.75 0.8,dugo,0.0,154.0
4082,blood,ROMBLOMANON 2,duguʔ,d u g u ʔ,1 7 1 7 1,AXBYN,TYKYH,119.0,119.T.C 119.Y.V 119.K.C 119.Y.V 119.H.c,2.0 1.5 1.75 1.3 0.8,duguʔ,0.0,154.0
4122,blood,SAMAL,lahaʔ,l a h a ʔ,5 7 3 7 1,AXBYN,LAHAH,120.0,120.L.C 120.A.V 120.H.C 120.A.V 120.H.c,2.0 1.5 1.75 1.3 0.8,lahaʔ,0.0,242.0
4162,blood,SAMBAL BOTOLAN,dajaʔ,d a j a ʔ,1 7 6 7 1,AXBYN,TAJAH,121.0,121.T.C 121.A.V 121.J.C 121.A.V 121.H.c,2.0 1.5 1.75 1.3 0.8,dajaʔ,0.0,207.0
4202,blood,SANGIL,dara,d a r a,1 7 5 7,AXBZ,TARA,122.0,122.T.C 122.A.V 122.R.C 122.A.V,2.0 1.5 1.75 0.8,dara,0.0,183.0
4242,blood,SANGIL SARANGANI ISLANDS,dara,d a r a,1 7 5 7,AXBZ,TARA,123.0,123.T.C 123.A.V 123.R.C 123.A.V,2.0 1.5 1.75 0.8,dara,0.0,183.0
4282,blood,SEDANG,moheam,m o h e a m,4 7 3 7 7 4,AXBYYN,MUHEAM,124.0,124.M.C 124.U.V 124.H.C 124.E.V 124.A.V 124.M.c,2.0 1.5 1.75 1.3 1.3 0.8,moheam,0.0,253.0
4322,blood,SIBUTU SOUTHERN SAMA,lahaʔ,l a h a ʔ,5 7 3 7 1,AXBYN,LAHAH,125.0,125.L.C 125.A.V 125.H.C 125.A.V 125.H.c,2.0 1.5 1.75 1.3 0.8,lahaʔ,0.0,242.0
4362,blood,SOGODNIN BORACAY,dogo,d o g o,1 7 1 7,AXBZ,TUKU,127.0,127.T.C 127.U.V 127.K.C 127.U.V,2.0 1.5 1.75 0.8,dogo,0.0,154.0
4402,blood,SOUTH SAAMI,vərə,v ə r ə,3 7 5 7,AXBZ,BERE,128.0,128.B.C 128.E.V 128.R.C 128.E.V,2.0 1.5 1.75 0.8,vərə,0.0,257.0
4442,blood,SOUTHERN CATANDUANES,duguʔ,d u g u ʔ,1 7 1 7 1,AXBYN,TYKYH,129.0,129.T.C 129.Y.V 129.K.C 129.Y.V 129.H.c,2.0 1.5 1.75 1.3 0.8,duguʔ,0.0,154.0
4482,blood,SOUTHERN SORSOGON,duguʔ,d u g u ʔ,1 7 1 7 1,AXBYN,TYKYH,131.0,131.T.C 131.Y.V 131.K.C 131.Y.V 131.H.c,2.0 1.5 1.75 1.3 0.8,duguʔ,0.0,154.0
4522,blood,SOUTHWEST PALAWANO,dugoʔ,d u g o ʔ,1 7 1 7 1,AXBYN,TYKUH,132.0,132.T.C 132.Y.V 132.K.C 132.U.V 132.H.c,2.0 1.5 1.75 1.3 0.8,dugoʔ,0.0,154.0
4562,blood,SPANISH,saŋre,s a ŋ r e,3 7 4 5 7,AXBCZ,SANRE,133.0,133.S.C 133.A.V 133.N.C 133.R.C 133.E.V,2.0 1.5 1.75 1.5 0.8,saŋre,0.0,262.0
4602,blood,SUBANON SIOCON,duguʔ,d u g u ʔ,1 7 1 7 1,AXBYN,TYKYH,134.0,134.T.C 134.Y.V 134.K.C 134.Y.V 134.H.c,2.0 1.5 1.75 1.3 0.8,duguʔ,0.0,154.0
4642,blood,SUBANUN SINDANGAN,duguʔ,d u g u ʔ,1 7 1 7 1,AXBYN,TYKYH,135.0,135.T.C 135.Y.V 135.K.C 135.Y.V 135.H.c,2.0 1.5 1.75 1.3 0.8,duguʔ,0.0,154.0
4682,blood,SURIGAONON,dugoʔ,d u g o ʔ,1 7 1 7 1,AXBYN,TYKUH,136.0,136.T.C 136.Y.V 136.K.C 136.U.V 136.H.c,2.0 1.5 1.75 1.3 0.8,dugoʔ,0.0,154.0
4722,blood,TAGABAWA,dipanug,d i p a n u g,1 7 1 7 4 7 1,AXBYBYN,TIPANYK,137.0,137.T.C 137.I.V 137.P.C 137.A.V 137.N.C 137.Y.V 137.K.c,2.0 1.5 1.75 1.3 1.75 1.3 0.8,dipanug,0.0,222.0
4762,blood,TAGABILI,litoʔ,l i t o ʔ,5 7 1 7 1,AXBYN,LITUH,138.0,138.L.C 138.I.V 138.T.C 138.U.V 138.H.c,2.0 1.5 1.75 1.3 0.8,litoʔ,0.0,141.0
4802,blood,TAGALOG,dugo,d u g o,1 7 1 7,AXBZ,TYKU,139.0,139.T.C 139.Y.V 139.K.C 139.U.V,2.0 1.5 1.75 0.8,dugo,0.0,154.0
4842,blood,TAGBANUA ABORLAN,duguʔ,d u g u ʔ,1 7 1 7 1,AXBYN,TYKYH,140.0,140.T.C 140.Y.V 140.K.C 140.Y.V 140.H.c,2.0 1.5 1.75 1.3 0.8,duguʔ,0.0,154.0
4882,blood,TAGBANWA ABORLAN,duguʔ,d u g u ʔ,1 7 1 7 1,AXBYN,TYKYH,141.0,141.T.C 141.Y.V 141.K.C 141.Y.V 141.H.c,2.0 1.5 1.75 1.3 0.8,duguʔ,0.0,154.0
4922,blood,TAGBANWA KALAMIAN,duguʔ,d u g u ʔ,1 7 1 7 1,AXBYN,TYKYH,142.0,142.T.C 142.Y.V 142.K.C 142.Y.V 142.H.c,2.0 1.5 1.75 1.3 0.8,duguʔ,0.0,154.0
4962,blood,TALAANDIG BINUKID,laŋəsa,l a ŋ ə s a,5 7 4 7 3 7,AXBYBZ,LANESA,143.0,143.L.C 143.A.V 143.N.C 143.E.V 143.S.C 143.A.V,2.0 1.5 1.75 1.3 1.75 0.8,laŋəsa,0.0,143.0
5002,blood,TAMBUNAN DUSUN,raha,r a h a,5 7 3 7,AXBZ,RAHA,144.0,144.R.C 144.A.V 144.H.C 144.A.V,2.0 1.5 1.75 0.8,raha,0.0,273.0
5042,blood,TAUSUG,duguʔ,d u g u ʔ,1 7 1 7 1,AXBYN,TYKYH,145.0,145.T.C 145.Y.V 145.K.C 145.Y.V 145.H.c,2.0 1.5 1.75 1.3 0.8,duguʔ,0.0,154.0
5082,blood,TAUT BATU,duguʔ,d u g u ʔ,1 7 1 7 1,AXBYN,TYKYH,146.0,146.T.C 146.Y.V 146.K.C 146.Y.V 146.H.c,2.0 1.5 1.75 1.3 0.8,duguʔ,0.0,154.0
5122,blood,TBOLI TAGABILI,litoʔ,l i t o ʔ,5 7 1 7 1,AXBYN,LITUH,147.0,147.L.C 147.I.V 147.T.C 147.U.V 147.H.c,2.0 1.5 1.75 1.3 0.8,litoʔ,0.0,141.0
5162,blood,TIMUGON MURUT,dadaʔ,d a d a ʔ,1 7 1 7 1,AXBYN,TATAH,148.0,148.T.C 148.A.V 148.T.C 148.A.V 148.H.c,2.0 1.5 1.75 1.3 0.8,dadaʔ,0.0,177.0
5202,blood,TIRURAY,dara,d a r a,1 7 5 7,AXBZ,TARA,149.0,149.T.C 149.A.V 149.R.C 149.A.V,2.0 1.5 1.75 0.8,dara,0.0,132.0
5242,blood,TURKISH,kan,k a n,1 7 4,AXN,KAN,150.0,150.K.C 150.A.V 150.N.c,2.0 1.5 0.8,kan,0.0,279.0
5282,blood,UGARITIC,dm,d m,1 4,AC,TM,151.0,151.T.C 151.M.C,2.0 1.5,dm,0.0,280.0
5322,blood,WARAY WARAY,dugo,d u g o,1 7 1 7,AXBZ,TYKU,152.0,152.T.C 152.Y.V 152.K.C 152.U.V,2.0 1.5 1.75 0.8,dugo,0.0,154.0
5362,blood,YAKAN,lahaʔ,l a h a ʔ,5 7 3 7 1,AXBYN,LAHAH,153.0,153.L.C 153.A.V 153.H.C 153.A.V 153.H.c,2.0 1.5 1.75 1.3 0.8,lahaʔ,0.0,242.0
5402,blood,YOGAD,daga,d a g a,1 7 1 7,AXBZ,TAKA,154.0,154.T.C 154.A.V 154.K.C 154.A.V,2.0 1.5 1.75 0.8,daga,0.0,132.0
5482,blood,IMOROD,rala,r a l a,5 7 5 7,AXBZ,RALA,52.0,52.R.C 52.A.V 52.L.C 52.A.V,2.0 1.5 1.75 0.8,rala,0.0,183.0
5522,blood,BABUYAN,raja,r a j a,5 7 6 7,AXBZ,RAJA,4.0,4.R.C 4.A.V 4.J.C 4.A.V,2.0 1.5 1.75 0.8,raja,0.0,207.0
5562,blood,BISAYA SABAH,dra,d r a,1 5 7,ACX,TRA,13.0,13.T.C 13.R.C 13.A.V,2.0 1.5 1.5,dra,0.0,144.0
5602,blood,FINALLIG,Cara,c a r a,1 7 5 7,AXBZ,CARA,36.0,36.C.C 36.A.V 36.R.C 36.A.V,2.0 1.5 1.75 0.8,cara,0.0,183.0
5642,blood,HILIGAYNON,dugoʔ,d u g o ʔ,1 7 1 7 1,AXBYN,TYKUH,42.0,42.T.C 42.Y.V 42.K.C 42.U.V 42.H.c,2.0 1.5 1.75 1.3 0.8,dugoʔ,0.0,154.0
5682,blood,INABAKNON,lahaʔ,l a h a ʔ,5 7 3 7 1,AXBYN,LAHAH,53.0,53.L.C 53.A.V 53.H.C 53.A.V 53.H.c,2.0 1.5 1.75 1.3 0.8,lahaʔ,0.0,242.0
5722,blood,IRARALAY IVATAN,rala,r a l a,5 7 5 7,AXBZ,RALA,56.0,56.R.C 56.A.V 56.L.C 56.A.V,2.0 1.5 1.75 0.8,rala,0.0,183.0
5762,blood,ISAMORONG IVATAN,raja,r a j a,5 7 6 7,AXBZ,RAJA,58.0,58.R.C 58.A.V 58.J.C 58.A.V,2.0 1.5 1.75 0.8,raja,0.0,207.0
5802,blood,IVASAY IVATAN,raja,r a j a,5 7 6 7,AXBZ,RAJA,64.0,64.R.C 64.A.V 64.J.C 64.A.V,2.0 1.5 1.75 0.8,raja,0.0,207.0
5842,blood,KANKANAEY,dada,d a d a,1 7 1 7,AXBZ,TATA,74.0,74.T.C 74.A.V 74.T.C 74.A.V,2.0 1.5 1.75 0.8,dada,0.0,170.0
5882,blood,LIMOS KALINGA,dala,d a l a,1 7 5 7,AXBZ,TALA,81.0,81.T.C 81.A.V 81.L.C 81.A.V,2.0 1.5 1.75 0.8,dala,0.0,183.0
5922,blood,MANDAYAN BOSO,duguʔ,d u g u ʔ,1 7 1 7 1,AXBYN,TYKYH,85.0,85.T.C 85.Y.V 85.K.C 85.Y.V 85.H.c,2.0 1.5 1.75 1.3 0.8,duguʔ,0.0,154.0
5962,blood,MANDAYAN CARAGA,duguʔ,d u g u ʔ,1 7 1 7 1,AXBYN,TYKYH,86.0,86.T.C 86.Y.V 86.K.C 86.Y.V 86.H.c,2.0 1.5 1.75 1.3 0.8,duguʔ,0.0,154.0
6002,blood,MANDAYAN ISLAM PISO,duguʔ,d u g u ʔ,1 7 1 7 1,AXBYN,TYKYH,87.0,87.T.C 87.Y.V 87.K.C 87.Y.V 87.H.c,2.0 1.5 1.75 1.3 0.8,duguʔ,0.0,154.0
6042,blood,MANSAKA 2,duguʔ,d u g u ʔ,1 7 1 7 1,AXBYN,TYKYH,96.0,96.T.C 96.Y.V 96.K.C 96.Y.V 96.H.c,2.0 1.5 1.75 1.3 0.8,duguʔ,0.0,154.0
6082,blood,PROTO SOUTHERN MINDANAO,litaʔ,l i t a ʔ,5 7 1 7 1,AXBYN,LITAH,116.0,116.L.C 116.I.V 116.T.C 116.A.V 116.H.c,2.0 1.5 1.75 1.3 0.8,litaʔ,0.0,141.0
6122,blood,SINAUNA,duguʔ,d u g u ʔ,1 7 1 7 1,AXBYN,TYKYH,126.0,126.T.C 126.Y.V 126.K.C 126.Y.V 126.H.c,2.0 1.5 1.75 1.3 0.8,duguʔ,0.0,154.0
6162,blood,SOUTHERN KALINGA,Cara,c a r a,1 7 5 7,AXBZ,CARA,130.0,130.C.C 130.A.V 130.R.C 130.A.V,2.0 1.5 1.75 0.8,cara,0.0,183.0
3,bone,AGTA,tulaŋ,t u l a ŋ,1 7 5 7 4,AXBYN,TYLAN,1.0,1.T.C 1.Y.V 1.L.C 1.A.V 1.N.c,2.0 1.5 1.75 1.3 0.8,tulaŋ,0.0,289.0
43,bone,AKLANON,tuʔan,t u ʔ a n,1 7 1 7 4,AXBYN,TYHAN,2.0,2.T.C 2.Y.V 2.H.C 2.A.V 2.N.c,2.0 1.5 1.75 1.3 0.8,tuʔan,0.0,289.0
83,bone,ATTA PAMPLONA,tulaŋ,t u l a ŋ,1 7 5 7 4,AXBYN,TYLAN,3.0,3.T.C 3.Y.V 3.L.C 3.A.V 3.N.c,2.0 1.5 1.75 1.3 0.8,tulaŋ,0.0,289.0
123,bone,BALANGAW,toŋal,t o ŋ a l,1 7 4 7 5,AXBYN,TUNAL,5.0,5.T.C 5.U.V 5.N.C 5.A.V 5.L.c,2.0 1.5 1.75 1.3 0.8,toŋal,0.0,285.0
163,bone,BALANGINGI SAMA,bokog,b o k o g,1 7 1 7 1,AXBYN,PUKUK,6.0,6.P.C 6.U.V 6.K.C 6.U.V 6.K.c,2.0 1.5 1.75 1.3 0.8,bokog,0.0,286.0
203,bone,BALANGINGI SAMA (1),bokog,b o k o g,1 7 1 7 1,AXBYN,PUKUK,7.0,7.P.C 7.U.V 7.K.C 7.U.V 7.K.c,2.0 1.5 1.75 1.3 0.8,bokog,0.0,286.0
243,bone,BASQUE,hezur,h e z u r,3 7 3 7 5,AXBYN,HESYR,8.0,8.H.C 8.E.V 8.S.C 8.Y.V 8.R.c,2.0 1.5 1.75 1.3 0.8,hezur,0.0,288.0
283,bone,BATAK PALAWAN,tuʔlaŋ,t u ʔ l a ŋ,1 7 1 5 7 4,AXBCYN,TYHLAN,9.0,9.T.C 9.Y.V 9.H.C 9.L.C 9.A.V 9.N.c,2.0 1.5 1.75 1.5 1.3 0.8,tuʔlaŋ,0.0,289.0
323,bone,BILAAN KORONADAL,tulon,t u l o n,1 7 5 7 4,AXBYN,TYLUN,10.0,10.T.C 10.Y.V 10.L.C 10.U.V 10.N.c,2.0 1.5 1.75 1.3 0.8,tulon,0.0,289.0
363,bone,BILAAN SARANGANI,tulan,t u l a n,1 7 5 7 4,AXBYN,TYLAN,11.0,11.T.C 11.Y.V 11.L.C 11.A.V 11.N.c,2.0 1.5 1.75 1.3 0.8,tulan,0.0,289.0
403,bone,BINUKID,tulʔan,t u l ʔ a n,1 7 5 1 7 4,AXMBYN,TYLHAN,12.0,12.T.C 12.Y.V 12.L.c 12.H.C 12.A.V 12.N.c,2.0 1.5 1.1 1.75 1.3 0.8,tulʔan,0.0,292.0
443,bone,BONGGI,tulagn,t u l a g n,1 7 5 7 1 4,AXBYBC,TYLAKN,14.0,14.T.C 14.Y.V 14.L.C 14.A.V 14.K.C 14.N.C,2.0 1.5 1.75 1.3 1.75 1.5,tulagn,0.0,289.0
483,bone,BONTOC GUINAANG,toŋʔal,t o ŋ ʔ a l,1 7 4 1 7 5,AXMBYN,TUNHAL,15.0,15.T.C 15.U.V 15.N.c 15.H.C 15.A.V 15.L.c,2.0 1.5 1.1 1.75 1.3 0.8,toŋʔal,0.0,295.0
523,bone,BROOKES POINT PALAWAN,tulaŋ,t u l a ŋ,1 7 5 7 4,AXBYN,TYLAN,16.0,16.T.C 16.Y.V 16.L.C 16.A.V 16.N.c,2.0 1.5 1.75 1.3 0.8,tulaŋ,0.0,289.0
563,bone,BUHI,tuʔwaŋ,t u ʔw a ŋ,1 7 1 7 4,AXBYN,TYHAN,17.0,17.T.C 17.Y.V 17.H.C 17.A.V 17.N.c,2.0 1.5 1.75 1.3 0.8,tuʔwaŋ,0.0,289.0
603,bone,BUHINON ALBAY BICOLANO,toʔwaŋ,t o ʔw a ŋ,1 7 1 7 4,AXBYN,TUHAN,18.0,18.T.C 18.U.V 18.H.C 18.A.V 18.N.c,2.0 1.5 1.75 1.3 0.8,toʔwaŋ,0.0,289.0
643,bone,BUKIDNON BINUKID,tulʔan,t u l ʔ a n,1 7 5 1 7 4,AXMBYN,TYLHAN,19.0,19.T.C 19.Y.V 19.L.c 19.H.C 19.A.V 19.N.c,2.0 1.5 1.1 1.75 1.3 0.8,tulʔan,0.0,292.0
683,bone,BUTUANON,bukog,b u k o g,1 7 1 7 1,AXBYN,PYKUK,20.0,20.P.C 20.Y.V 20.K.C 20.U.V 20.K.c,2.0 1.5 1.75 1.3 0.8,bukog,0.0,300.0
723,bone,CAIJIA,kuituo,k u i t u o,1 7 7 1 7 7,AXYBYZ,KYITYU,21.0,21.K.C 21.Y.V 21.I.V 21.T.C 21.Y.V 21.U.V,2.0 1.5 1.3 1.75 1.3 0.8,kuituo,0.0,301.0
763,bone,CANIPAAN PALAWAN,tulaŋ,t u l a ŋ,1 7 5 7 4,AXBYN,TYLAN,22.0,22.T.C 22.Y.V 22.L.C 22.A.V 22.N.c,2.0 1.5 1.75 1.3 0.8,tulaŋ,0.0,289.0
803,bone,CASIGURAN NEGRITO,tulaŋ,t u l a ŋ,1 7 5 7 4,AXBYN,TYLAN,23.0,23.T.C 23.Y.V 23.L.C 23.A.V 23.N.c,2.0 1.5 1.75 1.3 0.8,tulaŋ,0.0,289.0
843,bone,CEBUANO,bukug,b u k u g,1 7 1 7 1,AXBYN,PYKYK,24.0,24.P.C 24.Y.V 24.K.C 24.Y.V 24.K.c,2.0 1.5 1.75 1.3 0.8,bukug,0.0,300.0
883,bone,CENTRAL BICOLANO,tulaŋ,t u l a ŋ,1 7 5 7 4,AXBYN,TYLAN,25.0,25.T.C 25.Y.V 25.L.C 25.A.V 25.N.c,2.0 1.5 1.75 1.3 0.8,tulaŋ,0.0,289.0
923,bone,CENTRAL BONTOC,tuŋʔal,t u ŋ ʔ a l,1 7 4 1 7 5,AXMBYN,TYNHAL,26.0,26.T.C 26.Y.V 26.N.c 26.H.C 26.A.V 26.L.c,2.0 1.5 1.1 1.75 1.3 0.8,tuŋʔal,0.0,295.0
963,bone,CENTRAL DUSUN,tulaŋ,t u l a ŋ,1 7 5 7 4,AXBYN,TYLAN,27.0,27.T.C 27.Y.V 27.L.C 27.A.V 27.N.c,2.0 1.5 1.75 1.3 0.8,tulaŋ,0.0,289.0
1003,bone,CENTRAL TAGBANWA,duhi,d u h i,1 7 3 7,AXBZ,TYHI,28.0,28.T.C 28.Y.V 28.H.C 28.I.V,2.0 1.5 1.75 0.8,duhi,0.0,308.0
1043,bone,CUYONON,tulan,t u l a n,1 7 5 7 4,AXBYN,TYLAN,29.0,29.T.C 29.Y.V 29.L.C 29.A.V 29.N.c,2.0 1.5 1.75 1.3 0.8,tulan,0.0,289.0
1083,bone,DARAGA,tuʔlaŋ,t u ʔ l a ŋ,1 7 1 5 7 4,AXBCYN,TYHLAN,30.0,30.T.C 30.Y.V 30.H.C 30.L.C 30.A.V 30.N.c,2.0 1.5 1.75 1.5 1.3 0.8,tuʔlaŋ,0.0,289.0
1123,bone,DUMAGAT CASIGURAN,tulaŋ,t u l a ŋ,1 7 5 7 4,AXBYN,TYLAN,31.0,31.T.C 31.Y.V 31.L.C 31.A.V 31.N.c,2.0 1.5 1.75 1.3 0.8,tulaŋ,0.0,289.0
1163,bone,DUPANINGAN AGTA,tulaŋ,t u l a ŋ,1 7 5 7 4,AXBYN,TYLAN,32.0,32.T.C 32.Y.V 32.L.C 32.A.V 32.N.c,2.0 1.5 1.75 1.3 0.8,tulaŋ,0.0,289.0
1203,bone,ENGLISH,bon,b o n,1 7 4,AXN,PUN,33.0,33.P.C 33.U.V 33.N.c,2.0 1.5 0.8,bon,0.0,313.0
1243,bone,ESKAYAN,giro,g i r o,1 7 5 7,AXBZ,KIRU,34.0,34.K.C 34.I.V 34.R.C 34.U.V,2.0 1.5 1.75 0.8,giro,0.0,314.0
1283,bone,ESTONIAN,kont,k o n t,1 7 4 1,AXLN,KUNT,35.0,35.K.C 35.U.V 35.N.c 35.T.c,2.0 1.5 1.1 0.8,kont,0.0,315.0
1323,bone,FINNISH,luu,l uu,5 7,AX,LY,37.0,37.L.C 37.Y.V,2.0 1.5,luu,0.0,317.0
1363,bone,FUZHOU CHINESE,kouk,k o u k,1 7 7 1,AXYN,KUYK,38.0,38.K.C 38.U.V 38.Y.V 38.K.c,2.0 1.5 1.3 0.8,kouk,0.0,318.0
1403,bone,GADDANG,tulaŋ,t u l a ŋ,1 7 5 7 4,AXBYN,TYLAN,39.0,39.T.C 39.Y.V 39.L.C 39.A.V 39.N.c,2.0 1.5 1.75 1.3 0.8,tulaŋ,0.0,289.0
1443,bone,HANUNOO,butʔul,b u t ʔ u l,1 7 1 1 7 5,AXMBYN,PYTHYL,40.0,40.P.C 40.Y.V 40.T.c 40.H.C 40.Y.V 40.L.c,2.0 1.5 1.1 1.75 1.3 0.8,butʔul,0.0,320.0
1483,bone,HIGAONON BINUKID,tulʔan,t u l ʔ a n,1 7 5 1 7 4,AXMBYN,TYLHAN,41.0,41.T.C 41.Y.V 41.L.c 41.H.C 41.A.V 41.N.c,2.0 1.5 1.1 1.75 1.3 0.8,tulʔan,0.0,292.0
1523,bone,HUNGARIAN,Cont,c o n t,1 7 4 1,AXLN,CUNT,43.0,43.C.C 43.U.V 43.N.c 43.T.c,2.0 1.5 1.1 0.8,cont,0.0,323.0
1563,bone,IBALOI,pohfel,p o h f e l,1 7 3 3 7 5,AXMBYN,PUHBEL,44.0,44.P.C 44.U.V 44.H.c 44.B.C 44.E.V 44.L.c,2.0 1.5 1.1 1.75 1.3 0.8,pohfel,0.0,324.0
1603,bone,IBANAG,tulaŋ,t u l a ŋ,1 7 5 7 4,AXBYN,TYLAN,45.0,45.T.C 45.Y.V 45.L.C 45.A.V 45.N.c,2.0 1.5 1.75 1.3 0.8,tulaŋ,0.0,289.0
1643,bone,IDAAN,tulaŋ,t u l a ŋ,1 7 5 7 4,AXBYN,TYLAN,46.0,46.T.C 46.Y.V 46.L.C 46.A.V 46.N.c,2.0 1.5 1.75 1.3 0.8,tulaŋ,0.0,289.0
1683,bone,IFUGAO AMGANAD,tuŋal,t u ŋ a l,1 7 4 7 5,AXBYN,TYNAL,47.0,47.T.C 47.Y.V 47.N.C 47.A.V 47.L.c,2.0 1.5 1.75 1.3 0.8,tuŋal,0.0,285.0
1723,bone,IFUGAO BATAD,toŋal,t o ŋ a l,1 7 4 7 5,AXBYN,TUNAL,48.0,48.T.C 48.U.V 48.N.C 48.A.V 48.L.c,2.0 1.5 1.75 1.3 0.8,toŋal,0.0,285.0
1763,bone,IFUGAO BAYNINAN,tuŋal,t u ŋ a l,1 7 4 7 5,AXBYN,TYNAL,49.0,49.T.C 49.Y.V 49.N.C 49.A.V 49.L.c,2.0 1.5 1.75 1.3 0.8,tuŋal,0.0,285.0
1803,bone,ILOKANO,tulaŋ,t u l a ŋ,1 7 5 7 4,AXBYN,TYLAN,50.0,50.T.C 50.Y.V 50.L.C 50.A.V 50.N.c,2.0 1.5 1.75 1.3 0.8,tulaŋ,0.0,289.0
1843,bone,ILONGOT KAKIDUGEN,tuʔlaŋ,t u ʔ l a ŋ,1 7 1 5 7 4,AXBCYN,TYHLAN,51.0,51.T.C 51.Y.V 51.H.C 51.L.C 51.A.V 51.N.c,2.0 1.5 1.75 1.5 1.3 0.8,tuʔlaŋ,0.0,289.0
1883,bone,INIBALOI,pokəl,p o k ə l,1 7 1 7 5,AXBYN,PUKEL,54.0,54.P.C 54.U.V 54.K.C 54.E.V 54.L.c,2.0 1.5 1.75 1.3 0.8,pokəl,0.0,334.0
1923,bone,IRANUN,tulan,t u l a n,1 7 5 7 4,AXBYN,TYLAN,55.0,55.T.C 55.Y.V 55.L.C 55.A.V 55.N.c,2.0 1.5 1.75 1.3 0.8,tulan,0.0,289.0
1963,bone,IRIGA,tulaŋ,t u l a ŋ,1 7 5 7 4,AXBYN,TYLAN,57.0,57.T.C 57.Y.V 57.L.C 57.A.V 57.N.c,2.0 1.5 1.75 1.3 0.8,tulaŋ,0.0,289.0
2003,bone,ISNAG,tulaŋ,t u l a ŋ,1 7 5 7 4,AXBYN,TYLAN,59.0,59.T.C 59.Y.V 59.L.C 59.A.V 59.N.c,2.0 1.5 1.75 1.3 0.8,tulaŋ,0.0,289.0
2043,bone,ISNEG,tulaŋ,t u l a ŋ,1 7 5 7 4,AXBYN,TYLAN,60.0,60.T.C 60.Y.V 60.L.C 60.A.V 60.N.c,2.0 1.5 1.75 1.3 0.8,tulaŋ,0.0,289.0
2083,bone,ITAWIT,tulEŋ,t u l æ ŋ,1 7 5 7 4,AXBYN,TYLEN,61.0,61.T.C 61.Y.V 61.L.C 61.E.V 61.N.c,2.0 1.5 1.75 1.3 0.8,tulæŋ,0.0,289.0
2123,bone,ITBAYATEN BATANES ISLANDS,tuʔgaŋ,t u ʔ g a ŋ,1 7 1 1 7 4,AXMBYN,TYHKAN,62.0,62.T.C 62.Y.V 62.H.c 62.K.C 62.A.V 62.N.c,2.0 1.5 1.1 1.75 1.3 0.8,tuʔgaŋ,0.0,289.0
2163,bone,ITNEG BINONGAN,tolʔaŋ,t o l ʔ a ŋ,1 7 5 1 7 4,AXMBYN,TULHAN,63.0,63.T.C 63.U.V 63.L.c 63.H.C 63.A.V 63.N.c,2.0 1.5 1.1 1.75 1.3 0.8,tolʔaŋ,0.0,343.0
2203,bone,IVATAN BATANES ISLANDS,toʔhaŋ,t o ʔh a ŋ,1 7 1 7 4,AXBYN,TUHAN,65.0,65.T.C 65.U.V 65.H.C 65.A.V 65.N.c,2.0 1.5 1.75 1.3 0.8,toʔhaŋ,0.0,289.0
2243,bone,JAPANESE,hone,h o n e,3 7 4 7,AXBZ,HUNE,66.0,66.H.C 66.U.V 66.N.C 66.E.V,2.0 1.5 1.75 0.8,hone,0.0,346.0
2283,bone,KADAZAN,tuhaŋ,t u h a ŋ,1 7 3 7 4,AXBYN,TYHAN,67.0,67.T.C 67.Y.V 67.H.C 67.A.V 67.N.c,2.0 1.5 1.75 1.3 0.8,tuhaŋ,0.0,289.0
2323,bone,KAGAYANEN,bəkəg,b ə k ə g,1 7 1 7 1,AXBYN,PEKEK,68.0,68.P.C 68.E.V 68.K.C 68.E.V 68.K.c,2.0 1.5 1.75 1.3 0.8,bəkəg,0.0,300.0
2363,bone,KALAGAN,pisaʔ,p i s a ʔ,1 7 3 7 1,AXBYN,PISAH,69.0,69.P.C 69.I.V 69.S.C 69.A.V 69.H.c,2.0 1.5 1.75 1.3 0.8,pisaʔ,0.0,349.0
2403,bone,KALINGA GUINAANG,tuŋʔal,t u ŋ ʔ a l,1 7 4 1 7 5,AXMBYN,TYNHAL,70.0,70.T.C 70.Y.V 70.N.c 70.H.C 70.A.V 70.L.c,2.0 1.5 1.1 1.75 1.3 0.8,tuŋʔal,0.0,295.0
2443,bone,KALINGA LIMOS,tulʔaŋ,t u l ʔ a ŋ,1 7 5 1 7 4,AXMBYN,TYLHAN,71.0,71.T.C 71.Y.V 71.L.c 71.H.C 71.A.V 71.N.c,2.0 1.5 1.1 1.75 1.3 0.8,tulʔaŋ,0.0,343.0
2483,bone,KALLAHAN KAYAPA PROPER,pukil,p u k i l,1 7 1 7 5,AXBYN,PYKIL,72.0,72.P.C 72.Y.V 72.K.C 72.I.V 72.L.c,2.0 1.5 1.75 1.3 0.8,pukil,0.0,334.0
2523,bone,KALLAHAN KELEYQIQ IFUGAO,tuʔŋal,t u ʔ ŋ a l,1 7 1 4 7 5,AXBCYN,TYHNAL,73.0,73.T.C 73.Y.V 73.H.C 73.N.C 73.A.V 73.L.c,2.0 1.5 1.75 1.5 1.3 0.8,tuʔŋal,0.0,285.0
2563,bone,KANKANAY NORTHERN,iŋit,i ŋ i t,7 4 7 1,XBYN,INIT,75.0,75.I.V 75.N.C 75.I.V 75.T.c,1.5 1.75 1.3 0.8,iŋit,0.0,355.0
2603,bone,KAPAMPANGAN,binjas,b i n j a s,1 7 4 6 7 3,AXBCYN,PINJAS,76.0,76.P.C 76.I.V 76.N.C 76.J.C 76.A.V 76.S.c,2.0 1.5 1.75 1.5 1.3 0.8,binjas,0.0,356.0
2643,bone,KINARAY A,tulʔan,t u l ʔ a n,1 7 5 1 7 4,AXMBYN,TYLHAN,77.0,77.T.C 77.Y.V 77.L.c 77.H.C 77.A.V 77.N.c,2.0 1.5 1.1 1.75 1.3 0.8,tulʔan,0.0,292.0
2683,bone,KOREAN,bjo,b j o,1 6 7,ACX,PJU,78.0,78.P.C 78.J.C 78.U.V,2.0 1.5 1.5,bjo,0.0,358.0
2723,bone,LEGAZPI,tuʔlaŋ,t u ʔ l a ŋ,1 7 1 5 7 4,AXBCYN,TYHLAN,79.0,79.T.C 79.Y.V 79.H.C 79.L.C 79.A.V 79.N.c,2.0 1.5 1.75 1.5 1.3 0.8,tuʔlaŋ,0.0,289.0
2763,bone,LIBON,tulaŋ,t u l a ŋ,1 7 5 7 4,AXBYN,TYLAN,80.0,80.T.C 80.Y.V 80.L.C 80.A.V 80.N.c,2.0 1.5 1.75 1.3 0.8,tulaŋ,0.0,289.0
2803,bone,LIVE,lju,l j u,5 6 7,ACX,LJY,82.0,82.L.C 82.J.C 82.Y.V,2.0 1.5 1.5,lju,0.0,317.0
2843,bone,MAGUINDANAO,tulan,t u l a n,1 7 5 7 4,AXBYN,TYLAN,83.0,83.T.C 83.Y.V 83.L.C 83.A.V 83.N.c,2.0 1.5 1.75 1.3 0.8,tulan,0.0,289.0
2883,bone,MAMANWA,bəkəg,b ə k ə g,1 7 1 7 1,AXBYN,PEKEK,84.0,84.P.C 84.E.V 84.K.C 84.E.V 84.K.c,2.0 1.5 1.75 1.3 0.8,bəkəg,0.0,300.0
2923,bone,MANOBO ATA,bokog,b o k o g,1 7 1 7 1,AXBYN,PUKUK,88.0,88.P.C 88.U.V 88.K.C 88.U.V 88.K.c,2.0 1.5 1.75 1.3 0.8,bokog,0.0,300.0
2963,bone,MANOBO DIBABAWON,bəkəg,b ə k ə g,1 7 1 7 1,AXBYN,PEKEK,89.0,89.P.C 89.E.V 89.K.C 89.E.V 89.K.c,2.0 1.5 1.75 1.3 0.8,bəkəg,0.0,300.0
3003,bone,MANOBO ILIANEN,tulan,t u l a n,1 7 5 7 4,AXBYN,TYLAN,90.0,90.T.C 90.Y.V 90.L.C 90.A.V 90.N.c,2.0 1.5 1.75 1.3 0.8,tulan,0.0,289.0
3043,bone,MANOBO KALAMANSIG COTABATO,tuʔəlan,t u ʔ ə l a n,1 7 1 7 5 7 4,AXBYBYN,TYHELAN,91.0,91.T.C 91.Y.V 91.H.C 91.E.V 91.L.C 91.A.V 91.N.c,2.0 1.5 1.75 1.3 1.75 1.3 0.8,tuʔəlan,0.0,289.0
3083,bone,MANOBO SARANGANI,toʔlan,t o ʔ l a n,1 7 1 5 7 4,AXBCYN,TUHLAN,92.0,92.T.C 92.U.V 92.H.C 92.L.C 92.A.V 92.N.c,2.0 1.5 1.75 1.5 1.3 0.8,toʔlan,0.0,289.0
3123,bone,MANOBO TIGWA,tulʔan,t u l ʔ a n,1 7 5 1 7 4,AXMBYN,TYLHAN,93.0,93.T.C 93.Y.V 93.L.c 93.H.C 93.A.V 93.N.c,2.0 1.5 1.1 1.75 1.3 0.8,tulʔan,0.0,292.0
3163,bone,MANOBO WESTERN BUKIDNON,tulan,t u l a n,1 7 5 7 4,AXBYN,TYLAN,94.0,94.T.C 94.Y.V 94.L.C 94.A.V 94.N.c,2.0 1.5 1.75 1.3 0.8,tulan,0.0,289.0
3203,bone,MANSAKA,pəsaʔ,p ə s a ʔ,1 7 3 7 1,AXBYN,PESAH,95.0,95.P.C 95.E.V 95.S.C 95.A.V 95.H.c,2.0 1.5 1.75 1.3 0.8,pəsaʔ,0.0,349.0
3243,bone,MAPUN,towaŋ,t o w a ŋ,1 7 6 7 4,AXBYN,TUWAN,97.0,97.T.C 97.U.V 97.W.C 97.A.V 97.N.c,2.0 1.5 1.75 1.3 0.8,towaŋ,0.0,289.0
3283,bone,MARANAO,tolan,t o l a n,1 7 5 7 4,AXBYN,TULAN,98.0,98.T.C 98.U.V 98.L.C 98.A.V 98.N.c,2.0 1.5 1.75 1.3 0.8,tolan,0.0,289.0
3323,bone,MARINDUQUE TAGALOG,butʔu,b u t ʔ u,1 7 1 1 7,AXMBZ,PYTHY,99.0,99.P.C 99.Y.V 99.T.c 99.H.C 99.Y.V,2.0 1.5 1.1 1.75 0.8,butʔu,0.0,379.0
3363,bone,MASBATENYO,tulaŋ,t u l a ŋ,1 7 5 7 4,AXBYN,TYLAN,100.0,100.T.C 100.Y.V 100.L.C 100.A.V 100.N.c,2.0 1.5 1.75 1.3 0.8,tulaŋ,0.0,289.0
3403,bone,MINANGALI LOWER TANUDAN KALINGA,tuŋa8,t u ŋ a,1 7 4 7,AXBZ,TYNA,101.0,101.T.C 101.Y.V 101.N.C 101.A.V,2.0 1.5 1.75 0.8,tuŋa,0.0,285.0
3443,bone,MOKSHA,pakarj,p a k a r j,1 7 1 7 5 6,AXBYBC,PAKARJ,102.0,102.P.C 102.A.V 102.K.C 102.A.V 102.R.C 102.J.C,2.0 1.5 1.75 1.3 1.75 1.5,pakarj,0.0,382.0
3483,bone,MOLBOG,tulaŋ,t u l a ŋ,1 7 5 7 4,AXBYN,TYLAN,103.0,103.T.C 103.Y.V 103.L.C 103.A.V 103.N.c,2.0 1.5 1.75 1.3 0.8,tulaŋ,0.0,289.0
3523,bone,MOLBOG 2,tuʔlaŋ,t u ʔ l a ŋ,1 7 1 5 7 4,AXBCYN,TYHLAN,104.0,104.T.C 104.Y.V 104.H.C 104.L.C 104.A.V 104.N.c,2.0 1.5 1.75 1.5 1.3 0.8,tuʔlaŋ,0.0,289.0
3563,bone,MONGOLIAN,jas,j a s,6 7 3,AXN,JAS,105.0,105.J.C 105.A.V 105.S.c,2.0 1.5 0.8,jas,0.0,385.0
3603,bone,MORO MAGINDANAU,tulan,t u l a n,1 7 5 7 4,AXBYN,TYLAN,106.0,106.T.C 106.Y.V 106.L.C 106.A.V 106.N.c,2.0 1.5 1.75 1.3 0.8,tulan,0.0,289.0
3643,bone,NAGA,tuʔlaŋ,t u ʔ l a ŋ,1 7 1 5 7 4,AXBCYN,TYHLAN,107.0,107.T.C 107.Y.V 107.H.C 107.L.C 107.A.V 107.N.c,2.0 1.5 1.75 1.5 1.3 0.8,tuʔlaŋ,0.0,289.0
3683,bone,NORTHERN CATANDUANES,tuʔraŋ,t u ʔ r a ŋ,1 7 1 5 7 4,AXBCYN,TYHRAN,108.0,108.T.C 108.Y.V 108.H.C 108.R.C 108.A.V 108.N.c,2.0 1.5 1.75 1.5 1.3 0.8,tuʔraŋ,0.0,289.0
3723,bone,NORTHERN SORSOGON,tulʔaŋ,t u l ʔ a ŋ,1 7 5 1 7 4,AXMBYN,TYLHAN,109.0,109.T.C 109.Y.V 109.L.c 109.H.C 109.A.V 109.N.c,2.0 1.5 1.1 1.75 1.3 0.8,tulʔaŋ,0.0,292.0
3763,bone,OAS,tuʔlaŋ,t u ʔ l a ŋ,1 7 1 5 7 4,AXBCYN,TYHLAN,110.0,110.T.C 110.Y.V 110.H.C 110.L.C 110.A.V 110.N.c,2.0 1.5 1.75 1.5 1.3 0.8,tuʔlaŋ,0.0,289.0
3803,bone,PALAWANO BATAK,tulaŋ,t u l a ŋ,1 7 5 7 4,AXBYN,TYLAN,111.0,111.T.C 111.Y.V 111.L.C 111.A.V 111.N.c,2.0 1.5 1.75 1.3 0.8,tulaŋ,0.0,289.0
3843,bone,PANGASINAN,pokel,p o k e l,1 7 1 7 5,AXBYN,PUKEL,112.0,112.P.C 112.U.V 112.K.C 112.E.V 112.L.c,2.0 1.5 1.75 1.3 0.8,pokel,0.0,334.0
3883,bone,PANGUTARAN SAMA,bokog,b o k o g,1 7 1 7 1,AXBYN,PUKUK,113.0,113.P.C 113.U.V 113.K.C 113.U.V 113.K.c,2.0 1.5 1.75 1.3 0.8,bokog,0.0,286.0
3923,bone,PANGUTARAN SAMA (1),bokog,b o k o g,1 7 1 7 1,AXBYN,PUKUK,114.0,114.P.C 114.U.V 114.K.C 114.U.V 114.K.c,2.0 1.5 1.75 1.3 0.8,bokog,0.0,286.0
3963,bone,PROTO PALAWAN,tuʔlaŋ,t u ʔ l a ŋ,1 7 1 5 7 4,AXBCYN,TYHLAN,115.0,115.T.C 115.Y.V 115.H.C 115.L.C 115.A.V 115.N.c,2.0 1.5 1.75 1.5 1.3 0.8,tuʔlaŋ,0.0,289.0
4003,bone,QUEZON PALAWAN,tuʔlaŋ,t u ʔ l a ŋ,1 7 1 5 7 4,AXBCYN,TYHLAN,117.0,117.T.C 117.Y.V 117.H.C 117.L.C 117.A.V 117.N.c,2.0 1.5 1.75 1.5 1.3 0.8,tuʔlaŋ,0.0,289.0
4043,bone,ROMBLOMANON 1,tujʔan,t u j ʔ a n,1 7 6 1 7 4,AXMBYN,TYJHAN,118.0,118.T.C 118.Y.V 118.J.c 118.H.C 118.A.V 118.N.c,2.0 1.5 1.1 1.75 1.3 0.8,tujʔan,0.0,289.0
4083,bone,ROMBLOMANON 2,tujʔan,t u j ʔ a n,1 7 6 1 7 4,AXMBYN,TYJHAN,119.0,119.T.C 119.Y.V 119.J.c 119.H.C 119.A.V 119.N.c,2.0 1.5 1.1 1.75 1.3 0.8,tujʔan,0.0,289.0
4123,bone,SAMAL,koaʔ,k o a ʔ,1 7 7 1,AXYN,KUAH,120.0,120.K.C 120.U.V 120.A.V 120.H.c,2.0 1.5 1.3 0.8,koaʔ,0.0,400.0
4163,bone,SAMBAL BOTOLAN,botʔo,b o t ʔ o,1 7 1 1 7,AXMBZ,PUTHU,121.0,121.P.C 121.U.V 121.T.c 121.H.C 121.U.V,2.0 1.5 1.1 1.75 0.8,botʔo,0.0,379.0
4203,bone,SANGIL,duri,d u r i,1 7 5 7,AXBZ,TYRI,122.0,122.T.C 122.Y.V 122.R.C 122.I.V,2.0 1.5 1.75 0.8,duri,0.0,308.0
4243,bone,SANGIL SARANGANI ISLANDS,duri,d u r i,1 7 5 7,AXBZ,TYRI,123.0,123.T.C 123.Y.V 123.R.C 123.I.V,2.0 1.5 1.75 0.8,duri,0.0,308.0
4283,bone,SEDANG,koSiaŋ,k o s i a ŋ,1 7 3 7 7 4,AXBYYN,KUSIAN,124.0,124.K.C 124.U.V 124.S.C 124.I.V 124.A.V 124.N.c,2.0 1.5 1.75 1.3 1.3 0.8,kosiaŋ,0.0,404.0
4323,bone,SIBUTU SOUTHERN SAMA,tolaŋ,t o l a ŋ,1 7 5 7 4,AXBYN,TULAN,125.0,125.T.C 125.U.V 125.L.C 125.A.V 125.N.c,2.0 1.5 1.75 1.3 0.8,tolaŋ,0.0,289.0
4363,bone,SOGODNIN BORACAY,tolʔan,t o l ʔ a n,1 7 5 1 7 4,AXMBYN,TULHAN,127.0,127.T.C 127.U.V 127.L.c 127.H.C 127.A.V 127.N.c,2.0 1.5 1.1 1.75 1.3 0.8,tolʔan,0.0,292.0
4403,bone,SOUTH SAAMI,moaroə,m o a r o ə,4 7 7 5 7 7,AXYBYZ,MUARUE,128.0,128.M.C 128.U.V 128.A.V 128.R.C 128.U.V 128.E.V,2.0 1.5 1.3 1.75 1.3 0.8,moaroə,0.0,408.0
4443,bone,SOUTHERN CATANDUANES,tulʔaŋ,t u l ʔ a ŋ,1 7 5 1 7 4,AXMBYN,TYLHAN,129.0,129.T.C 129.Y.V 129.L.c 129.H.C 129.A.V 129.N.c,2.0 1.5 1.1 1.75 1.3 0.8,tulʔaŋ,0.0,292.0
4483,bone,SOUTHERN SORSOGON,tulʔaŋ,t u l ʔ a ŋ,1 7 5 1 7 4,AXMBYN,TYLHAN,131.0,131.T.C 131.Y.V 131.L.c 131.H.C 131.A.V 131.N.c,2.0 1.5 1.1 1.75 1.3 0.8,tulʔaŋ,0.0,292.0
4523,bone,SOUTHWEST PALAWANO,tulaŋ,t u l a ŋ,1 7 5 7 4,AXBYN,TYLAN,132.0,132.T.C 132.Y.V 132.L.C 132.A.V 132.N.c,2.0 1.5 1.75 1.3 0.8,tulaŋ,0.0,289.0
4563,bone,SPANISH,weso,w e s o,6 7 3 7,AXBZ,WESU,133.0,133.W.C 133.E.V 133.S.C 133.U.V,2.0 1.5 1.75 0.8,weso,0.0,413.0
4603,bone,SUBANON SIOCON,tulan,t u l a n,1 7 5 7 4,AXBYN,TYLAN,134.0,134.T.C 134.Y.V 134.L.C 134.A.V 134.N.c,2.0 1.5 1.75 1.3 0.8,tulan,0.0,289.0
4643,bone,SUBANUN SINDANGAN,tolan,t o l a n,1 7 5 7 4,AXBYN,TULAN,135.0,135.T.C 135.U.V 135.L.C 135.A.V 135.N.c,2.0 1.5 1.75 1.3 0.8,tolan,0.0,289.0
4683,bone,SURIGAONON,bukog,b u k o g,1 7 1 7 1,AXBYN,PYKUK,136.0,136.P.C 136.Y.V 136.K.C 136.U.V 136.K.c,2.0 1.5 1.75 1.3 0.8,bukog,0.0,300.0
4723,bone,TAGABAWA,tulan,t u l a n,1 7 5 7 4,AXBYN,TYLAN,137.0,137.T.C 137.Y.V 137.L.C 137.A.V 137.N.c,2.0 1.5 1.75 1.3 0.8,tulan,0.0,289.0
4763,bone,TAGABILI,tiʔol,t i ʔ o l,1 7 1 7 5,AXBYN,TIHUL,138.0,138.T.C 138.I.V 138.H.C 138.U.V 138.L.c,2.0 1.5 1.75 1.3 0.8,tiʔol,0.0,418.0
4803,bone,TAGALOG,buto,b u t o,1 7 1 7,AXBZ,PYTU,139.0,139.P.C 139.Y.V 139.T.C 139.U.V,2.0 1.5 1.75 0.8,buto,0.0,419.0
4843,bone,TAGBANUA ABORLAN,tuʔlaŋ,t u ʔ l a ŋ,1 7 1 5 7 4,AXBCYN,TYHLAN,140.0,140.T.C 140.Y.V 140.H.C 140.L.C 140.A.V 140.N.c,2.0 1.5 1.75 1.5 1.3 0.8,tuʔlaŋ,0.0,289.0
4883,bone,TAGBANWA ABORLAN,tuʔlaŋ,t u ʔ l a ŋ,1 7 1 5 7 4,AXBCYN,TYHLAN,141.0,141.T.C 141.Y.V 141.H.C 141.L.C 141.A.V 141.N.c,2.0 1.5 1.75 1.5 1.3 0.8,tuʔlaŋ,0.0,289.0
4923,bone,TAGBANWA KALAMIAN,duliʔ,d u l i ʔ,1 7 5 7 1,AXBYN,TYLIH,142.0,142.T.C 142.Y.V 142.L.C 142.I.V 142.H.c,2.0 1.5 1.75 1.3 0.8,duliʔ,0.0,308.0
4963,bone,TALAANDIG BINUKID,tulʔan,t u l ʔ a n,1 7 5 1 7 4,AXMBYN,TYLHAN,143.0,143.T.C 143.Y.V 143.L.c 143.H.C 143.A.V 143.N.c,2.0 1.5 1.1 1.75 1.3 0.8,tulʔan,0.0,292.0
5003,bone,TAMBUNAN DUSUN,tulaŋ,t u l a ŋ,1 7 5 7 4,AXBYN,TYLAN,144.0,144.T.C 144.Y.V 144.L.C 144.A.V 144.N.c,2.0 1.5 1.75 1.3 0.8,tulaŋ,0.0,289.0
5043,bone,TAUSUG,bukug,b u k u g,1 7 1 7 1,AXBYN,PYKYK,145.0,145.P.C 145.Y.V 145.K.C 145.Y.V 145.K.c,2.0 1.5 1.75 1.3 0.8,bukug,0.0,300.0
5083,bone,TAUT BATU,tuʔlaŋ,t u ʔ l a ŋ,1 7 1 5 7 4,AXBCYN,TYHLAN,146.0,146.T.C 146.Y.V 146.H.C 146.L.C 146.A.V 146.N.c,2.0 1.5 1.75 1.5 1.3 0.8,tuʔlaŋ,0.0,289.0
5123,bone,TBOLI TAGABILI,tiʔol,t i ʔ o l,1 7 1 7 5,AXBYN,TIHUL,147.0,147.T.C 147.I.V 147.H.C 147.U.V 147.L.c,2.0 1.5 1.75 1.3 0.8,tiʔol,0.0,418.0
5163,bone,TIMUGON MURUT,tulaŋ,t u l a ŋ,1 7 5 7 4,AXBYN,TYLAN,148.0,148.T.C 148.Y.V 148.L.C 148.A.V 148.N.c,2.0 1.5 1.75 1.3 0.8,tulaŋ,0.0,289.0
5203,bone,TIRURAY,bukal,b u k a l,1 7 1 7 5,AXBYN,PYKAL,149.0,149.P.C 149.Y.V 149.K.C 149.A.V 149.L.c,2.0 1.5 1.75 1.3 0.8,bukal,0.0,429.0
5243,bone,TURKISH,kemik,k e m i k,1 7 4 7 1,AXBYN,KEMIK,150.0,150.K.C 150.E.V 150.M.C 150.I.V 150.K.c,2.0 1.5 1.75 1.3 0.8,kemik,0.0,430.0
5283,bone,UGARITIC,X8Xm,x x m,3 3 4,ACC,GGM,151.0,151.G.C 151.G.C 151.M.C,2.0 1.5 1.5,xxm,0.0,431.0
5323,bone,WARAY WARAY,tulan,t u l a n,1 7 5 7 4,AXBYN,TYLAN,152.0,152.T.C 152.Y.V 152.L.C 152.A.V 152.N.c,2.0 1.5 1.75 1.3 0.8,tulan,0.0,289.0
5363,bone,YAKAN,tolaŋ,t o l a ŋ,1 7 5 7 4,AXBYN,TULAN,153.0,153.T.C 153.U.V 153.L.C 153.A.V 153.N.c,2.0 1.5 1.75 1.3 0.8,tolaŋ,0.0,289.0
5403,bone,YOGAD,tulaŋ,t u l a ŋ,1 7 5 7 4,AXBYN,TYLAN,154.0,154.T.C 154.Y.V 154.L.C 154.A.V 154.N.c,2.0 1.5 1.75 1.3 0.8,tulaŋ,0.0,289.0
5483,bone,IMOROD,totowaŋ,t o t o w a ŋ,1 7 1 7 6 7 4,AXBYBYN,TUTUWAN,52.0,52.T.C 52.U.V 52.T.C 52.U.V 52.W.C 52.A.V 52.N.c,2.0 1.5 1.75 1.3 1.75 1.3 0.8,totowaŋ,0.0,332.0
5523,bone,BABUYAN,tohaŋ,t o h a ŋ,1 7 3 7 4,AXBYN,TUHAN,4.0,4.T.C 4.U.V 4.H.C 4.A.V 4.N.c,2.0 1.5 1.75 1.3 0.8,tohaŋ,0.0,289.0
5563,bone,BISAYA SABAH,panah,p a n a h,1 7 4 7 3,AXBYN,PANAH,13.0,13.P.C 13.A.V 13.N.C 13.A.V 13.H.c,2.0 1.5 1.75 1.3 0.8,panah,0.0,293.0
5603,bone,FINALLIG,ikor,i k o r,7 1 7 5,XBYN,IKUR,36.0,36.I.V 36.K.C 36.U.V 36.R.c,1.5 1.75 1.3 0.8,ikor,0.0,288.0
5643,bone,HILIGAYNON,tulan,t u l a n,1 7 5 7 4,AXBYN,TYLAN,42.0,42.T.C 42.Y.V 42.L.C 42.A.V 42.N.c,2.0 1.5 1.75 1.3 0.8,tulan,0.0,289.0
5683,bone,INABAKNON,taʔulaŋ,t a ʔ u l a ŋ,1 7 1 7 5 7 4,AXBYBYN,TAHYLAN,53.0,53.T.C 53.A.V 53.H.C 53.Y.V 53.L.C 53.A.V 53.N.c,2.0 1.5 1.75 1.3 1.75 1.3 0.8,taʔulaŋ,0.0,289.0
5723,bone,IRARALAY IVATAN,totowaŋ,t o t o w a ŋ,1 7 1 7 6 7 4,AXBYBYN,TUTUWAN,56.0,56.T.C 56.U.V 56.T.C 56.U.V 56.W.C 56.A.V 56.N.c,2.0 1.5 1.75 1.3 1.75 1.3 0.8,totowaŋ,0.0,332.0
5763,bone,ISAMORONG IVATAN,tohaŋ,t o h a ŋ,1 7 3 7 4,AXBYN,TUHAN,58.0,58.T.C 58.U.V 58.H.C 58.A.V 58.N.c,2.0 1.5 1.75 1.3 0.8,tohaŋ,0.0,289.0
5803,bone,IVASAY IVATAN,tohaŋ,t o h a ŋ,1 7 3 7 4,AXBYN,TUHAN,64.0,64.T.C 64.U.V 64.H.C 64.A.V 64.N.c,2.0 1.5 1.75 1.3 0.8,tohaŋ,0.0,289.0
5843,bone,KANKANAEY,toŋa,t o ŋ a,1 7 4 7,AXBZ,TUNA,74.0,74.T.C 74.U.V 74.N.C 74.A.V,2.0 1.5 1.75 0.8,toŋa,0.0,285.0
5883,bone,LIMOS KALINGA,duli,d u l i,1 7 5 7,AXBZ,TYLI,81.0,81.T.C 81.Y.V 81.L.C 81.I.V,2.0 1.5 1.75 0.8,duli,0.0,308.0
5923,bone,MANDAYAN BOSO,pəsaʔ,p ə s a ʔ,1 7 3 7 1,AXBYN,PESAH,85.0,85.P.C 85.E.V 85.S.C 85.A.V 85.H.c,2.0 1.5 1.75 1.3 0.8,pəsaʔ,0.0,349.0
5963,bone,MANDAYAN CARAGA,pusaʔ,p u s a ʔ,1 7 3 7 1,AXBYN,PYSAH,86.0,86.P.C 86.Y.V 86.S.C 86.A.V 86.H.c,2.0 1.5 1.75 1.3 0.8,pusaʔ,0.0,349.0
6003,bone,MANDAYAN ISLAM PISO,pusaʔ,p u s a ʔ,1 7 3 7 1,AXBYN,PYSAH,87.0,87.P.C 87.Y.V 87.S.C 87.A.V 87.H.c,2.0 1.5 1.75 1.3 0.8,pusaʔ,0.0,349.0
6043,bone,MANSAKA 2,pəsaʔ,p ə s a ʔ,1 7 3 7 1,AXBYN,PESAH,96.0,96.P.C 96.E.V 96.S.C 96.A.V 96.H.c,2.0 1.5 1.75 1.3 0.8,pəsaʔ,0.0,349.0
6083,bone,PROTO SOUTHERN MINDANAO,tulan,t u l a n,1 7 5 7 4,AXBYN,TYLAN,116.0,116.T.C 116.Y.V 116.L.C 116.A.V 116.N.c,2.0 1.5 1.75 1.3 0.8,tulan,0.0,289.0
6123,bone,SINAUNA,butʔi,b u t ʔ i,1 7 1 1 7,AXMBZ,PYTHI,126.0,126.P.C 126.Y.V 126.T.c 126.H.C 126.I.V,2.0 1.5 1.1 1.75 0.8,butʔi,0.0,379.0
6163,bone,SOUTHERN KALINGA,Culi,c u l i,1 7 5 7,AXBZ,CYLI,130.0,130.C.C 130.Y.V 130.L.C 130.I.V,2.0 1.5 1.75 0.8,culi,0.0,308.0
4,breast,AGTA,susu,s u s u,3 7 3 7,AXBZ,SYSY,1.0,1.S.C 1.Y.V 1.S.C 1.Y.V,2.0 1.5 1.75 0.8,susu,0.0,471.0
44,breast,AKLANON,susu,s u s u,3 7 3 7,AXBZ,SYSY,2.0,2.S.C 2.Y.V 2.S.C 2.Y.V,2.0 1.5 1.75 0.8,susu,0.0,471.0
84,breast,ATTA PAMPLONA,gataʔ,g a t a ʔ,1 7 1 7 1,AXBYN,KATAH,3.0,3.K.C 3.A.V 3.T.C 3.A.V 3.H.c,2.0 1.5 1.75 1.3 0.8,gataʔ,0.0,434.0
124,breast,BALANGAW,soso,s o s o,3 7 3 7,AXBZ,SUSU,5.0,5.S.C 5.U.V 5.S.C 5.U.V,2.0 1.5 1.75 0.8,soso,0.0,471.0
164,breast,BALANGINGI SAMA,duduʔ,d u d u ʔ,1 7 1 7 1,AXBYN,TYTYH,6.0,6.T.C 6.Y.V 6.T.C 6.Y.V 6.H.c,2.0 1.5 1.75 1.3 0.8,duduʔ,0.0,437.0
204,breast,BALANGINGI SAMA (1),duduʔ,d u d u ʔ,1 7 1 7 1,AXBYN,TYTYH,7.0,7.T.C 7.Y.V 7.T.C 7.Y.V 7.H.c,2.0 1.5 1.75 1.3 0.8,duduʔ,0.0,437.0
244,breast,BASQUE,diti,d i t i,1 7 1 7,AXBZ,TITI,8.0,8.T.C 8.I.V 8.T.C 8.I.V,2.0 1.5 1.75 0.8,diti,0.0,437.0
284,breast,BATAK PALAWAN,dudu,d u d u,1 7 1 7,AXBZ,TYTY,9.0,9.T.C 9.Y.V 9.T.C 9.Y.V,2.0 1.5 1.75 0.8,dudu,0.0,437.0
324,breast,BILAAN KORONADAL,tutuʔ,t u t u ʔ,1 7 1 7 1,AXBYN,TYTYH,10.0,10.T.C 10.Y.V 10.T.C 10.Y.V 10.H.c,2.0 1.5 1.75 1.3 0.8,tutuʔ,0.0,437.0
364,breast,BILAAN SARANGANI,tutuʔ,t u t u ʔ,1 7 1 7 1,AXBYN,TYTYH,11.0,11.T.C 11.Y.V 11.T.C 11.Y.V 11.H.c,2.0 1.5 1.75 1.3 0.8,tutuʔ,0.0,437.0
404,breast,BINUKID,susu,s u s u,3 7 3 7,AXBZ,SYSY,12.0,12.S.C 12.Y.V 12.S.C 12.Y.V,2.0 1.5 1.75 0.8,susu,0.0,471.0
444,breast,BONGGI,dudu,d u d u,1 7 1 7,AXBZ,TYTY,14.0,14.T.C 14.Y.V 14.T.C 14.Y.V,2.0 1.5 1.75 0.8,dudu,0.0,437.0
484,breast,BONTOC GUINAANG,soso,s o s o,3 7 3 7,AXBZ,SUSU,15.0,15.S.C 15.U.V 15.S.C 15.U.V,2.0 1.5 1.75 0.8,soso,0.0,471.0
564,breast,BUHI,susu,s u s u,3 7 3 7,AXBZ,SYSY,17.0,17.S.C 17.Y.V 17.S.C 17.Y.V,2.0 1.5 1.75 0.8,susu,0.0,471.0
604,breast,BUHINON ALBAY BICOLANO,soso,s o s o,3 7 3 7,AXBZ,SUSU,18.0,18.S.C 18.U.V 18.S.C 18.U.V,2.0 1.5 1.75 0.8,soso,0.0,471.0
684,breast,BUTUANON,dughan,d u gh a n,1 7 1 7 4,AXBYN,TYKAN,20.0,20.T.C 20.Y.V 20.K.C 20.A.V 20.N.c,2.0 1.5 1.75 1.3 0.8,dughan,0.0,449.0
724,breast,CAIJIA,mi,m i,4 7,AX,MI,21.0,21.M.C 21.I.V,2.0 1.5,mi,0.0,450.0
804,breast,CASIGURAN NEGRITO,gisap,g i s a p,1 7 3 7 1,AXBYN,KISAP,23.0,23.K.C 23.I.V 23.S.C 23.A.V 23.P.c,2.0 1.5 1.75 1.3 0.8,gisap,0.0,451.0
844,breast,CEBUANO,dughan,d u gh a n,1 7 1 7 4,AXBYN,TYKAN,24.0,24.T.C 24.Y.V 24.K.C 24.A.V 24.N.c,2.0 1.5 1.75 1.3 0.8,dughan,0.0,449.0
884,breast,CENTRAL BICOLANO,susu,s u s u,3 7 3 7,AXBZ,SYSY,25.0,25.S.C 25.Y.V 25.S.C 25.Y.V,2.0 1.5 1.75 0.8,susu,0.0,471.0
924,breast,CENTRAL BONTOC,susu,s u s u,3 7 3 7,AXBZ,SYSY,26.0,26.S.C 26.Y.V 26.S.C 26.Y.V,2.0 1.5 1.75 0.8,susu,0.0,471.0
964,breast,CENTRAL DUSUN,susu,s u s u,3 7 3 7,AXBZ,SYSY,27.0,27.S.C 27.Y.V 27.S.C 27.Y.V,2.0 1.5 1.75 0.8,susu,0.0,471.0
1004,breast,CENTRAL TAGBANWA,tuto,t u t o,1 7 1 7,AXBZ,TYTU,28.0,28.T.C 28.Y.V 28.T.C 28.U.V,2.0 1.5 1.75 0.8,tuto,0.0,437.0
1044,breast,CUYONON,itən,i t ə n,7 1 7 4,XBYN,ITEN,29.0,29.I.V 29.T.C 29.E.V 29.N.c,1.5 1.75 1.3 0.8,itən,0.0,457.0
1084,breast,DARAGA,susu,s u s u,3 7 3 7,AXBZ,SYSY,30.0,30.S.C 30.Y.V 30.S.C 30.Y.V,2.0 1.5 1.75 0.8,susu,0.0,471.0
1124,breast,DUMAGAT CASIGURAN,gisat,g i s a t,1 7 3 7 1,AXBYN,KISAT,31.0,31.K.C 31.I.V 31.S.C 31.A.V 31.T.c,2.0 1.5 1.75 1.3 0.8,gisat,0.0,459.0
1164,breast,DUPANINGAN AGTA,gisat,g i s a t,1 7 3 7 1,AXBYN,KISAT,32.0,32.K.C 32.I.V 32.S.C 32.A.V 32.T.c,2.0 1.5 1.75 1.3 0.8,gisat,0.0,459.0
1204,breast,ENGLISH,brEst,b r es t,1 5 7 1,ACXN,PRET,33.0,33.P.C 33.R.C 33.E.V 33.T.c,2.0 1.5 1.5 0.8,brest,0.0,461.0
1244,breast,ESKAYAN,palda,p a l d a,1 7 5 1 7,AXMBZ,PALTA,34.0,34.P.C 34.A.V 34.L.c 34.T.C 34.A.V,2.0 1.5 1.1 1.75 0.8,palda,0.0,462.0
1284,breast,ESTONIAN,rind,r i n d,5 7 4 1,AXLN,RINT,35.0,35.R.C 35.I.V 35.N.c 35.T.c,2.0 1.5 1.1 0.8,rind,0.0,463.0
1324,breast,FINNISH,rinta,r i n t a,5 7 4 1 7,AXMBZ,RINTA,37.0,37.R.C 37.I.V 37.N.c 37.T.C 37.A.V,2.0 1.5 1.1 1.75 0.8,rinta,0.0,465.0
1364,breast,FUZHOU CHINESE,neiŋ,n e i ŋ,4 7 7 4,AXYN,NEIN,38.0,38.N.C 38.E.V 38.I.V 38.N.c,2.0 1.5 1.3 0.8,neiŋ,0.0,466.0
1404,breast,GADDANG,gatat,g a t a t,1 7 1 7 1,AXBYN,KATAT,39.0,39.K.C 39.A.V 39.T.C 39.A.V 39.T.c,2.0 1.5 1.75 1.3 0.8,gatat,0.0,459.0
1444,breast,HANUNOO,susu,s u s u,3 7 3 7,AXBZ,SYSY,40.0,40.S.C 40.Y.V 40.S.C 40.Y.V,2.0 1.5 1.75 0.8,susu,0.0,471.0
1524,breast,HUNGARIAN,mel,m e l,4 7 5,AXN,MEL,43.0,43.M.C 43.E.V 43.L.c,2.0 1.5 0.8,mel,0.0,470.0
1564,breast,IBALOI,soso,s o s o,3 7 3 7,AXBZ,SUSU,44.0,44.S.C 44.U.V 44.S.C 44.U.V,2.0 1.5 1.75 0.8,soso,0.0,471.0
1604,breast,IBANAG,susu,s u s u,3 7 3 7,AXBZ,SYSY,45.0,45.S.C 45.Y.V 45.S.C 45.Y.V,2.0 1.5 1.75 0.8,susu,0.0,471.0
1644,breast,IDAAN,tusu,t u s u,1 7 3 7,AXBZ,TYSY,46.0,46.T.C 46.Y.V 46.S.C 46.Y.V,2.0 1.5 1.75 0.8,tusu,0.0,473.0
1684,breast,IFUGAO AMGANAD,palagpag,p a l a g p a g,1 7 5 7 1 1 7 1,AXBYMBYN,PALAKPAK,47.0,47.P.C 47.A.V 47.L.C 47.A.V 47.K.c 47.P.C 47.A.V 47.K.c,2.0 1.5 1.75 1.3 1.1 1.75 1.3 0.8,palagpag,0.0,474.0
1724,breast,IFUGAO BATAD,huhu,h u h u,3 7 3 7,AXBZ,HYHY,48.0,48.H.C 48.Y.V 48.H.C 48.Y.V,2.0 1.5 1.75 0.8,huhu,0.0,471.0
1764,breast,IFUGAO BAYNINAN,palagpag,p a l a g p a g,1 7 5 7 1 1 7 1,AXBYMBYN,PALAKPAK,49.0,49.P.C 49.A.V 49.L.C 49.A.V 49.K.c 49.P.C 49.A.V 49.K.c,2.0 1.5 1.75 1.3 1.1 1.75 1.3 0.8,palagpag,0.0,474.0
1804,breast,ILOKANO,suso,s u s o,3 7 3 7,AXBZ,SYSU,50.0,50.S.C 50.Y.V 50.S.C 50.U.V,2.0 1.5 1.75 0.8,suso,0.0,471.0
1844,breast,ILONGOT KAKIDUGEN,tutu,t u t u,1 7 1 7,AXBZ,TYTY,51.0,51.T.C 51.Y.V 51.T.C 51.Y.V,2.0 1.5 1.75 0.8,tutu,0.0,437.0
1884,breast,INIBALOI,soso,s o s o,3 7 3 7,AXBZ,SUSU,54.0,54.S.C 54.U.V 54.S.C 54.U.V,2.0 1.5 1.75 0.8,soso,0.0,471.0
1924,breast,IRANUN,susu,s u s u,3 7 3 7,AXBZ,SYSY,55.0,55.S.C 55.Y.V 55.S.C 55.Y.V,2.0 1.5 1.75 0.8,susu,0.0,471.0
1964,breast,IRIGA,susu,s u s u,3 7 3 7,AXBZ,SYSY,57.0,57.S.C 57.Y.V 57.S.C 57.Y.V,2.0 1.5 1.75 0.8,susu,0.0,471.0
2004,breast,ISNAG,gatat,g a t a t,1 7 1 7 1,AXBYN,KATAT,59.0,59.K.C 59.A.V 59.T.C 59.A.V 59.T.c,2.0 1.5 1.75 1.3 0.8,gatat,0.0,459.0
2044,breast,ISNEG,gatat,g a t a t,1 7 1 7 1,AXBYN,KATAT,60.0,60.K.C 60.A.V 60.T.C 60.A.V 60.T.c,2.0 1.5 1.75 1.3 0.8,gatat,0.0,459.0
2084,breast,ITAWIT,susu,s u s u,3 7 3 7,AXBZ,SYSY,61.0,61.S.C 61.Y.V 61.S.C 61.Y.V,2.0 1.5 1.75 0.8,susu,0.0,471.0
2124,breast,ITBAYATEN BATANES ISLANDS,rahdah,r a h d a h,5 7 3 1 7 3,AXMBYN,RAHTAH,62.0,62.R.C 62.A.V 62.H.c 62.T.C 62.A.V 62.H.c,2.0 1.5 1.1 1.75 1.3 0.8,rahdah,0.0,489.0
2164,breast,ITNEG BINONGAN,soso,s o s o,3 7 3 7,AXBZ,SUSU,63.0,63.S.C 63.U.V 63.S.C 63.U.V,2.0 1.5 1.75 0.8,soso,0.0,471.0
2204,breast,IVATAN BATANES ISLANDS,sosoʔ,s o s o ʔ,3 7 3 7 1,AXBYN,SUSUH,65.0,65.S.C 65.U.V 65.S.C 65.U.V 65.H.c,2.0 1.5 1.75 1.3 0.8,sosoʔ,0.0,471.0
2244,breast,JAPANESE,mune,m u n e,4 7 4 7,AXBZ,MYNE,66.0,66.M.C 66.Y.V 66.N.C 66.E.V,2.0 1.5 1.75 0.8,mune,0.0,493.0
2284,breast,KADAZAN,susu,s u s u,3 7 3 7,AXBZ,SYSY,67.0,67.S.C 67.Y.V 67.S.C 67.Y.V,2.0 1.5 1.75 0.8,susu,0.0,471.0
2324,breast,KAGAYANEN,susu,s u s u,3 7 3 7,AXBZ,SYSY,68.0,68.S.C 68.Y.V 68.S.C 68.Y.V,2.0 1.5 1.75 0.8,susu,0.0,471.0
2364,breast,KALAGAN,susu,s u s u,3 7 3 7,AXBZ,SYSY,69.0,69.S.C 69.Y.V 69.S.C 69.Y.V,2.0 1.5 1.75 0.8,susu,0.0,471.0
2404,breast,KALINGA GUINAANG,susu,s u s u,3 7 3 7,AXBZ,SYSY,70.0,70.S.C 70.Y.V 70.S.C 70.Y.V,2.0 1.5 1.75 0.8,susu,0.0,471.0
2444,breast,KALINGA LIMOS,susu,s u s u,3 7 3 7,AXBZ,SYSY,71.0,71.S.C 71.Y.V 71.S.C 71.Y.V,2.0 1.5 1.75 0.8,susu,0.0,471.0
2484,breast,KALLAHAN KAYAPA PROPER,huhu,h u h u,3 7 3 7,AXBZ,HYHY,72.0,72.H.C 72.Y.V 72.H.C 72.Y.V,2.0 1.5 1.75 0.8,huhu,0.0,471.0
2524,breast,KALLAHAN KELEYQIQ IFUGAO,huhuʔ,h u h u ʔ,3 7 3 7 1,AXBYN,HYHYH,73.0,73.H.C 73.Y.V 73.H.C 73.Y.V 73.H.c,2.0 1.5 1.75 1.3 0.8,huhuʔ,0.0,471.0
2564,breast,KANKANAY NORTHERN,soso,s o s o,3 7 3 7,AXBZ,SUSU,75.0,75.S.C 75.U.V 75.S.C 75.U.V,2.0 1.5 1.75 0.8,soso,0.0,471.0
2604,breast,KAPAMPANGAN,susu,s u s u,3 7 3 7,AXBZ,SYSY,76.0,76.S.C 76.Y.V 76.S.C 76.Y.V,2.0 1.5 1.75 0.8,susu,0.0,471.0
2684,breast,KOREAN,kasum,k a s u m,1 7 3 7 4,AXBYN,KASYM,78.0,78.K.C 78.A.V 78.S.C 78.Y.V 78.M.c,2.0 1.5 1.75 1.3 0.8,kasum,0.0,504.0
2724,breast,LEGAZPI,susu,s u s u,3 7 3 7,AXBZ,SYSY,79.0,79.S.C 79.Y.V 79.S.C 79.Y.V,2.0 1.5 1.75 0.8,susu,0.0,471.0
2764,breast,LIBON,susu,s u s u,3 7 3 7,AXBZ,SYSY,80.0,80.S.C 80.Y.V 80.S.C 80.Y.V,2.0 1.5 1.75 0.8,susu,0.0,471.0
2804,breast,LIVE,rinda,r i n d a,5 7 4 1 7,AXMBZ,RINTA,82.0,82.R.C 82.I.V 82.N.c 82.T.C 82.A.V,2.0 1.5 1.1 1.75 0.8,rinda,0.0,465.0
2844,breast,MAGUINDANAO,susu,s u s u,3 7 3 7,AXBZ,SYSY,83.0,83.S.C 83.Y.V 83.S.C 83.Y.V,2.0 1.5 1.75 0.8,susu,0.0,471.0
2884,breast,MAMANWA,soso,s o s o,3 7 3 7,AXBZ,SUSU,84.0,84.S.C 84.U.V 84.S.C 84.U.V,2.0 1.5 1.75 0.8,soso,0.0,471.0
2924,breast,MANOBO ATA,susu,s u s u,3 7 3 7,AXBZ,SYSY,88.0,88.S.C 88.Y.V 88.S.C 88.Y.V,2.0 1.5 1.75 0.8,susu,0.0,471.0
2964,breast,MANOBO DIBABAWON,duduʔ,d u d u ʔ,1 7 1 7 1,AXBYN,TYTYH,89.0,89.T.C 89.Y.V 89.T.C 89.Y.V 89.H.c,2.0 1.5 1.75 1.3 0.8,duduʔ,0.0,437.0
3004,breast,MANOBO ILIANEN,susu,s u s u,3 7 3 7,AXBZ,SYSY,90.0,90.S.C 90.Y.V 90.S.C 90.Y.V,2.0 1.5 1.75 0.8,susu,0.0,471.0
3044,breast,MANOBO KALAMANSIG COTABATO,susu,s u s u,3 7 3 7,AXBZ,SYSY,91.0,91.S.C 91.Y.V 91.S.C 91.Y.V,2.0 1.5 1.75 0.8,susu,0.0,471.0
3084,breast,MANOBO SARANGANI,soso,s o s o,3 7 3 7,AXBZ,SUSU,92.0,92.S.C 92.U.V 92.S.C 92.U.V,2.0 1.5 1.75 0.8,soso,0.0,471.0
3124,breast,MANOBO TIGWA,susu,s u s u,3 7 3 7,AXBZ,SYSY,93.0,93.S.C 93.Y.V 93.S.C 93.Y.V,2.0 1.5 1.75 0.8,susu,0.0,471.0
3164,breast,MANOBO WESTERN BUKIDNON,susu,s u s u,3 7 3 7,AXBZ,SYSY,94.0,94.S.C 94.Y.V 94.S.C 94.Y.V,2.0 1.5 1.75 0.8,susu,0.0,471.0
3204,breast,MANSAKA,aba,a b a,7 1 7,XBZ,APA,95.0,95.A.V 95.P.C 95.A.V,1.5 1.75 0.8,aba,0.0,521.0
3244,breast,MAPUN,dakan,d a k a n,1 7 1 7 4,AXBYN,TAKAN,97.0,97.T.C 97.A.V 97.K.C 97.A.V 97.N.c,2.0 1.5 1.75 1.3 0.8,dakan,0.0,449.0
3284,breast,MARANAO,soso,s o s o,3 7 3 7,AXBZ,SUSU,98.0,98.S.C 98.U.V 98.S.C 98.U.V,2.0 1.5 1.75 0.8,soso,0.0,471.0
3324,breast,MARINDUQUE TAGALOG,susu,s u s u,3 7 3 7,AXBZ,SYSY,99.0,99.S.C 99.Y.V 99.S.C 99.Y.V,2.0 1.5 1.75 0.8,susu,0.0,471.0
3364,breast,MASBATENYO,suso,s u s o,3 7 3 7,AXBZ,SYSU,100.0,100.S.C 100.Y.V 100.S.C 100.U.V,2.0 1.5 1.75 0.8,suso,0.0,471.0
3444,breast,MOKSHA,potja,p o t j a,1 7 1 6 7,AXBCZ,PUTJA,102.0,102.P.C 102.U.V 102.T.C 102.J.C 102.A.V,2.0 1.5 1.75 1.5 0.8,potja,0.0,527.0
3484,breast,MOLBOG,duduʔ,d u d u ʔ,1 7 1 7 1,AXBYN,TYTYH,103.0,103.T.C 103.Y.V 103.T.C 103.Y.V 103.H.c,2.0 1.5 1.75 1.3 0.8,duduʔ,0.0,437.0
3564,breast,MONGOLIAN,mem,m e m,4 7 4,AXN,MEM,105.0,105.M.C 105.E.V 105.M.c,2.0 1.5 0.8,mem,0.0,529.0
3604,breast,MORO MAGINDANAU,susu,s u s u,3 7 3 7,AXBZ,SYSY,106.0,106.S.C 106.Y.V 106.S.C 106.Y.V,2.0 1.5 1.75 0.8,susu,0.0,471.0
3644,breast,NAGA,susu,s u s u,3 7 3 7,AXBZ,SYSY,107.0,107.S.C 107.Y.V 107.S.C 107.Y.V,2.0 1.5 1.75 0.8,susu,0.0,471.0
3684,breast,NORTHERN CATANDUANES,susu,s u s u,3 7 3 7,AXBZ,SYSY,108.0,108.S.C 108.Y.V 108.S.C 108.Y.V,2.0 1.5 1.75 0.8,susu,0.0,471.0
3724,breast,NORTHERN SORSOGON,susu,s u s u,3 7 3 7,AXBZ,SYSY,109.0,109.S.C 109.Y.V 109.S.C 109.Y.V,2.0 1.5 1.75 0.8,susu,0.0,471.0
3764,breast,OAS,susu,s u s u,3 7 3 7,AXBZ,SYSY,110.0,110.S.C 110.Y.V 110.S.C 110.Y.V,2.0 1.5 1.75 0.8,susu,0.0,471.0
3804,breast,PALAWANO BATAK,dudu,d u d u,1 7 1 7,AXBZ,TYTY,111.0,111.T.C 111.Y.V 111.T.C 111.Y.V,2.0 1.5 1.75 0.8,dudu,0.0,437.0
3844,breast,PANGASINAN,suso,s u s o,3 7 3 7,AXBZ,SYSU,112.0,112.S.C 112.Y.V 112.S.C 112.U.V,2.0 1.5 1.75 0.8,suso,0.0,471.0
3884,breast,PANGUTARAN SAMA,dagha,d a gh a,1 7 1 7,AXBZ,TAKA,113.0,113.T.C 113.A.V 113.K.C 113.A.V,2.0 1.5 1.75 0.8,dagha,0.0,449.0
3924,breast,PANGUTARAN SAMA (1),dagha,d a gh a,1 7 1 7,AXBZ,TAKA,114.0,114.T.C 114.A.V 114.K.C 114.A.V,2.0 1.5 1.75 0.8,dagha,0.0,449.0
4044,breast,ROMBLOMANON 1,soso,s o s o,3 7 3 7,AXBZ,SUSU,118.0,118.S.C 118.U.V 118.S.C 118.U.V,2.0 1.5 1.75 0.8,soso,0.0,471.0
4084,breast,ROMBLOMANON 2,susu,s u s u,3 7 3 7,AXBZ,SYSY,119.0,119.S.C 119.Y.V 119.S.C 119.Y.V,2.0 1.5 1.75 0.8,susu,0.0,471.0
4124,breast,SAMAL,duduʔ,d u d u ʔ,1 7 1 7 1,AXBYN,TYTYH,120.0,120.T.C 120.Y.V 120.T.C 120.Y.V 120.H.c,2.0 1.5 1.75 1.3 0.8,duduʔ,0.0,437.0
4164,breast,SAMBAL BOTOLAN,nonoʔ,n o n o ʔ,4 7 4 7 1,AXBYN,NUNUH,121.0,121.N.C 121.U.V 121.N.C 121.U.V 121.H.c,2.0 1.5 1.75 1.3 0.8,nonoʔ,0.0,543.0
4204,breast,SANGIL,susu,s u s u,3 7 3 7,AXBZ,SYSY,122.0,122.S.C 122.Y.V 122.S.C 122.Y.V,2.0 1.5 1.75 0.8,susu,0.0,471.0
4244,breast,SANGIL SARANGANI ISLANDS,susu,s u s u,3 7 3 7,AXBZ,SYSY,123.0,123.S.C 123.Y.V 123.S.C 123.Y.V,2.0 1.5 1.75 0.8,susu,0.0,471.0
4284,breast,SEDANG,tou,t o u,1 7 7,AXZ,TUY,124.0,124.T.C 124.U.V 124.Y.V,2.0 1.5 0.8,tou,0.0,546.0
4324,breast,SIBUTU SOUTHERN SAMA,susu,s u s u,3 7 3 7,AXBZ,SYSY,125.0,125.S.C 125.Y.V 125.S.C 125.Y.V,2.0 1.5 1.75 0.8,susu,0.0,471.0
4364,breast,SOGODNIN BORACAY,soso,s o s o,3 7 3 7,AXBZ,SUSU,127.0,127.S.C 127.U.V 127.S.C 127.U.V,2.0 1.5 1.75 0.8,soso,0.0,471.0
4404,breast,SOUTH SAAMI,5amah,a m a h,7 4 7 3,XBYN,AMAH,128.0,128.A.V 128.M.C 128.A.V 128.H.c,1.5 1.75 1.3 0.8,amah,0.0,550.0
4444,breast,SOUTHERN CATANDUANES,susu,s u s u,3 7 3 7,AXBZ,SYSY,129.0,129.S.C 129.Y.V 129.S.C 129.Y.V,2.0 1.5 1.75 0.8,susu,0.0,471.0
4484,breast,SOUTHERN SORSOGON,susu,s u s u,3 7 3 7,AXBZ,SYSY,131.0,131.S.C 131.Y.V 131.S.C 131.Y.V,2.0 1.5 1.75 0.8,susu,0.0,471.0
4524,breast,SOUTHWEST PALAWANO,dudoʔ,d u d o ʔ,1 7 1 7 1,AXBYN,TYTUH,132.0,132.T.C 132.Y.V 132.T.C 132.U.V 132.H.c,2.0 1.5 1.75 1.3 0.8,dudoʔ,0.0,437.0
4564,breast,SPANISH,peCo,p e c o,1 7 1 7,AXBZ,PECU,133.0,133.P.C 133.E.V 133.C.C 133.U.V,2.0 1.5 1.75 0.8,peco,0.0,555.0
4604,breast,SUBANON SIOCON,duduʔ,d u d u ʔ,1 7 1 7 1,AXBYN,TYTYH,134.0,134.T.C 134.Y.V 134.T.C 134.Y.V 134.H.c,2.0 1.5 1.75 1.3 0.8,duduʔ,0.0,437.0
4644,breast,SUBANUN SINDANGAN,duduʔ,d u d u ʔ,1 7 1 7 1,AXBYN,TYTYH,135.0,135.T.C 135.Y.V 135.T.C 135.Y.V 135.H.c,2.0 1.5 1.75 1.3 0.8,duduʔ,0.0,437.0
4684,breast,SURIGAONON,suso,s u s o,3 7 3 7,AXBZ,SYSU,136.0,136.S.C 136.Y.V 136.S.C 136.U.V,2.0 1.5 1.75 0.8,suso,0.0,471.0
4724,breast,TAGABAWA,susu,s u s u,3 7 3 7,AXBZ,SYSY,137.0,137.S.C 137.Y.V 137.S.C 137.Y.V,2.0 1.5 1.75 0.8,susu,0.0,471.0
4764,breast,TAGABILI,tutuʔ,t u t u ʔ,1 7 1 7 1,AXBYN,TYTYH,138.0,138.T.C 138.Y.V 138.T.C 138.Y.V 138.H.c,2.0 1.5 1.75 1.3 0.8,tutuʔ,0.0,437.0
4804,breast,TAGALOG,susu,s u s u,3 7 3 7,AXBZ,SYSY,139.0,139.S.C 139.Y.V 139.S.C 139.Y.V,2.0 1.5 1.75 0.8,susu,0.0,471.0
4884,breast,TAGBANWA ABORLAN,duduʔ,d u d u ʔ,1 7 1 7 1,AXBYN,TYTYH,141.0,141.T.C 141.Y.V 141.T.C 141.Y.V 141.H.c,2.0 1.5 1.75 1.3 0.8,duduʔ,0.0,437.0
4924,breast,TAGBANWA KALAMIAN,susuʔ,s u s u ʔ,3 7 3 7 1,AXBYN,SYSYH,142.0,142.S.C 142.Y.V 142.S.C 142.Y.V 142.H.c,2.0 1.5 1.75 1.3 0.8,susuʔ,0.0,471.0
5004,breast,TAMBUNAN DUSUN,susu,s u s u,3 7 3 7,AXBZ,SYSY,144.0,144.S.C 144.Y.V 144.S.C 144.Y.V,2.0 1.5 1.75 0.8,susu,0.0,471.0
5044,breast,TAUSUG,duruʔ,d u r u ʔ,1 7 5 7 1,AXBYN,TYRYH,145.0,145.T.C 145.Y.V 145.R.C 145.Y.V 145.H.c,2.0 1.5 1.75 1.3 0.8,duruʔ,0.0,565.0
5124,breast,TBOLI TAGABILI,tutuʔ,t u t u ʔ,1 7 1 7 1,AXBYN,TYTYH,147.0,147.T.C 147.Y.V 147.T.C 147.Y.V 147.H.c,2.0 1.5 1.75 1.3 0.8,tutuʔ,0.0,437.0
5164,breast,TIMUGON MURUT,titiʔ,t i t i ʔ,1 7 1 7 1,AXBYN,TITIH,148.0,148.T.C 148.I.V 148.T.C 148.I.V 148.H.c,2.0 1.5 1.75 1.3 0.8,titiʔ,0.0,437.0
5204,breast,TIRURAY,tutuʔ,t u t u ʔ,1 7 1 7 1,AXBYN,TYTYH,149.0,149.T.C 149.Y.V 149.T.C 149.Y.V 149.H.c,2.0 1.5 1.75 1.3 0.8,tutuʔ,0.0,437.0
5244,breast,TURKISH,gəGis,g ə g i s,1 7 1 7 3,AXBYN,KEKIS,150.0,150.K.C 150.E.V 150.K.C 150.I.V 150.S.c,2.0 1.5 1.75 1.3 0.8,gəgis,0.0,569.0
5284,breast,UGARITIC,8d,d,1,A,T,151.0,151.T.C,2.0,d,0.0,546.0
5324,breast,WARAY WARAY,dughan,d u gh a n,1 7 1 7 4,AXBYN,TYKAN,152.0,152.T.C 152.Y.V 152.K.C 152.A.V 152.N.c,2.0 1.5 1.75 1.3 0.8,dughan,0.0,449.0
5364,breast,YAKAN,susu,s u s u,3 7 3 7,AXBZ,SYSY,153.0,153.S.C 153.Y.V 153.S.C 153.Y.V,2.0 1.5 1.75 0.8,susu,0.0,471.0
5404,breast,YOGAD,sussu,s u ss u,3 7 3 7,AXBZ,SYSY,154.0,154.S.C 154.Y.V 154.S.C 154.Y.V,2.0 1.5 1.75 0.8,sussu,0.0,471.0
5484,breast,IMOROD,soso,s o s o,3 7 3 7,AXBZ,SUSU,52.0,52.S.C 52.U.V 52.S.C 52.U.V,2.0 1.5 1.75 0.8,soso,0.0,471.0
5524,breast,BABUYAN,soso,s o s o,3 7 3 7,AXBZ,SUSU,4.0,4.S.C 4.U.V 4.S.C 4.U.V,2.0 1.5 1.75 0.8,soso,0.0,471.0
5564,breast,BISAYA SABAH,susu,s u s u,3 7 3 7,AXBZ,SYSY,13.0,13.S.C 13.Y.V 13.S.C 13.Y.V,2.0 1.5 1.75 0.8,susu,0.0,471.0
5604,breast,FINALLIG,susu,s u s u,3 7 3 7,AXBZ,SYSY,36.0,36.S.C 36.Y.V 36.S.C 36.Y.V,2.0 1.5 1.75 0.8,susu,0.0,471.0
5644,breast,HILIGAYNON,suso,s u s o,3 7 3 7,AXBZ,SYSU,42.0,42.S.C 42.Y.V 42.S.C 42.U.V,2.0 1.5 1.75 0.8,suso,0.0,471.0
5684,breast,INABAKNON,darakan,d a r a k a n,1 7 5 7 1 7 4,AXBYBYN,TARAKAN,53.0,53.T.C 53.A.V 53.R.C 53.A.V 53.K.C 53.A.V 53.N.c,2.0 1.5 1.75 1.3 1.75 1.3 0.8,darakan,0.0,449.0
5724,breast,IRARALAY IVATAN,soso,s o s o,3 7 3 7,AXBZ,SUSU,56.0,56.S.C 56.U.V 56.S.C 56.U.V,2.0 1.5 1.75 0.8,soso,0.0,471.0
5764,breast,ISAMORONG IVATAN,soso,s o s o,3 7 3 7,AXBZ,SUSU,58.0,58.S.C 58.U.V 58.S.C 58.U.V,2.0 1.5 1.75 0.8,soso,0.0,471.0
5804,breast,IVASAY IVATAN,soso,s o s o,3 7 3 7,AXBZ,SUSU,64.0,64.S.C 64.U.V 64.S.C 64.U.V,2.0 1.5 1.75 0.8,soso,0.0,471.0
5844,breast,KANKANAEY,soso,s o s o,3 7 3 7,AXBZ,SUSU,74.0,74.S.C 74.U.V 74.S.C 74.U.V,2.0 1.5 1.75 0.8,soso,0.0,471.0
5884,breast,LIMOS KALINGA,susu,s u s u,3 7 3 7,AXBZ,SYSY,81.0,81.S.C 81.Y.V 81.S.C 81.Y.V,2.0 1.5 1.75 0.8,susu,0.0,471.0
5924,breast,MANDAYAN BOSO,susu,s u s u,3 7 3 7,AXBZ,SYSY,85.0,85.S.C 85.Y.V 85.S.C 85.Y.V,2.0 1.5 1.75 0.8,susu,0.0,471.0
5964,breast,MANDAYAN CARAGA,susu,s u s u,3 7 3 7,AXBZ,SYSY,86.0,86.S.C 86.Y.V 86.S.C 86.Y.V,2.0 1.5 1.75 0.8,susu,0.0,471.0
6004,breast,MANDAYAN ISLAM PISO,susu,s u s u,3 7 3 7,AXBZ,SYSY,87.0,87.S.C 87.Y.V 87.S.C 87.Y.V,2.0 1.5 1.75 0.8,susu,0.0,471.0
6044,breast,MANSAKA 2,susu,s u s u,3 7 3 7,AXBZ,SYSY,96.0,96.S.C 96.Y.V 96.S.C 96.Y.V,2.0 1.5 1.75 0.8,susu,0.0,471.0
6084,breast,PROTO SOUTHERN MINDANAO,tutuʔ,t u t u ʔ,1 7 1 7 1,AXBYN,TYTYH,116.0,116.T.C 116.Y.V 116.T.C 116.Y.V 116.H.c,2.0 1.5 1.75 1.3 0.8,tutuʔ,0.0,437.0
6124,breast,SINAUNA,susu,s u s u,3 7 3 7,AXBZ,SYSY,126.0,126.S.C 126.Y.V 126.S.C 126.Y.V,2.0 1.5 1.75 0.8,susu,0.0,471.0
6164,breast,SOUTHERN KALINGA,susu,s u s u,3 7 3 7,AXBZ,SYSY,130.0,130.S.C 130.Y.V 130.S.C 130.Y.V,2.0 1.5 1.75 0.8,susu,0.0,471.0
45,come,AKLANON,abut,a b u t,7 1 7 1,XBYN,APYT,2.0,2.A.V 2.P.C 2.Y.V 2.T.c,1.5 1.75 1.3 0.8,abut,0.0,570.0
165,come,BALANGINGI SAMA,paitu,p a i t u,1 7 7 1 7,AXYBZ,PAITY,6.0,6.P.C 6.A.V 6.I.V 6.T.C 6.Y.V,2.0 1.5 1.3 1.75 0.8,paitu,0.0,572.0
205,come,BALANGINGI SAMA (1),paitu,p a i t u,1 7 7 1 7,AXYBZ,PAITY,7.0,7.P.C 7.A.V 7.I.V 7.T.C 7.Y.V,2.0 1.5 1.3 1.75 0.8,paitu,0.0,572.0
245,come,BASQUE,etorri,e t o rr i,7 1 7 5 7,XBYBZ,ETURI,8.0,8.E.V 8.T.C 8.U.V 8.R.C 8.I.V,1.5 1.75 1.3 1.75 0.8,etorri,0.0,574.0
445,come,BONGGI,miataŋ,m i a t a ŋ,4 7 7 1 7 4,AXYBYN,MIATAN,14.0,14.M.C 14.I.V 14.A.V 14.T.C 14.A.V 14.N.c,2.0 1.5 1.3 1.75 1.3 0.8,miataŋ,0.0,576.0
565,come,BUHI,ʔabut,ʔ a b u t,1 7 1 7 1,AXBYN,HAPYT,17.0,17.H.C 17.A.V 17.P.C 17.Y.V 17.T.c,2.0 1.5 1.75 1.3 0.8,ʔabut,0.0,570.0
645,come,BUKIDNON BINUKID,dini,d i n i,1 7 4 7,AXBZ,TINI,19.0,19.T.C 19.I.V 19.N.C 19.I.V,2.0 1.5 1.75 0.8,dini,0.0,578.0
685,come,BUTUANON,kansani,k a ns a n i,1 7 4 7 4 7,AXBYBZ,KANANI,20.0,20.K.C 20.A.V 20.N.C 20.A.V 20.N.C 20.I.V,2.0 1.5 1.75 1.3 1.75 0.8,kansani,0.0,579.0
725,come,CAIJIA,xu,x u,3 7,AX,GY,21.0,21.G.C 21.Y.V,2.0 1.5,xu,0.0,580.0
845,come,CEBUANO,anhi,a nh i,7 4 7,XBZ,ANI,24.0,24.A.V 24.N.C 24.I.V,1.5 1.75 0.8,anhi,0.0,579.0
885,come,CENTRAL BICOLANO,abot,a b o t,7 1 7 1,XBYN,APUT,25.0,25.A.V 25.P.C 25.U.V 25.T.c,1.5 1.75 1.3 0.8,abot,0.0,570.0
925,come,CENTRAL BONTOC,ali,a l i,7 5 7,XBZ,ALI,26.0,26.A.V 26.L.C 26.I.V,1.5 1.75 0.8,ali,0.0,583.0
965,come,CENTRAL DUSUN,rikot,r i k o t,5 7 1 7 1,AXBYN,RIKUT,27.0,27.R.C 27.I.V 27.K.C 27.U.V 27.T.c,2.0 1.5 1.75 1.3 0.8,rikot,0.0,584.0
1085,come,DARAGA,ʔabut,ʔ a b u t,1 7 1 7 1,AXBYN,HAPYT,30.0,30.H.C 30.A.V 30.P.C 30.Y.V 30.T.c,2.0 1.5 1.75 1.3 0.8,ʔabut,0.0,570.0
1165,come,DUPANINGAN AGTA,umaŋaj,u m a ŋ a j,7 4 7 4 7 6,XBYBYN,YMANAJ,32.0,32.Y.V 32.M.C 32.A.V 32.N.C 32.A.V 32.J.c,1.5 1.75 1.3 1.75 1.3 0.8,umaŋaj,0.0,586.0
1205,come,ENGLISH,kəm,k ə m,1 7 4,AXN,KEM,33.0,33.K.C 33.E.V 33.M.c,2.0 1.5 0.8,kəm,0.0,587.0
1245,come,ESKAYAN,lari,l a r i,5 7 5 7,AXBZ,LARI,34.0,34.L.C 34.A.V 34.R.C 34.I.V,2.0 1.5 1.75 0.8,lari,0.0,588.0
1285,come,ESTONIAN,tule,t u l e,1 7 5 7,AXBZ,TYLE,35.0,35.T.C 35.Y.V 35.L.C 35.E.V,2.0 1.5 1.75 0.8,tule,0.0,589.0
1325,come,FINNISH,tule,t u l e,1 7 5 7,AXBZ,TYLE,37.0,37.T.C 37.Y.V 37.L.C 37.E.V,2.0 1.5 1.75 0.8,tule,0.0,589.0
1365,come,FUZHOU CHINESE,li,l i,5 7,AX,LI,38.0,38.L.C 38.I.V,2.0 1.5,li,0.0,583.0
1445,come,HANUNOO,balik,b a l i k,1 7 5 7 1,AXBYN,PALIK,40.0,40.P.C 40.A.V 40.L.C 40.I.V 40.K.c,2.0 1.5 1.75 1.3 0.8,balik,0.0,593.0
1485,come,HIGAONON BINUKID,dini,d i n i,1 7 4 7,AXBZ,TINI,41.0,41.T.C 41.I.V 41.N.C 41.I.V,2.0 1.5 1.75 0.8,dini,0.0,578.0
1525,come,HUNGARIAN,dʒin,dʒ i n,1 7 4,AXN,TIN,43.0,43.T.C 43.I.V 43.N.c,2.0 1.5 0.8,dʒin,0.0,578.0
1565,come,IBALOI,kala,k a l a,1 7 5 7,AXBZ,KALA,44.0,44.K.C 44.A.V 44.L.C 44.A.V,2.0 1.5 1.75 0.8,kala,0.0,597.0
1605,come,IBANAG,umarani,u m a r a n i,7 4 7 5 7 4 7,XBYBYBZ,YMARANI,45.0,45.Y.V 45.M.C 45.A.V 45.R.C 45.A.V 45.N.C 45.I.V,1.5 1.75 1.3 1.75 1.3 1.75 0.8,umarani,0.0,598.0
1645,come,IDAAN,mosob,m o s o b,4 7 3 7 1,AXBYN,MUSUP,46.0,46.M.C 46.U.V 46.S.C 46.U.V 46.P.c,2.0 1.5 1.75 1.3 0.8,mosob,0.0,599.0
1805,come,ILOKANO,umaj,u m a j,7 4 7 6,XBYN,YMAJ,50.0,50.Y.V 50.M.C 50.A.V 50.J.c,1.5 1.75 1.3 0.8,umaj,0.0,571.0
1925,come,IRANUN,miakauma,m i a k a u m a,4 7 7 1 7 7 4 7,AXYBYYBZ,MIAKAYMA,55.0,55.M.C 55.I.V 55.A.V 55.K.C 55.A.V 55.Y.V 55.M.C 55.A.V,2.0 1.5 1.3 1.75 1.3 1.3 1.75 0.8,miakauma,0.0,603.0
1965,come,IRIGA,ʔabut,ʔ a b u t,1 7 1 7 1,AXBYN,HAPYT,57.0,57.H.C 57.A.V 57.P.C 57.Y.V 57.T.c,2.0 1.5 1.75 1.3 0.8,ʔabut,0.0,570.0
2005,come,ISNAG,umbet,u m b e t,7 4 1 7 1,XMBYN,YMPET,59.0,59.Y.V 59.M.c 59.P.C 59.E.V 59.T.c,1.5 1.1 1.75 1.3 0.8,umbet,0.0,607.0
2085,come,ITAWIT,umEŋ,u m æ ŋ,7 4 7 4,XBYN,YMEN,61.0,61.Y.V 61.M.C 61.E.V 61.N.c,1.5 1.75 1.3 0.8,umæŋ,0.0,608.0
2245,come,JAPANESE,ku,k u,1 7,AX,KY,66.0,66.K.C 66.Y.V,2.0 1.5,ku,0.0,610.0
2285,come,KADAZAN,mikot,m i k o t,4 7 1 7 1,AXBYN,MIKUT,67.0,67.M.C 67.I.V 67.K.C 67.U.V 67.T.c,2.0 1.5 1.75 1.3 0.8,mikot,0.0,584.0
2325,come,KAGAYANEN,iliŋ,i l i ŋ,7 5 7 4,XBYN,ILIN,68.0,68.I.V 68.L.C 68.I.V 68.N.c,1.5 1.75 1.3 0.8,iliŋ,0.0,612.0
2445,come,KALINGA LIMOS,datoŋ,d a t o ŋ,1 7 1 7 4,AXBYN,TATUN,71.0,71.T.C 71.A.V 71.T.C 71.U.V 71.N.c,2.0 1.5 1.75 1.3 0.8,datoŋ,0.0,613.0
2605,come,KAPAMPANGAN,dataŋ,d a t a ŋ,1 7 1 7 4,AXBYN,TATAN,76.0,76.T.C 76.A.V 76.T.C 76.A.V 76.N.c,2.0 1.5 1.75 1.3 0.8,dataŋ,0.0,613.0
2685,come,KOREAN,oda,o d a,7 1 7,XBZ,UTA,78.0,78.U.V 78.T.C 78.A.V,1.5 1.75 0.8,oda,0.0,616.0
2725,come,LEGAZPI,ʔabut,ʔ a b u t,1 7 1 7 1,AXBYN,HAPYT,79.0,79.H.C 79.A.V 79.P.C 79.Y.V 79.T.c,2.0 1.5 1.75 1.3 0.8,ʔabut,0.0,570.0
2765,come,LIBON,ʔabut,ʔ a b u t,1 7 1 7 1,AXBYN,HAPYT,80.0,80.H.C 80.A.V 80.P.C 80.Y.V 80.T.c,2.0 1.5 1.75 1.3 0.8,ʔabut,0.0,570.0
2805,come,LIVE,tulda,t u l d a,1 7 5 1 7,AXMBZ,TYLTA,82.0,82.T.C 82.Y.V 82.L.c 82.T.C 82.A.V,2.0 1.5 1.1 1.75 0.8,tulda,0.0,589.0
2845,come,MAGUINDANAO,aŋaj,a ŋ a j,7 4 7 6,XBYN,ANAJ,83.0,83.A.V 83.N.C 83.A.V 83.J.c,1.5 1.75 1.3 0.8,aŋaj,0.0,586.0
3245,come,MAPUN,pitu,p i t u,1 7 1 7,AXBZ,PITY,97.0,97.P.C 97.I.V 97.T.C 97.Y.V,2.0 1.5 1.75 0.8,pitu,0.0,572.0
3285,come,MARANAO,danon,d a n o n,1 7 4 7 4,AXBYN,TANUN,98.0,98.T.C 98.A.V 98.N.C 98.U.V 98.N.c,2.0 1.5 1.75 1.3 0.8,danon,0.0,623.0
3365,come,MASBATENYO,magdajo,m a g d a j o,4 7 1 1 7 6 7,AXMBYBZ,MAKTAJU,100.0,100.M.C 100.A.V 100.K.c 100.T.C 100.A.V 100.J.C 100.U.V,2.0 1.5 1.1 1.75 1.3 1.75 0.8,magdajo,0.0,624.0
3405,come,MINANGALI LOWER TANUDAN KALINGA,umali,u m a l i,7 4 7 5 7,XBYBZ,YMALI,101.0,101.Y.V 101.M.C 101.A.V 101.L.C 101.I.V,1.5 1.75 1.3 1.75 0.8,umali,0.0,590.0
3445,come,MOKSHA,sams,s a ms,3 7 4,AXN,SAM,102.0,102.S.C 102.A.V 102.M.c,2.0 1.5 0.8,sams,0.0,626.0
3485,come,MOLBOG,kuan,k u a n,1 7 7 4,AXYN,KYAN,103.0,103.K.C 103.Y.V 103.A.V 103.N.c,2.0 1.5 1.3 0.8,kuan,0.0,627.0
3565,come,MONGOLIAN,iri,i r i,7 5 7,XBZ,IRI,105.0,105.I.V 105.R.C 105.I.V,1.5 1.75 0.8,iri,0.0,628.0
3605,come,MORO MAGINDANAU,sia,s i a,3 7 7,AXZ,SIA,106.0,106.S.C 106.I.V 106.A.V,2.0 1.5 0.8,sia,0.0,629.0
3645,come,NAGA,ʔabut,ʔ a b u t,1 7 1 7 1,AXBYN,HAPYT,107.0,107.H.C 107.A.V 107.P.C 107.Y.V 107.T.c,2.0 1.5 1.75 1.3 0.8,ʔabut,0.0,570.0
3685,come,NORTHERN CATANDUANES,ʔabut,ʔ a b u t,1 7 1 7 1,AXBYN,HAPYT,108.0,108.H.C 108.A.V 108.P.C 108.Y.V 108.T.c,2.0 1.5 1.75 1.3 0.8,ʔabut,0.0,570.0
3725,come,NORTHERN SORSOGON,ʔabut,ʔ a b u t,1 7 1 7 1,AXBYN,HAPYT,109.0,109.H.C 109.A.V 109.P.C 109.Y.V 109.T.c,2.0 1.5 1.75 1.3 0.8,ʔabut,0.0,570.0
3765,come,OAS,ratiŋ,r a t i ŋ,5 7 1 7 4,AXBYN,RATIN,110.0,110.R.C 110.A.V 110.T.C 110.I.V 110.N.c,2.0 1.5 1.75 1.3 0.8,ratiŋ,0.0,613.0
3805,come,PALAWANO BATAK,muʔatkakaʔini,m u ʔ a t k a k a ʔ i n i,4 7 1 7 1 1 7 1 7 1 7 4 7,AXBYMBYBYBYBZ,MYHATKAKAHINI,111.0,111.M.C 111.Y.V 111.H.C 111.A.V 111.T.c 111.K.C 111.A.V 111.K.C 111.A.V 111.H.C 111.I.V 111.N.C 111.I.V,2.0 1.5 1.75 1.3 1.1 1.75 1.3 1.75 1.3 1.75 1.3 1.75 0.8,muʔatkakaʔini,0.0,634.0
3845,come,PANGASINAN,laka,l a k a,5 7 1 7,AXBZ,LAKA,112.0,112.L.C 112.A.V 112.K.C 112.A.V,2.0 1.5 1.75 0.8,laka,0.0,635.0
3885,come,PANGUTARAN SAMA,"t""ka",� t � � k a �,0 1 0 0 1 7 0,AXMBCYN,0T00KA0,113.0,113.0.C 113.T.V 113.0.c 113.0.C 113.K.C 113.A.V 113.0.c,2.0 1.5 1.1 1.75 1.5 1.3 0.8,�t��ka�,0.0,636.0
3925,come,PANGUTARAN SAMA (1),"t""ka",� t � � k a �,0 1 0 0 1 7 0,AXMBCYN,0T00KA0,114.0,114.0.C 114.T.V 114.0.c 114.0.C 114.K.C 114.A.V 114.0.c,2.0 1.5 1.1 1.75 1.5 1.3 0.8,�t��ka�,0.0,636.0
4085,come,ROMBLOMANON 2,ʔabut,ʔ a b u t,1 7 1 7 1,AXBYN,HAPYT,119.0,119.H.C 119.A.V 119.P.C 119.Y.V 119.T.c,2.0 1.5 1.75 1.3 0.8,ʔabut,0.0,570.0
4325,come,SIBUTU SOUTHERN SAMA,pitu,p i t u,1 7 1 7,AXBZ,PITY,125.0,125.P.C 125.I.V 125.T.C 125.Y.V,2.0 1.5 1.75 0.8,pitu,0.0,572.0
4365,come,SOGODNIN BORACAY,hindon,h i n d o n,3 7 4 1 7 4,AXMBYN,HINTUN,127.0,127.H.C 127.I.V 127.N.c 127.T.C 127.U.V 127.N.c,2.0 1.5 1.1 1.75 1.3 0.8,hindon,0.0,640.0
4405,come,SOUTH SAAMI,boetə,b o e t ə,1 7 7 1 7,AXYBZ,PUETE,128.0,128.P.C 128.U.V 128.E.V 128.T.C 128.E.V,2.0 1.5 1.3 1.75 0.8,boetə,0.0,641.0
4445,come,SOUTHERN CATANDUANES,ʔabut,ʔ a b u t,1 7 1 7 1,AXBYN,HAPYT,129.0,129.H.C 129.A.V 129.P.C 129.Y.V 129.T.c,2.0 1.5 1.75 1.3 0.8,ʔabut,0.0,570.0
4485,come,SOUTHERN SORSOGON,ʔabut,ʔ a b u t,1 7 1 7 1,AXBYN,HAPYT,131.0,131.H.C 131.A.V 131.P.C 131.Y.V 131.T.c,2.0 1.5 1.75 1.3 0.8,ʔabut,0.0,570.0
4525,come,SOUTHWEST PALAWANO,atoʔ,a t o ʔ,7 1 7 1,XBYN,ATUH,132.0,132.A.V 132.T.C 132.U.V 132.H.c,1.5 1.75 1.3 0.8,atoʔ,0.0,645.0
4565,come,SPANISH,veni,v e n i,3 7 4 7,AXBZ,BENI,133.0,133.B.C 133.E.V 133.N.C 133.I.V,2.0 1.5 1.75 0.8,veni,0.0,646.0
4685,come,SURIGAONON,daliʔ,d a l i ʔ,1 7 5 7 1,AXBYN,TALIH,136.0,136.T.C 136.A.V 136.L.C 136.I.V 136.H.c,2.0 1.5 1.75 1.3 0.8,daliʔ,0.0,647.0
4725,come,TAGABAWA,sadun,s a d u n,3 7 1 7 4,AXBYN,SATYN,137.0,137.S.C 137.A.V 137.T.C 137.Y.V 137.N.c,2.0 1.5 1.75 1.3 0.8,sadun,0.0,648.0
4805,come,TAGALOG,datiŋ,d a t i ŋ,1 7 1 7 4,AXBYN,TATIN,139.0,139.T.C 139.A.V 139.T.C 139.I.V 139.N.c,2.0 1.5 1.75 1.3 0.8,datiŋ,0.0,613.0
4965,come,TALAANDIG BINUKID,dini,d i n i,1 7 4 7,AXBZ,TINI,143.0,143.T.C 143.I.V 143.N.C 143.I.V,2.0 1.5 1.75 0.8,dini,0.0,578.0
5005,come,TAMBUNAN DUSUN,rumikot,r u m i k o t,5 7 4 7 1 7 1,AXBYBYN,RYMIKUT,144.0,144.R.C 144.Y.V 144.M.C 144.I.V 144.K.C 144.U.V 144.T.c,2.0 1.5 1.75 1.3 1.75 1.3 0.8,rumikot,0.0,584.0
5125,come,TBOLI TAGABILI,mogow,m o g o w,4 7 1 7 6,AXBYN,MUKUW,147.0,147.M.C 147.U.V 147.K.C 147.U.V 147.W.c,2.0 1.5 1.75 1.3 0.8,mogow,0.0,652.0
5165,come,TIMUGON MURUT,datoŋ,d a t o ŋ,1 7 1 7 4,AXBYN,TATUN,148.0,148.T.C 148.A.V 148.T.C 148.U.V 148.N.c,2.0 1.5 1.75 1.3 0.8,datoŋ,0.0,613.0
5205,come,TIRURAY,aŋej,a ŋ e j,7 4 7 6,XBYN,ANEJ,149.0,149.A.V 149.N.C 149.E.V 149.J.c,1.5 1.75 1.3 0.8,aŋej,0.0,654.0
5245,come,TURKISH,gel,g e l,1 7 5,AXN,KEL,150.0,150.K.C 150.E.V 150.L.c,2.0 1.5 0.8,gel,0.0,655.0
5285,come,UGARITIC,atw,a tw,7 1,XN,AT,151.0,151.A.V 151.T.c,1.5 0.8,atw,0.0,656.0
5325,come,WARAY WARAY,kanhi,k a nh i,1 7 4 7,AXBZ,KANI,152.0,152.K.C 152.A.V 152.N.C 152.I.V,2.0 1.5 1.75 0.8,kanhi,0.0,579.0
5365,come,YAKAN,pitu,p i t u,1 7 1 7,AXBZ,PITY,153.0,153.P.C 153.I.V 153.T.C 153.Y.V,2.0 1.5 1.75 0.8,pitu,0.0,572.0
5485,come,IMOROD,maji,m a j i,4 7 6 7,AXBZ,MAJI,52.0,52.M.C 52.A.V 52.J.C 52.I.V,2.0 1.5 1.75 0.8,maji,0.0,601.0
5525,come,BABUYAN,aj,a j,7 6,XN,AJ,4.0,4.A.V 4.J.c,1.5 0.8,aj,0.0,571.0
5565,come,BISAYA SABAH,temuloi,t e m u l o i,1 7 4 7 5 7 7,AXBYBYZ,TEMYLUI,13.0,13.T.C 13.E.V 13.M.C 13.Y.V 13.L.C 13.U.V 13.I.V,2.0 1.5 1.75 1.3 1.75 1.3 0.8,temuloi,0.0,575.0
5605,come,FINALLIG,omali,o m a l i,7 4 7 5 7,XBYBZ,UMALI,36.0,36.U.V 36.M.C 36.A.V 36.L.C 36.I.V,1.5 1.75 1.3 1.75 0.8,omali,0.0,590.0
5645,come,HILIGAYNON,kadto,k a d t o,1 7 1 1 7,AXMBZ,KATTU,42.0,42.K.C 42.A.V 42.T.c 42.T.C 42.U.V,2.0 1.5 1.1 1.75 0.8,kadto,0.0,595.0
5685,come,INABAKNON,daʔito,d a ʔ i t o,1 7 1 7 1 7,AXBYBZ,TAHITU,53.0,53.T.C 53.A.V 53.H.C 53.I.V 53.T.C 53.U.V,2.0 1.5 1.75 1.3 1.75 0.8,daʔito,0.0,602.0
5725,come,IRARALAY IVATAN,maj,m a j,4 7 6,AXN,MAJ,56.0,56.M.C 56.A.V 56.J.c,2.0 1.5 0.8,maj,0.0,571.0
5765,come,ISAMORONG IVATAN,maj,m a j,4 7 6,AXN,MAJ,58.0,58.M.C 58.A.V 58.J.c,2.0 1.5 0.8,maj,0.0,571.0
5805,come,IVASAY IVATAN,maŋaj,m a ŋ a j,4 7 4 7 6,AXBYN,MANAJ,64.0,64.M.C 64.A.V 64.N.C 64.A.V 64.J.c,2.0 1.5 1.75 1.3 0.8,maŋaj,0.0,586.0
5845,come,KANKANAEY,omali,o m a l i,7 4 7 5 7,XBYBZ,UMALI,74.0,74.U.V 74.M.C 74.A.V 74.L.C 74.I.V,1.5 1.75 1.3 1.75 0.8,omali,0.0,590.0
5885,come,LIMOS KALINGA,dumatoŋ,d u m a t o ŋ,1 7 4 7 1 7 4,AXBYBYN,TYMATUN,81.0,81.T.C 81.Y.V 81.M.C 81.A.V 81.T.C 81.U.V 81.N.c,2.0 1.5 1.75 1.3 1.75 1.3 0.8,dumatoŋ,0.0,613.0
6165,come,SOUTHERN KALINGA,Cumatoŋ,c u m a t o ŋ,1 7 4 7 1 7 4,AXBYBYN,CYMATUN,130.0,130.C.C 130.Y.V 130.M.C 130.A.V 130.T.C 130.U.V 130.N.c,2.0 1.5 1.75 1.3 1.75 1.3 0.8,cumatoŋ,0.0,613.0
46,die,AKLANON,mataj,m a t a j,4 7 1 7 6,AXBYN,MATAJ,2.0,2.M.C 2.A.V 2.T.C 2.A.V 2.J.c,2.0 1.5 1.75 1.3 0.8,mataj,0.0,692.0
166,die,BALANGINGI SAMA,pataj,p a t a j,1 7 1 7 6,AXBYN,PATAJ,6.0,6.P.C 6.A.V 6.T.C 6.A.V 6.J.c,2.0 1.5 1.75 1.3 0.8,pataj,0.0,659.0
206,die,BALANGINGI SAMA (1),pataj,p a t a j,1 7 1 7 6,AXBYN,PATAJ,7.0,7.P.C 7.A.V 7.T.C 7.A.V 7.J.c,2.0 1.5 1.75 1.3 0.8,pataj,0.0,659.0
246,die,BASQUE,hil,h i l,3 7 5,AXN,HIL,8.0,8.H.C 8.I.V 8.L.c,2.0 1.5 0.8,hil,0.0,661.0
446,die,BONGGI,mati,m a t i,4 7 1 7,AXBZ,MATI,14.0,14.M.C 14.A.V 14.T.C 14.I.V,2.0 1.5 1.75 0.8,mati,0.0,692.0
526,die,BROOKES POINT PALAWAN,patəj,p a t ə j,1 7 1 7 6,AXBYN,PATEJ,16.0,16.P.C 16.A.V 16.T.C 16.E.V 16.J.c,2.0 1.5 1.75 1.3 0.8,patəj,0.0,659.0
566,die,BUHI,giraʔan,g i r a ʔ a n,1 7 5 7 1 7 4,AXBYBYN,KIRAHAN,17.0,17.K.C 17.I.V 17.R.C 17.A.V 17.H.C 17.A.V 17.N.c,2.0 1.5 1.75 1.3 1.75 1.3 0.8,giraʔan,0.0,665.0
606,die,BUHINON ALBAY BICOLANO,gəraʔan,g ə r a ʔ a n,1 7 5 7 1 7 4,AXBYBYN,KERAHAN,18.0,18.K.C 18.E.V 18.R.C 18.A.V 18.H.C 18.A.V 18.N.c,2.0 1.5 1.75 1.3 1.75 1.3 0.8,gəraʔan,0.0,665.0
646,die,BUKIDNON BINUKID,minataj,m i n a t a j,4 7 4 7 1 7 6,AXBYBYN,MINATAJ,19.0,19.M.C 19.I.V 19.N.C 19.A.V 19.T.C 19.A.V 19.J.c,2.0 1.5 1.75 1.3 1.75 1.3 0.8,minataj,0.0,692.0
686,die,BUTUANON,pataj,p a t a j,1 7 1 7 6,AXBYN,PATAJ,20.0,20.P.C 20.A.V 20.T.C 20.A.V 20.J.c,2.0 1.5 1.75 1.3 0.8,pataj,0.0,659.0
726,die,CAIJIA,sr,s r,3 5,AC,SR,21.0,21.S.C 21.R.C,2.0 1.5,sr,0.0,669.0
766,die,CANIPAAN PALAWAN,patəj,p a t ə j,1 7 1 7 6,AXBYN,PATEJ,22.0,22.P.C 22.A.V 22.T.C 22.E.V 22.J.c,2.0 1.5 1.75 1.3 0.8,patəj,0.0,659.0
806,die,CASIGURAN NEGRITO,mate,m a t e,4 7 1 7,AXBZ,MATE,23.0,23.M.C 23.A.V 23.T.C 23.E.V,2.0 1.5 1.75 0.8,mate,0.0,692.0
846,die,CEBUANO,mataj,m a t a j,4 7 1 7 6,AXBYN,MATAJ,24.0,24.M.C 24.A.V 24.T.C 24.A.V 24.J.c,2.0 1.5 1.75 1.3 0.8,mataj,0.0,692.0
886,die,CENTRAL BICOLANO,pakagadan,p a k a g a d a n,1 7 1 7 1 7 1 7 4,AXBYBYBYN,PAKAKATAN,25.0,25.P.C 25.A.V 25.K.C 25.A.V 25.K.C 25.A.V 25.T.C 25.A.V 25.N.c,2.0 1.5 1.75 1.3 1.75 1.3 1.75 1.3 0.8,pakagadan,0.0,673.0
926,die,CENTRAL BONTOC,matəj,m a t ə j,4 7 1 7 6,AXBYN,MATEJ,26.0,26.M.C 26.A.V 26.T.C 26.E.V 26.J.c,2.0 1.5 1.75 1.3 0.8,matəj,0.0,692.0
966,die,CENTRAL DUSUN,patai,p a t a i,1 7 1 7 7,AXBYZ,PATAI,27.0,27.P.C 27.A.V 27.T.C 27.A.V 27.I.V,2.0 1.5 1.75 1.3 0.8,patai,0.0,675.0
1006,die,CENTRAL TAGBANWA,pataj,p a t a j,1 7 1 7 6,AXBYN,PATAJ,28.0,28.P.C 28.A.V 28.T.C 28.A.V 28.J.c,2.0 1.5 1.75 1.3 0.8,pataj,0.0,659.0
1086,die,DARAGA,giran,g i r a n,1 7 5 7 4,AXBYN,KIRAN,30.0,30.K.C 30.I.V 30.R.C 30.A.V 30.N.c,2.0 1.5 1.75 1.3 0.8,giran,0.0,665.0
1166,die,DUPANINGAN AGTA,malugulug,m a l u g u l u g,4 7 5 7 1 7 5 7 1,AXBYBYBYN,MALYKYLYK,32.0,32.M.C 32.A.V 32.L.C 32.Y.V 32.K.C 32.Y.V 32.L.C 32.Y.V 32.K.c,2.0 1.5 1.75 1.3 1.75 1.3 1.75 1.3 0.8,malugulug,0.0,678.0
1206,die,ENGLISH,dEi,d æ i,1 7 7,AXZ,TEI,33.0,33.T.C 33.E.V 33.I.V,2.0 1.5 0.8,dæi,0.0,679.0
1246,die,ESKAYAN,modowati,m o d o w a t i,4 7 1 7 6 7 1 7,AXBYBYBZ,MUTUWATI,34.0,34.M.C 34.U.V 34.T.C 34.U.V 34.W.C 34.A.V 34.T.C 34.I.V,2.0 1.5 1.75 1.3 1.75 1.3 1.75 0.8,modowati,0.0,680.0
1286,die,ESTONIAN,sure,s u r e,3 7 5 7,AXBZ,SYRE,35.0,35.S.C 35.Y.V 35.R.C 35.E.V,2.0 1.5 1.75 0.8,sure,0.0,681.0
1326,die,FINNISH,kuole,k u o l e,1 7 7 5 7,AXYBZ,KYULE,37.0,37.K.C 37.Y.V 37.U.V 37.L.C 37.E.V,2.0 1.5 1.3 1.75 0.8,kuole,0.0,683.0
1366,die,FUZHOU CHINESE,8i,i,7,X,I,38.0,38.I.V,1.5,i,0.0,684.0
1446,die,HANUNOO,mataj,m a t a j,4 7 1 7 6,AXBYN,MATAJ,40.0,40.M.C 40.A.V 40.T.C 40.A.V 40.J.c,2.0 1.5 1.75 1.3 0.8,mataj,0.0,692.0
1486,die,HIGAONON BINUKID,minataj,m i n a t a j,4 7 4 7 1 7 6,AXBYBYN,MINATAJ,41.0,41.M.C 41.I.V 41.N.C 41.A.V 41.T.C 41.A.V 41.J.c,2.0 1.5 1.75 1.3 1.75 1.3 0.8,minataj,0.0,692.0
1526,die,HUNGARIAN,hal,h a l,3 7 5,AXN,HAL,43.0,43.H.C 43.A.V 43.L.c,2.0 1.5 0.8,hal,0.0,688.0
1566,die,IBALOI,metej,m e t e j,4 7 1 7 6,AXBYN,METEJ,44.0,44.M.C 44.E.V 44.T.C 44.E.V 44.J.c,2.0 1.5 1.75 1.3 0.8,metej,0.0,692.0
1606,die,IBANAG,mataj,m a t a j,4 7 1 7 6,AXBYN,MATAJ,45.0,45.M.C 45.A.V 45.T.C 45.A.V 45.J.c,2.0 1.5 1.75 1.3 0.8,mataj,0.0,692.0
1646,die,IDAAN,mataj,m a t a j,4 7 1 7 6,AXBYN,MATAJ,46.0,46.M.C 46.A.V 46.T.C 46.A.V 46.J.c,2.0 1.5 1.75 1.3 0.8,mataj,0.0,692.0
1806,die,ILOKANO,mataj,m a t a j,4 7 1 7 6,AXBYN,MATAJ,50.0,50.M.C 50.A.V 50.T.C 50.A.V 50.J.c,2.0 1.5 1.75 1.3 0.8,mataj,0.0,692.0
1926,die,IRANUN,miatai,m i a t a i,4 7 7 1 7 7,AXYBYZ,MIATAI,55.0,55.M.C 55.I.V 55.A.V 55.T.C 55.A.V 55.I.V,2.0 1.5 1.3 1.75 1.3 0.8,miatai,0.0,662.0
1966,die,IRIGA,giraʔan,g i r a ʔ a n,1 7 5 7 1 7 4,AXBYBYN,KIRAHAN,57.0,57.K.C 57.I.V 57.R.C 57.A.V 57.H.C 57.A.V 57.N.c,2.0 1.5 1.75 1.3 1.75 1.3 0.8,giraʔan,0.0,665.0
2006,die,ISNAG,nataj,n a t a j,4 7 1 7 6,AXBYN,NATAJ,59.0,59.N.C 59.A.V 59.T.C 59.A.V 59.J.c,2.0 1.5 1.75 1.3 0.8,nataj,0.0,659.0
2086,die,ITAWIT,metEj,m e t æ j,4 7 1 7 6,AXBYN,METEJ,61.0,61.M.C 61.E.V 61.T.C 61.E.V 61.J.c,2.0 1.5 1.75 1.3 0.8,metæj,0.0,692.0
2246,die,JAPANESE,Sinu,s i n u,3 7 4 7,AXBZ,SINY,66.0,66.S.C 66.I.V 66.N.C 66.Y.V,2.0 1.5 1.75 0.8,sinu,0.0,702.0
2286,die,KADAZAN,matai,m a t a i,4 7 1 7 7,AXBYZ,MATAI,67.0,67.M.C 67.A.V 67.T.C 67.A.V 67.I.V,2.0 1.5 1.75 1.3 0.8,matai,0.0,662.0
2326,die,KAGAYANEN,pataj,p a t a j,1 7 1 7 6,AXBYN,PATAJ,68.0,68.P.C 68.A.V 68.T.C 68.A.V 68.J.c,2.0 1.5 1.75 1.3 0.8,pataj,0.0,659.0
2446,die,KALINGA LIMOS,natoj,n a t o j,4 7 1 7 6,AXBYN,NATUJ,71.0,71.N.C 71.A.V 71.T.C 71.U.V 71.J.c,2.0 1.5 1.75 1.3 0.8,natoj,0.0,659.0
2606,die,KAPAMPANGAN,mate,m a t e,4 7 1 7,AXBZ,MATE,76.0,76.M.C 76.A.V 76.T.C 76.E.V,2.0 1.5 1.75 0.8,mate,0.0,692.0
2646,die,KINARAY A,napataj,n a p a t a j,4 7 1 7 1 7 6,AXBYBYN,NAPATAJ,77.0,77.N.C 77.A.V 77.P.C 77.A.V 77.T.C 77.A.V 77.J.c,2.0 1.5 1.75 1.3 1.75 1.3 0.8,napataj,0.0,659.0
2686,die,KOREAN,Cuk,c u k,1 7 1,AXN,CYK,78.0,78.C.C 78.Y.V 78.K.c,2.0 1.5 0.8,cuk,0.0,709.0
2726,die,LEGAZPI,gadan,g a d a n,1 7 1 7 4,AXBYN,KATAN,79.0,79.K.C 79.A.V 79.T.C 79.A.V 79.N.c,2.0 1.5 1.75 1.3 0.8,gadan,0.0,673.0
2766,die,LIBON,goran,g o r a n,1 7 5 7 4,AXBYN,KURAN,80.0,80.K.C 80.U.V 80.R.C 80.A.V 80.N.c,2.0 1.5 1.75 1.3 0.8,goran,0.0,665.0
2806,die,LIVE,kuoljo,k u o l j o,1 7 7 5 6 7,AXYBCZ,KYULJU,82.0,82.K.C 82.Y.V 82.U.V 82.L.C 82.J.C 82.U.V,2.0 1.5 1.3 1.75 1.5 0.8,kuoljo,0.0,683.0
2846,die,MAGUINDANAO,mataj,m a t a j,4 7 1 7 6,AXBYN,MATAJ,83.0,83.M.C 83.A.V 83.T.C 83.A.V 83.J.c,2.0 1.5 1.75 1.3 0.8,mataj,0.0,692.0
3246,die,MAPUN,imuwa,i m u w a,7 4 7 6 7,XBYBZ,IMYWA,97.0,97.I.V 97.M.C 97.Y.V 97.W.C 97.A.V,1.5 1.75 1.3 1.75 0.8,imuwa,0.0,715.0
3286,die,MARANAO,mataj,m a t a j,4 7 1 7 6,AXBYN,MATAJ,98.0,98.M.C 98.A.V 98.T.C 98.A.V 98.J.c,2.0 1.5 1.75 1.3 0.8,mataj,0.0,692.0
3326,die,MARINDUQUE TAGALOG,mamataj,m a m a t a j,4 7 4 7 1 7 6,AXBYBYN,MAMATAJ,99.0,99.M.C 99.A.V 99.M.C 99.A.V 99.T.C 99.A.V 99.J.c,2.0 1.5 1.75 1.3 1.75 1.3 0.8,mamataj,0.0,692.0
3366,die,MASBATENYO,mamataj,m a m a t a j,4 7 4 7 1 7 6,AXBYBYN,MAMATAJ,100.0,100.M.C 100.A.V 100.M.C 100.A.V 100.T.C 100.A.V 100.J.c,2.0 1.5 1.75 1.3 1.75 1.3 0.8,mamataj,0.0,692.0
3406,die,MINANGALI LOWER TANUDAN KALINGA,natoj,n a t o j,4 7 1 7 6,AXBYN,NATUJ,101.0,101.N.C 101.A.V 101.T.C 101.U.V 101.J.c,2.0 1.5 1.75 1.3 0.8,natoj,0.0,659.0
3446,die,MOKSHA,kuloms,k u l o ms,1 7 5 7 4,AXBYN,KYLUM,102.0,102.K.C 102.Y.V 102.L.C 102.U.V 102.M.c,2.0 1.5 1.75 1.3 0.8,kuloms,0.0,688.0
3486,die,MOLBOG,patoj,p a t o j,1 7 1 7 6,AXBYN,PATUJ,103.0,103.P.C 103.A.V 103.T.C 103.U.V 103.J.c,2.0 1.5 1.75 1.3 0.8,patoj,0.0,659.0
3526,die,MOLBOG 2,patəj,p a t ə j,1 7 1 7 6,AXBYN,PATEJ,104.0,104.P.C 104.A.V 104.T.C 104.E.V 104.J.c,2.0 1.5 1.75 1.3 0.8,patəj,0.0,659.0
3606,die,MORO MAGINDANAU,mataj,m a t a j,4 7 1 7 6,AXBYN,MATAJ,106.0,106.M.C 106.A.V 106.T.C 106.A.V 106.J.c,2.0 1.5 1.75 1.3 0.8,mataj,0.0,692.0
3646,die,NAGA,gadan,g a d a n,1 7 1 7 4,AXBYN,KATAN,107.0,107.K.C 107.A.V 107.T.C 107.A.V 107.N.c,2.0 1.5 1.75 1.3 0.8,gadan,0.0,673.0
3686,die,NORTHERN CATANDUANES,daʔan,d a ʔ a n,1 7 1 7 4,AXBYN,TAHAN,108.0,108.T.C 108.A.V 108.H.C 108.A.V 108.N.c,2.0 1.5 1.75 1.3 0.8,daʔan,0.0,725.0
3726,die,NORTHERN SORSOGON,mataj,m a t a j,4 7 1 7 6,AXBYN,MATAJ,109.0,109.M.C 109.A.V 109.T.C 109.A.V 109.J.c,2.0 1.5 1.75 1.3 0.8,mataj,0.0,692.0
3766,die,OAS,giran,g i r a n,1 7 5 7 4,AXBYN,KIRAN,110.0,110.K.C 110.I.V 110.R.C 110.A.V 110.N.c,2.0 1.5 1.75 1.3 0.8,giran,0.0,665.0
3806,die,PALAWANO BATAK,napataj,n a p a t a j,4 7 1 7 1 7 6,AXBYBYN,NAPATAJ,111.0,111.N.C 111.A.V 111.P.C 111.A.V 111.T.C 111.A.V 111.J.c,2.0 1.5 1.75 1.3 1.75 1.3 0.8,napataj,0.0,659.0
3846,die,PANGASINAN,unpatej,u n p a t e j,7 4 1 7 1 7 6,XMBYBYN,YNPATEJ,112.0,112.Y.V 112.N.c 112.P.C 112.A.V 112.T.C 112.E.V 112.J.c,1.5 1.1 1.75 1.3 1.75 1.3 0.8,unpatej,0.0,659.0
3886,die,PANGUTARAN SAMA,mataj,m a t a j,4 7 1 7 6,AXBYN,MATAJ,113.0,113.M.C 113.A.V 113.T.C 113.A.V 113.J.c,2.0 1.5 1.75 1.3 0.8,mataj,0.0,692.0
3926,die,PANGUTARAN SAMA (1),mataj,m a t a j,4 7 1 7 6,AXBYN,MATAJ,114.0,114.M.C 114.A.V 114.T.C 114.A.V 114.J.c,2.0 1.5 1.75 1.3 0.8,mataj,0.0,692.0
3966,die,PROTO PALAWAN,pataj,p a t a j,1 7 1 7 6,AXBYN,PATAJ,115.0,115.P.C 115.A.V 115.T.C 115.A.V 115.J.c,2.0 1.5 1.75 1.3 0.8,pataj,0.0,659.0
4006,die,QUEZON PALAWAN,patəj,p a t ə j,1 7 1 7 6,AXBYN,PATEJ,117.0,117.P.C 117.A.V 117.T.C 117.E.V 117.J.c,2.0 1.5 1.75 1.3 0.8,patəj,0.0,659.0
4086,die,ROMBLOMANON 2,bugtuʔ,b u g t u ʔ,1 7 1 1 7 1,AXMBYN,PYKTYH,119.0,119.P.C 119.Y.V 119.K.c 119.T.C 119.Y.V 119.H.c,2.0 1.5 1.1 1.75 1.3 0.8,bugtuʔ,0.0,735.0
4206,die,SANGIL,pate,p a t e,1 7 1 7,AXBZ,PATE,122.0,122.P.C 122.A.V 122.T.C 122.E.V,2.0 1.5 1.75 0.8,pate,0.0,659.0
4286,die,SEDANG,hla,h l a,3 5 7,ACX,HLA,124.0,124.H.C 124.L.C 124.A.V,2.0 1.5 1.5,hla,0.0,737.0
4326,die,SIBUTU SOUTHERN SAMA,matej,m a t e j,4 7 1 7 6,AXBYN,MATEJ,125.0,125.M.C 125.A.V 125.T.C 125.E.V 125.J.c,2.0 1.5 1.75 1.3 0.8,matej,0.0,692.0
4366,die,SOGODNIN BORACAY,tigbak,t i g b a k,1 7 1 1 7 1,AXMBYN,TIKPAK,127.0,127.T.C 127.I.V 127.K.c 127.P.C 127.A.V 127.K.c,2.0 1.5 1.1 1.75 1.3 0.8,tigbak,0.0,739.0
4406,die,SOUTH SAAMI,jaemə,j a e m ə,6 7 7 4 7,AXYBZ,JAEME,128.0,128.J.C 128.A.V 128.E.V 128.M.C 128.E.V,2.0 1.5 1.3 1.75 0.8,jaemə,0.0,740.0
4446,die,SOUTHERN CATANDUANES,gadan,g a d a n,1 7 1 7 4,AXBYN,KATAN,129.0,129.K.C 129.A.V 129.T.C 129.A.V 129.N.c,2.0 1.5 1.75 1.3 0.8,gadan,0.0,673.0
4486,die,SOUTHERN SORSOGON,mataj,m a t a j,4 7 1 7 6,AXBYN,MATAJ,131.0,131.M.C 131.A.V 131.T.C 131.A.V 131.J.c,2.0 1.5 1.75 1.3 0.8,mataj,0.0,692.0
4526,die,SOUTHWEST PALAWANO,patej,p a t e j,1 7 1 7 6,AXBYN,PATEJ,132.0,132.P.C 132.A.V 132.T.C 132.E.V 132.J.c,2.0 1.5 1.75 1.3 0.8,patej,0.0,659.0
4566,die,SPANISH,mori,m o r i,4 7 5 7,AXBZ,MURI,133.0,133.M.C 133.U.V 133.R.C 133.I.V,2.0 1.5 1.75 0.8,mori,0.0,745.0
4686,die,SURIGAONON,pataj,p a t a j,1 7 1 7 6,AXBYN,PATAJ,136.0,136.P.C 136.A.V 136.T.C 136.A.V 136.J.c,2.0 1.5 1.75 1.3 0.8,pataj,0.0,659.0
4726,die,TAGABAWA,mate,m a t e,4 7 1 7,AXBZ,MATE,137.0,137.M.C 137.A.V 137.T.C 137.E.V,2.0 1.5 1.75 0.8,mate,0.0,747.0
4806,die,TAGALOG,pataj,p a t a j,1 7 1 7 6,AXBYN,PATAJ,139.0,139.P.C 139.A.V 139.T.C 139.A.V 139.J.c,2.0 1.5 1.75 1.3 0.8,pataj,0.0,659.0
4846,die,TAGBANUA ABORLAN,pataj,p a t a j,1 7 1 7 6,AXBYN,PATAJ,140.0,140.P.C 140.A.V 140.T.C 140.A.V 140.J.c,2.0 1.5 1.75 1.3 0.8,pataj,0.0,659.0
4966,die,TALAANDIG BINUKID,minataj,m i n a t a j,4 7 4 7 1 7 6,AXBYBYN,MINATAJ,143.0,143.M.C 143.I.V 143.N.C 143.A.V 143.T.C 143.A.V 143.J.c,2.0 1.5 1.75 1.3 1.75 1.3 0.8,minataj,0.0,692.0
5006,die,TAMBUNAN DUSUN,napatai,n a p a t a i,4 7 1 7 1 7 7,AXBYBYZ,NAPATAI,144.0,144.N.C 144.A.V 144.P.C 144.A.V 144.T.C 144.A.V 144.I.V,2.0 1.5 1.75 1.3 1.75 1.3 0.8,napatai,0.0,675.0
5086,die,TAUT BATU,patəj,p a t ə j,1 7 1 7 6,AXBYN,PATEJ,146.0,146.P.C 146.A.V 146.T.C 146.E.V 146.J.c,2.0 1.5 1.75 1.3 0.8,patəj,0.0,659.0
5126,die,TBOLI TAGABILI,dəŋ mataj,d ə ŋ # m a t a j,1 7 4 9 4 7 1 7 6,AXN_AXBYN,TEN_MATAJ,147.0,147.T.C 147.E.V 147.N.c 147._._ 147.M.C 147.A.V 147.T.C 147.A.V 147.J.c,2.0 1.5 0.8 0.0 2.0 1.5 1.75 1.3 0.8,dəŋ#mataj,0.0,753.0
5166,die,TIMUGON MURUT,patoj,p a t o j,1 7 1 7 6,AXBYN,PATUJ,148.0,148.P.C 148.A.V 148.T.C 148.U.V 148.J.c,2.0 1.5 1.75 1.3 0.8,patoj,0.0,659.0
5206,die,TIRURAY,fandus,f a n d u s,3 7 4 1 7 3,AXMBYN,BANTYS,149.0,149.B.C 149.A.V 149.N.c 149.T.C 149.Y.V 149.S.c,2.0 1.5 1.1 1.75 1.3 0.8,fandus,0.0,755.0
5246,die,TURKISH,zar,z a r,3 7 5,AXN,SAR,150.0,150.S.C 150.A.V 150.R.c,2.0 1.5 0.8,zar,0.0,756.0
5286,die,UGARITIC,mt,m t,4 1,AN,MT,151.0,151.M.C 151.T.c,2.0 0.8,mt,0.0,757.0
5326,die,WARAY WARAY,mataj,m a t a j,4 7 1 7 6,AXBYN,MATAJ,152.0,152.M.C 152.A.V 152.T.C 152.A.V 152.J.c,2.0 1.5 1.75 1.3 0.8,mataj,0.0,692.0
5366,die,YAKAN,matej,m a t e j,4 7 1 7 6,AXBYN,MATEJ,153.0,153.M.C 153.A.V 153.T.C 153.E.V 153.J.c,2.0 1.5 1.75 1.3 0.8,matej,0.0,692.0
5406,die,YOGAD,bajandag,b a j a n d a g,1 7 6 7 4 1 7 1,AXBYMBYN,PAJANTAK,154.0,154.P.C 154.A.V 154.J.C 154.A.V 154.N.c 154.T.C 154.A.V 154.K.c,2.0 1.5 1.75 1.3 1.1 1.75 1.3 0.8,bajandag,0.0,760.0
5486,die,IMOROD,zakat,z a k a t,3 7 1 7 1,AXBYN,SAKAT,52.0,52.S.C 52.A.V 52.K.C 52.A.V 52.T.c,2.0 1.5 1.75 1.3 0.8,zakat,0.0,693.0
5526,die,BABUYAN,diman,d i m a n,1 7 4 7 4,AXBYN,TIMAN,4.0,4.T.C 4.I.V 4.M.C 4.A.V 4.N.c,2.0 1.5 1.75 1.3 0.8,diman,0.0,658.0
5566,die,BISAYA SABAH,matai,m a t a i,4 7 1 7 7,AXBYZ,MATAI,13.0,13.M.C 13.A.V 13.T.C 13.A.V 13.I.V,2.0 1.5 1.75 1.3 0.8,matai,0.0,662.0
5606,die,FINALLIG,matoj,m a t o j,4 7 1 7 6,AXBYN,MATUJ,36.0,36.M.C 36.A.V 36.T.C 36.U.V 36.J.c,2.0 1.5 1.75 1.3 0.8,matoj,0.0,692.0
5646,die,HILIGAYNON,pataj,p a t a j,1 7 1 7 6,AXBYN,PATAJ,42.0,42.P.C 42.A.V 42.T.C 42.A.V 42.J.c,2.0 1.5 1.75 1.3 0.8,pataj,0.0,659.0
5686,die,INABAKNON,mataj,m a t a j,4 7 1 7 6,AXBYN,MATAJ,53.0,53.M.C 53.A.V 53.T.C 53.A.V 53.J.c,2.0 1.5 1.75 1.3 0.8,mataj,0.0,692.0
5726,die,IRARALAY IVATAN,zakat,z a k a t,3 7 1 7 1,AXBYN,SAKAT,56.0,56.S.C 56.A.V 56.K.C 56.A.V 56.T.c,2.0 1.5 1.75 1.3 0.8,zakat,0.0,693.0
5766,die,ISAMORONG IVATAN,diman,d i m a n,1 7 4 7 4,AXBYN,TIMAN,58.0,58.T.C 58.I.V 58.M.C 58.A.V 58.N.c,2.0 1.5 1.75 1.3 0.8,diman,0.0,658.0
5806,die,IVASAY IVATAN,diman,d i m a n,1 7 4 7 4,AXBYN,TIMAN,64.0,64.T.C 64.I.V 64.M.C 64.A.V 64.N.c,2.0 1.5 1.75 1.3 0.8,diman,0.0,658.0
5846,die,KANKANAEY,matej,m a t e j,4 7 1 7 6,AXBYN,MATEJ,74.0,74.M.C 74.A.V 74.T.C 74.E.V 74.J.c,2.0 1.5 1.75 1.3 0.8,matej,0.0,692.0
5886,die,LIMOS KALINGA,matoj,m a t o j,4 7 1 7 6,AXBYN,MATUJ,81.0,81.M.C 81.A.V 81.T.C 81.U.V 81.J.c,2.0 1.5 1.75 1.3 0.8,matoj,0.0,692.0
6086,die,PROTO SOUTHERN MINDANAO,matəj,m a t ə j,4 7 1 7 6,AXBYN,MATEJ,116.0,116.M.C 116.A.V 116.T.C 116.E.V 116.J.c,2.0 1.5 1.75 1.3 0.8,matəj,0.0,692.0
6166,die,SOUTHERN KALINGA,matoj,m a t o j,4 7 1 7 6,AXBYN,MATUJ,130.0,130.M.C 130.A.V 130.T.C 130.U.V 130.J.c,2.0 1.5 1.75 1.3 0.8,matoj,0.0,692.0
7,dog,AGTA,otu,o t u,7 1 7,XBZ,UTY,1.0,1.U.V 1.T.C 1.Y.V,1.5 1.75 0.8,otu,0.0,761.0
47,dog,AKLANON,ajam,a j a m,7 6 7 4,XBYN,AJAM,2.0,2.A.V 2.J.C 2.A.V 2.M.c,1.5 1.75 1.3 0.8,ajam,0.0,762.0
87,dog,ATTA PAMPLONA,itu,i t u,7 1 7,XBZ,ITY,3.0,3.I.V 3.T.C 3.Y.V,1.5 1.75 0.8,itu,0.0,800.0
127,dog,BALANGAW,aho,a h o,7 3 7,XBZ,AHU,5.0,5.A.V 5.H.C 5.U.V,1.5 1.75 0.8,aho,0.0,765.0
167,dog,BALANGINGI SAMA,edo,e d o,7 1 7,XBZ,ETU,6.0,6.E.V 6.T.C 6.U.V,1.5 1.75 0.8,edo,0.0,766.0
207,dog,BALANGINGI SAMA (1),edo,e d o,7 1 7,XBZ,ETU,7.0,7.E.V 7.T.C 7.U.V,1.5 1.75 0.8,edo,0.0,766.0
247,dog,BASQUE,zakur,z a k u r,3 7 1 7 5,AXBYN,SAKYR,8.0,8.S.C 8.A.V 8.K.C 8.Y.V 8.R.c,2.0 1.5 1.75 1.3 0.8,zakur,0.0,768.0
287,dog,BATAK PALAWAN,kəʔdəŋ,k ə ʔ d ə ŋ,1 7 1 1 7 4,AXMBYN,KEHTEN,9.0,9.K.C 9.E.V 9.H.c 9.T.C 9.E.V 9.N.c,2.0 1.5 1.1 1.75 1.3 0.8,kəʔdəŋ,0.0,769.0
327,dog,BILAAN KORONADAL,ajəm,a j ə m,7 6 7 4,XBYN,AJEM,10.0,10.A.V 10.J.C 10.E.V 10.M.c,1.5 1.75 1.3 0.8,ajəm,0.0,770.0
367,dog,BILAAN SARANGANI,ajəm,a j ə m,7 6 7 4,XBYN,AJEM,11.0,11.A.V 11.J.C 11.E.V 11.M.c,1.5 1.75 1.3 0.8,ajəm,0.0,770.0
407,dog,BINUKID,asu,a s u,7 3 7,XBZ,ASY,12.0,12.A.V 12.S.C 12.Y.V,1.5 1.75 0.8,asu,0.0,787.0
447,dog,BONGGI,asu,a s u,7 3 7,XBZ,ASY,14.0,14.A.V 14.S.C 14.Y.V,1.5 1.75 0.8,asu,0.0,787.0
487,dog,BONTOC GUINAANG,aso,a s o,7 3 7,XBZ,ASU,15.0,15.A.V 15.S.C 15.U.V,1.5 1.75 0.8,aso,0.0,787.0
527,dog,BROOKES POINT PALAWAN,idəŋ,i d ə ŋ,7 1 7 4,XBYN,ITEN,16.0,16.I.V 16.T.C 16.E.V 16.N.c,1.5 1.75 1.3 0.8,idəŋ,0.0,776.0
567,dog,BUHI,ʔajam,ʔ a j a m,1 7 6 7 4,AXBYN,HAJAM,17.0,17.H.C 17.A.V 17.J.C 17.A.V 17.M.c,2.0 1.5 1.75 1.3 0.8,ʔajam,0.0,762.0
607,dog,BUHINON ALBAY BICOLANO,ajam,a j a m,7 6 7 4,XBYN,AJAM,18.0,18.A.V 18.J.C 18.A.V 18.M.c,1.5 1.75 1.3 0.8,ajam,0.0,762.0
647,dog,BUKIDNON BINUKID,asu,a s u,7 3 7,XBZ,ASY,19.0,19.A.V 19.S.C 19.Y.V,1.5 1.75 0.8,asu,0.0,787.0
687,dog,BUTUANON,gadja,g a d j a,1 7 1 6 7,AXBCZ,KATJA,20.0,20.K.C 20.A.V 20.T.C 20.J.C 20.A.V,2.0 1.5 1.75 1.5 0.8,gadja,0.0,780.0
727,dog,CAIJIA,khui,kh u i,1 7 7,AXZ,KYI,21.0,21.K.C 21.Y.V 21.I.V,2.0 1.5 0.8,khui,0.0,781.0
767,dog,CANIPAAN PALAWAN,idəŋ,i d ə ŋ,7 1 7 4,XBYN,ITEN,22.0,22.I.V 22.T.C 22.E.V 22.N.c,1.5 1.75 1.3 0.8,idəŋ,0.0,776.0
807,dog,CASIGURAN NEGRITO,aso,a s o,7 3 7,XBZ,ASU,23.0,23.A.V 23.S.C 23.U.V,1.5 1.75 0.8,aso,0.0,787.0
847,dog,CEBUANO,iroʔ,i r o ʔ,7 5 7 1,XBYN,IRUH,24.0,24.I.V 24.R.C 24.U.V 24.H.c,1.5 1.75 1.3 0.8,iroʔ,0.0,784.0
887,dog,CENTRAL BICOLANO,ajam,a j a m,7 6 7 4,XBYN,AJAM,25.0,25.A.V 25.J.C 25.A.V 25.M.c,1.5 1.75 1.3 0.8,ajam,0.0,762.0
927,dog,CENTRAL BONTOC,asu,a s u,7 3 7,XBZ,ASY,26.0,26.A.V 26.S.C 26.Y.V,1.5 1.75 0.8,asu,0.0,787.0
967,dog,CENTRAL DUSUN,tasu,t a s u,1 7 3 7,AXBZ,TASY,27.0,27.T.C 27.A.V 27.S.C 27.Y.V,2.0 1.5 1.75 0.8,tasu,0.0,787.0
1007,dog,CENTRAL TAGBANWA,kiriŋ,k i r i ŋ,1 7 5 7 4,AXBYN,KIRIN,28.0,28.K.C 28.I.V 28.R.C 28.I.V 28.N.c,2.0 1.5 1.75 1.3 0.8,kiriŋ,0.0,788.0
1047,dog,CUYONON,tjuʔ,t j u ʔ,1 6 7 1,ACXN,TJYH,29.0,29.T.C 29.J.C 29.Y.V 29.H.c,2.0 1.5 1.5 0.8,tjuʔ,0.0,789.0
1087,dog,DARAGA,ʔajam,ʔ a j a m,1 7 6 7 4,AXBYN,HAJAM,30.0,30.H.C 30.A.V 30.J.C 30.A.V 30.M.c,2.0 1.5 1.75 1.3 0.8,ʔajam,0.0,762.0
1127,dog,DUMAGAT CASIGURAN,asoʔ,a s o ʔ,7 3 7 1,XBYN,ASUH,31.0,31.A.V 31.S.C 31.U.V 31.H.c,1.5 1.75 1.3 0.8,asoʔ,0.0,787.0
1167,dog,DUPANINGAN AGTA,asuʔ,a s u ʔ,7 3 7 1,XBYN,ASYH,32.0,32.A.V 32.S.C 32.Y.V 32.H.c,1.5 1.75 1.3 0.8,asuʔ,0.0,787.0
1207,dog,ENGLISH,dag,d a g,1 7 1,AXN,TAK,33.0,33.T.C 33.A.V 33.K.c,2.0 1.5 0.8,dag,0.0,793.0
1247,dog,ESKAYAN,plodo,p l o d o,1 5 7 1 7,ACXBZ,PLUTU,34.0,34.P.C 34.L.C 34.U.V 34.T.C 34.U.V,2.0 1.5 1.5 1.75 0.8,plodo,0.0,794.0
1287,dog,ESTONIAN,koer,k o e r,1 7 7 5,AXYN,KUER,35.0,35.K.C 35.U.V 35.E.V 35.R.c,2.0 1.5 1.3 0.8,koer,0.0,795.0
1327,dog,FINNISH,koira,k o i r a,1 7 7 5 7,AXYBZ,KUIRA,37.0,37.K.C 37.U.V 37.I.V 37.R.C 37.A.V,2.0 1.5 1.3 1.75 0.8,koira,0.0,797.0
1367,dog,FUZHOU CHINESE,kheiŋ,kh e i ŋ,1 7 7 4,AXYN,KEIN,38.0,38.K.C 38.E.V 38.I.V 38.N.c,2.0 1.5 1.3 0.8,kheiŋ,0.0,781.0
1407,dog,GADDANG,atu,a t u,7 1 7,XBZ,ATY,39.0,39.A.V 39.T.C 39.Y.V,1.5 1.75 0.8,atu,0.0,761.0
1447,dog,HANUNOO,iduʔ,i d u ʔ,7 1 7 1,XBYN,ITYH,40.0,40.I.V 40.T.C 40.Y.V 40.H.c,1.5 1.75 1.3 0.8,iduʔ,0.0,800.0
1487,dog,HIGAONON BINUKID,asu,a s u,7 3 7,XBZ,ASY,41.0,41.A.V 41.S.C 41.Y.V,1.5 1.75 0.8,asu,0.0,787.0
1527,dog,HUNGARIAN,kuTa,k u t a,1 7 1 7,AXBZ,KYTA,43.0,43.K.C 43.Y.V 43.T.C 43.A.V,2.0 1.5 1.75 0.8,kuta,0.0,803.0
1567,dog,IBALOI,aso,a s o,7 3 7,XBZ,ASU,44.0,44.A.V 44.S.C 44.U.V,1.5 1.75 0.8,aso,0.0,787.0
1607,dog,IBANAG,kitu,k i t u,1 7 1 7,AXBZ,KITY,45.0,45.K.C 45.I.V 45.T.C 45.Y.V,2.0 1.5 1.75 0.8,kitu,0.0,800.0
1647,dog,IDAAN,asu,a s u,7 3 7,XBZ,ASY,46.0,46.A.V 46.S.C 46.Y.V,1.5 1.75 0.8,asu,0.0,787.0
1687,dog,IFUGAO AMGANAD,kahu,k a h u,1 7 3 7,AXBZ,KAHY,47.0,47.K.C 47.A.V 47.H.C 47.Y.V,2.0 1.5 1.75 0.8,kahu,0.0,765.0
1727,dog,IFUGAO BATAD,kahu,k a h u,1 7 3 7,AXBZ,KAHY,48.0,48.K.C 48.A.V 48.H.C 48.Y.V,2.0 1.5 1.75 0.8,kahu,0.0,765.0
1767,dog,IFUGAO BAYNINAN,kahu,k a h u,1 7 3 7,AXBZ,KAHY,49.0,49.K.C 49.A.V 49.H.C 49.Y.V,2.0 1.5 1.75 0.8,kahu,0.0,765.0
1807,dog,ILOKANO,aso,a s o,7 3 7,XBZ,ASU,50.0,50.A.V 50.S.C 50.U.V,1.5 1.75 0.8,aso,0.0,787.0
1847,dog,ILONGOT KAKIDUGEN,atu,a t u,7 1 7,XBZ,ATY,51.0,51.A.V 51.T.C 51.Y.V,1.5 1.75 0.8,atu,0.0,761.0
1887,dog,INIBALOI,aso,a s o,7 3 7,XBZ,ASU,54.0,54.A.V 54.S.C 54.U.V,1.5 1.75 0.8,aso,0.0,787.0
1927,dog,IRANUN,asu,a s u,7 3 7,XBZ,ASY,55.0,55.A.V 55.S.C 55.Y.V,1.5 1.75 0.8,asu,0.0,787.0
1967,dog,IRIGA,ʔajam,ʔ a j a m,1 7 6 7 4,AXBYN,HAJAM,57.0,57.H.C 57.A.V 57.J.C 57.A.V 57.M.c,2.0 1.5 1.75 1.3 0.8,ʔajam,0.0,762.0
2007,dog,ISNAG,atu,a t u,7 1 7,XBZ,ATY,59.0,59.A.V 59.T.C 59.Y.V,1.5 1.75 0.8,atu,0.0,761.0
2047,dog,ISNEG,atu,a t u,7 1 7,XBZ,ATY,60.0,60.A.V 60.T.C 60.Y.V,1.5 1.75 0.8,atu,0.0,761.0
2087,dog,ITAWIT,Etu,æ t u,7 1 7,XBZ,ETY,61.0,61.E.V 61.T.C 61.Y.V,1.5 1.75 0.8,ætu,0.0,761.0
2127,dog,ITBAYATEN BATANES ISLANDS,tituʔ,t i t u ʔ,1 7 1 7 1,AXBYN,TITYH,62.0,62.T.C 62.I.V 62.T.C 62.Y.V 62.H.c,2.0 1.5 1.75 1.3 0.8,tituʔ,0.0,800.0
2167,dog,ITNEG BINONGAN,aso,a s o,7 3 7,XBZ,ASU,63.0,63.A.V 63.S.C 63.U.V,1.5 1.75 0.8,aso,0.0,787.0
2207,dog,IVATAN BATANES ISLANDS,citoʔ,c i t o ʔ,1 7 1 7 1,AXBYN,CITUH,65.0,65.C.C 65.I.V 65.T.C 65.U.V 65.H.c,2.0 1.5 1.75 1.3 0.8,citoʔ,0.0,800.0
2247,dog,JAPANESE,inu,i n u,7 4 7,XBZ,INY,66.0,66.I.V 66.N.C 66.Y.V,1.5 1.75 0.8,inu,0.0,826.0
2287,dog,KADAZAN,tasu,t a s u,1 7 3 7,AXBZ,TASY,67.0,67.T.C 67.A.V 67.S.C 67.Y.V,2.0 1.5 1.75 0.8,tasu,0.0,787.0
2327,dog,KAGAYANEN,ajam,a j a m,7 6 7 4,XBYN,AJAM,68.0,68.A.V 68.J.C 68.A.V 68.M.c,1.5 1.75 1.3 0.8,ajam,0.0,762.0
2367,dog,KALAGAN,iduʔ,i d u ʔ,7 1 7 1,XBYN,ITYH,69.0,69.I.V 69.T.C 69.Y.V 69.H.c,1.5 1.75 1.3 0.8,iduʔ,0.0,800.0
2407,dog,KALINGA GUINAANG,asu,a s u,7 3 7,XBZ,ASY,70.0,70.A.V 70.S.C 70.Y.V,1.5 1.75 0.8,asu,0.0,787.0
2447,dog,KALINGA LIMOS,asu,a s u,7 3 7,XBZ,ASY,71.0,71.A.V 71.S.C 71.Y.V,1.5 1.75 0.8,asu,0.0,787.0
2487,dog,KALLAHAN KAYAPA PROPER,ahhu,a hh u,7 3 7,XBZ,AHY,72.0,72.A.V 72.H.C 72.Y.V,1.5 1.75 0.8,ahhu,0.0,787.0
2527,dog,KALLAHAN KELEYQIQ IFUGAO,ahhuʔ,a hh u ʔ,7 3 7 1,XBYN,AHYH,73.0,73.A.V 73.H.C 73.Y.V 73.H.c,1.5 1.75 1.3 0.8,ahhuʔ,0.0,833.0
2567,dog,KANKANAY NORTHERN,aso,a s o,7 3 7,XBZ,ASU,75.0,75.A.V 75.S.C 75.U.V,1.5 1.75 0.8,aso,0.0,787.0
2607,dog,KAPAMPANGAN,asu,a s u,7 3 7,XBZ,ASY,76.0,76.A.V 76.S.C 76.Y.V,1.5 1.75 0.8,asu,0.0,787.0
2647,dog,KINARAY A,ajam,a j a m,7 6 7 4,XBYN,AJAM,77.0,77.A.V 77.J.C 77.A.V 77.M.c,1.5 1.75 1.3 0.8,ajam,0.0,762.0
2687,dog,KOREAN,kE,k æ,1 7,AX,KE,78.0,78.K.C 78.E.V,2.0 1.5,kæ,0.0,838.0
2727,dog,LEGAZPI,ʔajam,ʔ a j a m,1 7 6 7 4,AXBYN,HAJAM,79.0,79.H.C 79.A.V 79.J.C 79.A.V 79.M.c,2.0 1.5 1.75 1.3 0.8,ʔajam,0.0,762.0
2767,dog,LIBON,ʔajam,ʔ a j a m,1 7 6 7 4,AXBYN,HAJAM,80.0,80.H.C 80.A.V 80.J.C 80.A.V 80.M.c,2.0 1.5 1.75 1.3 0.8,ʔajam,0.0,762.0
2807,dog,LIVE,pin,p i n,1 7 4,AXN,PIN,82.0,82.P.C 82.I.V 82.N.c,2.0 1.5 0.8,pin,0.0,842.0
2847,dog,MAGUINDANAO,asu,a s u,7 3 7,XBZ,ASY,83.0,83.A.V 83.S.C 83.Y.V,1.5 1.75 0.8,asu,0.0,787.0
2887,dog,MAMANWA,idoʔ,i d o ʔ,7 1 7 1,XBYN,ITUH,84.0,84.I.V 84.T.C 84.U.V 84.H.c,1.5 1.75 1.3 0.8,idoʔ,0.0,800.0
2927,dog,MANOBO ATA,asu,a s u,7 3 7,XBZ,ASY,88.0,88.A.V 88.S.C 88.Y.V,1.5 1.75 0.8,asu,0.0,787.0
2967,dog,MANOBO DIBABAWON,iduʔ,i d u ʔ,7 1 7 1,XBYN,ITYH,89.0,89.I.V 89.T.C 89.Y.V 89.H.c,1.5 1.75 1.3 0.8,iduʔ,0.0,800.0
3007,dog,MANOBO ILIANEN,asu,a s u,7 3 7,XBZ,ASY,90.0,90.A.V 90.S.C 90.Y.V,1.5 1.75 0.8,asu,0.0,787.0
3047,dog,MANOBO KALAMANSIG COTABATO,tujaŋ,t u j a ŋ,1 7 6 7 4,AXBYN,TYJAN,91.0,91.T.C 91.Y.V 91.J.C 91.A.V 91.N.c,2.0 1.5 1.75 1.3 0.8,tujaŋ,0.0,851.0
3087,dog,MANOBO SARANGANI,tojaŋ,t o j a ŋ,1 7 6 7 4,AXBYN,TUJAN,92.0,92.T.C 92.U.V 92.J.C 92.A.V 92.N.c,2.0 1.5 1.75 1.3 0.8,tojaŋ,0.0,851.0
3127,dog,MANOBO TIGWA,asu,a s u,7 3 7,XBZ,ASY,93.0,93.A.V 93.S.C 93.Y.V,1.5 1.75 0.8,asu,0.0,787.0
3167,dog,MANOBO WESTERN BUKIDNON,asu,a s u,7 3 7,XBZ,ASY,94.0,94.A.V 94.S.C 94.Y.V,1.5 1.75 0.8,asu,0.0,787.0
3207,dog,MANSAKA,iduʔ,i d u ʔ,7 1 7 1,XBYN,ITYH,95.0,95.I.V 95.T.C 95.Y.V 95.H.c,1.5 1.75 1.3 0.8,iduʔ,0.0,800.0
3247,dog,MAPUN,idoʔ,i d o ʔ,7 1 7 1,XBYN,ITUH,97.0,97.I.V 97.T.C 97.U.V 97.H.c,1.5 1.75 1.3 0.8,idoʔ,0.0,800.0
3287,dog,MARANAO,aso,a s o,7 3 7,XBZ,ASU,98.0,98.A.V 98.S.C 98.U.V,1.5 1.75 0.8,aso,0.0,787.0
3327,dog,MARINDUQUE TAGALOG,ʔasu,ʔ a s u,1 7 3 7,AXBZ,HASY,99.0,99.H.C 99.A.V 99.S.C 99.Y.V,2.0 1.5 1.75 0.8,ʔasu,0.0,787.0
3367,dog,MASBATENYO,aso,a s o,7 3 7,XBZ,ASU,100.0,100.A.V 100.S.C 100.U.V,1.5 1.75 0.8,aso,0.0,787.0
3407,dog,MINANGALI LOWER TANUDAN KALINGA,asu,a s u,7 3 7,XBZ,ASY,101.0,101.A.V 101.S.C 101.Y.V,1.5 1.75 0.8,asu,0.0,787.0
3447,dog,MOKSHA,pi5e,p i e,1 7 7,AXZ,PIE,102.0,102.P.C 102.I.V 102.E.V,2.0 1.5 0.8,pie,0.0,862.0
3487,dog,MOLBOG,idoŋ,i d o ŋ,7 1 7 4,XBYN,ITUN,103.0,103.I.V 103.T.C 103.U.V 103.N.c,1.5 1.75 1.3 0.8,idoŋ,0.0,776.0
3527,dog,MOLBOG 2,idəŋ,i d ə ŋ,7 1 7 4,XBYN,ITEN,104.0,104.I.V 104.T.C 104.E.V 104.N.c,1.5 1.75 1.3 0.8,idəŋ,0.0,776.0
3567,dog,MONGOLIAN,murtux,m u r t u x,4 7 5 1 7 3,AXMBYN,MYRTYG,105.0,105.M.C 105.Y.V 105.R.c 105.T.C 105.Y.V 105.G.c,2.0 1.5 1.1 1.75 1.3 0.8,murtux,0.0,865.0
3607,dog,MORO MAGINDANAU,asu,a s u,7 3 7,XBZ,ASY,106.0,106.A.V 106.S.C 106.Y.V,1.5 1.75 0.8,asu,0.0,787.0
3647,dog,NAGA,ʔajam,ʔ a j a m,1 7 6 7 4,AXBYN,HAJAM,107.0,107.H.C 107.A.V 107.J.C 107.A.V 107.M.c,2.0 1.5 1.75 1.3 0.8,ʔajam,0.0,762.0
3687,dog,NORTHERN CATANDUANES,ʔajam,ʔ a j a m,1 7 6 7 4,AXBYN,HAJAM,108.0,108.H.C 108.A.V 108.J.C 108.A.V 108.M.c,2.0 1.5 1.75 1.3 0.8,ʔajam,0.0,762.0
3727,dog,NORTHERN SORSOGON,ʔajam,ʔ a j a m,1 7 6 7 4,AXBYN,HAJAM,109.0,109.H.C 109.A.V 109.J.C 109.A.V 109.M.c,2.0 1.5 1.75 1.3 0.8,ʔajam,0.0,762.0
3767,dog,OAS,ʔajam,ʔ a j a m,1 7 6 7 4,AXBYN,HAJAM,110.0,110.H.C 110.A.V 110.J.C 110.A.V 110.M.c,2.0 1.5 1.75 1.3 0.8,ʔajam,0.0,762.0
3807,dog,PALAWANO BATAK,kədəŋ,k ə d ə ŋ,1 7 1 7 4,AXBYN,KETEN,111.0,111.K.C 111.E.V 111.T.C 111.E.V 111.N.c,2.0 1.5 1.75 1.3 0.8,kədəŋ,0.0,769.0
3847,dog,PANGASINAN,aso,a s o,7 3 7,XBZ,ASU,112.0,112.A.V 112.S.C 112.U.V,1.5 1.75 0.8,aso,0.0,787.0
3887,dog,PANGUTARAN SAMA,eroʔ,e r o ʔ,7 5 7 1,XBYN,ERUH,113.0,113.E.V 113.R.C 113.U.V 113.H.c,1.5 1.75 1.3 0.8,eroʔ,0.0,873.0
3927,dog,PANGUTARAN SAMA (1),eroʔ,e r o ʔ,7 5 7 1,XBYN,ERUH,114.0,114.E.V 114.R.C 114.U.V 114.H.c,1.5 1.75 1.3 0.8,eroʔ,0.0,873.0
3967,dog,PROTO PALAWAN,ʔidəŋ,ʔ i d ə ŋ,1 7 1 7 4,AXBYN,HITEN,115.0,115.H.C 115.I.V 115.T.C 115.E.V 115.N.c,2.0 1.5 1.75 1.3 0.8,ʔidəŋ,0.0,776.0
4047,dog,ROMBLOMANON 1,ajam,a j a m,7 6 7 4,XBYN,AJAM,118.0,118.A.V 118.J.C 118.A.V 118.M.c,1.5 1.75 1.3 0.8,ajam,0.0,762.0
4087,dog,ROMBLOMANON 2,ʔajam,ʔ a j a m,1 7 6 7 4,AXBYN,HAJAM,119.0,119.H.C 119.A.V 119.J.C 119.A.V 119.M.c,2.0 1.5 1.75 1.3 0.8,ʔajam,0.0,762.0
4127,dog,SAMAL,edoʔ,e d o ʔ,7 1 7 1,XBYN,ETUH,120.0,120.E.V 120.T.C 120.U.V 120.H.c,1.5 1.75 1.3 0.8,edoʔ,0.0,800.0
4167,dog,SAMBAL BOTOLAN,ahoʔ,a h o ʔ,7 3 7 1,XBYN,AHUH,121.0,121.A.V 121.H.C 121.U.V 121.H.c,1.5 1.75 1.3 0.8,ahoʔ,0.0,833.0
4247,dog,SANGIL SARANGANI ISLANDS,asu,a s u,7 3 7,XBZ,ASY,123.0,123.A.V 123.S.C 123.Y.V,1.5 1.75 0.8,asu,0.0,787.0
4287,dog,SEDANG,Co,c o,1 7,AX,CU,124.0,124.C.C 124.U.V,2.0 1.5,co,0.0,882.0
4327,dog,SIBUTU SOUTHERN SAMA,eroʔ,e r o ʔ,7 5 7 1,XBYN,ERUH,125.0,125.E.V 125.R.C 125.U.V 125.H.c,1.5 1.75 1.3 0.8,eroʔ,0.0,873.0
4367,dog,SOGODNIN BORACAY,ajam,a j a m,7 6 7 4,XBYN,AJAM,127.0,127.A.V 127.J.C 127.A.V 127.M.c,1.5 1.75 1.3 0.8,ajam,0.0,885.0
4407,dog,SOUTH SAAMI,bəe5ə,b ə e ə,1 7 7 7,AXYZ,PEEE,128.0,128.P.C 128.E.V 128.E.V 128.E.V,2.0 1.5 1.3 0.8,bəeə,0.0,886.0
4447,dog,SOUTHERN CATANDUANES,ʔajam,ʔ a j a m,1 7 6 7 4,AXBYN,HAJAM,129.0,129.H.C 129.A.V 129.J.C 129.A.V 129.M.c,2.0 1.5 1.75 1.3 0.8,ʔajam,0.0,762.0
4487,dog,SOUTHERN SORSOGON,ʔajam,ʔ a j a m,1 7 6 7 4,AXBYN,HAJAM,131.0,131.H.C 131.A.V 131.J.C 131.A.V 131.M.c,2.0 1.5 1.75 1.3 0.8,ʔajam,0.0,762.0
4527,dog,SOUTHWEST PALAWANO,ideŋ,i d e ŋ,7 1 7 4,XBYN,ITEN,132.0,132.I.V 132.T.C 132.E.V 132.N.c,1.5 1.75 1.3 0.8,ideŋ,0.0,776.0
4567,dog,SPANISH,pero,p e r o,1 7 5 7,AXBZ,PERU,133.0,133.P.C 133.E.V 133.R.C 133.U.V,2.0 1.5 1.75 0.8,pero,0.0,891.0
4607,dog,SUBANON SIOCON,gajam,g a j a m,1 7 6 7 4,AXBYN,KAJAM,134.0,134.K.C 134.A.V 134.J.C 134.A.V 134.M.c,2.0 1.5 1.75 1.3 0.8,gajam,0.0,770.0
4647,dog,SUBANUN SINDANGAN,gituʔ,g i t u ʔ,1 7 1 7 1,AXBYN,KITYH,135.0,135.K.C 135.I.V 135.T.C 135.Y.V 135.H.c,2.0 1.5 1.75 1.3 0.8,gituʔ,0.0,800.0
4687,dog,SURIGAONON,ido,i d o,7 1 7,XBZ,ITU,136.0,136.I.V 136.T.C 136.U.V,1.5 1.75 0.8,ido,0.0,800.0
4727,dog,TAGABAWA,asu,a s u,7 3 7,XBZ,ASY,137.0,137.A.V 137.S.C 137.Y.V,1.5 1.75 0.8,asu,0.0,787.0
4767,dog,TAGABILI,ohuh,o h u h,7 3 7 3,XBYN,UHYH,138.0,138.U.V 138.H.C 138.Y.V 138.H.c,1.5 1.75 1.3 0.8,ohuh,0.0,833.0
4807,dog,TAGALOG,aso,a s o,7 3 7,XBZ,ASU,139.0,139.A.V 139.S.C 139.U.V,1.5 1.75 0.8,aso,0.0,787.0
4847,dog,TAGBANUA ABORLAN,kəgdəŋ,k ə g d ə ŋ,1 7 1 1 7 4,AXMBYN,KEKTEN,140.0,140.K.C 140.E.V 140.K.c 140.T.C 140.E.V 140.N.c,2.0 1.5 1.1 1.75 1.3 0.8,kəgdəŋ,0.0,769.0
4887,dog,TAGBANWA ABORLAN,kəʔdəŋ,k ə ʔ d ə ŋ,1 7 1 1 7 4,AXMBYN,KEHTEN,141.0,141.K.C 141.E.V 141.H.c 141.T.C 141.E.V 141.N.c,2.0 1.5 1.1 1.75 1.3 0.8,kəʔdəŋ,0.0,769.0
4927,dog,TAGBANWA KALAMIAN,kiruʔ,k i r u ʔ,1 7 5 7 1,AXBYN,KIRYH,142.0,142.K.C 142.I.V 142.R.C 142.Y.V 142.H.c,2.0 1.5 1.75 1.3 0.8,kiruʔ,0.0,788.0
4967,dog,TALAANDIG BINUKID,aso,a s o,7 3 7,XBZ,ASU,143.0,143.A.V 143.S.C 143.U.V,1.5 1.75 0.8,aso,0.0,787.0
5007,dog,TAMBUNAN DUSUN,tasu,t a s u,1 7 3 7,AXBZ,TASY,144.0,144.T.C 144.A.V 144.S.C 144.Y.V,2.0 1.5 1.75 0.8,tasu,0.0,787.0
5047,dog,TAUSUG,ʔiruʔ,ʔ i r u ʔ,1 7 5 7 1,AXBYN,HIRYH,145.0,145.H.C 145.I.V 145.R.C 145.Y.V 145.H.c,2.0 1.5 1.75 1.3 0.8,ʔiruʔ,0.0,903.0
5087,dog,TAUT BATU,ʔideŋ,ʔ i d e ŋ,1 7 1 7 4,AXBYN,HITEN,146.0,146.H.C 146.I.V 146.T.C 146.E.V 146.N.c,2.0 1.5 1.75 1.3 0.8,ʔideŋ,0.0,776.0
5127,dog,TBOLI TAGABILI,ohuh,o h u h,7 3 7 3,XBYN,UHYH,147.0,147.U.V 147.H.C 147.Y.V 147.H.c,1.5 1.75 1.3 0.8,ohuh,0.0,833.0
5167,dog,TIMUGON MURUT,ukuʔ,u k u ʔ,7 1 7 1,XBYN,YKYH,148.0,148.Y.V 148.K.C 148.Y.V 148.H.c,1.5 1.75 1.3 0.8,ukuʔ,0.0,906.0
5207,dog,TIRURAY,ituʔ,i t u ʔ,7 1 7 1,XBYN,ITYH,149.0,149.I.V 149.T.C 149.Y.V 149.H.c,1.5 1.75 1.3 0.8,ituʔ,0.0,800.0
5247,dog,TURKISH,kəpek,k ə p e k,1 7 1 7 1,AXBYN,KEPEK,150.0,150.K.C 150.E.V 150.P.C 150.E.V 150.K.c,2.0 1.5 1.75 1.3 0.8,kəpek,0.0,908.0
5287,dog,UGARITIC,klb,k l b,1 5 1,AXN,KLP,151.0,151.K.C 151.L.V 151.P.c,2.0 1.5 0.8,klb,0.0,909.0
5327,dog,WARAY WARAY,ajam,a j a m,7 6 7 4,XBYN,AJAM,152.0,152.A.V 152.J.C 152.A.V 152.M.c,1.5 1.75 1.3 0.8,ajam,0.0,762.0
5367,dog,YAKAN,asu,a s u,7 3 7,XBZ,ASY,153.0,153.A.V 153.S.C 153.Y.V,1.5 1.75 0.8,asu,0.0,787.0
5407,dog,YOGAD,atu,a t u,7 1 7,XBZ,ATY,154.0,154.A.V 154.T.C 154.Y.V,1.5 1.75 0.8,atu,0.0,761.0
5487,dog,IMOROD,agsa,a gs a,7 1 7,XBZ,AKA,52.0,52.A.V 52.K.C 52.A.V,1.5 1.75 0.8,agsa,0.0,812.0
5527,dog,BABUYAN,Cito,c i t o,1 7 1 7,AXBZ,CITU,4.0,4.C.C 4.I.V 4.T.C 4.U.V,2.0 1.5 1.75 0.8,cito,0.0,764.0
5567,dog,BISAYA SABAH,asu,a s u,7 3 7,XBZ,ASY,13.0,13.A.V 13.S.C 13.Y.V,1.5 1.75 0.8,asu,0.0,787.0
5607,dog,FINALLIG,aso,a s o,7 3 7,XBZ,ASU,36.0,36.A.V 36.S.C 36.U.V,1.5 1.75 0.8,aso,0.0,787.0
5647,dog,HILIGAYNON,idu,i d u,7 1 7,XBZ,ITY,42.0,42.I.V 42.T.C 42.Y.V,1.5 1.75 0.8,idu,0.0,800.0
5687,dog,INABAKNON,idoʔ,i d o ʔ,7 1 7 1,XBYN,ITUH,53.0,53.I.V 53.T.C 53.U.V 53.H.c,1.5 1.75 1.3 0.8,idoʔ,0.0,800.0
5727,dog,IRARALAY IVATAN,agsa,a gs a,7 1 7,XBZ,AKA,56.0,56.A.V 56.K.C 56.A.V,1.5 1.75 0.8,agsa,0.0,812.0
5767,dog,ISAMORONG IVATAN,Tito,t i t o,1 7 1 7,AXBZ,TITU,58.0,58.T.C 58.I.V 58.T.C 58.U.V,2.0 1.5 1.75 0.8,tito,0.0,800.0
5807,dog,IVASAY IVATAN,Cito,c i t o,1 7 1 7,AXBZ,CITU,64.0,64.C.C 64.I.V 64.T.C 64.U.V,2.0 1.5 1.75 0.8,cito,0.0,764.0
5847,dog,KANKANAEY,aso,a s o,7 3 7,XBZ,ASU,74.0,74.A.V 74.S.C 74.U.V,1.5 1.75 0.8,aso,0.0,787.0
5887,dog,LIMOS KALINGA,asu,a s u,7 3 7,XBZ,ASY,81.0,81.A.V 81.S.C 81.Y.V,1.5 1.75 0.8,asu,0.0,787.0
5927,dog,MANDAYAN BOSO,iduʔ,i d u ʔ,7 1 7 1,XBYN,ITYH,85.0,85.I.V 85.T.C 85.Y.V 85.H.c,1.5 1.75 1.3 0.8,iduʔ,0.0,800.0
5967,dog,MANDAYAN CARAGA,iduʔ,i d u ʔ,7 1 7 1,XBYN,ITYH,86.0,86.I.V 86.T.C 86.Y.V 86.H.c,1.5 1.75 1.3 0.8,iduʔ,0.0,800.0
6007,dog,MANDAYAN ISLAM PISO,iduʔ,i d u ʔ,7 1 7 1,XBYN,ITYH,87.0,87.I.V 87.T.C 87.Y.V 87.H.c,1.5 1.75 1.3 0.8,iduʔ,0.0,800.0
6047,dog,MANSAKA 2,iduʔ,i d u ʔ,7 1 7 1,XBYN,ITYH,96.0,96.I.V 96.T.C 96.Y.V 96.H.c,1.5 1.75 1.3 0.8,iduʔ,0.0,800.0
6087,dog,PROTO SOUTHERN MINDANAO,ajəm,a j ə m,7 6 7 4,XBYN,AJEM,116.0,116.A.V 116.J.C 116.E.V 116.M.c,1.5 1.75 1.3 0.8,ajəm,0.0,876.0
6127,dog,SINAUNA,asu,a s u,7 3 7,XBZ,ASY,126.0,126.A.V 126.S.C 126.Y.V,1.5 1.75 0.8,asu,0.0,787.0
6167,dog,SOUTHERN KALINGA,asu,a s u,7 3 7,XBZ,ASY,130.0,130.A.V 130.S.C 130.Y.V,1.5 1.75 0.8,asu,0.0,787.0
8,drink,AGTA,uminum,u m i n u m,7 4 7 4 7 4,XBYBYN,YMINYM,1.0,1.Y.V 1.M.C 1.I.V 1.N.C 1.Y.V 1.M.c,1.5 1.75 1.3 1.75 1.3 0.8,uminum,0.0,912.0
48,drink,AKLANON,inum,i n u m,7 4 7 4,XBYN,INYM,2.0,2.I.V 2.N.C 2.Y.V 2.M.c,1.5 1.75 1.3 0.8,inum,0.0,911.0
88,drink,ATTA PAMPLONA,amminum,a mm i n u m,7 4 7 4 7 4,XBYBYN,AMINYM,3.0,3.A.V 3.M.C 3.I.V 3.N.C 3.Y.V 3.M.c,1.5 1.75 1.3 1.75 1.3 0.8,amminum,0.0,912.0
128,drink,BALANGAW,inum,i n u m,7 4 7 4,XBYN,INYM,5.0,5.I.V 5.N.C 5.Y.V 5.M.c,1.5 1.75 1.3 0.8,inum,0.0,912.0
168,drink,BALANGINGI SAMA,inum,i n u m,7 4 7 4,XBYN,INYM,6.0,6.I.V 6.N.C 6.Y.V 6.M.c,1.5 1.75 1.3 0.8,inum,0.0,929.0
208,drink,BALANGINGI SAMA (1),inum,i n u m,7 4 7 4,XBYN,INYM,7.0,7.I.V 7.N.C 7.Y.V 7.M.c,1.5 1.75 1.3 0.8,inum,0.0,929.0
248,drink,BASQUE,edan,e d a n,7 1 7 4,XBYN,ETAN,8.0,8.E.V 8.T.C 8.A.V 8.N.c,1.5 1.75 1.3 0.8,edan,0.0,917.0
288,drink,BATAK PALAWAN,inum,i n u m,7 4 7 4,XBYN,INYM,9.0,9.I.V 9.N.C 9.Y.V 9.M.c,1.5 1.75 1.3 0.8,inum,0.0,912.0
328,drink,BILAAN KORONADAL,inum,i n u m,7 4 7 4,XBYN,INYM,10.0,10.I.V 10.N.C 10.Y.V 10.M.c,1.5 1.75 1.3 0.8,inum,0.0,911.0
368,drink,BILAAN SARANGANI,minum,m i n u m,4 7 4 7 4,AXBYN,MINYM,11.0,11.M.C 11.I.V 11.N.C 11.Y.V 11.M.c,2.0 1.5 1.75 1.3 0.8,minum,0.0,911.0
408,drink,BINUKID,inum,i n u m,7 4 7 4,XBYN,INYM,12.0,12.I.V 12.N.C 12.Y.V 12.M.c,1.5 1.75 1.3 0.8,inum,0.0,921.0
448,drink,BONGGI,eŋinum,e ŋ i n u m,7 4 7 4 7 4,XBYBYN,ENINYM,14.0,14.E.V 14.N.C 14.I.V 14.N.C 14.Y.V 14.M.c,1.5 1.75 1.3 1.75 1.3 0.8,eŋinum,0.0,923.0
488,drink,BONTOC GUINAANG,inom,i n o m,7 4 7 4,XBYN,INUM,15.0,15.I.V 15.N.C 15.U.V 15.M.c,1.5 1.75 1.3 0.8,inom,0.0,912.0
528,drink,BROOKES POINT PALAWAN,minum,m i n u m,4 7 4 7 4,AXBYN,MINYM,16.0,16.M.C 16.I.V 16.N.C 16.Y.V 16.M.c,2.0 1.5 1.75 1.3 0.8,minum,0.0,912.0
568,drink,BUHI,ʔinum,ʔ i n u m,1 7 4 7 4,AXBYN,HINYM,17.0,17.H.C 17.I.V 17.N.C 17.Y.V 17.M.c,2.0 1.5 1.75 1.3 0.8,ʔinum,0.0,911.0
608,drink,BUHINON ALBAY BICOLANO,inom,i n o m,7 4 7 4,XBYN,INUM,18.0,18.I.V 18.N.C 18.U.V 18.M.c,1.5 1.75 1.3 0.8,inom,0.0,911.0
648,drink,BUKIDNON BINUKID,inum,i n u m,7 4 7 4,XBYN,INYM,19.0,19.I.V 19.N.C 19.Y.V 19.M.c,1.5 1.75 1.3 0.8,inum,0.0,928.0
688,drink,BUTUANON,moinum,m o i n u m,4 7 7 4 7 4,AXYBYN,MUINYM,20.0,20.M.C 20.U.V 20.I.V 20.N.C 20.Y.V 20.M.c,2.0 1.5 1.3 1.75 1.3 0.8,moinum,0.0,929.0
728,drink,CAIJIA,an,a n,7 4,XN,AN,21.0,21.A.V 21.N.c,1.5 0.8,an,0.0,930.0
768,drink,CANIPAAN PALAWAN,minum,m i n u m,4 7 4 7 4,AXBYN,MINYM,22.0,22.M.C 22.I.V 22.N.C 22.Y.V 22.M.c,2.0 1.5 1.75 1.3 0.8,minum,0.0,912.0
808,drink,CASIGURAN NEGRITO,uminum,u m i n u m,7 4 7 4 7 4,XBYBYN,YMINYM,23.0,23.Y.V 23.M.C 23.I.V 23.N.C 23.Y.V 23.M.c,1.5 1.75 1.3 1.75 1.3 0.8,uminum,0.0,912.0
848,drink,CEBUANO,inum,i n u m,7 4 7 4,XBYN,INYM,24.0,24.I.V 24.N.C 24.Y.V 24.M.c,1.5 1.75 1.3 0.8,inum,0.0,933.0
888,drink,CENTRAL BICOLANO,inum,i n u m,7 4 7 4,XBYN,INYM,25.0,25.I.V 25.N.C 25.Y.V 25.M.c,1.5 1.75 1.3 0.8,inum,0.0,911.0
928,drink,CENTRAL BONTOC,inum,i n u m,7 4 7 4,XBYN,INYM,26.0,26.I.V 26.N.C 26.Y.V 26.M.c,1.5 1.75 1.3 0.8,inum,0.0,912.0
968,drink,CENTRAL DUSUN,inum,i n u m,7 4 7 4,XBYN,INYM,27.0,27.I.V 27.N.C 27.Y.V 27.M.c,1.5 1.75 1.3 0.8,inum,0.0,936.0
1008,drink,CENTRAL TAGBANWA,inim,i n i m,7 4 7 4,XBYN,INIM,28.0,28.I.V 28.N.C 28.I.V 28.M.c,1.5 1.75 1.3 0.8,inim,0.0,929.0
1048,drink,CUYONON,inom,i n o m,7 4 7 4,XBYN,INUM,29.0,29.I.V 29.N.C 29.U.V 29.M.c,1.5 1.75 1.3 0.8,inom,0.0,938.0
1088,drink,DARAGA,ʔinum,ʔ i n u m,1 7 4 7 4,AXBYN,HINYM,30.0,30.H.C 30.I.V 30.N.C 30.Y.V 30.M.c,2.0 1.5 1.75 1.3 0.8,ʔinum,0.0,911.0
1128,drink,DUMAGAT CASIGURAN,uminom,u m i n o m,7 4 7 4 7 4,XBYBYN,YMINUM,31.0,31.Y.V 31.M.C 31.I.V 31.N.C 31.U.V 31.M.c,1.5 1.75 1.3 1.75 1.3 0.8,uminom,0.0,912.0
1168,drink,DUPANINGAN AGTA,magroŋroŋ,m a g r o ŋ r o ŋ,4 7 1 5 7 4 5 7 4,AXBCYBCYN,MAKRUNRUN,32.0,32.M.C 32.A.V 32.K.C 32.R.C 32.U.V 32.N.C 32.R.C 32.U.V 32.N.c,2.0 1.5 1.75 1.5 1.3 1.75 1.5 1.3 0.8,magroŋroŋ,0.0,941.0
1208,drink,ENGLISH,driŋk,d r i ŋ k,1 5 7 4 1,ACXLN,TRINK,33.0,33.T.C 33.R.C 33.I.V 33.N.c 33.K.c,2.0 1.5 1.5 1.1 0.8,driŋk,0.0,942.0
1248,drink,ESKAYAN,odʒirim,o dʒ i r i m,7 1 7 5 7 4,XBYBYN,UTIRIM,34.0,34.U.V 34.T.C 34.I.V 34.R.C 34.I.V 34.M.c,1.5 1.75 1.3 1.75 1.3 0.8,odʒirim,0.0,943.0
1288,drink,ESTONIAN,dʒo,dʒ o,1 7,AX,TU,35.0,35.T.C 35.U.V,2.0 1.5,dʒo,0.0,944.0
1328,drink,FINNISH,dʒuo,dʒ u o,1 7 7,AXZ,TYU,37.0,37.T.C 37.Y.V 37.U.V,2.0 1.5 0.8,dʒuo,0.0,946.0
1368,drink,FUZHOU CHINESE,tʃiok,tʃ i o k,1 7 7 1,AXYN,TIUK,38.0,38.T.C 38.I.V 38.U.V 38.K.c,2.0 1.5 1.3 0.8,tʃiok,0.0,947.0
1408,drink,GADDANG,minum,m i n u m,4 7 4 7 4,AXBYN,MINYM,39.0,39.M.C 39.I.V 39.N.C 39.Y.V 39.M.c,2.0 1.5 1.75 1.3 0.8,minum,0.0,912.0
1448,drink,HANUNOO,uminum,u m i n u m,7 4 7 4 7 4,XBYBYN,YMINYM,40.0,40.Y.V 40.M.C 40.I.V 40.N.C 40.Y.V 40.M.c,1.5 1.75 1.3 1.75 1.3 0.8,uminum,0.0,912.0
1488,drink,HIGAONON BINUKID,inum,i n u m,7 4 7 4,XBYN,INYM,41.0,41.I.V 41.N.C 41.Y.V 41.M.c,1.5 1.75 1.3 0.8,inum,0.0,921.0
1528,drink,HUNGARIAN,in,i n,7 4,XN,IN,43.0,43.I.V 43.N.c,1.5 0.8,in,0.0,952.0
1568,drink,IBALOI,inom,i n o m,7 4 7 4,XBYN,INUM,44.0,44.I.V 44.N.C 44.U.V 44.M.c,1.5 1.75 1.3 0.8,inom,0.0,912.0
1608,drink,IBANAG,uminum,u m i n u m,7 4 7 4 7 4,XBYBYN,YMINYM,45.0,45.Y.V 45.M.C 45.I.V 45.N.C 45.Y.V 45.M.c,1.5 1.75 1.3 1.75 1.3 0.8,uminum,0.0,912.0
1648,drink,IDAAN,minum,m i n u m,4 7 4 7 4,AXBYN,MINYM,46.0,46.M.C 46.I.V 46.N.C 46.Y.V 46.M.c,2.0 1.5 1.75 1.3 0.8,minum,0.0,955.0
1688,drink,IFUGAO AMGANAD,uminum,u m i n u m,7 4 7 4 7 4,XBYBYN,YMINYM,47.0,47.Y.V 47.M.C 47.I.V 47.N.C 47.Y.V 47.M.c,1.5 1.75 1.3 1.75 1.3 0.8,uminum,0.0,929.0
1728,drink,IFUGAO BATAD,inum,i n u m,7 4 7 4,XBYN,INYM,48.0,48.I.V 48.N.C 48.Y.V 48.M.c,1.5 1.75 1.3 0.8,inum,0.0,929.0
1768,drink,IFUGAO BAYNINAN,uminum,u m i n u m,7 4 7 4 7 4,XBYBYN,YMINYM,49.0,49.Y.V 49.M.C 49.I.V 49.N.C 49.Y.V 49.M.c,1.5 1.75 1.3 1.75 1.3 0.8,uminum,0.0,929.0
1808,drink,ILOKANO,inom,i n o m,7 4 7 4,XBYN,INUM,50.0,50.I.V 50.N.C 50.U.V 50.M.c,1.5 1.75 1.3 0.8,inom,0.0,912.0
1848,drink,ILONGOT KAKIDUGEN,inum,i n u m,7 4 7 4,XBYN,INYM,51.0,51.I.V 51.N.C 51.Y.V 51.M.c,1.5 1.75 1.3 0.8,inum,0.0,912.0
1888,drink,INIBALOI,inom,i n o m,7 4 7 4,XBYN,INUM,54.0,54.I.V 54.N.C 54.U.V 54.M.c,1.5 1.75 1.3 0.8,inom,0.0,912.0
1928,drink,IRANUN,inem,i n e m,7 4 7 4,XBYN,INEM,55.0,55.I.V 55.N.C 55.E.V 55.M.c,1.5 1.75 1.3 0.8,inem,0.0,964.0
1968,drink,IRIGA,ʔinum,ʔ i n u m,1 7 4 7 4,AXBYN,HINYM,57.0,57.H.C 57.I.V 57.N.C 57.Y.V 57.M.c,2.0 1.5 1.75 1.3 0.8,ʔinum,0.0,911.0
2008,drink,ISNAG,inum,i n u m,7 4 7 4,XBYN,INYM,59.0,59.I.V 59.N.C 59.Y.V 59.M.c,1.5 1.75 1.3 0.8,inum,0.0,912.0
2048,drink,ISNEG,uminum,u m i n u m,7 4 7 4 7 4,XBYBYN,YMINYM,60.0,60.Y.V 60.M.C 60.I.V 60.N.C 60.Y.V 60.M.c,1.5 1.75 1.3 1.75 1.3 0.8,uminum,0.0,912.0
2088,drink,ITAWIT,inum,i n u m,7 4 7 4,XBYN,INYM,61.0,61.I.V 61.N.C 61.Y.V 61.M.c,1.5 1.75 1.3 0.8,inum,0.0,912.0
2128,drink,ITBAYATEN BATANES ISLANDS,uminum,u m i n u m,7 4 7 4 7 4,XBYBYN,YMINYM,62.0,62.Y.V 62.M.C 62.I.V 62.N.C 62.Y.V 62.M.c,1.5 1.75 1.3 1.75 1.3 0.8,uminum,0.0,912.0
2168,drink,ITNEG BINONGAN,ominom,o m i n o m,7 4 7 4 7 4,XBYBYN,UMINUM,63.0,63.U.V 63.M.C 63.I.V 63.N.C 63.U.V 63.M.c,1.5 1.75 1.3 1.75 1.3 0.8,ominom,0.0,912.0
2208,drink,IVATAN BATANES ISLANDS,ominom,o m i n o m,7 4 7 4 7 4,XBYBYN,UMINUM,65.0,65.U.V 65.M.C 65.I.V 65.N.C 65.U.V 65.M.c,1.5 1.75 1.3 1.75 1.3 0.8,ominom,0.0,912.0
2248,drink,JAPANESE,nomu,n o m u,4 7 4 7,AXBZ,NUMY,66.0,66.N.C 66.U.V 66.M.C 66.Y.V,2.0 1.5 1.75 0.8,nomu,0.0,975.0
2288,drink,KADAZAN,inumon,i n u m o n,7 4 7 4 7 4,XBYBYN,INYMUN,67.0,67.I.V 67.N.C 67.Y.V 67.M.C 67.U.V 67.N.c,1.5 1.75 1.3 1.75 1.3 0.8,inumon,0.0,975.0
2328,drink,KAGAYANEN,inəm,i n ə m,7 4 7 4,XBYN,INEM,68.0,68.I.V 68.N.C 68.E.V 68.M.c,1.5 1.75 1.3 0.8,inəm,0.0,929.0
2368,drink,KALAGAN,inəm,i n ə m,7 4 7 4,XBYN,INEM,69.0,69.I.V 69.N.C 69.E.V 69.M.c,1.5 1.75 1.3 0.8,inəm,0.0,978.0
2408,drink,KALINGA GUINAANG,uminum,u m i n u m,7 4 7 4 7 4,XBYBYN,YMINYM,70.0,70.Y.V 70.M.C 70.I.V 70.N.C 70.Y.V 70.M.c,1.5 1.75 1.3 1.75 1.3 0.8,uminum,0.0,912.0
2448,drink,KALINGA LIMOS,inum,i n u m,7 4 7 4,XBYN,INYM,71.0,71.I.V 71.N.C 71.Y.V 71.M.c,1.5 1.75 1.3 0.8,inum,0.0,912.0
2488,drink,KALLAHAN KAYAPA PROPER,manʔinnum,m a n ʔ i nn u m,4 7 4 1 7 4 7 4,AXMBYBYN,MANHINYM,72.0,72.M.C 72.A.V 72.N.c 72.H.C 72.I.V 72.N.C 72.Y.V 72.M.c,2.0 1.5 1.1 1.75 1.3 1.75 1.3 0.8,manʔinnum,0.0,912.0
2528,drink,KALLAHAN KELEYQIQ IFUGAO,inum,i n u m,7 4 7 4,XBYN,INYM,73.0,73.I.V 73.N.C 73.Y.V 73.M.c,1.5 1.75 1.3 0.8,inum,0.0,912.0
2568,drink,KANKANAY NORTHERN,ominom,o m i n o m,7 4 7 4 7 4,XBYBYN,UMINUM,75.0,75.U.V 75.M.C 75.I.V 75.N.C 75.U.V 75.M.c,1.5 1.75 1.3 1.75 1.3 0.8,ominom,0.0,912.0
2608,drink,KAPAMPANGAN,inum,i n u m,7 4 7 4,XBYN,INYM,76.0,76.I.V 76.N.C 76.Y.V 76.M.c,1.5 1.75 1.3 0.8,inum,0.0,912.0
2648,drink,KINARAY A,inom,i n o m,7 4 7 4,XBYN,INUM,77.0,77.I.V 77.N.C 77.U.V 77.M.c,1.5 1.75 1.3 0.8,inom,0.0,911.0
2688,drink,KOREAN,masi,m a s i,4 7 3 7,AXBZ,MASI,78.0,78.M.C 78.A.V 78.S.C 78.I.V,2.0 1.5 1.75 0.8,masi,0.0,987.0
2728,drink,LEGAZPI,ʔinum,ʔ i n u m,1 7 4 7 4,AXBYN,HINYM,79.0,79.H.C 79.I.V 79.N.C 79.Y.V 79.M.c,2.0 1.5 1.75 1.3 0.8,ʔinum,0.0,911.0
2768,drink,LIBON,ʔinum,ʔ i n u m,1 7 4 7 4,AXBYN,HINYM,80.0,80.H.C 80.I.V 80.N.C 80.Y.V 80.M.c,2.0 1.5 1.75 1.3 0.8,ʔinum,0.0,911.0
2808,drink,LIVE,dʒuodjo,dʒ u o d j o,1 7 7 1 6 7,AXYBCZ,TYUTJU,82.0,82.T.C 82.Y.V 82.U.V 82.T.C 82.J.C 82.U.V,2.0 1.5 1.3 1.75 1.5 0.8,dʒuodjo,0.0,991.0
2848,drink,MAGUINDANAO,inum,i n u m,7 4 7 4,XBYN,INYM,83.0,83.I.V 83.N.C 83.Y.V 83.M.c,1.5 1.75 1.3 0.8,inum,0.0,992.0
2888,drink,MAMANWA,inəm,i n ə m,7 4 7 4,XBYN,INEM,84.0,84.I.V 84.N.C 84.E.V 84.M.c,1.5 1.75 1.3 0.8,inəm,0.0,964.0
2928,drink,MANOBO ATA,inum,i n u m,7 4 7 4,XBYN,INYM,88.0,88.I.V 88.N.C 88.Y.V 88.M.c,1.5 1.75 1.3 0.8,inum,0.0,929.0
2968,drink,MANOBO DIBABAWON,inəm,i n ə m,7 4 7 4,XBYN,INEM,89.0,89.I.V 89.N.C 89.E.V 89.M.c,1.5 1.75 1.3 0.8,inəm,0.0,929.0
3008,drink,MANOBO ILIANEN,inum,i n u m,7 4 7 4,XBYN,INYM,90.0,90.I.V 90.N.C 90.Y.V 90.M.c,1.5 1.75 1.3 0.8,inum,0.0,929.0
3048,drink,MANOBO KALAMANSIG COTABATO,inəm,i n ə m,7 4 7 4,XBYN,INEM,91.0,91.I.V 91.N.C 91.E.V 91.M.c,1.5 1.75 1.3 0.8,inəm,0.0,1000.0
3088,drink,MANOBO SARANGANI,inom,i n o m,7 4 7 4,XBYN,INUM,92.0,92.I.V 92.N.C 92.U.V 92.M.c,1.5 1.75 1.3 0.8,inom,0.0,929.0
3128,drink,MANOBO TIGWA,inum,i n u m,7 4 7 4,XBYN,INYM,93.0,93.I.V 93.N.C 93.Y.V 93.M.c,1.5 1.75 1.3 0.8,inum,0.0,929.0
3168,drink,MANOBO WESTERN BUKIDNON,inum,i n u m,7 4 7 4,XBYN,INYM,94.0,94.I.V 94.N.C 94.Y.V 94.M.c,1.5 1.75 1.3 0.8,inum,0.0,929.0
3208,drink,MANSAKA,inəm,i n ə m,7 4 7 4,XBYN,INEM,95.0,95.I.V 95.N.C 95.E.V 95.M.c,1.5 1.75 1.3 0.8,inəm,0.0,978.0
3248,drink,MAPUN,inum,i n u m,7 4 7 4,XBYN,INYM,97.0,97.I.V 97.N.C 97.Y.V 97.M.c,1.5 1.75 1.3 0.8,inum,0.0,929.0
3288,drink,MARANAO,inom,i n o m,7 4 7 4,XBYN,INUM,98.0,98.I.V 98.N.C 98.U.V 98.M.c,1.5 1.75 1.3 0.8,inom,0.0,1007.0
3328,drink,MARINDUQUE TAGALOG,ʔinum,ʔ i n u m,1 7 4 7 4,AXBYN,HINYM,99.0,99.H.C 99.I.V 99.N.C 99.Y.V 99.M.c,2.0 1.5 1.75 1.3 0.8,ʔinum,0.0,911.0
3368,drink,MASBATENYO,maginom,m a g i n o m,4 7 1 7 4 7 4,AXBYBYN,MAKINUM,100.0,100.M.C 100.A.V 100.K.C 100.I.V 100.N.C 100.U.V 100.M.c,2.0 1.5 1.75 1.3 1.75 1.3 0.8,maginom,0.0,1009.0
3408,drink,MINANGALI LOWER TANUDAN KALINGA,uminum,u m i n u m,7 4 7 4 7 4,XBYBYN,YMINYM,101.0,101.Y.V 101.M.C 101.I.V 101.N.C 101.Y.V 101.M.c,1.5 1.75 1.3 1.75 1.3 0.8,uminum,0.0,912.0
3448,drink,MOKSHA,sjimoms,s j i m o ms,3 6 7 4 7 4,ACXBYN,SJIMUM,102.0,102.S.C 102.J.C 102.I.V 102.M.C 102.U.V 102.M.c,2.0 1.5 1.5 1.75 1.3 0.8,sjimoms,0.0,1011.0
3488,drink,MOLBOG,inum,i n u m,7 4 7 4,XBYN,INYM,103.0,103.I.V 103.N.C 103.Y.V 103.M.c,1.5 1.75 1.3 0.8,inum,0.0,912.0
3528,drink,MOLBOG 2,minum,m i n u m,4 7 4 7 4,AXBYN,MINYM,104.0,104.M.C 104.I.V 104.N.C 104.Y.V 104.M.c,2.0 1.5 1.75 1.3 0.8,minum,0.0,912.0
3568,drink,MONGOLIAN,untLa,u n t l a,7 4 1 5 7,XMBCZ,YNTLA,105.0,105.Y.V 105.N.c 105.T.C 105.L.C 105.A.V,1.5 1.1 1.75 1.5 0.8,untla,0.0,1014.0
3608,drink,MORO MAGINDANAU,inum,i n u m,7 4 7 4,XBYN,INYM,106.0,106.I.V 106.N.C 106.Y.V 106.M.c,1.5 1.75 1.3 0.8,inum,0.0,1007.0
3648,drink,NAGA,ʔinum,ʔ i n u m,1 7 4 7 4,AXBYN,HINYM,107.0,107.H.C 107.I.V 107.N.C 107.Y.V 107.M.c,2.0 1.5 1.75 1.3 0.8,ʔinum,0.0,911.0
3688,drink,NORTHERN CATANDUANES,ʔinum,ʔ i n u m,1 7 4 7 4,AXBYN,HINYM,108.0,108.H.C 108.I.V 108.N.C 108.Y.V 108.M.c,2.0 1.5 1.75 1.3 0.8,ʔinum,0.0,911.0
3728,drink,NORTHERN SORSOGON,ʔinum,ʔ i n u m,1 7 4 7 4,AXBYN,HINYM,109.0,109.H.C 109.I.V 109.N.C 109.Y.V 109.M.c,2.0 1.5 1.75 1.3 0.8,ʔinum,0.0,911.0
3768,drink,OAS,ʔinum,ʔ i n u m,1 7 4 7 4,AXBYN,HINYM,110.0,110.H.C 110.I.V 110.N.C 110.Y.V 110.M.c,2.0 1.5 1.75 1.3 0.8,ʔinum,0.0,911.0
3808,drink,PALAWANO BATAK,inum,i n u m,7 4 7 4,XBYN,INYM,111.0,111.I.V 111.N.C 111.Y.V 111.M.c,1.5 1.75 1.3 0.8,inum,0.0,912.0
3848,drink,PANGASINAN,inom,i n o m,7 4 7 4,XBYN,INUM,112.0,112.I.V 112.N.C 112.U.V 112.M.c,1.5 1.75 1.3 0.8,inom,0.0,912.0
3888,drink,PANGUTARAN SAMA,inum,i n u m,7 4 7 4,XBYN,INYM,113.0,113.I.V 113.N.C 113.Y.V 113.M.c,1.5 1.75 1.3 0.8,inum,0.0,929.0
3928,drink,PANGUTARAN SAMA (1),inum,i n u m,7 4 7 4,XBYN,INYM,114.0,114.I.V 114.N.C 114.Y.V 114.M.c,1.5 1.75 1.3 0.8,inum,0.0,929.0
3968,drink,PROTO PALAWAN,ʔinum,ʔ i n u m,1 7 4 7 4,AXBYN,HINYM,115.0,115.H.C 115.I.V 115.N.C 115.Y.V 115.M.c,2.0 1.5 1.75 1.3 0.8,ʔinum,0.0,912.0
4008,drink,QUEZON PALAWAN,minum,m i n u m,4 7 4 7 4,AXBYN,MINYM,117.0,117.M.C 117.I.V 117.N.C 117.Y.V 117.M.c,2.0 1.5 1.75 1.3 0.8,minum,0.0,912.0
4048,drink,ROMBLOMANON 1,pagʔinum,p a g ʔ i n u m,1 7 1 1 7 4 7 4,AXMBYBYN,PAKHINYM,118.0,118.P.C 118.A.V 118.K.c 118.H.C 118.I.V 118.N.C 118.Y.V 118.M.c,2.0 1.5 1.1 1.75 1.3 1.75 1.3 0.8,pagʔinum,0.0,911.0
4088,drink,ROMBLOMANON 2,inum,i n u m,7 4 7 4,XBYN,INYM,119.0,119.I.V 119.N.C 119.Y.V 119.M.c,1.5 1.75 1.3 0.8,inum,0.0,911.0
4128,drink,SAMAL,inum,i n u m,7 4 7 4,XBYN,INYM,120.0,120.I.V 120.N.C 120.Y.V 120.M.c,1.5 1.75 1.3 0.8,inum,0.0,929.0
4168,drink,SAMBAL BOTOLAN,minom,m i n o m,4 7 4 7 4,AXBYN,MINUM,121.0,121.M.C 121.I.V 121.N.C 121.U.V 121.M.c,2.0 1.5 1.75 1.3 0.8,minom,0.0,912.0
4208,drink,SANGIL,inuŋ,i n u ŋ,7 4 7 4,XBYN,INYN,122.0,122.I.V 122.N.C 122.Y.V 122.N.c,1.5 1.75 1.3 0.8,inuŋ,0.0,1031.0
4248,drink,SANGIL SARANGANI ISLANDS,maŋinuŋ,m a ŋ i n u ŋ,4 7 4 7 4 7 4,AXBYBYN,MANINYN,123.0,123.M.C 123.A.V 123.N.C 123.I.V 123.N.C 123.Y.V 123.N.c,2.0 1.5 1.75 1.3 1.75 1.3 0.8,maŋinuŋ,0.0,1031.0
4288,drink,SEDANG,ou,o u,7 7,XZ,UY,124.0,124.U.V 124.Y.V,1.5 0.8,ou,0.0,1033.0
4328,drink,SIBUTU SOUTHERN SAMA,inum,i n u m,7 4 7 4,XBYN,INYM,125.0,125.I.V 125.N.C 125.Y.V 125.M.c,1.5 1.75 1.3 0.8,inum,0.0,929.0
4368,drink,SOGODNIN BORACAY,iʔinom,i ʔ i n o m,7 1 7 4 7 4,XBYBYN,IHINUM,127.0,127.I.V 127.H.C 127.I.V 127.N.C 127.U.V 127.M.c,1.5 1.75 1.3 1.75 1.3 0.8,iʔinom,0.0,911.0
4408,drink,SOUTH SAAMI,jowkə,j o w k ə,6 7 6 1 7,AXMBZ,JUWKE,128.0,128.J.C 128.U.V 128.W.c 128.K.C 128.E.V,2.0 1.5 1.1 1.75 0.8,jowkə,0.0,1037.0
4448,drink,SOUTHERN CATANDUANES,ʔinum,ʔ i n u m,1 7 4 7 4,AXBYN,HINYM,129.0,129.H.C 129.I.V 129.N.C 129.Y.V 129.M.c,2.0 1.5 1.75 1.3 0.8,ʔinum,0.0,911.0
4488,drink,SOUTHERN SORSOGON,ʔinum,ʔ i n u m,1 7 4 7 4,AXBYN,HINYM,131.0,131.H.C 131.I.V 131.N.C 131.Y.V 131.M.c,2.0 1.5 1.75 1.3 0.8,ʔinum,0.0,911.0
4528,drink,SOUTHWEST PALAWANO,inom,i n o m,7 4 7 4,XBYN,INUM,132.0,132.I.V 132.N.C 132.U.V 132.M.c,1.5 1.75 1.3 0.8,inom,0.0,912.0
4568,drink,SPANISH,bebe,b e b e,1 7 1 7,AXBZ,PEPE,133.0,133.P.C 133.E.V 133.P.C 133.E.V,2.0 1.5 1.75 0.8,bebe,0.0,1042.0
4608,drink,SUBANON SIOCON,minum,m i n u m,4 7 4 7 4,AXBYN,MINYM,134.0,134.M.C 134.I.V 134.N.C 134.Y.V 134.M.c,2.0 1.5 1.75 1.3 0.8,minum,0.0,911.0
4648,drink,SUBANUN SINDANGAN,minum,m i n u m,4 7 4 7 4,AXBYN,MINYM,135.0,135.M.C 135.I.V 135.N.C 135.Y.V 135.M.c,2.0 1.5 1.75 1.3 0.8,minum,0.0,955.0
4688,drink,SURIGAONON,inom,i n o m,7 4 7 4,XBYN,INUM,136.0,136.I.V 136.N.C 136.U.V 136.M.c,1.5 1.75 1.3 0.8,inom,0.0,929.0
4728,drink,TAGABAWA,inam,i n a m,7 4 7 4,XBYN,INAM,137.0,137.I.V 137.N.C 137.A.V 137.M.c,1.5 1.75 1.3 0.8,inam,0.0,929.0
4768,drink,TAGABILI,minum,m i n u m,4 7 4 7 4,AXBYN,MINYM,138.0,138.M.C 138.I.V 138.N.C 138.Y.V 138.M.c,2.0 1.5 1.75 1.3 0.8,minum,0.0,955.0
4808,drink,TAGALOG,inom,i n o m,7 4 7 4,XBYN,INUM,139.0,139.I.V 139.N.C 139.U.V 139.M.c,1.5 1.75 1.3 0.8,inom,0.0,1048.0
4848,drink,TAGBANUA ABORLAN,ʔinum,ʔ i n u m,1 7 4 7 4,AXBYN,HINYM,140.0,140.H.C 140.I.V 140.N.C 140.Y.V 140.M.c,2.0 1.5 1.75 1.3 0.8,ʔinum,0.0,912.0
4888,drink,TAGBANWA ABORLAN,inum,i n u m,7 4 7 4,XBYN,INYM,141.0,141.I.V 141.N.C 141.Y.V 141.M.c,1.5 1.75 1.3 0.8,inum,0.0,912.0
4928,drink,TAGBANWA KALAMIAN,inəm,i n ə m,7 4 7 4,XBYN,INEM,142.0,142.I.V 142.N.C 142.E.V 142.M.c,1.5 1.75 1.3 0.8,inəm,0.0,978.0
4968,drink,TALAANDIG BINUKID,inəm,i n ə m,7 4 7 4,XBYN,INEM,143.0,143.I.V 143.N.C 143.E.V 143.M.c,1.5 1.75 1.3 0.8,inəm,0.0,1052.0
5008,drink,TAMBUNAN DUSUN,moŋinum,m o ŋ i n u m,4 7 4 7 4 7 4,AXBYBYN,MUNINYM,144.0,144.M.C 144.U.V 144.N.C 144.I.V 144.N.C 144.Y.V 144.M.c,2.0 1.5 1.75 1.3 1.75 1.3 0.8,moŋinum,0.0,936.0
5048,drink,TAUSUG,magʔinum,m a g ʔ i n u m,4 7 1 1 7 4 7 4,AXMBYBYN,MAKHINYM,145.0,145.M.C 145.A.V 145.K.c 145.H.C 145.I.V 145.N.C 145.Y.V 145.M.c,2.0 1.5 1.1 1.75 1.3 1.75 1.3 0.8,magʔinum,0.0,929.0
5088,drink,TAUT BATU,ʔinum,ʔ i n u m,1 7 4 7 4,AXBYN,HINYM,146.0,146.H.C 146.I.V 146.N.C 146.Y.V 146.M.c,2.0 1.5 1.75 1.3 0.8,ʔinum,0.0,912.0
5128,drink,TBOLI TAGABILI,minum,m i n u m,4 7 4 7 4,AXBYN,MINYM,147.0,147.M.C 147.I.V 147.N.C 147.Y.V 147.M.c,2.0 1.5 1.75 1.3 0.8,minum,0.0,955.0
5168,drink,TIMUGON MURUT,inum,i n u m,7 4 7 4,XBYN,INYM,148.0,148.I.V 148.N.C 148.Y.V 148.M.c,1.5 1.75 1.3 0.8,inum,0.0,929.0
5208,drink,TIRURAY,inem,i n e m,7 4 7 4,XBYN,INEM,149.0,149.I.V 149.N.C 149.E.V 149.M.c,1.5 1.75 1.3 0.8,inem,0.0,938.0
5248,drink,TURKISH,iCki,i c k i,7 1 1 7,XMBZ,ICKI,150.0,150.I.V 150.C.c 150.K.C 150.I.V,1.5 1.1 1.75 0.8,icki,0.0,1059.0
5288,drink,UGARITIC,Stj,s t j,3 1 6,ACC,STJ,151.0,151.S.C 151.T.C 151.J.C,2.0 1.5 1.5,stj,0.0,1060.0
5328,drink,WARAY WARAY,inom,i n o m,7 4 7 4,XBYN,INUM,152.0,152.I.V 152.N.C 152.U.V 152.M.c,1.5 1.75 1.3 0.8,inom,0.0,911.0
5368,drink,YAKAN,inum,i n u m,7 4 7 4,XBYN,INYM,153.0,153.I.V 153.N.C 153.Y.V 153.M.c,1.5 1.75 1.3 0.8,inum,0.0,929.0
5408,drink,YOGAD,inum,i n u m,7 4 7 4,XBYN,INYM,154.0,154.I.V 154.N.C 154.Y.V 154.M.c,1.5 1.75 1.3 0.8,inum,0.0,912.0
5488,drink,IMOROD,inom,i n o m,7 4 7 4,XBYN,INUM,52.0,52.I.V 52.N.C 52.U.V 52.M.c,1.5 1.75 1.3 0.8,inom,0.0,912.0
5528,drink,BABUYAN,inom,i n o m,7 4 7 4,XBYN,INUM,4.0,4.I.V 4.N.C 4.U.V 4.M.c,1.5 1.75 1.3 0.8,inom,0.0,912.0
5568,drink,BISAYA SABAH,inum,i n u m,7 4 7 4,XBYN,INYM,13.0,13.I.V 13.N.C 13.Y.V 13.M.c,1.5 1.75 1.3 0.8,inum,0.0,922.0
5608,drink,FINALLIG,omenom,o m e n o m,7 4 7 4 7 4,XBYBYN,UMENUM,36.0,36.U.V 36.M.C 36.E.V 36.N.C 36.U.V 36.M.c,1.5 1.75 1.3 1.75 1.3 0.8,omenom,0.0,912.0
5648,drink,HILIGAYNON,ilimnon,i l i m n o n,7 5 7 4 4 7 4,XBYMBYN,ILIMNUN,42.0,42.I.V 42.L.C 42.I.V 42.M.c 42.N.C 42.U.V 42.N.c,1.5 1.75 1.3 1.1 1.75 1.3 0.8,ilimnon,0.0,951.0
5688,drink,INABAKNON,talʔok,t a l ʔ o k,1 7 5 1 7 1,AXMBYN,TALHUK,53.0,53.T.C 53.A.V 53.L.c 53.H.C 53.U.V 53.K.c,2.0 1.5 1.1 1.75 1.3 0.8,talʔok,0.0,962.0
5728,drink,IRARALAY IVATAN,inom,i n o m,7 4 7 4,XBYN,INUM,56.0,56.I.V 56.N.C 56.U.V 56.M.c,1.5 1.75 1.3 0.8,inom,0.0,912.0
5768,drink,ISAMORONG IVATAN,inom,i n o m,7 4 7 4,XBYN,INUM,58.0,58.I.V 58.N.C 58.U.V 58.M.c,1.5 1.75 1.3 0.8,inom,0.0,912.0
5808,drink,IVASAY IVATAN,inom,i n o m,7 4 7 4,XBYN,INUM,64.0,64.I.V 64.N.C 64.U.V 64.M.c,1.5 1.75 1.3 0.8,inom,0.0,912.0
5848,drink,KANKANAEY,maninom,m a n i n o m,4 7 4 7 4 7 4,AXBYBYN,MANINUM,74.0,74.M.C 74.A.V 74.N.C 74.I.V 74.N.C 74.U.V 74.M.c,2.0 1.5 1.75 1.3 1.75 1.3 0.8,maninom,0.0,912.0
5888,drink,LIMOS KALINGA,uminum,u m i n u m,7 4 7 4 7 4,XBYBYN,YMINYM,81.0,81.Y.V 81.M.C 81.I.V 81.N.C 81.Y.V 81.M.c,1.5 1.75 1.3 1.75 1.3 0.8,uminum,0.0,912.0
5928,drink,MANDAYAN BOSO,iminəm,i m i n ə m,7 4 7 4 7 4,XBYBYN,IMINEM,85.0,85.I.V 85.M.C 85.I.V 85.N.C 85.E.V 85.M.c,1.5 1.75 1.3 1.75 1.3 0.8,iminəm,0.0,994.0
5968,drink,MANDAYAN CARAGA,minum,m i n u m,4 7 4 7 4,AXBYN,MINYM,86.0,86.M.C 86.I.V 86.N.C 86.Y.V 86.M.c,2.0 1.5 1.75 1.3 0.8,minum,0.0,955.0
6008,drink,MANDAYAN ISLAM PISO,inim,i n i m,7 4 7 4,XBYN,INIM,87.0,87.I.V 87.N.C 87.I.V 87.M.c,1.5 1.75 1.3 0.8,inim,0.0,996.0
6048,drink,MANSAKA 2,inəm,i n ə m,7 4 7 4,XBYN,INEM,96.0,96.I.V 96.N.C 96.E.V 96.M.c,1.5 1.75 1.3 0.8,inəm,0.0,978.0
6088,drink,PROTO SOUTHERN MINDANAO,inum,i n u m,7 4 7 4,XBYN,INYM,116.0,116.I.V 116.N.C 116.Y.V 116.M.c,1.5 1.75 1.3 0.8,inum,0.0,911.0
6128,drink,SINAUNA,inum,i n u m,7 4 7 4,XBYN,INYM,126.0,126.I.V 126.N.C 126.Y.V 126.M.c,1.5 1.75 1.3 0.8,inum,0.0,921.0
6168,drink,SOUTHERN KALINGA,uminum,u m i n u m,7 4 7 4 7 4,XBYBYN,YMINYM,130.0,130.Y.V 130.M.C 130.I.V 130.N.C 130.Y.V 130.M.c,1.5 1.75 1.3 1.75 1.3 0.8,uminum,0.0,912.0
9,ear,AGTA,boŋboŋ,b o ŋ b o ŋ,1 7 4 1 7 4,AXMBYN,PUNPUN,1.0,1.P.C 1.U.V 1.N.c 1.P.C 1.U.V 1.N.c,2.0 1.5 1.1 1.75 1.3 0.8,boŋboŋ,0.0,1061.0
49,ear,AKLANON,duxuŋgan,d u x u ŋ g a n,1 7 3 7 4 1 7 4,AXBYMBYN,TYGYNKAN,2.0,2.T.C 2.Y.V 2.G.C 2.Y.V 2.N.c 2.K.C 2.A.V 2.N.c,2.0 1.5 1.75 1.3 1.1 1.75 1.3 0.8,duxuŋgan,0.0,1062.0
89,ear,ATTA PAMPLONA,taliŋa,t a l i ŋ a,1 7 5 7 4 7,AXBYBZ,TALINA,3.0,3.T.C 3.A.V 3.L.C 3.I.V 3.N.C 3.A.V,2.0 1.5 1.75 1.3 1.75 0.8,taliŋa,0.0,1112.0
129,ear,BALANGAW,iŋo,i ŋ o,7 4 7,XBZ,INU,5.0,5.I.V 5.N.C 5.U.V,1.5 1.75 0.8,iŋo,0.0,1065.0
169,ear,BALANGINGI SAMA,taiŋa,t a i ŋ a,1 7 7 4 7,AXYBZ,TAINA,6.0,6.T.C 6.A.V 6.I.V 6.N.C 6.A.V,2.0 1.5 1.3 1.75 0.8,taiŋa,0.0,1112.0
209,ear,BALANGINGI SAMA (1),taiŋa,t a i ŋ a,1 7 7 4 7,AXYBZ,TAINA,7.0,7.T.C 7.A.V 7.I.V 7.N.C 7.A.V,2.0 1.5 1.3 1.75 0.8,taiŋa,0.0,1112.0
249,ear,BASQUE,belarri,b e l a rr i,1 7 5 7 5 7,AXBYBZ,PELARI,8.0,8.P.C 8.E.V 8.L.C 8.A.V 8.R.C 8.I.V,2.0 1.5 1.75 1.3 1.75 0.8,belarri,0.0,1068.0
289,ear,BATAK PALAWAN,taliŋa,t a l i ŋ a,1 7 5 7 4 7,AXBYBZ,TALINA,9.0,9.T.C 9.A.V 9.L.C 9.I.V 9.N.C 9.A.V,2.0 1.5 1.75 1.3 1.75 0.8,taliŋa,0.0,1112.0
329,ear,BILAAN KORONADAL,kliŋə,k l i ŋ ə,1 5 7 4 7,ACXBZ,KLINE,10.0,10.K.C 10.L.C 10.I.V 10.N.C 10.E.V,2.0 1.5 1.5 1.75 0.8,kliŋə,0.0,1070.0
369,ear,BILAAN SARANGANI,kliŋə,k l i ŋ ə,1 5 7 4 7,ACXBZ,KLINE,11.0,11.K.C 11.L.C 11.I.V 11.N.C 11.E.V,2.0 1.5 1.5 1.75 0.8,kliŋə,0.0,1070.0
409,ear,BINUKID,taliŋa,t a l i ŋ a,1 7 5 7 4 7,AXBYBZ,TALINA,12.0,12.T.C 12.A.V 12.L.C 12.I.V 12.N.C 12.A.V,2.0 1.5 1.75 1.3 1.75 0.8,taliŋa,0.0,1112.0
489,ear,BONTOC GUINAANG,koləŋ,k o l ə ŋ,1 7 5 7 4,AXBYN,KULEN,15.0,15.K.C 15.U.V 15.L.C 15.E.V 15.N.c,2.0 1.5 1.75 1.3 0.8,koləŋ,0.0,1074.0
529,ear,BROOKES POINT PALAWAN,təliŋa,t ə l i ŋ a,1 7 5 7 4 7,AXBYBZ,TELINA,16.0,16.T.C 16.E.V 16.L.C 16.I.V 16.N.C 16.A.V,2.0 1.5 1.75 1.3 1.75 0.8,təliŋa,0.0,1112.0
569,ear,BUHI,taliŋa,t a l i ŋ a,1 7 5 7 4 7,AXBYBZ,TALINA,17.0,17.T.C 17.A.V 17.L.C 17.I.V 17.N.C 17.A.V,2.0 1.5 1.75 1.3 1.75 0.8,taliŋa,0.0,1112.0
609,ear,BUHINON ALBAY BICOLANO,taliŋa,t a l i ŋ a,1 7 5 7 4 7,AXBYBZ,TALINA,18.0,18.T.C 18.A.V 18.L.C 18.I.V 18.N.C 18.A.V,2.0 1.5 1.75 1.3 1.75 0.8,taliŋa,0.0,1112.0
649,ear,BUKIDNON BINUKID,taliŋa,t a l i ŋ a,1 7 5 7 4 7,AXBYBZ,TALINA,19.0,19.T.C 19.A.V 19.L.C 19.I.V 19.N.C 19.A.V,2.0 1.5 1.75 1.3 1.75 0.8,taliŋa,0.0,1112.0
689,ear,BUTUANON,taliŋa,t a l i ŋ a,1 7 5 7 4 7,AXBYBZ,TALINA,20.0,20.T.C 20.A.V 20.L.C 20.I.V 20.N.C 20.A.V,2.0 1.5 1.75 1.3 1.75 0.8,taliŋa,0.0,1112.0
729,ear,CAIJIA,nikha,n i kh a,4 7 1 7,AXBZ,NIKA,21.0,21.N.C 21.I.V 21.K.C 21.A.V,2.0 1.5 1.75 0.8,nikha,0.0,1080.0
769,ear,CANIPAAN PALAWAN,taliŋa,t a l i ŋ a,1 7 5 7 4 7,AXBYBZ,TALINA,22.0,22.T.C 22.A.V 22.L.C 22.I.V 22.N.C 22.A.V,2.0 1.5 1.75 1.3 1.75 0.8,taliŋa,0.0,1112.0
809,ear,CASIGURAN NEGRITO,taleŋa,t a l e ŋ a,1 7 5 7 4 7,AXBYBZ,TALENA,23.0,23.T.C 23.A.V 23.L.C 23.E.V 23.N.C 23.A.V,2.0 1.5 1.75 1.3 1.75 0.8,taleŋa,0.0,1112.0
849,ear,CEBUANO,daluŋgan,d a l u ŋ g a n,1 7 5 7 4 1 7 4,AXBYMBYN,TALYNKAN,24.0,24.T.C 24.A.V 24.L.C 24.Y.V 24.N.c 24.K.C 24.A.V 24.N.c,2.0 1.5 1.75 1.3 1.1 1.75 1.3 0.8,daluŋgan,0.0,1062.0
889,ear,CENTRAL BICOLANO,taliŋa,t a l i ŋ a,1 7 5 7 4 7,AXBYBZ,TALINA,25.0,25.T.C 25.A.V 25.L.C 25.I.V 25.N.C 25.A.V,2.0 1.5 1.75 1.3 1.75 0.8,taliŋa,0.0,1112.0
929,ear,CENTRAL BONTOC,kuləŋ,k u l ə ŋ,1 7 5 7 4,AXBYN,KYLEN,26.0,26.K.C 26.Y.V 26.L.C 26.E.V 26.N.c,2.0 1.5 1.75 1.3 0.8,kuləŋ,0.0,1074.0
969,ear,CENTRAL DUSUN,toliŋo,t o l i ŋ o,1 7 5 7 4 7,AXBYBZ,TULINU,27.0,27.T.C 27.U.V 27.L.C 27.I.V 27.N.C 27.U.V,2.0 1.5 1.75 1.3 1.75 0.8,toliŋo,0.0,1112.0
1009,ear,CENTRAL TAGBANWA,taliŋa,t a l i ŋ a,1 7 5 7 4 7,AXBYBZ,TALINA,28.0,28.T.C 28.A.V 28.L.C 28.I.V 28.N.C 28.A.V,2.0 1.5 1.75 1.3 1.75 0.8,taliŋa,0.0,1112.0
1049,ear,CUYONON,taliŋa,t a l i ŋ a,1 7 5 7 4 7,AXBYBZ,TALINA,29.0,29.T.C 29.A.V 29.L.C 29.I.V 29.N.C 29.A.V,2.0 1.5 1.75 1.3 1.75 0.8,taliŋa,0.0,1112.0
1089,ear,DARAGA,taliŋa,t a l i ŋ a,1 7 5 7 4 7,AXBYBZ,TALINA,30.0,30.T.C 30.A.V 30.L.C 30.I.V 30.N.C 30.A.V,2.0 1.5 1.75 1.3 1.75 0.8,taliŋa,0.0,1112.0
1129,ear,DUMAGAT CASIGURAN,taliŋaʔ,t a l i ŋ a ʔ,1 7 5 7 4 7 1,AXBYBYN,TALINAH,31.0,31.T.C 31.A.V 31.L.C 31.I.V 31.N.C 31.A.V 31.H.c,2.0 1.5 1.75 1.3 1.75 1.3 0.8,taliŋaʔ,0.0,1112.0
1169,ear,DUPANINGAN AGTA,taliŋa,t a l i ŋ a,1 7 5 7 4 7,AXBYBZ,TALINA,32.0,32.T.C 32.A.V 32.L.C 32.I.V 32.N.C 32.A.V,2.0 1.5 1.75 1.3 1.75 0.8,taliŋa,0.0,1112.0
1209,ear,ENGLISH,ir,i r,7 5,XN,IR,33.0,33.I.V 33.R.c,1.5 0.8,ir,0.0,1092.0
1249,ear,ESKAYAN,klabara,k l a b a r a,1 5 7 1 7 5 7,ACXBYBZ,KLAPARA,34.0,34.K.C 34.L.C 34.A.V 34.P.C 34.A.V 34.R.C 34.A.V,2.0 1.5 1.5 1.75 1.3 1.75 0.8,klabara,0.0,1093.0
1289,ear,ESTONIAN,korv,k o r v,1 7 5 3,AXLN,KURB,35.0,35.K.C 35.U.V 35.R.c 35.B.c,2.0 1.5 1.1 0.8,korv,0.0,1094.0
1329,ear,FINNISH,korva,k o r v a,1 7 5 3 7,AXMBZ,KURBA,37.0,37.K.C 37.U.V 37.R.c 37.B.C 37.A.V,2.0 1.5 1.1 1.75 0.8,korva,0.0,1094.0
1369,ear,FUZHOU CHINESE,ŋai,ŋ a i,4 7 7,AXZ,NAI,38.0,38.N.C 38.A.V 38.I.V,2.0 1.5 0.8,ŋai,0.0,1097.0
1409,ear,GADDANG,lajag,l a j a g,5 7 6 7 1,AXBYN,LAJAK,39.0,39.L.C 39.A.V 39.J.C 39.A.V 39.K.c,2.0 1.5 1.75 1.3 0.8,lajag,0.0,1098.0
1449,ear,HANUNOO,tuli,t u l i,1 7 5 7,AXBZ,TYLI,40.0,40.T.C 40.Y.V 40.L.C 40.I.V,2.0 1.5 1.75 0.8,tuli,0.0,1099.0
1489,ear,HIGAONON BINUKID,taliŋa,t a l i ŋ a,1 7 5 7 4 7,AXBYBZ,TALINA,41.0,41.T.C 41.A.V 41.L.C 41.I.V 41.N.C 41.A.V,2.0 1.5 1.75 1.3 1.75 0.8,taliŋa,0.0,1112.0
1529,ear,HUNGARIAN,fil,f i l,3 7 5,AXN,BIL,43.0,43.B.C 43.I.V 43.L.c,2.0 1.5 0.8,fil,0.0,1102.0
1569,ear,IBALOI,taŋida,t a ŋ i d a,1 7 4 7 1 7,AXBYBZ,TANITA,44.0,44.T.C 44.A.V 44.N.C 44.I.V 44.T.C 44.A.V,2.0 1.5 1.75 1.3 1.75 0.8,taŋida,0.0,1103.0
1609,ear,IBANAG,taliŋa,t a l i ŋ a,1 7 5 7 4 7,AXBYBZ,TALINA,45.0,45.T.C 45.A.V 45.L.C 45.I.V 45.N.C 45.A.V,2.0 1.5 1.75 1.3 1.75 0.8,taliŋa,0.0,1112.0
1649,ear,IDAAN,toliŋo,t o l i ŋ o,1 7 5 7 4 7,AXBYBZ,TULINU,46.0,46.T.C 46.U.V 46.L.C 46.I.V 46.N.C 46.U.V,2.0 1.5 1.75 1.3 1.75 0.8,toliŋo,0.0,1112.0
1689,ear,IFUGAO AMGANAD,iŋa,i ŋ a,7 4 7,XBZ,INA,47.0,47.I.V 47.N.C 47.A.V,1.5 1.75 0.8,iŋa,0.0,1065.0
1729,ear,IFUGAO BATAD,iŋa,i ŋ a,7 4 7,XBZ,INA,48.0,48.I.V 48.N.C 48.A.V,1.5 1.75 0.8,iŋa,0.0,1065.0
1769,ear,IFUGAO BAYNINAN,iŋa,i ŋ a,7 4 7,XBZ,INA,49.0,49.I.V 49.N.C 49.A.V,1.5 1.75 0.8,iŋa,0.0,1065.0
1809,ear,ILOKANO,lapajag,l a p a j a g,5 7 1 7 6 7 1,AXBYBYN,LAPAJAK,50.0,50.L.C 50.A.V 50.P.C 50.A.V 50.J.C 50.A.V 50.K.c,2.0 1.5 1.75 1.3 1.75 1.3 0.8,lapajag,0.0,1098.0
1849,ear,ILONGOT KAKIDUGEN,taliŋa,t a l i ŋ a,1 7 5 7 4 7,AXBYBZ,TALINA,51.0,51.T.C 51.A.V 51.L.C 51.I.V 51.N.C 51.A.V,2.0 1.5 1.75 1.3 1.75 0.8,taliŋa,0.0,1112.0
1889,ear,INIBALOI,taŋida,t a ŋ i d a,1 7 4 7 1 7,AXBYBZ,TANITA,54.0,54.T.C 54.A.V 54.N.C 54.I.V 54.T.C 54.A.V,2.0 1.5 1.75 1.3 1.75 0.8,taŋida,0.0,1103.0
1929,ear,IRANUN,taŋila,t a ŋ i l a,1 7 4 7 5 7,AXBYBZ,TANILA,55.0,55.T.C 55.A.V 55.N.C 55.I.V 55.L.C 55.A.V,2.0 1.5 1.75 1.3 1.75 0.8,taŋila,0.0,1103.0
1969,ear,IRIGA,taliŋa,t a l i ŋ a,1 7 5 7 4 7,AXBYBZ,TALINA,57.0,57.T.C 57.A.V 57.L.C 57.I.V 57.N.C 57.A.V,2.0 1.5 1.75 1.3 1.75 0.8,taliŋa,0.0,1112.0
2009,ear,ISNAG,taliŋa,t a l i ŋ a,1 7 5 7 4 7,AXBYBZ,TALINA,59.0,59.T.C 59.A.V 59.L.C 59.I.V 59.N.C 59.A.V,2.0 1.5 1.75 1.3 1.75 0.8,taliŋa,0.0,1112.0
2049,ear,ISNEG,taliŋa,t a l i ŋ a,1 7 5 7 4 7,AXBYBZ,TALINA,60.0,60.T.C 60.A.V 60.L.C 60.I.V 60.N.C 60.A.V,2.0 1.5 1.75 1.3 1.75 0.8,taliŋa,0.0,1112.0
2089,ear,ITAWIT,dErEŋgEŋ,d æ r æ ŋ g æ ŋ,1 7 5 7 4 1 7 4,AXBYMBYN,TERENKEN,61.0,61.T.C 61.E.V 61.R.C 61.E.V 61.N.c 61.K.C 61.E.V 61.N.c,2.0 1.5 1.75 1.3 1.1 1.75 1.3 0.8,dæræŋgæŋ,0.0,1062.0
2129,ear,ITBAYATEN BATANES ISLANDS,tilwan,t i lw a n,1 7 5 7 4,AXBYN,TILAN,62.0,62.T.C 62.I.V 62.L.C 62.A.V 62.N.c,2.0 1.5 1.75 1.3 0.8,tilwan,0.0,1121.0
2169,ear,ITNEG BINONGAN,iŋa,i ŋ a,7 4 7,XBZ,INA,63.0,63.I.V 63.N.C 63.A.V,1.5 1.75 0.8,iŋa,0.0,1065.0
2209,ear,IVATAN BATANES ISLANDS,tadinjaʔ,t a d i n j a ʔ,1 7 1 7 4 6 7 1,AXBYBCYN,TATINJAH,65.0,65.T.C 65.A.V 65.T.C 65.I.V 65.N.C 65.J.C 65.A.V 65.H.c,2.0 1.5 1.75 1.3 1.75 1.5 1.3 0.8,tadinjaʔ,0.0,1064.0
2249,ear,JAPANESE,mimi,m i m i,4 7 4 7,AXBZ,MIMI,66.0,66.M.C 66.I.V 66.M.C 66.I.V,2.0 1.5 1.75 0.8,mimi,0.0,1125.0
2289,ear,KADAZAN,tohiŋo,t o h i ŋ o,1 7 3 7 4 7,AXBYBZ,TUHINU,67.0,67.T.C 67.U.V 67.H.C 67.I.V 67.N.C 67.U.V,2.0 1.5 1.75 1.3 1.75 0.8,tohiŋo,0.0,1112.0
2329,ear,KAGAYANEN,taliŋa,t a l i ŋ a,1 7 5 7 4 7,AXBYBZ,TALINA,68.0,68.T.C 68.A.V 68.L.C 68.I.V 68.N.C 68.A.V,2.0 1.5 1.75 1.3 1.75 0.8,taliŋa,0.0,1112.0
2369,ear,KALAGAN,taliŋa,t a l i ŋ a,1 7 5 7 4 7,AXBYBZ,TALINA,69.0,69.T.C 69.A.V 69.L.C 69.I.V 69.N.C 69.A.V,2.0 1.5 1.75 1.3 1.75 0.8,taliŋa,0.0,1112.0
2409,ear,KALINGA GUINAANG,iŋa,i ŋ a,7 4 7,XBZ,INA,70.0,70.I.V 70.N.C 70.A.V,1.5 1.75 0.8,iŋa,0.0,1065.0
2449,ear,KALINGA LIMOS,iŋa,i ŋ a,7 4 7,XBZ,INA,71.0,71.I.V 71.N.C 71.A.V,1.5 1.75 0.8,iŋa,0.0,1065.0
2489,ear,KALLAHAN KAYAPA PROPER,ŋila,ŋ i l a,4 7 5 7,AXBZ,NILA,72.0,72.N.C 72.I.V 72.L.C 72.A.V,2.0 1.5 1.75 0.8,ŋila,0.0,1103.0
2529,ear,KALLAHAN KELEYQIQ IFUGAO,taŋilaʔ,t a ŋ i l a ʔ,1 7 4 7 5 7 1,AXBYBYN,TANILAH,73.0,73.T.C 73.A.V 73.N.C 73.I.V 73.L.C 73.A.V 73.H.c,2.0 1.5 1.75 1.3 1.75 1.3 0.8,taŋilaʔ,0.0,1103.0
2569,ear,KANKANAY NORTHERN,iŋa,i ŋ a,7 4 7,XBZ,INA,75.0,75.I.V 75.N.C 75.A.V,1.5 1.75 0.8,iŋa,0.0,1065.0
2609,ear,KAPAMPANGAN,balugbug,b a l u g b u g,1 7 5 7 1 1 7 1,AXBYMBYN,PALYKPYK,76.0,76.P.C 76.A.V 76.L.C 76.Y.V 76.K.c 76.P.C 76.Y.V 76.K.c,2.0 1.5 1.75 1.3 1.1 1.75 1.3 0.8,balugbug,0.0,1135.0
2649,ear,KINARAY A,taliŋa,t a l i ŋ a,1 7 5 7 4 7,AXBYBZ,TALINA,77.0,77.T.C 77.A.V 77.L.C 77.I.V 77.N.C 77.A.V,2.0 1.5 1.75 1.3 1.75 0.8,taliŋa,0.0,1112.0
2689,ear,KOREAN,kwi,kw i,1 7,AX,KI,78.0,78.K.C 78.I.V,2.0 1.5,kwi,0.0,1137.0
2729,ear,LEGAZPI,taliŋa,t a l i ŋ a,1 7 5 7 4 7,AXBYBZ,TALINA,79.0,79.T.C 79.A.V 79.L.C 79.I.V 79.N.C 79.A.V,2.0 1.5 1.75 1.3 1.75 0.8,taliŋa,0.0,1112.0
2769,ear,LIBON,taliŋa,t a l i ŋ a,1 7 5 7 4 7,AXBYBZ,TALINA,80.0,80.T.C 80.A.V 80.L.C 80.I.V 80.N.C 80.A.V,2.0 1.5 1.75 1.3 1.75 0.8,taliŋa,0.0,1112.0
2809,ear,LIVE,kuora,k u o r a,1 7 7 5 7,AXYBZ,KYURA,82.0,82.K.C 82.Y.V 82.U.V 82.R.C 82.A.V,2.0 1.5 1.3 1.75 0.8,kuora,0.0,1141.0
2849,ear,MAGUINDANAO,taŋila,t a ŋ i l a,1 7 4 7 5 7,AXBYBZ,TANILA,83.0,83.T.C 83.A.V 83.N.C 83.I.V 83.L.C 83.A.V,2.0 1.5 1.75 1.3 1.75 0.8,taŋila,0.0,1103.0
2889,ear,MAMANWA,taliŋa,t a l i ŋ a,1 7 5 7 4 7,AXBYBZ,TALINA,84.0,84.T.C 84.A.V 84.L.C 84.I.V 84.N.C 84.A.V,2.0 1.5 1.75 1.3 1.75 0.8,taliŋa,0.0,1112.0
2929,ear,MANOBO ATA,taliŋa,t a l i ŋ a,1 7 5 7 4 7,AXBYBZ,TALINA,88.0,88.T.C 88.A.V 88.L.C 88.I.V 88.N.C 88.A.V,2.0 1.5 1.75 1.3 1.75 0.8,taliŋa,0.0,1112.0
2969,ear,MANOBO DIBABAWON,taliŋa,t a l i ŋ a,1 7 5 7 4 7,AXBYBZ,TALINA,89.0,89.T.C 89.A.V 89.L.C 89.I.V 89.N.C 89.A.V,2.0 1.5 1.75 1.3 1.75 0.8,taliŋa,0.0,1112.0
3009,ear,MANOBO ILIANEN,təliŋa,t ə l i ŋ a,1 7 5 7 4 7,AXBYBZ,TELINA,90.0,90.T.C 90.E.V 90.L.C 90.I.V 90.N.C 90.A.V,2.0 1.5 1.75 1.3 1.75 0.8,təliŋa,0.0,1112.0
3049,ear,MANOBO KALAMANSIG COTABATO,təliŋa,t ə l i ŋ a,1 7 5 7 4 7,AXBYBZ,TELINA,91.0,91.T.C 91.E.V 91.L.C 91.I.V 91.N.C 91.A.V,2.0 1.5 1.75 1.3 1.75 0.8,təliŋa,0.0,1112.0
3089,ear,MANOBO SARANGANI,toliŋa,t o l i ŋ a,1 7 5 7 4 7,AXBYBZ,TULINA,92.0,92.T.C 92.U.V 92.L.C 92.I.V 92.N.C 92.A.V,2.0 1.5 1.75 1.3 1.75 0.8,toliŋa,0.0,1112.0
3129,ear,MANOBO TIGWA,taliŋa,t a l i ŋ a,1 7 5 7 4 7,AXBYBZ,TALINA,93.0,93.T.C 93.A.V 93.L.C 93.I.V 93.N.C 93.A.V,2.0 1.5 1.75 1.3 1.75 0.8,taliŋa,0.0,1112.0
3169,ear,MANOBO WESTERN BUKIDNON,təliŋa,t ə l i ŋ a,1 7 5 7 4 7,AXBYBZ,TELINA,94.0,94.T.C 94.E.V 94.L.C 94.I.V 94.N.C 94.A.V,2.0 1.5 1.75 1.3 1.75 0.8,təliŋa,0.0,1112.0
3209,ear,MANSAKA,tariŋa,t a r i ŋ a,1 7 5 7 4 7,AXBYBZ,TARINA,95.0,95.T.C 95.A.V 95.R.C 95.I.V 95.N.C 95.A.V,2.0 1.5 1.75 1.3 1.75 0.8,tariŋa,0.0,1112.0
3249,ear,MAPUN,tiŋa,t i ŋ a,1 7 4 7,AXBZ,TINA,97.0,97.T.C 97.I.V 97.N.C 97.A.V,2.0 1.5 1.75 0.8,tiŋa,0.0,1112.0
3289,ear,MARANAO,taŋila,t a ŋ i l a,1 7 4 7 5 7,AXBYBZ,TANILA,98.0,98.T.C 98.A.V 98.N.C 98.I.V 98.L.C 98.A.V,2.0 1.5 1.75 1.3 1.75 0.8,taŋila,0.0,1103.0
3329,ear,MARINDUQUE TAGALOG,tajŋa,t a j ŋ a,1 7 6 4 7,AXMBZ,TAJNA,99.0,99.T.C 99.A.V 99.J.c 99.N.C 99.A.V,2.0 1.5 1.1 1.75 0.8,tajŋa,0.0,1158.0
3369,ear,MASBATENYO,taliŋa,t a l i ŋ a,1 7 5 7 4 7,AXBYBZ,TALINA,100.0,100.T.C 100.A.V 100.L.C 100.I.V 100.N.C 100.A.V,2.0 1.5 1.75 1.3 1.75 0.8,taliŋa,0.0,1112.0
3409,ear,MINANGALI LOWER TANUDAN KALINGA,iŋa,i ŋ a,7 4 7,XBZ,INA,101.0,101.I.V 101.N.C 101.A.V,1.5 1.75 0.8,iŋa,0.0,1065.0
3449,ear,MOKSHA,pilje,p i l j e,1 7 5 6 7,AXBCZ,PILJE,102.0,102.P.C 102.I.V 102.L.C 102.J.C 102.E.V,2.0 1.5 1.75 1.5 0.8,pilje,0.0,1161.0
3489,ear,MOLBOG,toliŋa,t o l i ŋ a,1 7 5 7 4 7,AXBYBZ,TULINA,103.0,103.T.C 103.U.V 103.L.C 103.I.V 103.N.C 103.A.V,2.0 1.5 1.75 1.3 1.75 0.8,toliŋa,0.0,1112.0
3529,ear,MOLBOG 2,təliŋa,t ə l i ŋ a,1 7 5 7 4 7,AXBYBZ,TELINA,104.0,104.T.C 104.E.V 104.L.C 104.I.V 104.N.C 104.A.V,2.0 1.5 1.75 1.3 1.75 0.8,təliŋa,0.0,1112.0
3569,ear,MONGOLIAN,Chix,ch i x,1 7 3,AXN,CIG,105.0,105.C.C 105.I.V 105.G.c,2.0 1.5 0.8,chix,0.0,1164.0
3609,ear,MORO MAGINDANAU,taŋila,t a ŋ i l a,1 7 4 7 5 7,AXBYBZ,TANILA,106.0,106.T.C 106.A.V 106.N.C 106.I.V 106.L.C 106.A.V,2.0 1.5 1.75 1.3 1.75 0.8,taŋila,0.0,1103.0
3649,ear,NAGA,taliŋa,t a l i ŋ a,1 7 5 7 4 7,AXBYBZ,TALINA,107.0,107.T.C 107.A.V 107.L.C 107.I.V 107.N.C 107.A.V,2.0 1.5 1.75 1.3 1.75 0.8,taliŋa,0.0,1112.0
3689,ear,NORTHERN CATANDUANES,tariŋa,t a r i ŋ a,1 7 5 7 4 7,AXBYBZ,TARINA,108.0,108.T.C 108.A.V 108.R.C 108.I.V 108.N.C 108.A.V,2.0 1.5 1.75 1.3 1.75 0.8,tariŋa,0.0,1112.0
3729,ear,NORTHERN SORSOGON,taliŋa,t a l i ŋ a,1 7 5 7 4 7,AXBYBZ,TALINA,109.0,109.T.C 109.A.V 109.L.C 109.I.V 109.N.C 109.A.V,2.0 1.5 1.75 1.3 1.75 0.8,taliŋa,0.0,1112.0
3769,ear,OAS,taliŋa,t a l i ŋ a,1 7 5 7 4 7,AXBYBZ,TALINA,110.0,110.T.C 110.A.V 110.L.C 110.I.V 110.N.C 110.A.V,2.0 1.5 1.75 1.3 1.75 0.8,taliŋa,0.0,1112.0
3809,ear,PALAWANO BATAK,taliŋa,t a l i ŋ a,1 7 5 7 4 7,AXBYBZ,TALINA,111.0,111.T.C 111.A.V 111.L.C 111.I.V 111.N.C 111.A.V,2.0 1.5 1.75 1.3 1.75 0.8,taliŋa,0.0,1112.0
3849,ear,PANGASINAN,lajag,l a j a g,5 7 6 7 1,AXBYN,LAJAK,112.0,112.L.C 112.A.V 112.J.C 112.A.V 112.K.c,2.0 1.5 1.75 1.3 0.8,lajag,0.0,1171.0
3889,ear,PANGUTARAN SAMA,taiŋa,t a i ŋ a,1 7 7 4 7,AXYBZ,TAINA,113.0,113.T.C 113.A.V 113.I.V 113.N.C 113.A.V,2.0 1.5 1.3 1.75 0.8,taiŋa,0.0,1112.0
3929,ear,PANGUTARAN SAMA (1),taiŋa,t a i ŋ a,1 7 7 4 7,AXYBZ,TAINA,114.0,114.T.C 114.A.V 114.I.V 114.N.C 114.A.V,2.0 1.5 1.3 1.75 0.8,taiŋa,0.0,1112.0
3969,ear,PROTO PALAWAN,taliŋa,t a l i ŋ a,1 7 5 7 4 7,AXBYBZ,TALINA,115.0,115.T.C 115.A.V 115.L.C 115.I.V 115.N.C 115.A.V,2.0 1.5 1.75 1.3 1.75 0.8,taliŋa,0.0,1112.0
4009,ear,QUEZON PALAWAN,təliŋa,t ə l i ŋ a,1 7 5 7 4 7,AXBYBZ,TELINA,117.0,117.T.C 117.E.V 117.L.C 117.I.V 117.N.C 117.A.V,2.0 1.5 1.75 1.3 1.75 0.8,təliŋa,0.0,1112.0
4049,ear,ROMBLOMANON 1,taliŋa,t a l i ŋ a,1 7 5 7 4 7,AXBYBZ,TALINA,118.0,118.T.C 118.A.V 118.L.C 118.I.V 118.N.C 118.A.V,2.0 1.5 1.75 1.3 1.75 0.8,taliŋa,0.0,1112.0
4089,ear,ROMBLOMANON 2,taliŋa,t a l i ŋ a,1 7 5 7 4 7,AXBYBZ,TALINA,119.0,119.T.C 119.A.V 119.L.C 119.I.V 119.N.C 119.A.V,2.0 1.5 1.75 1.3 1.75 0.8,taliŋa,0.0,1112.0
4129,ear,SAMAL,taliŋa,t a l i ŋ a,1 7 5 7 4 7,AXBYBZ,TALINA,120.0,120.T.C 120.A.V 120.L.C 120.I.V 120.N.C 120.A.V,2.0 1.5 1.75 1.3 1.75 0.8,taliŋa,0.0,1112.0
4169,ear,SAMBAL BOTOLAN,toli,t o l i,1 7 5 7,AXBZ,TULI,121.0,121.T.C 121.U.V 121.L.C 121.I.V,2.0 1.5 1.75 0.8,toli,0.0,1099.0
4249,ear,SANGIL SARANGANI ISLANDS,tuli,t u l i,1 7 5 7,AXBZ,TYLI,123.0,123.T.C 123.Y.V 123.L.C 123.I.V,2.0 1.5 1.75 0.8,tuli,0.0,1099.0
4289,ear,SEDANG,tuan,t u a n,1 7 7 4,AXYN,TYAN,124.0,124.T.C 124.Y.V 124.A.V 124.N.c,2.0 1.5 1.3 0.8,tuan,0.0,1182.0
4329,ear,SIBUTU SOUTHERN SAMA,tejŋa,t e j ŋ a,1 7 6 4 7,AXMBZ,TEJNA,125.0,125.T.C 125.E.V 125.J.c 125.N.C 125.A.V,2.0 1.5 1.1 1.75 0.8,tejŋa,0.0,1158.0
4369,ear,SOGODNIN BORACAY,taliŋa,t a l i ŋ a,1 7 5 7 4 7,AXBYBZ,TALINA,127.0,127.T.C 127.A.V 127.L.C 127.I.V 127.N.C 127.A.V,2.0 1.5 1.75 1.3 1.75 0.8,taliŋa,0.0,1112.0
4409,ear,SOUTH SAAMI,bieLiə,b i e l i ə,1 7 7 5 7 7,AXYBYZ,PIELIE,128.0,128.P.C 128.I.V 128.E.V 128.L.C 128.I.V 128.E.V,2.0 1.5 1.3 1.75 1.3 0.8,bieliə,0.0,1186.0
4449,ear,SOUTHERN CATANDUANES,tariŋa,t a r i ŋ a,1 7 5 7 4 7,AXBYBZ,TARINA,129.0,129.T.C 129.A.V 129.R.C 129.I.V 129.N.C 129.A.V,2.0 1.5 1.75 1.3 1.75 0.8,tariŋa,0.0,1112.0
4489,ear,SOUTHERN SORSOGON,taliŋa,t a l i ŋ a,1 7 5 7 4 7,AXBYBZ,TALINA,131.0,131.T.C 131.A.V 131.L.C 131.I.V 131.N.C 131.A.V,2.0 1.5 1.75 1.3 1.75 0.8,taliŋa,0.0,1112.0
4529,ear,SOUTHWEST PALAWANO,teliŋa,t e l i ŋ a,1 7 5 7 4 7,AXBYBZ,TELINA,132.0,132.T.C 132.E.V 132.L.C 132.I.V 132.N.C 132.A.V,2.0 1.5 1.75 1.3 1.75 0.8,teliŋa,0.0,1112.0
4569,ear,SPANISH,oreha,o r e h a,7 5 7 3 7,XBYBZ,UREHA,133.0,133.U.V 133.R.C 133.E.V 133.H.C 133.A.V,1.5 1.75 1.3 1.75 0.8,oreha,0.0,1191.0
4609,ear,SUBANON SIOCON,toliŋa,t o l i ŋ a,1 7 5 7 4 7,AXBYBZ,TULINA,134.0,134.T.C 134.U.V 134.L.C 134.I.V 134.N.C 134.A.V,2.0 1.5 1.75 1.3 1.75 0.8,toliŋa,0.0,1112.0
4649,ear,SUBANUN SINDANGAN,təliŋa,t ə l i ŋ a,1 7 5 7 4 7,AXBYBZ,TELINA,135.0,135.T.C 135.E.V 135.L.C 135.I.V 135.N.C 135.A.V,2.0 1.5 1.75 1.3 1.75 0.8,təliŋa,0.0,1112.0
4689,ear,SURIGAONON,taliŋa,t a l i ŋ a,1 7 5 7 4 7,AXBYBZ,TALINA,136.0,136.T.C 136.A.V 136.L.C 136.I.V 136.N.C 136.A.V,2.0 1.5 1.75 1.3 1.75 0.8,taliŋa,0.0,1112.0
4769,ear,TAGABILI,kliŋuh,k l i ŋ u h,1 5 7 4 7 3,ACXBYN,KLINYH,138.0,138.K.C 138.L.C 138.I.V 138.N.C 138.Y.V 138.H.c,2.0 1.5 1.5 1.75 1.3 0.8,kliŋuh,0.0,1070.0
4809,ear,TAGALOG,teŋa,t e ŋ a,1 7 4 7,AXBZ,TENA,139.0,139.T.C 139.E.V 139.N.C 139.A.V,2.0 1.5 1.75 0.8,teŋa,0.0,1196.0
4849,ear,TAGBANUA ABORLAN,taliŋa,t a l i ŋ a,1 7 5 7 4 7,AXBYBZ,TALINA,140.0,140.T.C 140.A.V 140.L.C 140.I.V 140.N.C 140.A.V,2.0 1.5 1.75 1.3 1.75 0.8,taliŋa,0.0,1112.0
4889,ear,TAGBANWA ABORLAN,taliŋa,t a l i ŋ a,1 7 5 7 4 7,AXBYBZ,TALINA,141.0,141.T.C 141.A.V 141.L.C 141.I.V 141.N.C 141.A.V,2.0 1.5 1.75 1.3 1.75 0.8,taliŋa,0.0,1112.0
4929,ear,TAGBANWA KALAMIAN,taliŋaʔ,t a l i ŋ a ʔ,1 7 5 7 4 7 1,AXBYBYN,TALINAH,142.0,142.T.C 142.A.V 142.L.C 142.I.V 142.N.C 142.A.V 142.H.c,2.0 1.5 1.75 1.3 1.75 1.3 0.8,taliŋaʔ,0.0,1112.0
4969,ear,TALAANDIG BINUKID,taliŋa,t a l i ŋ a,1 7 5 7 4 7,AXBYBZ,TALINA,143.0,143.T.C 143.A.V 143.L.C 143.I.V 143.N.C 143.A.V,2.0 1.5 1.75 1.3 1.75 0.8,taliŋa,0.0,1112.0
5009,ear,TAMBUNAN DUSUN,toliŋo,t o l i ŋ o,1 7 5 7 4 7,AXBYBZ,TULINU,144.0,144.T.C 144.U.V 144.L.C 144.I.V 144.N.C 144.U.V,2.0 1.5 1.75 1.3 1.75 0.8,toliŋo,0.0,1112.0
5049,ear,TAUSUG,taiŋah,t a i ŋ a h,1 7 7 4 7 3,AXYBYN,TAINAH,145.0,145.T.C 145.A.V 145.I.V 145.N.C 145.A.V 145.H.c,2.0 1.5 1.3 1.75 1.3 0.8,taiŋah,0.0,1112.0
5089,ear,TAUT BATU,taliŋa,t a l i ŋ a,1 7 5 7 4 7,AXBYBZ,TALINA,146.0,146.T.C 146.A.V 146.L.C 146.I.V 146.N.C 146.A.V,2.0 1.5 1.75 1.3 1.75 0.8,taliŋa,0.0,1112.0
5129,ear,TBOLI TAGABILI,kliŋuh,k l i ŋ u h,1 5 7 4 7 3,ACXBYN,KLINYH,147.0,147.K.C 147.L.C 147.I.V 147.N.C 147.Y.V 147.H.c,2.0 1.5 1.5 1.75 1.3 0.8,kliŋuh,0.0,1070.0
5169,ear,TIMUGON MURUT,taliŋo,t a l i ŋ o,1 7 5 7 4 7,AXBYBZ,TALINU,148.0,148.T.C 148.A.V 148.L.C 148.I.V 148.N.C 148.U.V,2.0 1.5 1.75 1.3 1.75 0.8,taliŋo,0.0,1112.0
5209,ear,TIRURAY,keliŋoʔ,k e l i ŋ o ʔ,1 7 5 7 4 7 1,AXBYBYN,KELINUH,149.0,149.K.C 149.E.V 149.L.C 149.I.V 149.N.C 149.U.V 149.H.c,2.0 1.5 1.75 1.3 1.75 1.3 0.8,keliŋoʔ,0.0,1070.0
5249,ear,TURKISH,kulak,k u l a k,1 7 5 7 1,AXBYN,KYLAK,150.0,150.K.C 150.Y.V 150.L.C 150.A.V 150.K.c,2.0 1.5 1.75 1.3 0.8,kulak,0.0,1207.0
5289,ear,UGARITIC,udn,u d n,7 1 4,XBC,YTN,151.0,151.Y.V 151.T.C 151.N.C,1.5 1.75 1.5,udn,0.0,1208.0
5329,ear,WARAY WARAY,taliŋa,t a l i ŋ a,1 7 5 7 4 7,AXBYBZ,TALINA,152.0,152.T.C 152.A.V 152.L.C 152.I.V 152.N.C 152.A.V,2.0 1.5 1.75 1.3 1.75 0.8,taliŋa,0.0,1112.0
5369,ear,YAKAN,tajiŋe,t a j i ŋ e,1 7 6 7 4 7,AXBYBZ,TAJINE,153.0,153.T.C 153.A.V 153.J.C 153.I.V 153.N.C 153.E.V,2.0 1.5 1.75 1.3 1.75 0.8,tajiŋe,0.0,1210.0
5409,ear,YOGAD,bambaŋ,b a m b a ŋ,1 7 4 1 7 4,AXMBYN,PAMPAN,154.0,154.P.C 154.A.V 154.M.c 154.P.C 154.A.V 154.N.c,2.0 1.5 1.1 1.75 1.3 0.8,bambaŋ,0.0,1061.0
5489,ear,IMOROD,taliŋa,t a l i ŋ a,1 7 5 7 4 7,AXBYBZ,TALINA,52.0,52.T.C 52.A.V 52.L.C 52.I.V 52.N.C 52.A.V,2.0 1.5 1.75 1.3 1.75 0.8,taliŋa,0.0,1112.0
5529,ear,BABUYAN,tadʒi5a,t a dʒ i a,1 7 1 7 7,AXBYZ,TATIA,4.0,4.T.C 4.A.V 4.T.C 4.I.V 4.A.V,2.0 1.5 1.75 1.3 0.8,tadʒia,0.0,1064.0
5569,ear,BISAYA SABAH,teliŋo,t e l i ŋ o,1 7 5 7 4 7,AXBYBZ,TELINU,13.0,13.T.C 13.E.V 13.L.C 13.I.V 13.N.C 13.U.V,2.0 1.5 1.75 1.3 1.75 0.8,teliŋo,0.0,1112.0
5609,ear,FINALLIG,iŋa,i ŋ a,7 4 7,XBZ,INA,36.0,36.I.V 36.N.C 36.A.V,1.5 1.75 0.8,iŋa,0.0,1065.0
5649,ear,HILIGAYNON,duluŋgan,d u l u ŋ g a n,1 7 5 7 4 1 7 4,AXBYMBYN,TYLYNKAN,42.0,42.T.C 42.Y.V 42.L.C 42.Y.V 42.N.c 42.K.C 42.A.V 42.N.c,2.0 1.5 1.75 1.3 1.1 1.75 1.3 0.8,duluŋgan,0.0,1062.0
5689,ear,INABAKNON,taliŋa,t a l i ŋ a,1 7 5 7 4 7,AXBYBZ,TALINA,53.0,53.T.C 53.A.V 53.L.C 53.I.V 53.N.C 53.A.V,2.0 1.5 1.75 1.3 1.75 0.8,taliŋa,0.0,1112.0
5729,ear,IRARALAY IVATAN,taliŋa,t a l i ŋ a,1 7 5 7 4 7,AXBYBZ,TALINA,56.0,56.T.C 56.A.V 56.L.C 56.I.V 56.N.C 56.A.V,2.0 1.5 1.75 1.3 1.75 0.8,taliŋa,0.0,1112.0
5769,ear,ISAMORONG IVATAN,tadi5a,t a d i a,1 7 1 7 7,AXBYZ,TATIA,58.0,58.T.C 58.A.V 58.T.C 58.I.V 58.A.V,2.0 1.5 1.75 1.3 0.8,tadia,0.0,1064.0
5809,ear,IVASAY IVATAN,tadi5a,t a d i a,1 7 1 7 7,AXBYZ,TATIA,64.0,64.T.C 64.A.V 64.T.C 64.I.V 64.A.V,2.0 1.5 1.75 1.3 0.8,tadia,0.0,1064.0
5849,ear,KANKANAEY,keweŋ,k e w e ŋ,1 7 6 7 4,AXBYN,KEWEN,74.0,74.K.C 74.E.V 74.W.C 74.E.V 74.N.c,2.0 1.5 1.75 1.3 0.8,keweŋ,0.0,1133.0
5889,ear,LIMOS KALINGA,iŋa,i ŋ a,7 4 7,XBZ,INA,81.0,81.I.V 81.N.C 81.A.V,1.5 1.75 0.8,iŋa,0.0,1065.0
5929,ear,MANDAYAN BOSO,taliŋa,t a l i ŋ a,1 7 5 7 4 7,AXBYBZ,TALINA,85.0,85.T.C 85.A.V 85.L.C 85.I.V 85.N.C 85.A.V,2.0 1.5 1.75 1.3 1.75 0.8,taliŋa,0.0,1112.0
5969,ear,MANDAYAN CARAGA,taliŋa,t a l i ŋ a,1 7 5 7 4 7,AXBYBZ,TALINA,86.0,86.T.C 86.A.V 86.L.C 86.I.V 86.N.C 86.A.V,2.0 1.5 1.75 1.3 1.75 0.8,taliŋa,0.0,1112.0
6009,ear,MANDAYAN ISLAM PISO,taliŋa,t a l i ŋ a,1 7 5 7 4 7,AXBYBZ,TALINA,87.0,87.T.C 87.A.V 87.L.C 87.I.V 87.N.C 87.A.V,2.0 1.5 1.75 1.3 1.75 0.8,taliŋa,0.0,1112.0
6049,ear,MANSAKA 2,taliŋa,t a l i ŋ a,1 7 5 7 4 7,AXBYBZ,TALINA,96.0,96.T.C 96.A.V 96.L.C 96.I.V 96.N.C 96.A.V,2.0 1.5 1.75 1.3 1.75 0.8,taliŋa,0.0,1112.0
6089,ear,PROTO SOUTHERN MINDANAO,kilŋu,k i l ŋ u,1 7 5 4 7,AXMBZ,KILNY,116.0,116.K.C 116.I.V 116.L.c 116.N.C 116.Y.V,2.0 1.5 1.1 1.75 0.8,kilŋu,0.0,1175.0
6129,ear,SINAUNA,taliŋa,t a l i ŋ a,1 7 5 7 4 7,AXBYBZ,TALINA,126.0,126.T.C 126.A.V 126.L.C 126.I.V 126.N.C 126.A.V,2.0 1.5 1.75 1.3 1.75 0.8,taliŋa,0.0,1112.0
6169,ear,SOUTHERN KALINGA,ijaŋa,i j a ŋ a,7 6 7 4 7,XBYBZ,IJANA,130.0,130.I.V 130.J.C 130.A.V 130.N.C 130.A.V,1.5 1.75 1.3 1.75 0.8,ijaŋa,0.0,1188.0
10,eye,AGTA,moto,m o t o,4 7 1 7,AXBZ,MUTU,1.0,1.M.C 1.U.V 1.T.C 1.U.V,2.0 1.5 1.75 0.8,moto,0.0,1223.0
50,eye,AKLANON,mata,m a t a,4 7 1 7,AXBZ,MATA,2.0,2.M.C 2.A.V 2.T.C 2.A.V,2.0 1.5 1.75 0.8,mata,0.0,1223.0
90,eye,ATTA PAMPLONA,mata,m a t a,4 7 1 7,AXBZ,MATA,3.0,3.M.C 3.A.V 3.T.C 3.A.V,2.0 1.5 1.75 0.8,mata,0.0,1223.0
130,eye,BALANGAW,mata,m a t a,4 7 1 7,AXBZ,MATA,5.0,5.M.C 5.A.V 5.T.C 5.A.V,2.0 1.5 1.75 0.8,mata,0.0,1223.0
170,eye,BALANGINGI SAMA,mata,m a t a,4 7 1 7,AXBZ,MATA,6.0,6.M.C 6.A.V 6.T.C 6.A.V,2.0 1.5 1.75 0.8,mata,0.0,1216.0
210,eye,BALANGINGI SAMA (1),mata,m a t a,4 7 1 7,AXBZ,MATA,7.0,7.M.C 7.A.V 7.T.C 7.A.V,2.0 1.5 1.75 0.8,mata,0.0,1217.0
250,eye,BASQUE,begi,b e g i,1 7 1 7,AXBZ,PEKI,8.0,8.P.C 8.E.V 8.K.C 8.I.V,2.0 1.5 1.75 0.8,begi,0.0,1218.0
290,eye,BATAK PALAWAN,mata,m a t a,4 7 1 7,AXBZ,MATA,9.0,9.M.C 9.A.V 9.T.C 9.A.V,2.0 1.5 1.75 0.8,mata,0.0,1223.0
330,eye,BILAAN KORONADAL,mato,m a t o,4 7 1 7,AXBZ,MATU,10.0,10.M.C 10.A.V 10.T.C 10.U.V,2.0 1.5 1.75 0.8,mato,0.0,1220.0
370,eye,BILAAN SARANGANI,mata,m a t a,4 7 1 7,AXBZ,MATA,11.0,11.M.C 11.A.V 11.T.C 11.A.V,2.0 1.5 1.75 0.8,mata,0.0,1220.0
410,eye,BINUKID,mata,m a t a,4 7 1 7,AXBZ,MATA,12.0,12.M.C 12.A.V 12.T.C 12.A.V,2.0 1.5 1.75 0.8,mata,0.0,1223.0
450,eye,BONGGI,mata,m a t a,4 7 1 7,AXBZ,MATA,14.0,14.M.C 14.A.V 14.T.C 14.A.V,2.0 1.5 1.75 0.8,mata,0.0,1223.0
490,eye,BONTOC GUINAANG,mata,m a t a,4 7 1 7,AXBZ,MATA,15.0,15.M.C 15.A.V 15.T.C 15.A.V,2.0 1.5 1.75 0.8,mata,0.0,1223.0
530,eye,BROOKES POINT PALAWAN,mata,m a t a,4 7 1 7,AXBZ,MATA,16.0,16.M.C 16.A.V 16.T.C 16.A.V,2.0 1.5 1.75 0.8,mata,0.0,1223.0
570,eye,BUHI,mata,m a t a,4 7 1 7,AXBZ,MATA,17.0,17.M.C 17.A.V 17.T.C 17.A.V,2.0 1.5 1.75 0.8,mata,0.0,1223.0
610,eye,BUHINON ALBAY BICOLANO,mata,m a t a,4 7 1 7,AXBZ,MATA,18.0,18.M.C 18.A.V 18.T.C 18.A.V,2.0 1.5 1.75 0.8,mata,0.0,1223.0
650,eye,BUKIDNON BINUKID,mata,m a t a,4 7 1 7,AXBZ,MATA,19.0,19.M.C 19.A.V 19.T.C 19.A.V,2.0 1.5 1.75 0.8,mata,0.0,1223.0
690,eye,BUTUANON,mata,m a t a,4 7 1 7,AXBZ,MATA,20.0,20.M.C 20.A.V 20.T.C 20.A.V,2.0 1.5 1.75 0.8,mata,0.0,1223.0
730,eye,CAIJIA,nicr,n i c r,4 7 1 5,AXBC,NICR,21.0,21.N.C 21.I.V 21.C.C 21.R.C,2.0 1.5 1.75 1.5,nicr,0.0,1231.0
770,eye,CANIPAAN PALAWAN,mata,m a t a,4 7 1 7,AXBZ,MATA,22.0,22.M.C 22.A.V 22.T.C 22.A.V,2.0 1.5 1.75 0.8,mata,0.0,1223.0
810,eye,CASIGURAN NEGRITO,mata,m a t a,4 7 1 7,AXBZ,MATA,23.0,23.M.C 23.A.V 23.T.C 23.A.V,2.0 1.5 1.75 0.8,mata,0.0,1223.0
850,eye,CEBUANO,mata,m a t a,4 7 1 7,AXBZ,MATA,24.0,24.M.C 24.A.V 24.T.C 24.A.V,2.0 1.5 1.75 0.8,mata,0.0,1223.0
890,eye,CENTRAL BICOLANO,mata,m a t a,4 7 1 7,AXBZ,MATA,25.0,25.M.C 25.A.V 25.T.C 25.A.V,2.0 1.5 1.75 0.8,mata,0.0,1223.0
930,eye,CENTRAL BONTOC,mata,m a t a,4 7 1 7,AXBZ,MATA,26.0,26.M.C 26.A.V 26.T.C 26.A.V,2.0 1.5 1.75 0.8,mata,0.0,1223.0
970,eye,CENTRAL DUSUN,mato,m a t o,4 7 1 7,AXBZ,MATU,27.0,27.M.C 27.A.V 27.T.C 27.U.V,2.0 1.5 1.75 0.8,mato,0.0,1237.0
1010,eye,CENTRAL TAGBANWA,mata,m a t a,4 7 1 7,AXBZ,MATA,28.0,28.M.C 28.A.V 28.T.C 28.A.V,2.0 1.5 1.75 0.8,mata,0.0,1223.0
1050,eye,CUYONON,mataʔ,m a t a ʔ,4 7 1 7 1,AXBYN,MATAH,29.0,29.M.C 29.A.V 29.T.C 29.A.V 29.H.c,2.0 1.5 1.75 1.3 0.8,mataʔ,0.0,1223.0
1090,eye,DARAGA,mata,m a t a,4 7 1 7,AXBZ,MATA,30.0,30.M.C 30.A.V 30.T.C 30.A.V,2.0 1.5 1.75 0.8,mata,0.0,1223.0
1130,eye,DUMAGAT CASIGURAN,mataʔ,m a t a ʔ,4 7 1 7 1,AXBYN,MATAH,31.0,31.M.C 31.A.V 31.T.C 31.A.V 31.H.c,2.0 1.5 1.75 1.3 0.8,mataʔ,0.0,1223.0
1170,eye,DUPANINGAN AGTA,mataʔ,m a t a ʔ,4 7 1 7 1,AXBYN,MATAH,32.0,32.M.C 32.A.V 32.T.C 32.A.V 32.H.c,2.0 1.5 1.75 1.3 0.8,mataʔ,0.0,1223.0
1210,eye,ENGLISH,Ei,æ i,7 7,XZ,EI,33.0,33.E.V 33.I.V,1.5 0.8,æi,1.0,1243.0
1250,eye,ESKAYAN,sim,s i m,3 7 4,AXN,SIM,34.0,34.S.C 34.I.V 34.M.c,2.0 1.5 0.8,sim,0.0,1244.0
1290,eye,ESTONIAN,silm,s i l m,3 7 5 4,AXLN,SILM,35.0,35.S.C 35.I.V 35.L.c 35.M.c,2.0 1.5 1.1 0.8,silm,0.0,1245.0
1330,eye,FINNISH,silmE,s i l m æ,3 7 5 4 7,AXMBZ,SILME,37.0,37.S.C 37.I.V 37.L.c 37.M.C 37.E.V,2.0 1.5 1.1 1.75 0.8,silmæ,0.0,1247.0
1370,eye,FUZHOU CHINESE,meikciu,m e i k c i u,4 7 7 1 1 7 7,AXYMBYZ,MEIKCIY,38.0,38.M.C 38.E.V 38.I.V 38.K.c 38.C.C 38.I.V 38.Y.V,2.0 1.5 1.3 1.1 1.75 1.3 0.8,meikciu,0.0,1248.0
1410,eye,GADDANG,mata,m a t a,4 7 1 7,AXBZ,MATA,39.0,39.M.C 39.A.V 39.T.C 39.A.V,2.0 1.5 1.75 0.8,mata,0.0,1223.0
1450,eye,HANUNOO,mata,m a t a,4 7 1 7,AXBZ,MATA,40.0,40.M.C 40.A.V 40.T.C 40.A.V,2.0 1.5 1.75 0.8,mata,0.0,1223.0
1490,eye,HIGAONON BINUKID,mata,m a t a,4 7 1 7,AXBZ,MATA,41.0,41.M.C 41.A.V 41.T.C 41.A.V,2.0 1.5 1.75 0.8,mata,0.0,1223.0
1530,eye,HUNGARIAN,sem,s e m,3 7 4,AXN,SEM,43.0,43.S.C 43.E.V 43.M.c,2.0 1.5 0.8,sem,0.0,1253.0
1570,eye,IBALOI,mata,m a t a,4 7 1 7,AXBZ,MATA,44.0,44.M.C 44.A.V 44.T.C 44.A.V,2.0 1.5 1.75 0.8,mata,0.0,1223.0
1610,eye,IBANAG,mata,m a t a,4 7 1 7,AXBZ,MATA,45.0,45.M.C 45.A.V 45.T.C 45.A.V,2.0 1.5 1.75 0.8,mata,0.0,1223.0
1650,eye,IDAAN,mato,m a t o,4 7 1 7,AXBZ,MATU,46.0,46.M.C 46.A.V 46.T.C 46.U.V,2.0 1.5 1.75 0.8,mato,0.0,1223.0
1690,eye,IFUGAO AMGANAD,mata,m a t a,4 7 1 7,AXBZ,MATA,47.0,47.M.C 47.A.V 47.T.C 47.A.V,2.0 1.5 1.75 0.8,mata,0.0,1223.0
1730,eye,IFUGAO BATAD,mata,m a t a,4 7 1 7,AXBZ,MATA,48.0,48.M.C 48.A.V 48.T.C 48.A.V,2.0 1.5 1.75 0.8,mata,0.0,1223.0
1770,eye,IFUGAO BAYNINAN,mata,m a t a,4 7 1 7,AXBZ,MATA,49.0,49.M.C 49.A.V 49.T.C 49.A.V,2.0 1.5 1.75 0.8,mata,0.0,1223.0
1810,eye,ILOKANO,mata,m a t a,4 7 1 7,AXBZ,MATA,50.0,50.M.C 50.A.V 50.T.C 50.A.V,2.0 1.5 1.75 0.8,mata,0.0,1223.0
1850,eye,ILONGOT KAKIDUGEN,mata,m a t a,4 7 1 7,AXBZ,MATA,51.0,51.M.C 51.A.V 51.T.C 51.A.V,2.0 1.5 1.75 0.8,mata,0.0,1223.0
1890,eye,INIBALOI,mata,m a t a,4 7 1 7,AXBZ,MATA,54.0,54.M.C 54.A.V 54.T.C 54.A.V,2.0 1.5 1.75 0.8,mata,0.0,1264.0
1930,eye,IRANUN,mata,m a t a,4 7 1 7,AXBZ,MATA,55.0,55.M.C 55.A.V 55.T.C 55.A.V,2.0 1.5 1.75 0.8,mata,0.0,1223.0
1970,eye,IRIGA,mata,m a t a,4 7 1 7,AXBZ,MATA,57.0,57.M.C 57.A.V 57.T.C 57.A.V,2.0 1.5 1.75 0.8,mata,0.0,1223.0
2010,eye,ISNAG,mata,m a t a,4 7 1 7,AXBZ,MATA,59.0,59.M.C 59.A.V 59.T.C 59.A.V,2.0 1.5 1.75 0.8,mata,0.0,1223.0
2050,eye,ISNEG,mata,m a t a,4 7 1 7,AXBZ,MATA,60.0,60.M.C 60.A.V 60.T.C 60.A.V,2.0 1.5 1.75 0.8,mata,0.0,1223.0
2090,eye,ITAWIT,mEtE,m æ t æ,4 7 1 7,AXBZ,METE,61.0,61.M.C 61.E.V 61.T.C 61.E.V,2.0 1.5 1.75 0.8,mætæ,0.0,1223.0
2130,eye,ITBAYATEN BATANES ISLANDS,mataʔ,m a t a ʔ,4 7 1 7 1,AXBYN,MATAH,62.0,62.M.C 62.A.V 62.T.C 62.A.V 62.H.c,2.0 1.5 1.75 1.3 0.8,mataʔ,0.0,1223.0
2170,eye,ITNEG BINONGAN,ata,a t a,7 1 7,XBZ,ATA,63.0,63.A.V 63.T.C 63.A.V,1.5 1.75 0.8,ata,0.0,1223.0
2210,eye,IVATAN BATANES ISLANDS,mataʔ,m a t a ʔ,4 7 1 7 1,AXBYN,MATAH,65.0,65.M.C 65.A.V 65.T.C 65.A.V 65.H.c,2.0 1.5 1.75 1.3 0.8,mataʔ,0.0,1223.0
2250,eye,JAPANESE,me,m e,4 7,AX,ME,66.0,66.M.C 66.E.V,2.0 1.5,me,0.0,1276.0
2290,eye,KADAZAN,mato,m a t o,4 7 1 7,AXBZ,MATU,67.0,67.M.C 67.A.V 67.T.C 67.U.V,2.0 1.5 1.75 0.8,mato,0.0,1223.0
2330,eye,KAGAYANEN,mata,m a t a,4 7 1 7,AXBZ,MATA,68.0,68.M.C 68.A.V 68.T.C 68.A.V,2.0 1.5 1.75 0.8,mata,0.0,1278.0
2370,eye,KALAGAN,mata,m a t a,4 7 1 7,AXBZ,MATA,69.0,69.M.C 69.A.V 69.T.C 69.A.V,2.0 1.5 1.75 0.8,mata,0.0,1279.0
2410,eye,KALINGA GUINAANG,ata,a t a,7 1 7,XBZ,ATA,70.0,70.A.V 70.T.C 70.A.V,1.5 1.75 0.8,ata,0.0,1223.0
2450,eye,KALINGA LIMOS,ata,a t a,7 1 7,XBZ,ATA,71.0,71.A.V 71.T.C 71.A.V,1.5 1.75 0.8,ata,0.0,1223.0
2490,eye,KALLAHAN KAYAPA PROPER,mata,m a t a,4 7 1 7,AXBZ,MATA,72.0,72.M.C 72.A.V 72.T.C 72.A.V,2.0 1.5 1.75 0.8,mata,0.0,1223.0
2530,eye,KALLAHAN KELEYQIQ IFUGAO,mataʔ,m a t a ʔ,4 7 1 7 1,AXBYN,MATAH,73.0,73.M.C 73.A.V 73.T.C 73.A.V 73.H.c,2.0 1.5 1.75 1.3 0.8,mataʔ,0.0,1283.0
2570,eye,KANKANAY NORTHERN,mata,m a t a,4 7 1 7,AXBZ,MATA,75.0,75.M.C 75.A.V 75.T.C 75.A.V,2.0 1.5 1.75 0.8,mata,0.0,1223.0
2610,eye,KAPAMPANGAN,mata,m a t a,4 7 1 7,AXBZ,MATA,76.0,76.M.C 76.A.V 76.T.C 76.A.V,2.0 1.5 1.75 0.8,mata,0.0,1223.0
2650,eye,KINARAY A,mata,m a t a,4 7 1 7,AXBZ,MATA,77.0,77.M.C 77.A.V 77.T.C 77.A.V,2.0 1.5 1.75 0.8,mata,0.0,1223.0
2690,eye,KOREAN,nun,n u n,4 7 4,AXN,NYN,78.0,78.N.C 78.Y.V 78.N.c,2.0 1.5 0.8,nun,0.0,1288.0
2730,eye,LEGAZPI,mata,m a t a,4 7 1 7,AXBZ,MATA,79.0,79.M.C 79.A.V 79.T.C 79.A.V,2.0 1.5 1.75 0.8,mata,0.0,1223.0
2770,eye,LIBON,mata,m a t a,4 7 1 7,AXBZ,MATA,80.0,80.M.C 80.A.V 80.T.C 80.A.V,2.0 1.5 1.75 0.8,mata,0.0,1223.0
2850,eye,MAGUINDANAO,mata,m a t a,4 7 1 7,AXBZ,MATA,83.0,83.M.C 83.A.V 83.T.C 83.A.V,2.0 1.5 1.75 0.8,mata,0.0,1223.0
2890,eye,MAMANWA,mata,m a t a,4 7 1 7,AXBZ,MATA,84.0,84.M.C 84.A.V 84.T.C 84.A.V,2.0 1.5 1.75 0.8,mata,0.0,1223.0
2930,eye,MANOBO ATA,mata,m a t a,4 7 1 7,AXBZ,MATA,88.0,88.M.C 88.A.V 88.T.C 88.A.V,2.0 1.5 1.75 0.8,mata,0.0,1223.0
2970,eye,MANOBO DIBABAWON,mata,m a t a,4 7 1 7,AXBZ,MATA,89.0,89.M.C 89.A.V 89.T.C 89.A.V,2.0 1.5 1.75 0.8,mata,0.0,1223.0
3010,eye,MANOBO ILIANEN,mata,m a t a,4 7 1 7,AXBZ,MATA,90.0,90.M.C 90.A.V 90.T.C 90.A.V,2.0 1.5 1.75 0.8,mata,0.0,1223.0
3050,eye,MANOBO KALAMANSIG COTABATO,mata,m a t a,4 7 1 7,AXBZ,MATA,91.0,91.M.C 91.A.V 91.T.C 91.A.V,2.0 1.5 1.75 0.8,mata,0.0,1223.0
3090,eye,MANOBO SARANGANI,mata,m a t a,4 7 1 7,AXBZ,MATA,92.0,92.M.C 92.A.V 92.T.C 92.A.V,2.0 1.5 1.75 0.8,mata,0.0,1301.0
3130,eye,MANOBO TIGWA,mata,m a t a,4 7 1 7,AXBZ,MATA,93.0,93.M.C 93.A.V 93.T.C 93.A.V,2.0 1.5 1.75 0.8,mata,0.0,1223.0
3170,eye,MANOBO WESTERN BUKIDNON,mata,m a t a,4 7 1 7,AXBZ,MATA,94.0,94.M.C 94.A.V 94.T.C 94.A.V,2.0 1.5 1.75 0.8,mata,0.0,1303.0
3210,eye,MANSAKA,mata,m a t a,4 7 1 7,AXBZ,MATA,95.0,95.M.C 95.A.V 95.T.C 95.A.V,2.0 1.5 1.75 0.8,mata,0.0,1279.0
3250,eye,MAPUN,mata,m a t a,4 7 1 7,AXBZ,MATA,97.0,97.M.C 97.A.V 97.T.C 97.A.V,2.0 1.5 1.75 0.8,mata,0.0,1223.0
3290,eye,MARANAO,mata,m a t a,4 7 1 7,AXBZ,MATA,98.0,98.M.C 98.A.V 98.T.C 98.A.V,2.0 1.5 1.75 0.8,mata,0.0,1223.0
3330,eye,MARINDUQUE TAGALOG,mata,m a t a,4 7 1 7,AXBZ,MATA,99.0,99.M.C 99.A.V 99.T.C 99.A.V,2.0 1.5 1.75 0.8,mata,0.0,1223.0
3370,eye,MASBATENYO,mata,m a t a,4 7 1 7,AXBZ,MATA,100.0,100.M.C 100.A.V 100.T.C 100.A.V,2.0 1.5 1.75 0.8,mata,0.0,1223.0
3410,eye,MINANGALI LOWER TANUDAN KALINGA,ata,a t a,7 1 7,XBZ,ATA,101.0,101.A.V 101.T.C 101.A.V,1.5 1.75 0.8,ata,0.0,1223.0
3450,eye,MOKSHA,sjeljmje,s j e l j m j e,3 6 7 5 6 4 6 7,ACXBYBCZ,SJELJMJE,102.0,102.S.C 102.J.C 102.E.V 102.L.C 102.J.V 102.M.C 102.J.C 102.E.V,2.0 1.5 1.5 1.75 1.3 1.75 1.5 0.8,sjeljmje,0.0,1311.0
3490,eye,MOLBOG,mata,m a t a,4 7 1 7,AXBZ,MATA,103.0,103.M.C 103.A.V 103.T.C 103.A.V,2.0 1.5 1.75 0.8,mata,0.0,1223.0
3530,eye,MOLBOG 2,mata,m a t a,4 7 1 7,AXBZ,MATA,104.0,104.M.C 104.A.V 104.T.C 104.A.V,2.0 1.5 1.75 0.8,mata,0.0,1223.0
3570,eye,MONGOLIAN,nut,n u t,4 7 1,AXN,NYT,105.0,105.N.C 105.Y.V 105.T.c,2.0 1.5 0.8,nut,0.0,1314.0
3610,eye,MORO MAGINDANAU,mata,m a t a,4 7 1 7,AXBZ,MATA,106.0,106.M.C 106.A.V 106.T.C 106.A.V,2.0 1.5 1.75 0.8,mata,0.0,1223.0
3650,eye,NAGA,mata,m a t a,4 7 1 7,AXBZ,MATA,107.0,107.M.C 107.A.V 107.T.C 107.A.V,2.0 1.5 1.75 0.8,mata,0.0,1223.0
3690,eye,NORTHERN CATANDUANES,mata,m a t a,4 7 1 7,AXBZ,MATA,108.0,108.M.C 108.A.V 108.T.C 108.A.V,2.0 1.5 1.75 0.8,mata,0.0,1223.0
3730,eye,NORTHERN SORSOGON,mata,m a t a,4 7 1 7,AXBZ,MATA,109.0,109.M.C 109.A.V 109.T.C 109.A.V,2.0 1.5 1.75 0.8,mata,0.0,1223.0
3770,eye,OAS,mata,m a t a,4 7 1 7,AXBZ,MATA,110.0,110.M.C 110.A.V 110.T.C 110.A.V,2.0 1.5 1.75 0.8,mata,0.0,1223.0
3810,eye,PALAWANO BATAK,mata,m a t a,4 7 1 7,AXBZ,MATA,111.0,111.M.C 111.A.V 111.T.C 111.A.V,2.0 1.5 1.75 0.8,mata,0.0,1223.0
3850,eye,PANGASINAN,mata,m a t a,4 7 1 7,AXBZ,MATA,112.0,112.M.C 112.A.V 112.T.C 112.A.V,2.0 1.5 1.75 0.8,mata,0.0,1223.0
3890,eye,PANGUTARAN SAMA,mata,m a t a,4 7 1 7,AXBZ,MATA,113.0,113.M.C 113.A.V 113.T.C 113.A.V,2.0 1.5 1.75 0.8,mata,0.0,1223.0
3930,eye,PANGUTARAN SAMA (1),mata,m a t a,4 7 1 7,AXBZ,MATA,114.0,114.M.C 114.A.V 114.T.C 114.A.V,2.0 1.5 1.75 0.8,mata,0.0,1223.0
3970,eye,PROTO PALAWAN,mata,m a t a,4 7 1 7,AXBZ,MATA,115.0,115.M.C 115.A.V 115.T.C 115.A.V,2.0 1.5 1.75 0.8,mata,0.0,1223.0
4010,eye,QUEZON PALAWAN,mata,m a t a,4 7 1 7,AXBZ,MATA,117.0,117.M.C 117.A.V 117.T.C 117.A.V,2.0 1.5 1.75 0.8,mata,0.0,1223.0
4050,eye,ROMBLOMANON 1,mata,m a t a,4 7 1 7,AXBZ,MATA,118.0,118.M.C 118.A.V 118.T.C 118.A.V,2.0 1.5 1.75 0.8,mata,0.0,1223.0
4090,eye,ROMBLOMANON 2,mata,m a t a,4 7 1 7,AXBZ,MATA,119.0,119.M.C 119.A.V 119.T.C 119.A.V,2.0 1.5 1.75 0.8,mata,0.0,1223.0
4130,eye,SAMAL,mata,m a t a,4 7 1 7,AXBZ,MATA,120.0,120.M.C 120.A.V 120.T.C 120.A.V,2.0 1.5 1.75 0.8,mata,0.0,1329.0
4170,eye,SAMBAL BOTOLAN,mata,m a t a,4 7 1 7,AXBZ,MATA,121.0,121.M.C 121.A.V 121.T.C 121.A.V,2.0 1.5 1.75 0.8,mata,0.0,1223.0
4210,eye,SANGIL,mata,m a t a,4 7 1 7,AXBZ,MATA,122.0,122.M.C 122.A.V 122.T.C 122.A.V,2.0 1.5 1.75 0.8,mata,0.0,1223.0
4250,eye,SANGIL SARANGANI ISLANDS,mata,m a t a,4 7 1 7,AXBZ,MATA,123.0,123.M.C 123.A.V 123.T.C 123.A.V,2.0 1.5 1.75 0.8,mata,0.0,1223.0
4290,eye,SEDANG,ma,m a,4 7,AX,MA,124.0,124.M.C 124.A.V,2.0 1.5,ma,0.0,1333.0
4330,eye,SIBUTU SOUTHERN SAMA,mata,m a t a,4 7 1 7,AXBZ,MATA,125.0,125.M.C 125.A.V 125.T.C 125.A.V,2.0 1.5 1.75 0.8,mata,0.0,1223.0
4370,eye,SOGODNIN BORACAY,mata,m a t a,4 7 1 7,AXBZ,MATA,127.0,127.M.C 127.A.V 127.T.C 127.A.V,2.0 1.5 1.75 0.8,mata,0.0,1223.0
4410,eye,SOUTH SAAMI,Cjelmiə,c j e l m i ə,1 6 7 5 4 7 7,ACXMBYZ,CJELMIE,128.0,128.C.C 128.J.C 128.E.V 128.L.c 128.M.C 128.I.V 128.E.V,2.0 1.5 1.5 1.1 1.75 1.3 0.8,cjelmiə,0.0,1247.0
4450,eye,SOUTHERN CATANDUANES,mata,m a t a,4 7 1 7,AXBZ,MATA,129.0,129.M.C 129.A.V 129.T.C 129.A.V,2.0 1.5 1.75 0.8,mata,0.0,1223.0
4490,eye,SOUTHERN SORSOGON,mata,m a t a,4 7 1 7,AXBZ,MATA,131.0,131.M.C 131.A.V 131.T.C 131.A.V,2.0 1.5 1.75 0.8,mata,0.0,1223.0
4530,eye,SOUTHWEST PALAWANO,mata,m a t a,4 7 1 7,AXBZ,MATA,132.0,132.M.C 132.A.V 132.T.C 132.A.V,2.0 1.5 1.75 0.8,mata,0.0,1223.0
4570,eye,SPANISH,oho,o h o,7 3 7,XBZ,UHU,133.0,133.U.V 133.H.C 133.U.V,1.5 1.75 0.8,oho,0.0,1342.0
4610,eye,SUBANON SIOCON,mata,m a t a,4 7 1 7,AXBZ,MATA,134.0,134.M.C 134.A.V 134.T.C 134.A.V,2.0 1.5 1.75 0.8,mata,0.0,1223.0
4650,eye,SUBANUN SINDANGAN,mata,m a t a,4 7 1 7,AXBZ,MATA,135.0,135.M.C 135.A.V 135.T.C 135.A.V,2.0 1.5 1.75 0.8,mata,0.0,1223.0
4690,eye,SURIGAONON,mata,m a t a,4 7 1 7,AXBZ,MATA,136.0,136.M.C 136.A.V 136.T.C 136.A.V,2.0 1.5 1.75 0.8,mata,0.0,1223.0
4730,eye,TAGABAWA,mata,m a t a,4 7 1 7,AXBZ,MATA,137.0,137.M.C 137.A.V 137.T.C 137.A.V,2.0 1.5 1.75 0.8,mata,0.0,1223.0
4770,eye,TAGABILI,matah,m a t a h,4 7 1 7 3,AXBYN,MATAH,138.0,138.M.C 138.A.V 138.T.C 138.A.V 138.H.c,2.0 1.5 1.75 1.3 0.8,matah,0.0,1223.0
4810,eye,TAGALOG,mata,m a t a,4 7 1 7,AXBZ,MATA,139.0,139.M.C 139.A.V 139.T.C 139.A.V,2.0 1.5 1.75 0.8,mata,0.0,1223.0
4850,eye,TAGBANUA ABORLAN,mata,m a t a,4 7 1 7,AXBZ,MATA,140.0,140.M.C 140.A.V 140.T.C 140.A.V,2.0 1.5 1.75 0.8,mata,0.0,1223.0
4890,eye,TAGBANWA ABORLAN,mata,m a t a,4 7 1 7,AXBZ,MATA,141.0,141.M.C 141.A.V 141.T.C 141.A.V,2.0 1.5 1.75 0.8,mata,0.0,1223.0
4930,eye,TAGBANWA KALAMIAN,mataʔ,m a t a ʔ,4 7 1 7 1,AXBYN,MATAH,142.0,142.M.C 142.A.V 142.T.C 142.A.V 142.H.c,2.0 1.5 1.75 1.3 0.8,mataʔ,0.0,1223.0
4970,eye,TALAANDIG BINUKID,mata,m a t a,4 7 1 7,AXBZ,MATA,143.0,143.M.C 143.A.V 143.T.C 143.A.V,2.0 1.5 1.75 0.8,mata,0.0,1223.0
5010,eye,TAMBUNAN DUSUN,mato,m a t o,4 7 1 7,AXBZ,MATU,144.0,144.M.C 144.A.V 144.T.C 144.U.V,2.0 1.5 1.75 0.8,mato,0.0,1223.0
5050,eye,TAUSUG,matah,m a t a h,4 7 1 7 3,AXBYN,MATAH,145.0,145.M.C 145.A.V 145.T.C 145.A.V 145.H.c,2.0 1.5 1.75 1.3 0.8,matah,0.0,1223.0
5090,eye,TAUT BATU,mata,m a t a,4 7 1 7,AXBZ,MATA,146.0,146.M.C 146.A.V 146.T.C 146.A.V,2.0 1.5 1.75 0.8,mata,0.0,1223.0
5130,eye,TBOLI TAGABILI,matah,m a t a h,4 7 1 7 3,AXBYN,MATAH,147.0,147.M.C 147.A.V 147.T.C 147.A.V 147.H.c,2.0 1.5 1.75 1.3 0.8,matah,0.0,1223.0
5170,eye,TIMUGON MURUT,mato,m a t o,4 7 1 7,AXBZ,MATU,148.0,148.M.C 148.A.V 148.T.C 148.U.V,2.0 1.5 1.75 0.8,mato,0.0,1357.0
5210,eye,TIRURAY,moto,m o t o,4 7 1 7,AXBZ,MUTU,149.0,149.M.C 149.U.V 149.T.C 149.U.V,2.0 1.5 1.75 0.8,moto,0.0,1358.0
5250,eye,TURKISH,delik,d e l i k,1 7 5 7 1,AXBYN,TELIK,150.0,150.T.C 150.E.V 150.L.C 150.I.V 150.K.c,2.0 1.5 1.75 1.3 0.8,delik,0.0,1359.0
5290,eye,UGARITIC,Xn,x n,3 4,AC,GN,151.0,151.G.C 151.N.C,2.0 1.5,xn,0.0,1360.0
5330,eye,WARAY WARAY,mata,m a t a,4 7 1 7,AXBZ,MATA,152.0,152.M.C 152.A.V 152.T.C 152.A.V,2.0 1.5 1.75 0.8,mata,0.0,1223.0
5370,eye,YAKAN,mata,m a t a,4 7 1 7,AXBZ,MATA,153.0,153.M.C 153.A.V 153.T.C 153.A.V,2.0 1.5 1.75 0.8,mata,0.0,1223.0
5410,eye,YOGAD,mata,m a t a,4 7 1 7,AXBZ,MATA,154.0,154.M.C 154.A.V 154.T.C 154.A.V,2.0 1.5 1.75 0.8,mata,0.0,1223.0
5490,eye,IMOROD,mata,m a t a,4 7 1 7,AXBZ,MATA,52.0,52.M.C 52.A.V 52.T.C 52.A.V,2.0 1.5 1.75 0.8,mata,0.0,1223.0
5530,eye,BABUYAN,mata,m a t a,4 7 1 7,AXBZ,MATA,4.0,4.M.C 4.A.V 4.T.C 4.A.V,2.0 1.5 1.75 0.8,mata,0.0,1223.0
5570,eye,BISAYA SABAH,mato,m a t o,4 7 1 7,AXBZ,MATU,13.0,13.M.C 13.A.V 13.T.C 13.U.V,2.0 1.5 1.75 0.8,mato,0.0,1223.0
5610,eye,FINALLIG,mata,m a t a,4 7 1 7,AXBZ,MATA,36.0,36.M.C 36.A.V 36.T.C 36.A.V,2.0 1.5 1.75 0.8,mata,0.0,1223.0
5650,eye,HILIGAYNON,mata,m a t a,4 7 1 7,AXBZ,MATA,42.0,42.M.C 42.A.V 42.T.C 42.A.V,2.0 1.5 1.75 0.8,mata,0.0,1223.0
5690,eye,INABAKNON,mata,m a t a,4 7 1 7,AXBZ,MATA,53.0,53.M.C 53.A.V 53.T.C 53.A.V,2.0 1.5 1.75 0.8,mata,0.0,1223.0
5730,eye,IRARALAY IVATAN,mata,m a t a,4 7 1 7,AXBZ,MATA,56.0,56.M.C 56.A.V 56.T.C 56.A.V,2.0 1.5 1.75 0.8,mata,0.0,1223.0
5770,eye,ISAMORONG IVATAN,mata,m a t a,4 7 1 7,AXBZ,MATA,58.0,58.M.C 58.A.V 58.T.C 58.A.V,2.0 1.5 1.75 0.8,mata,0.0,1223.0
5810,eye,IVASAY IVATAN,mata,m a t a,4 7 1 7,AXBZ,MATA,64.0,64.M.C 64.A.V 64.T.C 64.A.V,2.0 1.5 1.75 0.8,mata,0.0,1223.0
5850,eye,KANKANAEY,mata,m a t a,4 7 1 7,AXBZ,MATA,74.0,74.M.C 74.A.V 74.T.C 74.A.V,2.0 1.5 1.75 0.8,mata,0.0,1223.0
5890,eye,LIMOS KALINGA,ata,a t a,7 1 7,XBZ,ATA,81.0,81.A.V 81.T.C 81.A.V,1.5 1.75 0.8,ata,0.0,1223.0
5930,eye,MANDAYAN BOSO,mata,m a t a,4 7 1 7,AXBZ,MATA,85.0,85.M.C 85.A.V 85.T.C 85.A.V,2.0 1.5 1.75 0.8,mata,0.0,1223.0
5970,eye,MANDAYAN CARAGA,mata,m a t a,4 7 1 7,AXBZ,MATA,86.0,86.M.C 86.A.V 86.T.C 86.A.V,2.0 1.5 1.75 0.8,mata,0.0,1223.0
6010,eye,MANDAYAN ISLAM PISO,mata,m a t a,4 7 1 7,AXBZ,MATA,87.0,87.M.C 87.A.V 87.T.C 87.A.V,2.0 1.5 1.75 0.8,mata,0.0,1223.0
6050,eye,MANSAKA 2,mata,m a t a,4 7 1 7,AXBZ,MATA,96.0,96.M.C 96.A.V 96.T.C 96.A.V,2.0 1.5 1.75 0.8,mata,0.0,1305.0
6090,eye,PROTO SOUTHERN MINDANAO,mata,m a t a,4 7 1 7,AXBZ,MATA,116.0,116.M.C 116.A.V 116.T.C 116.A.V,2.0 1.5 1.75 0.8,mata,0.0,1220.0
6130,eye,SINAUNA,buligaʔ,b u l i g a ʔ,1 7 5 7 1 7 1,AXBYBYN,PYLIKAH,126.0,126.P.C 126.Y.V 126.L.C 126.I.V 126.K.C 126.A.V 126.H.c,2.0 1.5 1.75 1.3 1.75 1.3 0.8,buligaʔ,0.0,1335.0
6170,eye,SOUTHERN KALINGA,ata,a t a,7 1 7,XBZ,ATA,130.0,130.A.V 130.T.C 130.A.V,1.5 1.75 0.8,ata,0.0,1223.0
11,fire,AGTA,opuj,o p u j,7 1 7 6,XBYN,UPYJ,1.0,1.U.V 1.P.C 1.Y.V 1.J.c,1.5 1.75 1.3 0.8,opuj,0.0,1361.0
51,fire,AKLANON,kaxaju,k a x a j u,1 7 3 7 6 7,AXBYBZ,KAGAJY,2.0,2.K.C 2.A.V 2.G.C 2.A.V 2.J.C 2.Y.V,2.0 1.5 1.75 1.3 1.75 0.8,kaxaju,0.0,1384.0
91,fire,ATTA PAMPLONA,api,a p i,7 1 7,XBZ,API,3.0,3.A.V 3.P.C 3.I.V,1.5 1.75 0.8,api,0.0,1363.0
131,fire,BALANGAW,apoj,a p o j,7 1 7 6,XBYN,APUJ,5.0,5.A.V 5.P.C 5.U.V 5.J.c,1.5 1.75 1.3 0.8,apoj,0.0,1364.0
171,fire,BALANGINGI SAMA,api,a p i,7 1 7,XBZ,API,6.0,6.A.V 6.P.C 6.I.V,1.5 1.75 0.8,api,0.0,1363.0
211,fire,BALANGINGI SAMA (1),api,a p i,7 1 7,XBZ,API,7.0,7.A.V 7.P.C 7.I.V,1.5 1.75 0.8,api,0.0,1363.0
251,fire,BASQUE,su,s u,3 7,AX,SY,8.0,8.S.C 8.Y.V,2.0 1.5,su,0.0,1368.0
291,fire,BATAK PALAWAN,apuj,a p u j,7 1 7 6,XBYN,APYJ,9.0,9.A.V 9.P.C 9.Y.V 9.J.c,1.5 1.75 1.3 0.8,apuj,0.0,1364.0
331,fire,BILAAN KORONADAL,lifoh,l i f o h,5 7 3 7 3,AXBYN,LIBUH,10.0,10.L.C 10.I.V 10.B.C 10.U.V 10.H.c,2.0 1.5 1.75 1.3 0.8,lifoh,0.0,1370.0
371,fire,BILAAN SARANGANI,lifo,l i f o,5 7 3 7,AXBZ,LIBU,11.0,11.L.C 11.I.V 11.B.C 11.U.V,2.0 1.5 1.75 0.8,lifo,0.0,1370.0
411,fire,BINUKID,hapuj,h a p u j,3 7 1 7 6,AXBYN,HAPYJ,12.0,12.H.C 12.A.V 12.P.C 12.Y.V 12.J.c,2.0 1.5 1.75 1.3 0.8,hapuj,0.0,1364.0
451,fire,BONGGI,afi,a f i,7 3 7,XBZ,ABI,14.0,14.A.V 14.B.C 14.I.V,1.5 1.75 0.8,afi,0.0,1374.0
491,fire,BONTOC GUINAANG,apoj,a p o j,7 1 7 6,XBYN,APUJ,15.0,15.A.V 15.P.C 15.U.V 15.J.c,1.5 1.75 1.3 0.8,apoj,0.0,1364.0
531,fire,BROOKES POINT PALAWAN,apuj,a p u j,7 1 7 6,XBYN,APYJ,16.0,16.A.V 16.P.C 16.Y.V 16.J.c,1.5 1.75 1.3 0.8,apuj,0.0,1364.0
571,fire,BUHI,kalaju,k a l a j u,1 7 5 7 6 7,AXBYBZ,KALAJY,17.0,17.K.C 17.A.V 17.L.C 17.A.V 17.J.C 17.Y.V,2.0 1.5 1.75 1.3 1.75 0.8,kalaju,0.0,1384.0
611,fire,BUHINON ALBAY BICOLANO,kalajo,k a l a j o,1 7 5 7 6 7,AXBYBZ,KALAJU,18.0,18.K.C 18.A.V 18.L.C 18.A.V 18.J.C 18.U.V,2.0 1.5 1.75 1.3 1.75 0.8,kalajo,0.0,1384.0
651,fire,BUKIDNON BINUKID,hapuj,h a p u j,3 7 1 7 6,AXBYN,HAPYJ,19.0,19.H.C 19.A.V 19.P.C 19.Y.V 19.J.c,2.0 1.5 1.75 1.3 0.8,hapuj,0.0,1364.0
691,fire,BUTUANON,kajo,k a j o,1 7 6 7,AXBZ,KAJU,20.0,20.K.C 20.A.V 20.J.C 20.U.V,2.0 1.5 1.75 0.8,kajo,0.0,1384.0
731,fire,CAIJIA,fai,f a i,3 7 7,AXZ,BAI,21.0,21.B.C 21.A.V 21.I.V,2.0 1.5 0.8,fai,0.0,1381.0
771,fire,CANIPAAN PALAWAN,apuj,a p u j,7 1 7 6,XBYN,APYJ,22.0,22.A.V 22.P.C 22.Y.V 22.J.c,1.5 1.75 1.3 0.8,apuj,0.0,1364.0
811,fire,CASIGURAN NEGRITO,apuj,a p u j,7 1 7 6,XBYN,APYJ,23.0,23.A.V 23.P.C 23.Y.V 23.J.c,1.5 1.75 1.3 0.8,apuj,0.0,1383.0
851,fire,CEBUANO,kalaju,k a l a j u,1 7 5 7 6 7,AXBYBZ,KALAJY,24.0,24.K.C 24.A.V 24.L.C 24.A.V 24.J.C 24.Y.V,2.0 1.5 1.75 1.3 1.75 0.8,kalaju,0.0,1384.0
891,fire,CENTRAL BICOLANO,kalajo,k a l a j o,1 7 5 7 6 7,AXBYBZ,KALAJU,25.0,25.K.C 25.A.V 25.L.C 25.A.V 25.J.C 25.U.V,2.0 1.5 1.75 1.3 1.75 0.8,kalajo,0.0,1384.0
931,fire,CENTRAL BONTOC,apuj,a p u j,7 1 7 6,XBYN,APYJ,26.0,26.A.V 26.P.C 26.Y.V 26.J.c,1.5 1.75 1.3 0.8,apuj,0.0,1364.0
971,fire,CENTRAL DUSUN,tapui,t a p u i,1 7 1 7 7,AXBYZ,TAPYI,27.0,27.T.C 27.A.V 27.P.C 27.Y.V 27.I.V,2.0 1.5 1.75 1.3 0.8,tapui,0.0,1363.0
1011,fire,CENTRAL TAGBANWA,apoj,a p o j,7 1 7 6,XBYN,APUJ,28.0,28.A.V 28.P.C 28.U.V 28.J.c,1.5 1.75 1.3 0.8,apoj,0.0,1364.0
1051,fire,CUYONON,kalajoʔ,k a l a j o ʔ,1 7 5 7 6 7 1,AXBYBYN,KALAJUH,29.0,29.K.C 29.A.V 29.L.C 29.A.V 29.J.C 29.U.V 29.H.c,2.0 1.5 1.75 1.3 1.75 1.3 0.8,kalajoʔ,0.0,1384.0
1091,fire,DARAGA,kalaju,k a l a j u,1 7 5 7 6 7,AXBYBZ,KALAJY,30.0,30.K.C 30.A.V 30.L.C 30.A.V 30.J.C 30.Y.V,2.0 1.5 1.75 1.3 1.75 0.8,kalaju,0.0,1384.0
1131,fire,DUMAGAT CASIGURAN,apoj,a p o j,7 1 7 6,XBYN,APUJ,31.0,31.A.V 31.P.C 31.U.V 31.J.c,1.5 1.75 1.3 0.8,apoj,0.0,1361.0
1171,fire,DUPANINGAN AGTA,gaŋatan,g a ŋ a t a n,1 7 4 7 1 7 4,AXBYBYN,KANATAN,32.0,32.K.C 32.A.V 32.N.C 32.A.V 32.T.C 32.A.V 32.N.c,2.0 1.5 1.75 1.3 1.75 1.3 0.8,gaŋatan,0.0,1392.0
1211,fire,ENGLISH,fEir,f æ i r,3 7 7 5,AXYN,BEIR,33.0,33.B.C 33.E.V 33.I.V 33.R.c,2.0 1.5 1.3 0.8,fæir,0.0,1393.0
1251,fire,ESKAYAN,poloʔiso,p o l o ʔ i s o,1 7 5 7 1 7 3 7,AXBYBYBZ,PULUHISU,34.0,34.P.C 34.U.V 34.L.C 34.U.V 34.H.C 34.I.V 34.S.C 34.U.V,2.0 1.5 1.75 1.3 1.75 1.3 1.75 0.8,poloʔiso,0.0,1394.0
1291,fire,ESTONIAN,tuli,t u l i,1 7 5 7,AXBZ,TYLI,35.0,35.T.C 35.Y.V 35.L.C 35.I.V,2.0 1.5 1.75 0.8,tuli,0.0,1395.0
1331,fire,FINNISH,tuli,t u l i,1 7 5 7,AXBZ,TYLI,37.0,37.T.C 37.Y.V 37.L.C 37.I.V,2.0 1.5 1.75 0.8,tuli,0.0,1395.0
1371,fire,FUZHOU CHINESE,hui,h u i,3 7 7,AXZ,HYI,38.0,38.H.C 38.Y.V 38.I.V,2.0 1.5 0.8,hui,0.0,1397.0
1411,fire,GADDANG,apuj,a p u j,7 1 7 6,XBYN,APYJ,39.0,39.A.V 39.P.C 39.Y.V 39.J.c,1.5 1.75 1.3 0.8,apuj,0.0,1361.0
1451,fire,HANUNOO,apuj,a p u j,7 1 7 6,XBYN,APYJ,40.0,40.A.V 40.P.C 40.Y.V 40.J.c,1.5 1.75 1.3 0.8,apuj,0.0,1364.0
1491,fire,HIGAONON BINUKID,hapuj,h a p u j,3 7 1 7 6,AXBYN,HAPYJ,41.0,41.H.C 41.A.V 41.P.C 41.Y.V 41.J.c,2.0 1.5 1.75 1.3 0.8,hapuj,0.0,1364.0
1531,fire,HUNGARIAN,tiz,t i z,1 7 3,AXN,TIS,43.0,43.T.C 43.I.V 43.S.c,2.0 1.5 0.8,tiz,0.0,1402.0
1571,fire,IBALOI,afoj,a f o j,7 3 7 6,XBYN,ABUJ,44.0,44.A.V 44.B.C 44.U.V 44.J.c,1.5 1.75 1.3 0.8,afoj,0.0,1364.0
1611,fire,IBANAG,afi,a f i,7 3 7,XBZ,ABI,45.0,45.A.V 45.B.C 45.I.V,1.5 1.75 0.8,afi,0.0,1404.0
1651,fire,IDAAN,apuj,a p u j,7 1 7 6,XBYN,APYJ,46.0,46.A.V 46.P.C 46.Y.V 46.J.c,1.5 1.75 1.3 0.8,apuj,0.0,1364.0
1691,fire,IFUGAO AMGANAD,apuj,a p u j,7 1 7 6,XBYN,APYJ,47.0,47.A.V 47.P.C 47.Y.V 47.J.c,1.5 1.75 1.3 0.8,apuj,0.0,1406.0
1731,fire,IFUGAO BATAD,apuj,a p u j,7 1 7 6,XBYN,APYJ,48.0,48.A.V 48.P.C 48.Y.V 48.J.c,1.5 1.75 1.3 0.8,apuj,0.0,1364.0
1771,fire,IFUGAO BAYNINAN,apuj,a p u j,7 1 7 6,XBYN,APYJ,49.0,49.A.V 49.P.C 49.Y.V 49.J.c,1.5 1.75 1.3 0.8,apuj,0.0,1408.0
1811,fire,ILOKANO,apoj,a p o j,7 1 7 6,XBYN,APUJ,50.0,50.A.V 50.P.C 50.U.V 50.J.c,1.5 1.75 1.3 0.8,apoj,0.0,1364.0
1851,fire,ILONGOT KAKIDUGEN,gapuj,g a p u j,1 7 1 7 6,AXBYN,KAPYJ,51.0,51.K.C 51.A.V 51.P.C 51.Y.V 51.J.c,2.0 1.5 1.75 1.3 0.8,gapuj,0.0,1410.0
1891,fire,INIBALOI,apoj,a p o j,7 1 7 6,XBYN,APUJ,54.0,54.A.V 54.P.C 54.U.V 54.J.c,1.5 1.75 1.3 0.8,apoj,0.0,1364.0
1931,fire,IRANUN,apui,a p u i,7 1 7 7,XBYZ,APYI,55.0,55.A.V 55.P.C 55.Y.V 55.I.V,1.5 1.75 1.3 0.8,apui,0.0,1363.0
1971,fire,IRIGA,kalaju,k a l a j u,1 7 5 7 6 7,AXBYBZ,KALAJY,57.0,57.K.C 57.A.V 57.L.C 57.A.V 57.J.C 57.Y.V,2.0 1.5 1.75 1.3 1.75 0.8,kalaju,0.0,1384.0
2011,fire,ISNAG,apuj,a p u j,7 1 7 6,XBYN,APYJ,59.0,59.A.V 59.P.C 59.Y.V 59.J.c,1.5 1.75 1.3 0.8,apuj,0.0,1364.0
2051,fire,ISNEG,apuj,a p u j,7 1 7 6,XBYN,APYJ,60.0,60.A.V 60.P.C 60.Y.V 60.J.c,1.5 1.75 1.3 0.8,apuj,0.0,1364.0
2091,fire,ITAWIT,Efi,æ f i,7 3 7,XBZ,EBI,61.0,61.E.V 61.B.C 61.I.V,1.5 1.75 0.8,æfi,0.0,1420.0
2131,fire,ITBAYATEN BATANES ISLANDS,hapuj,h a p u j,3 7 1 7 6,AXBYN,HAPYJ,62.0,62.H.C 62.A.V 62.P.C 62.Y.V 62.J.c,2.0 1.5 1.75 1.3 0.8,hapuj,0.0,1364.0
2171,fire,ITNEG BINONGAN,apoj,a p o j,7 1 7 6,XBYN,APUJ,63.0,63.A.V 63.P.C 63.U.V 63.J.c,1.5 1.75 1.3 0.8,apoj,0.0,1364.0
2211,fire,IVATAN BATANES ISLANDS,apoj,a p o j,7 1 7 6,XBYN,APUJ,65.0,65.A.V 65.P.C 65.U.V 65.J.c,1.5 1.75 1.3 0.8,apoj,0.0,1364.0
2251,fire,JAPANESE,hi,h i,3 7,AX,HI,66.0,66.H.C 66.I.V,2.0 1.5,hi,0.0,1425.0
2291,fire,KADAZAN,tapui,t a p u i,1 7 1 7 7,AXBYZ,TAPYI,67.0,67.T.C 67.A.V 67.P.C 67.Y.V 67.I.V,2.0 1.5 1.75 1.3 0.8,tapui,0.0,1363.0
2331,fire,KAGAYANEN,apuj,a p u j,7 1 7 6,XBYN,APYJ,68.0,68.A.V 68.P.C 68.Y.V 68.J.c,1.5 1.75 1.3 0.8,apuj,0.0,1364.0
2371,fire,KALAGAN,atulun,a t u l u n,7 1 7 5 7 4,XBYBYN,ATYLYN,69.0,69.A.V 69.T.C 69.Y.V 69.L.C 69.Y.V 69.N.c,1.5 1.75 1.3 1.75 1.3 0.8,atulun,0.0,1428.0
2411,fire,KALINGA GUINAANG,apuj,a p u j,7 1 7 6,XBYN,APYJ,70.0,70.A.V 70.P.C 70.Y.V 70.J.c,1.5 1.75 1.3 0.8,apuj,0.0,1364.0
2451,fire,KALINGA LIMOS,apuj,a p u j,7 1 7 6,XBYN,APYJ,71.0,71.A.V 71.P.C 71.Y.V 71.J.c,1.5 1.75 1.3 0.8,apuj,0.0,1364.0
2491,fire,KALLAHAN KAYAPA PROPER,apuj,a p u j,7 1 7 6,XBYN,APYJ,72.0,72.A.V 72.P.C 72.Y.V 72.J.c,1.5 1.75 1.3 0.8,apuj,0.0,1364.0
2531,fire,KALLAHAN KELEYQIQ IFUGAO,apuj,a p u j,7 1 7 6,XBYN,APYJ,73.0,73.A.V 73.P.C 73.Y.V 73.J.c,1.5 1.75 1.3 0.8,apuj,0.0,1364.0
2571,fire,KANKANAY NORTHERN,apoj,a p o j,7 1 7 6,XBYN,APUJ,75.0,75.A.V 75.P.C 75.U.V 75.J.c,1.5 1.75 1.3 0.8,apoj,0.0,1364.0
2611,fire,KAPAMPANGAN,apiʔ,a p i ʔ,7 1 7 1,XBYN,APIH,76.0,76.A.V 76.P.C 76.I.V 76.H.c,1.5 1.75 1.3 0.8,apiʔ,0.0,1363.0
2651,fire,KINARAY A,kalajo,k a l a j o,1 7 5 7 6 7,AXBYBZ,KALAJU,77.0,77.K.C 77.A.V 77.L.C 77.A.V 77.J.C 77.U.V,2.0 1.5 1.75 1.3 1.75 0.8,kalajo,0.0,1384.0
2691,fire,KOREAN,pul,p u l,1 7 5,AXN,PYL,78.0,78.P.C 78.Y.V 78.L.c,2.0 1.5 0.8,pul,0.0,1437.0
2731,fire,LEGAZPI,kalaju,k a l a j u,1 7 5 7 6 7,AXBYBZ,KALAJY,79.0,79.K.C 79.A.V 79.L.C 79.A.V 79.J.C 79.Y.V,2.0 1.5 1.75 1.3 1.75 0.8,kalaju,0.0,1384.0
2771,fire,LIBON,kalaju,k a l a j u,1 7 5 7 6 7,AXBYBZ,KALAJY,80.0,80.K.C 80.A.V 80.L.C 80.A.V 80.J.C 80.Y.V,2.0 1.5 1.75 1.3 1.75 0.8,kalaju,0.0,1384.0
2811,fire,LIVE,tul,t u l,1 7 5,AXN,TYL,82.0,82.T.C 82.Y.V 82.L.c,2.0 1.5 0.8,tul,0.0,1395.0
2851,fire,MAGUINDANAO,apuj,a p u j,7 1 7 6,XBYN,APYJ,83.0,83.A.V 83.P.C 83.Y.V 83.J.c,1.5 1.75 1.3 0.8,apuj,0.0,1364.0
2891,fire,MAMANWA,gabok,g a b o k,1 7 1 7 1,AXBYN,KAPUK,84.0,84.K.C 84.A.V 84.P.C 84.U.V 84.K.c,2.0 1.5 1.75 1.3 0.8,gabok,0.0,1443.0
2931,fire,MANOBO ATA,hapuj,h a p u j,3 7 1 7 6,AXBYN,HAPYJ,88.0,88.H.C 88.A.V 88.P.C 88.Y.V 88.J.c,2.0 1.5 1.75 1.3 0.8,hapuj,0.0,1364.0
2971,fire,MANOBO DIBABAWON,kaju,k a j u,1 7 6 7,AXBZ,KAJY,89.0,89.K.C 89.A.V 89.J.C 89.Y.V,2.0 1.5 1.75 0.8,kaju,0.0,1448.0
3011,fire,MANOBO ILIANEN,apuj,a p u j,7 1 7 6,XBYN,APYJ,90.0,90.A.V 90.P.C 90.Y.V 90.J.c,1.5 1.75 1.3 0.8,apuj,0.0,1364.0
3051,fire,MANOBO KALAMANSIG COTABATO,apuj,a p u j,7 1 7 6,XBYN,APYJ,91.0,91.A.V 91.P.C 91.Y.V 91.J.c,1.5 1.75 1.3 0.8,apuj,0.0,1364.0
3091,fire,MANOBO SARANGANI,apoj,a p o j,7 1 7 6,XBYN,APUJ,92.0,92.A.V 92.P.C 92.U.V 92.J.c,1.5 1.75 1.3 0.8,apoj,0.0,1364.0
3131,fire,MANOBO TIGWA,hapuj,h a p u j,3 7 1 7 6,AXBYN,HAPYJ,93.0,93.H.C 93.A.V 93.P.C 93.Y.V 93.J.c,2.0 1.5 1.75 1.3 0.8,hapuj,0.0,1364.0
3171,fire,MANOBO WESTERN BUKIDNON,hapuj,h a p u j,3 7 1 7 6,AXBYN,HAPYJ,94.0,94.H.C 94.A.V 94.P.C 94.Y.V 94.J.c,2.0 1.5 1.75 1.3 0.8,hapuj,0.0,1364.0
3211,fire,MANSAKA,aturun,a t u r u n,7 1 7 5 7 4,XBYBYN,ATYRYN,95.0,95.A.V 95.T.C 95.Y.V 95.R.C 95.Y.V 95.N.c,1.5 1.75 1.3 1.75 1.3 0.8,aturun,0.0,1428.0
3251,fire,MAPUN,api,a p i,7 1 7,XBZ,API,97.0,97.A.V 97.P.C 97.I.V,1.5 1.75 0.8,api,0.0,1363.0
3291,fire,MARANAO,apoi,a p o i,7 1 7 7,XBYZ,APUI,98.0,98.A.V 98.P.C 98.U.V 98.I.V,1.5 1.75 1.3 0.8,apoi,0.0,1363.0
3331,fire,MARINDUQUE TAGALOG,ʔapuj,ʔ a p u j,1 7 1 7 6,AXBYN,HAPYJ,99.0,99.H.C 99.A.V 99.P.C 99.Y.V 99.J.c,2.0 1.5 1.75 1.3 0.8,ʔapuj,0.0,1364.0
3371,fire,MASBATENYO,kalajo,k a l a j o,1 7 5 7 6 7,AXBYBZ,KALAJU,100.0,100.K.C 100.A.V 100.L.C 100.A.V 100.J.C 100.U.V,2.0 1.5 1.75 1.3 1.75 0.8,kalajo,0.0,1384.0
3411,fire,MINANGALI LOWER TANUDAN KALINGA,apuj,a p u j,7 1 7 6,XBYN,APYJ,101.0,101.A.V 101.P.C 101.Y.V 101.J.c,1.5 1.75 1.3 0.8,apuj,0.0,1364.0
3451,fire,MOKSHA,tol,t o l,1 7 5,AXN,TUL,102.0,102.T.C 102.U.V 102.L.c,2.0 1.5 0.8,tol,0.0,1461.0
3491,fire,MOLBOG,apuj,a p u j,7 1 7 6,XBYN,APYJ,103.0,103.A.V 103.P.C 103.Y.V 103.J.c,1.5 1.75 1.3 0.8,apuj,0.0,1364.0
3531,fire,MOLBOG 2,apuj,a p u j,7 1 7 6,XBYN,APYJ,104.0,104.A.V 104.P.C 104.Y.V 104.J.c,1.5 1.75 1.3 0.8,apuj,0.0,1364.0
3571,fire,MONGOLIAN,GaL,g a l,1 7 5,AXN,KAL,105.0,105.K.C 105.A.V 105.L.c,2.0 1.5 0.8,gal,0.0,1464.0
3611,fire,MORO MAGINDANAU,apuj,a p u j,7 1 7 6,XBYN,APYJ,106.0,106.A.V 106.P.C 106.Y.V 106.J.c,1.5 1.75 1.3 0.8,apuj,0.0,1364.0
3651,fire,NAGA,kalaju,k a l a j u,1 7 5 7 6 7,AXBYBZ,KALAJY,107.0,107.K.C 107.A.V 107.L.C 107.A.V 107.J.C 107.Y.V,2.0 1.5 1.75 1.3 1.75 0.8,kalaju,0.0,1384.0
3691,fire,NORTHERN CATANDUANES,karaju,k a r a j u,1 7 5 7 6 7,AXBYBZ,KARAJY,108.0,108.K.C 108.A.V 108.R.C 108.A.V 108.J.C 108.Y.V,2.0 1.5 1.75 1.3 1.75 0.8,karaju,0.0,1384.0
3731,fire,NORTHERN SORSOGON,kalaju,k a l a j u,1 7 5 7 6 7,AXBYBZ,KALAJY,109.0,109.K.C 109.A.V 109.L.C 109.A.V 109.J.C 109.Y.V,2.0 1.5 1.75 1.3 1.75 0.8,kalaju,0.0,1384.0
3771,fire,OAS,kalaju,k a l a j u,1 7 5 7 6 7,AXBYBZ,KALAJY,110.0,110.K.C 110.A.V 110.L.C 110.A.V 110.J.C 110.Y.V,2.0 1.5 1.75 1.3 1.75 0.8,kalaju,0.0,1384.0
3811,fire,PALAWANO BATAK,apuj,a p u j,7 1 7 6,XBYN,APYJ,111.0,111.A.V 111.P.C 111.Y.V 111.J.c,1.5 1.75 1.3 0.8,apuj,0.0,1364.0
3851,fire,PANGASINAN,poʔol,p o ʔ o l,1 7 1 7 5,AXBYN,PUHUL,112.0,112.P.C 112.U.V 112.H.C 112.U.V 112.L.c,2.0 1.5 1.75 1.3 0.8,poʔol,0.0,1471.0
3891,fire,PANGUTARAN SAMA,api,a p i,7 1 7,XBZ,API,113.0,113.A.V 113.P.C 113.I.V,1.5 1.75 0.8,api,0.0,1363.0
3931,fire,PANGUTARAN SAMA (1),api,a p i,7 1 7,XBZ,API,114.0,114.A.V 114.P.C 114.I.V,1.5 1.75 0.8,api,0.0,1363.0
3971,fire,PROTO PALAWAN,ʔapuj,ʔ a p u j,1 7 1 7 6,AXBYN,HAPYJ,115.0,115.H.C 115.A.V 115.P.C 115.Y.V 115.J.c,2.0 1.5 1.75 1.3 0.8,ʔapuj,0.0,1364.0
4011,fire,QUEZON PALAWAN,apuj,a p u j,7 1 7 6,XBYN,APYJ,117.0,117.A.V 117.P.C 117.Y.V 117.J.c,1.5 1.75 1.3 0.8,apuj,0.0,1364.0
4051,fire,ROMBLOMANON 1,kalajo,k a l a j o,1 7 5 7 6 7,AXBYBZ,KALAJU,118.0,118.K.C 118.A.V 118.L.C 118.A.V 118.J.C 118.U.V,2.0 1.5 1.75 1.3 1.75 0.8,kalajo,0.0,1384.0
4091,fire,ROMBLOMANON 2,kalaju,k a l a j u,1 7 5 7 6 7,AXBYBZ,KALAJY,119.0,119.K.C 119.A.V 119.L.C 119.A.V 119.J.C 119.Y.V,2.0 1.5 1.75 1.3 1.75 0.8,kalaju,0.0,1384.0
4131,fire,SAMAL,api,a p i,7 1 7,XBZ,API,120.0,120.A.V 120.P.C 120.I.V,1.5 1.75 0.8,api,0.0,1363.0
4171,fire,SAMBAL BOTOLAN,apoj,a p o j,7 1 7 6,XBYN,APUJ,121.0,121.A.V 121.P.C 121.U.V 121.J.c,1.5 1.75 1.3 0.8,apoj,0.0,1364.0
4211,fire,SANGIL,putuŋ,p u t u ŋ,1 7 1 7 4,AXBYN,PYTYN,122.0,122.P.C 122.Y.V 122.T.C 122.Y.V 122.N.c,2.0 1.5 1.75 1.3 0.8,putuŋ,0.0,1481.0
4251,fire,SANGIL SARANGANI ISLANDS,putuŋ,p u t u ŋ,1 7 1 7 4,AXBYN,PYTYN,123.0,123.P.C 123.Y.V 123.T.C 123.Y.V 123.N.c,2.0 1.5 1.75 1.3 0.8,putuŋ,0.0,1481.0
4291,fire,SEDANG,on,o n,7 4,XN,UN,124.0,124.U.V 124.N.c,1.5 0.8,on,0.0,1483.0
4371,fire,SOGODNIN BORACAY,jimpon,j i m p o n,6 7 4 1 7 4,AXMBYN,JIMPUN,127.0,127.J.C 127.I.V 127.M.c 127.P.C 127.U.V 127.N.c,2.0 1.5 1.1 1.75 1.3 0.8,jimpon,0.0,1485.0
4411,fire,SOUTH SAAMI,dolə,d o l ə,1 7 5 7,AXBZ,TULE,128.0,128.T.C 128.U.V 128.L.C 128.E.V,2.0 1.5 1.75 0.8,dolə,0.0,1395.0
4451,fire,SOUTHERN CATANDUANES,kalaju,k a l a j u,1 7 5 7 6 7,AXBYBZ,KALAJY,129.0,129.K.C 129.A.V 129.L.C 129.A.V 129.J.C 129.Y.V,2.0 1.5 1.75 1.3 1.75 0.8,kalaju,0.0,1384.0
4491,fire,SOUTHERN SORSOGON,kalaju,k a l a j u,1 7 5 7 6 7,AXBYBZ,KALAJY,131.0,131.K.C 131.A.V 131.L.C 131.A.V 131.J.C 131.Y.V,2.0 1.5 1.75 1.3 1.75 0.8,kalaju,0.0,1384.0
4531,fire,SOUTHWEST PALAWANO,apoj,a p o j,7 1 7 6,XBYN,APUJ,132.0,132.A.V 132.P.C 132.U.V 132.J.c,1.5 1.75 1.3 0.8,apoj,0.0,1364.0
4571,fire,SPANISH,fuego,f u e g o,3 7 7 1 7,AXYBZ,BYEKU,133.0,133.B.C 133.Y.V 133.E.V 133.K.C 133.U.V,2.0 1.5 1.3 1.75 0.8,fuego,0.0,1490.0
4611,fire,SUBANON SIOCON,gapoj,g a p o j,1 7 1 7 6,AXBYN,KAPUJ,134.0,134.K.C 134.A.V 134.P.C 134.U.V 134.J.c,2.0 1.5 1.75 1.3 0.8,gapoj,0.0,1364.0
4651,fire,SUBANUN SINDANGAN,gapuj,g a p u j,1 7 1 7 6,AXBYN,KAPYJ,135.0,135.K.C 135.A.V 135.P.C 135.Y.V 135.J.c,2.0 1.5 1.75 1.3 0.8,gapuj,0.0,1364.0
4691,fire,SURIGAONON,kajadʒo,k a j a dʒ o,1 7 6 7 1 7,AXBYBZ,KAJATU,136.0,136.K.C 136.A.V 136.J.C 136.A.V 136.T.C 136.U.V,2.0 1.5 1.75 1.3 1.75 0.8,kajadʒo,0.0,1493.0
4731,fire,TAGABAWA,apuj,a p u j,7 1 7 6,XBYN,APYJ,137.0,137.A.V 137.P.C 137.Y.V 137.J.c,1.5 1.75 1.3 0.8,apuj,0.0,1494.0
4771,fire,TAGABILI,ofih,o f i h,7 3 7 3,XBYN,UBIH,138.0,138.U.V 138.B.C 138.I.V 138.H.c,1.5 1.75 1.3 0.8,ofih,0.0,1495.0
4811,fire,TAGALOG,apoj,a p o j,7 1 7 6,XBYN,APUJ,139.0,139.A.V 139.P.C 139.U.V 139.J.c,1.5 1.75 1.3 0.8,apoj,0.0,1364.0
4851,fire,TAGBANUA ABORLAN,ʔapuj,ʔ a p u j,1 7 1 7 6,AXBYN,HAPYJ,140.0,140.H.C 140.A.V 140.P.C 140.Y.V 140.J.c,2.0 1.5 1.75 1.3 0.8,ʔapuj,0.0,1364.0
4891,fire,TAGBANWA ABORLAN,apuj,a p u j,7 1 7 6,XBYN,APYJ,141.0,141.A.V 141.P.C 141.Y.V 141.J.c,1.5 1.75 1.3 0.8,apuj,0.0,1364.0
4931,fire,TAGBANWA KALAMIAN,apuj,a p u j,7 1 7 6,XBYN,APYJ,142.0,142.A.V 142.P.C 142.Y.V 142.J.c,1.5 1.75 1.3 0.8,apuj,0.0,1499.0
4971,fire,TALAANDIG BINUKID,hapuj,h a p u j,3 7 1 7 6,AXBYN,HAPYJ,143.0,143.H.C 143.A.V 143.P.C 143.Y.V 143.J.c,2.0 1.5 1.75 1.3 0.8,hapuj,0.0,1364.0
5011,fire,TAMBUNAN DUSUN,tapui,t a p u i,1 7 1 7 7,AXBYZ,TAPYI,144.0,144.T.C 144.A.V 144.P.C 144.Y.V 144.I.V,2.0 1.5 1.75 1.3 0.8,tapui,0.0,1363.0
5051,fire,TAUSUG,kajuh,k a j u h,1 7 6 7 3,AXBYN,KAJYH,145.0,145.K.C 145.A.V 145.J.C 145.Y.V 145.H.c,2.0 1.5 1.75 1.3 0.8,kajuh,0.0,1502.0
5091,fire,TAUT BATU,ʔapuj,ʔ a p u j,1 7 1 7 6,AXBYN,HAPYJ,146.0,146.H.C 146.A.V 146.P.C 146.Y.V 146.J.c,2.0 1.5 1.75 1.3 0.8,ʔapuj,0.0,1364.0
5131,fire,TBOLI TAGABILI,ohuʔ,o h u ʔ,7 3 7 1,XBYN,UHYH,147.0,147.U.V 147.H.C 147.Y.V 147.H.c,1.5 1.75 1.3 0.8,ohuʔ,0.0,1504.0
5171,fire,TIMUGON MURUT,apuj,a p u j,7 1 7 6,XBYN,APYJ,148.0,148.A.V 148.P.C 148.Y.V 148.J.c,1.5 1.75 1.3 0.8,apuj,0.0,1364.0
5211,fire,TIRURAY,afej,a f e j,7 3 7 6,XBYN,ABEJ,149.0,149.A.V 149.B.C 149.E.V 149.J.c,1.5 1.75 1.3 0.8,afej,0.0,1364.0
5251,fire,TURKISH,ateS,a t e s,7 1 7 3,XBYN,ATES,150.0,150.A.V 150.T.C 150.E.V 150.S.c,1.5 1.75 1.3 0.8,ates,0.0,1495.0
5291,fire,UGARITIC,iSitu,i s i t u,7 3 7 1 7,XBYBZ,ISITY,151.0,151.I.V 151.S.C 151.I.V 151.T.C 151.Y.V,1.5 1.75 1.3 1.75 0.8,isitu,0.0,1508.0
5331,fire,WARAY WARAY,kajo,k a j o,1 7 6 7,AXBZ,KAJU,152.0,152.K.C 152.A.V 152.J.C 152.U.V,2.0 1.5 1.75 0.8,kajo,0.0,1384.0
5371,fire,YAKAN,ebut,e b u t,7 1 7 1,XBYN,EPYT,153.0,153.E.V 153.P.C 153.Y.V 153.T.c,1.5 1.75 1.3 0.8,ebut,0.0,1510.0
5411,fire,YOGAD,afuj,a f u j,7 3 7 6,XBYN,ABYJ,154.0,154.A.V 154.B.C 154.Y.V 154.J.c,1.5 1.75 1.3 0.8,afuj,0.0,1511.0
5491,fire,IMOROD,apoj,a p o j,7 1 7 6,XBYN,APUJ,52.0,52.A.V 52.P.C 52.U.V 52.J.c,1.5 1.75 1.3 0.8,apoj,0.0,1364.0
5531,fire,BABUYAN,apoj,a p o j,7 1 7 6,XBYN,APUJ,4.0,4.A.V 4.P.C 4.U.V 4.J.c,1.5 1.75 1.3 0.8,apoj,0.0,1364.0
5571,fire,BISAYA SABAH,apoi,a p o i,7 1 7 7,XBYZ,APUI,13.0,13.A.V 13.P.C 13.U.V 13.I.V,1.5 1.75 1.3 0.8,apoi,0.0,1363.0
5651,fire,HILIGAYNON,Clajo,c l a j o,1 5 7 6 7,ACXBZ,CLAJU,42.0,42.C.C 42.L.C 42.A.V 42.J.C 42.U.V,2.0 1.5 1.5 1.75 0.8,clajo,0.0,1401.0
5691,fire,INABAKNON,api,a p i,7 1 7,XBZ,API,53.0,53.A.V 53.P.C 53.I.V,1.5 1.75 0.8,api,0.0,1363.0
5731,fire,IRARALAY IVATAN,apoj,a p o j,7 1 7 6,XBYN,APUJ,56.0,56.A.V 56.P.C 56.U.V 56.J.c,1.5 1.75 1.3 0.8,apoj,0.0,1364.0
5771,fire,ISAMORONG IVATAN,apoj,a p o j,7 1 7 6,XBYN,APUJ,58.0,58.A.V 58.P.C 58.U.V 58.J.c,1.5 1.75 1.3 0.8,apoj,0.0,1364.0
5811,fire,IVASAY IVATAN,apoj,a p o j,7 1 7 6,XBYN,APUJ,64.0,64.A.V 64.P.C 64.U.V 64.J.c,1.5 1.75 1.3 0.8,apoj,0.0,1364.0
5851,fire,KANKANAEY,apoj,a p o j,7 1 7 6,XBYN,APUJ,74.0,74.A.V 74.P.C 74.U.V 74.J.c,1.5 1.75 1.3 0.8,apoj,0.0,1364.0
5891,fire,LIMOS KALINGA,apuj,a p u j,7 1 7 6,XBYN,APYJ,81.0,81.A.V 81.P.C 81.Y.V 81.J.c,1.5 1.75 1.3 0.8,apuj,0.0,1364.0
5931,fire,MANDAYAN BOSO,atulun,a t u l u n,7 1 7 5 7 4,XBYBYN,ATYLYN,85.0,85.A.V 85.T.C 85.Y.V 85.L.C 85.Y.V 85.N.c,1.5 1.75 1.3 1.75 1.3 0.8,atulun,0.0,1428.0
5971,fire,MANDAYAN CARAGA,atulun,a t u l u n,7 1 7 5 7 4,XBYBYN,ATYLYN,86.0,86.A.V 86.T.C 86.Y.V 86.L.C 86.Y.V 86.N.c,1.5 1.75 1.3 1.75 1.3 0.8,atulun,0.0,1428.0
6011,fire,MANDAYAN ISLAM PISO,atuun,a t uu n,7 1 7 4,XBYN,ATYN,87.0,87.A.V 87.T.C 87.Y.V 87.N.c,1.5 1.75 1.3 0.8,atuun,0.0,1428.0
6051,fire,MANSAKA 2,atulun,a t u l u n,7 1 7 5 7 4,XBYBYN,ATYLYN,96.0,96.A.V 96.T.C 96.Y.V 96.L.C 96.Y.V 96.N.c,1.5 1.75 1.3 1.75 1.3 0.8,atulun,0.0,1428.0
6091,fire,PROTO SOUTHERN MINDANAO,lipuh,l i p u h,5 7 1 7 3,AXBYN,LIPYH,116.0,116.L.C 116.I.V 116.P.C 116.Y.V 116.H.c,2.0 1.5 1.75 1.3 0.8,lipuh,0.0,1370.0
6131,fire,SINAUNA,apuj,a p u j,7 1 7 6,XBYN,APYJ,126.0,126.A.V 126.P.C 126.Y.V 126.J.c,1.5 1.75 1.3 0.8,apuj,0.0,1364.0
12,fish,AGTA,ikan,i k a n,7 1 7 4,XBYN,IKAN,1.0,1.I.V 1.K.C 1.A.V 1.N.c,1.5 1.75 1.3 0.8,ikan,0.0,1512.0
52,fish,AKLANON,isdaʔ,i s d a ʔ,7 3 1 7 1,XMBYN,ISTAH,2.0,2.I.V 2.S.c 2.T.C 2.A.V 2.H.c,1.5 1.1 1.75 1.3 0.8,isdaʔ,0.0,1513.0
92,fish,ATTA PAMPLONA,sira,s i r a,3 7 5 7,AXBZ,SIRA,3.0,3.S.C 3.I.V 3.R.C 3.A.V,2.0 1.5 1.75 0.8,sira,0.0,1514.0
132,fish,BALANGAW,gədiw,g ə d i w,1 7 1 7 6,AXBYN,KETIW,5.0,5.K.C 5.E.V 5.T.C 5.I.V 5.W.c,2.0 1.5 1.75 1.3 0.8,gədiw,0.0,1516.0
172,fish,BALANGINGI SAMA,daiŋ,d a i ŋ,1 7 7 4,AXYN,TAIN,6.0,6.T.C 6.A.V 6.I.V 6.N.c,2.0 1.5 1.3 0.8,daiŋ,0.0,1517.0
212,fish,BALANGINGI SAMA (1),daiŋ,d a i ŋ,1 7 7 4,AXYN,TAIN,7.0,7.T.C 7.A.V 7.I.V 7.N.c,2.0 1.5 1.3 0.8,daiŋ,0.0,1517.0
252,fish,BASQUE,arrain,a rr a i n,7 5 7 7 4,XBYYN,ARAIN,8.0,8.A.V 8.R.C 8.A.V 8.I.V 8.N.c,1.5 1.75 1.3 1.3 0.8,arrain,0.0,1519.0
292,fish,BATAK PALAWAN,sədaʔ,s ə d a ʔ,3 7 1 7 1,AXBYN,SETAH,9.0,9.S.C 9.E.V 9.T.C 9.A.V 9.H.c,2.0 1.5 1.75 1.3 0.8,sədaʔ,0.0,1520.0
332,fish,BILAAN KORONADAL,nalaf,n a l a f,4 7 5 7 3,AXBYN,NALAB,10.0,10.N.C 10.A.V 10.L.C 10.A.V 10.B.c,2.0 1.5 1.75 1.3 0.8,nalaf,0.0,1521.0
372,fish,BILAAN SARANGANI,nalaf,n a l a f,4 7 5 7 3,AXBYN,NALAB,11.0,11.N.C 11.A.V 11.L.C 11.A.V 11.B.c,2.0 1.5 1.75 1.3 0.8,nalaf,0.0,1521.0
412,fish,BINUKID,sədaʔ,s ə d a ʔ,3 7 1 7 1,AXBYN,SETAH,12.0,12.S.C 12.E.V 12.T.C 12.A.V 12.H.c,2.0 1.5 1.75 1.3 0.8,sədaʔ,0.0,1520.0
452,fish,BONGGI,sadak,s a d a k,3 7 1 7 1,AXBYN,SATAK,14.0,14.S.C 14.A.V 14.T.C 14.A.V 14.K.c,2.0 1.5 1.75 1.3 0.8,sadak,0.0,1524.0
492,fish,BONTOC GUINAANG,gadəw,g a d ə w,1 7 1 7 6,AXBYN,KATEW,15.0,15.K.C 15.A.V 15.T.C 15.E.V 15.W.c,2.0 1.5 1.75 1.3 0.8,gadəw,0.0,1516.0
532,fish,BROOKES POINT PALAWAN,səraʔ,s ə r a ʔ,3 7 5 7 1,AXBYN,SERAH,16.0,16.S.C 16.E.V 16.R.C 16.A.V 16.H.c,2.0 1.5 1.75 1.3 0.8,səraʔ,0.0,1527.0
572,fish,BUHI,ʔisraʔ,ʔ i s r a ʔ,1 7 3 5 7 1,AXBCYN,HISRAH,17.0,17.H.C 17.I.V 17.S.C 17.R.C 17.A.V 17.H.c,2.0 1.5 1.75 1.5 1.3 0.8,ʔisraʔ,0.0,1528.0
612,fish,BUHINON ALBAY BICOLANO,israʔ,i s r a ʔ,7 3 5 7 1,XBCYN,ISRAH,18.0,18.I.V 18.S.C 18.R.C 18.A.V 18.H.c,1.5 1.75 1.5 1.3 0.8,israʔ,0.0,1528.0
652,fish,BUKIDNON BINUKID,isdaʔ,i s d a ʔ,7 3 1 7 1,XMBYN,ISTAH,19.0,19.I.V 19.S.c 19.T.C 19.A.V 19.H.c,1.5 1.1 1.75 1.3 0.8,isdaʔ,0.0,1530.0
692,fish,BUTUANON,isda,i s d a,7 3 1 7,XMBZ,ISTA,20.0,20.I.V 20.S.c 20.T.C 20.A.V,1.5 1.1 1.75 0.8,isda,0.0,1531.0
732,fish,CAIJIA,xuŋ,x u ŋ,3 7 4,AXN,GYN,21.0,21.G.C 21.Y.V 21.N.c,2.0 1.5 0.8,xuŋ,0.0,1532.0
772,fish,CANIPAAN PALAWAN,sədaʔ,s ə d a ʔ,3 7 1 7 1,AXBYN,SETAH,22.0,22.S.C 22.E.V 22.T.C 22.A.V 22.H.c,2.0 1.5 1.75 1.3 0.8,sədaʔ,0.0,1520.0
812,fish,CASIGURAN NEGRITO,ikan,i k a n,7 1 7 4,XBYN,IKAN,23.0,23.I.V 23.K.C 23.A.V 23.N.c,1.5 1.75 1.3 0.8,ikan,0.0,1512.0
852,fish,CEBUANO,isda,i s d a,7 3 1 7,XMBZ,ISTA,24.0,24.I.V 24.S.c 24.T.C 24.A.V,1.5 1.1 1.75 0.8,isda,0.0,1535.0
892,fish,CENTRAL BICOLANO,siraʔ,s i r a ʔ,3 7 5 7 1,AXBYN,SIRAH,25.0,25.S.C 25.I.V 25.R.C 25.A.V 25.H.c,2.0 1.5 1.75 1.3 0.8,siraʔ,0.0,1528.0
932,fish,CENTRAL BONTOC,gadiw,g a d i w,1 7 1 7 6,AXBYN,KATIW,26.0,26.K.C 26.A.V 26.T.C 26.I.V 26.W.c,2.0 1.5 1.75 1.3 0.8,gadiw,0.0,1516.0
972,fish,CENTRAL DUSUN,sadaʔ,s a d a ʔ,3 7 1 7 1,AXBYN,SATAH,27.0,27.S.C 27.A.V 27.T.C 27.A.V 27.H.c,2.0 1.5 1.75 1.3 0.8,sadaʔ,0.0,1520.0
1012,fish,CENTRAL TAGBANWA,daiŋ,d a i ŋ,1 7 7 4,AXYN,TAIN,28.0,28.T.C 28.A.V 28.I.V 28.N.c,2.0 1.5 1.3 0.8,daiŋ,0.0,1517.0
1052,fish,CUYONON,isdaʔ,i s d a ʔ,7 3 1 7 1,XMBYN,ISTAH,29.0,29.I.V 29.S.c 29.T.C 29.A.V 29.H.c,1.5 1.1 1.75 1.3 0.8,isdaʔ,0.0,1540.0
1092,fish,DARAGA,siraʔ,s i r a ʔ,3 7 5 7 1,AXBYN,SIRAH,30.0,30.S.C 30.I.V 30.R.C 30.A.V 30.H.c,2.0 1.5 1.75 1.3 0.8,siraʔ,0.0,1528.0
1132,fish,DUMAGAT CASIGURAN,ikan,i k a n,7 1 7 4,XBYN,IKAN,31.0,31.I.V 31.K.C 31.A.V 31.N.c,1.5 1.75 1.3 0.8,ikan,0.0,1512.0
1172,fish,DUPANINGAN AGTA,padut,p a d u t,1 7 1 7 1,AXBYN,PATYT,32.0,32.P.C 32.A.V 32.T.C 32.Y.V 32.T.c,2.0 1.5 1.75 1.3 0.8,padut,0.0,1543.0
1212,fish,ENGLISH,fiS,f i s,3 7 3,AXN,BIS,33.0,33.B.C 33.I.V 33.S.c,2.0 1.5 0.8,fis,0.0,1544.0
1252,fish,ESKAYAN,pir,p i r,1 7 5,AXN,PIR,34.0,34.P.C 34.I.V 34.R.c,2.0 1.5 0.8,pir,0.0,1545.0
1292,fish,ESTONIAN,kala,k a l a,1 7 5 7,AXBZ,KALA,35.0,35.K.C 35.A.V 35.L.C 35.A.V,2.0 1.5 1.75 0.8,kala,0.0,1546.0
1332,fish,FINNISH,kala,k a l a,1 7 5 7,AXBZ,KALA,37.0,37.K.C 37.A.V 37.L.C 37.A.V,2.0 1.5 1.75 0.8,kala,0.0,1546.0
1372,fish,FUZHOU CHINESE,ŋi,ŋ i,4 7,AX,NI,38.0,38.N.C 38.I.V,2.0 1.5,ŋi,0.0,1549.0
1412,fish,GADDANG,koriraw,k o r i r a w,1 7 5 7 5 7 6,AXBYBYN,KURIRAW,39.0,39.K.C 39.U.V 39.R.C 39.I.V 39.R.C 39.A.V 39.W.c,2.0 1.5 1.75 1.3 1.75 1.3 0.8,koriraw,0.0,1550.0
1452,fish,HANUNOO,isdaʔ,i s d a ʔ,7 3 1 7 1,XMBYN,ISTAH,40.0,40.I.V 40.S.c 40.T.C 40.A.V 40.H.c,1.5 1.1 1.75 1.3 0.8,isdaʔ,0.0,1530.0
1492,fish,HIGAONON BINUKID,isdaʔ,i s d a ʔ,7 3 1 7 1,XMBYN,ISTAH,41.0,41.I.V 41.S.c 41.T.C 41.A.V 41.H.c,1.5 1.1 1.75 1.3 0.8,isdaʔ,0.0,1530.0
1532,fish,HUNGARIAN,hal,h a l,3 7 5,AXN,HAL,43.0,43.H.C 43.A.V 43.L.c,2.0 1.5 0.8,hal,1.0,1554.0
1612,fish,IBANAG,sira,s i r a,3 7 5 7,AXBZ,SIRA,45.0,45.S.C 45.I.V 45.R.C 45.A.V,2.0 1.5 1.75 0.8,sira,0.0,1555.0
1652,fish,IDAAN,pait,p a i t,1 7 7 1,AXYN,PAIT,46.0,46.P.C 46.A.V 46.I.V 46.T.c,2.0 1.5 1.3 0.8,pait,0.0,1556.0
1692,fish,IFUGAO AMGANAD,dolog,d o l o g,1 7 5 7 1,AXBYN,TULUK,47.0,47.T.C 47.U.V 47.L.C 47.U.V 47.K.c,2.0 1.5 1.75 1.3 0.8,dolog,0.0,1557.0
1772,fish,IFUGAO BAYNINAN,dolog,d o l o g,1 7 5 7 1,AXBYN,TULUK,49.0,49.T.C 49.U.V 49.L.C 49.U.V 49.K.c,2.0 1.5 1.75 1.3 0.8,dolog,0.0,1557.0
1812,fish,ILOKANO,ikan,i k a n,7 1 7 4,XBYN,IKAN,50.0,50.I.V 50.K.C 50.A.V 50.N.c,1.5 1.75 1.3 0.8,ikan,0.0,1512.0
1852,fish,ILONGOT KAKIDUGEN,guduŋ,g u d u ŋ,1 7 1 7 4,AXBYN,KYTYN,51.0,51.K.C 51.Y.V 51.T.C 51.Y.V 51.N.c,2.0 1.5 1.75 1.3 0.8,guduŋ,0.0,1560.0
1892,fish,INIBALOI,paʔidəŋ,p a ʔ i d ə ŋ,1 7 1 7 1 7 4,AXBYBYN,PAHITEN,54.0,54.P.C 54.A.V 54.H.C 54.I.V 54.T.C 54.E.V 54.N.c,2.0 1.5 1.75 1.3 1.75 1.3 0.8,paʔidəŋ,0.0,1563.0
1932,fish,IRANUN,sedaʔ,s e d a ʔ,3 7 1 7 1,AXBYN,SETAH,55.0,55.S.C 55.E.V 55.T.C 55.A.V 55.H.c,2.0 1.5 1.75 1.3 0.8,sedaʔ,0.0,1520.0
1972,fish,IRIGA,ʔisiraʔ,ʔ i s i r a ʔ,1 7 3 7 5 7 1,AXBYBYN,HISIRAH,57.0,57.H.C 57.I.V 57.S.C 57.I.V 57.R.C 57.A.V 57.H.c,2.0 1.5 1.75 1.3 1.75 1.3 0.8,ʔisiraʔ,0.0,1528.0
2012,fish,ISNAG,sisida,s i s i d a,3 7 3 7 1 7,AXBYBZ,SISITA,59.0,59.S.C 59.I.V 59.S.C 59.I.V 59.T.C 59.A.V,2.0 1.5 1.75 1.3 1.75 0.8,sisida,0.0,1568.0
2052,fish,ISNEG,sissida,s i ss i d a,3 7 3 7 1 7,AXBYBZ,SISITA,60.0,60.S.C 60.I.V 60.S.C 60.I.V 60.T.C 60.A.V,2.0 1.5 1.75 1.3 1.75 0.8,sissida,0.0,1568.0
2092,fish,ITAWIT,dilis,d i l i s,1 7 5 7 3,AXBYN,TILIS,61.0,61.T.C 61.I.V 61.L.C 61.I.V 61.S.c,2.0 1.5 1.75 1.3 0.8,dilis,0.0,1570.0
2132,fish,ITBAYATEN BATANES ISLANDS,amuŋ,a m u ŋ,7 4 7 4,XBYN,AMYN,62.0,62.A.V 62.M.C 62.Y.V 62.N.c,1.5 1.75 1.3 0.8,amuŋ,0.0,1515.0
2172,fish,ITNEG BINONGAN,laməs,l a m ə s,5 7 4 7 3,AXBYN,LAMES,63.0,63.L.C 63.A.V 63.M.C 63.E.V 63.S.c,2.0 1.5 1.75 1.3 0.8,laməs,0.0,1572.0
2212,fish,IVATAN BATANES ISLANDS,amoŋ,a m o ŋ,7 4 7 4,XBYN,AMUN,65.0,65.A.V 65.M.C 65.U.V 65.N.c,1.5 1.75 1.3 0.8,amoŋ,0.0,1515.0
2252,fish,JAPANESE,uo,u o,7 7,XZ,YU,66.0,66.Y.V 66.U.V,1.5 0.8,uo,0.0,1575.0
2292,fish,KADAZAN,sada,s a d a,3 7 1 7,AXBZ,SATA,67.0,67.S.C 67.A.V 67.T.C 67.A.V,2.0 1.5 1.75 0.8,sada,0.0,1524.0
2332,fish,KAGAYANEN,sidaʔ,s i d a ʔ,3 7 1 7 1,AXBYN,SITAH,68.0,68.S.C 68.I.V 68.T.C 68.A.V 68.H.c,2.0 1.5 1.75 1.3 0.8,sidaʔ,0.0,1520.0
2372,fish,KALAGAN,isdaʔ,i s d a ʔ,7 3 1 7 1,XMBYN,ISTAH,69.0,69.I.V 69.S.c 69.T.C 69.A.V 69.H.c,1.5 1.1 1.75 1.3 0.8,isdaʔ,0.0,1530.0
2412,fish,KALINGA GUINAANG,lamos,l a m o s,5 7 4 7 3,AXBYN,LAMUS,70.0,70.L.C 70.A.V 70.M.C 70.U.V 70.S.c,2.0 1.5 1.75 1.3 0.8,lamos,0.0,1572.0
2452,fish,KALINGA LIMOS,ikan,i k a n,7 1 7 4,XBYN,IKAN,71.0,71.I.V 71.K.C 71.A.V 71.N.c,1.5 1.75 1.3 0.8,ikan,0.0,1512.0
2492,fish,KALLAHAN KAYAPA PROPER,paʔilləŋ,p a ʔ i ll ə ŋ,1 7 1 7 5 7 4,AXBYBYN,PAHILEN,72.0,72.P.C 72.A.V 72.H.C 72.I.V 72.L.C 72.E.V 72.N.c,2.0 1.5 1.75 1.3 1.75 1.3 0.8,paʔilləŋ,0.0,1563.0
2532,fish,KALLAHAN KELEYQIQ IFUGAO,deleg,d e l e g,1 7 5 7 1,AXBYN,TELEK,73.0,73.T.C 73.E.V 73.L.C 73.E.V 73.K.c,2.0 1.5 1.75 1.3 0.8,deleg,0.0,1557.0
2572,fish,KANKANAY NORTHERN,ikan,i k a n,7 1 7 4,XBYN,IKAN,75.0,75.I.V 75.K.C 75.A.V 75.N.c,1.5 1.75 1.3 0.8,ikan,0.0,1512.0
2612,fish,KAPAMPANGAN,asan,a s a n,7 3 7 4,XBYN,ASAN,76.0,76.A.V 76.S.C 76.A.V 76.N.c,1.5 1.75 1.3 0.8,asan,0.0,1585.0
2652,fish,KINARAY A,isda,i s d a,7 3 1 7,XMBZ,ISTA,77.0,77.I.V 77.S.c 77.T.C 77.A.V,1.5 1.1 1.75 0.8,isda,0.0,1586.0
2692,fish,KOREAN,mul kogi,m u l # k o g i,4 7 5 9 1 7 1 7,AXN_AXBZ,MYL_KUKI,78.0,78.M.C 78.Y.V 78.L.c 78._._ 78.K.C 78.U.V 78.K.C 78.I.V,2.0 1.5 0.8 0.0 2.0 1.5 1.75 0.8,mul#kogi,0.0,1587.0
2732,fish,LEGAZPI,siraʔ,s i r a ʔ,3 7 5 7 1,AXBYN,SIRAH,79.0,79.S.C 79.I.V 79.R.C 79.A.V 79.H.c,2.0 1.5 1.75 1.3 0.8,siraʔ,0.0,1528.0
2772,fish,LIBON,ʔisoraʔ,ʔ i s o r a ʔ,1 7 3 7 5 7 1,AXBYBYN,HISURAH,80.0,80.H.C 80.I.V 80.S.C 80.U.V 80.R.C 80.A.V 80.H.c,2.0 1.5 1.75 1.3 1.75 1.3 0.8,ʔisoraʔ,0.0,1528.0
2812,fish,LIVE,kala,k a l a,1 7 5 7,AXBZ,KALA,82.0,82.K.C 82.A.V 82.L.C 82.A.V,2.0 1.5 1.75 0.8,kala,0.0,1546.0
2852,fish,MAGUINDANAO,seda,s e d a,3 7 1 7,AXBZ,SETA,83.0,83.S.C 83.E.V 83.T.C 83.A.V,2.0 1.5 1.75 0.8,seda,0.0,1524.0
2892,fish,MAMANWA,idaʔ,i d a ʔ,7 1 7 1,XBYN,ITAH,84.0,84.I.V 84.T.C 84.A.V 84.H.c,1.5 1.75 1.3 0.8,idaʔ,0.0,1520.0
2932,fish,MANOBO ATA,ŋalap,ŋ a l a p,4 7 5 7 1,AXBYN,NALAP,88.0,88.N.C 88.A.V 88.L.C 88.A.V 88.P.c,2.0 1.5 1.75 1.3 0.8,ŋalap,0.0,1595.0
2972,fish,MANOBO DIBABAWON,isdaʔ,i s d a ʔ,7 3 1 7 1,XMBYN,ISTAH,89.0,89.I.V 89.S.c 89.T.C 89.A.V 89.H.c,1.5 1.1 1.75 1.3 0.8,isdaʔ,0.0,1530.0
3012,fish,MANOBO ILIANEN,səraʔ,s ə r a ʔ,3 7 5 7 1,AXBYN,SERAH,90.0,90.S.C 90.E.V 90.R.C 90.A.V 90.H.c,2.0 1.5 1.75 1.3 0.8,səraʔ,0.0,1528.0
3052,fish,MANOBO KALAMANSIG COTABATO,uton,u t o n,7 1 7 4,XBYN,YTUN,91.0,91.Y.V 91.T.C 91.U.V 91.N.c,1.5 1.75 1.3 0.8,uton,0.0,1598.0
3092,fish,MANOBO SARANGANI,ikan,i k a n,7 1 7 4,XBYN,IKAN,92.0,92.I.V 92.K.C 92.A.V 92.N.c,1.5 1.75 1.3 0.8,ikan,0.0,1512.0
3132,fish,MANOBO TIGWA,ŋalap,ŋ a l a p,4 7 5 7 1,AXBYN,NALAP,93.0,93.N.C 93.A.V 93.L.C 93.A.V 93.P.c,2.0 1.5 1.75 1.3 0.8,ŋalap,0.0,1595.0
3172,fish,MANOBO WESTERN BUKIDNON,paʔit,p a ʔ i t,1 7 1 7 1,AXBYN,PAHIT,94.0,94.P.C 94.A.V 94.H.C 94.I.V 94.T.c,2.0 1.5 1.75 1.3 0.8,paʔit,0.0,1601.0
3212,fish,MANSAKA,kaja,k a j a,1 7 6 7,AXBZ,KAJA,95.0,95.K.C 95.A.V 95.J.C 95.A.V,2.0 1.5 1.75 0.8,kaja,0.0,1594.0
3252,fish,MAPUN,dajiŋ,d a j i ŋ,1 7 6 7 4,AXBYN,TAJIN,97.0,97.T.C 97.A.V 97.J.C 97.I.V 97.N.c,2.0 1.5 1.75 1.3 0.8,dajiŋ,0.0,1517.0
3292,fish,MARANAO,sedaʔ,s e d a ʔ,3 7 1 7 1,AXBYN,SETAH,98.0,98.S.C 98.E.V 98.T.C 98.A.V 98.H.c,2.0 1.5 1.75 1.3 0.8,sedaʔ,0.0,1520.0
3332,fish,MARINDUQUE TAGALOG,ʔisdaʔ,ʔ i s d a ʔ,1 7 3 1 7 1,AXMBYN,HISTAH,99.0,99.H.C 99.I.V 99.S.c 99.T.C 99.A.V 99.H.c,2.0 1.5 1.1 1.75 1.3 0.8,ʔisdaʔ,0.0,1606.0
3372,fish,MASBATENYO,isda,i s d a,7 3 1 7,XMBZ,ISTA,100.0,100.I.V 100.S.c 100.T.C 100.A.V,1.5 1.1 1.75 0.8,isda,0.0,1607.0
3412,fish,MINANGALI LOWER TANUDAN KALINGA,ugadiw,u g a d i w,7 1 7 1 7 6,XBYBYN,YKATIW,101.0,101.Y.V 101.K.C 101.A.V 101.T.C 101.I.V 101.W.c,1.5 1.75 1.3 1.75 1.3 0.8,ugadiw,0.0,1608.0
3452,fish,MOKSHA,kal,k a l,1 7 5,AXN,KAL,102.0,102.K.C 102.A.V 102.L.c,2.0 1.5 0.8,kal,0.0,1546.0
3492,fish,MOLBOG,sodaʔ,s o d a ʔ,3 7 1 7 1,AXBYN,SUTAH,103.0,103.S.C 103.U.V 103.T.C 103.A.V 103.H.c,2.0 1.5 1.75 1.3 0.8,sodaʔ,0.0,1520.0
3532,fish,MOLBOG 2,sədaʔ,s ə d a ʔ,3 7 1 7 1,AXBYN,SETAH,104.0,104.S.C 104.E.V 104.T.C 104.A.V 104.H.c,2.0 1.5 1.75 1.3 0.8,sədaʔ,0.0,1520.0
3572,fish,MONGOLIAN,caGas,c a g a s,1 7 1 7 3,AXBYN,CAKAS,105.0,105.C.C 105.A.V 105.K.C 105.A.V 105.S.c,2.0 1.5 1.75 1.3 0.8,cagas,0.0,1612.0
3612,fish,MORO MAGINDANAU,seda,s e d a,3 7 1 7,AXBZ,SETA,106.0,106.S.C 106.E.V 106.T.C 106.A.V,2.0 1.5 1.75 0.8,seda,0.0,1524.0
3652,fish,NAGA,siraʔ,s i r a ʔ,3 7 5 7 1,AXBYN,SIRAH,107.0,107.S.C 107.I.V 107.R.C 107.A.V 107.H.c,2.0 1.5 1.75 1.3 0.8,siraʔ,0.0,1528.0
3692,fish,NORTHERN CATANDUANES,ʔisdaʔ,ʔ i s d a ʔ,1 7 3 1 7 1,AXMBYN,HISTAH,108.0,108.H.C 108.I.V 108.S.c 108.T.C 108.A.V 108.H.c,2.0 1.5 1.1 1.75 1.3 0.8,ʔisdaʔ,0.0,1606.0
3732,fish,NORTHERN SORSOGON,siraʔ,s i r a ʔ,3 7 5 7 1,AXBYN,SIRAH,109.0,109.S.C 109.I.V 109.R.C 109.A.V 109.H.c,2.0 1.5 1.75 1.3 0.8,siraʔ,0.0,1528.0
3772,fish,OAS,ʔisraʔ,ʔ i s r a ʔ,1 7 3 5 7 1,AXBCYN,HISRAH,110.0,110.H.C 110.I.V 110.S.C 110.R.C 110.A.V 110.H.c,2.0 1.5 1.75 1.5 1.3 0.8,ʔisraʔ,0.0,1528.0
3812,fish,PALAWANO BATAK,sədaʔ,s ə d a ʔ,3 7 1 7 1,AXBYN,SETAH,111.0,111.S.C 111.E.V 111.T.C 111.A.V 111.H.c,2.0 1.5 1.75 1.3 0.8,sədaʔ,0.0,1520.0
3852,fish,PANGASINAN,sira,s i r a,3 7 5 7,AXBZ,SIRA,112.0,112.S.C 112.I.V 112.R.C 112.A.V,2.0 1.5 1.75 0.8,sira,0.0,1528.0
3892,fish,PANGUTARAN SAMA,daiŋ,d a i ŋ,1 7 7 4,AXYN,TAIN,113.0,113.T.C 113.A.V 113.I.V 113.N.c,2.0 1.5 1.3 0.8,daiŋ,0.0,1517.0
3932,fish,PANGUTARAN SAMA (1),daiŋ,d a i ŋ,1 7 7 4,AXYN,TAIN,114.0,114.T.C 114.A.V 114.I.V 114.N.c,2.0 1.5 1.3 0.8,daiŋ,0.0,1517.0
3972,fish,PROTO PALAWAN,sədaʔ,s ə d a ʔ,3 7 1 7 1,AXBYN,SETAH,115.0,115.S.C 115.E.V 115.T.C 115.A.V 115.H.c,2.0 1.5 1.75 1.3 0.8,sədaʔ,0.0,1520.0
4012,fish,QUEZON PALAWAN,sədaʔ,s ə d a ʔ,3 7 1 7 1,AXBYN,SETAH,117.0,117.S.C 117.E.V 117.T.C 117.A.V 117.H.c,2.0 1.5 1.75 1.3 0.8,sədaʔ,0.0,1520.0
4052,fish,ROMBLOMANON 1,isda,i s d a,7 3 1 7,XMBZ,ISTA,118.0,118.I.V 118.S.c 118.T.C 118.A.V,1.5 1.1 1.75 0.8,isda,0.0,1607.0
4092,fish,ROMBLOMANON 2,isda,i s d a,7 3 1 7,XMBZ,ISTA,119.0,119.I.V 119.S.c 119.T.C 119.A.V,1.5 1.1 1.75 0.8,isda,0.0,1626.0
4132,fish,SAMAL,daiŋ,d a i ŋ,1 7 7 4,AXYN,TAIN,120.0,120.T.C 120.A.V 120.I.V 120.N.c,2.0 1.5 1.3 0.8,daiŋ,0.0,1517.0
4172,fish,SAMBAL BOTOLAN,ikan,i k a n,7 1 7 4,XBYN,IKAN,121.0,121.I.V 121.K.C 121.A.V 121.N.c,1.5 1.75 1.3 0.8,ikan,0.0,1512.0
4212,fish,SANGIL,kinaʔ,k i n a ʔ,1 7 4 7 1,AXBYN,KINAH,122.0,122.K.C 122.I.V 122.N.C 122.A.V 122.H.c,2.0 1.5 1.75 1.3 0.8,kinaʔ,0.0,1629.0
4252,fish,SANGIL SARANGANI ISLANDS,kinaʔ,k i n a ʔ,1 7 4 7 1,AXBYN,KINAH,123.0,123.K.C 123.I.V 123.N.C 123.A.V 123.H.c,2.0 1.5 1.75 1.3 0.8,kinaʔ,0.0,1629.0
4292,fish,SEDANG,ka,k a,1 7,AX,KA,124.0,124.K.C 124.A.V,2.0 1.5,ka,0.0,1631.0
4332,fish,SIBUTU SOUTHERN SAMA,dejŋ,d e j ŋ,1 7 6 4,AXLN,TEJN,125.0,125.T.C 125.E.V 125.J.c 125.N.c,2.0 1.5 1.1 0.8,dejŋ,0.0,1632.0
4372,fish,SOGODNIN BORACAY,isdaʔ,i s d a ʔ,7 3 1 7 1,XMBYN,ISTAH,127.0,127.I.V 127.S.c 127.T.C 127.A.V 127.H.c,1.5 1.1 1.75 1.3 0.8,isdaʔ,0.0,1540.0
4412,fish,SOUTH SAAMI,gueliə,g u e l i ə,1 7 7 5 7 7,AXYBYZ,KYELIE,128.0,128.K.C 128.Y.V 128.E.V 128.L.C 128.I.V 128.E.V,2.0 1.5 1.3 1.75 1.3 0.8,gueliə,0.0,1635.0
4452,fish,SOUTHERN CATANDUANES,silaʔ,s i l a ʔ,3 7 5 7 1,AXBYN,SILAH,129.0,129.S.C 129.I.V 129.L.C 129.A.V 129.H.c,2.0 1.5 1.75 1.3 0.8,silaʔ,0.0,1528.0
4492,fish,SOUTHERN SORSOGON,ʔisdaʔ,ʔ i s d a ʔ,1 7 3 1 7 1,AXMBYN,HISTAH,131.0,131.H.C 131.I.V 131.S.c 131.T.C 131.A.V 131.H.c,2.0 1.5 1.1 1.75 1.3 0.8,ʔisdaʔ,0.0,1606.0
4532,fish,SOUTHWEST PALAWANO,sedaʔ,s e d a ʔ,3 7 1 7 1,AXBYN,SETAH,132.0,132.S.C 132.E.V 132.T.C 132.A.V 132.H.c,2.0 1.5 1.75 1.3 0.8,sedaʔ,0.0,1520.0
4572,fish,SPANISH,peskado,p e s k a d o,1 7 3 1 7 1 7,AXMBYBZ,PESKATU,133.0,133.P.C 133.E.V 133.S.c 133.K.C 133.A.V 133.T.C 133.U.V,2.0 1.5 1.1 1.75 1.3 1.75 0.8,peskado,0.0,1640.0
4612,fish,SUBANON SIOCON,sodaʔ,s o d a ʔ,3 7 1 7 1,AXBYN,SUTAH,134.0,134.S.C 134.U.V 134.T.C 134.A.V 134.H.c,2.0 1.5 1.75 1.3 0.8,sodaʔ,0.0,1520.0
4652,fish,SUBANUN SINDANGAN,sədaʔ,s ə d a ʔ,3 7 1 7 1,AXBYN,SETAH,135.0,135.S.C 135.E.V 135.T.C 135.A.V 135.H.c,2.0 1.5 1.75 1.3 0.8,sədaʔ,0.0,1520.0
4692,fish,SURIGAONON,isda,i s d a,7 3 1 7,XMBZ,ISTA,136.0,136.I.V 136.S.c 136.T.C 136.A.V,1.5 1.1 1.75 0.8,isda,0.0,1643.0
4772,fish,TAGABILI,uton ʔel,u t o n # ʔ e l,7 1 7 4 9 1 7 5,XBYN_AXN,YTUN_HEL,138.0,138.Y.V 138.T.C 138.U.V 138.N.c 138._._ 138.H.C 138.E.V 138.L.c,1.5 1.75 1.3 0.8 0.0 2.0 1.5 0.8,uton#ʔel,0.0,1644.0
4812,fish,TAGALOG,isda,i s d a,7 3 1 7,XMBZ,ISTA,139.0,139.I.V 139.S.c 139.T.C 139.A.V,1.5 1.1 1.75 0.8,isda,0.0,1645.0
4852,fish,TAGBANUA ABORLAN,sədaʔ,s ə d a ʔ,3 7 1 7 1,AXBYN,SETAH,140.0,140.S.C 140.E.V 140.T.C 140.A.V 140.H.c,2.0 1.5 1.75 1.3 0.8,sədaʔ,0.0,1520.0
4892,fish,TAGBANWA ABORLAN,sədaʔ,s ə d a ʔ,3 7 1 7 1,AXBYN,SETAH,141.0,141.S.C 141.E.V 141.T.C 141.A.V 141.H.c,2.0 1.5 1.75 1.3 0.8,sədaʔ,0.0,1520.0
4932,fish,TAGBANWA KALAMIAN,ian,i a n,7 7 4,XYN,IAN,142.0,142.I.V 142.A.V 142.N.c,1.5 1.3 0.8,ian,0.0,1512.0
4972,fish,TALAANDIG BINUKID,isdaʔ,i s d a ʔ,7 3 1 7 1,XMBYN,ISTAH,143.0,143.I.V 143.S.c 143.T.C 143.A.V 143.H.c,1.5 1.1 1.75 1.3 0.8,isdaʔ,0.0,1649.0
5012,fish,TAMBUNAN DUSUN,sada,s a d a,3 7 1 7,AXBZ,SATA,144.0,144.S.C 144.A.V 144.T.C 144.A.V,2.0 1.5 1.75 0.8,sada,0.0,1524.0
5052,fish,TAUSUG,istaʔ,i s t a ʔ,7 3 1 7 1,XMBYN,ISTAH,145.0,145.I.V 145.S.c 145.T.C 145.A.V 145.H.c,1.5 1.1 1.75 1.3 0.8,istaʔ,0.0,1540.0
5092,fish,TAUT BATU,sədaʔ,s ə d a ʔ,3 7 1 7 1,AXBYN,SETAH,146.0,146.S.C 146.E.V 146.T.C 146.A.V 146.H.c,2.0 1.5 1.75 1.3 0.8,sədaʔ,0.0,1520.0
5132,fish,TBOLI TAGABILI,uton,u t o n,7 1 7 4,XBYN,YTUN,147.0,147.Y.V 147.T.C 147.U.V 147.N.c,1.5 1.75 1.3 0.8,uton,0.0,1632.0
5172,fish,TIMUGON MURUT,papait,p a p a i t,1 7 1 7 7 1,AXBYYN,PAPAIT,148.0,148.P.C 148.A.V 148.P.C 148.A.V 148.I.V 148.T.c,2.0 1.5 1.75 1.3 1.3 0.8,papait,0.0,1654.0
5212,fish,TIRURAY,sedoʔ,s e d o ʔ,3 7 1 7 1,AXBYN,SETUH,149.0,149.S.C 149.E.V 149.T.C 149.U.V 149.H.c,2.0 1.5 1.75 1.3 0.8,sedoʔ,0.0,1655.0
5252,fish,TURKISH,balək,b a l ə k,1 7 5 7 1,AXBYN,PALEK,150.0,150.P.C 150.A.V 150.L.C 150.E.V 150.K.c,2.0 1.5 1.75 1.3 0.8,balək,0.0,1656.0
5292,fish,UGARITIC,dg,d g,1 1,AN,TK,151.0,151.T.C 151.K.c,2.0 0.8,dg,0.0,1657.0
5332,fish,WARAY WARAY,isda,i s d a,7 3 1 7,XMBZ,ISTA,152.0,152.I.V 152.S.c 152.T.C 152.A.V,1.5 1.1 1.75 0.8,isda,0.0,1658.0
5372,fish,YAKAN,kena,k e n a,1 7 4 7,AXBZ,KENA,153.0,153.K.C 153.E.V 153.N.C 153.A.V,2.0 1.5 1.75 0.8,kena,0.0,1629.0
5412,fish,YOGAD,ikan,i k a n,7 1 7 4,XBYN,IKAN,154.0,154.I.V 154.K.C 154.A.V 154.N.c,1.5 1.75 1.3 0.8,ikan,0.0,1512.0
5492,fish,IMOROD,amoŋ,a m o ŋ,7 4 7 4,XBYN,AMUN,52.0,52.A.V 52.M.C 52.U.V 52.N.c,1.5 1.75 1.3 0.8,amoŋ,0.0,1515.0
5532,fish,BABUYAN,amoŋ,a m o ŋ,7 4 7 4,XBYN,AMUN,4.0,4.A.V 4.M.C 4.U.V 4.N.c,1.5 1.75 1.3 0.8,amoŋ,0.0,1515.0
5572,fish,BISAYA SABAH,sada,s a d a,3 7 1 7,AXBZ,SATA,13.0,13.S.C 13.A.V 13.T.C 13.A.V,2.0 1.5 1.75 0.8,sada,0.0,1524.0
5612,fish,FINALLIG,kiaCiw,k i a c i w,1 7 7 1 7 6,AXYBYN,KIACIW,36.0,36.K.C 36.I.V 36.A.V 36.C.C 36.I.V 36.W.c,2.0 1.5 1.3 1.75 1.3 0.8,kiaciw,0.0,1516.0
5652,fish,HILIGAYNON,isda,i s d a,7 3 1 7,XMBZ,ISTA,42.0,42.I.V 42.S.c 42.T.C 42.A.V,1.5 1.1 1.75 0.8,isda,0.0,1553.0
5692,fish,INABAKNON,dajiŋ,d a j i ŋ,1 7 6 7 4,AXBYN,TAJIN,53.0,53.T.C 53.A.V 53.J.C 53.I.V 53.N.c,2.0 1.5 1.75 1.3 0.8,dajiŋ,0.0,1517.0
5732,fish,IRARALAY IVATAN,amoŋ,a m o ŋ,7 4 7 4,XBYN,AMUN,56.0,56.A.V 56.M.C 56.U.V 56.N.c,1.5 1.75 1.3 0.8,amoŋ,0.0,1515.0
5772,fish,ISAMORONG IVATAN,amoŋ,a m o ŋ,7 4 7 4,XBYN,AMUN,58.0,58.A.V 58.M.C 58.U.V 58.N.c,1.5 1.75 1.3 0.8,amoŋ,0.0,1515.0
5812,fish,IVASAY IVATAN,amoŋ,a m o ŋ,7 4 7 4,XBYN,AMUN,64.0,64.A.V 64.M.C 64.U.V 64.N.c,1.5 1.75 1.3 0.8,amoŋ,0.0,1515.0
5852,fish,KANKANAEY,nigaj,n i g a j,4 7 1 7 6,AXBYN,NIKAJ,74.0,74.N.C 74.I.V 74.K.C 74.A.V 74.J.c,2.0 1.5 1.75 1.3 0.8,nigaj,0.0,1583.0
5892,fish,LIMOS KALINGA,ikan,i k a n,7 1 7 4,XBYN,IKAN,81.0,81.I.V 81.K.C 81.A.V 81.N.c,1.5 1.75 1.3 0.8,ikan,0.0,1512.0
5932,fish,MANDAYAN BOSO,kaja,k a j a,1 7 6 7,AXBZ,KAJA,85.0,85.K.C 85.A.V 85.J.C 85.A.V,2.0 1.5 1.75 0.8,kaja,0.0,1594.0
6052,fish,MANSAKA 2,kaja,k a j a,1 7 6 7,AXBZ,KAJA,96.0,96.K.C 96.A.V 96.J.C 96.A.V,2.0 1.5 1.75 0.8,kaja,0.0,1594.0
6092,fish,PROTO SOUTHERN MINDANAO,nalap,n a l a p,4 7 5 7 1,AXBYN,NALAP,116.0,116.N.C 116.A.V 116.L.C 116.A.V 116.P.c,2.0 1.5 1.75 1.3 0.8,nalap,0.0,1521.0
6132,fish,SINAUNA,isdaʔ,i s d a ʔ,7 3 1 7 1,XMBYN,ISTAH,126.0,126.I.V 126.S.c 126.T.C 126.A.V 126.H.c,1.5 1.1 1.75 1.3 0.8,isdaʔ,0.0,1633.0
6172,fish,SOUTHERN KALINGA,ukaCiw,u k a c i w,7 1 7 1 7 6,XBYBYN,YKACIW,130.0,130.Y.V 130.K.C 130.A.V 130.C.C 130.I.V 130.W.c,1.5 1.75 1.3 1.75 1.3 0.8,ukaciw,0.0,1608.0
13,full,AGTA,moponnu,m o p o nn u,4 7 1 7 4 7,AXBYBZ,MUPUNY,1.0,1.M.C 1.U.V 1.P.C 1.U.V 1.N.C 1.Y.V,2.0 1.5 1.75 1.3 1.75 0.8,moponnu,0.0,1659.0
93,full,ATTA PAMPLONA,napannu,n a p a nn u,4 7 1 7 4 7,AXBYBZ,NAPANY,3.0,3.N.C 3.A.V 3.P.C 3.A.V 3.N.C 3.Y.V,2.0 1.5 1.75 1.3 1.75 0.8,napannu,0.0,1660.0
133,full,BALANGAW,napno,n a p n o,4 7 1 4 7,AXBCZ,NAPNU,5.0,5.N.C 5.A.V 5.P.C 5.N.C 5.U.V,2.0 1.5 1.75 1.5 0.8,napno,0.0,1660.0
173,full,BALANGINGI SAMA,ponnoʔ,p o nn o ʔ,1 7 4 7 1,AXBYN,PUNUH,6.0,6.P.C 6.U.V 6.N.C 6.U.V 6.H.c,2.0 1.5 1.75 1.3 0.8,ponnoʔ,0.0,1666.0
213,full,BALANGINGI SAMA (1),ponnoʔ,p o nn o ʔ,1 7 4 7 1,AXBYN,PUNUH,7.0,7.P.C 7.U.V 7.N.C 7.U.V 7.H.c,2.0 1.5 1.75 1.3 0.8,ponnoʔ,0.0,1666.0
253,full,BASQUE,beterik,b e t e r i k,1 7 1 7 5 7 1,AXBYBYN,PETERIK,8.0,8.P.C 8.E.V 8.T.C 8.E.V 8.R.C 8.I.V 8.K.c,2.0 1.5 1.75 1.3 1.75 1.3 0.8,beterik,0.0,1664.0
293,full,BATAK PALAWAN,pəgpəg,p ə g p ə g,1 7 1 1 7 1,AXMBYN,PEKPEK,9.0,9.P.C 9.E.V 9.K.c 9.P.C 9.E.V 9.K.c,2.0 1.5 1.1 1.75 1.3 0.8,pəgpəg,0.0,1665.0
333,full,BILAAN KORONADAL,fnoʔ,f n o ʔ,3 4 7 1,ACXN,BNUH,10.0,10.B.C 10.N.C 10.U.V 10.H.c,2.0 1.5 1.5 0.8,fnoʔ,0.0,1666.0
373,full,BILAAN SARANGANI,fnoʔ,f n o ʔ,3 4 7 1,ACXN,BNUH,11.0,11.B.C 11.N.C 11.U.V 11.H.c,2.0 1.5 1.5 0.8,fnoʔ,0.0,1666.0
413,full,BINUKID,punuʔ,p u n u ʔ,1 7 4 7 1,AXBYN,PYNYH,12.0,12.P.C 12.Y.V 12.N.C 12.Y.V 12.H.c,2.0 1.5 1.75 1.3 0.8,punuʔ,0.0,1666.0
493,full,BONTOC GUINAANG,napno,n a p n o,4 7 1 4 7,AXBCZ,NAPNU,15.0,15.N.C 15.A.V 15.P.C 15.N.C 15.U.V,2.0 1.5 1.75 1.5 0.8,napno,0.0,1660.0
573,full,BUHI,punuʔ,p u n u ʔ,1 7 4 7 1,AXBYN,PYNYH,17.0,17.P.C 17.Y.V 17.N.C 17.Y.V 17.H.c,2.0 1.5 1.75 1.3 0.8,punuʔ,0.0,1666.0
653,full,BUKIDNON BINUKID,napunuʔ,n a p u n u ʔ,4 7 1 7 4 7 1,AXBYBYN,NAPYNYH,19.0,19.N.C 19.A.V 19.P.C 19.Y.V 19.N.C 19.Y.V 19.H.c,2.0 1.5 1.75 1.3 1.75 1.3 0.8,napunuʔ,0.0,1666.0
733,full,CAIJIA,pəu,p ə u,1 7 7,AXZ,PEY,21.0,21.P.C 21.E.V 21.Y.V,2.0 1.5 0.8,pəu,0.0,1672.0
1013,full,CENTRAL TAGBANWA,pigpig,p i g p i g,1 7 1 1 7 1,AXMBYN,PIKPIK,28.0,28.P.C 28.I.V 28.K.c 28.P.C 28.I.V 28.K.c,2.0 1.5 1.1 1.75 1.3 0.8,pigpig,0.0,1665.0
1093,full,DARAGA,punuʔ,p u n u ʔ,1 7 4 7 1,AXBYN,PYNYH,30.0,30.P.C 30.Y.V 30.N.C 30.Y.V 30.H.c,2.0 1.5 1.75 1.3 0.8,punuʔ,0.0,1666.0
1133,full,DUMAGAT CASIGURAN,putat,p u t a t,1 7 1 7 1,AXBYN,PYTAT,31.0,31.P.C 31.Y.V 31.T.C 31.A.V 31.T.c,2.0 1.5 1.75 1.3 0.8,putat,0.0,1675.0
1173,full,DUPANINGAN AGTA,mabijag,m a b i j a g,4 7 1 7 6 7 1,AXBYBYN,MAPIJAK,32.0,32.M.C 32.A.V 32.P.C 32.I.V 32.J.C 32.A.V 32.K.c,2.0 1.5 1.75 1.3 1.75 1.3 0.8,mabijag,0.0,1676.0
1213,full,ENGLISH,ful,f u l,3 7 5,AXN,BYL,33.0,33.B.C 33.Y.V 33.L.c,2.0 1.5 0.8,ful,0.0,1677.0
1293,full,ESTONIAN,tais,t a i s,1 7 7 3,AXYN,TAIS,35.0,35.T.C 35.A.V 35.I.V 35.S.c,2.0 1.5 1.3 0.8,tais,0.0,1678.0
1333,full,FINNISH,tEjsi,t æ js i,1 7 6 7,AXBZ,TEJI,37.0,37.T.C 37.E.V 37.J.C 37.I.V,2.0 1.5 1.75 0.8,tæjsi,0.0,1679.0
1373,full,FUZHOU CHINESE,muaŋ,m u a ŋ,4 7 7 4,AXYN,MYAN,38.0,38.M.C 38.Y.V 38.A.V 38.N.c,2.0 1.5 1.3 0.8,muaŋ,0.0,1680.0
1413,full,GADDANG,napənnwen,n a p ə nn w e n,4 7 1 7 4 6 7 4,AXBYBCYN,NAPENWEN,39.0,39.N.C 39.A.V 39.P.C 39.E.V 39.N.C 39.W.C 39.E.V 39.N.c,2.0 1.5 1.75 1.3 1.75 1.5 1.3 0.8,napənnwen,0.0,1681.0
1493,full,HIGAONON BINUKID,napunuʔ,n a p u n u ʔ,4 7 1 7 4 7 1,AXBYBYN,NAPYNYH,41.0,41.N.C 41.A.V 41.P.C 41.Y.V 41.N.C 41.Y.V 41.H.c,2.0 1.5 1.75 1.3 1.75 1.3 0.8,napunuʔ,0.0,1666.0
1533,full,HUNGARIAN,tele,t e l e,1 7 5 7,AXBZ,TELE,43.0,43.T.C 43.E.V 43.L.C 43.E.V,2.0 1.5 1.75 0.8,tele,0.0,1683.0
1693,full,IFUGAO AMGANAD,napnu,n a p n u,4 7 1 4 7,AXBCZ,NAPNY,47.0,47.N.C 47.A.V 47.P.C 47.N.C 47.Y.V,2.0 1.5 1.75 1.5 0.8,napnu,0.0,1660.0
1733,full,IFUGAO BATAD,napnu,n a p n u,4 7 1 4 7,AXBCZ,NAPNY,48.0,48.N.C 48.A.V 48.P.C 48.N.C 48.Y.V,2.0 1.5 1.75 1.5 0.8,napnu,0.0,1660.0
1773,full,IFUGAO BAYNINAN,napnu,n a p n u,4 7 1 4 7,AXBCZ,NAPNY,49.0,49.N.C 49.A.V 49.P.C 49.N.C 49.Y.V,2.0 1.5 1.75 1.5 0.8,napnu,0.0,1660.0
1853,full,ILONGOT KAKIDUGEN,pənu,p ə n u,1 7 4 7,AXBZ,PENY,51.0,51.P.C 51.E.V 51.N.C 51.Y.V,2.0 1.5 1.75 0.8,pənu,0.0,1666.0
1893,full,INIBALOI,napno,n a p n o,4 7 1 4 7,AXBCZ,NAPNU,54.0,54.N.C 54.A.V 54.P.C 54.N.C 54.U.V,2.0 1.5 1.75 1.5 0.8,napno,0.0,1660.0
1973,full,IRIGA,punuʔ,p u n u ʔ,1 7 4 7 1,AXBYN,PYNYH,57.0,57.P.C 57.Y.V 57.N.C 57.Y.V 57.H.c,2.0 1.5 1.75 1.3 0.8,punuʔ,0.0,1666.0
2013,full,ISNAG,napnu,n a p n u,4 7 1 4 7,AXBCZ,NAPNY,59.0,59.N.C 59.A.V 59.P.C 59.N.C 59.Y.V,2.0 1.5 1.75 1.5 0.8,napnu,0.0,1660.0
2053,full,ISNEG,napnu,n a p n u,4 7 1 4 7,AXBCZ,NAPNY,60.0,60.N.C 60.A.V 60.P.C 60.N.C 60.Y.V,2.0 1.5 1.75 1.5 0.8,napnu,0.0,1660.0
2133,full,ITBAYATEN BATANES ISLANDS,mapnuʔ,m a p n u ʔ,4 7 1 4 7 1,AXBCYN,MAPNYH,62.0,62.M.C 62.A.V 62.P.C 62.N.C 62.Y.V 62.H.c,2.0 1.5 1.75 1.5 1.3 0.8,mapnuʔ,0.0,1659.0
2173,full,ITNEG BINONGAN,napno,n a p n o,4 7 1 4 7,AXBCZ,NAPNU,63.0,63.N.C 63.A.V 63.P.C 63.N.C 63.U.V,2.0 1.5 1.75 1.5 0.8,napno,0.0,1660.0
2213,full,IVATAN BATANES ISLANDS,mapnoʔ,m a p n o ʔ,4 7 1 4 7 1,AXBCYN,MAPNUH,65.0,65.M.C 65.A.V 65.P.C 65.N.C 65.U.V 65.H.c,2.0 1.5 1.75 1.5 1.3 0.8,mapnoʔ,0.0,1659.0
2253,full,JAPANESE,miCita,m i c i t a,4 7 1 7 1 7,AXBYBZ,MICITA,66.0,66.M.C 66.I.V 66.C.C 66.I.V 66.T.C 66.A.V,2.0 1.5 1.75 1.3 1.75 0.8,micita,0.0,1695.0
2293,full,KADAZAN,noponu,n o p o n u,4 7 1 7 4 7,AXBYBZ,NUPUNY,67.0,67.N.C 67.U.V 67.P.C 67.U.V 67.N.C 67.Y.V,2.0 1.5 1.75 1.3 1.75 0.8,noponu,0.0,1660.0
2333,full,KAGAYANEN,panu,p a n u,1 7 4 7,AXBZ,PANY,68.0,68.P.C 68.A.V 68.N.C 68.Y.V,2.0 1.5 1.75 0.8,panu,0.0,1666.0
2373,full,KALAGAN,njatmoʔ,n j a t m o ʔ,4 6 7 1 4 7 1,ACXBCYN,NJATMUH,69.0,69.N.C 69.J.C 69.A.V 69.T.C 69.M.C 69.U.V 69.H.c,2.0 1.5 1.5 1.75 1.5 1.3 0.8,njatmoʔ,0.0,1698.0
2413,full,KALINGA GUINAANG,napnu,n a p n u,4 7 1 4 7,AXBCZ,NAPNY,70.0,70.N.C 70.A.V 70.P.C 70.N.C 70.Y.V,2.0 1.5 1.75 1.5 0.8,napnu,0.0,1660.0
2453,full,KALINGA LIMOS,napnu,n a p n u,4 7 1 4 7,AXBCZ,NAPNY,71.0,71.N.C 71.A.V 71.P.C 71.N.C 71.Y.V,2.0 1.5 1.75 1.5 0.8,napnu,0.0,1660.0
2493,full,KALLAHAN KAYAPA PROPER,napnu,n a p n u,4 7 1 4 7,AXBCZ,NAPNY,72.0,72.N.C 72.A.V 72.P.C 72.N.C 72.Y.V,2.0 1.5 1.75 1.5 0.8,napnu,0.0,1660.0
2533,full,KALLAHAN KELEYQIQ IFUGAO,penuʔ,p e n u ʔ,1 7 4 7 1,AXBYN,PENYH,73.0,73.P.C 73.E.V 73.N.C 73.Y.V 73.H.c,2.0 1.5 1.75 1.3 0.8,penuʔ,0.0,1666.0
2573,full,KANKANAY NORTHERN,napno,n a p n o,4 7 1 4 7,AXBCZ,NAPNU,75.0,75.N.C 75.A.V 75.P.C 75.N.C 75.U.V,2.0 1.5 1.75 1.5 0.8,napno,0.0,1660.0
2693,full,KOREAN,Can,c a n,1 7 4,AXN,CAN,78.0,78.C.C 78.A.V 78.N.c,2.0 1.5 0.8,can,0.0,1704.0
2733,full,LEGAZPI,panuʔ,p a n u ʔ,1 7 4 7 1,AXBYN,PANYH,79.0,79.P.C 79.A.V 79.N.C 79.Y.V 79.H.c,2.0 1.5 1.75 1.3 0.8,panuʔ,0.0,1666.0
2773,full,LIBON,punuʔ,p u n u ʔ,1 7 4 7 1,AXBYN,PYNYH,80.0,80.P.C 80.Y.V 80.N.C 80.Y.V 80.H.c,2.0 1.5 1.75 1.3 0.8,punuʔ,0.0,1666.0
2813,full,LIVE,tEuc,t æ u c,1 7 7 1,AXYN,TEYC,82.0,82.T.C 82.E.V 82.Y.V 82.C.c,2.0 1.5 1.3 0.8,tæuc,0.0,1678.0
2893,full,MAMANWA,katmoʔ,k a t m o ʔ,1 7 1 4 7 1,AXBCYN,KATMUH,84.0,84.K.C 84.A.V 84.T.C 84.M.C 84.U.V 84.H.c,2.0 1.5 1.75 1.5 1.3 0.8,katmoʔ,0.0,1708.0
2933,full,MANOBO ATA,kaponuʔ,k a p o n u ʔ,1 7 1 7 4 7 1,AXBYBYN,KAPUNYH,88.0,88.K.C 88.A.V 88.P.C 88.U.V 88.N.C 88.Y.V 88.H.c,2.0 1.5 1.75 1.3 1.75 1.3 0.8,kaponuʔ,0.0,1666.0
2973,full,MANOBO DIBABAWON,napənuʔ,n a p ə n u ʔ,4 7 1 7 4 7 1,AXBYBYN,NAPENYH,89.0,89.N.C 89.A.V 89.P.C 89.E.V 89.N.C 89.Y.V 89.H.c,2.0 1.5 1.75 1.3 1.75 1.3 0.8,napənuʔ,0.0,1666.0
3013,full,MANOBO ILIANEN,nəpənuʔ,n ə p ə n u ʔ,4 7 1 7 4 7 1,AXBYBYN,NEPENYH,90.0,90.N.C 90.E.V 90.P.C 90.E.V 90.N.C 90.Y.V 90.H.c,2.0 1.5 1.75 1.3 1.75 1.3 0.8,nəpənuʔ,0.0,1666.0
3053,full,MANOBO KALAMANSIG COTABATO,nəpənuʔ,n ə p ə n u ʔ,4 7 1 7 4 7 1,AXBYBYN,NEPENYH,91.0,91.N.C 91.E.V 91.P.C 91.E.V 91.N.C 91.Y.V 91.H.c,2.0 1.5 1.75 1.3 1.75 1.3 0.8,nəpənuʔ,0.0,1666.0
3093,full,MANOBO SARANGANI,ponoʔ,p o n o ʔ,1 7 4 7 1,AXBYN,PUNUH,92.0,92.P.C 92.U.V 92.N.C 92.U.V 92.H.c,2.0 1.5 1.75 1.3 0.8,ponoʔ,0.0,1666.0
3133,full,MANOBO TIGWA,napənuʔ,n a p ə n u ʔ,4 7 1 7 4 7 1,AXBYBYN,NAPENYH,93.0,93.N.C 93.A.V 93.P.C 93.E.V 93.N.C 93.Y.V 93.H.c,2.0 1.5 1.75 1.3 1.75 1.3 0.8,napənuʔ,0.0,1666.0
3173,full,MANOBO WESTERN BUKIDNON,pənuʔ,p ə n u ʔ,1 7 4 7 1,AXBYN,PENYH,94.0,94.P.C 94.E.V 94.N.C 94.Y.V 94.H.c,2.0 1.5 1.75 1.3 0.8,pənuʔ,0.0,1666.0
3213,full,MANSAKA,itmuʔ,i t m u ʔ,7 1 4 7 1,XBCYN,ITMYH,95.0,95.I.V 95.T.C 95.M.C 95.Y.V 95.H.c,1.5 1.75 1.5 1.3 0.8,itmuʔ,0.0,1708.0
3453,full,MOKSHA,paSksje,p a s ks j e,1 7 3 1 6 7,AXMBCZ,PASKJE,102.0,102.P.C 102.A.V 102.S.c 102.K.C 102.J.C 102.E.V,2.0 1.5 1.1 1.75 1.5 0.8,pasksje,0.0,1721.0
3493,full,MOLBOG,ponuʔ,p o n u ʔ,1 7 4 7 1,AXBYN,PUNYH,103.0,103.P.C 103.U.V 103.N.C 103.Y.V 103.H.c,2.0 1.5 1.75 1.3 0.8,ponuʔ,0.0,1666.0
3573,full,MONGOLIAN,puthiŋ,p u th i ŋ,1 7 1 7 4,AXBYN,PYTIN,105.0,105.P.C 105.Y.V 105.T.C 105.I.V 105.N.c,2.0 1.5 1.75 1.3 0.8,puthiŋ,0.0,1723.0
3613,full,MORO MAGINDANAU,napunu,n a p u n u,4 7 1 7 4 7,AXBYBZ,NAPYNY,106.0,106.N.C 106.A.V 106.P.C 106.Y.V 106.N.C 106.Y.V,2.0 1.5 1.75 1.3 1.75 0.8,napunu,0.0,1660.0
3653,full,NAGA,panuʔ,p a n u ʔ,1 7 4 7 1,AXBYN,PANYH,107.0,107.P.C 107.A.V 107.N.C 107.Y.V 107.H.c,2.0 1.5 1.75 1.3 0.8,panuʔ,0.0,1666.0
3693,full,NORTHERN CATANDUANES,buta,b u t a,1 7 1 7,AXBZ,PYTA,108.0,108.P.C 108.Y.V 108.T.C 108.A.V,2.0 1.5 1.75 0.8,buta,0.0,1675.0
3733,full,NORTHERN SORSOGON,punuʔ,p u n u ʔ,1 7 4 7 1,AXBYN,PYNYH,109.0,109.P.C 109.Y.V 109.N.C 109.Y.V 109.H.c,2.0 1.5 1.75 1.3 0.8,punuʔ,0.0,1666.0
3773,full,OAS,punuʔ,p u n u ʔ,1 7 4 7 1,AXBYN,PYNYH,110.0,110.P.C 110.Y.V 110.N.C 110.Y.V 110.H.c,2.0 1.5 1.75 1.3 0.8,punuʔ,0.0,1666.0
4093,full,ROMBLOMANON 2,punuʔ,p u n u ʔ,1 7 4 7 1,AXBYN,PYNYH,119.0,119.P.C 119.Y.V 119.N.C 119.Y.V 119.H.c,2.0 1.5 1.75 1.3 0.8,punuʔ,0.0,1666.0
4133,full,SAMAL,apənnoʔ,a p ə nn o ʔ,7 1 7 4 7 1,XBYBYN,APENUH,120.0,120.A.V 120.P.C 120.E.V 120.N.C 120.U.V 120.H.c,1.5 1.75 1.3 1.75 1.3 0.8,apənnoʔ,0.0,1659.0
4173,full,SAMBAL BOTOLAN,napnoʔ,n a p n o ʔ,4 7 1 4 7 1,AXBCYN,NAPNUH,121.0,121.N.C 121.A.V 121.P.C 121.N.C 121.U.V 121.H.c,2.0 1.5 1.75 1.5 1.3 0.8,napnoʔ,0.0,1660.0
4253,full,SANGIL SARANGANI ISLANDS,mapeneʔ,m a p e n e ʔ,4 7 1 7 4 7 1,AXBYBYN,MAPENEH,123.0,123.M.C 123.A.V 123.P.C 123.E.V 123.N.C 123.E.V 123.H.c,2.0 1.5 1.75 1.3 1.75 1.3 0.8,mapeneʔ,0.0,1659.0
4293,full,SEDANG,peŋ,p e ŋ,1 7 4,AXN,PEN,124.0,124.P.C 124.E.V 124.N.c,2.0 1.5 0.8,peŋ,0.0,1733.0
4413,full,SOUTH SAAMI,dəevəs,d ə e v ə s,1 7 7 3 7 3,AXYBYN,TEEBES,128.0,128.T.C 128.E.V 128.E.V 128.B.C 128.E.V 128.S.c,2.0 1.5 1.3 1.75 1.3 0.8,dəevəs,0.0,1734.0
4453,full,SOUTHERN CATANDUANES,panuʔ,p a n u ʔ,1 7 4 7 1,AXBYN,PANYH,129.0,129.P.C 129.A.V 129.N.C 129.Y.V 129.H.c,2.0 1.5 1.75 1.3 0.8,panuʔ,0.0,1666.0
4493,full,SOUTHERN SORSOGON,punuʔ,p u n u ʔ,1 7 4 7 1,AXBYN,PYNYH,131.0,131.P.C 131.Y.V 131.N.C 131.Y.V 131.H.c,2.0 1.5 1.75 1.3 0.8,punuʔ,0.0,1666.0
4573,full,SPANISH,jeno,j e n o,6 7 4 7,AXBZ,JENU,133.0,133.J.C 133.E.V 133.N.C 133.U.V,2.0 1.5 1.75 0.8,jeno,0.0,1737.0
4613,full,SUBANON SIOCON,omponuʔ,o m p o n u ʔ,7 4 1 7 4 7 1,XMBYBYN,UMPUNYH,134.0,134.U.V 134.M.c 134.P.C 134.U.V 134.N.C 134.Y.V 134.H.c,1.5 1.1 1.75 1.3 1.75 1.3 0.8,omponuʔ,0.0,1666.0
4653,full,SUBANUN SINDANGAN,mpənuʔ,m p ə n u ʔ,4 1 7 4 7 1,ACYBYN,MPENYH,135.0,135.M.C 135.P.C 135.E.V 135.N.C 135.Y.V 135.H.c,2.0 1.5 1.3 1.75 1.3 0.8,mpənuʔ,0.0,1659.0
4733,full,TAGABAWA,panu,p a n u,1 7 4 7,AXBZ,PANY,137.0,137.P.C 137.A.V 137.N.C 137.Y.V,2.0 1.5 1.75 0.8,panu,0.0,1666.0
4773,full,TAGABILI,hnok,h n o k,3 4 7 1,ACXN,HNUK,138.0,138.H.C 138.N.C 138.U.V 138.K.c,2.0 1.5 1.5 0.8,hnok,0.0,1741.0
4813,full,TAGALOG,puno,p u n o,1 7 4 7,AXBZ,PYNU,139.0,139.P.C 139.Y.V 139.N.C 139.U.V,2.0 1.5 1.75 0.8,puno,0.0,1666.0
4893,full,TAGBANWA ABORLAN,punu,p u n u,1 7 4 7,AXBZ,PYNY,141.0,141.P.C 141.Y.V 141.N.C 141.Y.V,2.0 1.5 1.75 0.8,punu,0.0,1666.0
4933,full,TAGBANWA KALAMIAN,punuk,p u n u k,1 7 4 7 1,AXBYN,PYNYK,142.0,142.P.C 142.Y.V 142.N.C 142.Y.V 142.K.c,2.0 1.5 1.75 1.3 0.8,punuk,0.0,1666.0
4973,full,TALAANDIG BINUKID,punuʔ,p u n u ʔ,1 7 4 7 1,AXBYN,PYNYH,143.0,143.P.C 143.Y.V 143.N.C 143.Y.V 143.H.c,2.0 1.5 1.75 1.3 0.8,punuʔ,0.0,1666.0
5053,full,TAUSUG,hipuʔ,h i p u ʔ,3 7 1 7 1,AXBYN,HIPYH,145.0,145.H.C 145.I.V 145.P.C 145.Y.V 145.H.c,2.0 1.5 1.75 1.3 0.8,hipuʔ,0.0,1746.0
5213,full,TIRURAY,besor,b e s o r,1 7 3 7 5,AXBYN,PESUR,149.0,149.P.C 149.E.V 149.S.C 149.U.V 149.R.c,2.0 1.5 1.75 1.3 0.8,besor,0.0,1747.0
5253,full,TURKISH,dolugun,d o l u g u n,1 7 5 7 1 7 4,AXBYBYN,TULYKYN,150.0,150.T.C 150.U.V 150.L.C 150.Y.V 150.K.C 150.Y.V 150.N.c,2.0 1.5 1.75 1.3 1.75 1.3 0.8,dolugun,0.0,1748.0
5413,full,YOGAD,pannu,p a nn u,1 7 4 7,AXBZ,PANY,154.0,154.P.C 154.A.V 154.N.C 154.Y.V,2.0 1.5 1.75 0.8,pannu,0.0,1666.0
5933,full,MANDAYAN BOSO,jamabijag,j a m a b i j a g,6 7 4 7 1 7 6 7 1,AXBYBYBYN,JAMAPIJAK,85.0,85.J.C 85.A.V 85.M.C 85.A.V 85.P.C 85.I.V 85.J.C 85.A.V 85.K.c,2.0 1.5 1.75 1.3 1.75 1.3 1.75 1.3 0.8,jamabijag,0.0,1709.0
5973,full,MANDAYAN CARAGA,bijag,b i j a g,1 7 6 7 1,AXBYN,PIJAK,86.0,86.P.C 86.I.V 86.J.C 86.A.V 86.K.c,2.0 1.5 1.75 1.3 0.8,bijag,0.0,1709.0
6013,full,MANDAYAN ISLAM PISO,bijag,b i j a g,1 7 6 7 1,AXBYN,PIJAK,87.0,87.P.C 87.I.V 87.J.C 87.A.V 87.K.c,2.0 1.5 1.75 1.3 0.8,bijag,0.0,1709.0
6053,full,MANSAKA 2,bijag,b i j a g,1 7 6 7 1,AXBYN,PIJAK,96.0,96.P.C 96.I.V 96.J.C 96.A.V 96.K.c,2.0 1.5 1.75 1.3 0.8,bijag,0.0,1709.0
14,hand,AGTA,komot,k o m o t,1 7 4 7 1,AXBYN,KUMUT,1.0,1.K.C 1.U.V 1.M.C 1.U.V 1.T.c,2.0 1.5 1.75 1.3 0.8,komot,0.0,1749.0
54,hand,AKLANON,alimah,a l i m a h,7 5 7 4 7 3,XBYBYN,ALIMAH,2.0,2.A.V 2.L.C 2.I.V 2.M.C 2.A.V 2.H.c,1.5 1.75 1.3 1.75 1.3 0.8,alimah,0.0,1753.0
94,hand,ATTA PAMPLONA,lima,l i m a,5 7 4 7,AXBZ,LIMA,3.0,3.L.C 3.I.V 3.M.C 3.A.V,2.0 1.5 1.75 0.8,lima,0.0,1753.0
134,hand,BALANGAW,limo,l i m o,5 7 4 7,AXBZ,LIMU,5.0,5.L.C 5.I.V 5.M.C 5.U.V,2.0 1.5 1.75 0.8,limo,0.0,1753.0
174,hand,BALANGINGI SAMA,taŋan,t a ŋ a n,1 7 4 7 4,AXBYN,TANAN,6.0,6.T.C 6.A.V 6.N.C 6.A.V 6.N.c,2.0 1.5 1.75 1.3 0.8,taŋan,0.0,1754.0
214,hand,BALANGINGI SAMA (1),taŋan,t a ŋ a n,1 7 4 7 4,AXBYN,TANAN,7.0,7.T.C 7.A.V 7.N.C 7.A.V 7.N.c,2.0 1.5 1.75 1.3 0.8,taŋan,0.0,1754.0
254,hand,BASQUE,esku,e s k u,7 3 1 7,XMBZ,ESKY,8.0,8.E.V 8.S.c 8.K.C 8.Y.V,1.5 1.1 1.75 0.8,esku,0.0,1756.0
294,hand,BATAK PALAWAN,alima,a l i m a,7 5 7 4 7,XBYBZ,ALIMA,9.0,9.A.V 9.L.C 9.I.V 9.M.C 9.A.V,1.5 1.75 1.3 1.75 0.8,alima,0.0,1753.0
334,hand,BILAAN KORONADAL,sigal,s i g a l,3 7 1 7 5,AXBYN,SIKAL,10.0,10.S.C 10.I.V 10.K.C 10.A.V 10.L.c,2.0 1.5 1.75 1.3 0.8,sigal,0.0,1758.0
374,hand,BILAAN SARANGANI,sigal,s i g a l,3 7 1 7 5,AXBYN,SIKAL,11.0,11.S.C 11.I.V 11.K.C 11.A.V 11.L.c,2.0 1.5 1.75 1.3 0.8,sigal,0.0,1758.0
414,hand,BINUKID,alima,a l i m a,7 5 7 4 7,XBYBZ,ALIMA,12.0,12.A.V 12.L.C 12.I.V 12.M.C 12.A.V,1.5 1.75 1.3 1.75 0.8,alima,0.0,1753.0
454,hand,BONGGI,fi,f i,3 7,AX,BI,14.0,14.B.C 14.I.V,2.0 1.5,fi,0.0,1762.0
494,hand,BONTOC GUINAANG,lima,l i m a,5 7 4 7,AXBZ,LIMA,15.0,15.L.C 15.I.V 15.M.C 15.A.V,2.0 1.5 1.75 0.8,lima,0.0,1753.0
534,hand,BROOKES POINT PALAWAN,lima,l i m a,5 7 4 7,AXBZ,LIMA,16.0,16.L.C 16.I.V 16.M.C 16.A.V,2.0 1.5 1.75 0.8,lima,0.0,1753.0
574,hand,BUHI,kamit,k a m i t,1 7 4 7 1,AXBYN,KAMIT,17.0,17.K.C 17.A.V 17.M.C 17.I.V 17.T.c,2.0 1.5 1.75 1.3 0.8,kamit,0.0,1749.0
614,hand,BUHINON ALBAY BICOLANO,kamət,k a m ə t,1 7 4 7 1,AXBYN,KAMET,18.0,18.K.C 18.A.V 18.M.C 18.E.V 18.T.c,2.0 1.5 1.75 1.3 0.8,kamət,0.0,1749.0
654,hand,BUKIDNON BINUKID,alima,a l i m a,7 5 7 4 7,XBYBZ,ALIMA,19.0,19.A.V 19.L.C 19.I.V 19.M.C 19.A.V,1.5 1.75 1.3 1.75 0.8,alima,0.0,1753.0
694,hand,BUTUANON,alima,a l i m a,7 5 7 4 7,XBYBZ,ALIMA,20.0,20.A.V 20.L.C 20.I.V 20.M.C 20.A.V,1.5 1.75 1.3 1.75 0.8,alima,0.0,1753.0
734,hand,CAIJIA,suo,s u o,3 7 7,AXZ,SYU,21.0,21.S.C 21.Y.V 21.U.V,2.0 1.5 0.8,suo,0.0,1769.0
774,hand,CANIPAAN PALAWAN,lima,l i m a,5 7 4 7,AXBZ,LIMA,22.0,22.L.C 22.I.V 22.M.C 22.A.V,2.0 1.5 1.75 0.8,lima,0.0,1753.0
814,hand,CASIGURAN NEGRITO,kamet,k a m e t,1 7 4 7 1,AXBYN,KAMET,23.0,23.K.C 23.A.V 23.M.C 23.E.V 23.T.c,2.0 1.5 1.75 1.3 0.8,kamet,0.0,1749.0
854,hand,CEBUANO,kamut,k a m u t,1 7 4 7 1,AXBYN,KAMYT,24.0,24.K.C 24.A.V 24.M.C 24.Y.V 24.T.c,2.0 1.5 1.75 1.3 0.8,kamut,0.0,1749.0
894,hand,CENTRAL BICOLANO,kamut,k a m u t,1 7 4 7 1,AXBYN,KAMYT,25.0,25.K.C 25.A.V 25.M.C 25.Y.V 25.T.c,2.0 1.5 1.75 1.3 0.8,kamut,0.0,1749.0
934,hand,CENTRAL BONTOC,lima,l i m a,5 7 4 7,AXBZ,LIMA,26.0,26.L.C 26.I.V 26.M.C 26.A.V,2.0 1.5 1.75 0.8,lima,0.0,1753.0
974,hand,CENTRAL DUSUN,loŋon,l o ŋ o n,5 7 4 7 4,AXBYN,LUNUN,27.0,27.L.C 27.U.V 27.N.C 27.U.V 27.N.c,2.0 1.5 1.75 1.3 0.8,loŋon,0.0,1761.0
1014,hand,CENTRAL TAGBANWA,alima,a l i m a,7 5 7 4 7,XBYBZ,ALIMA,28.0,28.A.V 28.L.C 28.I.V 28.M.C 28.A.V,1.5 1.75 1.3 1.75 0.8,alima,0.0,1753.0
1054,hand,CUYONON,lima,l i m a,5 7 4 7,AXBZ,LIMA,29.0,29.L.C 29.I.V 29.M.C 29.A.V,2.0 1.5 1.75 0.8,lima,0.0,1753.0
1094,hand,DARAGA,kamit,k a m i t,1 7 4 7 1,AXBYN,KAMIT,30.0,30.K.C 30.A.V 30.M.C 30.I.V 30.T.c,2.0 1.5 1.75 1.3 0.8,kamit,0.0,1749.0
1134,hand,DUMAGAT CASIGURAN,kamət,k a m ə t,1 7 4 7 1,AXBYN,KAMET,31.0,31.K.C 31.A.V 31.M.C 31.E.V 31.T.c,2.0 1.5 1.75 1.3 0.8,kamət,0.0,1749.0
1174,hand,DUPANINGAN AGTA,kamat,k a m a t,1 7 4 7 1,AXBYN,KAMAT,32.0,32.K.C 32.A.V 32.M.C 32.A.V 32.T.c,2.0 1.5 1.75 1.3 0.8,kamat,0.0,1749.0
1214,hand,ENGLISH,hEnd,h æ n d,3 7 4 1,AXLN,HENT,33.0,33.H.C 33.E.V 33.N.c 33.T.c,2.0 1.5 1.1 0.8,hænd,0.0,1781.0
1254,hand,ESKAYAN,dapami,d a p a m i,1 7 1 7 4 7,AXBYBZ,TAPAMI,34.0,34.T.C 34.A.V 34.P.C 34.A.V 34.M.C 34.I.V,2.0 1.5 1.75 1.3 1.75 0.8,dapami,0.0,1782.0
1294,hand,ESTONIAN,kasi,k a s i,1 7 3 7,AXBZ,KASI,35.0,35.K.C 35.A.V 35.S.C 35.I.V,2.0 1.5 1.75 0.8,kasi,0.0,1783.0
1334,hand,FINNISH,kEsi,k es i,1 7 7,AXZ,KEI,37.0,37.K.C 37.E.V 37.I.V,2.0 1.5 0.8,kesi,0.0,1785.0
1374,hand,FUZHOU CHINESE,tʃiu,tʃ i u,1 7 7,AXZ,TIY,38.0,38.T.C 38.I.V 38.Y.V,2.0 1.5 0.8,tʃiu,0.0,1786.0
1414,hand,GADDANG,laŋalaj,l a ŋ a l a j,5 7 4 7 5 7 6,AXBYBYN,LANALAJ,39.0,39.L.C 39.A.V 39.N.C 39.A.V 39.L.C 39.A.V 39.J.c,2.0 1.5 1.75 1.3 1.75 1.3 0.8,laŋalaj,0.0,1787.0
1454,hand,HANUNOO,kamaŋ,k a m a ŋ,1 7 4 7 4,AXBYN,KAMAN,40.0,40.K.C 40.A.V 40.M.C 40.A.V 40.N.c,2.0 1.5 1.75 1.3 0.8,kamaŋ,0.0,1788.0
1494,hand,HIGAONON BINUKID,alima,a l i m a,7 5 7 4 7,XBYBZ,ALIMA,41.0,41.A.V 41.L.C 41.I.V 41.M.C 41.A.V,1.5 1.75 1.3 1.75 0.8,alima,0.0,1753.0
1534,hand,HUNGARIAN,kez,k e z,1 7 3,AXN,KES,43.0,43.K.C 43.E.V 43.S.c,2.0 1.5 0.8,kez,0.0,1783.0
1574,hand,IBALOI,takdai,t a k d a i,1 7 1 1 7 7,AXMBYZ,TAKTAI,44.0,44.T.C 44.A.V 44.K.c 44.T.C 44.A.V 44.I.V,2.0 1.5 1.1 1.75 1.3 0.8,takdai,0.0,1792.0
1614,hand,IBANAG,lima,l i m a,5 7 4 7,AXBZ,LIMA,45.0,45.L.C 45.I.V 45.M.C 45.A.V,2.0 1.5 1.75 0.8,lima,0.0,1753.0
1654,hand,IDAAN,opiʔ,o p i ʔ,7 1 7 1,XBYN,UPIH,46.0,46.U.V 46.P.C 46.I.V 46.H.c,1.5 1.75 1.3 0.8,opiʔ,0.0,1794.0
1694,hand,IFUGAO AMGANAD,taʔle,t a ʔ l e,1 7 1 5 7,AXBCZ,TAHLE,47.0,47.T.C 47.A.V 47.H.C 47.L.C 47.E.V,2.0 1.5 1.75 1.5 0.8,taʔle,0.0,1795.0
1734,hand,IFUGAO BATAD,ŋamaj,ŋ a m a j,4 7 4 7 6,AXBYN,NAMAJ,48.0,48.N.C 48.A.V 48.M.C 48.A.V 48.J.c,2.0 1.5 1.75 1.3 0.8,ŋamaj,0.0,1796.0
1774,hand,IFUGAO BAYNINAN,taʔle,t a ʔ l e,1 7 1 5 7,AXBCZ,TAHLE,49.0,49.T.C 49.A.V 49.H.C 49.L.C 49.E.V,2.0 1.5 1.75 1.5 0.8,taʔle,0.0,1795.0
1814,hand,ILOKANO,ima,i m a,7 4 7,XBZ,IMA,50.0,50.I.V 50.M.C 50.A.V,1.5 1.75 0.8,ima,0.0,1811.0
1854,hand,ILONGOT KAKIDUGEN,gima,g i m a,1 7 4 7,AXBZ,KIMA,51.0,51.K.C 51.I.V 51.M.C 51.A.V,2.0 1.5 1.75 0.8,gima,0.0,1788.0
1894,hand,INIBALOI,takdaj,t a k d a j,1 7 1 1 7 6,AXMBYN,TAKTAJ,54.0,54.T.C 54.A.V 54.K.c 54.T.C 54.A.V 54.J.c,2.0 1.5 1.1 1.75 1.3 0.8,takdaj,0.0,1792.0
1934,hand,IRANUN,lima,l i m a,5 7 4 7,AXBZ,LIMA,55.0,55.L.C 55.I.V 55.M.C 55.A.V,2.0 1.5 1.75 0.8,lima,0.0,1753.0
1974,hand,IRIGA,kamit,k a m i t,1 7 4 7 1,AXBYN,KAMIT,57.0,57.K.C 57.A.V 57.M.C 57.I.V 57.T.c,2.0 1.5 1.75 1.3 0.8,kamit,0.0,1749.0
2014,hand,ISNAG,ima,i m a,7 4 7,XBZ,IMA,59.0,59.I.V 59.M.C 59.A.V,1.5 1.75 0.8,ima,0.0,1811.0
2054,hand,ISNEG,ima,i m a,7 4 7,XBZ,IMA,60.0,60.I.V 60.M.C 60.A.V,1.5 1.75 0.8,ima,0.0,1811.0
2094,hand,ITAWIT,imE,i m æ,7 4 7,XBZ,IME,61.0,61.I.V 61.M.C 61.E.V,1.5 1.75 0.8,imæ,0.0,1811.0
2134,hand,ITBAYATEN BATANES ISLANDS,limaʔ,l i m a ʔ,5 7 4 7 1,AXBYN,LIMAH,62.0,62.L.C 62.I.V 62.M.C 62.A.V 62.H.c,2.0 1.5 1.75 1.3 0.8,limaʔ,0.0,1753.0
2174,hand,ITNEG BINONGAN,ima,i m a,7 4 7,XBZ,IMA,63.0,63.I.V 63.M.C 63.A.V,1.5 1.75 0.8,ima,0.0,1811.0
2214,hand,IVATAN BATANES ISLANDS,tanoroʔ,t a n o r o ʔ,1 7 4 7 5 7 1,AXBYBYN,TANURUH,65.0,65.T.C 65.A.V 65.N.C 65.U.V 65.R.C 65.U.V 65.H.c,2.0 1.5 1.75 1.3 1.75 1.3 0.8,tanoroʔ,0.0,1806.0
2254,hand,JAPANESE,te,t e,1 7,AX,TE,66.0,66.T.C 66.E.V,2.0 1.5,te,0.0,1814.0
2294,hand,KADAZAN,pahad,p a h a d,1 7 3 7 1,AXBYN,PAHAT,67.0,67.P.C 67.A.V 67.H.C 67.A.V 67.T.c,2.0 1.5 1.75 1.3 0.8,pahad,0.0,1815.0
2334,hand,KAGAYANEN,blukan,b l u k a n,1 5 7 1 7 4,ACXBYN,PLYKAN,68.0,68.P.C 68.L.C 68.Y.V 68.K.C 68.A.V 68.N.c,2.0 1.5 1.5 1.75 1.3 0.8,blukan,0.0,1816.0
2374,hand,KALAGAN,biktin,b i k t i n,1 7 1 1 7 4,AXMBYN,PIKTIN,69.0,69.P.C 69.I.V 69.K.c 69.T.C 69.I.V 69.N.c,2.0 1.5 1.1 1.75 1.3 0.8,biktin,0.0,1817.0
2414,hand,KALINGA GUINAANG,ima,i m a,7 4 7,XBZ,IMA,70.0,70.I.V 70.M.C 70.A.V,1.5 1.75 0.8,ima,0.0,1811.0
2454,hand,KALINGA LIMOS,taklaj,t a k l a j,1 7 1 5 7 6,AXBCYN,TAKLAJ,71.0,71.T.C 71.A.V 71.K.C 71.L.C 71.A.V 71.J.c,2.0 1.5 1.75 1.5 1.3 0.8,taklaj,0.0,1819.0
2494,hand,KALLAHAN KAYAPA PROPER,taklaj,t a k l a j,1 7 1 5 7 6,AXBCYN,TAKLAJ,72.0,72.T.C 72.A.V 72.K.C 72.L.C 72.A.V 72.J.c,2.0 1.5 1.75 1.5 1.3 0.8,taklaj,0.0,1819.0
2534,hand,KALLAHAN KELEYQIQ IFUGAO,taklaj,t a k l a j,1 7 1 5 7 6,AXBCYN,TAKLAJ,73.0,73.T.C 73.A.V 73.K.C 73.L.C 73.A.V 73.J.c,2.0 1.5 1.75 1.5 1.3 0.8,taklaj,0.0,1819.0
2574,hand,KANKANAY NORTHERN,lədəŋ,l ə d ə ŋ,5 7 1 7 4,AXBYN,LETEN,75.0,75.L.C 75.E.V 75.T.C 75.E.V 75.N.c,2.0 1.5 1.75 1.3 0.8,lədəŋ,0.0,1823.0
2614,hand,KAPAMPANGAN,gamat,g a m a t,1 7 4 7 1,AXBYN,KAMAT,76.0,76.K.C 76.A.V 76.M.C 76.A.V 76.T.c,2.0 1.5 1.75 1.3 0.8,gamat,0.0,1749.0
2654,hand,KINARAY A,alima,a l i m a,7 5 7 4 7,XBYBZ,ALIMA,77.0,77.A.V 77.L.C 77.I.V 77.M.C 77.A.V,1.5 1.75 1.3 1.75 0.8,alima,0.0,1753.0
2694,hand,KOREAN,son,s o n,3 7 4,AXN,SUN,78.0,78.S.C 78.U.V 78.N.c,2.0 1.5 0.8,son,0.0,1826.0
2734,hand,LEGAZPI,kamut,k a m u t,1 7 4 7 1,AXBYN,KAMYT,79.0,79.K.C 79.A.V 79.M.C 79.Y.V 79.T.c,2.0 1.5 1.75 1.3 0.8,kamut,0.0,1749.0
2774,hand,LIBON,kamot,k a m o t,1 7 4 7 1,AXBYN,KAMUT,80.0,80.K.C 80.A.V 80.M.C 80.U.V 80.T.c,2.0 1.5 1.75 1.3 0.8,kamot,0.0,1749.0
2814,hand,LIVE,keic,k e i c,1 7 7 1,AXYN,KEIC,82.0,82.K.C 82.E.V 82.I.V 82.C.c,2.0 1.5 1.3 0.8,keic,0.0,1785.0
2854,hand,MAGUINDANAO,lima,l i m a,5 7 4 7,AXBZ,LIMA,83.0,83.L.C 83.I.V 83.M.C 83.A.V,2.0 1.5 1.75 0.8,lima,0.0,1753.0
2894,hand,MAMANWA,alima,a l i m a,7 5 7 4 7,XBYBZ,ALIMA,84.0,84.A.V 84.L.C 84.I.V 84.M.C 84.A.V,1.5 1.75 1.3 1.75 0.8,alima,0.0,1753.0
2934,hand,MANOBO ATA,bolad,b o l a d,1 7 5 7 1,AXBYN,PULAT,88.0,88.P.C 88.U.V 88.L.C 88.A.V 88.T.c,2.0 1.5 1.75 1.3 0.8,bolad,0.0,1836.0
2974,hand,MANOBO DIBABAWON,bəad,b ə a d,1 7 7 1,AXYN,PEAT,89.0,89.P.C 89.E.V 89.A.V 89.T.c,2.0 1.5 1.3 0.8,bəad,0.0,1836.0
3014,hand,MANOBO ILIANEN,bəlad,b ə l a d,1 7 5 7 1,AXBYN,PELAT,90.0,90.P.C 90.E.V 90.L.C 90.A.V 90.T.c,2.0 1.5 1.75 1.3 0.8,bəlad,0.0,1836.0
3054,hand,MANOBO KALAMANSIG COTABATO,bəlad,b ə l a d,1 7 5 7 1,AXBYN,PELAT,91.0,91.P.C 91.E.V 91.L.C 91.A.V 91.T.c,2.0 1.5 1.75 1.3 0.8,bəlad,0.0,1836.0
3094,hand,MANOBO SARANGANI,bolad,b o l a d,1 7 5 7 1,AXBYN,PULAT,92.0,92.P.C 92.U.V 92.L.C 92.A.V 92.T.c,2.0 1.5 1.75 1.3 0.8,bolad,0.0,1836.0
3134,hand,MANOBO TIGWA,bəlad,b ə l a d,1 7 5 7 1,AXBYN,PELAT,93.0,93.P.C 93.E.V 93.L.C 93.A.V 93.T.c,2.0 1.5 1.75 1.3 0.8,bəlad,0.0,1815.0
3174,hand,MANOBO WESTERN BUKIDNON,bəlad,b ə l a d,1 7 5 7 1,AXBYN,PELAT,94.0,94.P.C 94.E.V 94.L.C 94.A.V 94.T.c,2.0 1.5 1.75 1.3 0.8,bəlad,0.0,1836.0
3214,hand,MANSAKA,bəktən,b ə k t ə n,1 7 1 1 7 4,AXMBYN,PEKTEN,95.0,95.P.C 95.E.V 95.K.c 95.T.C 95.E.V 95.N.c,2.0 1.5 1.1 1.75 1.3 0.8,bəktən,0.0,1817.0
3254,hand,MAPUN,taŋan,t a ŋ a n,1 7 4 7 4,AXBYN,TANAN,97.0,97.T.C 97.A.V 97.N.C 97.A.V 97.N.c,2.0 1.5 1.75 1.3 0.8,taŋan,0.0,1754.0
3294,hand,MARANAO,lima,l i m a,5 7 4 7,AXBZ,LIMA,98.0,98.L.C 98.I.V 98.M.C 98.A.V,2.0 1.5 1.75 0.8,lima,0.0,1753.0
3334,hand,MARINDUQUE TAGALOG,kamaj,k a m a j,1 7 4 7 6,AXBYN,KAMAJ,99.0,99.K.C 99.A.V 99.M.C 99.A.V 99.J.c,2.0 1.5 1.75 1.3 0.8,kamaj,0.0,1788.0
3374,hand,MASBATENYO,kamot,k a m o t,1 7 4 7 1,AXBYN,KAMUT,100.0,100.K.C 100.A.V 100.M.C 100.U.V 100.T.c,2.0 1.5 1.75 1.3 0.8,kamot,0.0,1749.0
3414,hand,MINANGALI LOWER TANUDAN KALINGA,ima,i m a,7 4 7,XBZ,IMA,101.0,101.I.V 101.M.C 101.A.V,1.5 1.75 0.8,ima,0.0,1811.0
3454,hand,MOKSHA,kadj,k a d j,1 7 1 6,AXBC,KATJ,102.0,102.K.C 102.A.V 102.T.C 102.J.C,2.0 1.5 1.75 1.5,kadj,0.0,1783.0
3494,hand,MOLBOG,loŋon,l o ŋ o n,5 7 4 7 4,AXBYN,LUNUN,103.0,103.L.C 103.U.V 103.N.C 103.U.V 103.N.c,2.0 1.5 1.75 1.3 0.8,loŋon,0.0,1761.0
3534,hand,MOLBOG 2,lima,l i m a,5 7 4 7,AXBZ,LIMA,104.0,104.L.C 104.I.V 104.M.C 104.A.V,2.0 1.5 1.75 0.8,lima,0.0,1753.0
3574,hand,MONGOLIAN,Gar,g a r,1 7 5,AXN,KAR,105.0,105.K.C 105.A.V 105.R.c,2.0 1.5 0.8,gar,0.0,1853.0
3614,hand,MORO MAGINDANAU,lima,l i m a,5 7 4 7,AXBZ,LIMA,106.0,106.L.C 106.I.V 106.M.C 106.A.V,2.0 1.5 1.75 0.8,lima,0.0,1753.0
3654,hand,NAGA,kamut,k a m u t,1 7 4 7 1,AXBYN,KAMYT,107.0,107.K.C 107.A.V 107.M.C 107.Y.V 107.T.c,2.0 1.5 1.75 1.3 0.8,kamut,0.0,1749.0
3694,hand,NORTHERN CATANDUANES,kamut,k a m u t,1 7 4 7 1,AXBYN,KAMYT,108.0,108.K.C 108.A.V 108.M.C 108.Y.V 108.T.c,2.0 1.5 1.75 1.3 0.8,kamut,0.0,1749.0
3734,hand,NORTHERN SORSOGON,kamut,k a m u t,1 7 4 7 1,AXBYN,KAMYT,109.0,109.K.C 109.A.V 109.M.C 109.Y.V 109.T.c,2.0 1.5 1.75 1.3 0.8,kamut,0.0,1749.0
3774,hand,OAS,kamit,k a m i t,1 7 4 7 1,AXBYN,KAMIT,110.0,110.K.C 110.A.V 110.M.C 110.I.V 110.T.c,2.0 1.5 1.75 1.3 0.8,kamit,0.0,1749.0
3814,hand,PALAWANO BATAK,alima,a l i m a,7 5 7 4 7,XBYBZ,ALIMA,111.0,111.A.V 111.L.C 111.I.V 111.M.C 111.A.V,1.5 1.75 1.3 1.75 0.8,alima,0.0,1753.0
3854,hand,PANGASINAN,lima,l i m a,5 7 4 7,AXBZ,LIMA,112.0,112.L.C 112.I.V 112.M.C 112.A.V,2.0 1.5 1.75 0.8,lima,0.0,1753.0
3894,hand,PANGUTARAN SAMA,taŋan,t a ŋ a n,1 7 4 7 4,AXBYN,TANAN,113.0,113.T.C 113.A.V 113.N.C 113.A.V 113.N.c,2.0 1.5 1.75 1.3 0.8,taŋan,0.0,1754.0
3934,hand,PANGUTARAN SAMA (1),taŋan,t a ŋ a n,1 7 4 7 4,AXBYN,TANAN,114.0,114.T.C 114.A.V 114.N.C 114.A.V 114.N.c,2.0 1.5 1.75 1.3 0.8,taŋan,0.0,1754.0
3974,hand,PROTO PALAWAN,lima,l i m a,5 7 4 7,AXBZ,LIMA,115.0,115.L.C 115.I.V 115.M.C 115.A.V,2.0 1.5 1.75 0.8,lima,0.0,1753.0
4014,hand,QUEZON PALAWAN,lima,l i m a,5 7 4 7,AXBZ,LIMA,117.0,117.L.C 117.I.V 117.M.C 117.A.V,2.0 1.5 1.75 0.8,lima,0.0,1753.0
4054,hand,ROMBLOMANON 1,kamot,k a m o t,1 7 4 7 1,AXBYN,KAMUT,118.0,118.K.C 118.A.V 118.M.C 118.U.V 118.T.c,2.0 1.5 1.75 1.3 0.8,kamot,0.0,1749.0
4094,hand,ROMBLOMANON 2,kamut,k a m u t,1 7 4 7 1,AXBYN,KAMYT,119.0,119.K.C 119.A.V 119.M.C 119.Y.V 119.T.c,2.0 1.5 1.75 1.3 0.8,kamut,0.0,1749.0
4134,hand,SAMAL,taŋan,t a ŋ a n,1 7 4 7 4,AXBYN,TANAN,120.0,120.T.C 120.A.V 120.N.C 120.A.V 120.N.c,2.0 1.5 1.75 1.3 0.8,taŋan,0.0,1754.0
4174,hand,SAMBAL BOTOLAN,gamət,g a m ə t,1 7 4 7 1,AXBYN,KAMET,121.0,121.K.C 121.A.V 121.M.C 121.E.V 121.T.c,2.0 1.5 1.75 1.3 0.8,gamət,0.0,1749.0
4214,hand,SANGIL,lima,l i m a,5 7 4 7,AXBZ,LIMA,122.0,122.L.C 122.I.V 122.M.C 122.A.V,2.0 1.5 1.75 0.8,lima,0.0,1753.0
4254,hand,SANGIL SARANGANI ISLANDS,lima,l i m a,5 7 4 7,AXBZ,LIMA,123.0,123.L.C 123.I.V 123.M.C 123.A.V,2.0 1.5 1.75 0.8,lima,0.0,1753.0
4294,hand,SEDANG,koŋ,k o ŋ,1 7 4,AXN,KUN,124.0,124.K.C 124.U.V 124.N.c,2.0 1.5 0.8,koŋ,0.0,1872.0
4334,hand,SIBUTU SOUTHERN SAMA,taŋan,t a ŋ a n,1 7 4 7 4,AXBYN,TANAN,125.0,125.T.C 125.A.V 125.N.C 125.A.V 125.N.c,2.0 1.5 1.75 1.3 0.8,taŋan,0.0,1754.0
4374,hand,SOGODNIN BORACAY,alima,a l i m a,7 5 7 4 7,XBYBZ,ALIMA,127.0,127.A.V 127.L.C 127.I.V 127.M.C 127.A.V,1.5 1.75 1.3 1.75 0.8,alima,0.0,1753.0
4414,hand,SOUTH SAAMI,gəetə,g ə e t ə,1 7 7 1 7,AXYBZ,KEETE,128.0,128.K.C 128.E.V 128.E.V 128.T.C 128.E.V,2.0 1.5 1.3 1.75 0.8,gəetə,0.0,1876.0
4454,hand,SOUTHERN CATANDUANES,kamut,k a m u t,1 7 4 7 1,AXBYN,KAMYT,129.0,129.K.C 129.A.V 129.M.C 129.Y.V 129.T.c,2.0 1.5 1.75 1.3 0.8,kamut,0.0,1749.0
4494,hand,SOUTHERN SORSOGON,kamut,k a m u t,1 7 4 7 1,AXBYN,KAMYT,131.0,131.K.C 131.A.V 131.M.C 131.Y.V 131.T.c,2.0 1.5 1.75 1.3 0.8,kamut,0.0,1749.0
4534,hand,SOUTHWEST PALAWANO,elima,e l i m a,7 5 7 4 7,XBYBZ,ELIMA,132.0,132.E.V 132.L.C 132.I.V 132.M.C 132.A.V,1.5 1.75 1.3 1.75 0.8,elima,0.0,1753.0
4574,hand,SPANISH,mano,m a n o,4 7 4 7,AXBZ,MANU,133.0,133.M.C 133.A.V 133.N.C 133.U.V,2.0 1.5 1.75 0.8,mano,0.0,1881.0
4614,hand,SUBANON SIOCON,komot,k o m o t,1 7 4 7 1,AXBYN,KUMUT,134.0,134.K.C 134.U.V 134.M.C 134.U.V 134.T.c,2.0 1.5 1.75 1.3 0.8,komot,0.0,1749.0
4654,hand,SUBANUN SINDANGAN,beŋkən,b e ŋ k ə n,1 7 4 1 7 4,AXMBYN,PENKEN,135.0,135.P.C 135.E.V 135.N.c 135.K.C 135.E.V 135.N.c,2.0 1.5 1.1 1.75 1.3 0.8,beŋkən,0.0,1883.0
4694,hand,SURIGAONON,alima,a l i m a,7 5 7 4 7,XBYBZ,ALIMA,136.0,136.A.V 136.L.C 136.I.V 136.M.C 136.A.V,1.5 1.75 1.3 1.75 0.8,alima,0.0,1753.0
4734,hand,TAGABAWA,balad,b a l a d,1 7 5 7 1,AXBYN,PALAT,137.0,137.P.C 137.A.V 137.L.C 137.A.V 137.T.c,2.0 1.5 1.75 1.3 0.8,balad,0.0,1836.0
4774,hand,TAGABILI,sigəl,s i g ə l,3 7 1 7 5,AXBYN,SIKEL,138.0,138.S.C 138.I.V 138.K.C 138.E.V 138.L.c,2.0 1.5 1.75 1.3 0.8,sigəl,0.0,1758.0
4814,hand,TAGALOG,kamaj,k a m a j,1 7 4 7 6,AXBYN,KAMAJ,139.0,139.K.C 139.A.V 139.M.C 139.A.V 139.J.c,2.0 1.5 1.75 1.3 0.8,kamaj,0.0,1788.0
4854,hand,TAGBANUA ABORLAN,ʔalima,ʔ a l i m a,1 7 5 7 4 7,AXBYBZ,HALIMA,140.0,140.H.C 140.A.V 140.L.C 140.I.V 140.M.C 140.A.V,2.0 1.5 1.75 1.3 1.75 0.8,ʔalima,0.0,1753.0
4894,hand,TAGBANWA ABORLAN,alima,a l i m a,7 5 7 4 7,XBYBZ,ALIMA,141.0,141.A.V 141.L.C 141.I.V 141.M.C 141.A.V,1.5 1.75 1.3 1.75 0.8,alima,0.0,1753.0
4934,hand,TAGBANWA KALAMIAN,kalimaʔ,k a l i m a ʔ,1 7 5 7 4 7 1,AXBYBYN,KALIMAH,142.0,142.K.C 142.A.V 142.L.C 142.I.V 142.M.C 142.A.V 142.H.c,2.0 1.5 1.75 1.3 1.75 1.3 0.8,kalimaʔ,0.0,1753.0
4974,hand,TALAANDIG BINUKID,alima,a l i m a,7 5 7 4 7,XBYBZ,ALIMA,143.0,143.A.V 143.L.C 143.I.V 143.M.C 143.A.V,1.5 1.75 1.3 1.75 0.8,alima,0.0,1753.0
5014,hand,TAMBUNAN DUSUN,loŋon,l o ŋ o n,5 7 4 7 4,AXBYN,LUNUN,144.0,144.L.C 144.U.V 144.N.C 144.U.V 144.N.c,2.0 1.5 1.75 1.3 0.8,loŋon,0.0,1761.0
5054,hand,TAUSUG,limah,l i m a h,5 7 4 7 3,AXBYN,LIMAH,145.0,145.L.C 145.I.V 145.M.C 145.A.V 145.H.c,2.0 1.5 1.75 1.3 0.8,limah,0.0,1753.0
5134,hand,TBOLI TAGABILI,sigtl,s i g t l,3 7 1 1 5,AXMBC,SIKTL,147.0,147.S.C 147.I.V 147.K.c 147.T.C 147.L.C,2.0 1.5 1.1 1.75 1.5,sigtl,0.0,1894.0
5174,hand,TIMUGON MURUT,kalinduʔ,k a l i n d u ʔ,1 7 5 7 4 1 7 1,AXBYMBYN,KALINTYH,148.0,148.K.C 148.A.V 148.L.C 148.I.V 148.N.c 148.T.C 148.Y.V 148.H.c,2.0 1.5 1.75 1.3 1.1 1.75 1.3 0.8,kalinduʔ,0.0,1895.0
5214,hand,TIRURAY,kuwonon,k u w o n o n,1 7 6 7 4 7 4,AXBYBYN,KYWUNUN,149.0,149.K.C 149.Y.V 149.W.C 149.U.V 149.N.C 149.U.V 149.N.c,2.0 1.5 1.75 1.3 1.75 1.3 0.8,kuwonon,0.0,1754.0
5254,hand,TURKISH,el,e l,7 5,XN,EL,150.0,150.E.V 150.L.c,1.5 0.8,el,0.0,1897.0
5294,hand,UGARITIC,jd,j d,6 1,AN,JT,151.0,151.J.C 151.T.c,2.0 0.8,jd,0.0,1898.0
5334,hand,WARAY WARAY,kamot,k a m o t,1 7 4 7 1,AXBYN,KAMUT,152.0,152.K.C 152.A.V 152.M.C 152.U.V 152.T.c,2.0 1.5 1.75 1.3 0.8,kamot,0.0,1749.0
5374,hand,YAKAN,taŋan,t a ŋ a n,1 7 4 7 4,AXBYN,TANAN,153.0,153.T.C 153.A.V 153.N.C 153.A.V 153.N.c,2.0 1.5 1.75 1.3 0.8,taŋan,0.0,1754.0
5414,hand,YOGAD,kamat,k a m a t,1 7 4 7 1,AXBYN,KAMAT,154.0,154.K.C 154.A.V 154.M.C 154.A.V 154.T.c,2.0 1.5 1.75 1.3 0.8,kamat,0.0,1749.0
5494,hand,IMOROD,pamamahadan,p a m a m a h a d a n,1 7 4 7 4 7 3 7 1 7 4,AXBYBYBYBYN,PAMAMAHATAN,52.0,52.P.C 52.A.V 52.M.C 52.A.V 52.M.C 52.A.V 52.H.C 52.A.V 52.T.C 52.A.V 52.N.c,2.0 1.5 1.75 1.3 1.75 1.3 1.75 1.3 1.75 1.3 0.8,pamamahadan,0.0,1800.0
5534,hand,BABUYAN,panorowan,p a n o r o w a n,1 7 4 7 5 7 6 7 4,AXBYBYBYN,PANURUWAN,4.0,4.P.C 4.A.V 4.N.C 4.U.V 4.R.C 4.U.V 4.W.C 4.A.V 4.N.c,2.0 1.5 1.75 1.3 1.75 1.3 1.75 1.3 0.8,panorowan,0.0,1752.0
5574,hand,BISAYA SABAH,luŋon,l u ŋ o n,5 7 4 7 4,AXBYN,LYNUN,13.0,13.L.C 13.Y.V 13.N.C 13.U.V 13.N.c,2.0 1.5 1.75 1.3 0.8,luŋon,0.0,1761.0
5614,hand,FINALLIG,lima,l i m a,5 7 4 7,AXBZ,LIMA,36.0,36.L.C 36.I.V 36.M.C 36.A.V,2.0 1.5 1.75 0.8,lima,0.0,1753.0
5654,hand,HILIGAYNON,kamut,k a m u t,1 7 4 7 1,AXBYN,KAMYT,42.0,42.K.C 42.A.V 42.M.C 42.Y.V 42.T.c,2.0 1.5 1.75 1.3 0.8,kamut,0.0,1749.0
5694,hand,INABAKNON,kambag,k a m b a g,1 7 4 1 7 1,AXMBYN,KAMPAK,53.0,53.K.C 53.A.V 53.M.c 53.P.C 53.A.V 53.K.c,2.0 1.5 1.1 1.75 1.3 0.8,kambag,0.0,1801.0
5734,hand,IRARALAY IVATAN,lima,l i m a,5 7 4 7,AXBZ,LIMA,56.0,56.L.C 56.I.V 56.M.C 56.A.V,2.0 1.5 1.75 0.8,lima,0.0,1753.0
5774,hand,ISAMORONG IVATAN,tanoro,t a n o r o,1 7 4 7 5 7,AXBYBZ,TANURU,58.0,58.T.C 58.A.V 58.N.C 58.U.V 58.R.C 58.U.V,2.0 1.5 1.75 1.3 1.75 0.8,tanoro,0.0,1806.0
5814,hand,IVASAY IVATAN,tanoro,t a n o r o,1 7 4 7 5 7,AXBYBZ,TANURU,64.0,64.T.C 64.A.V 64.N.C 64.U.V 64.R.C 64.U.V,2.0 1.5 1.75 1.3 1.75 0.8,tanoro,0.0,1806.0
5854,hand,KANKANAEY,takaj,t a k a j,1 7 1 7 6,AXBYN,TAKAJ,74.0,74.T.C 74.A.V 74.K.C 74.A.V 74.J.c,2.0 1.5 1.75 1.3 0.8,takaj,0.0,1819.0
5894,hand,LIMOS KALINGA,ima,i m a,7 4 7,XBZ,IMA,81.0,81.I.V 81.M.C 81.A.V,1.5 1.75 0.8,ima,0.0,1811.0
5934,hand,MANDAYAN BOSO,bəktən,b ə k t ə n,1 7 1 1 7 4,AXMBYN,PEKTEN,85.0,85.P.C 85.E.V 85.K.c 85.T.C 85.E.V 85.N.c,2.0 1.5 1.1 1.75 1.3 0.8,bəktən,0.0,1817.0
5974,hand,MANDAYAN CARAGA,buktun,b u k t u n,1 7 1 1 7 4,AXMBYN,PYKTYN,86.0,86.P.C 86.Y.V 86.K.c 86.T.C 86.Y.V 86.N.c,2.0 1.5 1.1 1.75 1.3 0.8,buktun,0.0,1817.0
6014,hand,MANDAYAN ISLAM PISO,bəktən,b ə k t ə n,1 7 1 1 7 4,AXMBYN,PEKTEN,87.0,87.P.C 87.E.V 87.K.c 87.T.C 87.E.V 87.N.c,2.0 1.5 1.1 1.75 1.3 0.8,bəktən,0.0,1817.0
6054,hand,MANSAKA 2,bəktən,b ə k t ə n,1 7 1 1 7 4,AXMBYN,PEKTEN,96.0,96.P.C 96.E.V 96.K.c 96.T.C 96.E.V 96.N.c,2.0 1.5 1.1 1.75 1.3 0.8,bəktən,0.0,1817.0
6094,hand,PROTO SOUTHERN MINDANAO,sigəl,s i g ə l,3 7 1 7 5,AXBYN,SIKEL,116.0,116.S.C 116.I.V 116.K.C 116.E.V 116.L.c,2.0 1.5 1.75 1.3 0.8,sigəl,0.0,1758.0
6134,hand,SINAUNA,alima,a l i m a,7 5 7 4 7,XBYBZ,ALIMA,126.0,126.A.V 126.L.C 126.I.V 126.M.C 126.A.V,1.5 1.75 1.3 1.75 0.8,alima,0.0,1874.0
6174,hand,SOUTHERN KALINGA,ima,i m a,7 4 7,XBZ,IMA,130.0,130.I.V 130.M.C 130.A.V,1.5 1.75 0.8,ima,0.0,1811.0
15,hear,AGTA,modoŋog,m o d o ŋ o g,4 7 1 7 4 7 1,AXBYBYN,MUTUNUK,1.0,1.M.C 1.U.V 1.T.C 1.U.V 1.N.C 1.U.V 1.K.c,2.0 1.5 1.75 1.3 1.75 1.3 0.8,modoŋog,0.0,1899.0
55,hear,AKLANON,nakabatiʔ,n a k a b a t i ʔ,4 7 1 7 1 7 1 7 1,AXBYBYBYN,NAKAPATIH,2.0,2.N.C 2.A.V 2.K.C 2.A.V 2.P.C 2.A.V 2.T.C 2.I.V 2.H.c,2.0 1.5 1.75 1.3 1.75 1.3 1.75 1.3 0.8,nakabatiʔ,0.0,1900.0
95,hear,ATTA PAMPLONA,maginna,m a g i nn a,4 7 1 7 4 7,AXBYBZ,MAKINA,3.0,3.M.C 3.A.V 3.K.C 3.I.V 3.N.C 3.A.V,2.0 1.5 1.75 1.3 1.75 0.8,maginna,0.0,1901.0
135,hear,BALANGAW,doŋal,d o ŋ a l,1 7 4 7 5,AXBYN,TUNAL,5.0,5.T.C 5.U.V 5.N.C 5.A.V 5.L.c,2.0 1.5 1.75 1.3 0.8,doŋal,0.0,1913.0
175,hear,BALANGINGI SAMA,kale,k a l e,1 7 5 7,AXBZ,KALE,6.0,6.K.C 6.A.V 6.L.C 6.E.V,2.0 1.5 1.75 0.8,kale,0.0,1904.0
215,hear,BALANGINGI SAMA (1),kale,k a l e,1 7 5 7,AXBZ,KALE,7.0,7.K.C 7.A.V 7.L.C 7.E.V,2.0 1.5 1.75 0.8,kale,0.0,1904.0
255,hear,BASQUE,encun,e n c u n,7 4 1 7 4,XMBYN,ENCYN,8.0,8.E.V 8.N.c 8.C.C 8.Y.V 8.N.c,1.5 1.1 1.75 1.3 0.8,encun,0.0,1906.0
295,hear,BATAK PALAWAN,batiʔ,b a t i ʔ,1 7 1 7 1,AXBYN,PATIH,9.0,9.P.C 9.A.V 9.T.C 9.I.V 9.H.c,2.0 1.5 1.75 1.3 0.8,batiʔ,0.0,1900.0
335,hear,BILAAN KORONADAL,liŋə,l i ŋ ə,5 7 4 7,AXBZ,LINE,10.0,10.L.C 10.I.V 10.N.C 10.E.V,2.0 1.5 1.75 0.8,liŋə,0.0,1908.0
375,hear,BILAAN SARANGANI,liŋə,l i ŋ ə,5 7 4 7,AXBZ,LINE,11.0,11.L.C 11.I.V 11.N.C 11.E.V,2.0 1.5 1.75 0.8,liŋə,0.0,1908.0
415,hear,BINUKID,paliman,p a l i m a n,1 7 5 7 4 7 4,AXBYBYN,PALIMAN,12.0,12.P.C 12.A.V 12.L.C 12.I.V 12.M.C 12.A.V 12.N.c,2.0 1.5 1.75 1.3 1.75 1.3 0.8,paliman,0.0,1910.0
455,hear,BONGGI,kidoŋor,k i d o ŋ o r,1 7 1 7 4 7 5,AXBYBYN,KITUNUR,14.0,14.K.C 14.I.V 14.T.C 14.U.V 14.N.C 14.U.V 14.R.c,2.0 1.5 1.75 1.3 1.75 1.3 0.8,kidoŋor,0.0,1912.0
495,hear,BONTOC GUINAANG,dəŋəl,d ə ŋ ə l,1 7 4 7 5,AXBYN,TENEL,15.0,15.T.C 15.E.V 15.N.C 15.E.V 15.L.c,2.0 1.5 1.75 1.3 0.8,dəŋəl,0.0,1913.0
535,hear,BROOKES POINT PALAWAN,kiŋeg,k i ŋ e g,1 7 4 7 1,AXBYN,KINEK,16.0,16.K.C 16.I.V 16.N.C 16.E.V 16.K.c,2.0 1.5 1.75 1.3 0.8,kiŋeg,0.0,1914.0
575,hear,BUHI,riŋig,r i ŋ i g,5 7 4 7 1,AXBYN,RINIK,17.0,17.R.C 17.I.V 17.N.C 17.I.V 17.K.c,2.0 1.5 1.75 1.3 0.8,riŋig,0.0,1918.0
615,hear,BUHINON ALBAY BICOLANO,rəŋəg,r ə ŋ ə g,5 7 4 7 1,AXBYN,RENEK,18.0,18.R.C 18.E.V 18.N.C 18.E.V 18.K.c,2.0 1.5 1.75 1.3 0.8,rəŋəg,0.0,1918.0
655,hear,BUKIDNON BINUKID,paliman,p a l i m a n,1 7 5 7 4 7 4,AXBYBYN,PALIMAN,19.0,19.P.C 19.A.V 19.L.C 19.I.V 19.M.C 19.A.V 19.N.c,2.0 1.5 1.75 1.3 1.75 1.3 0.8,paliman,0.0,1910.0
695,hear,BUTUANON,moduŋog,m o d u ŋ o g,4 7 1 7 4 7 1,AXBYBYN,MUTYNUK,20.0,20.M.C 20.U.V 20.T.C 20.Y.V 20.N.C 20.U.V 20.K.c,2.0 1.5 1.75 1.3 1.75 1.3 0.8,moduŋog,0.0,1918.0
735,hear,CAIJIA,thi,th i,1 7,AX,TI,21.0,21.T.C 21.I.V,2.0 1.5,thi,0.0,1919.0
775,hear,CANIPAAN PALAWAN,kineg,k i n e g,1 7 4 7 1,AXBYN,KINEK,22.0,22.K.C 22.I.V 22.N.C 22.E.V 22.K.c,2.0 1.5 1.75 1.3 0.8,kineg,0.0,1914.0
815,hear,CASIGURAN NEGRITO,bati,b a t i,1 7 1 7,AXBZ,PATI,23.0,23.P.C 23.A.V 23.T.C 23.I.V,2.0 1.5 1.75 0.8,bati,0.0,1900.0
855,hear,CEBUANO,duŋug,d u ŋ u g,1 7 4 7 1,AXBYN,TYNYK,24.0,24.T.C 24.Y.V 24.N.C 24.Y.V 24.K.c,2.0 1.5 1.75 1.3 0.8,duŋug,0.0,1918.0
895,hear,CENTRAL BICOLANO,daŋog,d a ŋ o g,1 7 4 7 1,AXBYN,TANUK,25.0,25.T.C 25.A.V 25.N.C 25.U.V 25.K.c,2.0 1.5 1.75 1.3 0.8,daŋog,0.0,1918.0
935,hear,CENTRAL BONTOC,daŋəl,d a ŋ ə l,1 7 4 7 5,AXBYN,TANEL,26.0,26.T.C 26.A.V 26.N.C 26.E.V 26.L.c,2.0 1.5 1.75 1.3 0.8,daŋəl,0.0,1913.0
975,hear,CENTRAL DUSUN,roŋou,r o ŋ o u,5 7 4 7 7,AXBYZ,RUNUY,27.0,27.R.C 27.U.V 27.N.C 27.U.V 27.Y.V,2.0 1.5 1.75 1.3 0.8,roŋou,0.0,1911.0
1015,hear,CENTRAL TAGBANWA,bati,b a t i,1 7 1 7,AXBZ,PATI,28.0,28.P.C 28.A.V 28.T.C 28.I.V,2.0 1.5 1.75 0.8,bati,0.0,1900.0
1055,hear,CUYONON,batiʔ,b a t i ʔ,1 7 1 7 1,AXBYN,PATIH,29.0,29.P.C 29.A.V 29.T.C 29.I.V 29.H.c,2.0 1.5 1.75 1.3 0.8,batiʔ,0.0,1900.0
1095,hear,DARAGA,diŋig,d i ŋ i g,1 7 4 7 1,AXBYN,TINIK,30.0,30.T.C 30.I.V 30.N.C 30.I.V 30.K.c,2.0 1.5 1.75 1.3 0.8,diŋig,0.0,1918.0
1135,hear,DUMAGAT CASIGURAN,batiʔ,b a t i ʔ,1 7 1 7 1,AXBYN,PATIH,31.0,31.P.C 31.A.V 31.T.C 31.I.V 31.H.c,2.0 1.5 1.75 1.3 0.8,batiʔ,0.0,1900.0
1175,hear,DUPANINGAN AGTA,matiman,m a t i m a n,4 7 1 7 4 7 4,AXBYBYN,MATIMAN,32.0,32.M.C 32.A.V 32.T.C 32.I.V 32.M.C 32.A.V 32.N.c,2.0 1.5 1.75 1.3 1.75 1.3 0.8,matiman,0.0,1930.0
1215,hear,ENGLISH,hir,h i r,3 7 5,AXN,HIR,33.0,33.H.C 33.I.V 33.R.c,2.0 1.5 0.8,hir,0.0,1931.0
1255,hear,ESKAYAN,jantisi,j a n t i s i,6 7 4 1 7 3 7,AXMBYBZ,JANTISI,34.0,34.J.C 34.A.V 34.N.c 34.T.C 34.I.V 34.S.C 34.I.V,2.0 1.5 1.1 1.75 1.3 1.75 0.8,jantisi,0.0,1932.0
1295,hear,ESTONIAN,kul,k u l,1 7 5,AXN,KYL,35.0,35.K.C 35.Y.V 35.L.c,2.0 1.5 0.8,kul,0.0,1933.0
1335,hear,FINNISH,kuule,k uu l e,1 7 5 7,AXBZ,KYLE,37.0,37.K.C 37.Y.V 37.L.C 37.E.V,2.0 1.5 1.75 0.8,kuule,0.0,1933.0
1375,hear,FUZHOU CHINESE,thiaŋ,th i a ŋ,1 7 7 4,AXYN,TIAN,38.0,38.T.C 38.I.V 38.A.V 38.N.c,2.0 1.5 1.3 0.8,thiaŋ,0.0,1936.0
1415,hear,GADDANG,madiŋəg,m a d i ŋ ə g,4 7 1 7 4 7 1,AXBYBYN,MATINEK,39.0,39.M.C 39.A.V 39.T.C 39.I.V 39.N.C 39.E.V 39.K.c,2.0 1.5 1.75 1.3 1.75 1.3 0.8,madiŋəg,0.0,1899.0
1455,hear,HANUNOO,dunug,d u n u g,1 7 4 7 1,AXBYN,TYNYK,40.0,40.T.C 40.Y.V 40.N.C 40.Y.V 40.K.c,2.0 1.5 1.75 1.3 0.8,dunug,0.0,1938.0
1495,hear,HIGAONON BINUKID,paliman,p a l i m a n,1 7 5 7 4 7 4,AXBYBYN,PALIMAN,41.0,41.P.C 41.A.V 41.L.C 41.I.V 41.M.C 41.A.V 41.N.c,2.0 1.5 1.75 1.3 1.75 1.3 0.8,paliman,0.0,1910.0
1535,hear,HUNGARIAN,hallan,h a ll a n,3 7 5 7 4,AXBYN,HALAN,43.0,43.H.C 43.A.V 43.L.C 43.A.V 43.N.c,2.0 1.5 1.75 1.3 0.8,hallan,0.0,1941.0
1575,hear,IBALOI,iteneŋ,i t e n e ŋ,7 1 7 4 7 4,XBYBYN,ITENEN,44.0,44.I.V 44.T.C 44.E.V 44.N.C 44.E.V 44.N.c,1.5 1.75 1.3 1.75 1.3 0.8,iteneŋ,0.0,1942.0
1615,hear,IBANAG,magina,m a g i n a,4 7 1 7 4 7,AXBYBZ,MAKINA,45.0,45.M.C 45.A.V 45.K.C 45.I.V 45.N.C 45.A.V,2.0 1.5 1.75 1.3 1.75 0.8,magina,0.0,1901.0
1655,hear,IDAAN,kiŋog,k i ŋ o g,1 7 4 7 1,AXBYN,KINUK,46.0,46.K.C 46.I.V 46.N.C 46.U.V 46.K.c,2.0 1.5 1.75 1.3 0.8,kiŋog,0.0,1914.0
1695,hear,IFUGAO AMGANAD,doŋol,d o ŋ o l,1 7 4 7 5,AXBYN,TUNUL,47.0,47.T.C 47.U.V 47.N.C 47.U.V 47.L.c,2.0 1.5 1.75 1.3 0.8,doŋol,0.0,1913.0
1735,hear,IFUGAO BATAD,doŋol,d o ŋ o l,1 7 4 7 5,AXBYN,TUNUL,48.0,48.T.C 48.U.V 48.N.C 48.U.V 48.L.c,2.0 1.5 1.75 1.3 0.8,doŋol,0.0,1913.0
1775,hear,IFUGAO BAYNINAN,doŋlon,d o ŋ l o n,1 7 4 5 7 4,AXBCYN,TUNLUN,49.0,49.T.C 49.U.V 49.N.C 49.L.C 49.U.V 49.N.c,2.0 1.5 1.75 1.5 1.3 0.8,doŋlon,0.0,1934.0
1815,hear,ILOKANO,deŋeg,d e ŋ e g,1 7 4 7 1,AXBYN,TENEK,50.0,50.T.C 50.E.V 50.N.C 50.E.V 50.K.c,2.0 1.5 1.75 1.3 0.8,deŋeg,0.0,1913.0
1855,hear,ILONGOT KAKIDUGEN,dəŋəg,d ə ŋ ə g,1 7 4 7 1,AXBYN,TENEK,51.0,51.T.C 51.E.V 51.N.C 51.E.V 51.K.c,2.0 1.5 1.75 1.3 0.8,dəŋəg,0.0,1913.0
1895,hear,INIBALOI,kidəŋ,k i d ə ŋ,1 7 1 7 4,AXBYN,KITEN,54.0,54.K.C 54.I.V 54.T.C 54.E.V 54.N.c,2.0 1.5 1.75 1.3 0.8,kidəŋ,0.0,1952.0
1935,hear,IRANUN,neg,n e g,4 7 1,AXN,NEK,55.0,55.N.C 55.E.V 55.K.c,2.0 1.5 0.8,neg,0.0,1918.0
1975,hear,IRIGA,riŋig,r i ŋ i g,5 7 4 7 1,AXBYN,RINIK,57.0,57.R.C 57.I.V 57.N.C 57.I.V 57.K.c,2.0 1.5 1.75 1.3 0.8,riŋig,0.0,1918.0
2015,hear,ISNAG,magina,m a g i n a,4 7 1 7 4 7,AXBYBZ,MAKINA,59.0,59.M.C 59.A.V 59.K.C 59.I.V 59.N.C 59.A.V,2.0 1.5 1.75 1.3 1.75 0.8,magina,0.0,1901.0
2055,hear,ISNEG,magiʔna,m a g i ʔ n a,4 7 1 7 1 4 7,AXBYBCZ,MAKIHNA,60.0,60.M.C 60.A.V 60.K.C 60.I.V 60.H.C 60.N.C 60.A.V,2.0 1.5 1.75 1.3 1.75 1.5 0.8,magiʔna,0.0,1901.0
2095,hear,ITAWIT,magina,m a g i n a,4 7 1 7 4 7,AXBYBZ,MAKINA,61.0,61.M.C 61.A.V 61.K.C 61.I.V 61.N.C 61.A.V,2.0 1.5 1.75 1.3 1.75 0.8,magina,0.0,1901.0
2135,hear,ITBAYATEN BATANES ISLANDS,manʔadŋəj,m a n ʔ a d ŋ ə j,4 7 4 1 7 1 4 7 6,AXMBYBCYN,MANHATNEJ,62.0,62.M.C 62.A.V 62.N.c 62.H.C 62.A.V 62.T.C 62.N.C 62.E.V 62.J.c,2.0 1.5 1.1 1.75 1.3 1.75 1.5 1.3 0.8,manʔadŋəj,0.0,1902.0
2175,hear,ITNEG BINONGAN,manaʔag,m a n a ʔ a g,4 7 4 7 1 7 1,AXBYBYN,MANAHAK,63.0,63.M.C 63.A.V 63.N.C 63.A.V 63.H.C 63.A.V 63.K.c,2.0 1.5 1.75 1.3 1.75 1.3 0.8,manaʔag,0.0,1961.0
2215,hear,IVATAN BATANES ISLANDS,adŋəjən,a d ŋ ə j ə n,7 1 4 7 6 7 4,XBCYBYN,ATNEJEN,65.0,65.A.V 65.T.C 65.N.C 65.E.V 65.J.C 65.E.V 65.N.c,1.5 1.75 1.5 1.3 1.75 1.3 0.8,adŋəjən,0.0,1963.0
2255,hear,JAPANESE,kiku,k i k u,1 7 1 7,AXBZ,KIKY,66.0,66.K.C 66.I.V 66.K.C 66.Y.V,2.0 1.5 1.75 0.8,kiku,0.0,1964.0
2295,hear,KADAZAN,koŋo,k o ŋ o,1 7 4 7,AXBZ,KUNU,67.0,67.K.C 67.U.V 67.N.C 67.U.V,2.0 1.5 1.75 0.8,koŋo,0.0,1912.0
2335,hear,KAGAYANEN,mati,m a t i,4 7 1 7,AXBZ,MATI,68.0,68.M.C 68.A.V 68.T.C 68.I.V,2.0 1.5 1.75 0.8,mati,0.0,1940.0
2375,hear,KALAGAN,dəŋəg,d ə ŋ ə g,1 7 4 7 1,AXBYN,TENEK,69.0,69.T.C 69.E.V 69.N.C 69.E.V 69.K.c,2.0 1.5 1.75 1.3 0.8,dəŋəg,0.0,1918.0
2415,hear,KALINGA GUINAANG,doŋlon,d o ŋ l o n,1 7 4 5 7 4,AXBCYN,TUNLUN,70.0,70.T.C 70.U.V 70.N.C 70.L.C 70.U.V 70.N.c,2.0 1.5 1.75 1.5 1.3 0.8,doŋlon,0.0,1934.0
2455,hear,KALINGA LIMOS,doŋol,d o ŋ o l,1 7 4 7 5,AXBYN,TUNUL,71.0,71.T.C 71.U.V 71.N.C 71.U.V 71.L.c,2.0 1.5 1.75 1.3 0.8,doŋol,0.0,1913.0
2495,hear,KALLAHAN KAYAPA PROPER,dədŋələn,d ə d ŋ ə l ə n,1 7 1 4 7 5 7 4,AXBCYBYN,TETNELEN,72.0,72.T.C 72.E.V 72.T.C 72.N.C 72.E.V 72.L.C 72.E.V 72.N.c,2.0 1.5 1.75 1.5 1.3 1.75 1.3 0.8,dədŋələn,0.0,1963.0
2535,hear,KALLAHAN KELEYQIQ IFUGAO,deŋel,d e ŋ e l,1 7 4 7 5,AXBYN,TENEL,73.0,73.T.C 73.E.V 73.N.C 73.E.V 73.L.c,2.0 1.5 1.75 1.3 0.8,deŋel,0.0,1913.0
2575,hear,KANKANAY NORTHERN,dəŋŋə,d ə ŋŋ ə,1 7 4 7,AXBZ,TENE,75.0,75.T.C 75.E.V 75.N.C 75.E.V,2.0 1.5 1.75 0.8,dəŋŋə,0.0,1913.0
2615,hear,KAPAMPANGAN,damdaman,d a m d a m a n,1 7 4 1 7 4 7 4,AXMBYBYN,TAMTAMAN,76.0,76.T.C 76.A.V 76.M.c 76.T.C 76.A.V 76.M.C 76.A.V 76.N.c,2.0 1.5 1.1 1.75 1.3 1.75 1.3 0.8,damdaman,0.0,1974.0
2695,hear,KOREAN,tut,t u t,1 7 1,AXN,TYT,78.0,78.T.C 78.Y.V 78.T.c,2.0 1.5 0.8,tut,0.0,1975.0
2735,hear,LEGAZPI,daŋug,d a ŋ u g,1 7 4 7 1,AXBYN,TANYK,79.0,79.T.C 79.A.V 79.N.C 79.Y.V 79.K.c,2.0 1.5 1.75 1.3 0.8,daŋug,0.0,1918.0
2775,hear,LIBON,roŋog,r o ŋ o g,5 7 4 7 1,AXBYN,RUNUK,80.0,80.R.C 80.U.V 80.N.C 80.U.V 80.K.c,2.0 1.5 1.75 1.3 0.8,roŋog,0.0,1918.0
2855,hear,MAGUINDANAO,pakikineg,p a k i k i n e g,1 7 1 7 1 7 4 7 1,AXBYBYBYN,PAKIKINEK,83.0,83.P.C 83.A.V 83.K.C 83.I.V 83.K.C 83.I.V 83.N.C 83.E.V 83.K.c,2.0 1.5 1.75 1.3 1.75 1.3 1.75 1.3 0.8,pakikineg,0.0,1979.0
2895,hear,MAMANWA,batiʔ,b a t i ʔ,1 7 1 7 1,AXBYN,PATIH,84.0,84.P.C 84.A.V 84.T.C 84.I.V 84.H.c,2.0 1.5 1.75 1.3 0.8,batiʔ,0.0,1900.0
2935,hear,MANOBO ATA,dinog,d i n o g,1 7 4 7 1,AXBYN,TINUK,88.0,88.T.C 88.I.V 88.N.C 88.U.V 88.K.c,2.0 1.5 1.75 1.3 0.8,dinog,0.0,1918.0
2975,hear,MANOBO DIBABAWON,dinəg,d i n ə g,1 7 4 7 1,AXBYN,TINEK,89.0,89.T.C 89.I.V 89.N.C 89.E.V 89.K.c,2.0 1.5 1.75 1.3 0.8,dinəg,0.0,1918.0
3015,hear,MANOBO ILIANEN,rinəg,r i n ə g,5 7 4 7 1,AXBYN,RINEK,90.0,90.R.C 90.I.V 90.N.C 90.E.V 90.K.c,2.0 1.5 1.75 1.3 0.8,rinəg,0.0,1918.0
3055,hear,MANOBO KALAMANSIG COTABATO,dinəg,d i n ə g,1 7 4 7 1,AXBYN,TINEK,91.0,91.T.C 91.I.V 91.N.C 91.E.V 91.K.c,2.0 1.5 1.75 1.3 0.8,dinəg,0.0,1918.0
3095,hear,MANOBO SARANGANI,dinog,d i n o g,1 7 4 7 1,AXBYN,TINUK,92.0,92.T.C 92.I.V 92.N.C 92.U.V 92.K.c,2.0 1.5 1.75 1.3 0.8,dinog,0.0,1918.0
3135,hear,MANOBO TIGWA,dinəg,d i n ə g,1 7 4 7 1,AXBYN,TINEK,93.0,93.T.C 93.I.V 93.N.C 93.E.V 93.K.c,2.0 1.5 1.75 1.3 0.8,dinəg,0.0,1918.0
3175,hear,MANOBO WESTERN BUKIDNON,dinəg,d i n ə g,1 7 4 7 1,AXBYN,TINEK,94.0,94.T.C 94.I.V 94.N.C 94.E.V 94.K.c,2.0 1.5 1.75 1.3 0.8,dinəg,0.0,1918.0
3215,hear,MANSAKA,dəŋəg,d ə ŋ ə g,1 7 4 7 1,AXBYN,TENEK,95.0,95.T.C 95.E.V 95.N.C 95.E.V 95.K.c,2.0 1.5 1.75 1.3 0.8,dəŋəg,0.0,1918.0
3255,hear,MAPUN,ke,k e,1 7,AX,KE,97.0,97.K.C 97.E.V,2.0 1.5,ke,0.0,1993.0
3295,hear,MARANAO,makineg,m a k i n e g,4 7 1 7 4 7 1,AXBYBYN,MAKINEK,98.0,98.M.C 98.A.V 98.K.C 98.I.V 98.N.C 98.E.V 98.K.c,2.0 1.5 1.75 1.3 1.75 1.3 0.8,makineg,0.0,1901.0
3335,hear,MARINDUQUE TAGALOG,dinig,d i n i g,1 7 4 7 1,AXBYN,TINIK,99.0,99.T.C 99.I.V 99.N.C 99.I.V 99.K.c,2.0 1.5 1.75 1.3 0.8,dinig,0.0,1918.0
3375,hear,MASBATENYO,magbati,m a g b a t i,4 7 1 1 7 1 7,AXMBYBZ,MAKPATI,100.0,100.M.C 100.A.V 100.K.c 100.P.C 100.A.V 100.T.C 100.I.V,2.0 1.5 1.1 1.75 1.3 1.75 0.8,magbati,0.0,1996.0
3415,hear,MINANGALI LOWER TANUDAN KALINGA,doŋo8,d o ŋ o,1 7 4 7,AXBZ,TUNU,101.0,101.T.C 101.U.V 101.N.C 101.U.V,2.0 1.5 1.75 0.8,doŋo,0.0,1913.0
3455,hear,MOKSHA,marjams,m a r j a ms,4 7 5 6 7 4,AXBCYN,MARJAM,102.0,102.M.C 102.A.V 102.R.C 102.J.C 102.A.V 102.M.c,2.0 1.5 1.75 1.5 1.3 0.8,marjams,0.0,1998.0
3495,hear,MOLBOG,doŋog,d o ŋ o g,1 7 4 7 1,AXBYN,TUNUK,103.0,103.T.C 103.U.V 103.N.C 103.U.V 103.K.c,2.0 1.5 1.75 1.3 0.8,doŋog,0.0,1942.0
3535,hear,MOLBOG 2,deŋeg,d e ŋ e g,1 7 4 7 1,AXBYN,TENEK,104.0,104.T.C 104.E.V 104.N.C 104.E.V 104.K.c,2.0 1.5 1.75 1.3 0.8,deŋeg,0.0,1942.0
3575,hear,MONGOLIAN,sonso,s o ns o,3 7 4 7,AXBZ,SUNU,105.0,105.S.C 105.U.V 105.N.C 105.U.V,2.0 1.5 1.75 0.8,sonso,0.0,2001.0
3615,hear,MORO MAGINDANAU,kinug,k i n u g,1 7 4 7 1,AXBYN,KINYK,106.0,106.K.C 106.I.V 106.N.C 106.Y.V 106.K.c,2.0 1.5 1.75 1.3 0.8,kinug,0.0,1901.0
3655,hear,NAGA,daŋug,d a ŋ u g,1 7 4 7 1,AXBYN,TANYK,107.0,107.T.C 107.A.V 107.N.C 107.Y.V 107.K.c,2.0 1.5 1.75 1.3 0.8,daŋug,0.0,1918.0
3695,hear,NORTHERN CATANDUANES,duŋug,d u ŋ u g,1 7 4 7 1,AXBYN,TYNYK,108.0,108.T.C 108.Y.V 108.N.C 108.Y.V 108.K.c,2.0 1.5 1.75 1.3 0.8,duŋug,0.0,1918.0
3735,hear,NORTHERN SORSOGON,matiʔ,m a t i ʔ,4 7 1 7 1,AXBYN,MATIH,109.0,109.M.C 109.A.V 109.T.C 109.I.V 109.H.c,2.0 1.5 1.75 1.3 0.8,matiʔ,0.0,1940.0
3775,hear,OAS,riŋig,r i ŋ i g,5 7 4 7 1,AXBYN,RINIK,110.0,110.R.C 110.I.V 110.N.C 110.I.V 110.K.c,2.0 1.5 1.75 1.3 0.8,riŋig,0.0,1918.0
3815,hear,PALAWANO BATAK,batiʔ,b a t i ʔ,1 7 1 7 1,AXBYN,PATIH,111.0,111.P.C 111.A.V 111.T.C 111.I.V 111.H.c,2.0 1.5 1.75 1.3 0.8,batiʔ,0.0,1900.0
3855,hear,PANGASINAN,deŋuel,d e ŋ u e l,1 7 4 7 7 5,AXBYYN,TENYEL,112.0,112.T.C 112.E.V 112.N.C 112.Y.V 112.E.V 112.L.c,2.0 1.5 1.75 1.3 1.3 0.8,deŋuel,0.0,1913.0
3895,hear,PANGUTARAN SAMA,ke,k e,1 7,AX,KE,113.0,113.K.C 113.E.V,2.0 1.5,ke,0.0,1993.0
3935,hear,PANGUTARAN SAMA (1),ke,k e,1 7,AX,KE,114.0,114.K.C 114.E.V,2.0 1.5,ke,0.0,1993.0
3975,hear,PROTO PALAWAN,eŋeg,e ŋ e g,7 4 7 1,XBYN,ENEK,115.0,115.E.V 115.N.C 115.E.V 115.K.c,1.5 1.75 1.3 0.8,eŋeg,0.0,1942.0
4015,hear,QUEZON PALAWAN,kineg,k i n e g,1 7 4 7 1,AXBYN,KINEK,117.0,117.K.C 117.I.V 117.N.C 117.E.V 117.K.c,2.0 1.5 1.75 1.3 0.8,kineg,0.0,1914.0
4055,hear,ROMBLOMANON 1,batiʔ,b a t i ʔ,1 7 1 7 1,AXBYN,PATIH,118.0,118.P.C 118.A.V 118.T.C 118.I.V 118.H.c,2.0 1.5 1.75 1.3 0.8,batiʔ,0.0,1900.0
4095,hear,ROMBLOMANON 2,banawbanaw,b a n a w b a n a w,1 7 4 7 6 1 7 4 7 6,AXBYMBYBYN,PANAWPANAW,119.0,119.P.C 119.A.V 119.N.C 119.A.V 119.W.c 119.P.C 119.A.V 119.N.C 119.A.V 119.W.c,2.0 1.5 1.75 1.3 1.1 1.75 1.3 1.75 1.3 0.8,banawbanaw,0.0,2015.0
4135,hear,SAMAL,kale,k a l e,1 7 5 7,AXBZ,KALE,120.0,120.K.C 120.A.V 120.L.C 120.E.V,2.0 1.5 1.75 0.8,kale,0.0,1904.0
4175,hear,SAMBAL BOTOLAN,maləŋəʔ,m a l ə ŋ ə ʔ,4 7 5 7 4 7 1,AXBYBYN,MALENEH,121.0,121.M.C 121.A.V 121.L.C 121.E.V 121.N.C 121.E.V 121.H.c,2.0 1.5 1.75 1.3 1.75 1.3 0.8,maləŋəʔ,0.0,2017.0
4215,hear,SANGIL,diŋirəʔ,d i ŋ i r ə ʔ,1 7 4 7 5 7 1,AXBYBYN,TINIREH,122.0,122.T.C 122.I.V 122.N.C 122.I.V 122.R.C 122.E.V 122.H.c,2.0 1.5 1.75 1.3 1.75 1.3 0.8,diŋirəʔ,0.0,2018.0
4255,hear,SANGIL SARANGANI ISLANDS,makadiŋirəʔ,m a k a d i ŋ i r ə ʔ,4 7 1 7 1 7 4 7 5 7 1,AXBYBYBYBYN,MAKATINIREH,123.0,123.M.C 123.A.V 123.K.C 123.A.V 123.T.C 123.I.V 123.N.C 123.I.V 123.R.C 123.E.V 123.H.c,2.0 1.5 1.75 1.3 1.75 1.3 1.75 1.3 1.75 1.3 0.8,makadiŋirəʔ,0.0,2018.0
4295,hear,SEDANG,taŋ,t a ŋ,1 7 4,AXN,TAN,124.0,124.T.C 124.A.V 124.N.c,2.0 1.5 0.8,taŋ,0.0,2020.0
4335,hear,SIBUTU SOUTHERN SAMA,kale,k a l e,1 7 5 7,AXBZ,KALE,125.0,125.K.C 125.A.V 125.L.C 125.E.V,2.0 1.5 1.75 0.8,kale,0.0,1904.0
4375,hear,SOGODNIN BORACAY,batiʔ,b a t i ʔ,1 7 1 7 1,AXBYN,PATIH,127.0,127.P.C 127.A.V 127.T.C 127.I.V 127.H.c,2.0 1.5 1.75 1.3 0.8,batiʔ,0.0,1900.0
4415,hear,SOUTH SAAMI,gowlə,g o w l ə,1 7 6 5 7,AXMBZ,KUWLE,128.0,128.K.C 128.U.V 128.W.c 128.L.C 128.E.V,2.0 1.5 1.1 1.75 0.8,gowlə,0.0,2024.0
4455,hear,SOUTHERN CATANDUANES,daŋug,d a ŋ u g,1 7 4 7 1,AXBYN,TANYK,129.0,129.T.C 129.A.V 129.N.C 129.Y.V 129.K.c,2.0 1.5 1.75 1.3 0.8,daŋug,0.0,1918.0
4495,hear,SOUTHERN SORSOGON,batiʔ,b a t i ʔ,1 7 1 7 1,AXBYN,PATIH,131.0,131.P.C 131.A.V 131.T.C 131.I.V 131.H.c,2.0 1.5 1.75 1.3 0.8,batiʔ,0.0,1900.0
4535,hear,SOUTHWEST PALAWANO,kiŋeg,k i ŋ e g,1 7 4 7 1,AXBYN,KINEK,132.0,132.K.C 132.I.V 132.N.C 132.E.V 132.K.c,2.0 1.5 1.75 1.3 0.8,kiŋeg,0.0,1914.0
4575,hear,SPANISH,oir,o i r,7 7 5,XYN,UIR,133.0,133.U.V 133.I.V 133.R.c,1.5 1.3 0.8,oir,0.0,2029.0
4615,hear,SUBANON SIOCON,mokinoŋog,m o k i n o ŋ o g,4 7 1 7 4 7 4 7 1,AXBYBYBYN,MUKINUNUK,134.0,134.M.C 134.U.V 134.K.C 134.I.V 134.N.C 134.U.V 134.N.C 134.U.V 134.K.c,2.0 1.5 1.75 1.3 1.75 1.3 1.75 1.3 0.8,mokinoŋog,0.0,1901.0
4655,hear,SUBANUN SINDANGAN,mədəŋəg,m ə d ə ŋ ə g,4 7 1 7 4 7 1,AXBYBYN,METENEK,135.0,135.M.C 135.E.V 135.T.C 135.E.V 135.N.C 135.E.V 135.K.c,2.0 1.5 1.75 1.3 1.75 1.3 0.8,mədəŋəg,0.0,1918.0
4695,hear,SURIGAONON,duŋog,d u ŋ o g,1 7 4 7 1,AXBYN,TYNUK,136.0,136.T.C 136.Y.V 136.N.C 136.U.V 136.K.c,2.0 1.5 1.75 1.3 0.8,duŋog,0.0,1918.0
4735,hear,TAGABAWA,dinag,d i n a g,1 7 4 7 1,AXBYN,TINAK,137.0,137.T.C 137.I.V 137.N.C 137.A.V 137.K.c,2.0 1.5 1.75 1.3 0.8,dinag,0.0,1918.0
4775,hear,TAGABILI,muŋol,m u ŋ o l,4 7 4 7 5,AXBYN,MYNUL,138.0,138.M.C 138.Y.V 138.N.C 138.U.V 138.L.c,2.0 1.5 1.75 1.3 0.8,muŋol,0.0,2034.0
4815,hear,TAGALOG,dinig,d i n i g,1 7 4 7 1,AXBYN,TINIK,139.0,139.T.C 139.I.V 139.N.C 139.I.V 139.K.c,2.0 1.5 1.75 1.3 0.8,dinig,0.0,1918.0
4855,hear,TAGBANUA ABORLAN,geneg,g e n e g,1 7 4 7 1,AXBYN,KENEK,140.0,140.K.C 140.E.V 140.N.C 140.E.V 140.K.c,2.0 1.5 1.75 1.3 0.8,geneg,0.0,1942.0
4895,hear,TAGBANWA ABORLAN,gənəg,g ə n ə g,1 7 4 7 1,AXBYN,KENEK,141.0,141.K.C 141.E.V 141.N.C 141.E.V 141.K.c,2.0 1.5 1.75 1.3 0.8,gənəg,0.0,1942.0
4935,hear,TAGBANWA KALAMIAN,dəŋəl,d ə ŋ ə l,1 7 4 7 5,AXBYN,TENEL,142.0,142.T.C 142.E.V 142.N.C 142.E.V 142.L.c,2.0 1.5 1.75 1.3 0.8,dəŋəl,0.0,1913.0
4975,hear,TALAANDIG BINUKID,paliman,p a l i m a n,1 7 5 7 4 7 4,AXBYBYN,PALIMAN,143.0,143.P.C 143.A.V 143.L.C 143.I.V 143.M.C 143.A.V 143.N.c,2.0 1.5 1.75 1.3 1.75 1.3 0.8,paliman,0.0,1910.0
5015,hear,TAMBUNAN DUSUN,koroŋou,k o r o ŋ o u,1 7 5 7 4 7 7,AXBYBYZ,KURUNUY,144.0,144.K.C 144.U.V 144.R.C 144.U.V 144.N.C 144.U.V 144.Y.V,2.0 1.5 1.75 1.3 1.75 1.3 0.8,koroŋou,0.0,1911.0
5055,hear,TAUSUG,magduŋug,m a g d u ŋ u g,4 7 1 1 7 4 7 1,AXMBYBYN,MAKTYNYK,145.0,145.M.C 145.A.V 145.K.c 145.T.C 145.Y.V 145.N.C 145.Y.V 145.K.c,2.0 1.5 1.1 1.75 1.3 1.75 1.3 0.8,magduŋug,0.0,1918.0
5095,hear,TAUT BATU,kiŋeg,k i ŋ e g,1 7 4 7 1,AXBYN,KINEK,146.0,146.K.C 146.I.V 146.N.C 146.E.V 146.K.c,2.0 1.5 1.75 1.3 0.8,kiŋeg,0.0,1914.0
5135,hear,TBOLI TAGABILI,muŋol,m u ŋ o l,4 7 4 7 5,AXBYN,MYNUL,147.0,147.M.C 147.Y.V 147.N.C 147.U.V 147.L.c,2.0 1.5 1.75 1.3 0.8,muŋol,0.0,2034.0
5175,hear,TIMUGON MURUT,doŋog,d o ŋ o g,1 7 4 7 1,AXBYN,TUNUK,148.0,148.T.C 148.U.V 148.N.C 148.U.V 148.K.c,2.0 1.5 1.75 1.3 0.8,doŋog,0.0,1918.0
5215,hear,TIRURAY,bohol,b o h o l,1 7 3 7 5,AXBYN,PUHUL,149.0,149.P.C 149.U.V 149.H.C 149.U.V 149.L.c,2.0 1.5 1.75 1.3 0.8,bohol,0.0,2045.0
5255,hear,TURKISH,iSitmek,i s i t m e k,7 3 7 1 4 7 1,XBYBCYN,ISITMEK,150.0,150.I.V 150.S.C 150.I.V 150.T.C 150.M.C 150.E.V 150.K.c,1.5 1.75 1.3 1.75 1.5 1.3 0.8,isitmek,0.0,2046.0
5295,hear,UGARITIC,SmX,s m x,3 4 3,AXN,SMG,151.0,151.S.C 151.M.V 151.G.c,2.0 1.5 0.8,smx,0.0,2047.0
5335,hear,WARAY WARAY,pamati,p a m a t i,1 7 4 7 1 7,AXBYBZ,PAMATI,152.0,152.P.C 152.A.V 152.M.C 152.A.V 152.T.C 152.I.V,2.0 1.5 1.75 1.3 1.75 0.8,pamati,0.0,1940.0
5375,hear,YAKAN,takale,t a k a l e,1 7 1 7 5 7,AXBYBZ,TAKALE,153.0,153.T.C 153.A.V 153.K.C 153.A.V 153.L.C 153.E.V,2.0 1.5 1.75 1.3 1.75 0.8,takale,0.0,1904.0
5415,hear,YOGAD,sim,s i m,3 7 4,AXN,SIM,154.0,154.S.C 154.I.V 154.M.c,2.0 1.5 0.8,sim,0.0,2050.0
5495,hear,IMOROD,mamiziŋ,m a m i z i ŋ,4 7 4 7 3 7 4,AXBYBYN,MAMISIN,52.0,52.M.C 52.A.V 52.M.C 52.I.V 52.S.C 52.I.V 52.N.c,2.0 1.5 1.75 1.3 1.75 1.3 0.8,mamiziŋ,0.0,1950.0
5535,hear,BABUYAN,adŋej,a d ŋ e j,7 1 4 7 6,XBCYN,ATNEJ,4.0,4.A.V 4.T.C 4.N.C 4.E.V 4.J.c,1.5 1.75 1.5 1.3 0.8,adŋej,0.0,1902.0
5575,hear,BISAYA SABAH,kruŋau,k r u ŋ a u,1 5 7 4 7 7,ACXBYZ,KRYNAY,13.0,13.K.C 13.R.C 13.Y.V 13.N.C 13.A.V 13.Y.V,2.0 1.5 1.5 1.75 1.3 0.8,kruŋau,0.0,1911.0
5615,hear,FINALLIG,Coŋron,c o ŋ r o n,1 7 4 5 7 4,AXBCYN,CUNRUN,36.0,36.C.C 36.U.V 36.N.C 36.R.C 36.U.V 36.N.c,2.0 1.5 1.75 1.5 1.3 0.8,coŋron,0.0,1934.0
5655,hear,HILIGAYNON,mati,m a t i,4 7 1 7,AXBZ,MATI,42.0,42.M.C 42.A.V 42.T.C 42.I.V,2.0 1.5 1.75 0.8,mati,0.0,1940.0
5695,hear,INABAKNON,kali,k a l i,1 7 5 7,AXBZ,KALI,53.0,53.K.C 53.A.V 53.L.C 53.I.V,2.0 1.5 1.75 0.8,kali,0.0,1904.0
5735,hear,IRARALAY IVATAN,amizeŋ,a m i z e ŋ,7 4 7 3 7 4,XBYBYN,AMISEN,56.0,56.A.V 56.M.C 56.I.V 56.S.C 56.E.V 56.N.c,1.5 1.75 1.3 1.75 1.3 0.8,amizeŋ,0.0,1950.0
5775,hear,ISAMORONG IVATAN,adŋej,a d ŋ e j,7 1 4 7 6,XBCYN,ATNEJ,58.0,58.A.V 58.T.C 58.N.C 58.E.V 58.J.c,1.5 1.75 1.5 1.3 0.8,adŋej,0.0,1902.0
5815,hear,IVASAY IVATAN,adŋej,a d ŋ e j,7 1 4 7 6,XBCYN,ATNEJ,64.0,64.A.V 64.T.C 64.N.C 64.E.V 64.J.c,1.5 1.75 1.5 1.3 0.8,adŋej,0.0,1902.0
5855,hear,KANKANAEY,deŋen,d e ŋ e n,1 7 4 7 4,AXBYN,TENEN,74.0,74.T.C 74.E.V 74.N.C 74.E.V 74.N.c,2.0 1.5 1.75 1.3 0.8,deŋen,0.0,1942.0
5895,hear,LIMOS KALINGA,magŋol,m a g ŋ o l,4 7 1 4 7 5,AXBCYN,MAKNUL,81.0,81.M.C 81.A.V 81.K.C 81.N.C 81.U.V 81.L.c,2.0 1.5 1.75 1.5 1.3 0.8,magŋol,0.0,1978.0
5935,hear,MANDAYAN BOSO,jədəŋəg,j ə d ə ŋ ə g,6 7 1 7 4 7 1,AXBYBYN,JETENEK,85.0,85.J.C 85.E.V 85.T.C 85.E.V 85.N.C 85.E.V 85.K.c,2.0 1.5 1.75 1.3 1.75 1.3 0.8,jədəŋəg,0.0,1918.0
5975,hear,MANDAYAN CARAGA,dunug,d u n u g,1 7 4 7 1,AXBYN,TYNYK,86.0,86.T.C 86.Y.V 86.N.C 86.Y.V 86.K.c,2.0 1.5 1.75 1.3 0.8,dunug,0.0,1918.0
6015,hear,MANDAYAN ISLAM PISO,dəŋəg,d ə ŋ ə g,1 7 4 7 1,AXBYN,TENEK,87.0,87.T.C 87.E.V 87.N.C 87.E.V 87.K.c,2.0 1.5 1.75 1.3 0.8,dəŋəg,0.0,1918.0
6055,hear,MANSAKA 2,dəŋəg,d ə ŋ ə g,1 7 4 7 1,AXBYN,TENEK,96.0,96.T.C 96.E.V 96.N.C 96.E.V 96.K.c,2.0 1.5 1.75 1.3 0.8,dəŋəg,0.0,1918.0
6095,hear,PROTO SOUTHERN MINDANAO,liŋu,l i ŋ u,5 7 4 7,AXBZ,LINY,116.0,116.L.C 116.I.V 116.N.C 116.Y.V,2.0 1.5 1.75 0.8,liŋu,0.0,1908.0
6135,hear,SINAUNA,landap,l a n d a p,5 7 4 1 7 1,AXMBYN,LANTAP,126.0,126.L.C 126.A.V 126.N.c 126.T.C 126.A.V 126.P.c,2.0 1.5 1.1 1.75 1.3 0.8,landap,0.0,2022.0
6175,hear,SOUTHERN KALINGA,Coŋron,c o ŋ r o n,1 7 4 5 7 4,AXBCYN,CUNRUN,130.0,130.C.C 130.U.V 130.N.C 130.R.C 130.U.V 130.N.c,2.0 1.5 1.75 1.5 1.3 0.8,coŋron,0.0,1934.0
176,horn,BALANGINGI SAMA,tanduk,t a n d u k,1 7 4 1 7 1,AXMBYN,TANTYK,6.0,6.T.C 6.A.V 6.N.c 6.T.C 6.Y.V 6.K.c,2.0 1.5 1.1 1.75 1.3 0.8,tanduk,0.0,2051.0
216,horn,BALANGINGI SAMA (1),tanduk,t a n d u k,1 7 4 1 7 1,AXMBYN,TANTYK,7.0,7.T.C 7.A.V 7.N.c 7.T.C 7.Y.V 7.K.c,2.0 1.5 1.1 1.75 1.3 0.8,tanduk,0.0,2051.0
256,horn,BASQUE,adar,a d a r,7 1 7 5,XBYN,ATAR,8.0,8.A.V 8.T.C 8.A.V 8.R.c,1.5 1.75 1.3 0.8,adar,0.0,2053.0
576,horn,BUHI,suŋij,s u ŋ i j,3 7 4 7 6,AXBYN,SYNIJ,17.0,17.S.C 17.Y.V 17.N.C 17.I.V 17.J.c,2.0 1.5 1.75 1.3 0.8,suŋij,0.0,2058.0
656,horn,BUKIDNON BINUKID,suŋaj,s u ŋ a j,3 7 4 7 6,AXBYN,SYNAJ,19.0,19.S.C 19.Y.V 19.N.C 19.A.V 19.J.c,2.0 1.5 1.75 1.3 0.8,suŋaj,0.0,2058.0
736,horn,CAIJIA,ko,k o,1 7,AX,KU,21.0,21.K.C 21.U.V,2.0 1.5,ko,0.0,2056.0
1016,horn,CENTRAL TAGBANWA,sirbato,s i r b a t o,3 7 5 1 7 1 7,AXMBYBZ,SIRPATU,28.0,28.S.C 28.I.V 28.R.c 28.P.C 28.A.V 28.T.C 28.U.V,2.0 1.5 1.1 1.75 1.3 1.75 0.8,sirbato,0.0,2057.0
1096,horn,DARAGA,suŋaj,s u ŋ a j,3 7 4 7 6,AXBYN,SYNAJ,30.0,30.S.C 30.Y.V 30.N.C 30.A.V 30.J.c,2.0 1.5 1.75 1.3 0.8,suŋaj,0.0,2058.0
1176,horn,DUPANINGAN AGTA,saduk,s a d u k,3 7 1 7 1,AXBYN,SATYK,32.0,32.S.C 32.A.V 32.T.C 32.Y.V 32.K.c,2.0 1.5 1.75 1.3 0.8,saduk,0.0,2059.0
1216,horn,ENGLISH,horn,h o r n,3 7 5 4,AXLN,HURN,33.0,33.H.C 33.U.V 33.R.c 33.N.c,2.0 1.5 1.1 0.8,horn,0.0,2060.0
1296,horn,ESTONIAN,sarv,s a r v,3 7 5 3,AXLN,SARB,35.0,35.S.C 35.A.V 35.R.c 35.B.c,2.0 1.5 1.1 0.8,sarv,0.0,2061.0
1336,horn,FINNISH,sarvi,s a r v i,3 7 5 3 7,AXMBZ,SARBI,37.0,37.S.C 37.A.V 37.R.c 37.B.C 37.I.V,2.0 1.5 1.1 1.75 0.8,sarvi,0.0,2061.0
1376,horn,FUZHOU CHINESE,koik,k o i k,1 7 7 1,AXYN,KUIK,38.0,38.K.C 38.U.V 38.I.V 38.K.c,2.0 1.5 1.3 0.8,koik,0.0,2063.0
1496,horn,HIGAONON BINUKID,suŋaj,s u ŋ a j,3 7 4 7 6,AXBYN,SYNAJ,41.0,41.S.C 41.Y.V 41.N.C 41.A.V 41.J.c,2.0 1.5 1.75 1.3 0.8,suŋaj,0.0,2058.0
1536,horn,HUNGARIAN,sarv,s a r v,3 7 5 3,AXLN,SARB,43.0,43.S.C 43.A.V 43.R.c 43.B.c,2.0 1.5 1.1 0.8,sarv,0.0,2065.0
1976,horn,IRIGA,suŋuj,s u ŋ u j,3 7 4 7 6,AXBYN,SYNYJ,57.0,57.S.C 57.Y.V 57.N.C 57.Y.V 57.J.c,2.0 1.5 1.75 1.3 0.8,suŋuj,0.0,2058.0
2016,horn,ISNAG,sagud,s a g u d,3 7 1 7 1,AXBYN,SAKYT,59.0,59.S.C 59.A.V 59.K.C 59.Y.V 59.T.c,2.0 1.5 1.75 1.3 0.8,sagud,0.0,2067.0
2256,horn,JAPANESE,cuno,c u n o,1 7 4 7,AXBZ,CYNU,66.0,66.C.C 66.Y.V 66.N.C 66.U.V,2.0 1.5 1.75 0.8,cuno,0.0,2068.0
2296,horn,KADAZAN,saŋau,s a ŋ a u,3 7 4 7 7,AXBYZ,SANAY,67.0,67.S.C 67.A.V 67.N.C 67.A.V 67.Y.V,2.0 1.5 1.75 1.3 0.8,saŋau,0.0,2069.0
2336,horn,KAGAYANEN,suŋaj,s u ŋ a j,3 7 4 7 6,AXBYN,SYNAJ,68.0,68.S.C 68.Y.V 68.N.C 68.A.V 68.J.c,2.0 1.5 1.75 1.3 0.8,suŋaj,0.0,2058.0
2456,horn,KALINGA LIMOS,sakgud,s a k g u d,3 7 1 1 7 1,AXMBYN,SAKKYT,71.0,71.S.C 71.A.V 71.K.c 71.K.C 71.Y.V 71.T.c,2.0 1.5 1.1 1.75 1.3 0.8,sakgud,0.0,2071.0
2656,horn,KINARAY A,busina,b u s i n a,1 7 3 7 4 7,AXBYBZ,PYSINA,77.0,77.P.C 77.Y.V 77.S.C 77.I.V 77.N.C 77.A.V,2.0 1.5 1.75 1.3 1.75 0.8,busina,0.0,2072.0
2696,horn,KOREAN,bul,b u l,1 7 5,AXN,PYL,78.0,78.P.C 78.Y.V 78.L.c,2.0 1.5 0.8,bul,0.0,2073.0
2736,horn,LEGAZPI,suŋaj,s u ŋ a j,3 7 4 7 6,AXBYN,SYNAJ,79.0,79.S.C 79.Y.V 79.N.C 79.A.V 79.J.c,2.0 1.5 1.75 1.3 0.8,suŋaj,0.0,2058.0
2776,horn,LIBON,suŋoj,s u ŋ o j,3 7 4 7 6,AXBYN,SYNUJ,80.0,80.S.C 80.Y.V 80.N.C 80.U.V 80.J.c,2.0 1.5 1.75 1.3 0.8,suŋoj,0.0,2058.0
3456,horn,MOKSHA,sjura,s j u r a,3 6 7 5 7,ACXBZ,SJYRA,102.0,102.S.C 102.J.C 102.Y.V 102.R.C 102.A.V,2.0 1.5 1.5 1.75 0.8,sjura,0.0,2076.0
3496,horn,MOLBOG,tanduk,t a n d u k,1 7 4 1 7 1,AXMBYN,TANTYK,103.0,103.T.C 103.A.V 103.N.c 103.T.C 103.Y.V 103.K.c,2.0 1.5 1.1 1.75 1.3 0.8,tanduk,0.0,2051.0
3576,horn,MONGOLIAN,iwir,i w i r,7 6 7 5,XBYN,IWIR,105.0,105.I.V 105.W.C 105.I.V 105.R.c,1.5 1.75 1.3 0.8,iwir,0.0,2078.0
3616,horn,MORO MAGINDANAU,siduŋ,s i d u ŋ,3 7 1 7 4,AXBYN,SITYN,106.0,106.S.C 106.I.V 106.T.C 106.Y.V 106.N.c,2.0 1.5 1.75 1.3 0.8,siduŋ,0.0,2079.0
3656,horn,NAGA,suŋuj,s u ŋ u j,3 7 4 7 6,AXBYN,SYNYJ,107.0,107.S.C 107.Y.V 107.N.C 107.Y.V 107.J.c,2.0 1.5 1.75 1.3 0.8,suŋuj,0.0,2058.0
3696,horn,NORTHERN CATANDUANES,suŋaj,s u ŋ a j,3 7 4 7 6,AXBYN,SYNAJ,108.0,108.S.C 108.Y.V 108.N.C 108.A.V 108.J.c,2.0 1.5 1.75 1.3 0.8,suŋaj,0.0,2058.0
3736,horn,NORTHERN SORSOGON,suŋaj,s u ŋ a j,3 7 4 7 6,AXBYN,SYNAJ,109.0,109.S.C 109.Y.V 109.N.C 109.A.V 109.J.c,2.0 1.5 1.75 1.3 0.8,suŋaj,0.0,2058.0
3776,horn,OAS,suŋuj,s u ŋ u j,3 7 4 7 6,AXBYN,SYNYJ,110.0,110.S.C 110.Y.V 110.N.C 110.Y.V 110.J.c,2.0 1.5 1.75 1.3 0.8,suŋuj,0.0,2058.0
4096,horn,ROMBLOMANON 2,suŋaj,s u ŋ a j,3 7 4 7 6,AXBYN,SYNAJ,119.0,119.S.C 119.Y.V 119.N.C 119.A.V 119.J.c,2.0 1.5 1.75 1.3 0.8,suŋaj,0.0,2058.0
4416,horn,SOUTH SAAMI,Cjoerviə,c j o e r v i ə,1 6 7 7 5 3 7 7,ACXYMBYZ,CJUERBIE,128.0,128.C.C 128.J.C 128.U.V 128.E.V 128.R.c 128.B.C 128.I.V 128.E.V,2.0 1.5 1.5 1.3 1.1 1.75 1.3 0.8,cjoerviə,0.0,2085.0
4456,horn,SOUTHERN CATANDUANES,suŋaj,s u ŋ a j,3 7 4 7 6,AXBYN,SYNAJ,129.0,129.S.C 129.Y.V 129.N.C 129.A.V 129.J.c,2.0 1.5 1.75 1.3 0.8,suŋaj,0.0,2058.0
4496,horn,SOUTHERN SORSOGON,suŋaj,s u ŋ a j,3 7 4 7 6,AXBYN,SYNAJ,131.0,131.S.C 131.Y.V 131.N.C 131.A.V 131.J.c,2.0 1.5 1.75 1.3 0.8,suŋaj,0.0,2058.0
4576,horn,SPANISH,kwerno,kw e r n o,1 7 5 4 7,AXMBZ,KERNU,133.0,133.K.C 133.E.V 133.R.c 133.N.C 133.U.V,2.0 1.5 1.1 1.75 0.8,kwerno,0.0,2088.0
4816,horn,TAGALOG,saŋaj,s a ŋ a j,3 7 4 7 6,AXBYN,SANAJ,139.0,139.S.C 139.A.V 139.N.C 139.A.V 139.J.c,2.0 1.5 1.75 1.3 0.8,saŋaj,0.0,2058.0
4976,horn,TALAANDIG BINUKID,suŋaj,s u ŋ a j,3 7 4 7 6,AXBYN,SYNAJ,143.0,143.S.C 143.Y.V 143.N.C 143.A.V 143.J.c,2.0 1.5 1.75 1.3 0.8,suŋaj,0.0,2058.0
5216,horn,TIRURAY,siduŋ,s i d u ŋ,3 7 1 7 4,AXBYN,SITYN,149.0,149.S.C 149.I.V 149.T.C 149.Y.V 149.N.c,2.0 1.5 1.75 1.3 0.8,siduŋ,0.0,2079.0
5256,horn,TURKISH,bonuz,b o n u z,1 7 4 7 3,AXBYN,PUNYS,150.0,150.P.C 150.U.V 150.N.C 150.Y.V 150.S.c,2.0 1.5 1.75 1.3 0.8,bonuz,0.0,2092.0
5296,horn,UGARITIC,ʔrn,ʔ r n,1 5 4,AXN,HRN,151.0,151.H.C 151.R.V 151.N.c,2.0 1.5 0.8,ʔrn,0.0,2093.0
5416,horn,YOGAD,tagud,t a g u d,1 7 1 7 1,AXBYN,TAKYT,154.0,154.T.C 154.A.V 154.K.C 154.Y.V 154.T.c,2.0 1.5 1.75 1.3 0.8,tagud,0.0,2067.0
17,knee,AGTA,tud,t u d,1 7 1,AXN,TYT,1.0,1.T.C 1.Y.V 1.T.c,2.0 1.5 0.8,tud,0.0,2100.0
97,knee,ATTA PAMPLONA,duluŋ,d u l u ŋ,1 7 5 7 4,AXBYN,TYLYN,3.0,3.T.C 3.Y.V 3.L.C 3.Y.V 3.N.c,2.0 1.5 1.75 1.3 0.8,duluŋ,0.0,2095.0
137,knee,BALANGAW,goŋo,g o ŋ o,1 7 4 7,AXBZ,KUNU,5.0,5.K.C 5.U.V 5.N.C 5.U.V,2.0 1.5 1.75 0.8,goŋo,0.0,2096.0
177,knee,BALANGINGI SAMA,tuʔut,t u ʔ u t,1 7 1 7 1,AXBYN,TYHYT,6.0,6.T.C 6.Y.V 6.H.C 6.Y.V 6.T.c,2.0 1.5 1.75 1.3 0.8,tuʔut,0.0,2100.0
217,knee,BALANGINGI SAMA (1),tuʔut,t u ʔ u t,1 7 1 7 1,AXBYN,TYHYT,7.0,7.T.C 7.Y.V 7.H.C 7.Y.V 7.T.c,2.0 1.5 1.75 1.3 0.8,tuʔut,0.0,2100.0
257,knee,BASQUE,belaun,b e l a u n,1 7 5 7 7 4,AXBYYN,PELAYN,8.0,8.P.C 8.E.V 8.L.C 8.A.V 8.Y.V 8.N.c,2.0 1.5 1.75 1.3 1.3 0.8,belaun,0.0,2099.0
297,knee,BATAK PALAWAN,tuud,t uu d,1 7 1,AXN,TYT,9.0,9.T.C 9.Y.V 9.T.c,2.0 1.5 0.8,tuud,0.0,2100.0
337,knee,BILAAN KORONADAL,bukal,b u k a l,1 7 1 7 5,AXBYN,PYKAL,10.0,10.P.C 10.Y.V 10.K.C 10.A.V 10.L.c,2.0 1.5 1.75 1.3 0.8,bukal,0.0,2101.0
377,knee,BILAAN SARANGANI,bukal,b u k a l,1 7 1 7 5,AXBYN,PYKAL,11.0,11.P.C 11.Y.V 11.K.C 11.A.V 11.L.c,2.0 1.5 1.75 1.3 0.8,bukal,0.0,2101.0
417,knee,BINUKID,buʔəl,b u ʔ ə l,1 7 1 7 5,AXBYN,PYHEL,12.0,12.P.C 12.Y.V 12.H.C 12.E.V 12.L.c,2.0 1.5 1.75 1.3 0.8,buʔəl,0.0,2103.0
497,knee,BONTOC GUINAANG,powəg,p o w ə g,1 7 6 7 1,AXBYN,PUWEK,15.0,15.P.C 15.U.V 15.W.C 15.E.V 15.K.c,2.0 1.5 1.75 1.3 0.8,powəg,0.0,2104.0
577,knee,BUHI,tuwud,t u w u d,1 7 6 7 1,AXBYN,TYWYT,17.0,17.T.C 17.Y.V 17.W.C 17.Y.V 17.T.c,2.0 1.5 1.75 1.3 0.8,tuwud,0.0,2100.0
657,knee,BUKIDNON BINUKID,buʔol,b u ʔ o l,1 7 1 7 5,AXBYN,PYHUL,19.0,19.P.C 19.Y.V 19.H.C 19.U.V 19.L.c,2.0 1.5 1.75 1.3 0.8,buʔol,0.0,2103.0
817,knee,CASIGURAN NEGRITO,tud,t u d,1 7 1,AXN,TYT,23.0,23.T.C 23.Y.V 23.T.c,2.0 1.5 0.8,tud,0.0,2100.0
1017,knee,CENTRAL TAGBANWA,tod,t o d,1 7 1,AXN,TUT,28.0,28.T.C 28.U.V 28.T.c,2.0 1.5 0.8,tod,0.0,2100.0
1097,knee,DARAGA,tuʔud,t u ʔ u d,1 7 1 7 1,AXBYN,TYHYT,30.0,30.T.C 30.Y.V 30.H.C 30.Y.V 30.T.c,2.0 1.5 1.75 1.3 0.8,tuʔud,0.0,2100.0
1137,knee,DUMAGAT CASIGURAN,tod,t o d,1 7 1,AXN,TUT,31.0,31.T.C 31.U.V 31.T.c,2.0 1.5 0.8,tod,0.0,2100.0
1177,knee,DUPANINGAN AGTA,guwalab,g u w a l a b,1 7 6 7 5 7 1,AXBYBYN,KYWALAP,32.0,32.K.C 32.Y.V 32.W.C 32.A.V 32.L.C 32.A.V 32.P.c,2.0 1.5 1.75 1.3 1.75 1.3 0.8,guwalab,0.0,2111.0
1217,knee,ENGLISH,ni,n i,4 7,AX,NI,33.0,33.N.C 33.I.V,2.0 1.5,ni,0.0,2112.0
1257,knee,ESKAYAN,ilkdo,i l k d o,7 5 1 1 7,XLMBZ,ILKTU,34.0,34.I.V 34.L.c 34.K.c 34.T.C 34.U.V,1.5 1.1 1.1 1.75 0.8,ilkdo,0.0,2113.0
1297,knee,ESTONIAN,polv,p o l v,1 7 5 3,AXLN,PULB,35.0,35.P.C 35.U.V 35.L.c 35.B.c,2.0 1.5 1.1 0.8,polv,0.0,2114.0
1337,knee,FINNISH,polvi,p o l v i,1 7 5 3 7,AXMBZ,PULBI,37.0,37.P.C 37.U.V 37.L.c 37.B.C 37.I.V,2.0 1.5 1.1 1.75 0.8,polvi,0.0,2114.0
1377,knee,FUZHOU CHINESE,khakphuthau,kh a k ph u th a u,1 7 1 1 7 1 7 7,AXMBYBYZ,KAKPYTAY,38.0,38.K.C 38.A.V 38.K.c 38.P.C 38.Y.V 38.T.C 38.A.V 38.Y.V,2.0 1.5 1.1 1.75 1.3 1.75 1.3 0.8,khakphuthau,0.0,2116.0
1417,knee,GADDANG,atud,a t u d,7 1 7 1,XBYN,ATYT,39.0,39.A.V 39.T.C 39.Y.V 39.T.c,1.5 1.75 1.3 0.8,atud,0.0,2117.0
1497,knee,HIGAONON BINUKID,buʔol,b u ʔ o l,1 7 1 7 5,AXBYN,PYHUL,41.0,41.P.C 41.Y.V 41.H.C 41.U.V 41.L.c,2.0 1.5 1.75 1.3 0.8,buʔol,0.0,2103.0
1537,knee,HUNGARIAN,terd,t e r d,1 7 5 1,AXLN,TERT,43.0,43.T.C 43.E.V 43.R.c 43.T.c,2.0 1.5 1.1 0.8,terd,0.0,2119.0
1697,knee,IFUGAO AMGANAD,lulug,l u l u g,5 7 5 7 1,AXBYN,LYLYK,47.0,47.L.C 47.Y.V 47.L.C 47.Y.V 47.K.c,2.0 1.5 1.75 1.3 0.8,lulug,0.0,2120.0
1737,knee,IFUGAO BATAD,lulug,l u l u g,5 7 5 7 1,AXBYN,LYLYK,48.0,48.L.C 48.Y.V 48.L.C 48.Y.V 48.K.c,2.0 1.5 1.75 1.3 0.8,lulug,0.0,2121.0
1777,knee,IFUGAO BAYNINAN,lulug,l u l u g,5 7 5 7 1,AXBYN,LYLYK,49.0,49.L.C 49.Y.V 49.L.C 49.Y.V 49.K.c,2.0 1.5 1.75 1.3 0.8,lulug,0.0,2120.0
1897,knee,INIBALOI,powəg,p o w ə g,1 7 6 7 1,AXBYN,PUWEK,54.0,54.P.C 54.U.V 54.W.C 54.E.V 54.K.c,2.0 1.5 1.75 1.3 0.8,powəg,0.0,2104.0
1977,knee,IRIGA,tuwud,t u w u d,1 7 6 7 1,AXBYN,TYWYT,57.0,57.T.C 57.Y.V 57.W.C 57.Y.V 57.T.c,2.0 1.5 1.75 1.3 0.8,tuwud,0.0,2100.0
2017,knee,ISNAG,utud,u t u d,7 1 7 1,XBYN,YTYT,59.0,59.Y.V 59.T.C 59.Y.V 59.T.c,1.5 1.75 1.3 0.8,utud,0.0,2117.0
2057,knee,ISNEG,utud,u t u d,7 1 7 1,XBYN,YTYT,60.0,60.Y.V 60.T.C 60.Y.V 60.T.c,1.5 1.75 1.3 0.8,utud,0.0,2117.0
2137,knee,ITBAYATEN BATANES ISLANDS,tuhud,t u h u d,1 7 3 7 1,AXBYN,TYHYT,62.0,62.T.C 62.Y.V 62.H.C 62.Y.V 62.T.c,2.0 1.5 1.75 1.3 0.8,tuhud,0.0,2100.0
2177,knee,ITNEG BINONGAN,powəg,p o w ə g,1 7 6 7 1,AXBYN,PUWEK,63.0,63.P.C 63.U.V 63.W.C 63.E.V 63.K.c,2.0 1.5 1.75 1.3 0.8,powəg,0.0,2104.0
2217,knee,IVATAN BATANES ISLANDS,tood,t oo d,1 7 1,AXN,TUT,65.0,65.T.C 65.U.V 65.T.c,2.0 1.5 0.8,tood,0.0,2100.0
2257,knee,JAPANESE,hiza,h i z a,3 7 3 7,AXBZ,HISA,66.0,66.H.C 66.I.V 66.S.C 66.A.V,2.0 1.5 1.75 0.8,hiza,0.0,2130.0
2297,knee,KADAZAN,totud,t o t u d,1 7 1 7 1,AXBYN,TUTYT,67.0,67.T.C 67.U.V 67.T.C 67.Y.V 67.T.c,2.0 1.5 1.75 1.3 0.8,totud,0.0,2100.0
2337,knee,KAGAYANEN,buʔul,b u ʔ u l,1 7 1 7 5,AXBYN,PYHYL,68.0,68.P.C 68.Y.V 68.H.C 68.Y.V 68.L.c,2.0 1.5 1.75 1.3 0.8,buʔul,0.0,2103.0
2377,knee,KALAGAN,bukubuku,b u k u b u k u,1 7 1 7 1 7 1 7,AXBYBYBZ,PYKYPYKY,69.0,69.P.C 69.Y.V 69.K.C 69.Y.V 69.P.C 69.Y.V 69.K.C 69.Y.V,2.0 1.5 1.75 1.3 1.75 1.3 1.75 0.8,bukubuku,0.0,2133.0
2417,knee,KALINGA GUINAANG,puwog,p u w o g,1 7 6 7 1,AXBYN,PYWUK,70.0,70.P.C 70.Y.V 70.W.C 70.U.V 70.K.c,2.0 1.5 1.75 1.3 0.8,puwog,0.0,2104.0
2457,knee,KALINGA LIMOS,puwog,p u w o g,1 7 6 7 1,AXBYN,PYWUK,71.0,71.P.C 71.Y.V 71.W.C 71.U.V 71.K.c,2.0 1.5 1.75 1.3 0.8,puwog,0.0,2104.0
2497,knee,KALLAHAN KAYAPA PROPER,puwəg,p u w ə g,1 7 6 7 1,AXBYN,PYWEK,72.0,72.P.C 72.Y.V 72.W.C 72.E.V 72.K.c,2.0 1.5 1.75 1.3 0.8,puwəg,0.0,2104.0
2537,knee,KALLAHAN KELEYQIQ IFUGAO,pukel,p u k e l,1 7 1 7 5,AXBYN,PYKEL,73.0,73.P.C 73.Y.V 73.K.C 73.E.V 73.L.c,2.0 1.5 1.75 1.3 0.8,pukel,0.0,2101.0
2577,knee,KANKANAY NORTHERN,powəg,p o w ə g,1 7 6 7 1,AXBYN,PUWEK,75.0,75.P.C 75.U.V 75.W.C 75.E.V 75.K.c,2.0 1.5 1.75 1.3 0.8,powəg,0.0,2104.0
2657,knee,KINARAY A,tuhod,t u h o d,1 7 3 7 1,AXBYN,TYHUT,77.0,77.T.C 77.Y.V 77.H.C 77.U.V 77.T.c,2.0 1.5 1.75 1.3 0.8,tuhod,0.0,2100.0
2697,knee,KOREAN,murup,m u r u p,4 7 5 7 1,AXBYN,MYRYP,78.0,78.M.C 78.Y.V 78.R.C 78.Y.V 78.P.c,2.0 1.5 1.75 1.3 0.8,murup,0.0,2140.0
2737,knee,LEGAZPI,tuhud,t u h u d,1 7 3 7 1,AXBYN,TYHYT,79.0,79.T.C 79.Y.V 79.H.C 79.Y.V 79.T.c,2.0 1.5 1.75 1.3 0.8,tuhud,0.0,2100.0
2777,knee,LIBON,tuwud,t u w u d,1 7 6 7 1,AXBYN,TYWYT,80.0,80.T.C 80.Y.V 80.W.C 80.Y.V 80.T.c,2.0 1.5 1.75 1.3 0.8,tuwud,0.0,2100.0
2817,knee,LIVE,puola,p u o l a,1 7 7 5 7,AXYBZ,PYULA,82.0,82.P.C 82.Y.V 82.U.V 82.L.C 82.A.V,2.0 1.5 1.3 1.75 0.8,puola,0.0,2143.0
2897,knee,MAMANWA,tohod,t o h o d,1 7 3 7 1,AXBYN,TUHUT,84.0,84.T.C 84.U.V 84.H.C 84.U.V 84.T.c,2.0 1.5 1.75 1.3 0.8,tohod,0.0,2144.0
2937,knee,MANOBO ATA,buʔol,b u ʔ o l,1 7 1 7 5,AXBYN,PYHUL,88.0,88.P.C 88.Y.V 88.H.C 88.U.V 88.L.c,2.0 1.5 1.75 1.3 0.8,buʔol,0.0,2148.0
2977,knee,MANOBO DIBABAWON,aib,a i b,7 7 1,XYN,AIP,89.0,89.A.V 89.I.V 89.P.c,1.5 1.3 0.8,aib,0.0,2149.0
3017,knee,MANOBO ILIANEN,buʔəl,b u ʔ ə l,1 7 1 7 5,AXBYN,PYHEL,90.0,90.P.C 90.Y.V 90.H.C 90.E.V 90.L.c,2.0 1.5 1.75 1.3 0.8,buʔəl,0.0,2148.0
3057,knee,MANOBO KALAMANSIG COTABATO,lulud,l u l u d,5 7 5 7 1,AXBYN,LYLYT,91.0,91.L.C 91.Y.V 91.L.C 91.Y.V 91.T.c,2.0 1.5 1.75 1.3 0.8,lulud,0.0,2121.0
3097,knee,MANOBO SARANGANI,boʔol,b o ʔ o l,1 7 1 7 5,AXBYN,PUHUL,92.0,92.P.C 92.U.V 92.H.C 92.U.V 92.L.c,2.0 1.5 1.75 1.3 0.8,boʔol,0.0,2103.0
3137,knee,MANOBO TIGWA,buʔəl,b u ʔ ə l,1 7 1 7 5,AXBYN,PYHEL,93.0,93.P.C 93.Y.V 93.H.C 93.E.V 93.L.c,2.0 1.5 1.75 1.3 0.8,buʔəl,0.0,2103.0
3177,knee,MANOBO WESTERN BUKIDNON,buʔəl,b u ʔ ə l,1 7 1 7 5,AXBYN,PYHEL,94.0,94.P.C 94.Y.V 94.H.C 94.E.V 94.L.c,2.0 1.5 1.75 1.3 0.8,buʔəl,0.0,2148.0
3217,knee,MANSAKA,tuʔud,t u ʔ u d,1 7 1 7 1,AXBYN,TYHYT,95.0,95.T.C 95.Y.V 95.H.C 95.Y.V 95.T.c,2.0 1.5 1.75 1.3 0.8,tuʔud,0.0,2145.0
3457,knee,MOKSHA,elj,e l j,7 5 6,XBC,ELJ,102.0,102.E.V 102.L.C 102.J.C,1.5 1.75 1.5,elj,0.0,2157.0
3497,knee,MOLBOG,bulanbulan tukud,b u l a n b u l a n # t u k u d,1 7 5 7 4 1 7 5 7 4 9 1 7 1 7 1,AXBYMBYBYN_AXBYN,PYLANPYLAN_TYKYT,103.0,103.P.C 103.Y.V 103.L.C 103.A.V 103.N.c 103.P.C 103.Y.V 103.L.C 103.A.V 103.N.c 103._._ 103.T.C 103.Y.V 103.K.C 103.Y.V 103.T.c,2.0 1.5 1.75 1.3 1.1 1.75 1.3 1.75 1.3 0.8 0.0 2.0 1.5 1.75 1.3 0.8,bulanbulan#tukud,0.0,2158.0
3577,knee,MONGOLIAN,uwtug,u w t u g,7 6 1 7 1,XMBYN,YWTYK,105.0,105.Y.V 105.W.c 105.T.C 105.Y.V 105.K.c,1.5 1.1 1.75 1.3 0.8,uwtug,0.0,2159.0
3617,knee,MORO MAGINDANAU,alub,a l u b,7 5 7 1,XBYN,ALYP,106.0,106.A.V 106.L.C 106.Y.V 106.P.c,1.5 1.75 1.3 0.8,alub,0.0,2160.0
3657,knee,NAGA,tuhud,t u h u d,1 7 3 7 1,AXBYN,TYHYT,107.0,107.T.C 107.Y.V 107.H.C 107.Y.V 107.T.c,2.0 1.5 1.75 1.3 0.8,tuhud,0.0,2100.0
3697,knee,NORTHERN CATANDUANES,tuhud,t u h u d,1 7 3 7 1,AXBYN,TYHYT,108.0,108.T.C 108.Y.V 108.H.C 108.Y.V 108.T.c,2.0 1.5 1.75 1.3 0.8,tuhud,0.0,2100.0
3737,knee,NORTHERN SORSOGON,tuhud,t u h u d,1 7 3 7 1,AXBYN,TYHYT,109.0,109.T.C 109.Y.V 109.H.C 109.Y.V 109.T.c,2.0 1.5 1.75 1.3 0.8,tuhud,0.0,2100.0
3777,knee,OAS,tuʔud,t u ʔ u d,1 7 1 7 1,AXBYN,TYHYT,110.0,110.T.C 110.Y.V 110.H.C 110.Y.V 110.T.c,2.0 1.5 1.75 1.3 0.8,tuʔud,0.0,2100.0
4097,knee,ROMBLOMANON 2,tuhud,t u h u d,1 7 3 7 1,AXBYN,TYHYT,119.0,119.T.C 119.Y.V 119.H.C 119.Y.V 119.T.c,2.0 1.5 1.75 1.3 0.8,tuhud,0.0,2100.0
4137,knee,SAMAL,tuʔut,t u ʔ u t,1 7 1 7 1,AXBYN,TYHYT,120.0,120.T.C 120.Y.V 120.H.C 120.Y.V 120.T.c,2.0 1.5 1.75 1.3 0.8,tuʔut,0.0,2100.0
4177,knee,SAMBAL BOTOLAN,toʔol,t o ʔ o l,1 7 1 7 5,AXBYN,TUHUL,121.0,121.T.C 121.U.V 121.H.C 121.U.V 121.L.c,2.0 1.5 1.75 1.3 0.8,toʔol,0.0,2167.0
4217,knee,SANGIL,buku,b u k u,1 7 1 7,AXBZ,PYKY,122.0,122.P.C 122.Y.V 122.K.C 122.Y.V,2.0 1.5 1.75 0.8,buku,0.0,2101.0
4257,knee,SANGIL SARANGANI ISLANDS,buku,b u k u,1 7 1 7,AXBZ,PYKY,123.0,123.P.C 123.Y.V 123.K.C 123.Y.V,2.0 1.5 1.75 0.8,buku,0.0,2101.0
4297,knee,SEDANG,kraŋ,k r a ŋ,1 5 7 4,ACXN,KRAN,124.0,124.K.C 124.R.C 124.A.V 124.N.c,2.0 1.5 1.5 0.8,kraŋ,0.0,2096.0
4417,knee,SOUTH SAAMI,boelvə,b o e l v ə,1 7 7 5 3 7,AXYMBZ,PUELBE,128.0,128.P.C 128.U.V 128.E.V 128.L.c 128.B.C 128.E.V,2.0 1.5 1.3 1.1 1.75 0.8,boelvə,0.0,2171.0
4457,knee,SOUTHERN CATANDUANES,tuhud,t u h u d,1 7 3 7 1,AXBYN,TYHYT,129.0,129.T.C 129.Y.V 129.H.C 129.Y.V 129.T.c,2.0 1.5 1.75 1.3 0.8,tuhud,0.0,2100.0
4497,knee,SOUTHERN SORSOGON,tuhud,t u h u d,1 7 3 7 1,AXBYN,TYHYT,131.0,131.T.C 131.Y.V 131.H.C 131.Y.V 131.T.c,2.0 1.5 1.75 1.3 0.8,tuhud,0.0,2100.0
4577,knee,SPANISH,rodija,r o d i j a,5 7 1 7 6 7,AXBYBZ,RUTIJA,133.0,133.R.C 133.U.V 133.T.C 133.I.V 133.J.C 133.A.V,2.0 1.5 1.75 1.3 1.75 0.8,rodija,0.0,2174.0
4617,knee,SUBANON SIOCON,glulud,g l u l u d,1 5 7 5 7 1,ACXBYN,KLYLYT,134.0,134.K.C 134.L.C 134.Y.V 134.L.C 134.Y.V 134.T.c,2.0 1.5 1.5 1.75 1.3 0.8,glulud,0.0,2121.0
4657,knee,SUBANUN SINDANGAN,dlulud,d l u l u d,1 5 7 5 7 1,ACXBYN,TLYLYT,135.0,135.T.C 135.L.C 135.Y.V 135.L.C 135.Y.V 135.T.c,2.0 1.5 1.5 1.75 1.3 0.8,dlulud,0.0,2121.0
4777,knee,TAGABILI,bukol,b u k o l,1 7 1 7 5,AXBYN,PYKUL,138.0,138.P.C 138.Y.V 138.K.C 138.U.V 138.L.c,2.0 1.5 1.75 1.3 0.8,bukol,0.0,2101.0
4817,knee,TAGALOG,tuhod,t u h o d,1 7 3 7 1,AXBYN,TYHUT,139.0,139.T.C 139.Y.V 139.H.C 139.U.V 139.T.c,2.0 1.5 1.75 1.3 0.8,tuhod,0.0,2100.0
4897,knee,TAGBANWA ABORLAN,tuʔud,t u ʔ u d,1 7 1 7 1,AXBYN,TYHYT,141.0,141.T.C 141.Y.V 141.H.C 141.Y.V 141.T.c,2.0 1.5 1.75 1.3 0.8,tuʔud,0.0,2100.0
4937,knee,TAGBANWA KALAMIAN,tuud,t uu d,1 7 1,AXN,TYT,142.0,142.T.C 142.Y.V 142.T.c,2.0 1.5 0.8,tuud,0.0,2100.0
4977,knee,TALAANDIG BINUKID,buʔol,b u ʔ o l,1 7 1 7 5,AXBYN,PYHUL,143.0,143.P.C 143.Y.V 143.H.C 143.U.V 143.L.c,2.0 1.5 1.75 1.3 0.8,buʔol,0.0,2103.0
5057,knee,TAUSUG,tuhud,t u h u d,1 7 3 7 1,AXBYN,TYHYT,145.0,145.T.C 145.Y.V 145.H.C 145.Y.V 145.T.c,2.0 1.5 1.75 1.3 0.8,tuhud,0.0,2100.0
5217,knee,TIRURAY,etur,e t u r,7 1 7 5,XBYN,ETYR,149.0,149.E.V 149.T.C 149.Y.V 149.R.c,1.5 1.75 1.3 0.8,etur,0.0,2183.0
5257,knee,TURKISH,diz,d i z,1 7 3,AXN,TIS,150.0,150.T.C 150.I.V 150.S.c,2.0 1.5 0.8,diz,0.0,2184.0
5297,knee,UGARITIC,brk,b r k,1 5 1,AXN,PRK,151.0,151.P.C 151.R.V 151.K.c,2.0 1.5 0.8,brk,0.0,2185.0
5417,knee,YOGAD,tud,t u d,1 7 1,AXN,TYT,154.0,154.T.C 154.Y.V 154.T.c,2.0 1.5 0.8,tud,0.0,2100.0
5937,knee,MANDAYAN BOSO,tuʔud,t u ʔ u d,1 7 1 7 1,AXBYN,TYHYT,85.0,85.T.C 85.Y.V 85.H.C 85.Y.V 85.T.c,2.0 1.5 1.75 1.3 0.8,tuʔud,0.0,2145.0
5977,knee,MANDAYAN CARAGA,tuʔud,t u ʔ u d,1 7 1 7 1,AXBYN,TYHYT,86.0,86.T.C 86.Y.V 86.H.C 86.Y.V 86.T.c,2.0 1.5 1.75 1.3 0.8,tuʔud,0.0,2145.0
6017,knee,MANDAYAN ISLAM PISO,tuud,t uu d,1 7 1,AXN,TYT,87.0,87.T.C 87.Y.V 87.T.c,2.0 1.5 0.8,tuud,0.0,2147.0
6057,knee,MANSAKA 2,tuʔud,t u ʔ u d,1 7 1 7 1,AXBYN,TYHYT,96.0,96.T.C 96.Y.V 96.H.C 96.Y.V 96.T.c,2.0 1.5 1.75 1.3 0.8,tuʔud,0.0,2145.0
18,leaf,AGTA,don,d o n,1 7 4,AXN,TUN,1.0,1.T.C 1.U.V 1.N.c,2.0 1.5 0.8,don,0.0,2186.0
58,leaf,AKLANON,dahun,d a h u n,1 7 3 7 4,AXBYN,TAHYN,2.0,2.T.C 2.A.V 2.H.C 2.Y.V 2.N.c,2.0 1.5 1.75 1.3 0.8,dahun,0.0,2208.0
98,leaf,ATTA PAMPLONA,don,d o n,1 7 4,AXN,TUN,3.0,3.T.C 3.U.V 3.N.c,2.0 1.5 0.8,don,0.0,2186.0
138,leaf,BALANGAW,tubu,t u b u,1 7 1 7,AXBZ,TYPY,5.0,5.T.C 5.Y.V 5.P.C 5.Y.V,2.0 1.5 1.75 0.8,tubu,0.0,2190.0
178,leaf,BALANGINGI SAMA,dahun,d a h u n,1 7 3 7 4,AXBYN,TAHYN,6.0,6.T.C 6.A.V 6.H.C 6.Y.V 6.N.c,2.0 1.5 1.75 1.3 0.8,dahun,0.0,2208.0
218,leaf,BALANGINGI SAMA (1),dahun,d a h u n,1 7 3 7 4,AXBYN,TAHYN,7.0,7.T.C 7.A.V 7.H.C 7.Y.V 7.N.c,2.0 1.5 1.75 1.3 0.8,dahun,0.0,2208.0
258,leaf,BASQUE,hosto,h o s t o,3 7 3 1 7,AXMBZ,HUSTU,8.0,8.H.C 8.U.V 8.S.c 8.T.C 8.U.V,2.0 1.5 1.1 1.75 0.8,hosto,0.0,2193.0
298,leaf,BATAK PALAWAN,daun,d a u n,1 7 7 4,AXYN,TAYN,9.0,9.T.C 9.A.V 9.Y.V 9.N.c,2.0 1.5 1.3 0.8,daun,0.0,2208.0
338,leaf,BILAAN KORONADAL,doʔon,d o ʔ o n,1 7 1 7 4,AXBYN,TUHUN,10.0,10.T.C 10.U.V 10.H.C 10.U.V 10.N.c,2.0 1.5 1.75 1.3 0.8,doʔon,0.0,2208.0
378,leaf,BILAAN SARANGANI,doʔon,d o ʔ o n,1 7 1 7 4,AXBYN,TUHUN,11.0,11.T.C 11.U.V 11.H.C 11.U.V 11.N.c,2.0 1.5 1.75 1.3 0.8,doʔon,0.0,2208.0
418,leaf,BINUKID,dahun,d a h u n,1 7 3 7 4,AXBYN,TAHYN,12.0,12.T.C 12.A.V 12.H.C 12.Y.V 12.N.c,2.0 1.5 1.75 1.3 0.8,dahun,0.0,2208.0
458,leaf,BONGGI,doudn,d o u d n,1 7 7 1 4,AXYBC,TUYTN,14.0,14.T.C 14.U.V 14.Y.V 14.T.C 14.N.C,2.0 1.5 1.3 1.75 1.5,doudn,0.0,2199.0
498,leaf,BONTOC GUINAANG,tobo,t o b o,1 7 1 7,AXBZ,TUPU,15.0,15.T.C 15.U.V 15.P.C 15.U.V,2.0 1.5 1.75 0.8,tobo,0.0,2190.0
538,leaf,BROOKES POINT PALAWAN,dəʔun,d ə ʔ u n,1 7 1 7 4,AXBYN,TEHYN,16.0,16.T.C 16.E.V 16.H.C 16.Y.V 16.N.c,2.0 1.5 1.75 1.3 0.8,dəʔun,0.0,2201.0
578,leaf,BUHI,dawun,d a w u n,1 7 6 7 4,AXBYN,TAWYN,17.0,17.T.C 17.A.V 17.W.C 17.Y.V 17.N.c,2.0 1.5 1.75 1.3 0.8,dawun,0.0,2208.0
618,leaf,BUHINON ALBAY BICOLANO,dawon,d a w o n,1 7 6 7 4,AXBYN,TAWUN,18.0,18.T.C 18.A.V 18.W.C 18.U.V 18.N.c,2.0 1.5 1.75 1.3 0.8,dawon,0.0,2208.0
658,leaf,BUKIDNON BINUKID,dahon,d a h o n,1 7 3 7 4,AXBYN,TAHUN,19.0,19.T.C 19.A.V 19.H.C 19.U.V 19.N.c,2.0 1.5 1.75 1.3 0.8,dahon,0.0,2208.0
698,leaf,BUTUANON,dahon,d a h o n,1 7 3 7 4,AXBYN,TAHUN,20.0,20.T.C 20.A.V 20.H.C 20.U.V 20.N.c,2.0 1.5 1.75 1.3 0.8,dahon,0.0,2205.0
778,leaf,CANIPAAN PALAWAN,dəʔun,d ə ʔ u n,1 7 1 7 4,AXBYN,TEHYN,22.0,22.T.C 22.E.V 22.H.C 22.Y.V 22.N.c,2.0 1.5 1.75 1.3 0.8,dəʔun,0.0,2208.0
818,leaf,CASIGURAN NEGRITO,don,d o n,1 7 4,AXN,TUN,23.0,23.T.C 23.U.V 23.N.c,2.0 1.5 0.8,don,0.0,2186.0
858,leaf,CEBUANO,dahun,d a h u n,1 7 3 7 4,AXBYN,TAHYN,24.0,24.T.C 24.A.V 24.H.C 24.Y.V 24.N.c,2.0 1.5 1.75 1.3 0.8,dahun,0.0,2208.0
898,leaf,CENTRAL BICOLANO,dahon,d a h o n,1 7 3 7 4,AXBYN,TAHUN,25.0,25.T.C 25.A.V 25.H.C 25.U.V 25.N.c,2.0 1.5 1.75 1.3 0.8,dahon,0.0,2208.0
938,leaf,CENTRAL BONTOC,tubu,t u b u,1 7 1 7,AXBZ,TYPY,26.0,26.T.C 26.Y.V 26.P.C 26.Y.V,2.0 1.5 1.75 0.8,tubu,0.0,2190.0
978,leaf,CENTRAL DUSUN,roun,r o u n,5 7 7 4,AXYN,RUYN,27.0,27.R.C 27.U.V 27.Y.V 27.N.c,2.0 1.5 1.3 0.8,roun,0.0,2211.0
1018,leaf,CENTRAL TAGBANWA,daon,d a o n,1 7 7 4,AXYN,TAUN,28.0,28.T.C 28.A.V 28.U.V 28.N.c,2.0 1.5 1.3 0.8,daon,0.0,2208.0
1058,leaf,CUYONON,dawn,d a w n,1 7 6 4,AXLN,TAWN,29.0,29.T.C 29.A.V 29.W.c 29.N.c,2.0 1.5 1.1 0.8,dawn,0.0,2213.0
1098,leaf,DARAGA,dawun,d a w u n,1 7 6 7 4,AXBYN,TAWYN,30.0,30.T.C 30.A.V 30.W.C 30.Y.V 30.N.c,2.0 1.5 1.75 1.3 0.8,dawun,0.0,2208.0
1138,leaf,DUMAGAT CASIGURAN,don,d o n,1 7 4,AXN,TUN,31.0,31.T.C 31.U.V 31.N.c,2.0 1.5 0.8,don,0.0,2186.0
1178,leaf,DUPANINGAN AGTA,don,d o n,1 7 4,AXN,TUN,32.0,32.T.C 32.U.V 32.N.c,2.0 1.5 0.8,don,0.0,2186.0
1218,leaf,ENGLISH,lif,l i f,5 7 3,AXN,LIB,33.0,33.L.C 33.I.V 33.B.c,2.0 1.5 0.8,lif,0.0,2217.0
1258,leaf,ESKAYAN,saliti,s a l i t i,3 7 5 7 1 7,AXBYBZ,SALITI,34.0,34.S.C 34.A.V 34.L.C 34.I.V 34.T.C 34.I.V,2.0 1.5 1.75 1.3 1.75 0.8,saliti,0.0,2218.0
1298,leaf,ESTONIAN,let,l e t,5 7 1,AXN,LET,35.0,35.L.C 35.E.V 35.T.c,2.0 1.5 0.8,let,0.0,2219.0
1338,leaf,FINNISH,lehti,l e h t i,5 7 3 1 7,AXMBZ,LEHTI,37.0,37.L.C 37.E.V 37.H.c 37.T.C 37.I.V,2.0 1.5 1.1 1.75 0.8,lehti,0.0,2221.0
1378,leaf,FUZHOU CHINESE,nuok,n u o k,4 7 7 1,AXYN,NYUK,38.0,38.N.C 38.Y.V 38.U.V 38.K.c,2.0 1.5 1.3 0.8,nuok,0.0,2222.0
1418,leaf,GADDANG,adon,a d o n,7 1 7 4,XBYN,ATUN,39.0,39.A.V 39.T.C 39.U.V 39.N.c,1.5 1.75 1.3 0.8,adon,0.0,2186.0
1458,leaf,HANUNOO,labuŋ,l a b u ŋ,5 7 1 7 4,AXBYN,LAPYN,40.0,40.L.C 40.A.V 40.P.C 40.Y.V 40.N.c,2.0 1.5 1.75 1.3 0.8,labuŋ,0.0,2224.0
1498,leaf,HIGAONON BINUKID,dahon,d a h o n,1 7 3 7 4,AXBYN,TAHUN,41.0,41.T.C 41.A.V 41.H.C 41.U.V 41.N.c,2.0 1.5 1.75 1.3 0.8,dahon,0.0,2208.0
1538,leaf,HUNGARIAN,level,l e v e l,5 7 3 7 5,AXBYN,LEBEL,43.0,43.L.C 43.E.V 43.B.C 43.E.V 43.L.c,2.0 1.5 1.75 1.3 0.8,level,0.0,2227.0
1578,leaf,IBALOI,buloŋ,b u l o ŋ,1 7 5 7 4,AXBYN,PYLUN,44.0,44.P.C 44.Y.V 44.L.C 44.U.V 44.N.c,2.0 1.5 1.75 1.3 0.8,buloŋ,0.0,2189.0
1618,leaf,IBANAG,don,d o n,1 7 4,AXN,TUN,45.0,45.T.C 45.U.V 45.N.c,2.0 1.5 0.8,don,0.0,2186.0
1658,leaf,IDAAN,daun,d a u n,1 7 7 4,AXYN,TAYN,46.0,46.T.C 46.A.V 46.Y.V 46.N.c,2.0 1.5 1.3 0.8,daun,0.0,2208.0
1698,leaf,IFUGAO AMGANAD,tubu,t u b u,1 7 1 7,AXBZ,TYPY,47.0,47.T.C 47.Y.V 47.P.C 47.Y.V,2.0 1.5 1.75 0.8,tubu,0.0,2190.0
1738,leaf,IFUGAO BATAD,pajaʔ,p a j a ʔ,1 7 6 7 1,AXBYN,PAJAH,48.0,48.P.C 48.A.V 48.J.C 48.A.V 48.H.c,2.0 1.5 1.75 1.3 0.8,pajaʔ,0.0,2232.0
1778,leaf,IFUGAO BAYNINAN,tubu,t u b u,1 7 1 7,AXBZ,TYPY,49.0,49.T.C 49.Y.V 49.P.C 49.Y.V,2.0 1.5 1.75 0.8,tubu,0.0,2190.0
1818,leaf,ILOKANO,buloŋ,b u l o ŋ,1 7 5 7 4,AXBYN,PYLUN,50.0,50.P.C 50.Y.V 50.L.C 50.U.V 50.N.c,2.0 1.5 1.75 1.3 0.8,buloŋ,0.0,2189.0
1858,leaf,ILONGOT KAKIDUGEN,buŋ,b u ŋ,1 7 4,AXN,PYN,51.0,51.P.C 51.Y.V 51.N.c,2.0 1.5 0.8,buŋ,0.0,2189.0
1898,leaf,INIBALOI,boloŋ,b o l o ŋ,1 7 5 7 4,AXBYN,PULUN,54.0,54.P.C 54.U.V 54.L.C 54.U.V 54.N.c,2.0 1.5 1.75 1.3 0.8,boloŋ,0.0,2189.0
1938,leaf,IRANUN,raun,r a u n,5 7 7 4,AXYN,RAYN,55.0,55.R.C 55.A.V 55.Y.V 55.N.c,2.0 1.5 1.3 0.8,raun,0.0,2211.0
1978,leaf,IRIGA,dawun,d a w u n,1 7 6 7 4,AXBYN,TAWYN,57.0,57.T.C 57.A.V 57.W.C 57.Y.V 57.N.c,2.0 1.5 1.75 1.3 0.8,dawun,0.0,2208.0
2018,leaf,ISNAG,adon,a d o n,7 1 7 4,XBYN,ATUN,59.0,59.A.V 59.T.C 59.U.V 59.N.c,1.5 1.75 1.3 0.8,adon,0.0,2186.0
2058,leaf,ISNEG,adon,a d o n,7 1 7 4,XBYN,ATUN,60.0,60.A.V 60.T.C 60.U.V 60.N.c,1.5 1.75 1.3 0.8,adon,0.0,2186.0
2098,leaf,ITAWIT,don,d o n,1 7 4,AXN,TUN,61.0,61.T.C 61.U.V 61.N.c,2.0 1.5 0.8,don,0.0,2186.0
2138,leaf,ITBAYATEN BATANES ISLANDS,vuguŋ,v u g u ŋ,3 7 1 7 4,AXBYN,BYKYN,62.0,62.B.C 62.Y.V 62.K.C 62.Y.V 62.N.c,2.0 1.5 1.75 1.3 0.8,vuguŋ,0.0,2189.0
2178,leaf,ITNEG BINONGAN,tobo,t o b o,1 7 1 7,AXBZ,TUPU,63.0,63.T.C 63.U.V 63.P.C 63.U.V,2.0 1.5 1.75 0.8,tobo,0.0,2190.0
2218,leaf,IVATAN BATANES ISLANDS,vohoŋ,v o h o ŋ,3 7 3 7 4,AXBYN,BUHUN,65.0,65.B.C 65.U.V 65.H.C 65.U.V 65.N.c,2.0 1.5 1.75 1.3 0.8,vohoŋ,0.0,2189.0
2258,leaf,JAPANESE,kono ha,k o n o # h a,1 7 4 7 9 3 7,AXBZ_AX,KUNU_HA,66.0,66.K.C 66.U.V 66.N.C 66.U.V 66._._ 66.H.C 66.A.V,2.0 1.5 1.75 0.8 0.0 2.0 1.5,kono#ha,0.0,2250.0
2298,leaf,KADAZAN,lon,l o n,5 7 4,AXN,LUN,67.0,67.L.C 67.U.V 67.N.c,2.0 1.5 0.8,lon,0.0,2251.0
2338,leaf,KAGAYANEN,daun,d a u n,1 7 7 4,AXYN,TAYN,68.0,68.T.C 68.A.V 68.Y.V 68.N.c,2.0 1.5 1.3 0.8,daun,0.0,2208.0
2378,leaf,KALAGAN,dawun,d a w u n,1 7 6 7 4,AXBYN,TAWYN,69.0,69.T.C 69.A.V 69.W.C 69.Y.V 69.N.c,2.0 1.5 1.75 1.3 0.8,dawun,0.0,2208.0
2418,leaf,KALINGA GUINAANG,tubu,t u b u,1 7 1 7,AXBZ,TYPY,70.0,70.T.C 70.Y.V 70.P.C 70.Y.V,2.0 1.5 1.75 0.8,tubu,0.0,2190.0
2458,leaf,KALINGA LIMOS,tubu,t u b u,1 7 1 7,AXBZ,TYPY,71.0,71.T.C 71.Y.V 71.P.C 71.Y.V,2.0 1.5 1.75 0.8,tubu,0.0,2190.0
2498,leaf,KALLAHAN KAYAPA PROPER,buluŋ,b u l u ŋ,1 7 5 7 4,AXBYN,PYLYN,72.0,72.P.C 72.Y.V 72.L.C 72.Y.V 72.N.c,2.0 1.5 1.75 1.3 0.8,buluŋ,0.0,2189.0
2538,leaf,KALLAHAN KELEYQIQ IFUGAO,buluŋ,b u l u ŋ,1 7 5 7 4,AXBYN,PYLYN,73.0,73.P.C 73.Y.V 73.L.C 73.Y.V 73.N.c,2.0 1.5 1.75 1.3 0.8,buluŋ,0.0,2189.0
2578,leaf,KANKANAY NORTHERN,tobo,t o b o,1 7 1 7,AXBZ,TUPU,75.0,75.T.C 75.U.V 75.P.C 75.U.V,2.0 1.5 1.75 0.8,tobo,0.0,2190.0
2618,leaf,KAPAMPANGAN,buluŋ,b u l u ŋ,1 7 5 7 4,AXBYN,PYLYN,76.0,76.P.C 76.Y.V 76.L.C 76.Y.V 76.N.c,2.0 1.5 1.75 1.3 0.8,buluŋ,0.0,2189.0
2698,leaf,KOREAN,iph,i ph,7 1,XN,IP,78.0,78.I.V 78.P.c,1.5 0.8,iph,0.0,2261.0
2738,leaf,LEGAZPI,dahun,d a h u n,1 7 3 7 4,AXBYN,TAHYN,79.0,79.T.C 79.A.V 79.H.C 79.Y.V 79.N.c,2.0 1.5 1.75 1.3 0.8,dahun,0.0,2208.0
2778,leaf,LIBON,dawun,d a w u n,1 7 6 7 4,AXBYN,TAWYN,80.0,80.T.C 80.A.V 80.W.C 80.Y.V 80.N.c,2.0 1.5 1.75 1.3 0.8,dawun,0.0,2208.0
2818,leaf,LIVE,ljed,l j e d,5 6 7 1,ACXN,LJET,82.0,82.L.C 82.J.C 82.E.V 82.T.c,2.0 1.5 1.5 0.8,ljed,0.0,2265.0
2858,leaf,MAGUINDANAO,lawn,l a w n,5 7 6 4,AXLN,LAWN,83.0,83.L.C 83.A.V 83.W.c 83.N.c,2.0 1.5 1.1 0.8,lawn,0.0,2266.0
2898,leaf,MAMANWA,dahon,d a h o n,1 7 3 7 4,AXBYN,TAHUN,84.0,84.T.C 84.A.V 84.H.C 84.U.V 84.N.c,2.0 1.5 1.75 1.3 0.8,dahon,0.0,2208.0
2938,leaf,MANOBO ATA,doun,d o u n,1 7 7 4,AXYN,TUYN,88.0,88.T.C 88.U.V 88.Y.V 88.N.c,2.0 1.5 1.3 0.8,doun,0.0,2208.0
2978,leaf,MANOBO DIBABAWON,dəhun,d ə h u n,1 7 3 7 4,AXBYN,TEHYN,89.0,89.T.C 89.E.V 89.H.C 89.Y.V 89.N.c,2.0 1.5 1.75 1.3 0.8,dəhun,0.0,2208.0
3018,leaf,MANOBO ILIANEN,dawun,d a w u n,1 7 6 7 4,AXBYN,TAWYN,90.0,90.T.C 90.A.V 90.W.C 90.Y.V 90.N.c,2.0 1.5 1.75 1.3 0.8,dawun,0.0,2208.0
3058,leaf,MANOBO KALAMANSIG COTABATO,daʔun,d a ʔ u n,1 7 1 7 4,AXBYN,TAHYN,91.0,91.T.C 91.A.V 91.H.C 91.Y.V 91.N.c,2.0 1.5 1.75 1.3 0.8,daʔun,0.0,2208.0
3098,leaf,MANOBO SARANGANI,dawon,d a w o n,1 7 6 7 4,AXBYN,TAWUN,92.0,92.T.C 92.A.V 92.W.C 92.U.V 92.N.c,2.0 1.5 1.75 1.3 0.8,dawon,0.0,2208.0
3138,leaf,MANOBO TIGWA,dəun,d ə u n,1 7 7 4,AXYN,TEYN,93.0,93.T.C 93.E.V 93.Y.V 93.N.c,2.0 1.5 1.3 0.8,dəun,0.0,2208.0
3178,leaf,MANOBO WESTERN BUKIDNON,dahun,d a h u n,1 7 3 7 4,AXBYN,TAHYN,94.0,94.T.C 94.A.V 94.H.C 94.Y.V 94.N.c,2.0 1.5 1.75 1.3 0.8,dahun,0.0,2208.0
3218,leaf,MANSAKA,daʔun,d a ʔ u n,1 7 1 7 4,AXBYN,TAHYN,95.0,95.T.C 95.A.V 95.H.C 95.Y.V 95.N.c,2.0 1.5 1.75 1.3 0.8,daʔun,0.0,2208.0
3258,leaf,MAPUN,dawun,d a w u n,1 7 6 7 4,AXBYN,TAWYN,97.0,97.T.C 97.A.V 97.W.C 97.Y.V 97.N.c,2.0 1.5 1.75 1.3 0.8,dawun,0.0,2208.0
3298,leaf,MARANAO,raʔon,r a ʔ o n,5 7 1 7 4,AXBYN,RAHUN,98.0,98.R.C 98.A.V 98.H.C 98.U.V 98.N.c,2.0 1.5 1.75 1.3 0.8,raʔon,0.0,2211.0
3338,leaf,MARINDUQUE TAGALOG,dahun,d a h u n,1 7 3 7 4,AXBYN,TAHYN,99.0,99.T.C 99.A.V 99.H.C 99.Y.V 99.N.c,2.0 1.5 1.75 1.3 0.8,dahun,0.0,2208.0
3378,leaf,MASBATENYO,dahon,d a h o n,1 7 3 7 4,AXBYN,TAHUN,100.0,100.T.C 100.A.V 100.H.C 100.U.V 100.N.c,2.0 1.5 1.75 1.3 0.8,dahon,0.0,2208.0
3418,leaf,MINANGALI LOWER TANUDAN KALINGA,tubu,t u b u,1 7 1 7,AXBZ,TYPY,101.0,101.T.C 101.Y.V 101.P.C 101.Y.V,2.0 1.5 1.75 0.8,tubu,0.0,2190.0
3458,leaf,MOKSHA,lopa,l o p a,5 7 1 7,AXBZ,LUPA,102.0,102.L.C 102.U.V 102.P.C 102.A.V,2.0 1.5 1.75 0.8,lopa,0.0,2224.0
3498,leaf,MOLBOG,doʔun,d o ʔ u n,1 7 1 7 4,AXBYN,TUHYN,103.0,103.T.C 103.U.V 103.H.C 103.Y.V 103.N.c,2.0 1.5 1.75 1.3 0.8,doʔun,0.0,2208.0
3538,leaf,MOLBOG 2,dəʔun,d ə ʔ u n,1 7 1 7 4,AXBYN,TEHYN,104.0,104.T.C 104.E.V 104.H.C 104.Y.V 104.N.c,2.0 1.5 1.75 1.3 0.8,dəʔun,0.0,2208.0
3578,leaf,MONGOLIAN,nawCh,n a w ch,4 7 6 1,AXLN,NAWC,105.0,105.N.C 105.A.V 105.W.c 105.C.c,2.0 1.5 1.1 0.8,nawch,0.0,2284.0
3618,leaf,MORO MAGINDANAU,laun,l a u n,5 7 7 4,AXYN,LAYN,106.0,106.L.C 106.A.V 106.Y.V 106.N.c,2.0 1.5 1.3 0.8,laun,0.0,2211.0
3658,leaf,NAGA,dahun,d a h u n,1 7 3 7 4,AXBYN,TAHYN,107.0,107.T.C 107.A.V 107.H.C 107.Y.V 107.N.c,2.0 1.5 1.75 1.3 0.8,dahun,0.0,2208.0
3698,leaf,NORTHERN CATANDUANES,dahun,d a h u n,1 7 3 7 4,AXBYN,TAHYN,108.0,108.T.C 108.A.V 108.H.C 108.Y.V 108.N.c,2.0 1.5 1.75 1.3 0.8,dahun,0.0,2208.0
3738,leaf,NORTHERN SORSOGON,dahun,d a h u n,1 7 3 7 4,AXBYN,TAHYN,109.0,109.T.C 109.A.V 109.H.C 109.Y.V 109.N.c,2.0 1.5 1.75 1.3 0.8,dahun,0.0,2208.0
3778,leaf,OAS,dawun,d a w u n,1 7 6 7 4,AXBYN,TAWYN,110.0,110.T.C 110.A.V 110.W.C 110.Y.V 110.N.c,2.0 1.5 1.75 1.3 0.8,dawun,0.0,2208.0
3818,leaf,PALAWANO BATAK,daun,d a u n,1 7 7 4,AXYN,TAYN,111.0,111.T.C 111.A.V 111.Y.V 111.N.c,2.0 1.5 1.3 0.8,daun,0.0,2208.0
3858,leaf,PANGASINAN,buloŋ,b u l o ŋ,1 7 5 7 4,AXBYN,PYLUN,112.0,112.P.C 112.Y.V 112.L.C 112.U.V 112.N.c,2.0 1.5 1.75 1.3 0.8,buloŋ,0.0,2189.0
3898,leaf,PANGUTARAN SAMA,daun,d a u n,1 7 7 4,AXYN,TAYN,113.0,113.T.C 113.A.V 113.Y.V 113.N.c,2.0 1.5 1.3 0.8,daun,0.0,2208.0
3938,leaf,PANGUTARAN SAMA (1),daun,d a u n,1 7 7 4,AXYN,TAYN,114.0,114.T.C 114.A.V 114.Y.V 114.N.c,2.0 1.5 1.3 0.8,daun,0.0,2208.0
3978,leaf,PROTO PALAWAN,daʔun,d a ʔ u n,1 7 1 7 4,AXBYN,TAHYN,115.0,115.T.C 115.A.V 115.H.C 115.Y.V 115.N.c,2.0 1.5 1.75 1.3 0.8,daʔun,0.0,2208.0
4018,leaf,QUEZON PALAWAN,dəʔun,d ə ʔ u n,1 7 1 7 4,AXBYN,TEHYN,117.0,117.T.C 117.E.V 117.H.C 117.Y.V 117.N.c,2.0 1.5 1.75 1.3 0.8,dəʔun,0.0,2208.0
4058,leaf,ROMBLOMANON 1,dahon,d a h o n,1 7 3 7 4,AXBYN,TAHUN,118.0,118.T.C 118.A.V 118.H.C 118.U.V 118.N.c,2.0 1.5 1.75 1.3 0.8,dahon,0.0,2208.0
4098,leaf,ROMBLOMANON 2,dahun,d a h u n,1 7 3 7 4,AXBYN,TAHYN,119.0,119.T.C 119.A.V 119.H.C 119.Y.V 119.N.c,2.0 1.5 1.75 1.3 0.8,dahun,0.0,2208.0
4138,leaf,SAMAL,daun,d a u n,1 7 7 4,AXYN,TAYN,120.0,120.T.C 120.A.V 120.Y.V 120.N.c,2.0 1.5 1.3 0.8,daun,0.0,2208.0
4178,leaf,SAMBAL BOTOLAN,boloŋ,b o l o ŋ,1 7 5 7 4,AXBYN,PULUN,121.0,121.P.C 121.U.V 121.L.C 121.U.V 121.N.c,2.0 1.5 1.75 1.3 0.8,boloŋ,0.0,2189.0
4218,leaf,SANGIL,dauŋ,d a u ŋ,1 7 7 4,AXYN,TAYN,122.0,122.T.C 122.A.V 122.Y.V 122.N.c,2.0 1.5 1.3 0.8,dauŋ,0.0,2208.0
4258,leaf,SANGIL SARANGANI ISLANDS,dauŋ,d a u ŋ,1 7 7 4,AXYN,TAYN,123.0,123.T.C 123.A.V 123.Y.V 123.N.c,2.0 1.5 1.3 0.8,dauŋ,0.0,2208.0
4298,leaf,SEDANG,hla,h l a,3 5 7,ACX,HLA,124.0,124.H.C 124.L.C 124.A.V,2.0 1.5 1.5,hla,1.0,2303.0
4338,leaf,SIBUTU SOUTHERN SAMA,down,d o w n,1 7 6 4,AXLN,TUWN,125.0,125.T.C 125.U.V 125.W.c 125.N.c,2.0 1.5 1.1 0.8,down,0.0,2213.0
4378,leaf,SOGODNIN BORACAY,dahon,d a h o n,1 7 3 7 4,AXBYN,TAHUN,127.0,127.T.C 127.A.V 127.H.C 127.U.V 127.N.c,2.0 1.5 1.75 1.3 0.8,dahon,0.0,2208.0
4418,leaf,SOUTH SAAMI,lastə,l a s t ə,5 7 3 1 7,AXMBZ,LASTE,128.0,128.L.C 128.A.V 128.S.c 128.T.C 128.E.V,2.0 1.5 1.1 1.75 0.8,lastə,0.0,2307.0
4458,leaf,SOUTHERN CATANDUANES,dahun,d a h u n,1 7 3 7 4,AXBYN,TAHYN,129.0,129.T.C 129.A.V 129.H.C 129.Y.V 129.N.c,2.0 1.5 1.75 1.3 0.8,dahun,0.0,2208.0
4498,leaf,SOUTHERN SORSOGON,dahun,d a h u n,1 7 3 7 4,AXBYN,TAHYN,131.0,131.T.C 131.A.V 131.H.C 131.Y.V 131.N.c,2.0 1.5 1.75 1.3 0.8,dahun,0.0,2208.0
4538,leaf,SOUTHWEST PALAWANO,deon,d e o n,1 7 7 4,AXYN,TEUN,132.0,132.T.C 132.E.V 132.U.V 132.N.c,2.0 1.5 1.3 0.8,deon,0.0,2208.0
4578,leaf,SPANISH,oha,o h a,7 3 7,XBZ,UHA,133.0,133.U.V 133.H.C 133.A.V,1.5 1.75 0.8,oha,0.0,2312.0
4618,leaf,SUBANON SIOCON,daon,d a o n,1 7 7 4,AXYN,TAUN,134.0,134.T.C 134.A.V 134.U.V 134.N.c,2.0 1.5 1.3 0.8,daon,0.0,2208.0
4658,leaf,SUBANUN SINDANGAN,doon,d oo n,1 7 4,AXN,TUN,135.0,135.T.C 135.U.V 135.N.c,2.0 1.5 0.8,doon,0.0,2314.0
4698,leaf,SURIGAONON,dahon,d a h o n,1 7 3 7 4,AXBYN,TAHUN,136.0,136.T.C 136.A.V 136.H.C 136.U.V 136.N.c,2.0 1.5 1.75 1.3 0.8,dahon,0.0,2208.0
4738,leaf,TAGABAWA,daun,d a u n,1 7 7 4,AXYN,TAYN,137.0,137.T.C 137.A.V 137.Y.V 137.N.c,2.0 1.5 1.3 0.8,daun,0.0,2208.0
4778,leaf,TAGABILI,doʔun,d o ʔ u n,1 7 1 7 4,AXBYN,TUHYN,138.0,138.T.C 138.U.V 138.H.C 138.Y.V 138.N.c,2.0 1.5 1.75 1.3 0.8,doʔun,0.0,2208.0
4818,leaf,TAGALOG,dahon,d a h o n,1 7 3 7 4,AXBYN,TAHUN,139.0,139.T.C 139.A.V 139.H.C 139.U.V 139.N.c,2.0 1.5 1.75 1.3 0.8,dahon,0.0,2208.0
4858,leaf,TAGBANUA ABORLAN,daʔun,d a ʔ u n,1 7 1 7 4,AXBYN,TAHYN,140.0,140.T.C 140.A.V 140.H.C 140.Y.V 140.N.c,2.0 1.5 1.75 1.3 0.8,daʔun,0.0,2208.0
4898,leaf,TAGBANWA ABORLAN,daʔun,d a ʔ u n,1 7 1 7 4,AXBYN,TAHYN,141.0,141.T.C 141.A.V 141.H.C 141.Y.V 141.N.c,2.0 1.5 1.75 1.3 0.8,daʔun,0.0,2208.0
4938,leaf,TAGBANWA KALAMIAN,kəlad,k ə l a d,1 7 5 7 1,AXBYN,KELAT,142.0,142.K.C 142.E.V 142.L.C 142.A.V 142.T.c,2.0 1.5 1.75 1.3 0.8,kəlad,0.0,2321.0
4978,leaf,TALAANDIG BINUKID,dahon,d a h o n,1 7 3 7 4,AXBYN,TAHUN,143.0,143.T.C 143.A.V 143.H.C 143.U.V 143.N.c,2.0 1.5 1.75 1.3 0.8,dahon,0.0,2208.0
5018,leaf,TAMBUNAN DUSUN,roun,r o u n,5 7 7 4,AXYN,RUYN,144.0,144.R.C 144.U.V 144.Y.V 144.N.c,2.0 1.5 1.3 0.8,roun,0.0,2211.0
5058,leaf,TAUSUG,dahun,d a h u n,1 7 3 7 4,AXBYN,TAHYN,145.0,145.T.C 145.A.V 145.H.C 145.Y.V 145.N.c,2.0 1.5 1.75 1.3 0.8,dahun,0.0,2208.0
5098,leaf,TAUT BATU,dəʔun,d ə ʔ u n,1 7 1 7 4,AXBYN,TEHYN,146.0,146.T.C 146.E.V 146.H.C 146.Y.V 146.N.c,2.0 1.5 1.75 1.3 0.8,dəʔun,0.0,2208.0
5138,leaf,TBOLI TAGABILI,doʔun,d o ʔ u n,1 7 1 7 4,AXBYN,TUHYN,147.0,147.T.C 147.U.V 147.H.C 147.Y.V 147.N.c,2.0 1.5 1.75 1.3 0.8,doʔun,0.0,2208.0
5178,leaf,TIMUGON MURUT,daun,d a u n,1 7 7 4,AXYN,TAYN,148.0,148.T.C 148.A.V 148.Y.V 148.N.c,2.0 1.5 1.3 0.8,daun,0.0,2208.0
5218,leaf,TIRURAY,daʔun,d a ʔ u n,1 7 1 7 4,AXBYN,TAHYN,149.0,149.T.C 149.A.V 149.H.C 149.Y.V 149.N.c,2.0 1.5 1.75 1.3 0.8,daʔun,0.0,2208.0
5258,leaf,TURKISH,jeprak,j e p r a k,6 7 1 5 7 1,AXBCYN,JEPRAK,150.0,150.J.C 150.E.V 150.P.C 150.R.C 150.A.V 150.K.c,2.0 1.5 1.75 1.5 1.3 0.8,jeprak,0.0,2329.0
5338,leaf,WARAY WARAY,dahon,d a h o n,1 7 3 7 4,AXBYN,TAHUN,152.0,152.T.C 152.A.V 152.H.C 152.U.V 152.N.c,2.0 1.5 1.75 1.3 0.8,dahon,0.0,2208.0
5378,leaf,YAKAN,dawen,d a w e n,1 7 6 7 4,AXBYN,TAWEN,153.0,153.T.C 153.A.V 153.W.C 153.E.V 153.N.c,2.0 1.5 1.75 1.3 0.8,dawen,0.0,2208.0
5418,leaf,YOGAD,don,d o n,1 7 4,AXN,TUN,154.0,154.T.C 154.U.V 154.N.c,2.0 1.5 0.8,don,0.0,2332.0
5498,leaf,IMOROD,vohoŋ,v o h o ŋ,3 7 3 7 4,AXBYN,BUHUN,52.0,52.B.C 52.U.V 52.H.C 52.U.V 52.N.c,2.0 1.5 1.75 1.3 0.8,vohoŋ,0.0,2189.0
5538,leaf,BABUYAN,bohoŋ,b o h o ŋ,1 7 3 7 4,AXBYN,PUHUN,4.0,4.P.C 4.U.V 4.H.C 4.U.V 4.N.c,2.0 1.5 1.75 1.3 0.8,bohoŋ,0.0,2189.0
5578,leaf,BISAYA SABAH,dun,d u n,1 7 4,AXN,TYN,13.0,13.T.C 13.Y.V 13.N.c,2.0 1.5 0.8,dun,0.0,2186.0
5618,leaf,FINALLIG,tofo,t o f o,1 7 3 7,AXBZ,TUBU,36.0,36.T.C 36.U.V 36.B.C 36.U.V,2.0 1.5 1.75 0.8,tofo,0.0,2190.0
5658,leaf,HILIGAYNON,dahon,d a h o n,1 7 3 7 4,AXBYN,TAHUN,42.0,42.T.C 42.A.V 42.H.C 42.U.V 42.N.c,2.0 1.5 1.75 1.3 0.8,dahon,0.0,2208.0
5698,leaf,INABAKNON,dahon,d a h o n,1 7 3 7 4,AXBYN,TAHUN,53.0,53.T.C 53.A.V 53.H.C 53.U.V 53.N.c,2.0 1.5 1.75 1.3 0.8,dahon,0.0,2208.0
5738,leaf,IRARALAY IVATAN,vohoŋ,v o h o ŋ,3 7 3 7 4,AXBYN,BUHUN,56.0,56.B.C 56.U.V 56.H.C 56.U.V 56.N.c,2.0 1.5 1.75 1.3 0.8,vohoŋ,0.0,2189.0
5778,leaf,ISAMORONG IVATAN,vohoŋ,v o h o ŋ,3 7 3 7 4,AXBYN,BUHUN,58.0,58.B.C 58.U.V 58.H.C 58.U.V 58.N.c,2.0 1.5 1.75 1.3 0.8,vohoŋ,0.0,2189.0
5818,leaf,IVASAY IVATAN,vohoŋ,v o h o ŋ,3 7 3 7 4,AXBYN,BUHUN,64.0,64.B.C 64.U.V 64.H.C 64.U.V 64.N.c,2.0 1.5 1.75 1.3 0.8,vohoŋ,0.0,2189.0
5858,leaf,KANKANAEY,tobo,t o b o,1 7 1 7,AXBZ,TUPU,74.0,74.T.C 74.U.V 74.P.C 74.U.V,2.0 1.5 1.75 0.8,tobo,0.0,2190.0
5898,leaf,LIMOS KALINGA,tubu,t u b u,1 7 1 7,AXBZ,TYPY,81.0,81.T.C 81.Y.V 81.P.C 81.Y.V,2.0 1.5 1.75 0.8,tubu,0.0,2190.0
6098,leaf,PROTO SOUTHERN MINDANAO,daʔun,d a ʔ u n,1 7 1 7 4,AXBYN,TAHYN,116.0,116.T.C 116.A.V 116.H.C 116.Y.V 116.N.c,2.0 1.5 1.75 1.3 0.8,daʔun,0.0,2208.0
6138,leaf,SINAUNA,hajin,h a j i n,3 7 6 7 4,AXBYN,HAJIN,126.0,126.H.C 126.A.V 126.J.C 126.I.V 126.N.c,2.0 1.5 1.75 1.3 0.8,hajin,0.0,2305.0
6178,leaf,SOUTHERN KALINGA,tufu,t u f u,1 7 3 7,AXBZ,TYBY,130.0,130.T.C 130.Y.V 130.B.C 130.Y.V,2.0 1.5 1.75 0.8,tufu,0.0,2190.0
19,liver,AGTA,ogol,o g o l,7 1 7 5,XBYN,UKUL,1.0,1.U.V 1.K.C 1.U.V 1.L.c,1.5 1.75 1.3 0.8,ogol,0.0,2333.0
59,liver,AKLANON,ataj,a t a j,7 1 7 6,XBYN,ATAJ,2.0,2.A.V 2.T.C 2.A.V 2.J.c,1.5 1.75 1.3 0.8,ataj,0.0,2338.0
99,liver,ATTA PAMPLONA,agal,a g a l,7 1 7 5,XBYN,AKAL,3.0,3.A.V 3.K.C 3.A.V 3.L.c,1.5 1.75 1.3 0.8,agal,0.0,2335.0
139,liver,BALANGAW,agtoj,a g t o j,7 1 1 7 6,XMBYN,AKTUJ,5.0,5.A.V 5.K.c 5.T.C 5.U.V 5.J.c,1.5 1.1 1.75 1.3 0.8,agtoj,0.0,2337.0
179,liver,BALANGINGI SAMA,ataj,a t a j,7 1 7 6,XBYN,ATAJ,6.0,6.A.V 6.T.C 6.A.V 6.J.c,1.5 1.75 1.3 0.8,ataj,0.0,2338.0
219,liver,BALANGINGI SAMA (1),ataj,a t a j,7 1 7 6,XBYN,ATAJ,7.0,7.A.V 7.T.C 7.A.V 7.J.c,1.5 1.75 1.3 0.8,ataj,0.0,2338.0
259,liver,BASQUE,gibel,g i b e l,1 7 1 7 5,AXBYN,KIPEL,8.0,8.K.C 8.I.V 8.P.C 8.E.V 8.L.c,2.0 1.5 1.75 1.3 0.8,gibel,0.0,2340.0
299,liver,BATAK PALAWAN,ataj,a t a j,7 1 7 6,XBYN,ATAJ,9.0,9.A.V 9.T.C 9.A.V 9.J.c,1.5 1.75 1.3 0.8,ataj,0.0,2338.0
339,liver,BILAAN KORONADAL,atoj,a t o j,7 1 7 6,XBYN,ATUJ,10.0,10.A.V 10.T.C 10.U.V 10.J.c,1.5 1.75 1.3 0.8,atoj,0.0,2342.0
379,liver,BILAAN SARANGANI,ataj,a t a j,7 1 7 6,XBYN,ATAJ,11.0,11.A.V 11.T.C 11.A.V 11.J.c,1.5 1.75 1.3 0.8,ataj,0.0,2343.0
419,liver,BINUKID,ataj,a t a j,7 1 7 6,XBYN,ATAJ,12.0,12.A.V 12.T.C 12.A.V 12.J.c,1.5 1.75 1.3 0.8,ataj,0.0,2338.0
459,liver,BONGGI,ati,a t i,7 1 7,XBZ,ATI,14.0,14.A.V 14.T.C 14.I.V,1.5 1.75 0.8,ati,0.0,2346.0
499,liver,BONTOC GUINAANG,agtəj,a g t ə j,7 1 1 7 6,XMBYN,AKTEJ,15.0,15.A.V 15.K.c 15.T.C 15.E.V 15.J.c,1.5 1.1 1.75 1.3 0.8,agtəj,0.0,2337.0
539,liver,BROOKES POINT PALAWAN,atəj,a t ə j,7 1 7 6,XBYN,ATEJ,16.0,16.A.V 16.T.C 16.E.V 16.J.c,1.5 1.75 1.3 0.8,atəj,0.0,2338.0
579,liver,BUHI,ʔataj,ʔ a t a j,1 7 1 7 6,AXBYN,HATAJ,17.0,17.H.C 17.A.V 17.T.C 17.A.V 17.J.c,2.0 1.5 1.75 1.3 0.8,ʔataj,0.0,2349.0
619,liver,BUHINON ALBAY BICOLANO,ataj,a t a j,7 1 7 6,XBYN,ATAJ,18.0,18.A.V 18.T.C 18.A.V 18.J.c,1.5 1.75 1.3 0.8,ataj,0.0,2350.0
659,liver,BUKIDNON BINUKID,ataj,a t a j,7 1 7 6,XBYN,ATAJ,19.0,19.A.V 19.T.C 19.A.V 19.J.c,1.5 1.75 1.3 0.8,ataj,0.0,2338.0
699,liver,BUTUANON,ataj,a t a j,7 1 7 6,XBYN,ATAJ,20.0,20.A.V 20.T.C 20.A.V 20.J.c,1.5 1.75 1.3 0.8,ataj,0.0,2338.0
739,liver,CAIJIA,sanka,s a n k a,3 7 4 1 7,AXMBZ,SANKA,21.0,21.S.C 21.A.V 21.N.c 21.K.C 21.A.V,2.0 1.5 1.1 1.75 0.8,sanka,0.0,2353.0
779,liver,CANIPAAN PALAWAN,atəj,a t ə j,7 1 7 6,XBYN,ATEJ,22.0,22.A.V 22.T.C 22.E.V 22.J.c,1.5 1.75 1.3 0.8,atəj,0.0,2338.0
859,liver,CEBUANO,ataj,a t a j,7 1 7 6,XBYN,ATAJ,24.0,24.A.V 24.T.C 24.A.V 24.J.c,1.5 1.75 1.3 0.8,ataj,0.0,2338.0
899,liver,CENTRAL BICOLANO,katoj,k a t o j,1 7 1 7 6,AXBYN,KATUJ,25.0,25.K.C 25.A.V 25.T.C 25.U.V 25.J.c,2.0 1.5 1.75 1.3 0.8,katoj,0.0,2356.0
939,liver,CENTRAL BONTOC,agtəj,a g t ə j,7 1 1 7 6,XMBYN,AKTEJ,26.0,26.A.V 26.K.c 26.T.C 26.E.V 26.J.c,1.5 1.1 1.75 1.3 0.8,agtəj,0.0,2337.0
979,liver,CENTRAL DUSUN,lusou,l u s o u,5 7 3 7 7,AXBYZ,LYSUY,27.0,27.L.C 27.Y.V 27.S.C 27.U.V 27.Y.V,2.0 1.5 1.75 1.3 0.8,lusou,0.0,2358.0
1019,liver,CENTRAL TAGBANWA,kandat,k a n d a t,1 7 4 1 7 1,AXMBYN,KANTAT,28.0,28.K.C 28.A.V 28.N.c 28.T.C 28.A.V 28.T.c,2.0 1.5 1.1 1.75 1.3 0.8,kandat,0.0,2359.0
1059,liver,CUYONON,ataj,a t a j,7 1 7 6,XBYN,ATAJ,29.0,29.A.V 29.T.C 29.A.V 29.J.c,1.5 1.75 1.3 0.8,ataj,0.0,2360.0
1099,liver,DARAGA,ʔataj,ʔ a t a j,1 7 1 7 6,AXBYN,HATAJ,30.0,30.H.C 30.A.V 30.T.C 30.A.V 30.J.c,2.0 1.5 1.75 1.3 0.8,ʔataj,0.0,2349.0
1139,liver,DUMAGAT CASIGURAN,agteʔ,a g t e ʔ,7 1 1 7 1,XMBYN,AKTEH,31.0,31.A.V 31.K.c 31.T.C 31.E.V 31.H.c,1.5 1.1 1.75 1.3 0.8,agteʔ,0.0,2362.0
1179,liver,DUPANINGAN AGTA,agtaj,a g t a j,7 1 1 7 6,XMBYN,AKTAJ,32.0,32.A.V 32.K.c 32.T.C 32.A.V 32.J.c,1.5 1.1 1.75 1.3 0.8,agtaj,0.0,2363.0
1219,liver,ENGLISH,livər,l i v ə r,5 7 3 7 5,AXBYN,LIBER,33.0,33.L.C 33.I.V 33.B.C 33.E.V 33.R.c,2.0 1.5 1.75 1.3 0.8,livər,0.0,2364.0
1259,liver,ESKAYAN,was,w a s,6 7 3,AXN,WAS,34.0,34.W.C 34.A.V 34.S.c,2.0 1.5 0.8,was,0.0,2365.0
1299,liver,ESTONIAN,maks,m a ks,4 7 1,AXN,MAK,35.0,35.M.C 35.A.V 35.K.c,2.0 1.5 0.8,maks,0.0,2366.0
1339,liver,FINNISH,maksa,m a ks a,4 7 1 7,AXBZ,MAKA,37.0,37.M.C 37.A.V 37.K.C 37.A.V,2.0 1.5 1.75 0.8,maksa,0.0,2366.0
1379,liver,FUZHOU CHINESE,kaŋ,k a ŋ,1 7 4,AXN,KAN,38.0,38.K.C 38.A.V 38.N.c,2.0 1.5 0.8,kaŋ,0.0,2369.0
1419,liver,GADDANG,al,a l,7 5,XN,AL,39.0,39.A.V 39.L.c,1.5 0.8,al,0.0,2370.0
1459,liver,HANUNOO,ataj,a t a j,7 1 7 6,XBYN,ATAJ,40.0,40.A.V 40.T.C 40.A.V 40.J.c,1.5 1.75 1.3 0.8,ataj,0.0,2338.0
1499,liver,HIGAONON BINUKID,ataj,a t a j,7 1 7 6,XBYN,ATAJ,41.0,41.A.V 41.T.C 41.A.V 41.J.c,1.5 1.75 1.3 0.8,ataj,0.0,2338.0
1539,liver,HUNGARIAN,madʒ,m a dʒ,4 7 1,AXN,MAT,43.0,43.M.C 43.A.V 43.T.c,2.0 1.5 0.8,madʒ,0.0,2374.0
1579,liver,IBALOI,altej,a l t e j,7 5 1 7 6,XMBYN,ALTEJ,44.0,44.A.V 44.L.c 44.T.C 44.E.V 44.J.c,1.5 1.1 1.75 1.3 0.8,altej,0.0,2375.0
1619,liver,IBANAG,agal,a g a l,7 1 7 5,XBYN,AKAL,45.0,45.A.V 45.K.C 45.A.V 45.L.c,1.5 1.75 1.3 0.8,agal,0.0,2376.0
1659,liver,IDAAN,ataj,a t a j,7 1 7 6,XBYN,ATAJ,46.0,46.A.V 46.T.C 46.A.V 46.J.c,1.5 1.75 1.3 0.8,ataj,0.0,2338.0
1699,liver,IFUGAO AMGANAD,alte,a l t e,7 5 1 7,XMBZ,ALTE,47.0,47.A.V 47.L.c 47.T.C 47.E.V,1.5 1.1 1.75 0.8,alte,0.0,2378.0
1739,liver,IFUGAO BATAD,oltaj,o l t a j,7 5 1 7 6,XMBYN,ULTAJ,48.0,48.U.V 48.L.c 48.T.C 48.A.V 48.J.c,1.5 1.1 1.75 1.3 0.8,oltaj,0.0,2375.0
1779,liver,IFUGAO BAYNINAN,olte,o l t e,7 5 1 7,XMBZ,ULTE,49.0,49.U.V 49.L.c 49.T.C 49.E.V,1.5 1.1 1.75 0.8,olte,0.0,2378.0
1819,liver,ILOKANO,dalem,d a l e m,1 7 5 7 4,AXBYN,TALEM,50.0,50.T.C 50.A.V 50.L.C 50.E.V 50.M.c,2.0 1.5 1.75 1.3 0.8,dalem,0.0,2381.0
1859,liver,ILONGOT KAKIDUGEN,agsi,a gs i,7 1 7,XBZ,AKI,51.0,51.A.V 51.K.C 51.I.V,1.5 1.75 0.8,agsi,0.0,2382.0
1899,liver,INIBALOI,altəj,a l t ə j,7 5 1 7 6,XMBYN,ALTEJ,54.0,54.A.V 54.L.c 54.T.C 54.E.V 54.J.c,1.5 1.1 1.75 1.3 0.8,altəj,0.0,2375.0
1939,liver,IRANUN,atai,a t a i,7 1 7 7,XBYZ,ATAI,55.0,55.A.V 55.T.C 55.A.V 55.I.V,1.5 1.75 1.3 0.8,atai,0.0,2346.0
1979,liver,IRIGA,ʔataj,ʔ a t a j,1 7 1 7 6,AXBYN,HATAJ,57.0,57.H.C 57.A.V 57.T.C 57.A.V 57.J.c,2.0 1.5 1.75 1.3 0.8,ʔataj,0.0,2349.0
2019,liver,ISNAG,agtaj,a g t a j,7 1 1 7 6,XMBYN,AKTAJ,59.0,59.A.V 59.K.c 59.T.C 59.A.V 59.J.c,1.5 1.1 1.75 1.3 0.8,agtaj,0.0,2338.0
2059,liver,ISNEG,agtaj,a g t a j,7 1 1 7 6,XMBYN,AKTAJ,60.0,60.A.V 60.K.c 60.T.C 60.A.V 60.J.c,1.5 1.1 1.75 1.3 0.8,agtaj,0.0,2391.0
2099,liver,ITAWIT,EgEl,æ g æ l,7 1 7 5,XBYN,EKEL,61.0,61.E.V 61.K.C 61.E.V 61.L.c,1.5 1.75 1.3 0.8,ægæl,0.0,2392.0
2139,liver,ITBAYATEN BATANES ISLANDS,ataj,a t a j,7 1 7 6,XBYN,ATAJ,62.0,62.A.V 62.T.C 62.A.V 62.J.c,1.5 1.75 1.3 0.8,ataj,0.0,2338.0
2179,liver,ITNEG BINONGAN,agtəj,a g t ə j,7 1 1 7 6,XMBYN,AKTEJ,63.0,63.A.V 63.K.c 63.T.C 63.E.V 63.J.c,1.5 1.1 1.75 1.3 0.8,agtəj,0.0,2337.0
2219,liver,IVATAN BATANES ISLANDS,ataj,a t a j,7 1 7 6,XBYN,ATAJ,65.0,65.A.V 65.T.C 65.A.V 65.J.c,1.5 1.75 1.3 0.8,ataj,0.0,2338.0
2299,liver,KADAZAN,toŋkovizau,t o ŋ k o v i z a u,1 7 4 1 7 3 7 3 7 7,AXMBYBYBYZ,TUNKUBISAY,67.0,67.T.C 67.U.V 67.N.c 67.K.C 67.U.V 67.B.C 67.I.V 67.S.C 67.A.V 67.Y.V,2.0 1.5 1.1 1.75 1.3 1.75 1.3 1.75 1.3 0.8,toŋkovizau,0.0,2397.0
2339,liver,KAGAYANEN,ataj,a t a j,7 1 7 6,XBYN,ATAJ,68.0,68.A.V 68.T.C 68.A.V 68.J.c,1.5 1.75 1.3 0.8,ataj,0.0,2338.0
2379,liver,KALAGAN,ataj,a t a j,7 1 7 6,XBYN,ATAJ,69.0,69.A.V 69.T.C 69.A.V 69.J.c,1.5 1.75 1.3 0.8,ataj,0.0,2349.0
2419,liver,KALINGA GUINAANG,agtoj,a g t o j,7 1 1 7 6,XMBYN,AKTUJ,70.0,70.A.V 70.K.c 70.T.C 70.U.V 70.J.c,1.5 1.1 1.75 1.3 0.8,agtoj,0.0,2337.0
2459,liver,KALINGA LIMOS,agtoj,a g t o j,7 1 1 7 6,XMBYN,AKTUJ,71.0,71.A.V 71.K.c 71.T.C 71.U.V 71.J.c,1.5 1.1 1.75 1.3 0.8,agtoj,0.0,2337.0
2499,liver,KALLAHAN KAYAPA PROPER,altəj,a l t ə j,7 5 1 7 6,XMBYN,ALTEJ,72.0,72.A.V 72.L.c 72.T.C 72.E.V 72.J.c,1.5 1.1 1.75 1.3 0.8,altəj,0.0,2375.0
2539,liver,KALLAHAN KELEYQIQ IFUGAO,altej,a l t e j,7 5 1 7 6,XMBYN,ALTEJ,73.0,73.A.V 73.L.c 73.T.C 73.E.V 73.J.c,1.5 1.1 1.75 1.3 0.8,altej,0.0,2375.0
2579,liver,KANKANAY NORTHERN,atəj,a t ə j,7 1 7 6,XBYN,ATEJ,75.0,75.A.V 75.T.C 75.E.V 75.J.c,1.5 1.75 1.3 0.8,atəj,0.0,2338.0
2619,liver,KAPAMPANGAN,ate,a t e,7 1 7,XBZ,ATE,76.0,76.A.V 76.T.C 76.E.V,1.5 1.75 0.8,ate,0.0,2346.0
2659,liver,KINARAY A,ataj,a t a j,7 1 7 6,XBYN,ATAJ,77.0,77.A.V 77.T.C 77.A.V 77.J.c,1.5 1.75 1.3 0.8,ataj,0.0,2349.0
2699,liver,KOREAN,kan,k a n,1 7 4,AXN,KAN,78.0,78.K.C 78.A.V 78.N.c,2.0 1.5 0.8,kan,0.0,2369.0
2739,liver,LEGAZPI,katuj,k a t u j,1 7 1 7 6,AXBYN,KATYJ,79.0,79.K.C 79.A.V 79.T.C 79.Y.V 79.J.c,2.0 1.5 1.75 1.3 0.8,katuj,0.0,2356.0
2779,liver,LIBON,ʔataj,ʔ a t a j,1 7 1 7 6,AXBYN,HATAJ,80.0,80.H.C 80.A.V 80.T.C 80.A.V 80.J.c,2.0 1.5 1.75 1.3 0.8,ʔataj,0.0,2349.0
2819,liver,LIVE,maksa,m a ks a,4 7 1 7,AXBZ,MAKA,82.0,82.M.C 82.A.V 82.K.C 82.A.V,2.0 1.5 1.75 0.8,maksa,0.0,2366.0
2859,liver,MAGUINDANAO,ataj,a t a j,7 1 7 6,XBYN,ATAJ,83.0,83.A.V 83.T.C 83.A.V 83.J.c,1.5 1.75 1.3 0.8,ataj,0.0,2338.0
2899,liver,MAMANWA,pato,p a t o,1 7 1 7,AXBZ,PATU,84.0,84.P.C 84.A.V 84.T.C 84.U.V,2.0 1.5 1.75 0.8,pato,0.0,2414.0
2939,liver,MANOBO ATA,atoj,a t o j,7 1 7 6,XBYN,ATUJ,88.0,88.A.V 88.T.C 88.U.V 88.J.c,1.5 1.75 1.3 0.8,atoj,0.0,2338.0
2979,liver,MANOBO DIBABAWON,atəj,a t ə j,7 1 7 6,XBYN,ATEJ,89.0,89.A.V 89.T.C 89.E.V 89.J.c,1.5 1.75 1.3 0.8,atəj,0.0,2419.0
3019,liver,MANOBO ILIANEN,atəj,a t ə j,7 1 7 6,XBYN,ATEJ,90.0,90.A.V 90.T.C 90.E.V 90.J.c,1.5 1.75 1.3 0.8,atəj,0.0,2338.0
3059,liver,MANOBO KALAMANSIG COTABATO,ataj,a t a j,7 1 7 6,XBYN,ATAJ,91.0,91.A.V 91.T.C 91.A.V 91.J.c,1.5 1.75 1.3 0.8,ataj,0.0,2338.0
3099,liver,MANOBO SARANGANI,ataj,a t a j,7 1 7 6,XBYN,ATAJ,92.0,92.A.V 92.T.C 92.A.V 92.J.c,1.5 1.75 1.3 0.8,ataj,0.0,2338.0
3139,liver,MANOBO TIGWA,atəj,a t ə j,7 1 7 6,XBYN,ATEJ,93.0,93.A.V 93.T.C 93.E.V 93.J.c,1.5 1.75 1.3 0.8,atəj,0.0,2338.0
3179,liver,MANOBO WESTERN BUKIDNON,atəj,a t ə j,7 1 7 6,XBYN,ATEJ,94.0,94.A.V 94.T.C 94.E.V 94.J.c,1.5 1.75 1.3 0.8,atəj,0.0,2338.0
3219,liver,MANSAKA,ataj,a t a j,7 1 7 6,XBYN,ATAJ,95.0,95.A.V 95.T.C 95.A.V 95.J.c,1.5 1.75 1.3 0.8,ataj,0.0,2349.0
3259,liver,MAPUN,ataj,a t a j,7 1 7 6,XBYN,ATAJ,97.0,97.A.V 97.T.C 97.A.V 97.J.c,1.5 1.75 1.3 0.8,ataj,0.0,2427.0
3299,liver,MARANAO,ataj,a t a j,7 1 7 6,XBYN,ATAJ,98.0,98.A.V 98.T.C 98.A.V 98.J.c,1.5 1.75 1.3 0.8,ataj,0.0,2338.0
3339,liver,MARINDUQUE TAGALOG,ʔataj,ʔ a t a j,1 7 1 7 6,AXBYN,HATAJ,99.0,99.H.C 99.A.V 99.T.C 99.A.V 99.J.c,2.0 1.5 1.75 1.3 0.8,ʔataj,0.0,2338.0
3379,liver,MASBATENYO,ataj,a t a j,7 1 7 6,XBYN,ATAJ,100.0,100.A.V 100.T.C 100.A.V 100.J.c,1.5 1.75 1.3 0.8,ataj,0.0,2338.0
3419,liver,MINANGALI LOWER TANUDAN KALINGA,agtoj,a g t o j,7 1 1 7 6,XMBYN,AKTUJ,101.0,101.A.V 101.K.c 101.T.C 101.U.V 101.J.c,1.5 1.1 1.75 1.3 0.8,agtoj,0.0,2337.0
3459,liver,MOKSHA,maksa,m a ks a,4 7 1 7,AXBZ,MAKA,102.0,102.M.C 102.A.V 102.K.C 102.A.V,2.0 1.5 1.75 0.8,maksa,0.0,2366.0
3499,liver,MOLBOG,atoj,a t o j,7 1 7 6,XBYN,ATUJ,103.0,103.A.V 103.T.C 103.U.V 103.J.c,1.5 1.75 1.3 0.8,atoj,0.0,2338.0
3539,liver,MOLBOG 2,atəj,a t ə j,7 1 7 6,XBYN,ATEJ,104.0,104.A.V 104.T.C 104.E.V 104.J.c,1.5 1.75 1.3 0.8,atəj,0.0,2338.0
3579,liver,MONGOLIAN,iLig,i l i g,7 5 7 1,XBYN,ILIK,105.0,105.I.V 105.L.C 105.I.V 105.K.c,1.5 1.75 1.3 0.8,ilig,0.0,2435.0
3619,liver,MORO MAGINDANAU,ataj limpa,a t a j # l i m p a,7 1 7 6 9 5 7 4 1 7,XBYN_AXMBZ,ATAJ_LIMPA,106.0,106.A.V 106.T.C 106.A.V 106.J.c 106._._ 106.L.C 106.I.V 106.M.c 106.P.C 106.A.V,1.5 1.75 1.3 0.8 0.0 2.0 1.5 1.1 1.75 0.8,ataj#limpa,0.0,2436.0
3659,liver,NAGA,katuj,k a t u j,1 7 1 7 6,AXBYN,KATYJ,107.0,107.K.C 107.A.V 107.T.C 107.Y.V 107.J.c,2.0 1.5 1.75 1.3 0.8,katuj,0.0,2356.0
3699,liver,NORTHERN CATANDUANES,ʔataj,ʔ a t a j,1 7 1 7 6,AXBYN,HATAJ,108.0,108.H.C 108.A.V 108.T.C 108.A.V 108.J.c,2.0 1.5 1.75 1.3 0.8,ʔataj,0.0,2349.0
3739,liver,NORTHERN SORSOGON,ʔataj,ʔ a t a j,1 7 1 7 6,AXBYN,HATAJ,109.0,109.H.C 109.A.V 109.T.C 109.A.V 109.J.c,2.0 1.5 1.75 1.3 0.8,ʔataj,0.0,2349.0
3779,liver,OAS,ʔataj,ʔ a t a j,1 7 1 7 6,AXBYN,HATAJ,110.0,110.H.C 110.A.V 110.T.C 110.A.V 110.J.c,2.0 1.5 1.75 1.3 0.8,ʔataj,0.0,2349.0
3819,liver,PALAWANO BATAK,ataj,a t a j,7 1 7 6,XBYN,ATAJ,111.0,111.A.V 111.T.C 111.A.V 111.J.c,1.5 1.75 1.3 0.8,ataj,0.0,2338.0
3859,liver,PANGASINAN,altej,a l t e j,7 5 1 7 6,XMBYN,ALTEJ,112.0,112.A.V 112.L.c 112.T.C 112.E.V 112.J.c,1.5 1.1 1.75 1.3 0.8,altej,0.0,2375.0
3899,liver,PANGUTARAN SAMA,ataj,a t a j,7 1 7 6,XBYN,ATAJ,113.0,113.A.V 113.T.C 113.A.V 113.J.c,1.5 1.75 1.3 0.8,ataj,0.0,2338.0
3939,liver,PANGUTARAN SAMA (1),ataj,a t a j,7 1 7 6,XBYN,ATAJ,114.0,114.A.V 114.T.C 114.A.V 114.J.c,1.5 1.75 1.3 0.8,ataj,0.0,2338.0
3979,liver,PROTO PALAWAN,ʔataj,ʔ a t a j,1 7 1 7 6,AXBYN,HATAJ,115.0,115.H.C 115.A.V 115.T.C 115.A.V 115.J.c,2.0 1.5 1.75 1.3 0.8,ʔataj,0.0,2338.0
4019,liver,QUEZON PALAWAN,atəj,a t ə j,7 1 7 6,XBYN,ATEJ,117.0,117.A.V 117.T.C 117.E.V 117.J.c,1.5 1.75 1.3 0.8,atəj,0.0,2338.0
4059,liver,ROMBLOMANON 1,ataj,a t a j,7 1 7 6,XBYN,ATAJ,118.0,118.A.V 118.T.C 118.A.V 118.J.c,1.5 1.75 1.3 0.8,ataj,0.0,2448.0
4099,liver,ROMBLOMANON 2,ʔataj,ʔ a t a j,1 7 1 7 6,AXBYN,HATAJ,119.0,119.H.C 119.A.V 119.T.C 119.A.V 119.J.c,2.0 1.5 1.75 1.3 0.8,ʔataj,0.0,2349.0
4139,liver,SAMAL,ataj,a t a j,7 1 7 6,XBYN,ATAJ,120.0,120.A.V 120.T.C 120.A.V 120.J.c,1.5 1.75 1.3 0.8,ataj,0.0,2450.0
4179,liver,SAMBAL BOTOLAN,agtaj,a g t a j,7 1 1 7 6,XMBYN,AKTAJ,121.0,121.A.V 121.K.c 121.T.C 121.A.V 121.J.c,1.5 1.1 1.75 1.3 0.8,agtaj,0.0,2391.0
4219,liver,SANGIL,ate,a t e,7 1 7,XBZ,ATE,122.0,122.A.V 122.T.C 122.E.V,1.5 1.75 0.8,ate,0.0,2346.0
4259,liver,SANGIL SARANGANI ISLANDS,ate,a t e,7 1 7,XBZ,ATE,123.0,123.A.V 123.T.C 123.E.V,1.5 1.75 0.8,ate,0.0,2346.0
4299,liver,SEDANG,kliam,k l i a m,1 5 7 7 4,ACXYN,KLIAM,124.0,124.K.C 124.L.C 124.I.V 124.A.V 124.M.c,2.0 1.5 1.5 1.3 0.8,kliam,0.0,2454.0
4339,liver,SIBUTU SOUTHERN SAMA,atej,a t e j,7 1 7 6,XBYN,ATEJ,125.0,125.A.V 125.T.C 125.E.V 125.J.c,1.5 1.75 1.3 0.8,atej,0.0,2338.0
4379,liver,SOGODNIN BORACAY,ataj,a t a j,7 1 7 6,XBYN,ATAJ,127.0,127.A.V 127.T.C 127.A.V 127.J.c,1.5 1.75 1.3 0.8,ataj,0.0,2457.0
4419,liver,SOUTH SAAMI,libriə,l i b r i ə,5 7 1 5 7 7,AXBCYZ,LIPRIE,128.0,128.L.C 128.I.V 128.P.C 128.R.C 128.I.V 128.E.V,2.0 1.5 1.75 1.5 1.3 0.8,libriə,0.0,2458.0
4459,liver,SOUTHERN CATANDUANES,katuj,k a t u j,1 7 1 7 6,AXBYN,KATYJ,129.0,129.K.C 129.A.V 129.T.C 129.Y.V 129.J.c,2.0 1.5 1.75 1.3 0.8,katuj,0.0,2356.0
4499,liver,SOUTHERN SORSOGON,ʔataj,ʔ a t a j,1 7 1 7 6,AXBYN,HATAJ,131.0,131.H.C 131.A.V 131.T.C 131.A.V 131.J.c,2.0 1.5 1.75 1.3 0.8,ʔataj,0.0,2349.0
4539,liver,SOUTHWEST PALAWANO,atej,a t e j,7 1 7 6,XBYN,ATEJ,132.0,132.A.V 132.T.C 132.E.V 132.J.c,1.5 1.75 1.3 0.8,atej,0.0,2338.0
4579,liver,SPANISH,igado,i g a d o,7 1 7 1 7,XBYBZ,IKATU,133.0,133.I.V 133.K.C 133.A.V 133.T.C 133.U.V,1.5 1.75 1.3 1.75 0.8,igado,0.0,2463.0
4619,liver,SUBANON SIOCON,gatoj,g a t o j,1 7 1 7 6,AXBYN,KATUJ,134.0,134.K.C 134.A.V 134.T.C 134.U.V 134.J.c,2.0 1.5 1.75 1.3 0.8,gatoj,0.0,2338.0
4659,liver,SUBANUN SINDANGAN,gataj,g a t a j,1 7 1 7 6,AXBYN,KATAJ,135.0,135.K.C 135.A.V 135.T.C 135.A.V 135.J.c,2.0 1.5 1.75 1.3 0.8,gataj,0.0,2338.0
4699,liver,SURIGAONON,ataj,a t a j,7 1 7 6,XBYN,ATAJ,136.0,136.A.V 136.T.C 136.A.V 136.J.c,1.5 1.75 1.3 0.8,ataj,0.0,2338.0
4779,liver,TAGABILI,kataj,k a t a j,1 7 1 7 6,AXBYN,KATAJ,138.0,138.K.C 138.A.V 138.T.C 138.A.V 138.J.c,2.0 1.5 1.75 1.3 0.8,kataj,0.0,2467.0
4819,liver,TAGALOG,ataj,a t a j,7 1 7 6,XBYN,ATAJ,139.0,139.A.V 139.T.C 139.A.V 139.J.c,1.5 1.75 1.3 0.8,ataj,0.0,2338.0
4859,liver,TAGBANUA ABORLAN,ʔataj,ʔ a t a j,1 7 1 7 6,AXBYN,HATAJ,140.0,140.H.C 140.A.V 140.T.C 140.A.V 140.J.c,2.0 1.5 1.75 1.3 0.8,ʔataj,0.0,2338.0
4899,liver,TAGBANWA ABORLAN,ataj,a t a j,7 1 7 6,XBYN,ATAJ,141.0,141.A.V 141.T.C 141.A.V 141.J.c,1.5 1.75 1.3 0.8,ataj,0.0,2338.0
4939,liver,TAGBANWA KALAMIAN,kandas,k a n d a s,1 7 4 1 7 3,AXMBYN,KANTAS,142.0,142.K.C 142.A.V 142.N.c 142.T.C 142.A.V 142.S.c,2.0 1.5 1.1 1.75 1.3 0.8,kandas,0.0,2359.0
4979,liver,TALAANDIG BINUKID,ataj,a t a j,7 1 7 6,XBYN,ATAJ,143.0,143.A.V 143.T.C 143.A.V 143.J.c,1.5 1.75 1.3 0.8,ataj,0.0,2338.0
5019,liver,TAMBUNAN DUSUN,tokowijau,t o k o w i j a u,1 7 1 7 6 7 6 7 7,AXBYBYBYZ,TUKUWIJAY,144.0,144.T.C 144.U.V 144.K.C 144.U.V 144.W.C 144.I.V 144.J.C 144.A.V 144.Y.V,2.0 1.5 1.75 1.3 1.75 1.3 1.75 1.3 0.8,tokowijau,0.0,2397.0
5059,liver,TAUSUG,ataj,a t a j,7 1 7 6,XBYN,ATAJ,145.0,145.A.V 145.T.C 145.A.V 145.J.c,1.5 1.75 1.3 0.8,ataj,0.0,2349.0
5099,liver,TAUT BATU,ʔatəj,ʔ a t ə j,1 7 1 7 6,AXBYN,HATEJ,146.0,146.H.C 146.A.V 146.T.C 146.E.V 146.J.c,2.0 1.5 1.75 1.3 0.8,ʔatəj,0.0,2338.0
5139,liver,TBOLI TAGABILI,kataj,k a t a j,1 7 1 7 6,AXBYN,KATAJ,147.0,147.K.C 147.A.V 147.T.C 147.A.V 147.J.c,2.0 1.5 1.75 1.3 0.8,kataj,0.0,2467.0
5179,liver,TIMUGON MURUT,aŋkajaw,a ŋ k a j a w,7 4 1 7 6 7 6,XMBYBYN,ANKAJAW,148.0,148.A.V 148.N.c 148.K.C 148.A.V 148.J.C 148.A.V 148.W.c,1.5 1.1 1.75 1.3 1.75 1.3 0.8,aŋkajaw,0.0,2477.0
5219,liver,TIRURAY,tagah,t a g a h,1 7 1 7 3,AXBYN,TAKAH,149.0,149.T.C 149.A.V 149.K.C 149.A.V 149.H.c,2.0 1.5 1.75 1.3 0.8,tagah,0.0,2478.0
5259,liver,TURKISH,karadʒijer,k a r a dʒ i j e r,1 7 5 7 1 7 6 7 5,AXBYBYBYN,KARATIJER,150.0,150.K.C 150.A.V 150.R.C 150.A.V 150.T.C 150.I.V 150.J.C 150.E.V 150.R.c,2.0 1.5 1.75 1.3 1.75 1.3 1.75 1.3 0.8,karadʒijer,0.0,2479.0
5299,liver,UGARITIC,kbd,k b d,1 1 1,ALN,KPT,151.0,151.K.C 151.P.c 151.T.c,2.0 1.1 0.8,kbd,0.0,2480.0
5339,liver,WARAY WARAY,ataj,a t a j,7 1 7 6,XBYN,ATAJ,152.0,152.A.V 152.T.C 152.A.V 152.J.c,1.5 1.75 1.3 0.8,ataj,0.0,2338.0
5379,liver,YAKAN,buaʔ,b u a ʔ,1 7 7 1,AXYN,PYAH,153.0,153.P.C 153.Y.V 153.A.V 153.H.c,2.0 1.5 1.3 0.8,buaʔ,0.0,2482.0
5419,liver,YOGAD,agal,a g a l,7 1 7 5,XBYN,AKAL,154.0,154.A.V 154.K.C 154.A.V 154.L.c,1.5 1.75 1.3 0.8,agal,0.0,2483.0
5499,liver,IMOROD,ataj,a t a j,7 1 7 6,XBYN,ATAJ,52.0,52.A.V 52.T.C 52.A.V 52.J.c,1.5 1.75 1.3 0.8,ataj,0.0,2338.0
5539,liver,BABUYAN,ataji,a t a j i,7 1 7 6 7,XBYBZ,ATAJI,4.0,4.A.V 4.T.C 4.A.V 4.J.C 4.I.V,1.5 1.75 1.3 1.75 0.8,ataji,0.0,2336.0
5579,liver,BISAYA SABAH,lakaiau,l a k a i a u,5 7 1 7 7 7 7,AXBYYYZ,LAKAIAY,13.0,13.L.C 13.A.V 13.K.C 13.A.V 13.I.V 13.A.V 13.Y.V,2.0 1.5 1.75 1.3 1.3 1.3 0.8,lakaiau,0.0,2345.0
5619,liver,FINALLIG,agtoj,a g t o j,7 1 1 7 6,XMBYN,AKTUJ,36.0,36.A.V 36.K.c 36.T.C 36.U.V 36.J.c,1.5 1.1 1.75 1.3 0.8,agtoj,0.0,2367.0
5659,liver,HILIGAYNON,ataj,a t a j,7 1 7 6,XBYN,ATAJ,42.0,42.A.V 42.T.C 42.A.V 42.J.c,1.5 1.75 1.3 0.8,ataj,0.0,2338.0
5699,liver,INABAKNON,ataj,a t a j,7 1 7 6,XBYN,ATAJ,53.0,53.A.V 53.T.C 53.A.V 53.J.c,1.5 1.75 1.3 0.8,ataj,0.0,2338.0
5739,liver,IRARALAY IVATAN,ataji,a t a j i,7 1 7 6 7,XBYBZ,ATAJI,56.0,56.A.V 56.T.C 56.A.V 56.J.C 56.I.V,1.5 1.75 1.3 1.75 0.8,ataji,0.0,2336.0
5779,liver,ISAMORONG IVATAN,ataj,a t a j,7 1 7 6,XBYN,ATAJ,58.0,58.A.V 58.T.C 58.A.V 58.J.c,1.5 1.75 1.3 0.8,ataj,0.0,2338.0
5819,liver,IVASAY IVATAN,ataj,a t a j,7 1 7 6,XBYN,ATAJ,64.0,64.A.V 64.T.C 64.A.V 64.J.c,1.5 1.75 1.3 0.8,ataj,0.0,2338.0
5859,liver,KANKANAEY,atej,a t e j,7 1 7 6,XBYN,ATEJ,74.0,74.A.V 74.T.C 74.E.V 74.J.c,1.5 1.75 1.3 0.8,atej,0.0,2338.0
5899,liver,LIMOS KALINGA,agtoj,a g t o j,7 1 1 7 6,XMBYN,AKTUJ,81.0,81.A.V 81.K.c 81.T.C 81.U.V 81.J.c,1.5 1.1 1.75 1.3 0.8,agtoj,0.0,2367.0
5939,liver,MANDAYAN BOSO,ataj,a t a j,7 1 7 6,XBYN,ATAJ,85.0,85.A.V 85.T.C 85.A.V 85.J.c,1.5 1.75 1.3 0.8,ataj,0.0,2349.0
5979,liver,MANDAYAN CARAGA,ataj,a t a j,7 1 7 6,XBYN,ATAJ,86.0,86.A.V 86.T.C 86.A.V 86.J.c,1.5 1.75 1.3 0.8,ataj,0.0,2349.0
6019,liver,MANDAYAN ISLAM PISO,ataj,a t a j,7 1 7 6,XBYN,ATAJ,87.0,87.A.V 87.T.C 87.A.V 87.J.c,1.5 1.75 1.3 0.8,ataj,0.0,2349.0
6059,liver,MANSAKA 2,ataj,a t a j,7 1 7 6,XBYN,ATAJ,96.0,96.A.V 96.T.C 96.A.V 96.J.c,1.5 1.75 1.3 0.8,ataj,0.0,2349.0
6099,liver,PROTO SOUTHERN MINDANAO,ataj,a t a j,7 1 7 6,XBYN,ATAJ,116.0,116.A.V 116.T.C 116.A.V 116.J.c,1.5 1.75 1.3 0.8,ataj,0.0,2338.0
6139,liver,SINAUNA,ataj,a t a j,7 1 7 6,XBYN,ATAJ,126.0,126.A.V 126.T.C 126.A.V 126.J.c,1.5 1.75 1.3 0.8,ataj,0.0,2338.0
6179,liver,SOUTHERN KALINGA,agtoj,a g t o j,7 1 1 7 6,XMBYN,AKTUJ,130.0,130.A.V 130.K.c 130.T.C 130.U.V 130.J.c,1.5 1.1 1.75 1.3 0.8,agtoj,0.0,2367.0
20,louse,AGTA,kutu,k u t u,1 7 1 7,AXBZ,KYTY,1.0,1.K.C 1.Y.V 1.T.C 1.Y.V,2.0 1.5 1.75 0.8,kutu,0.0,2493.0
60,louse,AKLANON,kutuh,k u t u h,1 7 1 7 3,AXBYN,KYTYH,2.0,2.K.C 2.Y.V 2.T.C 2.Y.V 2.H.c,2.0 1.5 1.75 1.3 0.8,kutuh,0.0,2493.0
100,louse,ATTA PAMPLONA,kutu,k u t u,1 7 1 7,AXBZ,KYTY,3.0,3.K.C 3.Y.V 3.T.C 3.Y.V,2.0 1.5 1.75 0.8,kutu,0.0,2493.0
140,louse,BALANGAW,oto,o t o,7 1 7,XBZ,UTU,5.0,5.U.V 5.T.C 5.U.V,1.5 1.75 0.8,oto,0.0,2493.0
180,louse,BALANGINGI SAMA,kutu,k u t u,1 7 1 7,AXBZ,KYTY,6.0,6.K.C 6.Y.V 6.T.C 6.Y.V,2.0 1.5 1.75 0.8,kutu,0.0,2493.0
220,louse,BALANGINGI SAMA (1),kutu,k u t u,1 7 1 7,AXBZ,KYTY,7.0,7.K.C 7.Y.V 7.T.C 7.Y.V,2.0 1.5 1.75 0.8,kutu,0.0,2493.0
260,louse,BASQUE,zorri,z o rr i,3 7 5 7,AXBZ,SURI,8.0,8.S.C 8.U.V 8.R.C 8.I.V,2.0 1.5 1.75 0.8,zorri,0.0,2491.0
300,louse,BATAK PALAWAN,kutu,k u t u,1 7 1 7,AXBZ,KYTY,9.0,9.K.C 9.Y.V 9.T.C 9.Y.V,2.0 1.5 1.75 0.8,kutu,0.0,2493.0
340,louse,BILAAN KORONADAL,kutuʔ,k u t u ʔ,1 7 1 7 1,AXBYN,KYTYH,10.0,10.K.C 10.Y.V 10.T.C 10.Y.V 10.H.c,2.0 1.5 1.75 1.3 0.8,kutuʔ,0.0,2493.0
380,louse,BILAAN SARANGANI,kutu,k u t u,1 7 1 7,AXBZ,KYTY,11.0,11.K.C 11.Y.V 11.T.C 11.Y.V,2.0 1.5 1.75 0.8,kutu,0.0,2493.0
420,louse,BINUKID,tuma,t u m a,1 7 4 7,AXBZ,TYMA,12.0,12.T.C 12.Y.V 12.M.C 12.A.V,2.0 1.5 1.75 0.8,tuma,0.0,2495.0
500,louse,BONTOC GUINAANG,koto,k o t o,1 7 1 7,AXBZ,KUTU,15.0,15.K.C 15.U.V 15.T.C 15.U.V,2.0 1.5 1.75 0.8,koto,0.0,2493.0
540,louse,BROOKES POINT PALAWAN,kutu,k u t u,1 7 1 7,AXBZ,KYTY,16.0,16.K.C 16.Y.V 16.T.C 16.Y.V,2.0 1.5 1.75 0.8,kutu,0.0,2493.0
580,louse,BUHI,kutu,k u t u,1 7 1 7,AXBZ,KYTY,17.0,17.K.C 17.Y.V 17.T.C 17.Y.V,2.0 1.5 1.75 0.8,kutu,0.0,2493.0
620,louse,BUHINON ALBAY BICOLANO,koto,k o t o,1 7 1 7,AXBZ,KUTU,18.0,18.K.C 18.U.V 18.T.C 18.U.V,2.0 1.5 1.75 0.8,koto,0.0,2493.0
660,louse,BUKIDNON BINUKID,lisaʔ,l i s a ʔ,5 7 3 7 1,AXBYN,LISAH,19.0,19.L.C 19.I.V 19.S.C 19.A.V 19.H.c,2.0 1.5 1.75 1.3 0.8,lisaʔ,0.0,2500.0
700,louse,BUTUANON,kujamad,k u j a m a d,1 7 6 7 4 7 1,AXBYBYN,KYJAMAT,20.0,20.K.C 20.Y.V 20.J.C 20.A.V 20.M.C 20.A.V 20.T.c,2.0 1.5 1.75 1.3 1.75 1.3 0.8,kujamad,0.0,2501.0
740,louse,CAIJIA,sei,s e i,3 7 7,AXZ,SEI,21.0,21.S.C 21.E.V 21.I.V,2.0 1.5 0.8,sei,0.0,2502.0
780,louse,CANIPAAN PALAWAN,kutu,k u t u,1 7 1 7,AXBZ,KYTY,22.0,22.K.C 22.Y.V 22.T.C 22.Y.V,2.0 1.5 1.75 0.8,kutu,0.0,2493.0
860,louse,CEBUANO,kutu,k u t u,1 7 1 7,AXBZ,KYTY,24.0,24.K.C 24.Y.V 24.T.C 24.Y.V,2.0 1.5 1.75 0.8,kutu,0.0,2493.0
900,louse,CENTRAL BICOLANO,kuto,k u t o,1 7 1 7,AXBZ,KYTU,25.0,25.K.C 25.Y.V 25.T.C 25.U.V,2.0 1.5 1.75 0.8,kuto,0.0,2493.0
940,louse,CENTRAL BONTOC,kutu,k u t u,1 7 1 7,AXBZ,KYTY,26.0,26.K.C 26.Y.V 26.T.C 26.Y.V,2.0 1.5 1.75 0.8,kutu,0.0,2493.0
980,louse,CENTRAL DUSUN,kutu,k u t u,1 7 1 7,AXBZ,KYTY,27.0,27.K.C 27.Y.V 27.T.C 27.Y.V,2.0 1.5 1.75 0.8,kutu,0.0,2493.0
1020,louse,CENTRAL TAGBANWA,kajamad,k a j a m a d,1 7 6 7 4 7 1,AXBYBYN,KAJAMAT,28.0,28.K.C 28.A.V 28.J.C 28.A.V 28.M.C 28.A.V 28.T.c,2.0 1.5 1.75 1.3 1.75 1.3 0.8,kajamad,0.0,2501.0
1060,louse,CUYONON,kutoʔ,k u t o ʔ,1 7 1 7 1,AXBYN,KYTUH,29.0,29.K.C 29.Y.V 29.T.C 29.U.V 29.H.c,2.0 1.5 1.75 1.3 0.8,kutoʔ,0.0,2493.0
1100,louse,DARAGA,kutu,k u t u,1 7 1 7,AXBZ,KYTY,30.0,30.K.C 30.Y.V 30.T.C 30.Y.V,2.0 1.5 1.75 0.8,kutu,0.0,2493.0
1140,louse,DUMAGAT CASIGURAN,kutoʔ,k u t o ʔ,1 7 1 7 1,AXBYN,KYTUH,31.0,31.K.C 31.Y.V 31.T.C 31.U.V 31.H.c,2.0 1.5 1.75 1.3 0.8,kutoʔ,0.0,2493.0
1180,louse,DUPANINGAN AGTA,kutuʔ,k u t u ʔ,1 7 1 7 1,AXBYN,KYTYH,32.0,32.K.C 32.Y.V 32.T.C 32.Y.V 32.H.c,2.0 1.5 1.75 1.3 0.8,kutuʔ,0.0,2493.0
1220,louse,ENGLISH,laus,l a u s,5 7 7 3,AXYN,LAYS,33.0,33.L.C 33.A.V 33.Y.V 33.S.c,2.0 1.5 1.3 0.8,laus,0.0,2513.0
1260,louse,ESKAYAN,hoko,h o k o,3 7 1 7,AXBZ,HUKU,34.0,34.H.C 34.U.V 34.K.C 34.U.V,2.0 1.5 1.75 0.8,hoko,0.0,2514.0
1300,louse,ESTONIAN,tai,t a i,1 7 7,AXZ,TAI,35.0,35.T.C 35.A.V 35.I.V,2.0 1.5 0.8,tai,0.0,2515.0
1340,louse,FINNISH,tEi,t æ i,1 7 7,AXZ,TEI,37.0,37.T.C 37.E.V 37.I.V,2.0 1.5 0.8,tæi,0.0,2515.0
1380,louse,FUZHOU CHINESE,8aikmo,a i k m o,7 7 1 4 7,XYBCZ,AIKMU,38.0,38.A.V 38.I.V 38.K.C 38.M.C 38.U.V,1.5 1.3 1.75 1.5 0.8,aikmo,0.0,2518.0
1420,louse,GADDANG,kutu,k u t u,1 7 1 7,AXBZ,KYTY,39.0,39.K.C 39.Y.V 39.T.C 39.Y.V,2.0 1.5 1.75 0.8,kutu,0.0,2493.0
1460,louse,HANUNOO,kutu,k u t u,1 7 1 7,AXBZ,KYTY,40.0,40.K.C 40.Y.V 40.T.C 40.Y.V,2.0 1.5 1.75 0.8,kutu,0.0,2493.0
1500,louse,HIGAONON BINUKID,lisaʔ,l i s a ʔ,5 7 3 7 1,AXBYN,LISAH,41.0,41.L.C 41.I.V 41.S.C 41.A.V 41.H.c,2.0 1.5 1.75 1.3 0.8,lisaʔ,0.0,2500.0
1540,louse,HUNGARIAN,teti,t e t i,1 7 1 7,AXBZ,TETI,43.0,43.T.C 43.E.V 43.T.C 43.I.V,2.0 1.5 1.75 0.8,teti,0.0,2522.0
1620,louse,IBANAG,lita,l i t a,5 7 1 7,AXBZ,LITA,45.0,45.L.C 45.I.V 45.T.C 45.A.V,2.0 1.5 1.75 0.8,lita,0.0,2500.0
1660,louse,IDAAN,kutu,k u t u,1 7 1 7,AXBZ,KYTY,46.0,46.K.C 46.Y.V 46.T.C 46.Y.V,2.0 1.5 1.75 0.8,kutu,0.0,2493.0
1700,louse,IFUGAO AMGANAD,utu,u t u,7 1 7,XBZ,YTY,47.0,47.Y.V 47.T.C 47.Y.V,1.5 1.75 0.8,utu,0.0,2493.0
1740,louse,IFUGAO BATAD,utu,u t u,7 1 7,XBZ,YTY,48.0,48.Y.V 48.T.C 48.Y.V,1.5 1.75 0.8,utu,0.0,2493.0
1780,louse,IFUGAO BAYNINAN,utu,u t u,7 1 7,XBZ,YTY,49.0,49.Y.V 49.T.C 49.Y.V,1.5 1.75 0.8,utu,0.0,2493.0
1820,louse,ILOKANO,kuto,k u t o,1 7 1 7,AXBZ,KYTU,50.0,50.K.C 50.Y.V 50.T.C 50.U.V,2.0 1.5 1.75 0.8,kuto,0.0,2493.0
1860,louse,ILONGOT KAKIDUGEN,kutu,k u t u,1 7 1 7,AXBZ,KYTY,51.0,51.K.C 51.Y.V 51.T.C 51.Y.V,2.0 1.5 1.75 0.8,kutu,0.0,2493.0
1900,louse,INIBALOI,koto,k o t o,1 7 1 7,AXBZ,KUTU,54.0,54.K.C 54.U.V 54.T.C 54.U.V,2.0 1.5 1.75 0.8,koto,0.0,2493.0
1940,louse,IRANUN,kutu,k u t u,1 7 1 7,AXBZ,KYTY,55.0,55.K.C 55.Y.V 55.T.C 55.Y.V,2.0 1.5 1.75 0.8,kutu,0.0,2493.0
1980,louse,IRIGA,kutu,k u t u,1 7 1 7,AXBZ,KYTY,57.0,57.K.C 57.Y.V 57.T.C 57.Y.V,2.0 1.5 1.75 0.8,kutu,0.0,2493.0
2020,louse,ISNAG,kutu,k u t u,1 7 1 7,AXBZ,KYTY,59.0,59.K.C 59.Y.V 59.T.C 59.Y.V,2.0 1.5 1.75 0.8,kutu,0.0,2493.0
2060,louse,ISNEG,kutu,k u t u,1 7 1 7,AXBZ,KYTY,60.0,60.K.C 60.Y.V 60.T.C 60.Y.V,2.0 1.5 1.75 0.8,kutu,0.0,2493.0
2100,louse,ITAWIT,kutu,k u t u,1 7 1 7,AXBZ,KYTY,61.0,61.K.C 61.Y.V 61.T.C 61.Y.V,2.0 1.5 1.75 0.8,kutu,0.0,2493.0
2140,louse,ITBAYATEN BATANES ISLANDS,kutuʔ,k u t u ʔ,1 7 1 7 1,AXBYN,KYTYH,62.0,62.K.C 62.Y.V 62.T.C 62.Y.V 62.H.c,2.0 1.5 1.75 1.3 0.8,kutuʔ,0.0,2493.0
2180,louse,ITNEG BINONGAN,koto,k o t o,1 7 1 7,AXBZ,KUTU,63.0,63.K.C 63.U.V 63.T.C 63.U.V,2.0 1.5 1.75 0.8,koto,0.0,2493.0
2220,louse,IVATAN BATANES ISLANDS,kotoʔ,k o t o ʔ,1 7 1 7 1,AXBYN,KUTUH,65.0,65.K.C 65.U.V 65.T.C 65.U.V 65.H.c,2.0 1.5 1.75 1.3 0.8,kotoʔ,0.0,2493.0
2300,louse,KADAZAN,kutu,k u t u,1 7 1 7,AXBZ,KYTY,67.0,67.K.C 67.Y.V 67.T.C 67.Y.V,2.0 1.5 1.75 0.8,kutu,0.0,2493.0
2340,louse,KAGAYANEN,kutu,k u t u,1 7 1 7,AXBZ,KYTY,68.0,68.K.C 68.Y.V 68.T.C 68.Y.V,2.0 1.5 1.75 0.8,kutu,0.0,2493.0
2380,louse,KALAGAN,babəŋ,b a b ə ŋ,1 7 1 7 4,AXBYN,PAPEN,69.0,69.P.C 69.A.V 69.P.C 69.E.V 69.N.c,2.0 1.5 1.75 1.3 0.8,babəŋ,0.0,2545.0
2420,louse,KALINGA GUINAANG,utu,u t u,7 1 7,XBZ,YTY,70.0,70.Y.V 70.T.C 70.Y.V,1.5 1.75 0.8,utu,0.0,2493.0
2460,louse,KALINGA LIMOS,kutu,k u t u,1 7 1 7,AXBZ,KYTY,71.0,71.K.C 71.Y.V 71.T.C 71.Y.V,2.0 1.5 1.75 0.8,kutu,0.0,2493.0
2500,louse,KALLAHAN KAYAPA PROPER,kutu,k u t u,1 7 1 7,AXBZ,KYTY,72.0,72.K.C 72.Y.V 72.T.C 72.Y.V,2.0 1.5 1.75 0.8,kutu,0.0,2493.0
2540,louse,KALLAHAN KELEYQIQ IFUGAO,kutuʔ,k u t u ʔ,1 7 1 7 1,AXBYN,KYTYH,73.0,73.K.C 73.Y.V 73.T.C 73.Y.V 73.H.c,2.0 1.5 1.75 1.3 0.8,kutuʔ,0.0,2493.0
2580,louse,KANKANAY NORTHERN,koto,k o t o,1 7 1 7,AXBZ,KUTU,75.0,75.K.C 75.U.V 75.T.C 75.U.V,2.0 1.5 1.75 0.8,koto,0.0,2493.0
2620,louse,KAPAMPANGAN,kutu,k u t u,1 7 1 7,AXBZ,KYTY,76.0,76.K.C 76.Y.V 76.T.C 76.Y.V,2.0 1.5 1.75 0.8,kutu,0.0,2493.0
2700,louse,KOREAN,i,i,7,X,I,78.0,78.I.V,1.5,i,0.0,2553.0
2740,louse,LEGAZPI,kutu,k u t u,1 7 1 7,AXBZ,KYTY,79.0,79.K.C 79.Y.V 79.T.C 79.Y.V,2.0 1.5 1.75 0.8,kutu,0.0,2493.0
2780,louse,LIBON,kutu,k u t u,1 7 1 7,AXBZ,KYTY,80.0,80.K.C 80.Y.V 80.T.C 80.Y.V,2.0 1.5 1.75 0.8,kutu,0.0,2493.0
2860,louse,MAGUINDANAO,kutu,k u t u,1 7 1 7,AXBZ,KYTY,83.0,83.K.C 83.Y.V 83.T.C 83.Y.V,2.0 1.5 1.75 0.8,kutu,0.0,2493.0
2900,louse,MAMANWA,toma,t o m a,1 7 4 7,AXBZ,TUMA,84.0,84.T.C 84.U.V 84.M.C 84.A.V,2.0 1.5 1.75 0.8,toma,0.0,2495.0
2940,louse,MANOBO ATA,kutu,k u t u,1 7 1 7,AXBZ,KYTY,88.0,88.K.C 88.Y.V 88.T.C 88.Y.V,2.0 1.5 1.75 0.8,kutu,0.0,2493.0
2980,louse,MANOBO DIBABAWON,kutu,k u t u,1 7 1 7,AXBZ,KYTY,89.0,89.K.C 89.Y.V 89.T.C 89.Y.V,2.0 1.5 1.75 0.8,kutu,0.0,2493.0
3020,louse,MANOBO ILIANEN,kutu,k u t u,1 7 1 7,AXBZ,KYTY,90.0,90.K.C 90.Y.V 90.T.C 90.Y.V,2.0 1.5 1.75 0.8,kutu,0.0,2493.0
3060,louse,MANOBO KALAMANSIG COTABATO,kutu,k u t u,1 7 1 7,AXBZ,KYTY,91.0,91.K.C 91.Y.V 91.T.C 91.Y.V,2.0 1.5 1.75 0.8,kutu,0.0,2493.0
3100,louse,MANOBO SARANGANI,koto,k o t o,1 7 1 7,AXBZ,KUTU,92.0,92.K.C 92.U.V 92.T.C 92.U.V,2.0 1.5 1.75 0.8,koto,0.0,2493.0
3140,louse,MANOBO TIGWA,kutu,k u t u,1 7 1 7,AXBZ,KYTY,93.0,93.K.C 93.Y.V 93.T.C 93.Y.V,2.0 1.5 1.75 0.8,kutu,0.0,2493.0
3180,louse,MANOBO WESTERN BUKIDNON,kutuʔ,k u t u ʔ,1 7 1 7 1,AXBYN,KYTYH,94.0,94.K.C 94.Y.V 94.T.C 94.Y.V 94.H.c,2.0 1.5 1.75 1.3 0.8,kutuʔ,0.0,2493.0
3220,louse,MANSAKA,kutu,k u t u,1 7 1 7,AXBZ,KYTY,95.0,95.K.C 95.Y.V 95.T.C 95.Y.V,2.0 1.5 1.75 0.8,kutu,0.0,2493.0
3260,louse,MAPUN,kutu,k u t u,1 7 1 7,AXBZ,KYTY,97.0,97.K.C 97.Y.V 97.T.C 97.Y.V,2.0 1.5 1.75 0.8,kutu,0.0,2493.0
3300,louse,MARANAO,koto,k o t o,1 7 1 7,AXBZ,KUTU,98.0,98.K.C 98.U.V 98.T.C 98.U.V,2.0 1.5 1.75 0.8,koto,0.0,2493.0
3340,louse,MARINDUQUE TAGALOG,kutu,k u t u,1 7 1 7,AXBZ,KYTY,99.0,99.K.C 99.Y.V 99.T.C 99.Y.V,2.0 1.5 1.75 0.8,kutu,0.0,2493.0
3380,louse,MASBATENYO,kuto,k u t o,1 7 1 7,AXBZ,KYTU,100.0,100.K.C 100.Y.V 100.T.C 100.U.V,2.0 1.5 1.75 0.8,kuto,0.0,2493.0
3420,louse,MINANGALI LOWER TANUDAN KALINGA,kutu,k u t u,1 7 1 7,AXBZ,KYTY,101.0,101.K.C 101.Y.V 101.T.C 101.Y.V,2.0 1.5 1.75 0.8,kutu,0.0,2493.0
3460,louse,MOKSHA,sji,s j i,3 6 7,ACX,SJI,102.0,102.S.C 102.J.C 102.I.V,2.0 1.5 1.5,sji,0.0,2576.0
3500,louse,MOLBOG,kutu,k u t u,1 7 1 7,AXBZ,KYTY,103.0,103.K.C 103.Y.V 103.T.C 103.Y.V,2.0 1.5 1.75 0.8,kutu,0.0,2493.0
3540,louse,MOLBOG 2,kutu,k u t u,1 7 1 7,AXBZ,KYTY,104.0,104.K.C 104.Y.V 104.T.C 104.Y.V,2.0 1.5 1.75 0.8,kutu,0.0,2493.0
3580,louse,MONGOLIAN,pos,p o s,1 7 3,AXN,PUS,105.0,105.P.C 105.U.V 105.S.c,2.0 1.5 0.8,pos,0.0,2579.0
3660,louse,NAGA,kutu,k u t u,1 7 1 7,AXBZ,KYTY,107.0,107.K.C 107.Y.V 107.T.C 107.Y.V,2.0 1.5 1.75 0.8,kutu,0.0,2493.0
3700,louse,NORTHERN CATANDUANES,kutu,k u t u,1 7 1 7,AXBZ,KYTY,108.0,108.K.C 108.Y.V 108.T.C 108.Y.V,2.0 1.5 1.75 0.8,kutu,0.0,2493.0
3740,louse,NORTHERN SORSOGON,kutu,k u t u,1 7 1 7,AXBZ,KYTY,109.0,109.K.C 109.Y.V 109.T.C 109.Y.V,2.0 1.5 1.75 0.8,kutu,0.0,2493.0
3780,louse,OAS,kutu,k u t u,1 7 1 7,AXBZ,KYTY,110.0,110.K.C 110.Y.V 110.T.C 110.Y.V,2.0 1.5 1.75 0.8,kutu,0.0,2493.0
3820,louse,PALAWANO BATAK,kutu,k u t u,1 7 1 7,AXBZ,KYTY,111.0,111.K.C 111.Y.V 111.T.C 111.Y.V,2.0 1.5 1.75 0.8,kutu,0.0,2493.0
3860,louse,PANGASINAN,kuto,k u t o,1 7 1 7,AXBZ,KYTU,112.0,112.K.C 112.Y.V 112.T.C 112.U.V,2.0 1.5 1.75 0.8,kuto,0.0,2493.0
3900,louse,PANGUTARAN SAMA,kutu,k u t u,1 7 1 7,AXBZ,KYTY,113.0,113.K.C 113.Y.V 113.T.C 113.Y.V,2.0 1.5 1.75 0.8,kutu,0.0,2493.0
3940,louse,PANGUTARAN SAMA (1),kutu,k u t u,1 7 1 7,AXBZ,KYTY,114.0,114.K.C 114.Y.V 114.T.C 114.Y.V,2.0 1.5 1.75 0.8,kutu,0.0,2493.0
3980,louse,PROTO PALAWAN,kutu,k u t u,1 7 1 7,AXBZ,KYTY,115.0,115.K.C 115.Y.V 115.T.C 115.Y.V,2.0 1.5 1.75 0.8,kutu,0.0,2493.0
4020,louse,QUEZON PALAWAN,kutu,k u t u,1 7 1 7,AXBZ,KYTY,117.0,117.K.C 117.Y.V 117.T.C 117.Y.V,2.0 1.5 1.75 0.8,kutu,0.0,2493.0
4060,louse,ROMBLOMANON 1,koto,k o t o,1 7 1 7,AXBZ,KUTU,118.0,118.K.C 118.U.V 118.T.C 118.U.V,2.0 1.5 1.75 0.8,koto,0.0,2493.0
4100,louse,ROMBLOMANON 2,tuma,t u m a,1 7 4 7,AXBZ,TYMA,119.0,119.T.C 119.Y.V 119.M.C 119.A.V,2.0 1.5 1.75 0.8,tuma,0.0,2495.0
4140,louse,SAMAL,kutu,k u t u,1 7 1 7,AXBZ,KYTY,120.0,120.K.C 120.Y.V 120.T.C 120.Y.V,2.0 1.5 1.75 0.8,kutu,0.0,2493.0
4180,louse,SAMBAL BOTOLAN,koto,k o t o,1 7 1 7,AXBZ,KUTU,121.0,121.K.C 121.U.V 121.T.C 121.U.V,2.0 1.5 1.75 0.8,koto,0.0,2493.0
4220,louse,SANGIL,kutuʔ,k u t u ʔ,1 7 1 7 1,AXBYN,KYTYH,122.0,122.K.C 122.Y.V 122.T.C 122.Y.V 122.H.c,2.0 1.5 1.75 1.3 0.8,kutuʔ,0.0,2493.0
4260,louse,SANGIL SARANGANI ISLANDS,kutuʔ,k u t u ʔ,1 7 1 7 1,AXBYN,KYTYH,123.0,123.K.C 123.Y.V 123.T.C 123.Y.V 123.H.c,2.0 1.5 1.75 1.3 0.8,kutuʔ,0.0,2493.0
4300,louse,SEDANG,Sro,s r o,3 5 7,ACX,SRU,124.0,124.S.C 124.R.C 124.U.V,2.0 1.5 1.5,sro,0.0,2597.0
4340,louse,SIBUTU SOUTHERN SAMA,kutu,k u t u,1 7 1 7,AXBZ,KYTY,125.0,125.K.C 125.Y.V 125.T.C 125.Y.V,2.0 1.5 1.75 0.8,kutu,0.0,2493.0
4380,louse,SOGODNIN BORACAY,koto,k o t o,1 7 1 7,AXBZ,KUTU,127.0,127.K.C 127.U.V 127.T.C 127.U.V,2.0 1.5 1.75 0.8,koto,0.0,2493.0
4420,louse,SOUTH SAAMI,dikiə,d i k i ə,1 7 1 7 7,AXBYZ,TIKIE,128.0,128.T.C 128.I.V 128.K.C 128.I.V 128.E.V,2.0 1.5 1.75 1.3 0.8,dikiə,0.0,2601.0
4460,louse,SOUTHERN CATANDUANES,kutu,k u t u,1 7 1 7,AXBZ,KYTY,129.0,129.K.C 129.Y.V 129.T.C 129.Y.V,2.0 1.5 1.75 0.8,kutu,0.0,2493.0
4500,louse,SOUTHERN SORSOGON,kutu,k u t u,1 7 1 7,AXBZ,KYTY,131.0,131.K.C 131.Y.V 131.T.C 131.Y.V,2.0 1.5 1.75 0.8,kutu,0.0,2493.0
4540,louse,SOUTHWEST PALAWANO,kuto,k u t o,1 7 1 7,AXBZ,KYTU,132.0,132.K.C 132.Y.V 132.T.C 132.U.V,2.0 1.5 1.75 0.8,kuto,0.0,2493.0
4580,louse,SPANISH,pioho,p i o h o,1 7 7 3 7,AXYBZ,PIUHU,133.0,133.P.C 133.I.V 133.U.V 133.H.C 133.U.V,2.0 1.5 1.3 1.75 0.8,pioho,0.0,2606.0
4620,louse,SUBANON SIOCON,gotu,g o t u,1 7 1 7,AXBZ,KUTY,134.0,134.K.C 134.U.V 134.T.C 134.Y.V,2.0 1.5 1.75 0.8,gotu,0.0,2493.0
4660,louse,SUBANUN SINDANGAN,gutu,g u t u,1 7 1 7,AXBZ,KYTY,135.0,135.K.C 135.Y.V 135.T.C 135.Y.V,2.0 1.5 1.75 0.8,gutu,0.0,2493.0
4700,louse,SURIGAONON,kuto,k u t o,1 7 1 7,AXBZ,KYTU,136.0,136.K.C 136.Y.V 136.T.C 136.U.V,2.0 1.5 1.75 0.8,kuto,0.0,2493.0
4780,louse,TAGABILI,kutuh,k u t u h,1 7 1 7 3,AXBYN,KYTYH,138.0,138.K.C 138.Y.V 138.T.C 138.Y.V 138.H.c,2.0 1.5 1.75 1.3 0.8,kutuh,0.0,2493.0
4820,louse,TAGALOG,kuto,k u t o,1 7 1 7,AXBZ,KYTU,139.0,139.K.C 139.Y.V 139.T.C 139.U.V,2.0 1.5 1.75 0.8,kuto,0.0,2493.0
4860,louse,TAGBANUA ABORLAN,kutu,k u t u,1 7 1 7,AXBZ,KYTY,140.0,140.K.C 140.Y.V 140.T.C 140.Y.V,2.0 1.5 1.75 0.8,kutu,0.0,2493.0
4900,louse,TAGBANWA ABORLAN,kutu,k u t u,1 7 1 7,AXBZ,KYTY,141.0,141.K.C 141.Y.V 141.T.C 141.Y.V,2.0 1.5 1.75 0.8,kutu,0.0,2493.0
4940,louse,TAGBANWA KALAMIAN,tutʔ,t u t ʔ,1 7 1 1,AXLN,TYTH,142.0,142.T.C 142.Y.V 142.T.c 142.H.c,2.0 1.5 1.1 0.8,tutʔ,0.0,2614.0
4980,louse,TALAANDIG BINUKID,lusaʔ,l u s a ʔ,5 7 3 7 1,AXBYN,LYSAH,143.0,143.L.C 143.Y.V 143.S.C 143.A.V 143.H.c,2.0 1.5 1.75 1.3 0.8,lusaʔ,0.0,2500.0
5020,louse,TAMBUNAN DUSUN,lios,l i o s,5 7 7 3,AXYN,LIUS,144.0,144.L.C 144.I.V 144.U.V 144.S.c,2.0 1.5 1.3 0.8,lios,0.0,2616.0
5060,louse,TAUSUG,kutuh,k u t u h,1 7 1 7 3,AXBYN,KYTYH,145.0,145.K.C 145.Y.V 145.T.C 145.Y.V 145.H.c,2.0 1.5 1.75 1.3 0.8,kutuh,0.0,2493.0
5140,louse,TBOLI TAGABILI,kutuh,k u t u h,1 7 1 7 3,AXBYN,KYTYH,147.0,147.K.C 147.Y.V 147.T.C 147.Y.V 147.H.c,2.0 1.5 1.75 1.3 0.8,kutuh,0.0,2493.0
5180,louse,TIMUGON MURUT,kutu,k u t u,1 7 1 7,AXBZ,KYTY,148.0,148.K.C 148.Y.V 148.T.C 148.Y.V,2.0 1.5 1.75 0.8,kutu,0.0,2493.0
5220,louse,TIRURAY,kuwor,k u w o r,1 7 6 7 5,AXBYN,KYWUR,149.0,149.K.C 149.Y.V 149.W.C 149.U.V 149.R.c,2.0 1.5 1.75 1.3 0.8,kuwor,0.0,2620.0
5260,louse,TURKISH,bit,b i t,1 7 1,AXN,PIT,150.0,150.P.C 150.I.V 150.T.c,2.0 1.5 0.8,bit,0.0,2621.0
5340,louse,WARAY WARAY,tuma,t u m a,1 7 4 7,AXBZ,TYMA,152.0,152.T.C 152.Y.V 152.M.C 152.A.V,2.0 1.5 1.75 0.8,tuma,0.0,2495.0
5380,louse,YAKAN,kutu,k u t u,1 7 1 7,AXBZ,KYTY,153.0,153.K.C 153.Y.V 153.T.C 153.Y.V,2.0 1.5 1.75 0.8,kutu,0.0,2493.0
5420,louse,YOGAD,tuma,t u m a,1 7 4 7,AXBZ,TYMA,154.0,154.T.C 154.Y.V 154.M.C 154.A.V,2.0 1.5 1.75 0.8,tuma,0.0,2495.0
5500,louse,IMOROD,toma,t o m a,1 7 4 7,AXBZ,TUMA,52.0,52.T.C 52.U.V 52.M.C 52.A.V,2.0 1.5 1.75 0.8,toma,0.0,2495.0
5540,louse,BABUYAN,bigaw,b i g a w,1 7 1 7 6,AXBYN,PIKAW,4.0,4.P.C 4.I.V 4.K.C 4.A.V 4.W.c,2.0 1.5 1.75 1.3 0.8,bigaw,0.0,2487.0
5620,louse,FINALLIG,koto,k o t o,1 7 1 7,AXBZ,KUTU,36.0,36.K.C 36.U.V 36.T.C 36.U.V,2.0 1.5 1.75 0.8,koto,0.0,2493.0
5700,louse,INABAKNON,kuspad,k u s p a d,1 7 3 1 7 1,AXMBYN,KYSPAT,53.0,53.K.C 53.Y.V 53.S.c 53.P.C 53.A.V 53.T.c,2.0 1.5 1.1 1.75 1.3 0.8,kuspad,0.0,2531.0
5740,louse,IRARALAY IVATAN,koto,k o t o,1 7 1 7,AXBZ,KUTU,56.0,56.K.C 56.U.V 56.T.C 56.U.V,2.0 1.5 1.75 0.8,koto,0.0,2493.0
5780,louse,ISAMORONG IVATAN,koto,k o t o,1 7 1 7,AXBZ,KUTU,58.0,58.K.C 58.U.V 58.T.C 58.U.V,2.0 1.5 1.75 0.8,koto,0.0,2493.0
5860,louse,KANKANAEY,koto,k o t o,1 7 1 7,AXBZ,KUTU,74.0,74.K.C 74.U.V 74.T.C 74.U.V,2.0 1.5 1.75 0.8,koto,0.0,2493.0
5900,louse,LIMOS KALINGA,kutu,k u t u,1 7 1 7,AXBZ,KYTY,81.0,81.K.C 81.Y.V 81.T.C 81.Y.V,2.0 1.5 1.75 0.8,kutu,0.0,2493.0
5940,louse,MANDAYAN BOSO,kutu,k u t u,1 7 1 7,AXBZ,KYTY,85.0,85.K.C 85.Y.V 85.T.C 85.Y.V,2.0 1.5 1.75 0.8,kutu,0.0,2493.0
5980,louse,MANDAYAN CARAGA,kutu,k u t u,1 7 1 7,AXBZ,KYTY,86.0,86.K.C 86.Y.V 86.T.C 86.Y.V,2.0 1.5 1.75 0.8,kutu,0.0,2493.0
6020,louse,MANDAYAN ISLAM PISO,kutu,k u t u,1 7 1 7,AXBZ,KYTY,87.0,87.K.C 87.Y.V 87.T.C 87.Y.V,2.0 1.5 1.75 0.8,kutu,0.0,2493.0
6060,louse,MANSAKA 2,kutu,k u t u,1 7 1 7,AXBZ,KYTY,96.0,96.K.C 96.Y.V 96.T.C 96.Y.V,2.0 1.5 1.75 0.8,kutu,0.0,2493.0
6100,louse,PROTO SOUTHERN MINDANAO,kutu,k u t u,1 7 1 7,AXBZ,KYTY,116.0,116.K.C 116.Y.V 116.T.C 116.Y.V,2.0 1.5 1.75 0.8,kutu,0.0,2493.0
6140,louse,SINAUNA,kutu,k u t u,1 7 1 7,AXBZ,KYTY,126.0,126.K.C 126.Y.V 126.T.C 126.Y.V,2.0 1.5 1.75 0.8,kutu,0.0,2493.0
6180,louse,SOUTHERN KALINGA,utu,u t u,7 1 7,XBZ,YTY,130.0,130.Y.V 130.T.C 130.Y.V,1.5 1.75 0.8,utu,0.0,2493.0
21,mountain,AGTA,bogetoj,b o g e t o j,1 7 1 7 1 7 6,AXBYBYN,PUKETUJ,1.0,1.P.C 1.U.V 1.K.C 1.E.V 1.T.C 1.U.V 1.J.c,2.0 1.5 1.75 1.3 1.75 1.3 0.8,bogetoj,0.0,2622.0
101,mountain,ATTA PAMPLONA,puddul,p u dd u l,1 7 1 7 5,AXBYN,PYTYL,3.0,3.P.C 3.Y.V 3.T.C 3.Y.V 3.L.c,2.0 1.5 1.75 1.3 0.8,puddul,0.0,2623.0
141,mountain,BALANGAW,bilig,b i l i g,1 7 5 7 1,AXBYN,PILIK,5.0,5.P.C 5.I.V 5.L.C 5.I.V 5.K.c,2.0 1.5 1.75 1.3 0.8,bilig,0.0,2629.0
181,mountain,BALANGINGI SAMA,bullud,b u ll u d,1 7 5 7 1,AXBYN,PYLYT,6.0,6.P.C 6.Y.V 6.L.C 6.Y.V 6.T.c,2.0 1.5 1.75 1.3 0.8,bullud,0.0,2648.0
221,mountain,BALANGINGI SAMA (1),bullud,b u ll u d,1 7 5 7 1,AXBYN,PYLYT,7.0,7.P.C 7.Y.V 7.L.C 7.Y.V 7.T.c,2.0 1.5 1.75 1.3 0.8,bullud,0.0,2648.0
261,mountain,BASQUE,mendi,m e n d i,4 7 4 1 7,AXMBZ,MENTI,8.0,8.M.C 8.E.V 8.N.c 8.T.C 8.I.V,2.0 1.5 1.1 1.75 0.8,mendi,0.0,2627.0
301,mountain,BATAK PALAWAN,bulud,b u l u d,1 7 5 7 1,AXBYN,PYLYT,9.0,9.P.C 9.Y.V 9.L.C 9.Y.V 9.T.c,2.0 1.5 1.75 1.3 0.8,bulud,0.0,2648.0
341,mountain,BILAAN KORONADAL,bulul,b u l u l,1 7 5 7 5,AXBYN,PYLYL,10.0,10.P.C 10.Y.V 10.L.C 10.Y.V 10.L.c,2.0 1.5 1.75 1.3 0.8,bulul,0.0,2629.0
381,mountain,BILAAN SARANGANI,bulul,b u l u l,1 7 5 7 5,AXBYN,PYLYL,11.0,11.P.C 11.Y.V 11.L.C 11.Y.V 11.L.c,2.0 1.5 1.75 1.3 0.8,bulul,0.0,2629.0
421,mountain,BINUKID,bubuŋan,b u b u ŋ a n,1 7 1 7 4 7 4,AXBYBYN,PYPYNAN,12.0,12.P.C 12.Y.V 12.P.C 12.Y.V 12.N.C 12.A.V 12.N.c,2.0 1.5 1.75 1.3 1.75 1.3 0.8,bubuŋan,0.0,2631.0
501,mountain,BONTOC GUINAANG,bilig,b i l i g,1 7 5 7 1,AXBYN,PILIK,15.0,15.P.C 15.I.V 15.L.C 15.I.V 15.K.c,2.0 1.5 1.75 1.3 0.8,bilig,0.0,2629.0
541,mountain,BROOKES POINT PALAWAN,bukid,b u k i d,1 7 1 7 1,AXBYN,PYKIT,16.0,16.P.C 16.Y.V 16.K.C 16.I.V 16.T.c,2.0 1.5 1.75 1.3 0.8,bukid,0.0,2635.0
581,mountain,BUHI,bukid,b u k i d,1 7 1 7 1,AXBYN,PYKIT,17.0,17.P.C 17.Y.V 17.K.C 17.I.V 17.T.c,2.0 1.5 1.75 1.3 0.8,bukid,0.0,2635.0
661,mountain,BUKIDNON BINUKID,buntod,b u n t o d,1 7 4 1 7 1,AXMBYN,PYNTUT,19.0,19.P.C 19.Y.V 19.N.c 19.T.C 19.U.V 19.T.c,2.0 1.5 1.1 1.75 1.3 0.8,buntod,0.0,2681.0
741,mountain,CAIJIA,tipəu,t i p ə u,1 7 1 7 7,AXBYZ,TIPEY,21.0,21.T.C 21.I.V 21.P.C 21.E.V 21.Y.V,2.0 1.5 1.75 1.3 0.8,tipəu,0.0,2637.0
781,mountain,CANIPAAN PALAWAN,bukid,b u k i d,1 7 1 7 1,AXBYN,PYKIT,22.0,22.P.C 22.Y.V 22.K.C 22.I.V 22.T.c,2.0 1.5 1.75 1.3 0.8,bukid,0.0,2635.0
821,mountain,CASIGURAN NEGRITO,bukəd,b u k ə d,1 7 1 7 1,AXBYN,PYKET,23.0,23.P.C 23.Y.V 23.K.C 23.E.V 23.T.c,2.0 1.5 1.75 1.3 0.8,bukəd,0.0,2635.0
1021,mountain,CENTRAL TAGBANWA,bukid,b u k i d,1 7 1 7 1,AXBYN,PYKIT,28.0,28.P.C 28.Y.V 28.K.C 28.I.V 28.T.c,2.0 1.5 1.75 1.3 0.8,bukid,0.0,2635.0
1101,mountain,DARAGA,bulud,b u l u d,1 7 5 7 1,AXBYN,PYLYT,30.0,30.P.C 30.Y.V 30.L.C 30.Y.V 30.T.c,2.0 1.5 1.75 1.3 0.8,bulud,0.0,2648.0
1141,mountain,DUMAGAT CASIGURAN,buked,b u k e d,1 7 1 7 1,AXBYN,PYKET,31.0,31.P.C 31.Y.V 31.K.C 31.E.V 31.T.c,2.0 1.5 1.75 1.3 0.8,buked,0.0,2635.0
1181,mountain,DUPANINGAN AGTA,tagilEtel,t a g i l æ t e l,1 7 1 7 5 7 1 7 5,AXBYBYBYN,TAKILETEL,32.0,32.T.C 32.A.V 32.K.C 32.I.V 32.L.C 32.E.V 32.T.C 32.E.V 32.L.c,2.0 1.5 1.75 1.3 1.75 1.3 1.75 1.3 0.8,tagilætel,0.0,2643.0
1221,mountain,ENGLISH,mauntən,m a u n t ə n,4 7 7 4 1 7 4,AXYMBYN,MAYNTEN,33.0,33.M.C 33.A.V 33.Y.V 33.N.c 33.T.C 33.E.V 33.N.c,2.0 1.5 1.3 1.1 1.75 1.3 0.8,mauntən,0.0,2644.0
1301,mountain,ESTONIAN,magi,m a g i,4 7 1 7,AXBZ,MAKI,35.0,35.M.C 35.A.V 35.K.C 35.I.V,2.0 1.5 1.75 0.8,magi,0.0,2645.0
1341,mountain,FINNISH,vuori,v u o r i,3 7 7 5 7,AXYBZ,BYURI,37.0,37.B.C 37.Y.V 37.U.V 37.R.C 37.I.V,2.0 1.5 1.3 1.75 0.8,vuori,0.0,2646.0
1381,mountain,FUZHOU CHINESE,8aŋ,a ŋ,7 4,XN,AN,38.0,38.A.V 38.N.c,1.5 0.8,aŋ,0.0,2647.0
1421,mountain,GADDANG,kulud,k u l u d,1 7 5 7 1,AXBYN,KYLYT,39.0,39.K.C 39.Y.V 39.L.C 39.Y.V 39.T.c,2.0 1.5 1.75 1.3 0.8,kulud,0.0,2648.0
1501,mountain,HIGAONON BINUKID,buntod,b u n t o d,1 7 4 1 7 1,AXMBYN,PYNTUT,41.0,41.P.C 41.Y.V 41.N.c 41.T.C 41.U.V 41.T.c,2.0 1.5 1.1 1.75 1.3 0.8,buntod,0.0,2681.0
1541,mountain,HUNGARIAN,hegj,h e g j,3 7 1 6,AXBC,HEKJ,43.0,43.H.C 43.E.V 43.K.C 43.J.C,2.0 1.5 1.75 1.5,hegj,0.0,2650.0
1701,mountain,IFUGAO AMGANAD,billid,b i ll i d,1 7 5 7 1,AXBYN,PILIT,47.0,47.P.C 47.I.V 47.L.C 47.I.V 47.T.c,2.0 1.5 1.75 1.3 0.8,billid,0.0,2651.0
1741,mountain,IFUGAO BATAD,duntug,d u n t u g,1 7 4 1 7 1,AXMBYN,TYNTYK,48.0,48.T.C 48.Y.V 48.N.c 48.T.C 48.Y.V 48.K.c,2.0 1.5 1.1 1.75 1.3 0.8,duntug,0.0,2652.0
1781,mountain,IFUGAO BAYNINAN,bilid,b i l i d,1 7 5 7 1,AXBYN,PILIT,49.0,49.P.C 49.I.V 49.L.C 49.I.V 49.T.c,2.0 1.5 1.75 1.3 0.8,bilid,0.0,2651.0
1861,mountain,ILONGOT KAKIDUGEN,bəsilid,b ə s i l i d,1 7 3 7 5 7 1,AXBYBYN,PESILIT,51.0,51.P.C 51.E.V 51.S.C 51.I.V 51.L.C 51.I.V 51.T.c,2.0 1.5 1.75 1.3 1.75 1.3 0.8,bəsilid,0.0,2654.0
1901,mountain,INIBALOI,contog,c o n t o g,1 7 4 1 7 1,AXMBYN,CUNTUK,54.0,54.C.C 54.U.V 54.N.c 54.T.C 54.U.V 54.K.c,2.0 1.5 1.1 1.75 1.3 0.8,contog,0.0,2652.0
1981,mountain,IRIGA,kulud,k u l u d,1 7 5 7 1,AXBYN,KYLYT,57.0,57.K.C 57.Y.V 57.L.C 57.Y.V 57.T.c,2.0 1.5 1.75 1.3 0.8,kulud,0.0,2648.0
2021,mountain,ISNAG,bantaj,b a n t a j,1 7 4 1 7 6,AXMBYN,PANTAJ,59.0,59.P.C 59.A.V 59.N.c 59.T.C 59.A.V 59.J.c,2.0 1.5 1.1 1.75 1.3 0.8,bantaj,0.0,2657.0
2061,mountain,ISNEG,bantaj,b a n t a j,1 7 4 1 7 6,AXMBYN,PANTAJ,60.0,60.P.C 60.A.V 60.N.c 60.T.C 60.A.V 60.J.c,2.0 1.5 1.1 1.75 1.3 0.8,bantaj,0.0,2657.0
2141,mountain,ITBAYATEN BATANES ISLANDS,tukun,t u k u n,1 7 1 7 4,AXBYN,TYKYN,62.0,62.T.C 62.Y.V 62.K.C 62.Y.V 62.N.c,2.0 1.5 1.75 1.3 0.8,tukun,0.0,2659.0
2181,mountain,ITNEG BINONGAN,bilig,b i l i g,1 7 5 7 1,AXBYN,PILIK,63.0,63.P.C 63.I.V 63.L.C 63.I.V 63.K.c,2.0 1.5 1.75 1.3 0.8,bilig,0.0,2629.0
2221,mountain,IVATAN BATANES ISLANDS,tokon,t o k o n,1 7 1 7 4,AXBYN,TUKUN,65.0,65.T.C 65.U.V 65.K.C 65.U.V 65.N.c,2.0 1.5 1.75 1.3 0.8,tokon,0.0,2659.0
2261,mountain,JAPANESE,jama,j a m a,6 7 4 7,AXBZ,JAMA,66.0,66.J.C 66.A.V 66.M.C 66.A.V,2.0 1.5 1.75 0.8,jama,0.0,2662.0
2301,mountain,KADAZAN,nuhu takavas,n u h u # t a k a v a s,4 7 3 7 9 1 7 1 7 3 7 3,AXBZ_AXBYBYN,NYHY_TAKABAS,67.0,67.N.C 67.Y.V 67.H.C 67.Y.V 67._._ 67.T.C 67.A.V 67.K.C 67.A.V 67.B.C 67.A.V 67.S.c,2.0 1.5 1.75 0.8 0.0 2.0 1.5 1.75 1.3 1.75 1.3 0.8,nuhu#takavas,0.0,2663.0
2341,mountain,KAGAYANEN,bukid,b u k i d,1 7 1 7 1,AXBYN,PYKIT,68.0,68.P.C 68.Y.V 68.K.C 68.I.V 68.T.c,2.0 1.5 1.75 1.3 0.8,bukid,0.0,2635.0
2381,mountain,KALAGAN,buntud,b u n t u d,1 7 4 1 7 1,AXMBYN,PYNTYT,69.0,69.P.C 69.Y.V 69.N.c 69.T.C 69.Y.V 69.T.c,2.0 1.5 1.1 1.75 1.3 0.8,buntud,0.0,2665.0
2421,mountain,KALINGA GUINAANG,bilig,b i l i g,1 7 5 7 1,AXBYN,PILIK,70.0,70.P.C 70.I.V 70.L.C 70.I.V 70.K.c,2.0 1.5 1.75 1.3 0.8,bilig,0.0,2629.0
2461,mountain,KALINGA LIMOS,bateled,b a t e l e d,1 7 1 7 5 7 1,AXBYBYN,PATELET,71.0,71.P.C 71.A.V 71.T.C 71.E.V 71.L.C 71.E.V 71.T.c,2.0 1.5 1.75 1.3 1.75 1.3 0.8,bateled,0.0,2667.0
2501,mountain,KALLAHAN KAYAPA PROPER,duntug,d u n t u g,1 7 4 1 7 1,AXMBYN,TYNTYK,72.0,72.T.C 72.Y.V 72.N.c 72.T.C 72.Y.V 72.K.c,2.0 1.5 1.1 1.75 1.3 0.8,duntug,0.0,2652.0
2541,mountain,KALLAHAN KELEYQIQ IFUGAO,duntug,d u n t u g,1 7 4 1 7 1,AXMBYN,TYNTYK,73.0,73.T.C 73.Y.V 73.N.c 73.T.C 73.Y.V 73.K.c,2.0 1.5 1.1 1.75 1.3 0.8,duntug,0.0,2652.0
2581,mountain,KANKANAY NORTHERN,bilig,b i l i g,1 7 5 7 1,AXBYN,PILIK,75.0,75.P.C 75.I.V 75.L.C 75.I.V 75.K.c,2.0 1.5 1.75 1.3 0.8,bilig,0.0,2629.0
2661,mountain,KINARAY A,bukid,b u k i d,1 7 1 7 1,AXBYN,PYKIT,77.0,77.P.C 77.Y.V 77.K.C 77.I.V 77.T.c,2.0 1.5 1.75 1.3 0.8,bukid,0.0,2635.0
2701,mountain,KOREAN,san,s a n,3 7 4,AXN,SAN,78.0,78.S.C 78.A.V 78.N.c,2.0 1.5 0.8,san,0.0,2647.0
2741,mountain,LEGAZPI,bulud,b u l u d,1 7 5 7 1,AXBYN,PYLYT,79.0,79.P.C 79.Y.V 79.L.C 79.Y.V 79.T.c,2.0 1.5 1.75 1.3 0.8,bulud,0.0,2648.0
2781,mountain,LIBON,ʔampas,ʔ a m p a s,1 7 4 1 7 3,AXMBYN,HAMPAS,80.0,80.H.C 80.A.V 80.M.c 80.P.C 80.A.V 80.S.c,2.0 1.5 1.1 1.75 1.3 0.8,ʔampas,0.0,2674.0
2821,mountain,LIVE,mEg,m æ g,4 7 1,AXN,MEK,82.0,82.M.C 82.E.V 82.K.c,2.0 1.5 0.8,mæg,0.0,2675.0
2901,mountain,MAMANWA,boboŋ,b o b o ŋ,1 7 1 7 4,AXBYN,PUPUN,84.0,84.P.C 84.U.V 84.P.C 84.U.V 84.N.c,2.0 1.5 1.75 1.3 0.8,boboŋ,0.0,2631.0
2941,mountain,MANOBO ATA,bubuŋan,b u b u ŋ a n,1 7 1 7 4 7 4,AXBYBYN,PYPYNAN,88.0,88.P.C 88.Y.V 88.P.C 88.Y.V 88.N.C 88.A.V 88.N.c,2.0 1.5 1.75 1.3 1.75 1.3 0.8,bubuŋan,0.0,2631.0
2981,mountain,MANOBO DIBABAWON,untud,u n t u d,7 4 1 7 1,XMBYN,YNTYT,89.0,89.Y.V 89.N.c 89.T.C 89.Y.V 89.T.c,1.5 1.1 1.75 1.3 0.8,untud,0.0,2681.0
3021,mountain,MANOBO ILIANEN,bubuŋan,b u b u ŋ a n,1 7 1 7 4 7 4,AXBYBYN,PYPYNAN,90.0,90.P.C 90.Y.V 90.P.C 90.Y.V 90.N.C 90.A.V 90.N.c,2.0 1.5 1.75 1.3 1.75 1.3 0.8,bubuŋan,0.0,2631.0
3061,mountain,MANOBO KALAMANSIG COTABATO,gətan,g ə t a n,1 7 1 7 4,AXBYN,KETAN,91.0,91.K.C 91.E.V 91.T.C 91.A.V 91.N.c,2.0 1.5 1.75 1.3 0.8,gətan,0.0,2683.0
3101,mountain,MANOBO SARANGANI,bontod,b o n t o d,1 7 4 1 7 1,AXMBYN,PUNTUT,92.0,92.P.C 92.U.V 92.N.c 92.T.C 92.U.V 92.T.c,2.0 1.5 1.1 1.75 1.3 0.8,bontod,0.0,2681.0
3141,mountain,MANOBO TIGWA,bubuŋan,b u b u ŋ a n,1 7 1 7 4 7 4,AXBYBYN,PYPYNAN,93.0,93.P.C 93.Y.V 93.P.C 93.Y.V 93.N.C 93.A.V 93.N.c,2.0 1.5 1.75 1.3 1.75 1.3 0.8,bubuŋan,0.0,2631.0
3181,mountain,MANOBO WESTERN BUKIDNON,buntud,b u n t u d,1 7 4 1 7 1,AXMBYN,PYNTYT,94.0,94.P.C 94.Y.V 94.N.c 94.T.C 94.Y.V 94.T.c,2.0 1.5 1.1 1.75 1.3 0.8,buntud,0.0,2681.0
3221,mountain,MANSAKA,bətaj,b ə t a j,1 7 1 7 6,AXBYN,PETAJ,95.0,95.P.C 95.E.V 95.T.C 95.A.V 95.J.c,2.0 1.5 1.75 1.3 0.8,bətaj,0.0,2623.0
3461,mountain,MOKSHA,panda,p a n d a,1 7 4 1 7,AXMBZ,PANTA,102.0,102.P.C 102.A.V 102.N.c 102.T.C 102.A.V,2.0 1.5 1.1 1.75 0.8,panda,0.0,2657.0
3501,mountain,MOLBOG,bukid,b u k i d,1 7 1 7 1,AXBYN,PYKIT,103.0,103.P.C 103.Y.V 103.K.C 103.I.V 103.T.c,2.0 1.5 1.75 1.3 0.8,bukid,0.0,2635.0
3541,mountain,MOLBOG 2,bukid,b u k i d,1 7 1 7 1,AXBYN,PYKIT,104.0,104.P.C 104.Y.V 104.K.C 104.I.V 104.T.c,2.0 1.5 1.75 1.3 0.8,bukid,0.0,2635.0
3581,mountain,MONGOLIAN,uL,u l,7 5,XN,YL,105.0,105.Y.V 105.L.c,1.5 0.8,ul,0.0,2692.0
3621,mountain,MORO MAGINDANAU,palau,p a l a u,1 7 5 7 7,AXBYZ,PALAY,106.0,106.P.C 106.A.V 106.L.C 106.A.V 106.Y.V,2.0 1.5 1.75 1.3 0.8,palau,0.0,2693.0
3661,mountain,NAGA,bukid,b u k i d,1 7 1 7 1,AXBYN,PYKIT,107.0,107.P.C 107.Y.V 107.K.C 107.I.V 107.T.c,2.0 1.5 1.75 1.3 0.8,bukid,0.0,2635.0
3701,mountain,NORTHERN CATANDUANES,burud,b u r u d,1 7 5 7 1,AXBYN,PYRYT,108.0,108.P.C 108.Y.V 108.R.C 108.Y.V 108.T.c,2.0 1.5 1.75 1.3 0.8,burud,0.0,2648.0
3741,mountain,NORTHERN SORSOGON,bulud,b u l u d,1 7 5 7 1,AXBYN,PYLYT,109.0,109.P.C 109.Y.V 109.L.C 109.Y.V 109.T.c,2.0 1.5 1.75 1.3 0.8,bulud,0.0,2648.0
3781,mountain,OAS,bukid,b u k i d,1 7 1 7 1,AXBYN,PYKIT,110.0,110.P.C 110.Y.V 110.K.C 110.I.V 110.T.c,2.0 1.5 1.75 1.3 0.8,bukid,0.0,2635.0
3981,mountain,PROTO PALAWAN,bukid,b u k i d,1 7 1 7 1,AXBYN,PYKIT,115.0,115.P.C 115.Y.V 115.K.C 115.I.V 115.T.c,2.0 1.5 1.75 1.3 0.8,bukid,0.0,2635.0
4021,mountain,QUEZON PALAWAN,bukid,b u k i d,1 7 1 7 1,AXBYN,PYKIT,117.0,117.P.C 117.Y.V 117.K.C 117.I.V 117.T.c,2.0 1.5 1.75 1.3 0.8,bukid,0.0,2635.0
4101,mountain,ROMBLOMANON 2,bakujud,b a k u j u d,1 7 1 7 6 7 1,AXBYBYN,PAKYJYT,119.0,119.P.C 119.A.V 119.K.C 119.Y.V 119.J.C 119.Y.V 119.T.c,2.0 1.5 1.75 1.3 1.75 1.3 0.8,bakujud,0.0,2648.0
4141,mountain,SAMAL,buud,b uu d,1 7 1,AXN,PYT,120.0,120.P.C 120.Y.V 120.T.c,2.0 1.5 0.8,buud,0.0,2648.0
4181,mountain,SAMBAL BOTOLAN,bakil,b a k i l,1 7 1 7 5,AXBYN,PAKIL,121.0,121.P.C 121.A.V 121.K.C 121.I.V 121.L.c,2.0 1.5 1.75 1.3 0.8,bakil,0.0,2702.0
4261,mountain,SANGIL SARANGANI ISLANDS,budəʔ,b u d ə ʔ,1 7 1 7 1,AXBYN,PYTEH,123.0,123.P.C 123.Y.V 123.T.C 123.E.V 123.H.c,2.0 1.5 1.75 1.3 0.8,budəʔ,0.0,2703.0
4301,mountain,SEDANG,ŋo,ŋ o,4 7,AX,NU,124.0,124.N.C 124.U.V,2.0 1.5,ŋo,0.0,2704.0
4421,mountain,SOUTH SAAMI,Cjakə,c j a k ə,1 6 7 1 7,ACXBZ,CJAKE,128.0,128.C.C 128.J.C 128.A.V 128.K.C 128.E.V,2.0 1.5 1.5 1.75 0.8,cjakə,0.0,2705.0
4461,mountain,SOUTHERN CATANDUANES,bulud,b u l u d,1 7 5 7 1,AXBYN,PYLYT,129.0,129.P.C 129.Y.V 129.L.C 129.Y.V 129.T.c,2.0 1.5 1.75 1.3 0.8,bulud,0.0,2648.0
4501,mountain,SOUTHERN SORSOGON,bulud,b u l u d,1 7 5 7 1,AXBYN,PYLYT,131.0,131.P.C 131.Y.V 131.L.C 131.Y.V 131.T.c,2.0 1.5 1.75 1.3 0.8,bulud,0.0,2648.0
4581,mountain,SPANISH,sero,s e r o,3 7 5 7,AXBZ,SERU,133.0,133.S.C 133.E.V 133.R.C 133.U.V,2.0 1.5 1.75 0.8,sero,0.0,2708.0
4621,mountain,SUBANON SIOCON,bontod,b o n t o d,1 7 4 1 7 1,AXMBYN,PUNTUT,134.0,134.P.C 134.U.V 134.N.c 134.T.C 134.U.V 134.T.c,2.0 1.5 1.1 1.75 1.3 0.8,bontod,0.0,2681.0
4661,mountain,SUBANUN SINDANGAN,bəntud,b ə n t u d,1 7 4 1 7 1,AXMBYN,PENTYT,135.0,135.P.C 135.E.V 135.N.c 135.T.C 135.Y.V 135.T.c,2.0 1.5 1.1 1.75 1.3 0.8,bəntud,0.0,2681.0
4741,mountain,TAGABAWA,pabuŋan,p a b u ŋ a n,1 7 1 7 4 7 4,AXBYBYN,PAPYNAN,137.0,137.P.C 137.A.V 137.P.C 137.Y.V 137.N.C 137.A.V 137.N.c,2.0 1.5 1.75 1.3 1.75 1.3 0.8,pabuŋan,0.0,2631.0
4781,mountain,TAGABILI,bulul,b u l u l,1 7 5 7 5,AXBYN,PYLYL,138.0,138.P.C 138.Y.V 138.L.C 138.Y.V 138.L.c,2.0 1.5 1.75 1.3 0.8,bulul,0.0,2629.0
4821,mountain,TAGALOG,bundok,b u n d o k,1 7 4 1 7 1,AXMBYN,PYNTUK,139.0,139.P.C 139.Y.V 139.N.c 139.T.C 139.U.V 139.K.c,2.0 1.5 1.1 1.75 1.3 0.8,bundok,0.0,2713.0
4861,mountain,TAGBANUA ABORLAN,bukid,b u k i d,1 7 1 7 1,AXBYN,PYKIT,140.0,140.P.C 140.Y.V 140.K.C 140.I.V 140.T.c,2.0 1.5 1.75 1.3 0.8,bukid,0.0,2635.0
4901,mountain,TAGBANWA ABORLAN,bukid,b u k i d,1 7 1 7 1,AXBYN,PYKIT,141.0,141.P.C 141.Y.V 141.K.C 141.I.V 141.T.c,2.0 1.5 1.75 1.3 0.8,bukid,0.0,2635.0
4941,mountain,TAGBANWA KALAMIAN,bukid,b u k i d,1 7 1 7 1,AXBYN,PYKIT,142.0,142.P.C 142.Y.V 142.K.C 142.I.V 142.T.c,2.0 1.5 1.75 1.3 0.8,bukid,0.0,2635.0
4981,mountain,TALAANDIG BINUKID,buntod,b u n t o d,1 7 4 1 7 1,AXMBYN,PYNTUT,143.0,143.P.C 143.Y.V 143.N.c 143.T.C 143.U.V 143.T.c,2.0 1.5 1.1 1.75 1.3 0.8,buntod,0.0,2681.0
5061,mountain,TAUSUG,buud,b uu d,1 7 1,AXN,PYT,145.0,145.P.C 145.Y.V 145.T.c,2.0 1.5 0.8,buud,0.0,2648.0
5101,mountain,TAUT BATU,bukid,b u k i d,1 7 1 7 1,AXBYN,PYKIT,146.0,146.P.C 146.Y.V 146.K.C 146.I.V 146.T.c,2.0 1.5 1.75 1.3 0.8,bukid,0.0,2635.0
5221,mountain,TIRURAY,menitej,m e n i t e j,4 7 4 7 1 7 6,AXBYBYN,MENITEJ,149.0,149.M.C 149.E.V 149.N.C 149.I.V 149.T.C 149.E.V 149.J.c,2.0 1.5 1.75 1.3 1.75 1.3 0.8,menitej,0.0,2720.0
5261,mountain,TURKISH,da silsilesi,d a # s i ls i l e s i,1 7 9 3 7 5 7 5 7 3 7,AX_AXBYBYBZ,TA_SILILESI,150.0,150.T.C 150.A.V 150._._ 150.S.C 150.I.V 150.L.C 150.I.V 150.L.C 150.E.V 150.S.C 150.I.V,2.0 1.5 0.0 2.0 1.5 1.75 1.3 1.75 1.3 1.75 0.8,da#silsilesi,0.0,2721.0
5301,mountain,UGARITIC,gbl,g b l,1 1 5,ACC,KPL,151.0,151.K.C 151.P.C 151.L.C,2.0 1.5 1.5,gbl,0.0,2722.0
5421,mountain,YOGAD,bakulud,b a k u l u d,1 7 1 7 5 7 1,AXBYBYN,PAKYLYT,154.0,154.P.C 154.A.V 154.K.C 154.Y.V 154.L.C 154.Y.V 154.T.c,2.0 1.5 1.75 1.3 1.75 1.3 0.8,bakulud,0.0,2648.0
5581,mountain,BISAYA SABAH,bukit,b u k i t,1 7 1 7 1,AXBYN,PYKIT,13.0,13.P.C 13.Y.V 13.K.C 13.I.V 13.T.c,2.0 1.5 1.75 1.3 0.8,bukit,0.0,2635.0
5941,mountain,MANDAYAN BOSO,bətaj,b ə t a j,1 7 1 7 6,AXBYN,PETAJ,85.0,85.P.C 85.E.V 85.T.C 85.A.V 85.J.c,2.0 1.5 1.75 1.3 0.8,bətaj,0.0,2623.0
5981,mountain,MANDAYAN CARAGA,butaj,b u t a j,1 7 1 7 6,AXBYN,PYTAJ,86.0,86.P.C 86.Y.V 86.T.C 86.A.V 86.J.c,2.0 1.5 1.75 1.3 0.8,butaj,0.0,2623.0
6021,mountain,MANDAYAN ISLAM PISO,butaj,b u t a j,1 7 1 7 6,AXBYN,PYTAJ,87.0,87.P.C 87.Y.V 87.T.C 87.A.V 87.J.c,2.0 1.5 1.75 1.3 0.8,butaj,0.0,2623.0
6061,mountain,MANSAKA 2,bətaj,b ə t a j,1 7 1 7 6,AXBYN,PETAJ,96.0,96.P.C 96.E.V 96.T.C 96.A.V 96.J.c,2.0 1.5 1.75 1.3 0.8,bətaj,0.0,2623.0
22,name,AGTA,ŋogan,ŋ o g a n,4 7 1 7 4,AXBYN,NUKAN,1.0,1.N.C 1.U.V 1.K.C 1.A.V 1.N.c,2.0 1.5 1.75 1.3 0.8,ŋogan,0.0,2724.0
62,name,AKLANON,ŋaxan,ŋ a x a n,4 7 3 7 4,AXBYN,NAGAN,2.0,2.N.C 2.A.V 2.G.C 2.A.V 2.N.c,2.0 1.5 1.75 1.3 0.8,ŋaxan,0.0,2724.0
102,name,ATTA PAMPLONA,ŋagan,ŋ a g a n,4 7 1 7 4,AXBYN,NAKAN,3.0,3.N.C 3.A.V 3.K.C 3.A.V 3.N.c,2.0 1.5 1.75 1.3 0.8,ŋagan,0.0,2724.0
142,name,BALANGAW,ŋadon,ŋ a d o n,4 7 1 7 4,AXBYN,NATUN,5.0,5.N.C 5.A.V 5.T.C 5.U.V 5.N.c,2.0 1.5 1.75 1.3 0.8,ŋadon,0.0,2724.0
182,name,BALANGINGI SAMA,on,o n,7 4,XN,UN,6.0,6.U.V 6.N.c,1.5 0.8,on,0.0,2728.0
222,name,BALANGINGI SAMA (1),on,o n,7 4,XN,UN,7.0,7.U.V 7.N.c,1.5 0.8,on,0.0,2728.0
262,name,BASQUE,izen,i z e n,7 3 7 4,XBYN,ISEN,8.0,8.I.V 8.S.C 8.E.V 8.N.c,1.5 1.75 1.3 0.8,izen,0.0,2730.0
302,name,BATAK PALAWAN,ŋaran,ŋ a r a n,4 7 5 7 4,AXBYN,NARAN,9.0,9.N.C 9.A.V 9.R.C 9.A.V 9.N.c,2.0 1.5 1.75 1.3 0.8,ŋaran,0.0,2724.0
342,name,BILAAN KORONADAL,dagit,d a g i t,1 7 1 7 1,AXBYN,TAKIT,10.0,10.T.C 10.A.V 10.K.C 10.I.V 10.T.c,2.0 1.5 1.75 1.3 0.8,dagit,0.0,2732.0
382,name,BILAAN SARANGANI,dagit,d a g i t,1 7 1 7 1,AXBYN,TAKIT,11.0,11.T.C 11.A.V 11.K.C 11.I.V 11.T.c,2.0 1.5 1.75 1.3 0.8,dagit,0.0,2732.0
422,name,BINUKID,ŋadan,ŋ a d a n,4 7 1 7 4,AXBYN,NATAN,12.0,12.N.C 12.A.V 12.T.C 12.A.V 12.N.c,2.0 1.5 1.75 1.3 0.8,ŋadan,0.0,2724.0
462,name,BONGGI,eŋardn,e ŋ a r d n,7 4 7 5 1 4,XBYMBC,ENARTN,14.0,14.E.V 14.N.C 14.A.V 14.R.c 14.T.C 14.N.C,1.5 1.75 1.3 1.1 1.75 1.5,eŋardn,0.0,2736.0
502,name,BONTOC GUINAANG,ŋadan,ŋ a d a n,4 7 1 7 4,AXBYN,NATAN,15.0,15.N.C 15.A.V 15.T.C 15.A.V 15.N.c,2.0 1.5 1.75 1.3 0.8,ŋadan,0.0,2724.0
542,name,BROOKES POINT PALAWAN,ŋaran,ŋ a r a n,4 7 5 7 4,AXBYN,NARAN,16.0,16.N.C 16.A.V 16.R.C 16.A.V 16.N.c,2.0 1.5 1.75 1.3 0.8,ŋaran,0.0,2724.0
582,name,BUHI,ŋaran,ŋ a r a n,4 7 5 7 4,AXBYN,NARAN,17.0,17.N.C 17.A.V 17.R.C 17.A.V 17.N.c,2.0 1.5 1.75 1.3 0.8,ŋaran,0.0,2724.0
622,name,BUHINON ALBAY BICOLANO,ŋaran,ŋ a r a n,4 7 5 7 4,AXBYN,NARAN,18.0,18.N.C 18.A.V 18.R.C 18.A.V 18.N.c,2.0 1.5 1.75 1.3 0.8,ŋaran,0.0,2724.0
662,name,BUKIDNON BINUKID,ŋaran,ŋ a r a n,4 7 5 7 4,AXBYN,NARAN,19.0,19.N.C 19.A.V 19.R.C 19.A.V 19.N.c,2.0 1.5 1.75 1.3 0.8,ŋaran,0.0,2724.0
702,name,BUTUANON,ŋan,ŋ a n,4 7 4,AXN,NAN,20.0,20.N.C 20.A.V 20.N.c,2.0 1.5 0.8,ŋan,0.0,2724.0
742,name,CAIJIA,mi,m i,4 7,AX,MI,21.0,21.M.C 21.I.V,2.0 1.5,mi,1.0,2743.0
782,name,CANIPAAN PALAWAN,ŋaran,ŋ a r a n,4 7 5 7 4,AXBYN,NARAN,22.0,22.N.C 22.A.V 22.R.C 22.A.V 22.N.c,2.0 1.5 1.75 1.3 0.8,ŋaran,0.0,2724.0
822,name,CASIGURAN NEGRITO,ŋahan,ŋ a h a n,4 7 3 7 4,AXBYN,NAHAN,23.0,23.N.C 23.A.V 23.H.C 23.A.V 23.N.c,2.0 1.5 1.75 1.3 0.8,ŋahan,0.0,2745.0
862,name,CEBUANO,ŋalan,ŋ a l a n,4 7 5 7 4,AXBYN,NALAN,24.0,24.N.C 24.A.V 24.L.C 24.A.V 24.N.c,2.0 1.5 1.75 1.3 0.8,ŋalan,0.0,2724.0
902,name,CENTRAL BICOLANO,paŋaran,p a ŋ a r a n,1 7 4 7 5 7 4,AXBYBYN,PANARAN,25.0,25.P.C 25.A.V 25.N.C 25.A.V 25.R.C 25.A.V 25.N.c,2.0 1.5 1.75 1.3 1.75 1.3 0.8,paŋaran,0.0,2747.0
942,name,CENTRAL BONTOC,ŋadan,ŋ a d a n,4 7 1 7 4,AXBYN,NATAN,26.0,26.N.C 26.A.V 26.T.C 26.A.V 26.N.c,2.0 1.5 1.75 1.3 0.8,ŋadan,0.0,2724.0
982,name,CENTRAL DUSUN,ŋaran,ŋ a r a n,4 7 5 7 4,AXBYN,NARAN,27.0,27.N.C 27.A.V 27.R.C 27.A.V 27.N.c,2.0 1.5 1.75 1.3 0.8,ŋaran,0.0,2724.0
1022,name,CENTRAL TAGBANWA,ŋalan,ŋ a l a n,4 7 5 7 4,AXBYN,NALAN,28.0,28.N.C 28.A.V 28.L.C 28.A.V 28.N.c,2.0 1.5 1.75 1.3 0.8,ŋalan,0.0,2724.0
1062,name,CUYONON,aran,a r a n,7 5 7 4,XBYN,ARAN,29.0,29.A.V 29.R.C 29.A.V 29.N.c,1.5 1.75 1.3 0.8,aran,0.0,2751.0
1102,name,DARAGA,ŋaran,ŋ a r a n,4 7 5 7 4,AXBYN,NARAN,30.0,30.N.C 30.A.V 30.R.C 30.A.V 30.N.c,2.0 1.5 1.75 1.3 0.8,ŋaran,0.0,2724.0
1142,name,DUMAGAT CASIGURAN,ŋahen,ŋ a h e n,4 7 3 7 4,AXBYN,NAHEN,31.0,31.N.C 31.A.V 31.H.C 31.E.V 31.N.c,2.0 1.5 1.75 1.3 0.8,ŋahen,0.0,2753.0
1182,name,DUPANINGAN AGTA,nagEn,n a g æ n,4 7 1 7 4,AXBYN,NAKEN,32.0,32.N.C 32.A.V 32.K.C 32.E.V 32.N.c,2.0 1.5 1.75 1.3 0.8,nagæn,0.0,2754.0
1222,name,ENGLISH,nem,n e m,4 7 4,AXN,NEM,33.0,33.N.C 33.E.V 33.M.c,2.0 1.5 0.8,nem,0.0,2755.0
1262,name,ESKAYAN,laŋgis,l a ŋ g i s,5 7 4 1 7 3,AXMBYN,LANKIS,34.0,34.L.C 34.A.V 34.N.c 34.K.C 34.I.V 34.S.c,2.0 1.5 1.1 1.75 1.3 0.8,laŋgis,0.0,2756.0
1302,name,ESTONIAN,nimi,n i m i,4 7 4 7,AXBZ,NIMI,35.0,35.N.C 35.I.V 35.M.C 35.I.V,2.0 1.5 1.75 0.8,nimi,0.0,2757.0
1342,name,FINNISH,nimi,n i m i,4 7 4 7,AXBZ,NIMI,37.0,37.N.C 37.I.V 37.M.C 37.I.V,2.0 1.5 1.75 0.8,nimi,0.0,2757.0
1382,name,FUZHOU CHINESE,miaŋcei,m i a ŋ c e i,4 7 7 4 1 7 7,AXYMBYZ,MIANCEI,38.0,38.M.C 38.I.V 38.A.V 38.N.c 38.C.C 38.E.V 38.I.V,2.0 1.5 1.3 1.1 1.75 1.3 0.8,miaŋcei,0.0,2760.0
1422,name,GADDANG,ŋan,ŋ a n,4 7 4,AXN,NAN,39.0,39.N.C 39.A.V 39.N.c,2.0 1.5 0.8,ŋan,0.0,2724.0
1462,name,HANUNOO,ŋaran,ŋ a r a n,4 7 5 7 4,AXBYN,NARAN,40.0,40.N.C 40.A.V 40.R.C 40.A.V 40.N.c,2.0 1.5 1.75 1.3 0.8,ŋaran,0.0,2724.0
1502,name,HIGAONON BINUKID,ŋaran,ŋ a r a n,4 7 5 7 4,AXBYN,NARAN,41.0,41.N.C 41.A.V 41.R.C 41.A.V 41.N.c,2.0 1.5 1.75 1.3 0.8,ŋaran,0.0,2724.0
1542,name,HUNGARIAN,nev,n e v,4 7 3,AXN,NEB,43.0,43.N.C 43.E.V 43.B.c,2.0 1.5 0.8,nev,0.0,2765.0
1582,name,IBALOI,ŋaran,ŋ a r a n,4 7 5 7 4,AXBYN,NARAN,44.0,44.N.C 44.A.V 44.R.C 44.A.V 44.N.c,2.0 1.5 1.75 1.3 0.8,ŋaran,0.0,2766.0
1622,name,IBANAG,ŋagan,ŋ a g a n,4 7 1 7 4,AXBYN,NAKAN,45.0,45.N.C 45.A.V 45.K.C 45.A.V 45.N.c,2.0 1.5 1.75 1.3 0.8,ŋagan,0.0,2724.0
1662,name,IDAAN,naran,n a r a n,4 7 5 7 4,AXBYN,NARAN,46.0,46.N.C 46.A.V 46.R.C 46.A.V 46.N.c,2.0 1.5 1.75 1.3 0.8,naran,0.0,2724.0
1702,name,IFUGAO AMGANAD,ŋadan,ŋ a d a n,4 7 1 7 4,AXBYN,NATAN,47.0,47.N.C 47.A.V 47.T.C 47.A.V 47.N.c,2.0 1.5 1.75 1.3 0.8,ŋadan,0.0,2724.0
1742,name,IFUGAO BATAD,ŋadan,ŋ a d a n,4 7 1 7 4,AXBYN,NATAN,48.0,48.N.C 48.A.V 48.T.C 48.A.V 48.N.c,2.0 1.5 1.75 1.3 0.8,ŋadan,0.0,2724.0
1782,name,IFUGAO BAYNINAN,ŋadan,ŋ a d a n,4 7 1 7 4,AXBYN,NATAN,49.0,49.N.C 49.A.V 49.T.C 49.A.V 49.N.c,2.0 1.5 1.75 1.3 0.8,ŋadan,0.0,2724.0
1822,name,ILOKANO,nagan,n a g a n,4 7 1 7 4,AXBYN,NAKAN,50.0,50.N.C 50.A.V 50.K.C 50.A.V 50.N.c,2.0 1.5 1.75 1.3 0.8,nagan,0.0,2724.0
1862,name,ILONGOT KAKIDUGEN,ŋadən,ŋ a d ə n,4 7 1 7 4,AXBYN,NATEN,51.0,51.N.C 51.A.V 51.T.C 51.E.V 51.N.c,2.0 1.5 1.75 1.3 0.8,ŋadən,0.0,2724.0
1902,name,INIBALOI,ŋaran,ŋ a r a n,4 7 5 7 4,AXBYN,NARAN,54.0,54.N.C 54.A.V 54.R.C 54.A.V 54.N.c,2.0 1.5 1.75 1.3 0.8,ŋaran,0.0,2766.0
1942,name,IRANUN,ŋaran,ŋ a r a n,4 7 5 7 4,AXBYN,NARAN,55.0,55.N.C 55.A.V 55.R.C 55.A.V 55.N.c,2.0 1.5 1.75 1.3 0.8,ŋaran,0.0,2724.0
1982,name,IRIGA,ŋaran,ŋ a r a n,4 7 5 7 4,AXBYN,NARAN,57.0,57.N.C 57.A.V 57.R.C 57.A.V 57.N.c,2.0 1.5 1.75 1.3 0.8,ŋaran,0.0,2724.0
2022,name,ISNAG,ŋagan,ŋ a g a n,4 7 1 7 4,AXBYN,NAKAN,59.0,59.N.C 59.A.V 59.K.C 59.A.V 59.N.c,2.0 1.5 1.75 1.3 0.8,ŋagan,0.0,2724.0
2062,name,ISNEG,ŋagan,ŋ a g a n,4 7 1 7 4,AXBYN,NAKAN,60.0,60.N.C 60.A.V 60.K.C 60.A.V 60.N.c,2.0 1.5 1.75 1.3 0.8,ŋagan,0.0,2724.0
2102,name,ITAWIT,nEhEn,n <?> æ n,4 0 7 4,ACYN,N0EN,61.0,61.N.C 61.0.C 61.E.V 61.N.c,2.0 1.5 1.3 0.8,n<?>æn,0.0,2754.0
2142,name,ITBAYATEN BATANES ISLANDS,ŋaran,ŋ a r a n,4 7 5 7 4,AXBYN,NARAN,62.0,62.N.C 62.A.V 62.R.C 62.A.V 62.N.c,2.0 1.5 1.75 1.3 0.8,ŋaran,0.0,2724.0
2182,name,ITNEG BINONGAN,ŋalan,ŋ a l a n,4 7 5 7 4,AXBYN,NALAN,63.0,63.N.C 63.A.V 63.L.C 63.A.V 63.N.c,2.0 1.5 1.75 1.3 0.8,ŋalan,0.0,2724.0
2222,name,IVATAN BATANES ISLANDS,ŋaran,ŋ a r a n,4 7 5 7 4,AXBYN,NARAN,65.0,65.N.C 65.A.V 65.R.C 65.A.V 65.N.c,2.0 1.5 1.75 1.3 0.8,ŋaran,0.0,2724.0
2262,name,JAPANESE,na,n a,4 7,AX,,66.0,66.N.C 66.A.V,2.0 1.5,na,0.0,2788.0
2302,name,KADAZAN,ŋan,ŋ a n,4 7 4,AXN,NAN,67.0,67.N.C 67.A.V 67.N.c,2.0 1.5 0.8,ŋan,0.0,2724.0
2342,name,KAGAYANEN,ŋaran,ŋ a r a n,4 7 5 7 4,AXBYN,NARAN,68.0,68.N.C 68.A.V 68.R.C 68.A.V 68.N.c,2.0 1.5 1.75 1.3 0.8,ŋaran,0.0,2724.0
2382,name,KALAGAN,ŋalan,ŋ a l a n,4 7 5 7 4,AXBYN,NALAN,69.0,69.N.C 69.A.V 69.L.C 69.A.V 69.N.c,2.0 1.5 1.75 1.3 0.8,ŋalan,0.0,2724.0
2422,name,KALINGA GUINAANG,ŋadan,ŋ a d a n,4 7 1 7 4,AXBYN,NATAN,70.0,70.N.C 70.A.V 70.T.C 70.A.V 70.N.c,2.0 1.5 1.75 1.3 0.8,ŋadan,0.0,2724.0
2462,name,KALINGA LIMOS,ŋadan,ŋ a d a n,4 7 1 7 4,AXBYN,NATAN,71.0,71.N.C 71.A.V 71.T.C 71.A.V 71.N.c,2.0 1.5 1.75 1.3 0.8,ŋadan,0.0,2724.0
2502,name,KALLAHAN KAYAPA PROPER,ŋadan,ŋ a d a n,4 7 1 7 4,AXBYN,NATAN,72.0,72.N.C 72.A.V 72.T.C 72.A.V 72.N.c,2.0 1.5 1.75 1.3 0.8,ŋadan,0.0,2724.0
2542,name,KALLAHAN KELEYQIQ IFUGAO,ŋadan,ŋ a d a n,4 7 1 7 4,AXBYN,NATAN,73.0,73.N.C 73.A.V 73.T.C 73.A.V 73.N.c,2.0 1.5 1.75 1.3 0.8,ŋadan,0.0,2724.0
2582,name,KANKANAY NORTHERN,ŋadan,ŋ a d a n,4 7 1 7 4,AXBYN,NATAN,75.0,75.N.C 75.A.V 75.T.C 75.A.V 75.N.c,2.0 1.5 1.75 1.3 0.8,ŋadan,0.0,2724.0
2622,name,KAPAMPANGAN,lagjuʔ,l a g j u ʔ,5 7 1 6 7 1,AXBCYN,LAKJYH,76.0,76.L.C 76.A.V 76.K.C 76.J.C 76.Y.V 76.H.c,2.0 1.5 1.75 1.5 1.3 0.8,lagjuʔ,0.0,2798.0
2702,name,KOREAN,irum,i r u m,7 5 7 4,XBYN,IRYM,78.0,78.I.V 78.R.C 78.Y.V 78.M.c,1.5 1.75 1.3 0.8,irum,0.0,2799.0
2742,name,LEGAZPI,ŋaran,ŋ a r a n,4 7 5 7 4,AXBYN,NARAN,79.0,79.N.C 79.A.V 79.R.C 79.A.V 79.N.c,2.0 1.5 1.75 1.3 0.8,ŋaran,0.0,2724.0
2782,name,LIBON,ŋaran,ŋ a r a n,4 7 5 7 4,AXBYN,NARAN,80.0,80.N.C 80.A.V 80.R.C 80.A.V 80.N.c,2.0 1.5 1.75 1.3 0.8,ŋaran,0.0,2724.0
2822,name,LIVE,nim,n i m,4 7 4,AXN,NIM,82.0,82.N.C 82.I.V 82.M.c,2.0 1.5 0.8,nim,0.0,2757.0
2862,name,MAGUINDANAO,ŋala,ŋ a l a,4 7 5 7,AXBZ,NALA,83.0,83.N.C 83.A.V 83.L.C 83.A.V,2.0 1.5 1.75 0.8,ŋala,0.0,2724.0
2902,name,MAMANWA,ŋaran,ŋ a r a n,4 7 5 7 4,AXBYN,NARAN,84.0,84.N.C 84.A.V 84.R.C 84.A.V 84.N.c,2.0 1.5 1.75 1.3 0.8,ŋaran,0.0,2724.0
2942,name,MANOBO ATA,ŋadan,ŋ a d a n,4 7 1 7 4,AXBYN,NATAN,88.0,88.N.C 88.A.V 88.T.C 88.A.V 88.N.c,2.0 1.5 1.75 1.3 0.8,ŋadan,0.0,2724.0
2982,name,MANOBO DIBABAWON,ŋadan,ŋ a d a n,4 7 1 7 4,AXBYN,NATAN,89.0,89.N.C 89.A.V 89.T.C 89.A.V 89.N.c,2.0 1.5 1.75 1.3 0.8,ŋadan,0.0,2724.0
3022,name,MANOBO ILIANEN,ŋaran,ŋ a r a n,4 7 5 7 4,AXBYN,NARAN,90.0,90.N.C 90.A.V 90.R.C 90.A.V 90.N.c,2.0 1.5 1.75 1.3 0.8,ŋaran,0.0,2724.0
3062,name,MANOBO KALAMANSIG COTABATO,ŋadan,ŋ a d a n,4 7 1 7 4,AXBYN,NATAN,91.0,91.N.C 91.A.V 91.T.C 91.A.V 91.N.c,2.0 1.5 1.75 1.3 0.8,ŋadan,0.0,2724.0
3102,name,MANOBO SARANGANI,ŋadan,ŋ a d a n,4 7 1 7 4,AXBYN,NATAN,92.0,92.N.C 92.A.V 92.T.C 92.A.V 92.N.c,2.0 1.5 1.75 1.3 0.8,ŋadan,0.0,2724.0
3142,name,MANOBO TIGWA,ŋadan,ŋ a d a n,4 7 1 7 4,AXBYN,NATAN,93.0,93.N.C 93.A.V 93.T.C 93.A.V 93.N.c,2.0 1.5 1.75 1.3 0.8,ŋadan,0.0,2724.0
3182,name,MANOBO WESTERN BUKIDNON,ŋazan,ŋ a z a n,4 7 3 7 4,AXBYN,NASAN,94.0,94.N.C 94.A.V 94.S.C 94.A.V 94.N.c,2.0 1.5 1.75 1.3 0.8,ŋazan,0.0,2724.0
3222,name,MANSAKA,aran,a r a n,7 5 7 4,XBYN,ARAN,95.0,95.A.V 95.R.C 95.A.V 95.N.c,1.5 1.75 1.3 0.8,aran,0.0,2751.0
3262,name,MAPUN,awon,a w o n,7 6 7 4,XBYN,AWUN,97.0,97.A.V 97.W.C 97.U.V 97.N.c,1.5 1.75 1.3 0.8,awon,0.0,2728.0
3302,name,MARANAO,ŋaran,ŋ a r a n,4 7 5 7 4,AXBYN,NARAN,98.0,98.N.C 98.A.V 98.R.C 98.A.V 98.N.c,2.0 1.5 1.75 1.3 0.8,ŋaran,0.0,2724.0
3342,name,MARINDUQUE TAGALOG,paŋalan,p a ŋ a l a n,1 7 4 7 5 7 4,AXBYBYN,PANALAN,99.0,99.P.C 99.A.V 99.N.C 99.A.V 99.L.C 99.A.V 99.N.c,2.0 1.5 1.75 1.3 1.75 1.3 0.8,paŋalan,0.0,2747.0
3382,name,MASBATENYO,ŋaran,ŋ a r a n,4 7 5 7 4,AXBYN,NARAN,100.0,100.N.C 100.A.V 100.R.C 100.A.V 100.N.c,2.0 1.5 1.75 1.3 0.8,ŋaran,0.0,2724.0
3422,name,MINANGALI LOWER TANUDAN KALINGA,ŋadan,ŋ a d a n,4 7 1 7 4,AXBYN,NATAN,101.0,101.N.C 101.A.V 101.T.C 101.A.V 101.N.c,2.0 1.5 1.75 1.3 0.8,ŋadan,0.0,2724.0
3462,name,MOKSHA,ljem,l j e m,5 6 7 4,ACXN,LJEM,102.0,102.L.C 102.J.C 102.E.V 102.M.c,2.0 1.5 1.5 0.8,ljem,0.0,2823.0
3502,name,MOLBOG,ŋadan,ŋ a d a n,4 7 1 7 4,AXBYN,NATAN,103.0,103.N.C 103.A.V 103.T.C 103.A.V 103.N.c,2.0 1.5 1.75 1.3 0.8,ŋadan,0.0,2724.0
3542,name,MOLBOG 2,ŋadan,ŋ a d a n,4 7 1 7 4,AXBYN,NATAN,104.0,104.N.C 104.A.V 104.T.C 104.A.V 104.N.c,2.0 1.5 1.75 1.3 0.8,ŋadan,0.0,2724.0
3582,name,MONGOLIAN,nir,n i r,4 7 5,AXN,NIR,105.0,105.N.C 105.I.V 105.R.c,2.0 1.5 0.8,nir,0.0,2765.0
3622,name,MORO MAGINDANAU,ŋalan,ŋ a l a n,4 7 5 7 4,AXBYN,NALAN,106.0,106.N.C 106.A.V 106.L.C 106.A.V 106.N.c,2.0 1.5 1.75 1.3 0.8,ŋalan,0.0,2724.0
3662,name,NAGA,ŋaran,ŋ a r a n,4 7 5 7 4,AXBYN,NARAN,107.0,107.N.C 107.A.V 107.R.C 107.A.V 107.N.c,2.0 1.5 1.75 1.3 0.8,ŋaran,0.0,2724.0
3702,name,NORTHERN CATANDUANES,ŋaran,ŋ a r a n,4 7 5 7 4,AXBYN,NARAN,108.0,108.N.C 108.A.V 108.R.C 108.A.V 108.N.c,2.0 1.5 1.75 1.3 0.8,ŋaran,0.0,2724.0
3742,name,NORTHERN SORSOGON,ŋaran,ŋ a r a n,4 7 5 7 4,AXBYN,NARAN,109.0,109.N.C 109.A.V 109.R.C 109.A.V 109.N.c,2.0 1.5 1.75 1.3 0.8,ŋaran,0.0,2724.0
3782,name,OAS,ŋaran,ŋ a r a n,4 7 5 7 4,AXBYN,NARAN,110.0,110.N.C 110.A.V 110.R.C 110.A.V 110.N.c,2.0 1.5 1.75 1.3 0.8,ŋaran,0.0,2724.0
3822,name,PALAWANO BATAK,ŋaran,ŋ a r a n,4 7 5 7 4,AXBYN,NARAN,111.0,111.N.C 111.A.V 111.R.C 111.A.V 111.N.c,2.0 1.5 1.75 1.3 0.8,ŋaran,0.0,2724.0
3862,name,PANGASINAN,ŋaran,ŋ a r a n,4 7 5 7 4,AXBYN,NARAN,112.0,112.N.C 112.A.V 112.R.C 112.A.V 112.N.c,2.0 1.5 1.75 1.3 0.8,ŋaran,0.0,2724.0
3902,name,PANGUTARAN SAMA,on,o n,7 4,XN,UN,113.0,113.U.V 113.N.c,1.5 0.8,on,0.0,2728.0
3942,name,PANGUTARAN SAMA (1),on,o n,7 4,XN,UN,114.0,114.U.V 114.N.c,1.5 0.8,on,0.0,2728.0
3982,name,PROTO PALAWAN,ŋaran,ŋ a r a n,4 7 5 7 4,AXBYN,NARAN,115.0,115.N.C 115.A.V 115.R.C 115.A.V 115.N.c,2.0 1.5 1.75 1.3 0.8,ŋaran,0.0,2724.0
4022,name,QUEZON PALAWAN,ŋaran,ŋ a r a n,4 7 5 7 4,AXBYN,NARAN,117.0,117.N.C 117.A.V 117.R.C 117.A.V 117.N.c,2.0 1.5 1.75 1.3 0.8,ŋaran,0.0,2724.0
4062,name,ROMBLOMANON 1,ŋajan,ŋ a j a n,4 7 6 7 4,AXBYN,NAJAN,118.0,118.N.C 118.A.V 118.J.C 118.A.V 118.N.c,2.0 1.5 1.75 1.3 0.8,ŋajan,0.0,2724.0
4102,name,ROMBLOMANON 2,tawag,t a w a g,1 7 6 7 1,AXBYN,TAWAK,119.0,119.T.C 119.A.V 119.W.C 119.A.V 119.K.c,2.0 1.5 1.75 1.3 0.8,tawag,0.0,2840.0
4142,name,SAMAL,oon,oo n,7 4,XN,UN,120.0,120.U.V 120.N.c,1.5 0.8,oon,0.0,2728.0
4182,name,SAMBAL BOTOLAN,ŋalan,ŋ a l a n,4 7 5 7 4,AXBYN,NALAN,121.0,121.N.C 121.A.V 121.L.C 121.A.V 121.N.c,2.0 1.5 1.75 1.3 0.8,ŋalan,0.0,2724.0
4222,name,SANGIL,aleŋ,a l e ŋ,7 5 7 4,XBYN,ALEN,122.0,122.A.V 122.L.C 122.E.V 122.N.c,1.5 1.75 1.3 0.8,aleŋ,0.0,2751.0
4262,name,SANGIL SARANGANI ISLANDS,aleŋ,a l e ŋ,7 5 7 4,XBYN,ALEN,123.0,123.A.V 123.L.C 123.E.V 123.N.c,1.5 1.75 1.3 0.8,aleŋ,0.0,2751.0
4302,name,SEDANG,inai,i n a i,7 4 7 7,XBYZ,INAI,124.0,124.I.V 124.N.C 124.A.V 124.I.V,1.5 1.75 1.3 0.8,inai,0.0,2845.0
4382,name,SOGODNIN BORACAY,ŋaran,ŋ a r a n,4 7 5 7 4,AXBYN,NARAN,127.0,127.N.C 127.A.V 127.R.C 127.A.V 127.N.c,2.0 1.5 1.75 1.3 0.8,ŋaran,0.0,2724.0
4422,name,SOUTH SAAMI,nomə,n o m ə,4 7 4 7,AXBZ,NUME,128.0,128.N.C 128.U.V 128.M.C 128.E.V,2.0 1.5 1.75 0.8,nomə,0.0,2848.0
4462,name,SOUTHERN CATANDUANES,ŋalan,ŋ a l a n,4 7 5 7 4,AXBYN,NALAN,129.0,129.N.C 129.A.V 129.L.C 129.A.V 129.N.c,2.0 1.5 1.75 1.3 0.8,ŋalan,0.0,2724.0
4502,name,SOUTHERN SORSOGON,ŋaran,ŋ a r a n,4 7 5 7 4,AXBYN,NARAN,131.0,131.N.C 131.A.V 131.R.C 131.A.V 131.N.c,2.0 1.5 1.75 1.3 0.8,ŋaran,0.0,2724.0
4542,name,SOUTHWEST PALAWANO,ŋaran,ŋ a r a n,4 7 5 7 4,AXBYN,NARAN,132.0,132.N.C 132.A.V 132.R.C 132.A.V 132.N.c,2.0 1.5 1.75 1.3 0.8,ŋaran,0.0,2724.0
4582,name,SPANISH,nombre,n o m b r e,4 7 4 1 5 7,AXMBCZ,NUMPRE,133.0,133.N.C 133.U.V 133.M.c 133.P.C 133.R.C 133.E.V,2.0 1.5 1.1 1.75 1.5 0.8,nombre,0.0,2853.0
4622,name,SUBANON SIOCON,ŋalan,ŋ a l a n,4 7 5 7 4,AXBYN,NALAN,134.0,134.N.C 134.A.V 134.L.C 134.A.V 134.N.c,2.0 1.5 1.75 1.3 0.8,ŋalan,0.0,2724.0
4662,name,SUBANUN SINDANGAN,ŋalan,ŋ a l a n,4 7 5 7 4,AXBYN,NALAN,135.0,135.N.C 135.A.V 135.L.C 135.A.V 135.N.c,2.0 1.5 1.75 1.3 0.8,ŋalan,0.0,2724.0
4702,name,SURIGAONON,ŋajan,ŋ a j a n,4 7 6 7 4,AXBYN,NAJAN,136.0,136.N.C 136.A.V 136.J.C 136.A.V 136.N.c,2.0 1.5 1.75 1.3 0.8,ŋajan,0.0,2724.0
4742,name,TAGABAWA,ŋadan,ŋ a d a n,4 7 1 7 4,AXBYN,NATAN,137.0,137.N.C 137.A.V 137.T.C 137.A.V 137.N.c,2.0 1.5 1.75 1.3 0.8,ŋadan,0.0,2724.0
4782,name,TAGABILI,boluj,b o l u j,1 7 5 7 6,AXBYN,PULYJ,138.0,138.P.C 138.U.V 138.L.C 138.Y.V 138.J.c,2.0 1.5 1.75 1.3 0.8,boluj,0.0,2858.0
4822,name,TAGALOG,paŋalan,p a ŋ a l a n,1 7 4 7 5 7 4,AXBYBYN,PANALAN,139.0,139.P.C 139.A.V 139.N.C 139.A.V 139.L.C 139.A.V 139.N.c,2.0 1.5 1.75 1.3 1.75 1.3 0.8,paŋalan,0.0,2747.0
4862,name,TAGBANUA ABORLAN,ŋaran,ŋ a r a n,4 7 5 7 4,AXBYN,NARAN,140.0,140.N.C 140.A.V 140.R.C 140.A.V 140.N.c,2.0 1.5 1.75 1.3 0.8,ŋaran,0.0,2724.0
4902,name,TAGBANWA ABORLAN,ŋaran,ŋ a r a n,4 7 5 7 4,AXBYN,NARAN,141.0,141.N.C 141.A.V 141.R.C 141.A.V 141.N.c,2.0 1.5 1.75 1.3 0.8,ŋaran,0.0,2724.0
4942,name,TAGBANWA KALAMIAN,aran,a r a n,7 5 7 4,XBYN,ARAN,142.0,142.A.V 142.R.C 142.A.V 142.N.c,1.5 1.75 1.3 0.8,aran,0.0,2751.0
4982,name,TALAANDIG BINUKID,ŋaran,ŋ a r a n,4 7 5 7 4,AXBYN,NARAN,143.0,143.N.C 143.A.V 143.R.C 143.A.V 143.N.c,2.0 1.5 1.75 1.3 0.8,ŋaran,0.0,2846.0
5022,name,TAMBUNAN DUSUN,ŋaran,ŋ a r a n,4 7 5 7 4,AXBYN,NARAN,144.0,144.N.C 144.A.V 144.R.C 144.A.V 144.N.c,2.0 1.5 1.75 1.3 0.8,ŋaran,0.0,2724.0
5062,name,TAUSUG,ŋan,ŋ a n,4 7 4,AXN,NAN,145.0,145.N.C 145.A.V 145.N.c,2.0 1.5 0.8,ŋan,0.0,2724.0
5102,name,TAUT BATU,ŋaran,ŋ a r a n,4 7 5 7 4,AXBYN,NARAN,146.0,146.N.C 146.A.V 146.R.C 146.A.V 146.N.c,2.0 1.5 1.75 1.3 0.8,ŋaran,0.0,2724.0
5142,name,TBOLI TAGABILI,boluj,b o l u j,1 7 5 7 6,AXBYN,PULYJ,147.0,147.P.C 147.U.V 147.L.C 147.Y.V 147.J.c,2.0 1.5 1.75 1.3 0.8,boluj,0.0,2858.0
5182,name,TIMUGON MURUT,galan,g a l a n,1 7 5 7 4,AXBYN,KALAN,148.0,148.K.C 148.A.V 148.L.C 148.A.V 148.N.c,2.0 1.5 1.75 1.3 0.8,galan,0.0,2751.0
5222,name,TIRURAY,dawet,d a w e t,1 7 6 7 1,AXBYN,TAWET,149.0,149.T.C 149.A.V 149.W.C 149.E.V 149.T.c,2.0 1.5 1.75 1.3 0.8,dawet,0.0,2869.0
5262,name,TURKISH,isim,i s i m,7 3 7 4,XBYN,ISIM,150.0,150.I.V 150.S.C 150.I.V 150.M.c,1.5 1.75 1.3 0.8,isim,0.0,2870.0
5302,name,UGARITIC,Sm,s m,3 4,AC,SM,151.0,151.S.C 151.M.C,2.0 1.5,sm,0.0,2871.0
5342,name,WARAY WARAY,ŋaran,ŋ a r a n,4 7 5 7 4,AXBYN,NARAN,152.0,152.N.C 152.A.V 152.R.C 152.A.V 152.N.c,2.0 1.5 1.75 1.3 0.8,ŋaran,0.0,2724.0
5382,name,YAKAN,alen,a l e n,7 5 7 4,XBYN,ALEN,153.0,153.A.V 153.L.C 153.E.V 153.N.c,1.5 1.75 1.3 0.8,alen,0.0,2751.0
5422,name,YOGAD,nagan,n a g a n,4 7 1 7 4,AXBYN,NAKAN,154.0,154.N.C 154.A.V 154.K.C 154.A.V 154.N.c,2.0 1.5 1.75 1.3 0.8,nagan,0.0,2724.0
5502,name,IMOROD,ŋaran,ŋ a r a n,4 7 5 7 4,AXBYN,NARAN,52.0,52.N.C 52.A.V 52.R.C 52.A.V 52.N.c,2.0 1.5 1.75 1.3 0.8,ŋaran,0.0,2724.0
5542,name,BABUYAN,ŋaran,ŋ a r a n,4 7 5 7 4,AXBYN,NARAN,4.0,4.N.C 4.A.V 4.R.C 4.A.V 4.N.c,2.0 1.5 1.75 1.3 0.8,ŋaran,0.0,2724.0
5582,name,BISAYA SABAH,naran,n a r a n,4 7 5 7 4,AXBYN,NARAN,13.0,13.N.C 13.A.V 13.R.C 13.A.V 13.N.c,2.0 1.5 1.75 1.3 0.8,naran,0.0,2724.0
5622,name,FINALLIG,ŋadan,ŋ a d a n,4 7 1 7 4,AXBYN,NATAN,36.0,36.N.C 36.A.V 36.T.C 36.A.V 36.N.c,2.0 1.5 1.75 1.3 0.8,ŋadan,0.0,2724.0
5662,name,HILIGAYNON,ŋalan,ŋ a l a n,4 7 5 7 4,AXBYN,NALAN,42.0,42.N.C 42.A.V 42.L.C 42.A.V 42.N.c,2.0 1.5 1.75 1.3 0.8,ŋalan,0.0,2724.0
5702,name,INABAKNON,aron,a r o n,7 5 7 4,XBYN,ARUN,53.0,53.A.V 53.R.C 53.U.V 53.N.c,1.5 1.75 1.3 0.8,aron,0.0,2775.0
5742,name,IRARALAY IVATAN,ŋaran,ŋ a r a n,4 7 5 7 4,AXBYN,NARAN,56.0,56.N.C 56.A.V 56.R.C 56.A.V 56.N.c,2.0 1.5 1.75 1.3 0.8,ŋaran,0.0,2724.0
5782,name,ISAMORONG IVATAN,ŋaran,ŋ a r a n,4 7 5 7 4,AXBYN,NARAN,58.0,58.N.C 58.A.V 58.R.C 58.A.V 58.N.c,2.0 1.5 1.75 1.3 0.8,ŋaran,0.0,2724.0
5822,name,IVASAY IVATAN,ŋaran,ŋ a r a n,4 7 5 7 4,AXBYN,NARAN,64.0,64.N.C 64.A.V 64.R.C 64.A.V 64.N.c,2.0 1.5 1.75 1.3 0.8,ŋaran,0.0,2724.0
5862,name,KANKANAEY,ŋadan,ŋ a d a n,4 7 1 7 4,AXBYN,NATAN,74.0,74.N.C 74.A.V 74.T.C 74.A.V 74.N.c,2.0 1.5 1.75 1.3 0.8,ŋadan,0.0,2724.0
5902,name,LIMOS KALINGA,ŋadan,ŋ a d a n,4 7 1 7 4,AXBYN,NATAN,81.0,81.N.C 81.A.V 81.T.C 81.A.V 81.N.c,2.0 1.5 1.75 1.3 0.8,ŋadan,0.0,2724.0
5942,name,MANDAYAN BOSO,galan,g a l a n,1 7 5 7 4,AXBYN,KALAN,85.0,85.K.C 85.A.V 85.L.C 85.A.V 85.N.c,2.0 1.5 1.75 1.3 0.8,galan,0.0,2751.0
5982,name,MANDAYAN CARAGA,galan,g a l a n,1 7 5 7 4,AXBYN,KALAN,86.0,86.K.C 86.A.V 86.L.C 86.A.V 86.N.c,2.0 1.5 1.75 1.3 0.8,galan,0.0,2751.0
6022,name,MANDAYAN ISLAM PISO,gaan,g aa n,1 7 4,AXN,KAN,87.0,87.K.C 87.A.V 87.N.c,2.0 1.5 0.8,gaan,0.0,2754.0
6062,name,MANSAKA 2,galan,g a l a n,1 7 5 7 4,AXBYN,KALAN,96.0,96.K.C 96.A.V 96.L.C 96.A.V 96.N.c,2.0 1.5 1.75 1.3 0.8,galan,0.0,2751.0
6102,name,PROTO SOUTHERN MINDANAO,dagit,d a g i t,1 7 1 7 1,AXBYN,TAKIT,116.0,116.T.C 116.A.V 116.K.C 116.I.V 116.T.c,2.0 1.5 1.75 1.3 0.8,dagit,0.0,2732.0
6142,name,SINAUNA,ŋaran,ŋ a r a n,4 7 5 7 4,AXBYN,NARAN,126.0,126.N.C 126.A.V 126.R.C 126.A.V 126.N.c,2.0 1.5 1.75 1.3 0.8,ŋaran,0.0,2846.0
6182,name,SOUTHERN KALINGA,ŋaCan,ŋ a c a n,4 7 1 7 4,AXBYN,NACAN,130.0,130.N.C 130.A.V 130.C.C 130.A.V 130.N.c,2.0 1.5 1.75 1.3 0.8,ŋacan,0.0,2724.0
23,new,AGTA,bagu,b a g u,1 7 1 7,AXBZ,PAKY,1.0,1.P.C 1.A.V 1.K.C 1.Y.V,2.0 1.5 1.75 0.8,bagu,0.0,2872.0
63,new,AKLANON,bagʔuh,b a g ʔ u h,1 7 1 1 7 3,AXMBYN,PAKHYH,2.0,2.P.C 2.A.V 2.K.c 2.H.C 2.Y.V 2.H.c,2.0 1.5 1.1 1.75 1.3 0.8,bagʔuh,0.0,2873.0
103,new,ATTA PAMPLONA,bagu,b a g u,1 7 1 7,AXBZ,PAKY,3.0,3.P.C 3.A.V 3.K.C 3.Y.V,2.0 1.5 1.75 0.8,bagu,0.0,2872.0
143,new,BALANGAW,kaʔʔamma,k a ʔʔ a mm a,1 7 1 7 4 7,AXBYBZ,KAHAMA,5.0,5.K.C 5.A.V 5.H.C 5.A.V 5.M.C 5.A.V,2.0 1.5 1.75 1.3 1.75 0.8,kaʔʔamma,0.0,2876.0
183,new,BALANGINGI SAMA,bahaʔu,b a h a ʔ u,1 7 3 7 1 7,AXBYBZ,PAHAHY,6.0,6.P.C 6.A.V 6.H.C 6.A.V 6.H.C 6.Y.V,2.0 1.5 1.75 1.3 1.75 0.8,bahaʔu,0.0,2877.0
223,new,BALANGINGI SAMA (1),bahaʔu,b a h a ʔ u,1 7 3 7 1 7,AXBYBZ,PAHAHY,7.0,7.P.C 7.A.V 7.H.C 7.A.V 7.H.C 7.Y.V,2.0 1.5 1.75 1.3 1.75 0.8,bahaʔu,0.0,2877.0
263,new,BASQUE,berri,b e rr i,1 7 5 7,AXBZ,PERI,8.0,8.P.C 8.E.V 8.R.C 8.I.V,2.0 1.5 1.75 0.8,berri,0.0,2879.0
303,new,BATAK PALAWAN,baʔgu,b a ʔ g u,1 7 1 1 7,AXMBZ,PAHKY,9.0,9.P.C 9.A.V 9.H.c 9.K.C 9.Y.V,2.0 1.5 1.1 1.75 0.8,baʔgu,0.0,2872.0
343,new,BILAAN KORONADAL,falami,f a l a m i,3 7 5 7 4 7,AXBYBZ,BALAMI,10.0,10.B.C 10.A.V 10.L.C 10.A.V 10.M.C 10.I.V,2.0 1.5 1.75 1.3 1.75 0.8,falami,0.0,2881.0
383,new,BILAAN SARANGANI,falami,f a l a m i,3 7 5 7 4 7,AXBYBZ,BALAMI,11.0,11.B.C 11.A.V 11.L.C 11.A.V 11.M.C 11.I.V,2.0 1.5 1.75 1.3 1.75 0.8,falami,0.0,2881.0
423,new,BINUKID,bagʔu,b a g ʔ u,1 7 1 1 7,AXMBZ,PAKHY,12.0,12.P.C 12.A.V 12.K.c 12.H.C 12.Y.V,2.0 1.5 1.1 1.75 0.8,bagʔu,0.0,2883.0
463,new,BONGGI,baru,b a r u,1 7 5 7,AXBZ,PARY,14.0,14.P.C 14.A.V 14.R.C 14.Y.V,2.0 1.5 1.75 0.8,baru,0.0,2885.0
503,new,BONTOC GUINAANG,balo,b a l o,1 7 5 7,AXBZ,PALU,15.0,15.P.C 15.A.V 15.L.C 15.U.V,2.0 1.5 1.75 0.8,balo,0.0,2885.0
543,new,BROOKES POINT PALAWAN,bagu,b a g u,1 7 1 7,AXBZ,PAKY,16.0,16.P.C 16.A.V 16.K.C 16.Y.V,2.0 1.5 1.75 0.8,bagu,0.0,2872.0
583,new,BUHI,bagʔu,b a g ʔ u,1 7 1 1 7,AXMBZ,PAKHY,17.0,17.P.C 17.A.V 17.K.c 17.H.C 17.Y.V,2.0 1.5 1.1 1.75 0.8,bagʔu,0.0,2883.0
623,new,BUHINON ALBAY BICOLANO,bago,b a g o,1 7 1 7,AXBZ,PAKU,18.0,18.P.C 18.A.V 18.K.C 18.U.V,2.0 1.5 1.75 0.8,bago,0.0,2872.0
663,new,BUKIDNON BINUKID,bagʔu,b a g ʔ u,1 7 1 1 7,AXMBZ,PAKHY,19.0,19.P.C 19.A.V 19.K.c 19.H.C 19.Y.V,2.0 1.5 1.1 1.75 0.8,bagʔu,0.0,2883.0
703,new,BUTUANON,bago,b a g o,1 7 1 7,AXBZ,PAKU,20.0,20.P.C 20.A.V 20.K.C 20.U.V,2.0 1.5 1.75 0.8,bago,0.0,2872.0
743,new,CAIJIA,Sin,s i n,3 7 4,AXN,SIN,21.0,21.S.C 21.I.V 21.N.c,2.0 1.5 0.8,sin,0.0,2892.0
783,new,CANIPAAN PALAWAN,bagu,b a g u,1 7 1 7,AXBZ,PAKY,22.0,22.P.C 22.A.V 22.K.C 22.Y.V,2.0 1.5 1.75 0.8,bagu,0.0,2872.0
823,new,CASIGURAN NEGRITO,bigo,b i g o,1 7 1 7,AXBZ,PIKU,23.0,23.P.C 23.I.V 23.K.C 23.U.V,2.0 1.5 1.75 0.8,bigo,0.0,2872.0
863,new,CEBUANO,bagu,b a g u,1 7 1 7,AXBZ,PAKY,24.0,24.P.C 24.A.V 24.K.C 24.Y.V,2.0 1.5 1.75 0.8,bagu,0.0,2872.0
903,new,CENTRAL BICOLANO,bagʔo,b a g ʔ o,1 7 1 1 7,AXMBZ,PAKHU,25.0,25.P.C 25.A.V 25.K.c 25.H.C 25.U.V,2.0 1.5 1.1 1.75 0.8,bagʔo,0.0,2883.0
943,new,CENTRAL BONTOC,balu,b a l u,1 7 5 7,AXBZ,PALY,26.0,26.P.C 26.A.V 26.L.C 26.Y.V,2.0 1.5 1.75 0.8,balu,0.0,2885.0
983,new,CENTRAL DUSUN,wagu,w a g u,6 7 1 7,AXBZ,WAKY,27.0,27.W.C 27.A.V 27.K.C 27.Y.V,2.0 1.5 1.75 0.8,wagu,0.0,2872.0
1023,new,CENTRAL TAGBANWA,bago,b a g o,1 7 1 7,AXBZ,PAKU,28.0,28.P.C 28.A.V 28.K.C 28.U.V,2.0 1.5 1.75 0.8,bago,0.0,2872.0
1063,new,CUYONON,bagoʔ,b a g o ʔ,1 7 1 7 1,AXBYN,PAKUH,29.0,29.P.C 29.A.V 29.K.C 29.U.V 29.H.c,2.0 1.5 1.75 1.3 0.8,bagoʔ,0.0,2872.0
1103,new,DARAGA,baʔgu,b a ʔ g u,1 7 1 1 7,AXMBZ,PAHKY,30.0,30.P.C 30.A.V 30.H.c 30.K.C 30.Y.V,2.0 1.5 1.1 1.75 0.8,baʔgu,0.0,2872.0
1143,new,DUMAGAT CASIGURAN,biguʔ,b i g u ʔ,1 7 1 7 1,AXBYN,PIKYH,31.0,31.P.C 31.I.V 31.K.C 31.Y.V 31.H.c,2.0 1.5 1.75 1.3 0.8,biguʔ,0.0,2872.0
1183,new,DUPANINGAN AGTA,biguʔ,b i g u ʔ,1 7 1 7 1,AXBYN,PIKYH,32.0,32.P.C 32.I.V 32.K.C 32.Y.V 32.H.c,2.0 1.5 1.75 1.3 0.8,biguʔ,0.0,2872.0
1223,new,ENGLISH,nu,n u,4 7,AX,NY,33.0,33.N.C 33.Y.V,2.0 1.5,nu,0.0,2904.0
1263,new,ESKAYAN,tibil,t i b i l,1 7 1 7 5,AXBYN,TIPIL,34.0,34.T.C 34.I.V 34.P.C 34.I.V 34.L.c,2.0 1.5 1.75 1.3 0.8,tibil,0.0,2905.0
1303,new,ESTONIAN,us,u s,7 3,XN,YS,35.0,35.Y.V 35.S.c,1.5 0.8,us,0.0,2906.0
1343,new,FINNISH,uusi,uu s i,7 3 7,XBZ,YSI,37.0,37.Y.V 37.S.C 37.I.V,1.5 1.75 0.8,uusi,0.0,2908.0
1383,new,FUZHOU CHINESE,8iŋ,i ŋ,7 4,XN,IN,38.0,38.I.V 38.N.c,1.5 0.8,iŋ,0.0,2892.0
1423,new,GADDANG,bawu,b a w u,1 7 6 7,AXBZ,PAWY,39.0,39.P.C 39.A.V 39.W.C 39.Y.V,2.0 1.5 1.75 0.8,bawu,0.0,2910.0
1463,new,HANUNOO,badʔu,b a d ʔ u,1 7 1 1 7,AXMBZ,PATHY,40.0,40.P.C 40.A.V 40.T.c 40.H.C 40.Y.V,2.0 1.5 1.1 1.75 0.8,badʔu,0.0,2911.0
1503,new,HIGAONON BINUKID,bagʔu,b a g ʔ u,1 7 1 1 7,AXMBZ,PAKHY,41.0,41.P.C 41.A.V 41.K.c 41.H.C 41.Y.V,2.0 1.5 1.1 1.75 0.8,bagʔu,0.0,2883.0
1543,new,HUNGARIAN,idʒ,i dʒ,7 1,XN,IT,43.0,43.I.V 43.T.c,1.5 0.8,idʒ,0.0,2914.0
1583,new,IBALOI,bado,b a d o,1 7 1 7,AXBZ,PATU,44.0,44.P.C 44.A.V 44.T.C 44.U.V,2.0 1.5 1.75 0.8,bado,0.0,2885.0
1623,new,IBANAG,bagu,b a g u,1 7 1 7,AXBZ,PAKY,45.0,45.P.C 45.A.V 45.K.C 45.Y.V,2.0 1.5 1.75 0.8,bagu,0.0,2872.0
1663,new,IDAAN,bagku,b a g k u,1 7 1 1 7,AXMBZ,PAKKY,46.0,46.P.C 46.A.V 46.K.c 46.K.C 46.Y.V,2.0 1.5 1.1 1.75 0.8,bagku,0.0,2872.0
1703,new,IFUGAO AMGANAD,paʔʔala,p a ʔʔ a l a,1 7 1 7 5 7,AXBYBZ,PAHALA,47.0,47.P.C 47.A.V 47.H.C 47.A.V 47.L.C 47.A.V,2.0 1.5 1.75 1.3 1.75 0.8,paʔʔala,0.0,2918.0
1743,new,IFUGAO BATAD,paʔʔamma,p a ʔʔ a mm a,1 7 1 7 4 7,AXBYBZ,PAHAMA,48.0,48.P.C 48.A.V 48.H.C 48.A.V 48.M.C 48.A.V,2.0 1.5 1.75 1.3 1.75 0.8,paʔʔamma,0.0,2918.0
1783,new,IFUGAO BAYNINAN,balu,b a l u,1 7 5 7,AXBZ,PALY,49.0,49.P.C 49.A.V 49.L.C 49.Y.V,2.0 1.5 1.75 0.8,balu,0.0,2885.0
1823,new,ILOKANO,baro,b a r o,1 7 5 7,AXBZ,PARU,50.0,50.P.C 50.A.V 50.R.C 50.U.V,2.0 1.5 1.75 0.8,baro,0.0,2885.0
1863,new,ILONGOT KAKIDUGEN,bəgu,b ə g u,1 7 1 7,AXBZ,PEKY,51.0,51.P.C 51.E.V 51.K.C 51.Y.V,2.0 1.5 1.75 0.8,bəgu,0.0,2872.0
1903,new,INIBALOI,bado,b a d o,1 7 1 7,AXBZ,PATU,54.0,54.P.C 54.A.V 54.T.C 54.U.V,2.0 1.5 1.75 0.8,bado,0.0,2885.0
1943,new,IRANUN,bagu,b a g u,1 7 1 7,AXBZ,PAKY,55.0,55.P.C 55.A.V 55.K.C 55.Y.V,2.0 1.5 1.75 0.8,bagu,0.0,2872.0
1983,new,IRIGA,bagu,b a g u,1 7 1 7,AXBZ,PAKY,57.0,57.P.C 57.A.V 57.K.C 57.Y.V,2.0 1.5 1.75 0.8,bagu,0.0,2872.0
2023,new,ISNAG,baru,b a r u,1 7 5 7,AXBZ,PARY,59.0,59.P.C 59.A.V 59.R.C 59.Y.V,2.0 1.5 1.75 0.8,baru,0.0,2930.0
2063,new,ISNEG,bagu,b a g u,1 7 1 7,AXBZ,PAKY,60.0,60.P.C 60.A.V 60.K.C 60.Y.V,2.0 1.5 1.75 0.8,bagu,0.0,2872.0
2103,new,ITAWIT,bEhu,b <?> u,1 0 7,ACZ,P0Y,61.0,61.P.C 61.0.C 61.Y.V,2.0 1.5 0.8,b<?>u,0.0,2932.0
2143,new,ITBAYATEN BATANES ISLANDS,vaʔjuʔ,v a ʔ j u ʔ,3 7 1 6 7 1,AXBCYN,BAHJYH,62.0,62.B.C 62.A.V 62.H.C 62.J.C 62.Y.V 62.H.c,2.0 1.5 1.75 1.5 1.3 0.8,vaʔjuʔ,0.0,2933.0
2223,new,IVATAN BATANES ISLANDS,vaʔjoʔ,v a ʔ j o ʔ,3 7 1 6 7 1,AXBCYN,BAHJUH,65.0,65.B.C 65.A.V 65.H.C 65.J.C 65.U.V 65.H.c,2.0 1.5 1.75 1.5 1.3 0.8,vaʔjoʔ,0.0,2933.0
2263,new,JAPANESE,ataraSi,a t a r a s i,7 1 7 5 7 3 7,XBYBYBZ,ATARASI,66.0,66.A.V 66.T.C 66.A.V 66.R.C 66.A.V 66.S.C 66.I.V,1.5 1.75 1.3 1.75 1.3 1.75 0.8,atarasi,0.0,2936.0
2303,new,KADAZAN,vagu,v a g u,3 7 1 7,AXBZ,BAKY,67.0,67.B.C 67.A.V 67.K.C 67.Y.V,2.0 1.5 1.75 0.8,vagu,0.0,2872.0
2343,new,KAGAYANEN,bagʔu,b a g ʔ u,1 7 1 1 7,AXMBZ,PAKHY,68.0,68.P.C 68.A.V 68.K.c 68.H.C 68.Y.V,2.0 1.5 1.1 1.75 0.8,bagʔu,0.0,2883.0
2383,new,KALAGAN,bagu,b a g u,1 7 1 7,AXBZ,PAKY,69.0,69.P.C 69.A.V 69.K.C 69.Y.V,2.0 1.5 1.75 0.8,bagu,0.0,2872.0
2423,new,KALINGA GUINAANG,aʔʔopja,a ʔʔ o p j a,7 1 7 1 6 7,XBYBCZ,AHUPJA,70.0,70.A.V 70.H.C 70.U.V 70.P.C 70.J.C 70.A.V,1.5 1.75 1.3 1.75 1.5 0.8,aʔʔopja,0.0,2940.0
2463,new,KALINGA LIMOS,bagu,b a g u,1 7 1 7,AXBZ,PAKY,71.0,71.P.C 71.A.V 71.K.C 71.Y.V,2.0 1.5 1.75 0.8,bagu,0.0,2872.0
2503,new,KALLAHAN KAYAPA PROPER,ballu,b a ll u,1 7 5 7,AXBZ,PALY,72.0,72.P.C 72.A.V 72.L.C 72.Y.V,2.0 1.5 1.75 0.8,ballu,0.0,2885.0
2543,new,KALLAHAN KELEYQIQ IFUGAO,baluh,b a l u h,1 7 5 7 3,AXBYN,PALYH,73.0,73.P.C 73.A.V 73.L.C 73.Y.V 73.H.c,2.0 1.5 1.75 1.3 0.8,baluh,0.0,2885.0
2583,new,KANKANAY NORTHERN,balo,b a l o,1 7 5 7,AXBZ,PALU,75.0,75.P.C 75.A.V 75.L.C 75.U.V,2.0 1.5 1.75 0.8,balo,0.0,2885.0
2623,new,KAPAMPANGAN,baju,b a j u,1 7 6 7,AXBZ,PAJY,76.0,76.P.C 76.A.V 76.J.C 76.Y.V,2.0 1.5 1.75 0.8,baju,0.0,2933.0
2663,new,KINARAY A,bagʔo,b a g ʔ o,1 7 1 1 7,AXMBZ,PAKHU,77.0,77.P.C 77.A.V 77.K.c 77.H.C 77.U.V,2.0 1.5 1.1 1.75 0.8,bagʔo,0.0,2883.0
2703,new,KOREAN,sEroun,s æ r o u n,3 7 5 7 7 4,AXBYYN,SERUYN,78.0,78.S.C 78.E.V 78.R.C 78.U.V 78.Y.V 78.N.c,2.0 1.5 1.75 1.3 1.3 0.8,særoun,0.0,2948.0
2743,new,LEGAZPI,baʔgu,b a ʔ g u,1 7 1 1 7,AXMBZ,PAHKY,79.0,79.P.C 79.A.V 79.H.c 79.K.C 79.Y.V,2.0 1.5 1.1 1.75 0.8,baʔgu,0.0,2872.0
2783,new,LIBON,bagu,b a g u,1 7 1 7,AXBZ,PAKY,80.0,80.P.C 80.A.V 80.K.C 80.Y.V,2.0 1.5 1.75 0.8,bagu,0.0,2872.0
2823,new,LIVE,uc,u c,7 1,XN,YC,82.0,82.Y.V 82.C.c,1.5 0.8,uc,0.0,2906.0
2863,new,MAGUINDANAO,bEgu,b æ g u,1 7 1 7,AXBZ,PEKY,83.0,83.P.C 83.E.V 83.K.C 83.Y.V,2.0 1.5 1.75 0.8,bægu,0.0,2872.0
2903,new,MAMANWA,bagʔo,b a g ʔ o,1 7 1 1 7,AXMBZ,PAKHU,84.0,84.P.C 84.A.V 84.K.c 84.H.C 84.U.V,2.0 1.5 1.1 1.75 0.8,bagʔo,0.0,2883.0
2943,new,MANOBO ATA,iam,i a m,7 7 4,XYN,IAM,88.0,88.I.V 88.A.V 88.M.c,1.5 1.3 0.8,iam,0.0,2957.0
2983,new,MANOBO DIBABAWON,bajaʔ,b a j a ʔ,1 7 6 7 1,AXBYN,PAJAH,89.0,89.P.C 89.A.V 89.J.C 89.A.V 89.H.c,2.0 1.5 1.75 1.3 0.8,bajaʔ,0.0,2958.0
3023,new,MANOBO ILIANEN,bəhu,b ə h u,1 7 3 7,AXBZ,PEHY,90.0,90.P.C 90.E.V 90.H.C 90.Y.V,2.0 1.5 1.75 0.8,bəhu,0.0,2959.0
3063,new,MANOBO KALAMANSIG COTABATO,magtu,m a g t u,4 7 1 1 7,AXMBZ,MAKTY,91.0,91.M.C 91.A.V 91.K.c 91.T.C 91.Y.V,2.0 1.5 1.1 1.75 0.8,magtu,0.0,2960.0
3103,new,MANOBO SARANGANI,kaliŋ,k a l i ŋ,1 7 5 7 4,AXBYN,KALIN,92.0,92.K.C 92.A.V 92.L.C 92.I.V 92.N.c,2.0 1.5 1.75 1.3 0.8,kaliŋ,0.0,2961.0
3143,new,MANOBO TIGWA,bagʔu,b a g ʔ u,1 7 1 1 7,AXMBZ,PAKHY,93.0,93.P.C 93.A.V 93.K.c 93.H.C 93.Y.V,2.0 1.5 1.1 1.75 0.8,bagʔu,0.0,2883.0
3183,new,MANOBO WESTERN BUKIDNON,bəgu,b ə g u,1 7 1 7,AXBZ,PEKY,94.0,94.P.C 94.E.V 94.K.C 94.Y.V,2.0 1.5 1.75 0.8,bəgu,0.0,2872.0
3223,new,MANSAKA,bagu,b a g u,1 7 1 7,AXBZ,PAKY,95.0,95.P.C 95.A.V 95.K.C 95.Y.V,2.0 1.5 1.75 0.8,bagu,0.0,2872.0
3263,new,MAPUN,bahau,b a h a u,1 7 3 7 7,AXBYZ,PAHAY,97.0,97.P.C 97.A.V 97.H.C 97.A.V 97.Y.V,2.0 1.5 1.75 1.3 0.8,bahau,0.0,2877.0
3303,new,MARANAO,bego,b e g o,1 7 1 7,AXBZ,PEKU,98.0,98.P.C 98.E.V 98.K.C 98.U.V,2.0 1.5 1.75 0.8,bego,0.0,2872.0
3343,new,MARINDUQUE TAGALOG,bagu,b a g u,1 7 1 7,AXBZ,PAKY,99.0,99.P.C 99.A.V 99.K.C 99.Y.V,2.0 1.5 1.75 0.8,bagu,0.0,2872.0
3383,new,MASBATENYO,bago,b a g o,1 7 1 7,AXBZ,PAKU,100.0,100.P.C 100.A.V 100.K.C 100.U.V,2.0 1.5 1.75 0.8,bago,0.0,2872.0
3423,new,MINANGALI LOWER TANUDAN KALINGA,kaka8a,k a k a a,1 7 1 7 7,AXBYZ,KAKAA,101.0,101.K.C 101.A.V 101.K.C 101.A.V 101.A.V,2.0 1.5 1.75 1.3 0.8,kakaa,0.0,2876.0
3463,new,MOKSHA,od,o d,7 1,XN,UT,102.0,102.U.V 102.T.c,1.5 0.8,od,0.0,2971.0
3503,new,MOLBOG,bagu,b a g u,1 7 1 7,AXBZ,PAKY,103.0,103.P.C 103.A.V 103.K.C 103.Y.V,2.0 1.5 1.75 0.8,bagu,0.0,2872.0
3543,new,MOLBOG 2,baʔgu,b a ʔ g u,1 7 1 1 7,AXMBZ,PAHKY,104.0,104.P.C 104.A.V 104.H.c 104.K.C 104.Y.V,2.0 1.5 1.1 1.75 0.8,baʔgu,0.0,2872.0
3583,new,MONGOLIAN,Sin,s i n,3 7 4,AXN,SIN,105.0,105.S.C 105.I.V 105.N.c,2.0 1.5 0.8,sin,0.0,2892.0
3623,new,MORO MAGINDANAU,bagu,b a g u,1 7 1 7,AXBZ,PAKY,106.0,106.P.C 106.A.V 106.K.C 106.Y.V,2.0 1.5 1.75 0.8,bagu,0.0,2872.0
3663,new,NAGA,baʔgu,b a ʔ g u,1 7 1 1 7,AXMBZ,PAHKY,107.0,107.P.C 107.A.V 107.H.c 107.K.C 107.Y.V,2.0 1.5 1.1 1.75 0.8,baʔgu,0.0,2872.0
3703,new,NORTHERN CATANDUANES,baʔgu,b a ʔ g u,1 7 1 1 7,AXMBZ,PAHKY,108.0,108.P.C 108.A.V 108.H.c 108.K.C 108.Y.V,2.0 1.5 1.1 1.75 0.8,baʔgu,0.0,2872.0
3743,new,NORTHERN SORSOGON,bagʔu,b a g ʔ u,1 7 1 1 7,AXMBZ,PAKHY,109.0,109.P.C 109.A.V 109.K.c 109.H.C 109.Y.V,2.0 1.5 1.1 1.75 0.8,bagʔu,0.0,2883.0
3783,new,OAS,baʔgu,b a ʔ g u,1 7 1 1 7,AXMBZ,PAHKY,110.0,110.P.C 110.A.V 110.H.c 110.K.C 110.Y.V,2.0 1.5 1.1 1.75 0.8,baʔgu,0.0,2872.0
3823,new,PALAWANO BATAK,bagu,b a g u,1 7 1 7,AXBZ,PAKY,111.0,111.P.C 111.A.V 111.K.C 111.Y.V,2.0 1.5 1.75 0.8,bagu,0.0,2872.0
3863,new,PANGASINAN,balo,b a l o,1 7 5 7,AXBZ,PALU,112.0,112.P.C 112.A.V 112.L.C 112.U.V,2.0 1.5 1.75 0.8,balo,0.0,2885.0
3903,new,PANGUTARAN SAMA,bahu,b a h u,1 7 3 7,AXBZ,PAHY,113.0,113.P.C 113.A.V 113.H.C 113.Y.V,2.0 1.5 1.75 0.8,bahu,0.0,2877.0
3943,new,PANGUTARAN SAMA (1),bahu,b a h u,1 7 3 7,AXBZ,PAHY,114.0,114.P.C 114.A.V 114.H.C 114.Y.V,2.0 1.5 1.75 0.8,bahu,0.0,2877.0
3983,new,PROTO PALAWAN,baʔgu,b a ʔ g u,1 7 1 1 7,AXMBZ,PAHKY,115.0,115.P.C 115.A.V 115.H.c 115.K.C 115.Y.V,2.0 1.5 1.1 1.75 0.8,baʔgu,0.0,2872.0
4023,new,QUEZON PALAWAN,baʔgu,b a ʔ g u,1 7 1 1 7,AXMBZ,PAHKY,117.0,117.P.C 117.A.V 117.H.c 117.K.C 117.Y.V,2.0 1.5 1.1 1.75 0.8,baʔgu,0.0,2872.0
4063,new,ROMBLOMANON 1,bagʔo,b a g ʔ o,1 7 1 1 7,AXMBZ,PAKHU,118.0,118.P.C 118.A.V 118.K.c 118.H.C 118.U.V,2.0 1.5 1.1 1.75 0.8,bagʔo,0.0,2883.0
4103,new,ROMBLOMANON 2,bagʔu,b a g ʔ u,1 7 1 1 7,AXMBZ,PAKHY,119.0,119.P.C 119.A.V 119.K.c 119.H.C 119.Y.V,2.0 1.5 1.1 1.75 0.8,bagʔu,0.0,2883.0
4143,new,SAMAL,bahaʔu,b a h a ʔ u,1 7 3 7 1 7,AXBYBZ,PAHAHY,120.0,120.P.C 120.A.V 120.H.C 120.A.V 120.H.C 120.Y.V,2.0 1.5 1.75 1.3 1.75 0.8,bahaʔu,0.0,2877.0
4183,new,SAMBAL BOTOLAN,bajo,b a j o,1 7 6 7,AXBZ,PAJU,121.0,121.P.C 121.A.V 121.J.C 121.U.V,2.0 1.5 1.75 0.8,bajo,0.0,2933.0
4223,new,SANGIL,buru,b u r u,1 7 5 7,AXBZ,PYRY,122.0,122.P.C 122.Y.V 122.R.C 122.Y.V,2.0 1.5 1.75 0.8,buru,0.0,2932.0
4263,new,SANGIL SARANGANI ISLANDS,buru,b u r u,1 7 5 7,AXBZ,PYRY,123.0,123.P.C 123.Y.V 123.R.C 123.Y.V,2.0 1.5 1.75 0.8,buru,0.0,2932.0
4303,new,SEDANG,neo,n e o,4 7 7,AXZ,NEU,124.0,124.N.C 124.E.V 124.U.V,2.0 1.5 0.8,neo,0.0,2904.0
4343,new,SIBUTU SOUTHERN SAMA,bahau,b a h a u,1 7 3 7 7,AXBYZ,PAHAY,125.0,125.P.C 125.A.V 125.H.C 125.A.V 125.Y.V,2.0 1.5 1.75 1.3 0.8,bahau,0.0,2877.0
4383,new,SOGODNIN BORACAY,badjo,b a d j o,1 7 1 6 7,AXBCZ,PATJU,127.0,127.P.C 127.A.V 127.T.C 127.J.C 127.U.V,2.0 1.5 1.75 1.5 0.8,badjo,0.0,2996.0
4423,new,SOUTH SAAMI,orə,o r ə,7 5 7,XBZ,URE,128.0,128.U.V 128.R.C 128.E.V,1.5 1.75 0.8,orə,0.0,2997.0
4463,new,SOUTHERN CATANDUANES,bagʔu,b a g ʔ u,1 7 1 1 7,AXMBZ,PAKHY,129.0,129.P.C 129.A.V 129.K.c 129.H.C 129.Y.V,2.0 1.5 1.1 1.75 0.8,bagʔu,0.0,2883.0
4503,new,SOUTHERN SORSOGON,bagʔu,b a g ʔ u,1 7 1 1 7,AXMBZ,PAKHY,131.0,131.P.C 131.A.V 131.K.c 131.H.C 131.Y.V,2.0 1.5 1.1 1.75 0.8,bagʔu,0.0,2883.0
4543,new,SOUTHWEST PALAWANO,bago,b a g o,1 7 1 7,AXBZ,PAKU,132.0,132.P.C 132.A.V 132.K.C 132.U.V,2.0 1.5 1.75 0.8,bago,0.0,2872.0
4583,new,SPANISH,nuevo,n u e v o,4 7 7 3 7,AXYBZ,NYEBU,133.0,133.N.C 133.Y.V 133.E.V 133.B.C 133.U.V,2.0 1.5 1.3 1.75 0.8,nuevo,0.0,3002.0
4623,new,SUBANON SIOCON,bogu,b o g u,1 7 1 7,AXBZ,PUKY,134.0,134.P.C 134.U.V 134.K.C 134.Y.V,2.0 1.5 1.75 0.8,bogu,0.0,2872.0
4663,new,SUBANUN SINDANGAN,bəgu,b ə g u,1 7 1 7,AXBZ,PEKY,135.0,135.P.C 135.E.V 135.K.C 135.Y.V,2.0 1.5 1.75 0.8,bəgu,0.0,2872.0
4703,new,SURIGAONON,bago,b a g o,1 7 1 7,AXBZ,PAKU,136.0,136.P.C 136.A.V 136.K.C 136.U.V,2.0 1.5 1.75 0.8,bago,0.0,2872.0
4743,new,TAGABAWA,mantu,m a n t u,4 7 4 1 7,AXMBZ,MANTY,137.0,137.M.C 137.A.V 137.N.c 137.T.C 137.Y.V,2.0 1.5 1.1 1.75 0.8,mantu,0.0,3006.0
4783,new,TAGABILI,lomih,l o m i h,5 7 4 7 3,AXBYN,LUMIH,138.0,138.L.C 138.U.V 138.M.C 138.I.V 138.H.c,2.0 1.5 1.75 1.3 0.8,lomih,0.0,2881.0
4823,new,TAGALOG,bago,b a g o,1 7 1 7,AXBZ,PAKU,139.0,139.P.C 139.A.V 139.K.C 139.U.V,2.0 1.5 1.75 0.8,bago,0.0,2872.0
4863,new,TAGBANUA ABORLAN,baʔgu,b a ʔ g u,1 7 1 1 7,AXMBZ,PAHKY,140.0,140.P.C 140.A.V 140.H.c 140.K.C 140.Y.V,2.0 1.5 1.1 1.75 0.8,baʔgu,0.0,2872.0
4903,new,TAGBANWA ABORLAN,baʔgu,b a ʔ g u,1 7 1 1 7,AXMBZ,PAHKY,141.0,141.P.C 141.A.V 141.H.c 141.K.C 141.Y.V,2.0 1.5 1.1 1.75 0.8,baʔgu,0.0,2872.0
4943,new,TAGBANWA KALAMIAN,bakluʔ,b a k l u ʔ,1 7 1 5 7 1,AXBCYN,PAKLYH,142.0,142.P.C 142.A.V 142.K.C 142.L.C 142.Y.V 142.H.c,2.0 1.5 1.75 1.5 1.3 0.8,bakluʔ,0.0,2885.0
4983,new,TALAANDIG BINUKID,bagʔu,b a g ʔ u,1 7 1 1 7,AXMBZ,PAKHY,143.0,143.P.C 143.A.V 143.K.c 143.H.C 143.Y.V,2.0 1.5 1.1 1.75 0.8,bagʔu,0.0,2883.0
5023,new,TAMBUNAN DUSUN,wagu,w a g u,6 7 1 7,AXBZ,WAKY,144.0,144.W.C 144.A.V 144.K.C 144.Y.V,2.0 1.5 1.75 0.8,wagu,0.0,2872.0
5063,new,TAUSUG,baʔguh,b a ʔ g u h,1 7 1 1 7 3,AXMBYN,PAHKYH,145.0,145.P.C 145.A.V 145.H.c 145.K.C 145.Y.V 145.H.c,2.0 1.5 1.1 1.75 1.3 0.8,baʔguh,0.0,2872.0
5103,new,TAUT BATU,baʔgu,b a ʔ g u,1 7 1 1 7,AXMBZ,PAHKY,146.0,146.P.C 146.A.V 146.H.c 146.K.C 146.Y.V,2.0 1.5 1.1 1.75 0.8,baʔgu,0.0,2872.0
5143,new,TBOLI TAGABILI,lomih,l o m i h,5 7 4 7 3,AXBYN,LUMIH,147.0,147.L.C 147.U.V 147.M.C 147.I.V 147.H.c,2.0 1.5 1.75 1.3 0.8,lomih,0.0,2881.0
5183,new,TIMUGON MURUT,agu,a g u,7 1 7,XBZ,AKY,148.0,148.A.V 148.K.C 148.Y.V,1.5 1.75 0.8,agu,0.0,2872.0
5223,new,TIRURAY,antu,a n t u,7 4 1 7,XMBZ,ANTY,149.0,149.A.V 149.N.c 149.T.C 149.Y.V,1.5 1.1 1.75 0.8,antu,0.0,3006.0
5263,new,TURKISH,jeni,j e n i,6 7 4 7,AXBZ,JENI,150.0,150.J.C 150.E.V 150.N.C 150.I.V,2.0 1.5 1.75 0.8,jeni,0.0,3019.0
5303,new,UGARITIC,Xd8,x d,3 1,AN,GT,151.0,151.G.C 151.T.c,2.0 0.8,xd,0.0,3020.0
5343,new,WARAY WARAY,bago,b a g o,1 7 1 7,AXBZ,PAKU,152.0,152.P.C 152.A.V 152.K.C 152.U.V,2.0 1.5 1.75 0.8,bago,0.0,2872.0
5383,new,YAKAN,baʔahu,b a ʔ a h u,1 7 1 7 3 7,AXBYBZ,PAHAHY,153.0,153.P.C 153.A.V 153.H.C 153.A.V 153.H.C 153.Y.V,2.0 1.5 1.75 1.3 1.75 0.8,baʔahu,0.0,2877.0
5423,new,YOGAD,bagu,b a g u,1 7 1 7,AXBZ,PAKY,154.0,154.P.C 154.A.V 154.K.C 154.Y.V,2.0 1.5 1.75 0.8,bagu,0.0,2872.0
5503,new,IMOROD,vajo,v a j o,3 7 6 7,AXBZ,BAJU,52.0,52.B.C 52.A.V 52.J.C 52.U.V,2.0 1.5 1.75 0.8,vajo,0.0,2923.0
5543,new,BABUYAN,bajo,b a j o,1 7 6 7,AXBZ,PAJU,4.0,4.P.C 4.A.V 4.J.C 4.U.V,2.0 1.5 1.75 0.8,bajo,0.0,2933.0
5583,new,BISAYA SABAH,agu,a g u,7 1 7,XBZ,AKY,13.0,13.A.V 13.K.C 13.Y.V,1.5 1.75 0.8,agu,0.0,2872.0
5623,new,FINALLIG,fiaro,f i a r o,3 7 7 5 7,AXYBZ,BIARU,36.0,36.B.C 36.I.V 36.A.V 36.R.C 36.U.V,2.0 1.5 1.3 1.75 0.8,fiaro,0.0,2907.0
5663,new,HILIGAYNON,bago,b a g o,1 7 1 7,AXBZ,PAKU,42.0,42.P.C 42.A.V 42.K.C 42.U.V,2.0 1.5 1.75 0.8,bago,0.0,2872.0
5703,new,INABAKNON,bagʔo,b a g ʔ o,1 7 1 1 7,AXMBZ,PAKHU,53.0,53.P.C 53.A.V 53.K.c 53.H.C 53.U.V,2.0 1.5 1.1 1.75 0.8,bagʔo,0.0,2883.0
5743,new,IRARALAY IVATAN,vajo,v a j o,3 7 6 7,AXBZ,BAJU,56.0,56.B.C 56.A.V 56.J.C 56.U.V,2.0 1.5 1.75 0.8,vajo,0.0,2923.0
5783,new,ISAMORONG IVATAN,vajo,v a j o,3 7 6 7,AXBZ,BAJU,58.0,58.B.C 58.A.V 58.J.C 58.U.V,2.0 1.5 1.75 0.8,vajo,0.0,2933.0
5823,new,IVASAY IVATAN,vajo,v a j o,3 7 6 7,AXBZ,BAJU,64.0,64.B.C 64.A.V 64.J.C 64.U.V,2.0 1.5 1.75 0.8,vajo,0.0,2933.0
5863,new,KANKANAEY,balo,b a l o,1 7 5 7,AXBZ,PALU,74.0,74.P.C 74.A.V 74.L.C 74.U.V,2.0 1.5 1.75 0.8,balo,0.0,2885.0
5903,new,LIMOS KALINGA,bagu,b a g u,1 7 1 7,AXBZ,PAKY,81.0,81.P.C 81.A.V 81.K.C 81.Y.V,2.0 1.5 1.75 0.8,bagu,0.0,2872.0
5943,new,MANDAYAN BOSO,bagu,b a g u,1 7 1 7,AXBZ,PAKY,85.0,85.P.C 85.A.V 85.K.C 85.Y.V,2.0 1.5 1.75 0.8,bagu,0.0,2872.0
6023,new,MANDAYAN ISLAM PISO,bagu,b a g u,1 7 1 7,AXBZ,PAKY,87.0,87.P.C 87.A.V 87.K.C 87.Y.V,2.0 1.5 1.75 0.8,bagu,0.0,2872.0
6063,new,MANSAKA 2,bagu,b a g u,1 7 1 7,AXBZ,PAKY,96.0,96.P.C 96.A.V 96.K.C 96.Y.V,2.0 1.5 1.75 0.8,bagu,0.0,2872.0
6103,new,PROTO SOUTHERN MINDANAO,palami,p a l a m i,1 7 5 7 4 7,AXBYBZ,PALAMI,116.0,116.P.C 116.A.V 116.L.C 116.A.V 116.M.C 116.I.V,2.0 1.5 1.75 1.3 1.75 0.8,palami,0.0,2881.0
6143,new,SINAUNA,baʔju,b a ʔ j u,1 7 1 6 7,AXBCZ,PAHJY,126.0,126.P.C 126.A.V 126.H.C 126.J.C 126.Y.V,2.0 1.5 1.75 1.5 0.8,baʔju,0.0,2883.0
6183,new,SOUTHERN KALINGA,ara,a r a,7 5 7,XBZ,ARA,130.0,130.A.V 130.R.C 130.A.V,1.5 1.75 0.8,ara,0.0,2997.0
24,night,AGTA,hiklom,h i k l o m,3 7 1 5 7 4,AXBCYN,HIKLUM,1.0,1.H.C 1.I.V 1.K.C 1.L.C 1.U.V 1.M.c,2.0 1.5 1.75 1.5 1.3 0.8,hiklom,0.0,3021.0
64,night,AKLANON,gabiʔih,g a b i ʔ i h,1 7 1 7 1 7 3,AXBYBYN,KAPIHIH,2.0,2.K.C 2.A.V 2.P.C 2.I.V 2.H.C 2.I.V 2.H.c,2.0 1.5 1.75 1.3 1.75 1.3 0.8,gabiʔih,0.0,3025.0
104,night,ATTA PAMPLONA,gabi,g a b i,1 7 1 7,AXBZ,KAPI,3.0,3.K.C 3.A.V 3.P.C 3.I.V,2.0 1.5 1.75 0.8,gabi,0.0,3025.0
144,night,BALANGAW,labi,l a b i,5 7 1 7,AXBZ,LAPI,5.0,5.L.C 5.A.V 5.P.C 5.I.V,2.0 1.5 1.75 0.8,labi,0.0,3025.0
184,night,BALANGINGI SAMA,saŋom,s a ŋ o m,3 7 4 7 4,AXBYN,SANUM,6.0,6.S.C 6.A.V 6.N.C 6.U.V 6.M.c,2.0 1.5 1.75 1.3 0.8,saŋom,0.0,3026.0
224,night,BALANGINGI SAMA (1),saŋom,s a ŋ o m,3 7 4 7 4,AXBYN,SANUM,7.0,7.S.C 7.A.V 7.N.C 7.U.V 7.M.c,2.0 1.5 1.75 1.3 0.8,saŋom,0.0,3026.0
264,night,BASQUE,gau,g a u,1 7 7,AXZ,KAY,8.0,8.K.C 8.A.V 8.Y.V,2.0 1.5 0.8,gau,0.0,3028.0
304,night,BATAK PALAWAN,dələm,d ə l ə m,1 7 5 7 4,AXBYN,TELEM,9.0,9.T.C 9.E.V 9.L.C 9.E.V 9.M.c,2.0 1.5 1.75 1.3 0.8,dələm,0.0,3029.0
344,night,BILAAN KORONADAL,butaŋ,b u t a ŋ,1 7 1 7 4,AXBYN,PYTAN,10.0,10.P.C 10.Y.V 10.T.C 10.A.V 10.N.c,2.0 1.5 1.75 1.3 0.8,butaŋ,0.0,3030.0
384,night,BILAAN SARANGANI,butaŋ,b u t a ŋ,1 7 1 7 4,AXBYN,PYTAN,11.0,11.P.C 11.Y.V 11.T.C 11.A.V 11.N.c,2.0 1.5 1.75 1.3 0.8,butaŋ,0.0,3030.0
424,night,BINUKID,daləman,d a l ə m a n,1 7 5 7 4 7 4,AXBYBYN,TALEMAN,12.0,12.T.C 12.A.V 12.L.C 12.E.V 12.M.C 12.A.V 12.N.c,2.0 1.5 1.75 1.3 1.75 1.3 0.8,daləman,0.0,3032.0
464,night,BONGGI,raobi,r a o b i,5 7 7 1 7,AXYBZ,RAUPI,14.0,14.R.C 14.A.V 14.U.V 14.P.C 14.I.V,2.0 1.5 1.3 1.75 0.8,raobi,0.0,3034.0
504,night,BONTOC GUINAANG,labi,l a b i,5 7 1 7,AXBZ,LAPI,15.0,15.L.C 15.A.V 15.P.C 15.I.V,2.0 1.5 1.75 0.8,labi,0.0,3025.0
544,night,BROOKES POINT PALAWAN,gebi,g e b i,1 7 1 7,AXBZ,KEPI,16.0,16.K.C 16.E.V 16.P.C 16.I.V,2.0 1.5 1.75 0.8,gebi,0.0,3025.0
584,night,BUHI,gaʔbi,g a ʔ b i,1 7 1 1 7,AXMBZ,KAHPI,17.0,17.K.C 17.A.V 17.H.c 17.P.C 17.I.V,2.0 1.5 1.1 1.75 0.8,gaʔbi,0.0,3025.0
624,night,BUHINON ALBAY BICOLANO,gaʔbi,g a ʔ b i,1 7 1 1 7,AXMBZ,KAHPI,18.0,18.K.C 18.A.V 18.H.c 18.P.C 18.I.V,2.0 1.5 1.1 1.75 0.8,gaʔbi,0.0,3025.0
664,night,BUKIDNON BINUKID,daluman,d a l u m a n,1 7 5 7 4 7 4,AXBYBYN,TALYMAN,19.0,19.T.C 19.A.V 19.L.C 19.Y.V 19.M.C 19.A.V 19.N.c,2.0 1.5 1.75 1.3 1.75 1.3 0.8,daluman,0.0,3032.0
704,night,BUTUANON,dum,d u m,1 7 4,AXN,TYM,20.0,20.T.C 20.Y.V 20.M.c,2.0 1.5 0.8,dum,0.0,3029.0
744,night,CAIJIA,sa,s a,3 7,AX,SA,21.0,21.S.C 21.A.V,2.0 1.5,sa,0.0,3041.0
784,night,CANIPAAN PALAWAN,gebi,g e b i,1 7 1 7,AXBZ,KEPI,22.0,22.K.C 22.E.V 22.P.C 22.I.V,2.0 1.5 1.75 0.8,gebi,0.0,3025.0
864,night,CEBUANO,gabiʔi,g a b i ʔ i,1 7 1 7 1 7,AXBYBZ,KAPIHI,24.0,24.K.C 24.A.V 24.P.C 24.I.V 24.H.C 24.I.V,2.0 1.5 1.75 1.3 1.75 0.8,gabiʔi,0.0,3025.0
904,night,CENTRAL BICOLANO,baŋui,b a ŋ u i,1 7 4 7 7,AXBYZ,PANYI,25.0,25.P.C 25.A.V 25.N.C 25.Y.V 25.I.V,2.0 1.5 1.75 1.3 0.8,baŋui,0.0,3044.0
944,night,CENTRAL BONTOC,labi,l a b i,5 7 1 7,AXBZ,LAPI,26.0,26.L.C 26.A.V 26.P.C 26.I.V,2.0 1.5 1.75 0.8,labi,0.0,3025.0
984,night,CENTRAL DUSUN,otuoŋ,o t u o ŋ,7 1 7 7 4,XBYYN,UTYUN,27.0,27.U.V 27.T.C 27.Y.V 27.U.V 27.N.c,1.5 1.75 1.3 1.3 0.8,otuoŋ,0.0,3046.0
1024,night,CENTRAL TAGBANWA,dilim,d i l i m,1 7 5 7 4,AXBYN,TILIM,28.0,28.T.C 28.I.V 28.L.C 28.I.V 28.M.c,2.0 1.5 1.75 1.3 0.8,dilim,0.0,3029.0
1064,night,CUYONON,gabiʔ,g a b i ʔ,1 7 1 7 1,AXBYN,KAPIH,29.0,29.K.C 29.A.V 29.P.C 29.I.V 29.H.c,2.0 1.5 1.75 1.3 0.8,gabiʔ,0.0,3025.0
1104,night,DARAGA,gaʔbi,g a ʔ b i,1 7 1 1 7,AXMBZ,KAHPI,30.0,30.K.C 30.A.V 30.H.c 30.P.C 30.I.V,2.0 1.5 1.1 1.75 0.8,gaʔbi,0.0,3025.0
1144,night,DUMAGAT CASIGURAN,kələp,k ə l ə p,1 7 5 7 1,AXBYN,KELEP,31.0,31.K.C 31.E.V 31.L.C 31.E.V 31.P.c,2.0 1.5 1.75 1.3 0.8,kələp,0.0,3050.0
1184,night,DUPANINGAN AGTA,kalap,k a l a p,1 7 5 7 1,AXBYN,KALAP,32.0,32.K.C 32.A.V 32.L.C 32.A.V 32.P.c,2.0 1.5 1.75 1.3 0.8,kalap,0.0,3051.0
1224,night,ENGLISH,nEit,n æ i t,4 7 7 1,AXYN,NEIT,33.0,33.N.C 33.E.V 33.I.V 33.T.c,2.0 1.5 1.3 0.8,næit,0.0,3052.0
1264,night,ESKAYAN,kloper,k l o p e r,1 5 7 1 7 5,ACXBYN,KLUPER,34.0,34.K.C 34.L.C 34.U.V 34.P.C 34.E.V 34.R.c,2.0 1.5 1.5 1.75 1.3 0.8,kloper,0.0,3053.0
1304,night,ESTONIAN,o,o,7,X,U,35.0,35.U.V,1.5,o,0.0,3054.0
1344,night,FINNISH,jə,j ə,6 7,AX,JE,37.0,37.J.C 37.E.V,2.0 1.5,jə,0.0,3056.0
1384,night,FUZHOU CHINESE,maŋmuo,m a ŋ m u o,4 7 4 4 7 7,AXMBYZ,MANMYU,38.0,38.M.C 38.A.V 38.N.c 38.M.C 38.Y.V 38.U.V,2.0 1.5 1.1 1.75 1.3 0.8,maŋmuo,0.0,3057.0
1424,night,GADDANG,gapi,g a p i,1 7 1 7,AXBZ,KAPI,39.0,39.K.C 39.A.V 39.P.C 39.I.V,2.0 1.5 1.75 0.8,gapi,0.0,3025.0
1464,night,HANUNOO,jabi,j a b i,6 7 1 7,AXBZ,JAPI,40.0,40.J.C 40.A.V 40.P.C 40.I.V,2.0 1.5 1.75 0.8,jabi,0.0,3059.0
1504,night,HIGAONON BINUKID,daluman,d a l u m a n,1 7 5 7 4 7 4,AXBYBYN,TALYMAN,41.0,41.T.C 41.A.V 41.L.C 41.Y.V 41.M.C 41.A.V 41.N.c,2.0 1.5 1.75 1.3 1.75 1.3 0.8,daluman,0.0,3032.0
1544,night,HUNGARIAN,edʒ,e dʒ,7 1,XN,ET,43.0,43.E.V 43.T.c,1.5 0.8,edʒ,0.0,3062.0
1584,night,IBALOI,davi,d a v i,1 7 3 7,AXBZ,TABI,44.0,44.T.C 44.A.V 44.B.C 44.I.V,2.0 1.5 1.75 0.8,davi,0.0,3063.0
1624,night,IBANAG,gabi,g a b i,1 7 1 7,AXBZ,KAPI,45.0,45.K.C 45.A.V 45.P.C 45.I.V,2.0 1.5 1.75 0.8,gabi,0.0,3025.0
1664,night,IDAAN,gabpi,g a b p i,1 7 1 1 7,AXMBZ,KAPPI,46.0,46.K.C 46.A.V 46.P.c 46.P.C 46.I.V,2.0 1.5 1.1 1.75 0.8,gabpi,0.0,3065.0
1704,night,IFUGAO AMGANAD,nahadom,n a h a d o m,4 7 3 7 1 7 4,AXBYBYN,NAHATUM,47.0,47.N.C 47.A.V 47.H.C 47.A.V 47.T.C 47.U.V 47.M.c,2.0 1.5 1.75 1.3 1.75 1.3 0.8,nahadom,0.0,3066.0
1744,night,IFUGAO BATAD,mahdom,m a h d o m,4 7 3 1 7 4,AXMBYN,MAHTUM,48.0,48.M.C 48.A.V 48.H.c 48.T.C 48.U.V 48.M.c,2.0 1.5 1.1 1.75 1.3 0.8,mahdom,0.0,3067.0
1784,night,IFUGAO BAYNINAN,labi,l a b i,5 7 1 7,AXBZ,LAPI,49.0,49.L.C 49.A.V 49.P.C 49.I.V,2.0 1.5 1.75 0.8,labi,0.0,3025.0
1824,night,ILOKANO,rabi,r a b i,5 7 1 7,AXBZ,RAPI,50.0,50.R.C 50.A.V 50.P.C 50.I.V,2.0 1.5 1.75 0.8,rabi,0.0,3025.0
1864,night,ILONGOT KAKIDUGEN,masi,m a s i,4 7 3 7,AXBZ,MASI,51.0,51.M.C 51.A.V 51.S.C 51.I.V,2.0 1.5 1.75 0.8,masi,0.0,3070.0
1904,night,INIBALOI,kaləbian,k a l ə b i a n,1 7 5 7 1 7 7 4,AXBYBYYN,KALEPIAN,54.0,54.K.C 54.A.V 54.L.C 54.E.V 54.P.C 54.I.V 54.A.V 54.N.c,2.0 1.5 1.75 1.3 1.75 1.3 1.3 0.8,kaləbian,0.0,3073.0
1944,night,IRANUN,magabi,m a g a b i,4 7 1 7 1 7,AXBYBZ,MAKAPI,55.0,55.M.C 55.A.V 55.K.C 55.A.V 55.P.C 55.I.V,2.0 1.5 1.75 1.3 1.75 0.8,magabi,0.0,3074.0
1984,night,IRIGA,gabʔi,g a b ʔ i,1 7 1 1 7,AXMBZ,KAPHI,57.0,57.K.C 57.A.V 57.P.c 57.H.C 57.I.V,2.0 1.5 1.1 1.75 0.8,gabʔi,0.0,3076.0
2024,night,ISNAG,gabi,g a b i,1 7 1 7,AXBZ,KAPI,59.0,59.K.C 59.A.V 59.P.C 59.I.V,2.0 1.5 1.75 0.8,gabi,0.0,3025.0
2064,night,ISNEG,gabi,g a b i,1 7 1 7,AXBZ,KAPI,60.0,60.K.C 60.A.V 60.P.C 60.I.V,2.0 1.5 1.75 0.8,gabi,0.0,3025.0
2104,night,ITAWIT,gEbi,g æ b i,1 7 1 7,AXBZ,KEPI,61.0,61.K.C 61.E.V 61.P.C 61.I.V,2.0 1.5 1.75 0.8,gæbi,0.0,3025.0
2144,night,ITBAYATEN BATANES ISLANDS,aʔgəp,a ʔ g ə p,7 1 1 7 1,XMBYN,AHKEP,62.0,62.A.V 62.H.c 62.K.C 62.E.V 62.P.c,1.5 1.1 1.75 1.3 0.8,aʔgəp,0.0,3081.0
2184,night,ITNEG BINONGAN,labi,l a b i,5 7 1 7,AXBZ,LAPI,63.0,63.L.C 63.A.V 63.P.C 63.I.V,2.0 1.5 1.75 0.8,labi,0.0,3025.0
2224,night,IVATAN BATANES ISLANDS,maʔhəp,m a ʔh ə p,4 7 1 7 1,AXBYN,MAHEP,65.0,65.M.C 65.A.V 65.H.C 65.E.V 65.P.c,2.0 1.5 1.75 1.3 0.8,maʔhəp,0.0,3071.0
2264,night,JAPANESE,jo,j o,6 7,AX,JU,66.0,66.J.C 66.U.V,2.0 1.5,jo,0.0,3085.0
2304,night,KADAZAN,sodop,s o d o p,3 7 1 7 1,AXBYN,SUTUP,67.0,67.S.C 67.U.V 67.T.C 67.U.V 67.P.c,2.0 1.5 1.75 1.3 0.8,sodop,0.0,3086.0
2344,night,KAGAYANEN,kiləm,k i l ə m,1 7 5 7 4,AXBYN,KILEM,68.0,68.K.C 68.I.V 68.L.C 68.E.V 68.M.c,2.0 1.5 1.75 1.3 0.8,kiləm,0.0,3087.0
2384,night,KALAGAN,gabi,g a b i,1 7 1 7,AXBZ,KAPI,69.0,69.K.C 69.A.V 69.P.C 69.I.V,2.0 1.5 1.75 0.8,gabi,0.0,3025.0
2424,night,KALINGA GUINAANG,labi,l a b i,5 7 1 7,AXBZ,LAPI,70.0,70.L.C 70.A.V 70.P.C 70.I.V,2.0 1.5 1.75 0.8,labi,0.0,3025.0
2464,night,KALINGA LIMOS,labi,l a b i,5 7 1 7,AXBZ,LAPI,71.0,71.L.C 71.A.V 71.P.C 71.I.V,2.0 1.5 1.75 0.8,labi,0.0,3025.0
2504,night,KALLAHAN KAYAPA PROPER,malabi,m a l a b i,4 7 5 7 1 7,AXBYBZ,MALAPI,72.0,72.M.C 72.A.V 72.L.C 72.A.V 72.P.C 72.I.V,2.0 1.5 1.75 1.3 1.75 0.8,malabi,0.0,3074.0
2544,night,KALLAHAN KELEYQIQ IFUGAO,hileŋ,h i l e ŋ,3 7 5 7 4,AXBYN,HILEN,73.0,73.H.C 73.I.V 73.L.C 73.E.V 73.N.c,2.0 1.5 1.75 1.3 0.8,hileŋ,0.0,3092.0
2584,night,KANKANAY NORTHERN,labi,l a b i,5 7 1 7,AXBZ,LAPI,75.0,75.L.C 75.A.V 75.P.C 75.I.V,2.0 1.5 1.75 0.8,labi,0.0,3025.0
2624,night,KAPAMPANGAN,beji,b e j i,1 7 6 7,AXBZ,PEJI,76.0,76.P.C 76.E.V 76.J.C 76.I.V,2.0 1.5 1.75 0.8,beji,0.0,3095.0
2664,night,KINARAY A,gabi,g a b i,1 7 1 7,AXBZ,KAPI,77.0,77.K.C 77.A.V 77.P.C 77.I.V,2.0 1.5 1.75 0.8,gabi,0.0,3025.0
2704,night,KOREAN,pam,p a m,1 7 4,AXN,PAM,78.0,78.P.C 78.A.V 78.M.c,2.0 1.5 0.8,pam,0.0,3097.0
2744,night,LEGAZPI,baŋgi,b a ŋ g i,1 7 4 1 7,AXMBZ,PANKI,79.0,79.P.C 79.A.V 79.N.c 79.K.C 79.I.V,2.0 1.5 1.1 1.75 0.8,baŋgi,0.0,3095.0
2784,night,LIBON,gabi,g a b i,1 7 1 7,AXBZ,KAPI,80.0,80.K.C 80.A.V 80.P.C 80.I.V,2.0 1.5 1.75 0.8,gabi,0.0,3025.0
2824,night,LIVE,ie,i e,7 7,XZ,IE,82.0,82.I.V 82.E.V,1.5 0.8,ie,0.0,3101.0
2864,night,MAGUINDANAO,magabi,m a g a b i,4 7 1 7 1 7,AXBYBZ,MAKAPI,83.0,83.M.C 83.A.V 83.K.C 83.A.V 83.P.C 83.I.V,2.0 1.5 1.75 1.3 1.75 0.8,magabi,0.0,3074.0
2904,night,MAMANWA,kahabzan,k a h a b z a n,1 7 3 7 1 3 7 4,AXBYBCYN,KAHAPSAN,84.0,84.K.C 84.A.V 84.H.C 84.A.V 84.P.C 84.S.C 84.A.V 84.N.c,2.0 1.5 1.75 1.3 1.75 1.5 1.3 0.8,kahabzan,0.0,3103.0
2944,night,MANOBO ATA,maʔusilom,m a ʔ u s i l o m,4 7 1 7 3 7 5 7 4,AXBYBYBYN,MAHYSILUM,88.0,88.M.C 88.A.V 88.H.C 88.Y.V 88.S.C 88.I.V 88.L.C 88.U.V 88.M.c,2.0 1.5 1.75 1.3 1.75 1.3 1.75 1.3 0.8,maʔusilom,0.0,3107.0
2984,night,MANOBO DIBABAWON,kadukiləm,k a d u k i l ə m,1 7 1 7 1 7 5 7 4,AXBYBYBYN,KATYKILEM,89.0,89.K.C 89.A.V 89.T.C 89.Y.V 89.K.C 89.I.V 89.L.C 89.E.V 89.M.c,2.0 1.5 1.75 1.3 1.75 1.3 1.75 1.3 0.8,kadukiləm,0.0,3087.0
3024,night,MANOBO ILIANEN,mərukiləm,m ə r u k i l ə m,4 7 5 7 1 7 5 7 4,AXBYBYBYN,MERYKILEM,90.0,90.M.C 90.E.V 90.R.C 90.Y.V 90.K.C 90.I.V 90.L.C 90.E.V 90.M.c,2.0 1.5 1.75 1.3 1.75 1.3 1.75 1.3 0.8,mərukiləm,0.0,3087.0
3064,night,MANOBO KALAMANSIG COTABATO,sigəp,s i g ə p,3 7 1 7 1,AXBYN,SIKEP,91.0,91.S.C 91.I.V 91.K.C 91.E.V 91.P.c,2.0 1.5 1.75 1.3 0.8,sigəp,0.0,3110.0
3104,night,MANOBO SARANGANI,dolom,d o l o m,1 7 5 7 4,AXBYN,TULUM,92.0,92.T.C 92.U.V 92.L.C 92.U.V 92.M.c,2.0 1.5 1.75 1.3 0.8,dolom,0.0,3029.0
3144,night,MANOBO TIGWA,madusiləm,m a d u s i l ə m,4 7 1 7 3 7 5 7 4,AXBYBYBYN,MATYSILEM,93.0,93.M.C 93.A.V 93.T.C 93.Y.V 93.S.C 93.I.V 93.L.C 93.E.V 93.M.c,2.0 1.5 1.75 1.3 1.75 1.3 1.75 1.3 0.8,madusiləm,0.0,3107.0
3184,night,MANOBO WESTERN BUKIDNON,dukiləm,d u k i l ə m,1 7 1 7 5 7 4,AXBYBYN,TYKILEM,94.0,94.T.C 94.Y.V 94.K.C 94.I.V 94.L.C 94.E.V 94.M.c,2.0 1.5 1.75 1.3 1.75 1.3 0.8,dukiləm,0.0,3087.0
3224,night,MANSAKA,gabi,g a b i,1 7 1 7,AXBZ,KAPI,95.0,95.K.C 95.A.V 95.P.C 95.I.V,2.0 1.5 1.75 0.8,gabi,0.0,3025.0
3264,night,MAPUN,bahaŋi,b a h a ŋ i,1 7 3 7 4 7,AXBYBZ,PAHANI,97.0,97.P.C 97.A.V 97.H.C 97.A.V 97.N.C 97.I.V,2.0 1.5 1.75 1.3 1.75 0.8,bahaŋi,0.0,3116.0
3304,night,MARANAO,gagaoiʔi,g a g a o i ʔ i,1 7 1 7 7 7 1 7,AXBYYYBZ,KAKAUIHI,98.0,98.K.C 98.A.V 98.K.C 98.A.V 98.U.V 98.I.V 98.H.C 98.I.V,2.0 1.5 1.75 1.3 1.3 1.3 1.75 0.8,gagaoiʔi,0.0,3117.0
3344,night,MARINDUQUE TAGALOG,gabʔi,g a b ʔ i,1 7 1 1 7,AXMBZ,KAPHI,99.0,99.K.C 99.A.V 99.P.c 99.H.C 99.I.V,2.0 1.5 1.1 1.75 0.8,gabʔi,0.0,3118.0
3384,night,MASBATENYO,gabi,g a b i,1 7 1 7,AXBZ,KAPI,100.0,100.K.C 100.A.V 100.P.C 100.I.V,2.0 1.5 1.75 0.8,gabi,0.0,3025.0
3424,night,MINANGALI LOWER TANUDAN KALINGA,labi,l a b i,5 7 1 7,AXBZ,LAPI,101.0,101.L.C 101.A.V 101.P.C 101.I.V,2.0 1.5 1.75 0.8,labi,0.0,3025.0
3464,night,MOKSHA,vje,v j e,3 6 7,ACX,BJE,102.0,102.B.C 102.J.C 102.E.V,2.0 1.5 1.5,vje,0.0,3121.0
3504,night,MOLBOG,gobi,g o b i,1 7 1 7,AXBZ,KUPI,103.0,103.K.C 103.U.V 103.P.C 103.I.V,2.0 1.5 1.75 0.8,gobi,0.0,3025.0
3544,night,MOLBOG 2,gebi,g e b i,1 7 1 7,AXBZ,KEPI,104.0,104.K.C 104.E.V 104.P.C 104.I.V,2.0 1.5 1.75 0.8,gebi,0.0,3025.0
3584,night,MONGOLIAN,Sunu,s u n u,3 7 4 7,AXBZ,SYNY,105.0,105.S.C 105.Y.V 105.N.C 105.Y.V,2.0 1.5 1.75 0.8,sunu,0.0,3041.0
3624,night,MORO MAGINDANAU,magabi,m a g a b i,4 7 1 7 1 7,AXBYBZ,MAKAPI,106.0,106.M.C 106.A.V 106.K.C 106.A.V 106.P.C 106.I.V,2.0 1.5 1.75 1.3 1.75 0.8,magabi,0.0,3074.0
3664,night,NAGA,baŋgi,b a ŋ g i,1 7 4 1 7,AXMBZ,PANKI,107.0,107.P.C 107.A.V 107.N.c 107.K.C 107.I.V,2.0 1.5 1.1 1.75 0.8,baŋgi,0.0,3095.0
3704,night,NORTHERN CATANDUANES,gaʔbi,g a ʔ b i,1 7 1 1 7,AXMBZ,KAHPI,108.0,108.K.C 108.A.V 108.H.c 108.P.C 108.I.V,2.0 1.5 1.1 1.75 0.8,gaʔbi,0.0,3025.0
3744,night,NORTHERN SORSOGON,gabʔi,g a b ʔ i,1 7 1 1 7,AXMBZ,KAPHI,109.0,109.K.C 109.A.V 109.P.c 109.H.C 109.I.V,2.0 1.5 1.1 1.75 0.8,gabʔi,0.0,3118.0
3784,night,OAS,gaʔbi,g a ʔ b i,1 7 1 1 7,AXMBZ,KAHPI,110.0,110.K.C 110.A.V 110.H.c 110.P.C 110.I.V,2.0 1.5 1.1 1.75 0.8,gaʔbi,0.0,3025.0
3824,night,PALAWANO BATAK,dələm,d ə l ə m,1 7 5 7 4,AXBYN,TELEM,111.0,111.T.C 111.E.V 111.L.C 111.E.V 111.M.c,2.0 1.5 1.75 1.3 0.8,dələm,0.0,3029.0
3864,night,PANGASINAN,labi,l a b i,5 7 1 7,AXBZ,LAPI,112.0,112.L.C 112.A.V 112.P.C 112.I.V,2.0 1.5 1.75 0.8,labi,0.0,3025.0
3904,night,PANGUTARAN SAMA,saŋom,s a ŋ o m,3 7 4 7 4,AXBYN,SANUM,113.0,113.S.C 113.A.V 113.N.C 113.U.V 113.M.c,2.0 1.5 1.75 1.3 0.8,saŋom,0.0,3026.0
3944,night,PANGUTARAN SAMA (1),saŋom,s a ŋ o m,3 7 4 7 4,AXBYN,SANUM,114.0,114.S.C 114.A.V 114.N.C 114.U.V 114.M.c,2.0 1.5 1.75 1.3 0.8,saŋom,0.0,3026.0
3984,night,PROTO PALAWAN,gebiʔi,g e b i ʔ i,1 7 1 7 1 7,AXBYBZ,KEPIHI,115.0,115.K.C 115.E.V 115.P.C 115.I.V 115.H.C 115.I.V,2.0 1.5 1.75 1.3 1.75 0.8,gebiʔi,0.0,3025.0
4024,night,QUEZON PALAWAN,gebi,g e b i,1 7 1 7,AXBZ,KEPI,117.0,117.K.C 117.E.V 117.P.C 117.I.V,2.0 1.5 1.75 0.8,gebi,0.0,3025.0
4064,night,ROMBLOMANON 1,gabʔi,g a b ʔ i,1 7 1 1 7,AXMBZ,KAPHI,118.0,118.K.C 118.A.V 118.P.c 118.H.C 118.I.V,2.0 1.5 1.1 1.75 0.8,gabʔi,0.0,3076.0
4104,night,ROMBLOMANON 2,gabʔi,g a b ʔ i,1 7 1 1 7,AXMBZ,KAPHI,119.0,119.K.C 119.A.V 119.P.c 119.H.C 119.I.V,2.0 1.5 1.1 1.75 0.8,gabʔi,0.0,3076.0
4144,night,SAMAL,saŋom,s a ŋ o m,3 7 4 7 4,AXBYN,SANUM,120.0,120.S.C 120.A.V 120.N.C 120.U.V 120.M.c,2.0 1.5 1.75 1.3 0.8,saŋom,0.0,3026.0
4184,night,SAMBAL BOTOLAN,jabi,j a b i,6 7 1 7,AXBZ,JAPI,121.0,121.J.C 121.A.V 121.P.C 121.I.V,2.0 1.5 1.75 0.8,jabi,0.0,3025.0
4264,night,SANGIL SARANGANI ISLANDS,rəbi,r ə b i,5 7 1 7,AXBZ,REPI,123.0,123.R.C 123.E.V 123.P.C 123.I.V,2.0 1.5 1.75 0.8,rəbi,0.0,3025.0
4304,night,SEDANG,koŋ maŋ,k o ŋ # m a ŋ,1 7 4 9 4 7 4,AXN_AXN,KUN_MAN,124.0,124.K.C 124.U.V 124.N.c 124._._ 124.M.C 124.A.V 124.N.c,2.0 1.5 0.8 0.0 2.0 1.5 0.8,koŋ#maŋ,0.0,3142.0
4344,night,SIBUTU SOUTHERN SAMA,saŋom,s a ŋ o m,3 7 4 7 4,AXBYN,SANUM,125.0,125.S.C 125.A.V 125.N.C 125.U.V 125.M.c,2.0 1.5 1.75 1.3 0.8,saŋom,0.0,3026.0
4384,night,SOGODNIN BORACAY,kalap,k a l a p,1 7 5 7 1,AXBYN,KALAP,127.0,127.K.C 127.A.V 127.L.C 127.A.V 127.P.c,2.0 1.5 1.75 1.3 0.8,kalap,0.0,3145.0
4424,night,SOUTH SAAMI,əjə,ə j ə,7 6 7,XBZ,EJE,128.0,128.E.V 128.J.C 128.E.V,1.5 1.75 0.8,əjə,0.0,3085.0
4464,night,SOUTHERN CATANDUANES,baŋgi,b a ŋ g i,1 7 4 1 7,AXMBZ,PANKI,129.0,129.P.C 129.A.V 129.N.c 129.K.C 129.I.V,2.0 1.5 1.1 1.75 0.8,baŋgi,0.0,3095.0
4504,night,SOUTHERN SORSOGON,gabʔi,g a b ʔ i,1 7 1 1 7,AXMBZ,KAPHI,131.0,131.K.C 131.A.V 131.P.c 131.H.C 131.I.V,2.0 1.5 1.1 1.75 0.8,gabʔi,0.0,3076.0
4544,night,SOUTHWEST PALAWANO,gebi,g e b i,1 7 1 7,AXBZ,KEPI,132.0,132.K.C 132.E.V 132.P.C 132.I.V,2.0 1.5 1.75 0.8,gebi,0.0,3025.0
4584,night,SPANISH,noCe,n o c e,4 7 1 7,AXBZ,NUCE,133.0,133.N.C 133.U.V 133.C.C 133.E.V,2.0 1.5 1.75 0.8,noce,0.0,3151.0
4624,night,SUBANON SIOCON,gobi,g o b i,1 7 1 7,AXBZ,KUPI,134.0,134.K.C 134.U.V 134.P.C 134.I.V,2.0 1.5 1.75 0.8,gobi,0.0,3025.0
4664,night,SUBANUN SINDANGAN,gəbii,g ə b ii,1 7 1 7,AXBZ,KEPI,135.0,135.K.C 135.E.V 135.P.C 135.I.V,2.0 1.5 1.75 0.8,gəbii,0.0,3025.0
4704,night,SURIGAONON,dujom,d u j o m,1 7 6 7 4,AXBYN,TYJUM,136.0,136.T.C 136.Y.V 136.J.C 136.U.V 136.M.c,2.0 1.5 1.75 1.3 0.8,dujom,0.0,3029.0
4744,night,TAGABAWA,dukilam,d u k i l a m,1 7 1 7 5 7 4,AXBYBYN,TYKILAM,137.0,137.T.C 137.Y.V 137.K.C 137.I.V 137.L.C 137.A.V 137.M.c,2.0 1.5 1.75 1.3 1.75 1.3 0.8,dukilam,0.0,3087.0
4784,night,TAGABILI,kifuh,k i f u h,1 7 3 7 3,AXBYN,KIBYH,138.0,138.K.C 138.I.V 138.B.C 138.Y.V 138.H.c,2.0 1.5 1.75 1.3 0.8,kifuh,0.0,3156.0
4824,night,TAGALOG,gabi,g a b i,1 7 1 7,AXBZ,KAPI,139.0,139.K.C 139.A.V 139.P.C 139.I.V,2.0 1.5 1.75 0.8,gabi,0.0,3025.0
4904,night,TAGBANWA ABORLAN,dələm,d ə l ə m,1 7 5 7 4,AXBYN,TELEM,141.0,141.T.C 141.E.V 141.L.C 141.E.V 141.M.c,2.0 1.5 1.75 1.3 0.8,dələm,0.0,3029.0
4944,night,TAGBANWA KALAMIAN,labii,l a b ii,5 7 1 7,AXBZ,LAPI,142.0,142.L.C 142.A.V 142.P.C 142.I.V,2.0 1.5 1.75 0.8,labii,0.0,3025.0
4984,night,TALAANDIG BINUKID,daləman,d a l ə m a n,1 7 5 7 4 7 4,AXBYBYN,TALEMAN,143.0,143.T.C 143.A.V 143.L.C 143.E.V 143.M.C 143.A.V 143.N.c,2.0 1.5 1.75 1.3 1.75 1.3 0.8,daləman,0.0,3032.0
5024,night,TAMBUNAN DUSUN,totuoŋ,t o t u o ŋ,1 7 1 7 7 4,AXBYYN,TUTYUN,144.0,144.T.C 144.U.V 144.T.C 144.Y.V 144.U.V 144.N.c,2.0 1.5 1.75 1.3 1.3 0.8,totuoŋ,0.0,3046.0
5064,night,TAUSUG,duum,d uu m,1 7 4,AXN,TYM,145.0,145.T.C 145.Y.V 145.M.c,2.0 1.5 0.8,duum,0.0,3029.0
5104,night,TAUT BATU,gebiʔi,g e b i ʔ i,1 7 1 7 1 7,AXBYBZ,KEPIHI,146.0,146.K.C 146.E.V 146.P.C 146.I.V 146.H.C 146.I.V,2.0 1.5 1.75 1.3 1.75 0.8,gebiʔi,0.0,3025.0
5144,night,TBOLI TAGABILI,kifuh,k i f u h,1 7 3 7 3,AXBYN,KIBYH,147.0,147.K.C 147.I.V 147.B.C 147.Y.V 147.H.c,2.0 1.5 1.75 1.3 0.8,kifuh,0.0,3156.0
5184,night,TIMUGON MURUT,dondom,d o n d o m,1 7 4 1 7 4,AXMBYN,TUNTUM,148.0,148.T.C 148.U.V 148.N.c 148.T.C 148.U.V 148.M.c,2.0 1.5 1.1 1.75 1.3 0.8,dondom,0.0,3165.0
5224,night,TIRURAY,buteŋ,b u t e ŋ,1 7 1 7 4,AXBYN,PYTEN,149.0,149.P.C 149.Y.V 149.T.C 149.E.V 149.N.c,2.0 1.5 1.75 1.3 0.8,buteŋ,0.0,3030.0
5264,night,TURKISH,gedʒe,g e dʒ e,1 7 1 7,AXBZ,KETE,150.0,150.K.C 150.E.V 150.T.C 150.E.V,2.0 1.5 1.75 0.8,gedʒe,0.0,3028.0
5304,night,UGARITIC,ll,ll,5,A,L,151.0,151.L.C,2.0,ll,0.0,3168.0
5344,night,WARAY WARAY,gabi,g a b i,1 7 1 7,AXBZ,KAPI,152.0,152.K.C 152.A.V 152.P.C 152.I.V,2.0 1.5 1.75 0.8,gabi,0.0,3025.0
5384,night,YAKAN,saŋem,s a ŋ e m,3 7 4 7 4,AXBYN,SANEM,153.0,153.S.C 153.A.V 153.N.C 153.E.V 153.M.c,2.0 1.5 1.75 1.3 0.8,saŋem,0.0,3026.0
5424,night,YOGAD,gabi,g a b i,1 7 1 7,AXBZ,KAPI,154.0,154.K.C 154.A.V 154.P.C 154.I.V,2.0 1.5 1.75 0.8,gabi,0.0,3025.0
5504,night,IMOROD,mahep,m a h e p,4 7 3 7 1,AXBYN,MAHEP,52.0,52.M.C 52.A.V 52.H.C 52.E.V 52.P.c,2.0 1.5 1.75 1.3 0.8,mahep,0.0,3071.0
5544,night,BABUYAN,ahep,a h e p,7 3 7 1,XBYN,AHEP,4.0,4.A.V 4.H.C 4.E.V 4.P.c,1.5 1.75 1.3 0.8,ahep,0.0,3024.0
5584,night,BISAYA SABAH,putoŋ,p u t o ŋ,1 7 1 7 4,AXBYN,PYTUN,13.0,13.P.C 13.Y.V 13.T.C 13.U.V 13.N.c,2.0 1.5 1.75 1.3 0.8,putoŋ,0.0,3030.0
5624,night,FINALLIG,lafi,l a f i,5 7 3 7,AXBZ,LABI,36.0,36.L.C 36.A.V 36.B.C 36.I.V,2.0 1.5 1.75 0.8,lafi,0.0,3025.0
5664,night,HILIGAYNON,gabi,g a b i,1 7 1 7,AXBZ,KAPI,42.0,42.K.C 42.A.V 42.P.C 42.I.V,2.0 1.5 1.75 0.8,gabi,0.0,3025.0
5704,night,INABAKNON,saŋom,s a ŋ o m,3 7 4 7 4,AXBYN,SANUM,53.0,53.S.C 53.A.V 53.N.C 53.U.V 53.M.c,2.0 1.5 1.75 1.3 0.8,saŋom,0.0,3072.0
5744,night,IRARALAY IVATAN,ahep,a h e p,7 3 7 1,XBYN,AHEP,56.0,56.A.V 56.H.C 56.E.V 56.P.c,1.5 1.75 1.3 0.8,ahep,0.0,3024.0
5784,night,ISAMORONG IVATAN,misarisari,m i s a r i s a r i,4 7 3 7 5 7 3 7 5 7,AXBYBYBYBZ,MISARISARI,58.0,58.M.C 58.I.V 58.S.C 58.A.V 58.R.C 58.I.V 58.S.C 58.A.V 58.R.C 58.I.V,2.0 1.5 1.75 1.3 1.75 1.3 1.75 1.3 1.75 0.8,misarisari,0.0,3077.0
5824,night,IVASAY IVATAN,mahep,m a h e p,4 7 3 7 1,AXBYN,MAHEP,64.0,64.M.C 64.A.V 64.H.C 64.E.V 64.P.c,2.0 1.5 1.75 1.3 0.8,mahep,0.0,3071.0
5864,night,KANKANAEY,labi,l a b i,5 7 1 7,AXBZ,LAPI,74.0,74.L.C 74.A.V 74.P.C 74.I.V,2.0 1.5 1.75 0.8,labi,0.0,3025.0
5904,night,LIMOS KALINGA,labi,l a b i,5 7 1 7,AXBZ,LAPI,81.0,81.L.C 81.A.V 81.P.C 81.I.V,2.0 1.5 1.75 0.8,labi,0.0,3025.0
5944,night,MANDAYAN BOSO,gabi,g a b i,1 7 1 7,AXBZ,KAPI,85.0,85.K.C 85.A.V 85.P.C 85.I.V,2.0 1.5 1.75 0.8,gabi,0.0,3025.0
5984,night,MANDAYAN CARAGA,gabi,g a b i,1 7 1 7,AXBZ,KAPI,86.0,86.K.C 86.A.V 86.P.C 86.I.V,2.0 1.5 1.75 0.8,gabi,0.0,3025.0
6024,night,MANDAYAN ISLAM PISO,gabi,g a b i,1 7 1 7,AXBZ,KAPI,87.0,87.K.C 87.A.V 87.P.C 87.I.V,2.0 1.5 1.75 0.8,gabi,0.0,3025.0
6064,night,MANSAKA 2,gabi,g a b i,1 7 1 7,AXBZ,KAPI,96.0,96.K.C 96.A.V 96.P.C 96.I.V,2.0 1.5 1.75 0.8,gabi,0.0,3025.0
6104,night,PROTO SOUTHERN MINDANAO,butaŋ,b u t a ŋ,1 7 1 7 4,AXBYN,PYTAN,116.0,116.P.C 116.Y.V 116.T.C 116.A.V 116.N.c,2.0 1.5 1.75 1.3 0.8,butaŋ,0.0,3030.0
6144,night,SINAUNA,abi,a b i,7 1 7,XBZ,API,126.0,126.A.V 126.P.C 126.I.V,1.5 1.75 0.8,abi,0.0,3025.0
6184,night,SOUTHERN KALINGA,lafi,l a f i,5 7 3 7,AXBZ,LABI,130.0,130.L.C 130.A.V 130.B.C 130.I.V,2.0 1.5 1.75 0.8,lafi,0.0,3025.0
25,nose,AGTA,iguŋ,i g u ŋ,7 1 7 4,XBYN,IKYN,1.0,1.I.V 1.K.C 1.Y.V 1.N.c,1.5 1.75 1.3 0.8,iguŋ,0.0,3185.0
65,nose,AKLANON,iluŋ,i l u ŋ,7 5 7 4,XBYN,ILYN,2.0,2.I.V 2.L.C 2.Y.V 2.N.c,1.5 1.75 1.3 0.8,iluŋ,0.0,3178.0
105,nose,ATTA PAMPLONA,iguŋ,i g u ŋ,7 1 7 4,XBYN,IKYN,3.0,3.I.V 3.K.C 3.Y.V 3.N.c,1.5 1.75 1.3 0.8,iguŋ,0.0,3185.0
145,nose,BALANGAW,aŋal,a ŋ a l,7 4 7 5,XBYN,ANAL,5.0,5.A.V 5.N.C 5.A.V 5.L.c,1.5 1.75 1.3 0.8,aŋal,0.0,3173.0
185,nose,BALANGINGI SAMA,uŋ,u ŋ,7 4,XN,YN,6.0,6.Y.V 6.N.c,1.5 0.8,uŋ,0.0,3174.0
225,nose,BALANGINGI SAMA (1),uŋ,u ŋ,7 4,XN,YN,7.0,7.Y.V 7.N.c,1.5 0.8,uŋ,0.0,3174.0
265,nose,BASQUE,sudur,s u d u r,3 7 1 7 5,AXBYN,SYTYR,8.0,8.S.C 8.Y.V 8.T.C 8.Y.V 8.R.c,2.0 1.5 1.75 1.3 0.8,sudur,0.0,3176.0
305,nose,BATAK PALAWAN,uruŋ,u r u ŋ,7 5 7 4,XBYN,YRYN,9.0,9.Y.V 9.R.C 9.Y.V 9.N.c,1.5 1.75 1.3 0.8,uruŋ,0.0,3185.0
345,nose,BILAAN KORONADAL,iluŋ,i l u ŋ,7 5 7 4,XBYN,ILYN,10.0,10.I.V 10.L.C 10.Y.V 10.N.c,1.5 1.75 1.3 0.8,iluŋ,0.0,3178.0
385,nose,BILAAN SARANGANI,iluŋ,i l u ŋ,7 5 7 4,XBYN,ILYN,11.0,11.I.V 11.L.C 11.Y.V 11.N.c,1.5 1.75 1.3 0.8,iluŋ,0.0,3178.0
425,nose,BINUKID,iduŋ,i d u ŋ,7 1 7 4,XBYN,ITYN,12.0,12.I.V 12.T.C 12.Y.V 12.N.c,1.5 1.75 1.3 0.8,iduŋ,0.0,3181.0
465,nose,BONGGI,iduŋ,i d u ŋ,7 1 7 4,XBYN,ITYN,14.0,14.I.V 14.T.C 14.Y.V 14.N.c,1.5 1.75 1.3 0.8,iduŋ,0.0,3182.0
505,nose,BONTOC GUINAANG,əŋəl,ə ŋ ə l,7 4 7 5,XBYN,ENEL,15.0,15.E.V 15.N.C 15.E.V 15.L.c,1.5 1.75 1.3 0.8,əŋəl,0.0,3173.0
545,nose,BROOKES POINT PALAWAN,əruŋ,ə r u ŋ,7 5 7 4,XBYN,ERYN,16.0,16.E.V 16.R.C 16.Y.V 16.N.c,1.5 1.75 1.3 0.8,əruŋ,0.0,3185.0
585,nose,BUHI,ʔuruŋ,ʔ u r u ŋ,1 7 5 7 4,AXBYN,HYRYN,17.0,17.H.C 17.Y.V 17.R.C 17.Y.V 17.N.c,2.0 1.5 1.75 1.3 0.8,ʔuruŋ,0.0,3185.0
625,nose,BUHINON ALBAY BICOLANO,oroŋ,o r o ŋ,7 5 7 4,XBYN,URUN,18.0,18.U.V 18.R.C 18.U.V 18.N.c,1.5 1.75 1.3 0.8,oroŋ,0.0,3185.0
665,nose,BUKIDNON BINUKID,iduŋ,i d u ŋ,7 1 7 4,XBYN,ITYN,19.0,19.I.V 19.T.C 19.Y.V 19.N.c,1.5 1.75 1.3 0.8,iduŋ,0.0,3181.0
705,nose,BUTUANON,iloŋ,i l o ŋ,7 5 7 4,XBYN,ILUN,20.0,20.I.V 20.L.C 20.U.V 20.N.c,1.5 1.75 1.3 0.8,iloŋ,0.0,3178.0
745,nose,CAIJIA,bikei,b i k e i,1 7 1 7 7,AXBYZ,PIKEI,21.0,21.P.C 21.I.V 21.K.C 21.E.V 21.I.V,2.0 1.5 1.75 1.3 0.8,bikei,0.0,3189.0
785,nose,CANIPAAN PALAWAN,əduŋ,ə d u ŋ,7 1 7 4,XBYN,ETYN,22.0,22.E.V 22.T.C 22.Y.V 22.N.c,1.5 1.75 1.3 0.8,əduŋ,0.0,3181.0
825,nose,CASIGURAN NEGRITO,duŋus,d u ŋ u s,1 7 4 7 3,AXBYN,TYNYS,23.0,23.T.C 23.Y.V 23.N.C 23.Y.V 23.S.c,2.0 1.5 1.75 1.3 0.8,duŋus,0.0,3191.0
865,nose,CEBUANO,iluŋ,i l u ŋ,7 5 7 4,XBYN,ILYN,24.0,24.I.V 24.L.C 24.Y.V 24.N.c,1.5 1.75 1.3 0.8,iluŋ,0.0,3178.0
905,nose,CENTRAL BICOLANO,duŋoʔ,d u ŋ o ʔ,1 7 4 7 1,AXBYN,TYNUH,25.0,25.T.C 25.Y.V 25.N.C 25.U.V 25.H.c,2.0 1.5 1.75 1.3 0.8,duŋoʔ,0.0,3193.0
945,nose,CENTRAL BONTOC,əŋəl,ə ŋ ə l,7 4 7 5,XBYN,ENEL,26.0,26.E.V 26.N.C 26.E.V 26.L.c,1.5 1.75 1.3 0.8,əŋəl,0.0,3173.0
985,nose,CENTRAL DUSUN,toduŋ,t o d u ŋ,1 7 1 7 4,AXBYN,TUTYN,27.0,27.T.C 27.U.V 27.T.C 27.Y.V 27.N.c,2.0 1.5 1.75 1.3 0.8,toduŋ,0.0,3181.0
1025,nose,CENTRAL TAGBANWA,uroŋ,u r o ŋ,7 5 7 4,XBYN,YRUN,28.0,28.Y.V 28.R.C 28.U.V 28.N.c,1.5 1.75 1.3 0.8,uroŋ,0.0,3196.0
1065,nose,CUYONON,iloŋ,i l o ŋ,7 5 7 4,XBYN,ILUN,29.0,29.I.V 29.L.C 29.U.V 29.N.c,1.5 1.75 1.3 0.8,iloŋ,0.0,3178.0
1105,nose,DARAGA,ʔuruŋ,ʔ u r u ŋ,1 7 5 7 4,AXBYN,HYRYN,30.0,30.H.C 30.Y.V 30.R.C 30.Y.V 30.N.c,2.0 1.5 1.75 1.3 0.8,ʔuruŋ,0.0,3185.0
1145,nose,DUMAGAT CASIGURAN,duŋos,d u ŋ o s,1 7 4 7 3,AXBYN,TYNUS,31.0,31.T.C 31.Y.V 31.N.C 31.U.V 31.S.c,2.0 1.5 1.75 1.3 0.8,duŋos,0.0,3191.0
1185,nose,DUPANINGAN AGTA,duŋas,d u ŋ a s,1 7 4 7 3,AXBYN,TYNAS,32.0,32.T.C 32.Y.V 32.N.C 32.A.V 32.S.c,2.0 1.5 1.75 1.3 0.8,duŋas,0.0,3200.0
1225,nose,ENGLISH,noz,n o z,4 7 3,AXN,NUS,33.0,33.N.C 33.U.V 33.S.c,2.0 1.5 0.8,noz,0.0,3201.0
1265,nose,ESKAYAN,dʒiomintir,dʒ i o m i n t i r,1 7 7 4 7 4 1 7 5,AXYBYMBYN,TIUMINTIR,34.0,34.T.C 34.I.V 34.U.V 34.M.C 34.I.V 34.N.c 34.T.C 34.I.V 34.R.c,2.0 1.5 1.3 1.75 1.3 1.1 1.75 1.3 0.8,dʒiomintir,0.0,3202.0
1305,nose,ESTONIAN,nina,n i n a,4 7 4 7,AXBZ,NINA,35.0,35.N.C 35.I.V 35.N.C 35.A.V,2.0 1.5 1.75 0.8,nina,0.0,3203.0
1345,nose,FINNISH,nenE,n e n æ,4 7 4 7,AXBZ,NENE,37.0,37.N.C 37.E.V 37.N.C 37.E.V,2.0 1.5 1.75 0.8,nenæ,0.0,3203.0
1385,nose,FUZHOU CHINESE,phei,ph e i,1 7 7,AXZ,PEI,38.0,38.P.C 38.E.V 38.I.V,2.0 1.5 0.8,phei,0.0,3206.0
1425,nose,GADDANG,ijoŋ,i j o ŋ,7 6 7 4,XBYN,IJUN,39.0,39.I.V 39.J.C 39.U.V 39.N.c,1.5 1.75 1.3 0.8,ijoŋ,0.0,3207.0
1465,nose,HANUNOO,iruŋ,i r u ŋ,7 5 7 4,XBYN,IRYN,40.0,40.I.V 40.R.C 40.Y.V 40.N.c,1.5 1.75 1.3 0.8,iruŋ,0.0,3185.0
1505,nose,HIGAONON BINUKID,iduŋ,i d u ŋ,7 1 7 4,XBYN,ITYN,41.0,41.I.V 41.T.C 41.Y.V 41.N.c,1.5 1.75 1.3 0.8,iduŋ,0.0,3181.0
1545,nose,HUNGARIAN,or,o r,7 5,XN,UR,43.0,43.U.V 43.R.c,1.5 0.8,or,0.0,3211.0
1585,nose,IBALOI,edeŋ,e d e ŋ,7 1 7 4,XBYN,ETEN,44.0,44.E.V 44.T.C 44.E.V 44.N.c,1.5 1.75 1.3 0.8,edeŋ,0.0,3212.0
1625,nose,IBANAG,iguŋ,i g u ŋ,7 1 7 4,XBYN,IKYN,45.0,45.I.V 45.K.C 45.Y.V 45.N.c,1.5 1.75 1.3 0.8,iguŋ,0.0,3185.0
1665,nose,IDAAN,iruŋ,i r u ŋ,7 5 7 4,XBYN,IRYN,46.0,46.I.V 46.R.C 46.Y.V 46.N.c,1.5 1.75 1.3 0.8,iruŋ,0.0,3185.0
1705,nose,IFUGAO AMGANAD,oloŋ,o l o ŋ,7 5 7 4,XBYN,ULUN,47.0,47.U.V 47.L.C 47.U.V 47.N.c,1.5 1.75 1.3 0.8,oloŋ,0.0,3212.0
1745,nose,IFUGAO BATAD,oloŋ,o l o ŋ,7 5 7 4,XBYN,ULUN,48.0,48.U.V 48.L.C 48.U.V 48.N.c,1.5 1.75 1.3 0.8,oloŋ,0.0,3212.0
1785,nose,IFUGAO BAYNINAN,oloŋ,o l o ŋ,7 5 7 4,XBYN,ULUN,49.0,49.U.V 49.L.C 49.U.V 49.N.c,1.5 1.75 1.3 0.8,oloŋ,0.0,3212.0
1825,nose,ILOKANO,agoŋ,a g o ŋ,7 1 7 4,XBYN,AKUN,50.0,50.A.V 50.K.C 50.U.V 50.N.c,1.5 1.75 1.3 0.8,agoŋ,0.0,3185.0
1865,nose,ILONGOT KAKIDUGEN,əgəŋ,ə g ə ŋ,7 1 7 4,XBYN,EKEN,51.0,51.E.V 51.K.C 51.E.V 51.N.c,1.5 1.75 1.3 0.8,əgəŋ,0.0,3212.0
1905,nose,INIBALOI,ədəŋ,ə d ə ŋ,7 1 7 4,XBYN,ETEN,54.0,54.E.V 54.T.C 54.E.V 54.N.c,1.5 1.75 1.3 0.8,ədəŋ,0.0,3212.0
1945,nose,IRANUN,ŋiruŋ,ŋ i r u ŋ,4 7 5 7 4,AXBYN,NIRYN,55.0,55.N.C 55.I.V 55.R.C 55.Y.V 55.N.c,2.0 1.5 1.75 1.3 0.8,ŋiruŋ,0.0,3185.0
1985,nose,IRIGA,ʔuruŋ,ʔ u r u ŋ,1 7 5 7 4,AXBYN,HYRYN,57.0,57.H.C 57.Y.V 57.R.C 57.Y.V 57.N.c,2.0 1.5 1.75 1.3 0.8,ʔuruŋ,0.0,3185.0
2025,nose,ISNAG,iguŋ,i g u ŋ,7 1 7 4,XBYN,IKYN,59.0,59.I.V 59.K.C 59.Y.V 59.N.c,1.5 1.75 1.3 0.8,iguŋ,0.0,3185.0
2065,nose,ISNEG,iguŋ,i g u ŋ,7 1 7 4,XBYN,IKYN,60.0,60.I.V 60.K.C 60.Y.V 60.N.c,1.5 1.75 1.3 0.8,iguŋ,0.0,3185.0
2105,nose,ITAWIT,ijuŋ,i j u ŋ,7 6 7 4,XBYN,IJYN,61.0,61.I.V 61.J.C 61.Y.V 61.N.c,1.5 1.75 1.3 0.8,ijuŋ,0.0,3229.0
2145,nose,ITBAYATEN BATANES ISLANDS,muhdan,m u h d a n,4 7 3 1 7 4,AXMBYN,MYHTAN,62.0,62.M.C 62.Y.V 62.H.c 62.T.C 62.A.V 62.N.c,2.0 1.5 1.1 1.75 1.3 0.8,muhdan,0.0,3172.0
2185,nose,ITNEG BINONGAN,əŋəl,ə ŋ ə l,7 4 7 5,XBYN,ENEL,63.0,63.E.V 63.N.C 63.E.V 63.L.c,1.5 1.75 1.3 0.8,əŋəl,0.0,3173.0
2225,nose,IVATAN BATANES ISLANDS,momoʔdan,m o m o ʔ d a n,4 7 4 7 1 1 7 4,AXBYMBYN,MUMUHTAN,65.0,65.M.C 65.U.V 65.M.C 65.U.V 65.H.c 65.T.C 65.A.V 65.N.c,2.0 1.5 1.75 1.3 1.1 1.75 1.3 0.8,momoʔdan,0.0,3172.0
2265,nose,JAPANESE,hana,h a n a,3 7 4 7,AXBZ,HANA,66.0,66.H.C 66.A.V 66.N.C 66.A.V,2.0 1.5 1.75 0.8,hana,0.0,3234.0
2305,nose,KADAZAN,toduŋ,t o d u ŋ,1 7 1 7 4,AXBYN,TUTYN,67.0,67.T.C 67.U.V 67.T.C 67.Y.V 67.N.c,2.0 1.5 1.75 1.3 0.8,toduŋ,0.0,3181.0
2345,nose,KAGAYANEN,iruŋ,i r u ŋ,7 5 7 4,XBYN,IRYN,68.0,68.I.V 68.R.C 68.Y.V 68.N.c,1.5 1.75 1.3 0.8,iruŋ,0.0,3185.0
2385,nose,KALAGAN,iluŋ,i l u ŋ,7 5 7 4,XBYN,ILYN,69.0,69.I.V 69.L.C 69.Y.V 69.N.c,1.5 1.75 1.3 0.8,iluŋ,0.0,3178.0
2425,nose,KALINGA GUINAANG,oŋol,o ŋ o l,7 4 7 5,XBYN,UNUL,70.0,70.U.V 70.N.C 70.U.V 70.L.c,1.5 1.75 1.3 0.8,oŋol,0.0,3173.0
2465,nose,KALINGA LIMOS,oŋol,o ŋ o l,7 4 7 5,XBYN,UNUL,71.0,71.U.V 71.N.C 71.U.V 71.L.c,1.5 1.75 1.3 0.8,oŋol,0.0,3173.0
2505,nose,KALLAHAN KAYAPA PROPER,ələŋ,ə l ə ŋ,7 5 7 4,XBYN,ELEN,72.0,72.E.V 72.L.C 72.E.V 72.N.c,1.5 1.75 1.3 0.8,ələŋ,0.0,3212.0
2545,nose,KALLAHAN KELEYQIQ IFUGAO,eleŋ,e l e ŋ,7 5 7 4,XBYN,ELEN,73.0,73.E.V 73.L.C 73.E.V 73.N.c,1.5 1.75 1.3 0.8,eleŋ,0.0,3212.0
2585,nose,KANKANAY NORTHERN,əʔəŋ,ə ʔ ə ŋ,7 1 7 4,XBYN,EHEN,75.0,75.E.V 75.H.C 75.E.V 75.N.c,1.5 1.75 1.3 0.8,əʔəŋ,0.0,3212.0
2625,nose,KAPAMPANGAN,aruŋ,a r u ŋ,7 5 7 4,XBYN,ARYN,76.0,76.A.V 76.R.C 76.Y.V 76.N.c,1.5 1.75 1.3 0.8,aruŋ,0.0,3244.0
2665,nose,KINARAY A,iroŋ,i r o ŋ,7 5 7 4,XBYN,IRUN,77.0,77.I.V 77.R.C 77.U.V 77.N.c,1.5 1.75 1.3 0.8,iroŋ,0.0,3245.0
2705,nose,KOREAN,ko,k o,1 7,AX,KU,78.0,78.K.C 78.U.V,2.0 1.5,ko,0.0,3246.0
2745,nose,LEGAZPI,duŋuʔ,d u ŋ u ʔ,1 7 4 7 1,AXBYN,TYNYH,79.0,79.T.C 79.Y.V 79.N.C 79.Y.V 79.H.c,2.0 1.5 1.75 1.3 0.8,duŋuʔ,0.0,3193.0
2785,nose,LIBON,ʔuruŋ,ʔ u r u ŋ,1 7 5 7 4,AXBYN,HYRYN,80.0,80.H.C 80.Y.V 80.R.C 80.Y.V 80.N.c,2.0 1.5 1.75 1.3 0.8,ʔuruŋ,0.0,3185.0
2825,nose,LIVE,nana,n a n a,4 7 4 7,AXBZ,NANA,82.0,82.N.C 82.A.V 82.N.C 82.A.V,2.0 1.5 1.75 0.8,nana,0.0,3203.0
2865,nose,MAGUINDANAO,ŋiluŋ,ŋ i l u ŋ,4 7 5 7 4,AXBYN,NILYN,83.0,83.N.C 83.I.V 83.L.C 83.Y.V 83.N.c,2.0 1.5 1.75 1.3 0.8,ŋiluŋ,0.0,3185.0
2905,nose,MAMANWA,iroŋ,i r o ŋ,7 5 7 4,XBYN,IRUN,84.0,84.I.V 84.R.C 84.U.V 84.N.c,1.5 1.75 1.3 0.8,iroŋ,0.0,3185.0
2945,nose,MANOBO ATA,iduŋ,i d u ŋ,7 1 7 4,XBYN,ITYN,88.0,88.I.V 88.T.C 88.Y.V 88.N.c,1.5 1.75 1.3 0.8,iduŋ,0.0,3181.0
2985,nose,MANOBO DIBABAWON,simud,s i m u d,3 7 4 7 1,AXBYN,SIMYT,89.0,89.S.C 89.I.V 89.M.C 89.Y.V 89.T.c,2.0 1.5 1.75 1.3 0.8,simud,0.0,3257.0
3025,nose,MANOBO ILIANEN,iruŋ,i r u ŋ,7 5 7 4,XBYN,IRYN,90.0,90.I.V 90.R.C 90.Y.V 90.N.c,1.5 1.75 1.3 0.8,iruŋ,0.0,3185.0
3065,nose,MANOBO KALAMANSIG COTABATO,iduŋ,i d u ŋ,7 1 7 4,XBYN,ITYN,91.0,91.I.V 91.T.C 91.Y.V 91.N.c,1.5 1.75 1.3 0.8,iduŋ,0.0,3181.0
3105,nose,MANOBO SARANGANI,idoŋ,i d o ŋ,7 1 7 4,XBYN,ITUN,92.0,92.I.V 92.T.C 92.U.V 92.N.c,1.5 1.75 1.3 0.8,idoŋ,0.0,3181.0
3145,nose,MANOBO TIGWA,iduŋ,i d u ŋ,7 1 7 4,XBYN,ITYN,93.0,93.I.V 93.T.C 93.Y.V 93.N.c,1.5 1.75 1.3 0.8,iduŋ,0.0,3181.0
3185,nose,MANOBO WESTERN BUKIDNON,izuŋ,i z u ŋ,7 3 7 4,XBYN,ISYN,94.0,94.I.V 94.S.C 94.Y.V 94.N.c,1.5 1.75 1.3 0.8,izuŋ,0.0,3185.0
3225,nose,MANSAKA,iluŋ,i l u ŋ,7 5 7 4,XBYN,ILYN,95.0,95.I.V 95.L.C 95.Y.V 95.N.c,1.5 1.75 1.3 0.8,iluŋ,0.0,3178.0
3265,nose,MAPUN,samo,s a m o,3 7 4 7,AXBZ,SAMU,97.0,97.S.C 97.A.V 97.M.C 97.U.V,2.0 1.5 1.75 0.8,samo,0.0,3265.0
3305,nose,MARANAO,iroŋ,i r o ŋ,7 5 7 4,XBYN,IRUN,98.0,98.I.V 98.R.C 98.U.V 98.N.c,1.5 1.75 1.3 0.8,iroŋ,0.0,3185.0
3345,nose,MARINDUQUE TAGALOG,ʔiluŋ,ʔ i l u ŋ,1 7 5 7 4,AXBYN,HILYN,99.0,99.H.C 99.I.V 99.L.C 99.Y.V 99.N.c,2.0 1.5 1.75 1.3 0.8,ʔiluŋ,0.0,3178.0
3385,nose,MASBATENYO,iroŋ,i r o ŋ,7 5 7 4,XBYN,IRUN,100.0,100.I.V 100.R.C 100.U.V 100.N.c,1.5 1.75 1.3 0.8,iroŋ,0.0,3185.0
3425,nose,MINANGALI LOWER TANUDAN KALINGA,oŋo8,o ŋ o,7 4 7,XBZ,UNU,101.0,101.U.V 101.N.C 101.U.V,1.5 1.75 0.8,oŋo,0.0,3173.0
3465,nose,MOKSHA,Salxka,s a l x k a,3 7 5 3 1 7,AXLMBZ,SALGKA,102.0,102.S.C 102.A.V 102.L.c 102.G.c 102.K.C 102.A.V,2.0 1.5 1.1 1.1 1.75 0.8,salxka,0.0,3270.0
3505,nose,MOLBOG,oduŋ,o d u ŋ,7 1 7 4,XBYN,UTYN,103.0,103.U.V 103.T.C 103.Y.V 103.N.c,1.5 1.75 1.3 0.8,oduŋ,0.0,3181.0
3545,nose,MOLBOG 2,əduŋ,ə d u ŋ,7 1 7 4,XBYN,ETYN,104.0,104.E.V 104.T.C 104.Y.V 104.N.c,1.5 1.75 1.3 0.8,əduŋ,0.0,3181.0
3585,nose,MONGOLIAN,xamar,x a m a r,3 7 4 7 5,AXBYN,GAMAR,105.0,105.G.C 105.A.V 105.M.C 105.A.V 105.R.c,2.0 1.5 1.75 1.3 0.8,xamar,0.0,3273.0
3625,nose,MORO MAGINDANAU,iluŋ,i l u ŋ,7 5 7 4,XBYN,ILYN,106.0,106.I.V 106.L.C 106.Y.V 106.N.c,1.5 1.75 1.3 0.8,iluŋ,0.0,3178.0
3665,nose,NAGA,duŋuʔ,d u ŋ u ʔ,1 7 4 7 1,AXBYN,TYNYH,107.0,107.T.C 107.Y.V 107.N.C 107.Y.V 107.H.c,2.0 1.5 1.75 1.3 0.8,duŋuʔ,0.0,3193.0
3705,nose,NORTHERN CATANDUANES,ʔiluŋ,ʔ i l u ŋ,1 7 5 7 4,AXBYN,HILYN,108.0,108.H.C 108.I.V 108.L.C 108.Y.V 108.N.c,2.0 1.5 1.75 1.3 0.8,ʔiluŋ,0.0,3178.0
3745,nose,NORTHERN SORSOGON,ʔiluŋ,ʔ i l u ŋ,1 7 5 7 4,AXBYN,HILYN,109.0,109.H.C 109.I.V 109.L.C 109.Y.V 109.N.c,2.0 1.5 1.75 1.3 0.8,ʔiluŋ,0.0,3178.0
3785,nose,OAS,ʔuruŋ,ʔ u r u ŋ,1 7 5 7 4,AXBYN,HYRYN,110.0,110.H.C 110.Y.V 110.R.C 110.Y.V 110.N.c,2.0 1.5 1.75 1.3 0.8,ʔuruŋ,0.0,3185.0
3825,nose,PALAWANO BATAK,uruŋ,u r u ŋ,7 5 7 4,XBYN,YRYN,111.0,111.Y.V 111.R.C 111.Y.V 111.N.c,1.5 1.75 1.3 0.8,uruŋ,0.0,3185.0
3865,nose,PANGASINAN,eleŋ,e l e ŋ,7 5 7 4,XBYN,ELEN,112.0,112.E.V 112.L.C 112.E.V 112.N.c,1.5 1.75 1.3 0.8,eleŋ,0.0,3212.0
3985,nose,PROTO PALAWAN,ʔaruŋ,ʔ a r u ŋ,1 7 5 7 4,AXBYN,HARYN,115.0,115.H.C 115.A.V 115.R.C 115.Y.V 115.N.c,2.0 1.5 1.75 1.3 0.8,ʔaruŋ,0.0,3185.0
4025,nose,QUEZON PALAWAN,əduŋ,ə d u ŋ,7 1 7 4,XBYN,ETYN,117.0,117.E.V 117.T.C 117.Y.V 117.N.c,1.5 1.75 1.3 0.8,əduŋ,0.0,3181.0
4065,nose,ROMBLOMANON 1,iloŋ,i l o ŋ,7 5 7 4,XBYN,ILUN,118.0,118.I.V 118.L.C 118.U.V 118.N.c,1.5 1.75 1.3 0.8,iloŋ,0.0,3178.0
4105,nose,ROMBLOMANON 2,ʔiluŋ,ʔ i l u ŋ,1 7 5 7 4,AXBYN,HILYN,119.0,119.H.C 119.I.V 119.L.C 119.Y.V 119.N.c,2.0 1.5 1.75 1.3 0.8,ʔiluŋ,0.0,3178.0
4145,nose,SAMAL,uuŋ,uu ŋ,7 4,XN,YN,120.0,120.Y.V 120.N.c,1.5 0.8,uuŋ,0.0,3174.0
4185,nose,SAMBAL BOTOLAN,baloŋo,b a l o ŋ o,1 7 5 7 4 7,AXBYBZ,PALUNU,121.0,121.P.C 121.A.V 121.L.C 121.U.V 121.N.C 121.U.V,2.0 1.5 1.75 1.3 1.75 0.8,baloŋo,0.0,3287.0
4225,nose,SANGIL,iluŋ,i l u ŋ,7 5 7 4,XBYN,ILYN,122.0,122.I.V 122.L.C 122.Y.V 122.N.c,1.5 1.75 1.3 0.8,iluŋ,0.0,3178.0
4265,nose,SANGIL SARANGANI ISLANDS,iluŋ,i l u ŋ,7 5 7 4,XBYN,ILYN,123.0,123.I.V 123.L.C 123.Y.V 123.N.c,1.5 1.75 1.3 0.8,iluŋ,0.0,3178.0
4305,nose,SEDANG,moh,m o h,4 7 3,AXN,MUH,124.0,124.M.C 124.U.V 124.H.c,2.0 1.5 0.8,moh,0.0,3290.0
4345,nose,SIBUTU SOUTHERN SAMA,uŋ,u ŋ,7 4,XN,YN,125.0,125.Y.V 125.N.c,1.5 0.8,uŋ,0.0,3174.0
4385,nose,SOGODNIN BORACAY,oroŋ,o r o ŋ,7 5 7 4,XBYN,URUN,127.0,127.U.V 127.R.C 127.U.V 127.N.c,1.5 1.75 1.3 0.8,oroŋ,0.0,3185.0
4425,nose,SOUTH SAAMI,5ueniə,u e n i ə,7 7 4 7 7,XYBYZ,YENIE,128.0,128.Y.V 128.E.V 128.N.C 128.I.V 128.E.V,1.5 1.3 1.75 1.3 0.8,ueniə,0.0,3207.0
4465,nose,SOUTHERN CATANDUANES,duŋuʔ,d u ŋ u ʔ,1 7 4 7 1,AXBYN,TYNYH,129.0,129.T.C 129.Y.V 129.N.C 129.Y.V 129.H.c,2.0 1.5 1.75 1.3 0.8,duŋuʔ,0.0,3193.0
4505,nose,SOUTHERN SORSOGON,ʔiruŋ,ʔ i r u ŋ,1 7 5 7 4,AXBYN,HIRYN,131.0,131.H.C 131.I.V 131.R.C 131.Y.V 131.N.c,2.0 1.5 1.75 1.3 0.8,ʔiruŋ,0.0,3185.0
4545,nose,SOUTHWEST PALAWANO,edoŋ,e d o ŋ,7 1 7 4,XBYN,ETUN,132.0,132.E.V 132.T.C 132.U.V 132.N.c,1.5 1.75 1.3 0.8,edoŋ,0.0,3181.0
4585,nose,SPANISH,naris,n a r i s,4 7 5 7 3,AXBYN,NARIS,133.0,133.N.C 133.A.V 133.R.C 133.I.V 133.S.c,2.0 1.5 1.75 1.3 0.8,naris,0.0,3299.0
4625,nose,SUBANON SIOCON,suŋ,s u ŋ,3 7 4,AXN,SYN,134.0,134.S.C 134.Y.V 134.N.c,2.0 1.5 0.8,suŋ,0.0,3174.0
4665,nose,SUBANUN SINDANGAN,suŋ,s u ŋ,3 7 4,AXN,SYN,135.0,135.S.C 135.Y.V 135.N.c,2.0 1.5 0.8,suŋ,0.0,3174.0
4705,nose,SURIGAONON,iloŋ,i l o ŋ,7 5 7 4,XBYN,ILUN,136.0,136.I.V 136.L.C 136.U.V 136.N.c,1.5 1.75 1.3 0.8,iloŋ,0.0,3178.0
4785,nose,TAGABILI,iluŋ,i l u ŋ,7 5 7 4,XBYN,ILYN,138.0,138.I.V 138.L.C 138.Y.V 138.N.c,1.5 1.75 1.3 0.8,iluŋ,0.0,3178.0
4825,nose,TAGALOG,iloŋ,i l o ŋ,7 5 7 4,XBYN,ILUN,139.0,139.I.V 139.L.C 139.U.V 139.N.c,1.5 1.75 1.3 0.8,iloŋ,0.0,3178.0
4865,nose,TAGBANUA ABORLAN,ʔuruŋ,ʔ u r u ŋ,1 7 5 7 4,AXBYN,HYRYN,140.0,140.H.C 140.Y.V 140.R.C 140.Y.V 140.N.c,2.0 1.5 1.75 1.3 0.8,ʔuruŋ,0.0,3185.0
4905,nose,TAGBANWA ABORLAN,uruŋ,u r u ŋ,7 5 7 4,XBYN,YRYN,141.0,141.Y.V 141.R.C 141.Y.V 141.N.c,1.5 1.75 1.3 0.8,uruŋ,0.0,3185.0
4945,nose,TAGBANWA KALAMIAN,uruŋ,u r u ŋ,7 5 7 4,XBYN,YRYN,142.0,142.Y.V 142.R.C 142.Y.V 142.N.c,1.5 1.75 1.3 0.8,uruŋ,0.0,3185.0
4985,nose,TALAANDIG BINUKID,idəŋ,i d ə ŋ,7 1 7 4,XBYN,ITEN,143.0,143.I.V 143.T.C 143.E.V 143.N.c,1.5 1.75 1.3 0.8,idəŋ,0.0,3181.0
5025,nose,TAMBUNAN DUSUN,toduŋ,t o d u ŋ,1 7 1 7 4,AXBYN,TUTYN,144.0,144.T.C 144.U.V 144.T.C 144.Y.V 144.N.c,2.0 1.5 1.75 1.3 0.8,toduŋ,0.0,3181.0
5065,nose,TAUSUG,iluŋ,i l u ŋ,7 5 7 4,XBYN,ILYN,145.0,145.I.V 145.L.C 145.Y.V 145.N.c,1.5 1.75 1.3 0.8,iluŋ,0.0,3178.0
5105,nose,TAUT BATU,ʔaduŋ,ʔ a d u ŋ,1 7 1 7 4,AXBYN,HATYN,146.0,146.H.C 146.A.V 146.T.C 146.Y.V 146.N.c,2.0 1.5 1.75 1.3 0.8,ʔaduŋ,0.0,3181.0
5145,nose,TBOLI TAGABILI,iluŋ,i l u ŋ,7 5 7 4,XBYN,ILYN,147.0,147.I.V 147.L.C 147.Y.V 147.N.c,1.5 1.75 1.3 0.8,iluŋ,0.0,3178.0
5185,nose,TIMUGON MURUT,aduŋ,a d u ŋ,7 1 7 4,XBYN,ATYN,148.0,148.A.V 148.T.C 148.Y.V 148.N.c,1.5 1.75 1.3 0.8,aduŋ,0.0,3181.0
5225,nose,TIRURAY,iruŋ,i r u ŋ,7 5 7 4,XBYN,IRYN,149.0,149.I.V 149.R.C 149.Y.V 149.N.c,1.5 1.75 1.3 0.8,iruŋ,0.0,3185.0
5265,nose,TURKISH,burun udʒ,b u r u n # u dʒ,1 7 5 7 4 9 7 1,AXBYN_XN,PYRYN_YT,150.0,150.P.C 150.Y.V 150.R.C 150.Y.V 150.N.c 150._._ 150.Y.V 150.T.c,2.0 1.5 1.75 1.3 0.8 0.0 1.5 0.8,burun#udʒ,0.0,3315.0
5305,nose,UGARITIC,apu,a p u,7 1 7,XBZ,APY,151.0,151.A.V 151.P.C 151.Y.V,1.5 1.75 0.8,apu,0.0,3316.0
5345,nose,WARAY WARAY,iroŋ,i r o ŋ,7 5 7 4,XBYN,IRUN,152.0,152.I.V 152.R.C 152.U.V 152.N.c,1.5 1.75 1.3 0.8,iroŋ,0.0,3185.0
5385,nose,YAKAN,uŋ,u ŋ,7 4,XN,YN,153.0,153.Y.V 153.N.c,1.5 0.8,uŋ,0.0,3174.0
5425,nose,YOGAD,iguŋ,i g u ŋ,7 1 7 4,XBYN,IKYN,154.0,154.I.V 154.K.C 154.Y.V 154.N.c,1.5 1.75 1.3 0.8,iguŋ,0.0,3185.0
5505,nose,IMOROD,momodan,m o m o d a n,4 7 4 7 1 7 4,AXBYBYN,MUMUTAN,52.0,52.M.C 52.U.V 52.M.C 52.U.V 52.T.C 52.A.V 52.N.c,2.0 1.5 1.75 1.3 1.75 1.3 0.8,momodan,0.0,3172.0
5545,nose,BABUYAN,momodan,m o m o d a n,4 7 4 7 1 7 4,AXBYBYN,MUMUTAN,4.0,4.M.C 4.U.V 4.M.C 4.U.V 4.T.C 4.A.V 4.N.c,2.0 1.5 1.75 1.3 1.75 1.3 0.8,momodan,0.0,3172.0
5585,nose,BISAYA SABAH,adoŋ,a d o ŋ,7 1 7 4,XBYN,ATUN,13.0,13.A.V 13.T.C 13.U.V 13.N.c,1.5 1.75 1.3 0.8,adoŋ,0.0,3181.0
5625,nose,FINALLIG,aŋor,a ŋ o r,7 4 7 5,XBYN,ANUR,36.0,36.A.V 36.N.C 36.U.V 36.R.c,1.5 1.75 1.3 0.8,aŋor,0.0,3204.0
5665,nose,HILIGAYNON,iloŋ,i l o ŋ,7 5 7 4,XBYN,ILUN,42.0,42.I.V 42.L.C 42.U.V 42.N.c,1.5 1.75 1.3 0.8,iloŋ,0.0,3178.0
5705,nose,INABAKNON,uroŋ,u r o ŋ,7 5 7 4,XBYN,YRUN,53.0,53.Y.V 53.R.C 53.U.V 53.N.c,1.5 1.75 1.3 0.8,uroŋ,0.0,3185.0
5745,nose,IRARALAY IVATAN,momodan,m o m o d a n,4 7 4 7 1 7 4,AXBYBYN,MUMUTAN,56.0,56.M.C 56.U.V 56.M.C 56.U.V 56.T.C 56.A.V 56.N.c,2.0 1.5 1.75 1.3 1.75 1.3 0.8,momodan,0.0,3172.0
5785,nose,ISAMORONG IVATAN,momodan,m o m o d a n,4 7 4 7 1 7 4,AXBYBYN,MUMUTAN,58.0,58.M.C 58.U.V 58.M.C 58.U.V 58.T.C 58.A.V 58.N.c,2.0 1.5 1.75 1.3 1.75 1.3 0.8,momodan,0.0,3172.0
5825,nose,IVASAY IVATAN,mohed,m o h e d,4 7 3 7 1,AXBYN,MUHET,64.0,64.M.C 64.U.V 64.H.C 64.E.V 64.T.c,2.0 1.5 1.75 1.3 0.8,mohed,0.0,3232.0
5865,nose,KANKANAEY,eŋ,e ŋ,7 4,XN,EN,74.0,74.E.V 74.N.c,1.5 0.8,eŋ,0.0,3242.0
5905,nose,LIMOS KALINGA,oŋol,o ŋ o l,7 4 7 5,XBYN,UNUL,81.0,81.U.V 81.N.C 81.U.V 81.L.c,1.5 1.75 1.3 0.8,oŋol,0.0,3173.0
5945,nose,MANDAYAN BOSO,iluŋ,i l u ŋ,7 5 7 4,XBYN,ILYN,85.0,85.I.V 85.L.C 85.Y.V 85.N.c,1.5 1.75 1.3 0.8,iluŋ,0.0,3178.0
5985,nose,MANDAYAN CARAGA,iluŋ,i l u ŋ,7 5 7 4,XBYN,ILYN,86.0,86.I.V 86.L.C 86.Y.V 86.N.c,1.5 1.75 1.3 0.8,iluŋ,0.0,3178.0
6025,nose,MANDAYAN ISLAM PISO,iluŋ,i l u ŋ,7 5 7 4,XBYN,ILYN,87.0,87.I.V 87.L.C 87.Y.V 87.N.c,1.5 1.75 1.3 0.8,iluŋ,0.0,3178.0
6065,nose,MANSAKA 2,iluŋ,i l u ŋ,7 5 7 4,XBYN,ILYN,96.0,96.I.V 96.L.C 96.Y.V 96.N.c,1.5 1.75 1.3 0.8,iluŋ,0.0,3178.0
6105,nose,PROTO SOUTHERN MINDANAO,iluŋ,i l u ŋ,7 5 7 4,XBYN,ILYN,116.0,116.I.V 116.L.C 116.Y.V 116.N.c,1.5 1.75 1.3 0.8,iluŋ,0.0,3178.0
6145,nose,SINAUNA,aʔdoŋ,a ʔ d o ŋ,7 1 1 7 4,XMBYN,AHTUN,126.0,126.A.V 126.H.c 126.T.C 126.U.V 126.N.c,1.5 1.1 1.75 1.3 0.8,aʔdoŋ,0.0,3292.0
6185,nose,SOUTHERN KALINGA,oŋor,o ŋ o r,7 4 7 5,XBYN,UNUR,130.0,130.U.V 130.N.C 130.U.V 130.R.c,1.5 1.75 1.3 0.8,oŋor,0.0,3173.0
26,one,AGTA,tatakdoj,t a t a k d o j,1 7 1 7 1 1 7 6,AXBYMBYN,TATAKTUJ,1.0,1.T.C 1.A.V 1.T.C 1.A.V 1.K.c 1.T.C 1.U.V 1.J.c,2.0 1.5 1.75 1.3 1.1 1.75 1.3 0.8,tatakdoj,0.0,3317.0
66,one,AKLANON,isaxah,i s a x a h,7 3 7 3 7 3,XBYBYN,ISAGAH,2.0,2.I.V 2.S.C 2.A.V 2.G.C 2.A.V 2.H.c,1.5 1.75 1.3 1.75 1.3 0.8,isaxah,0.0,3318.0
106,one,ATTA PAMPLONA,taddaj,t a dd a j,1 7 1 7 6,AXBYN,TATAJ,3.0,3.T.C 3.A.V 3.T.C 3.A.V 3.J.c,2.0 1.5 1.75 1.3 0.8,taddaj,0.0,3317.0
146,one,BALANGAW,əho,ə h o,7 3 7,XBZ,EHU,5.0,5.E.V 5.H.C 5.U.V,1.5 1.75 0.8,əho,0.0,3321.0
186,one,BALANGINGI SAMA,isa,i s a,7 3 7,XBZ,ISA,6.0,6.I.V 6.S.C 6.A.V,1.5 1.75 0.8,isa,0.0,3322.0
226,one,BALANGINGI SAMA (1),isa,i s a,7 3 7,XBZ,ISA,7.0,7.I.V 7.S.C 7.A.V,1.5 1.75 0.8,isa,0.0,3322.0
266,one,BASQUE,bat,b a t,1 7 1,AXN,PAT,8.0,8.P.C 8.A.V 8.T.c,2.0 1.5 0.8,bat,0.0,3324.0
306,one,BATAK PALAWAN,əsa,ə s a,7 3 7,XBZ,ESA,9.0,9.E.V 9.S.C 9.A.V,1.5 1.75 0.8,əsa,0.0,3325.0
346,one,BILAAN KORONADAL,satu,s a t u,3 7 1 7,AXBZ,SATY,10.0,10.S.C 10.A.V 10.T.C 10.Y.V,2.0 1.5 1.75 0.8,satu,0.0,3326.0
386,one,BILAAN SARANGANI,satu,s a t u,3 7 1 7,AXBZ,SATY,11.0,11.S.C 11.A.V 11.T.C 11.Y.V,2.0 1.5 1.75 0.8,satu,0.0,3326.0
426,one,BINUKID,sabuwa,s a b u w a,3 7 1 7 6 7,AXBYBZ,SAPYWA,12.0,12.S.C 12.A.V 12.P.C 12.Y.V 12.W.C 12.A.V,2.0 1.5 1.75 1.3 1.75 0.8,sabuwa,0.0,3328.0
466,one,BONGGI,isa,i s a,7 3 7,XBZ,ISA,14.0,14.I.V 14.S.C 14.A.V,1.5 1.75 0.8,isa,0.0,3325.0
506,one,BONTOC GUINAANG,əsa,ə s a,7 3 7,XBZ,ESA,15.0,15.E.V 15.S.C 15.A.V,1.5 1.75 0.8,əsa,0.0,3411.0
586,one,BUHI,ʔisad,ʔ i s a d,1 7 3 7 1,AXBYN,HISAT,17.0,17.H.C 17.I.V 17.S.C 17.A.V 17.T.c,2.0 1.5 1.75 1.3 0.8,ʔisad,0.0,3331.0
626,one,BUHINON ALBAY BICOLANO,əsad,ə s a d,7 3 7 1,XBYN,ESAT,18.0,18.E.V 18.S.C 18.A.V 18.T.c,1.5 1.75 1.3 0.8,əsad,0.0,3331.0
666,one,BUKIDNON BINUKID,sabuwa,s a b u w a,3 7 1 7 6 7,AXBYBZ,SAPYWA,19.0,19.S.C 19.A.V 19.P.C 19.Y.V 19.W.C 19.A.V,2.0 1.5 1.75 1.3 1.75 0.8,sabuwa,0.0,3328.0
706,one,BUTUANON,isa,i s a,7 3 7,XBZ,ISA,20.0,20.I.V 20.S.C 20.A.V,1.5 1.75 0.8,isa,0.0,3334.0
746,one,CAIJIA,ji,j i,6 7,AX,JI,21.0,21.J.C 21.I.V,2.0 1.5,ji,0.0,3335.0
826,one,CASIGURAN NEGRITO,esa,e s a,7 3 7,XBZ,ESA,23.0,23.E.V 23.S.C 23.A.V,1.5 1.75 0.8,esa,0.0,3411.0
866,one,CEBUANO,usa,u s a,7 3 7,XBZ,YSA,24.0,24.Y.V 24.S.C 24.A.V,1.5 1.75 0.8,usa,0.0,3337.0
906,one,CENTRAL BICOLANO,saro,s a r o,3 7 5 7,AXBZ,SARU,25.0,25.S.C 25.A.V 25.R.C 25.U.V,2.0 1.5 1.75 0.8,saro,0.0,3338.0
946,one,CENTRAL BONTOC,mi,m i,4 7,AX,MI,26.0,26.M.C 26.I.V,2.0 1.5,mi,0.0,3339.0
986,one,CENTRAL DUSUN,iso,i s o,7 3 7,XBZ,ISU,27.0,27.I.V 27.S.C 27.U.V,1.5 1.75 0.8,iso,0.0,3411.0
1026,one,CENTRAL TAGBANWA,tam,t a m,1 7 4,AXN,TAM,28.0,28.T.C 28.A.V 28.M.c,2.0 1.5 0.8,tam,0.0,3341.0
1066,one,CUYONON,sakabilog,s a k a b i l o g,3 7 1 7 1 7 5 7 1,AXBYBYBYN,SAKAPILUK,29.0,29.S.C 29.A.V 29.K.C 29.A.V 29.P.C 29.I.V 29.L.C 29.U.V 29.K.c,2.0 1.5 1.75 1.3 1.75 1.3 1.75 1.3 0.8,sakabilog,0.0,3342.0
1106,one,DARAGA,ʔisad,ʔ i s a d,1 7 3 7 1,AXBYN,HISAT,30.0,30.H.C 30.I.V 30.S.C 30.A.V 30.T.c,2.0 1.5 1.75 1.3 0.8,ʔisad,0.0,3331.0
1146,one,DUMAGAT CASIGURAN,Esaʔ,es a ʔ,7 7 1,XYN,EAH,31.0,31.E.V 31.A.V 31.H.c,1.5 1.3 0.8,esaʔ,0.0,3344.0
1186,one,DUPANINGAN AGTA,Esa,es a,7 7,XZ,EA,32.0,32.E.V 32.A.V,1.5 0.8,esa,0.0,3345.0
1226,one,ENGLISH,wən,w ə n,6 7 4,AXN,WEN,33.0,33.W.C 33.E.V 33.N.c,2.0 1.5 0.8,wən,0.0,3346.0
1266,one,ESKAYAN,oj,o j,7 6,XN,UJ,34.0,34.U.V 34.J.c,1.5 0.8,oj,0.0,3347.0
1306,one,ESTONIAN,uks,u ks,7 1,XN,YK,35.0,35.Y.V 35.K.c,1.5 0.8,uks,0.0,3348.0
1346,one,FINNISH,iksi,i ks i,7 1 7,XBZ,IKI,37.0,37.I.V 37.K.C 37.I.V,1.5 1.75 0.8,iksi,0.0,3350.0
1386,one,FUZHOU CHINESE,8uok,u o k,7 7 1,XYN,YUK,38.0,38.Y.V 38.U.V 38.K.c,1.5 1.3 0.8,uok,0.0,3351.0
1426,one,GADDANG,antet,a n t e t,7 4 1 7 1,XMBYN,ANTET,39.0,39.A.V 39.N.c 39.T.C 39.E.V 39.T.c,1.5 1.1 1.75 1.3 0.8,antet,0.0,3352.0
1466,one,HANUNOO,usa,u s a,7 3 7,XBZ,YSA,40.0,40.Y.V 40.S.C 40.A.V,1.5 1.75 0.8,usa,0.0,3411.0
1506,one,HIGAONON BINUKID,sabuwa,s a b u w a,3 7 1 7 6 7,AXBYBZ,SAPYWA,41.0,41.S.C 41.A.V 41.P.C 41.Y.V 41.W.C 41.A.V,2.0 1.5 1.75 1.3 1.75 0.8,sabuwa,0.0,3328.0
1546,one,HUNGARIAN,egj,e g j,7 1 6,XBC,EKJ,43.0,43.E.V 43.K.C 43.J.C,1.5 1.75 1.5,egj,0.0,3356.0
1586,one,IBALOI,sahei,s a h e i,3 7 3 7 7,AXBYZ,SAHEI,44.0,44.S.C 44.A.V 44.H.C 44.E.V 44.I.V,2.0 1.5 1.75 1.3 0.8,sahei,0.0,3357.0
1626,one,IBANAG,tadaj,t a d a j,1 7 1 7 6,AXBYN,TATAJ,45.0,45.T.C 45.A.V 45.T.C 45.A.V 45.J.c,2.0 1.5 1.75 1.3 0.8,tadaj,0.0,3317.0
1666,one,IDAAN,saʔ,s a ʔ,3 7 1,AXN,SAH,46.0,46.S.C 46.A.V 46.H.c,2.0 1.5 0.8,saʔ,0.0,3411.0
1706,one,IFUGAO AMGANAD,oha,o h a,7 3 7,XBZ,UHA,47.0,47.U.V 47.H.C 47.A.V,1.5 1.75 0.8,oha,0.0,3360.0
1746,one,IFUGAO BATAD,goha,g o h a,1 7 3 7,AXBZ,KUHA,48.0,48.K.C 48.U.V 48.H.C 48.A.V,2.0 1.5 1.75 0.8,goha,0.0,3360.0
1786,one,IFUGAO BAYNINAN,goha,g o h a,1 7 3 7,AXBZ,KUHA,49.0,49.K.C 49.U.V 49.H.C 49.A.V,2.0 1.5 1.75 0.8,goha,0.0,3360.0
1826,one,ILOKANO,masa,m a s a,4 7 3 7,AXBZ,MASA,50.0,50.M.C 50.A.V 50.S.C 50.A.V,2.0 1.5 1.75 0.8,masa,0.0,3363.0
1866,one,ILONGOT KAKIDUGEN,sit,s i t,3 7 1,AXN,SIT,51.0,51.S.C 51.I.V 51.T.c,2.0 1.5 0.8,sit,0.0,3364.0
1906,one,INIBALOI,sakəj,s a k ə j,3 7 1 7 6,AXBYN,SAKEJ,54.0,54.S.C 54.A.V 54.K.C 54.E.V 54.J.c,2.0 1.5 1.75 1.3 0.8,sakəj,0.0,3366.0
1946,one,IRANUN,isa,i s a,7 3 7,XBZ,ISA,55.0,55.I.V 55.S.C 55.A.V,1.5 1.75 0.8,isa,0.0,3325.0
1986,one,IRIGA,ʔisad,ʔ i s a d,1 7 3 7 1,AXBYN,HISAT,57.0,57.H.C 57.I.V 57.S.C 57.A.V 57.T.c,2.0 1.5 1.75 1.3 0.8,ʔisad,0.0,3331.0
2026,one,ISNAG,isa,i s a,7 3 7,XBZ,ISA,59.0,59.I.V 59.S.C 59.A.V,1.5 1.75 0.8,isa,0.0,3325.0
2066,one,ISNEG,isa,i s a,7 3 7,XBZ,ISA,60.0,60.I.V 60.S.C 60.A.V,1.5 1.75 0.8,isa,0.0,3325.0
2106,one,ITAWIT,isE,i s æ,7 3 7,XBZ,ISE,61.0,61.I.V 61.S.C 61.E.V,1.5 1.75 0.8,isæ,0.0,3411.0
2146,one,ITBAYATEN BATANES ISLANDS,aʔsaʔ,a ʔs a ʔ,7 1 7 1,XBYN,AHAH,62.0,62.A.V 62.H.C 62.A.V 62.H.c,1.5 1.75 1.3 0.8,aʔsaʔ,0.0,3344.0
2186,one,ITNEG BINONGAN,issa,i ss a,7 3 7,XBZ,ISA,63.0,63.I.V 63.S.C 63.A.V,1.5 1.75 0.8,issa,0.0,3411.0
2226,one,IVATAN BATANES ISLANDS,asaʔ,a s a ʔ,7 3 7 1,XBYN,ASAH,65.0,65.A.V 65.S.C 65.A.V 65.H.c,1.5 1.75 1.3 0.8,asaʔ,0.0,3411.0
2266,one,JAPANESE,hitocu,h i t o c u,3 7 1 7 1 7,AXBYBZ,HITUCY,66.0,66.H.C 66.I.V 66.T.C 66.U.V 66.C.C 66.Y.V,2.0 1.5 1.75 1.3 1.75 0.8,hitocu,0.0,3378.0
2306,one,KADAZAN,iso,i s o,7 3 7,XBZ,ISU,67.0,67.I.V 67.S.C 67.U.V,1.5 1.75 0.8,iso,0.0,3411.0
2346,one,KAGAYANEN,isja,i s j a,7 3 6 7,XBCZ,ISJA,68.0,68.I.V 68.S.C 68.J.C 68.A.V,1.5 1.75 1.5 0.8,isja,0.0,3380.0
2386,one,KALAGAN,sambuk,s a m b u k,3 7 4 1 7 1,AXMBYN,SAMPYK,69.0,69.S.C 69.A.V 69.M.c 69.P.C 69.Y.V 69.K.c,2.0 1.5 1.1 1.75 1.3 0.8,sambuk,0.0,3381.0
2426,one,KALINGA GUINAANG,ossaʔan,o ss a ʔ a n,7 3 7 1 7 4,XBYBYN,USAHAN,70.0,70.U.V 70.S.C 70.A.V 70.H.C 70.A.V 70.N.c,1.5 1.75 1.3 1.75 1.3 0.8,ossaʔan,0.0,3382.0
2466,one,KALINGA LIMOS,osa,o s a,7 3 7,XBZ,USA,71.0,71.U.V 71.S.C 71.A.V,1.5 1.75 0.8,osa,0.0,3411.0
2506,one,KALLAHAN KAYAPA PROPER,hakəj,h a k ə j,3 7 1 7 6,AXBYN,HAKEJ,72.0,72.H.C 72.A.V 72.K.C 72.E.V 72.J.c,2.0 1.5 1.75 1.3 0.8,hakəj,0.0,3366.0
2546,one,KALLAHAN KELEYQIQ IFUGAO,hakej,h a k e j,3 7 1 7 6,AXBYN,HAKEJ,73.0,73.H.C 73.A.V 73.K.C 73.E.V 73.J.c,2.0 1.5 1.75 1.3 0.8,hakej,0.0,3366.0
2586,one,KANKANAY NORTHERN,əsa,ə s a,7 3 7,XBZ,ESA,75.0,75.E.V 75.S.C 75.A.V,1.5 1.75 0.8,əsa,0.0,3411.0
2626,one,KAPAMPANGAN,metuŋ,m e t u ŋ,4 7 1 7 4,AXBYN,METYN,76.0,76.M.C 76.E.V 76.T.C 76.Y.V 76.N.c,2.0 1.5 1.75 1.3 0.8,metuŋ,0.0,3388.0
2666,one,KINARAY A,sara,s a r a,3 7 5 7,AXBZ,SARA,77.0,77.S.C 77.A.V 77.R.C 77.A.V,2.0 1.5 1.75 0.8,sara,0.0,3389.0
2706,one,KOREAN,han,h a n,3 7 4,AXN,HAN,78.0,78.H.C 78.A.V 78.N.c,2.0 1.5 0.8,han,0.0,3390.0
2746,one,LEGAZPI,saruʔ,s a r u ʔ,3 7 5 7 1,AXBYN,SARYH,79.0,79.S.C 79.A.V 79.R.C 79.Y.V 79.H.c,2.0 1.5 1.75 1.3 0.8,saruʔ,0.0,3338.0
2786,one,LIBON,ʔosad,ʔ o s a d,1 7 3 7 1,AXBYN,HUSAT,80.0,80.H.C 80.U.V 80.S.C 80.A.V 80.T.c,2.0 1.5 1.75 1.3 0.8,ʔosad,0.0,3331.0
2826,one,LIVE,ikS,i k s,7 1 3,XBC,IKS,82.0,82.I.V 82.K.C 82.S.C,1.5 1.75 1.5,iks,0.0,3350.0
2866,one,MAGUINDANAO,isa,i s a,7 3 7,XBZ,ISA,83.0,83.I.V 83.S.C 83.A.V,1.5 1.75 0.8,isa,0.0,3325.0
2906,one,MAMANWA,isa,i s a,7 3 7,XBZ,ISA,84.0,84.I.V 84.S.C 84.A.V,1.5 1.75 0.8,isa,0.0,3411.0
2946,one,MANOBO ATA,isa,i s a,7 3 7,XBZ,ISA,88.0,88.I.V 88.S.C 88.A.V,1.5 1.75 0.8,isa,0.0,3411.0
2986,one,MANOBO DIBABAWON,sə,s ə,3 7,AX,SE,89.0,89.S.C 89.E.V,2.0 1.5,sə,0.0,3401.0
3026,one,MANOBO ILIANEN,səbəka,s ə b ə k a,3 7 1 7 1 7,AXBYBZ,SEPEKA,90.0,90.S.C 90.E.V 90.P.C 90.E.V 90.K.C 90.A.V,2.0 1.5 1.75 1.3 1.75 0.8,səbəka,0.0,3402.0
3066,one,MANOBO KALAMANSIG COTABATO,səbaʔən,s ə b a ʔ ə n,3 7 1 7 1 7 4,AXBYBYN,SEPAHEN,91.0,91.S.C 91.E.V 91.P.C 91.A.V 91.H.C 91.E.V 91.N.c,2.0 1.5 1.75 1.3 1.75 1.3 0.8,səbaʔən,0.0,3403.0
3106,one,MANOBO SARANGANI,sobad,s o b a d,3 7 1 7 1,AXBYN,SUPAT,92.0,92.S.C 92.U.V 92.P.C 92.A.V 92.T.c,2.0 1.5 1.75 1.3 0.8,sobad,0.0,3404.0
3146,one,MANOBO TIGWA,sabəka,s a b ə k a,3 7 1 7 1 7,AXBYBZ,SAPEKA,93.0,93.S.C 93.A.V 93.P.C 93.E.V 93.K.C 93.A.V,2.0 1.5 1.75 1.3 1.75 0.8,sabəka,0.0,3402.0
3186,one,MANOBO WESTERN BUKIDNON,səvəha,s ə v ə h a,3 7 3 7 3 7,AXBYBZ,SEBEHA,94.0,94.S.C 94.E.V 94.B.C 94.E.V 94.H.C 94.A.V,2.0 1.5 1.75 1.3 1.75 0.8,səvəha,0.0,3406.0
3226,one,MANSAKA,isa,i s a,7 3 7,XBZ,ISA,95.0,95.I.V 95.S.C 95.A.V,1.5 1.75 0.8,isa,0.0,3407.0
3266,one,MAPUN,dambuwaʔ,d a m b u w a ʔ,1 7 4 1 7 6 7 1,AXMBYBYN,TAMPYWAH,97.0,97.T.C 97.A.V 97.M.c 97.P.C 97.Y.V 97.W.C 97.A.V 97.H.c,2.0 1.5 1.1 1.75 1.3 1.75 1.3 0.8,dambuwaʔ,0.0,3328.0
3306,one,MARANAO,isa,i s a,7 3 7,XBZ,ISA,98.0,98.I.V 98.S.C 98.A.V,1.5 1.75 0.8,isa,0.0,3325.0
3346,one,MARINDUQUE TAGALOG,ʔisa,ʔ i s a,1 7 3 7,AXBZ,HISA,99.0,99.H.C 99.I.V 99.S.C 99.A.V,2.0 1.5 1.75 0.8,ʔisa,0.0,3411.0
3386,one,MASBATENYO,isad,i s a d,7 3 7 1,XBYN,ISAT,100.0,100.I.V 100.S.C 100.A.V 100.T.c,1.5 1.75 1.3 0.8,isad,0.0,3331.0
3426,one,MINANGALI LOWER TANUDAN KALINGA,osan,o s a n,7 3 7 4,XBYN,USAN,101.0,101.U.V 101.S.C 101.A.V 101.N.c,1.5 1.75 1.3 0.8,osan,0.0,3382.0
3466,one,MOKSHA,fka,f k a,3 1 7,ACZ,BKA,102.0,102.B.C 102.K.C 102.A.V,2.0 1.5 0.8,fka,0.0,3414.0
3506,one,MOLBOG,isaʔ,i s a ʔ,7 3 7 1,XBYN,ISAH,103.0,103.I.V 103.S.C 103.A.V 103.H.c,1.5 1.75 1.3 0.8,isaʔ,0.0,3325.0
3546,one,MOLBOG 2,isaʔ,i s a ʔ,7 3 7 1,XBYN,ISAH,104.0,104.I.V 104.S.C 104.A.V 104.H.c,1.5 1.75 1.3 0.8,isaʔ,0.0,3325.0
3586,one,MONGOLIAN,nik,n i k,4 7 1,AXN,NIK,105.0,105.N.C 105.I.V 105.K.c,2.0 1.5 0.8,nik,0.0,3348.0
3626,one,MORO MAGINDANAU,isa,i s a,7 3 7,XBZ,ISA,106.0,106.I.V 106.S.C 106.A.V,1.5 1.75 0.8,isa,0.0,3325.0
3666,one,NAGA,saruʔ,s a r u ʔ,3 7 5 7 1,AXBYN,SARYH,107.0,107.S.C 107.A.V 107.R.C 107.Y.V 107.H.c,2.0 1.5 1.75 1.3 0.8,saruʔ,0.0,3338.0
3706,one,NORTHERN CATANDUANES,saduʔ,s a d u ʔ,3 7 1 7 1,AXBYN,SATYH,108.0,108.S.C 108.A.V 108.T.C 108.Y.V 108.H.c,2.0 1.5 1.75 1.3 0.8,saduʔ,0.0,3338.0
3746,one,NORTHERN SORSOGON,ʔisad,ʔ i s a d,1 7 3 7 1,AXBYN,HISAT,109.0,109.H.C 109.I.V 109.S.C 109.A.V 109.T.c,2.0 1.5 1.75 1.3 0.8,ʔisad,0.0,3331.0
3786,one,OAS,ʔisad,ʔ i s a d,1 7 3 7 1,AXBYN,HISAT,110.0,110.H.C 110.I.V 110.S.C 110.A.V 110.T.c,2.0 1.5 1.75 1.3 0.8,ʔisad,0.0,3331.0
3826,one,PALAWANO BATAK,əsa,ə s a,7 3 7,XBZ,ESA,111.0,111.E.V 111.S.C 111.A.V,1.5 1.75 0.8,əsa,0.0,3325.0
3866,one,PANGASINAN,sakej,s a k e j,3 7 1 7 6,AXBYN,SAKEJ,112.0,112.S.C 112.A.V 112.K.C 112.E.V 112.J.c,2.0 1.5 1.75 1.3 0.8,sakej,0.0,3366.0
3906,one,PANGUTARAN SAMA,dakajoʔ,d a k a j o ʔ,1 7 1 7 6 7 1,AXBYBYN,TAKAJUH,113.0,113.T.C 113.A.V 113.K.C 113.A.V 113.J.C 113.U.V 113.H.c,2.0 1.5 1.75 1.3 1.75 1.3 0.8,dakajoʔ,0.0,3425.0
3946,one,PANGUTARAN SAMA (1),dakajoʔ,d a k a j o ʔ,1 7 1 7 6 7 1,AXBYBYN,TAKAJUH,114.0,114.T.C 114.A.V 114.K.C 114.A.V 114.J.C 114.U.V 114.H.c,2.0 1.5 1.75 1.3 1.75 1.3 0.8,dakajoʔ,0.0,3425.0
3986,one,PROTO PALAWAN,ʔisaʔ,ʔ i s a ʔ,1 7 3 7 1,AXBYN,HISAH,115.0,115.H.C 115.I.V 115.S.C 115.A.V 115.H.c,2.0 1.5 1.75 1.3 0.8,ʔisaʔ,0.0,3325.0
4026,one,QUEZON PALAWAN,isa,i s a,7 3 7,XBZ,ISA,117.0,117.I.V 117.S.C 117.A.V,1.5 1.75 0.8,isa,0.0,3325.0
4066,one,ROMBLOMANON 1,isa,i s a,7 3 7,XBZ,ISA,118.0,118.I.V 118.S.C 118.A.V,1.5 1.75 0.8,isa,0.0,3411.0
4106,one,ROMBLOMANON 2,ʔisa,ʔ i s a,1 7 3 7,AXBZ,HISA,119.0,119.H.C 119.I.V 119.S.C 119.A.V,2.0 1.5 1.75 0.8,ʔisa,0.0,3411.0
4146,one,SAMAL,isa,i s a,7 3 7,XBZ,ISA,120.0,120.I.V 120.S.C 120.A.V,1.5 1.75 0.8,isa,0.0,3322.0
4186,one,SAMBAL BOTOLAN,miha,m i h a,4 7 3 7,AXBZ,MIHA,121.0,121.M.C 121.I.V 121.H.C 121.A.V,2.0 1.5 1.75 0.8,miha,0.0,3363.0
4226,one,SANGIL,sa,s a,3 7,AX,SA,122.0,122.S.C 122.A.V,2.0 1.5,sa,0.0,3411.0
4266,one,SANGIL SARANGANI ISLANDS,sa,s a,3 7,AX,SA,123.0,123.S.C 123.A.V,2.0 1.5,sa,0.0,3411.0
4306,one,SEDANG,moi,m o i,4 7 7,AXZ,MUI,124.0,124.M.C 124.U.V 124.I.V,2.0 1.5 0.8,moi,0.0,3436.0
4346,one,SIBUTU SOUTHERN SAMA,isa,i s a,7 3 7,XBZ,ISA,125.0,125.I.V 125.S.C 125.A.V,1.5 1.75 0.8,isa,0.0,3322.0
4386,one,SOGODNIN BORACAY,isaŋ,i s a ŋ,7 3 7 4,XBYN,ISAN,127.0,127.I.V 127.S.C 127.A.V 127.N.c,1.5 1.75 1.3 0.8,isaŋ,0.0,3411.0
4426,one,SOUTH SAAMI,aktə,a k t ə,7 1 1 7,XMBZ,AKTE,128.0,128.A.V 128.K.c 128.T.C 128.E.V,1.5 1.1 1.75 0.8,aktə,0.0,3440.0
4466,one,SOUTHERN CATANDUANES,saluʔ,s a l u ʔ,3 7 5 7 1,AXBYN,SALYH,129.0,129.S.C 129.A.V 129.L.C 129.Y.V 129.H.c,2.0 1.5 1.75 1.3 0.8,saluʔ,0.0,3338.0
4506,one,SOUTHERN SORSOGON,sajuʔ,s a j u ʔ,3 7 6 7 1,AXBYN,SAJYH,131.0,131.S.C 131.A.V 131.J.C 131.Y.V 131.H.c,2.0 1.5 1.75 1.3 0.8,sajuʔ,0.0,3338.0
4546,one,SOUTHWEST PALAWANO,isaʔ,i s a ʔ,7 3 7 1,XBYN,ISAH,132.0,132.I.V 132.S.C 132.A.V 132.H.c,1.5 1.75 1.3 0.8,isaʔ,0.0,3325.0
4586,one,SPANISH,uno,u n o,7 4 7,XBZ,YNU,133.0,133.Y.V 133.N.C 133.U.V,1.5 1.75 0.8,uno,0.0,3445.0
4626,one,SUBANON SIOCON,sala bok,s a l a # b o k,3 7 5 7 9 1 7 1,AXBZ_AXN,SALA_PUK,134.0,134.S.C 134.A.V 134.L.C 134.A.V 134._._ 134.P.C 134.U.V 134.K.c,2.0 1.5 1.75 0.8 0.0 2.0 1.5 0.8,sala#bok,0.0,3446.0
4666,one,SUBANUN SINDANGAN,sala,s a l a,3 7 5 7,AXBZ,SALA,135.0,135.S.C 135.A.V 135.L.C 135.A.V,2.0 1.5 1.75 0.8,sala,0.0,3446.0
4706,one,SURIGAONON,isa,i s a,7 3 7,XBZ,ISA,136.0,136.I.V 136.S.C 136.A.V,1.5 1.75 0.8,isa,0.0,3411.0
4746,one,TAGABAWA,sabad,s a b a d,3 7 1 7 1,AXBYN,SAPAT,137.0,137.S.C 137.A.V 137.P.C 137.A.V 137.T.c,2.0 1.5 1.75 1.3 0.8,sabad,0.0,3404.0
4786,one,TAGABILI,sotuh,s o t u h,3 7 1 7 3,AXBYN,SUTYH,138.0,138.S.C 138.U.V 138.T.C 138.Y.V 138.H.c,2.0 1.5 1.75 1.3 0.8,sotuh,0.0,3326.0
4826,one,TAGALOG,isa,i s a,7 3 7,XBZ,ISA,139.0,139.I.V 139.S.C 139.A.V,1.5 1.75 0.8,isa,0.0,3411.0
4866,one,TAGBANUA ABORLAN,ʔəsa,ʔ ə s a,1 7 3 7,AXBZ,HESA,140.0,140.H.C 140.E.V 140.S.C 140.A.V,2.0 1.5 1.75 0.8,ʔəsa,0.0,3325.0
4906,one,TAGBANWA ABORLAN,əsa,ə s a,7 3 7,XBZ,ESA,141.0,141.E.V 141.S.C 141.A.V,1.5 1.75 0.8,əsa,0.0,3325.0
4946,one,TAGBANWA KALAMIAN,tasaʔ,t a s a ʔ,1 7 3 7 1,AXBYN,TASAH,142.0,142.T.C 142.A.V 142.S.C 142.A.V 142.H.c,2.0 1.5 1.75 1.3 0.8,tasaʔ,0.0,3411.0
4986,one,TALAANDIG BINUKID,sabuwa,s a b u w a,3 7 1 7 6 7,AXBYBZ,SAPYWA,143.0,143.S.C 143.A.V 143.P.C 143.Y.V 143.W.C 143.A.V,2.0 1.5 1.75 1.3 1.75 0.8,sabuwa,0.0,3328.0
5026,one,TAMBUNAN DUSUN,iso,i s o,7 3 7,XBZ,ISU,144.0,144.I.V 144.S.C 144.U.V,1.5 1.75 0.8,iso,0.0,3411.0
5066,one,TAUSUG,hambuʔuk,h a m b u ʔ u k,3 7 4 1 7 1 7 1,AXMBYBYN,HAMPYHYK,145.0,145.H.C 145.A.V 145.M.c 145.P.C 145.Y.V 145.H.C 145.Y.V 145.K.c,2.0 1.5 1.1 1.75 1.3 1.75 1.3 0.8,hambuʔuk,0.0,3381.0
5106,one,TAUT BATU,isaʔ,i s a ʔ,7 3 7 1,XBYN,ISAH,146.0,146.I.V 146.S.C 146.A.V 146.H.c,1.5 1.75 1.3 0.8,isaʔ,0.0,3325.0
5146,one,TBOLI TAGABILI,msoʔ,ms o ʔ,4 7 1,AXN,MUH,147.0,147.M.C 147.U.V 147.H.c,2.0 1.5 0.8,msoʔ,0.0,3339.0
5186,one,TIMUGON MURUT,ditakaw,d i t a k a w,1 7 1 7 1 7 6,AXBYBYN,TITAKAW,148.0,148.T.C 148.I.V 148.T.C 148.A.V 148.K.C 148.A.V 148.W.c,2.0 1.5 1.75 1.3 1.75 1.3 0.8,ditakaw,0.0,3460.0
5226,one,TIRURAY,uno,u n o,7 4 7,XBZ,YNU,149.0,149.Y.V 149.N.C 149.U.V,1.5 1.75 0.8,uno,0.0,3445.0
5266,one,TURKISH,bir,b i r,1 7 5,AXN,PIR,150.0,150.P.C 150.I.V 150.R.c,2.0 1.5 0.8,bir,0.0,3462.0
5306,one,UGARITIC,aXd,a x d,7 3 1,XLN,AGT,151.0,151.A.V 151.G.c 151.T.c,1.5 1.1 0.8,axd,0.0,3463.0
5346,one,WARAY WARAY,usa,u s a,7 3 7,XBZ,YSA,152.0,152.Y.V 152.S.C 152.A.V,1.5 1.75 0.8,usa,0.0,3464.0
5386,one,YAKAN,isaʔ,i s a ʔ,7 3 7 1,XBYN,ISAH,153.0,153.I.V 153.S.C 153.A.V 153.H.c,1.5 1.75 1.3 0.8,isaʔ,0.0,3411.0
5426,one,YOGAD,tata,t a t a,1 7 1 7,AXBZ,TATA,154.0,154.T.C 154.A.V 154.T.C 154.A.V,2.0 1.5 1.75 0.8,tata,0.0,3317.0
5506,one,IMOROD,asa,a s a,7 3 7,XBZ,ASA,52.0,52.A.V 52.S.C 52.A.V,1.5 1.75 0.8,asa,0.0,3411.0
5546,one,BABUYAN,asa,a s a,7 3 7,XBZ,ASA,4.0,4.A.V 4.S.C 4.A.V,1.5 1.75 0.8,asa,0.0,3411.0
5626,one,FINALLIG,osa,o s a,7 3 7,XBZ,USA,36.0,36.U.V 36.S.C 36.A.V,1.5 1.75 0.8,osa,0.0,3411.0
5666,one,HILIGAYNON,isa,i s a,7 3 7,XBZ,ISA,42.0,42.I.V 42.S.C 42.A.V,1.5 1.75 0.8,isa,0.0,3411.0
5746,one,IRARALAY IVATAN,asa,a s a,7 3 7,XBZ,ASA,56.0,56.A.V 56.S.C 56.A.V,1.5 1.75 0.8,asa,0.0,3411.0
5786,one,ISAMORONG IVATAN,asa,a s a,7 3 7,XBZ,ASA,58.0,58.A.V 58.S.C 58.A.V,1.5 1.75 0.8,asa,0.0,3411.0
5826,one,IVASAY IVATAN,asa,a s a,7 3 7,XBZ,ASA,64.0,64.A.V 64.S.C 64.A.V,1.5 1.75 0.8,asa,0.0,3411.0
5866,one,KANKANAEY,esE,e s æ,7 3 7,XBZ,ESE,74.0,74.E.V 74.S.C 74.E.V,1.5 1.75 0.8,esæ,0.0,3411.0
5906,one,LIMOS KALINGA,osa,o s a,7 3 7,XBZ,USA,81.0,81.U.V 81.S.C 81.A.V,1.5 1.75 0.8,osa,0.0,3411.0
5946,one,MANDAYAN BOSO,isa,i s a,7 3 7,XBZ,ISA,85.0,85.I.V 85.S.C 85.A.V,1.5 1.75 0.8,isa,0.0,3411.0
5986,one,MANDAYAN CARAGA,isa,i s a,7 3 7,XBZ,ISA,86.0,86.I.V 86.S.C 86.A.V,1.5 1.75 0.8,isa,0.0,3411.0
6026,one,MANDAYAN ISLAM PISO,isa,i s a,7 3 7,XBZ,ISA,87.0,87.I.V 87.S.C 87.A.V,1.5 1.75 0.8,isa,0.0,3411.0
6066,one,MANSAKA 2,isa,i s a,7 3 7,XBZ,ISA,96.0,96.I.V 96.S.C 96.A.V,1.5 1.75 0.8,isa,0.0,3411.0
6106,one,PROTO SOUTHERN MINDANAO,satu,s a t u,3 7 1 7,AXBZ,SATY,116.0,116.S.C 116.A.V 116.T.C 116.Y.V,2.0 1.5 1.75 0.8,satu,0.0,3326.0
6146,one,SINAUNA,isaʔ,i s a ʔ,7 3 7 1,XBYN,ISAH,126.0,126.I.V 126.S.C 126.A.V 126.H.c,1.5 1.75 1.3 0.8,isaʔ,0.0,3411.0
6186,one,SOUTHERN KALINGA,osa,o s a,7 3 7,XBZ,USA,130.0,130.U.V 130.S.C 130.A.V,1.5 1.75 0.8,osa,0.0,3411.0
27,path,AGTA,dolan,d o l a n,1 7 5 7 4,AXBYN,TULAN,1.0,1.T.C 1.U.V 1.L.C 1.A.V 1.N.c,2.0 1.5 1.75 1.3 0.8,dolan,0.0,3480.0
67,path,AKLANON,daxan,d a x a n,1 7 3 7 4,AXBYN,TAGAN,2.0,2.T.C 2.A.V 2.G.C 2.A.V 2.N.c,2.0 1.5 1.75 1.3 0.8,daxan,0.0,3480.0
107,path,ATTA PAMPLONA,dalan,d a l a n,1 7 5 7 4,AXBYN,TALAN,3.0,3.T.C 3.A.V 3.L.C 3.A.V 3.N.c,2.0 1.5 1.75 1.3 0.8,dalan,0.0,3480.0
147,path,BALANGAW,dalan,d a l a n,1 7 5 7 4,AXBYN,TALAN,5.0,5.T.C 5.A.V 5.L.C 5.A.V 5.N.c,2.0 1.5 1.75 1.3 0.8,dalan,0.0,3480.0
187,path,BALANGINGI SAMA,lan,l a n,5 7 4,AXN,LAN,6.0,6.L.C 6.A.V 6.N.c,2.0 1.5 0.8,lan,0.0,3480.0
227,path,BALANGINGI SAMA (1),lan,l a n,5 7 4,AXN,LAN,7.0,7.L.C 7.A.V 7.N.c,2.0 1.5 0.8,lan,0.0,3480.0
267,path,BASQUE,basabide,b a s a b i d e,1 7 3 7 1 7 1 7,AXBYBYBZ,PASAPITE,8.0,8.P.C 8.A.V 8.S.C 8.A.V 8.P.C 8.I.V 8.T.C 8.E.V,2.0 1.5 1.75 1.3 1.75 1.3 1.75 0.8,basabide,0.0,3472.0
307,path,BATAK PALAWAN,dalan,d a l a n,1 7 5 7 4,AXBYN,TALAN,9.0,9.T.C 9.A.V 9.L.C 9.A.V 9.N.c,2.0 1.5 1.75 1.3 0.8,dalan,0.0,3480.0
347,path,BILAAN KORONADAL,dalon,d a l o n,1 7 5 7 4,AXBYN,TALUN,10.0,10.T.C 10.A.V 10.L.C 10.U.V 10.N.c,2.0 1.5 1.75 1.3 0.8,dalon,0.0,3480.0
387,path,BILAAN SARANGANI,dalan,d a l a n,1 7 5 7 4,AXBYN,TALAN,11.0,11.T.C 11.A.V 11.L.C 11.A.V 11.N.c,2.0 1.5 1.75 1.3 0.8,dalan,0.0,3480.0
427,path,BINUKID,dalan,d a l a n,1 7 5 7 4,AXBYN,TALAN,12.0,12.T.C 12.A.V 12.L.C 12.A.V 12.N.c,2.0 1.5 1.75 1.3 0.8,dalan,0.0,3480.0
507,path,BONTOC GUINAANG,dalan,d a l a n,1 7 5 7 4,AXBYN,TALAN,15.0,15.T.C 15.A.V 15.L.C 15.A.V 15.N.c,2.0 1.5 1.75 1.3 0.8,dalan,0.0,3480.0
547,path,BROOKES POINT PALAWAN,dalan,d a l a n,1 7 5 7 4,AXBYN,TALAN,16.0,16.T.C 16.A.V 16.L.C 16.A.V 16.N.c,2.0 1.5 1.75 1.3 0.8,dalan,0.0,3480.0
587,path,BUHI,dagan,d a g a n,1 7 1 7 4,AXBYN,TAKAN,17.0,17.T.C 17.A.V 17.K.C 17.A.V 17.N.c,2.0 1.5 1.75 1.3 0.8,dagan,0.0,3480.0
627,path,BUHINON ALBAY BICOLANO,tinampo,t i n a m p o,1 7 4 7 4 1 7,AXBYMBZ,TINAMPU,18.0,18.T.C 18.I.V 18.N.C 18.A.V 18.M.c 18.P.C 18.U.V,2.0 1.5 1.75 1.3 1.1 1.75 0.8,tinampo,0.0,3481.0
667,path,BUKIDNON BINUKID,dalan,d a l a n,1 7 5 7 4,AXBYN,TALAN,19.0,19.T.C 19.A.V 19.L.C 19.A.V 19.N.c,2.0 1.5 1.75 1.3 0.8,dalan,0.0,3480.0
707,path,BUTUANON,dan,d a n,1 7 4,AXN,TAN,20.0,20.T.C 20.A.V 20.N.c,2.0 1.5 0.8,dan,0.0,3480.0
747,path,CAIJIA,ho,h o,3 7,AX,HU,21.0,21.H.C 21.U.V,2.0 1.5,ho,0.0,3484.0
787,path,CANIPAAN PALAWAN,dalan,d a l a n,1 7 5 7 4,AXBYN,TALAN,22.0,22.T.C 22.A.V 22.L.C 22.A.V 22.N.c,2.0 1.5 1.75 1.3 0.8,dalan,0.0,3480.0
827,path,CASIGURAN NEGRITO,delan,d e l a n,1 7 5 7 4,AXBYN,TELAN,23.0,23.T.C 23.E.V 23.L.C 23.A.V 23.N.c,2.0 1.5 1.75 1.3 0.8,delan,0.0,3480.0
867,path,CEBUANO,dalan,d a l a n,1 7 5 7 4,AXBYN,TALAN,24.0,24.T.C 24.A.V 24.L.C 24.A.V 24.N.c,2.0 1.5 1.75 1.3 0.8,dalan,0.0,3480.0
907,path,CENTRAL BICOLANO,tinampodalan,t i n a m p o d a l a n,1 7 4 7 4 1 7 1 7 5 7 4,AXBYMBYBYBYN,TINAMPUTALAN,25.0,25.T.C 25.I.V 25.N.C 25.A.V 25.M.c 25.P.C 25.U.V 25.T.C 25.A.V 25.L.C 25.A.V 25.N.c,2.0 1.5 1.75 1.3 1.1 1.75 1.3 1.75 1.3 1.75 1.3 0.8,tinampodalan,0.0,3481.0
947,path,CENTRAL BONTOC,dalan,d a l a n,1 7 5 7 4,AXBYN,TALAN,26.0,26.T.C 26.A.V 26.L.C 26.A.V 26.N.c,2.0 1.5 1.75 1.3 0.8,dalan,0.0,3480.0
987,path,CENTRAL DUSUN,dalan,d a l a n,1 7 5 7 4,AXBYN,TALAN,27.0,27.T.C 27.A.V 27.L.C 27.A.V 27.N.c,2.0 1.5 1.75 1.3 0.8,dalan,0.0,3480.0
1067,path,CUYONON,dalan,d a l a n,1 7 5 7 4,AXBYN,TALAN,29.0,29.T.C 29.A.V 29.L.C 29.A.V 29.N.c,2.0 1.5 1.75 1.3 0.8,dalan,0.0,3480.0
1107,path,DARAGA,dalan,d a l a n,1 7 5 7 4,AXBYN,TALAN,30.0,30.T.C 30.A.V 30.L.C 30.A.V 30.N.c,2.0 1.5 1.75 1.3 0.8,dalan,0.0,3480.0
1147,path,DUMAGAT CASIGURAN,dilan,d i l a n,1 7 5 7 4,AXBYN,TILAN,31.0,31.T.C 31.I.V 31.L.C 31.A.V 31.N.c,2.0 1.5 1.75 1.3 0.8,dilan,0.0,3480.0
1187,path,DUPANINGAN AGTA,dilan,d i l a n,1 7 5 7 4,AXBYN,TILAN,32.0,32.T.C 32.I.V 32.L.C 32.A.V 32.N.c,2.0 1.5 1.75 1.3 0.8,dilan,0.0,3480.0
1227,path,ENGLISH,pE8,p æ,1 7,AX,PE,33.0,33.P.C 33.E.V,2.0 1.5,pæ,0.0,3495.0
1267,path,ESKAYAN,rakilan,r a k i l a n,5 7 1 7 5 7 4,AXBYBYN,RAKILAN,34.0,34.R.C 34.A.V 34.K.C 34.I.V 34.L.C 34.A.V 34.N.c,2.0 1.5 1.75 1.3 1.75 1.3 0.8,rakilan,0.0,3496.0
1307,path,ESTONIAN,te,t e,1 7,AX,TE,35.0,35.T.C 35.E.V,2.0 1.5,te,0.0,3497.0
1347,path,FINNISH,tie,t i e,1 7 7,AXZ,TIE,37.0,37.T.C 37.I.V 37.E.V,2.0 1.5 0.8,tie,0.0,3497.0
1387,path,FUZHOU CHINESE,lou,l o u,5 7 7,AXZ,LUY,38.0,38.L.C 38.U.V 38.Y.V,2.0 1.5 0.8,lou,0.0,3500.0
1427,path,GADDANG,dallan,d a ll a n,1 7 5 7 4,AXBYN,TALAN,39.0,39.T.C 39.A.V 39.L.C 39.A.V 39.N.c,2.0 1.5 1.75 1.3 0.8,dallan,0.0,3480.0
1467,path,HANUNOO,dalan,d a l a n,1 7 5 7 4,AXBYN,TALAN,40.0,40.T.C 40.A.V 40.L.C 40.A.V 40.N.c,2.0 1.5 1.75 1.3 0.8,dalan,0.0,3480.0
1507,path,HIGAONON BINUKID,dalan,d a l a n,1 7 5 7 4,AXBYN,TALAN,41.0,41.T.C 41.A.V 41.L.C 41.A.V 41.N.c,2.0 1.5 1.75 1.3 0.8,dalan,0.0,3480.0
1547,path,HUNGARIAN,it,i t,7 1,XN,IT,43.0,43.I.V 43.T.c,1.5 0.8,it,0.0,3505.0
1587,path,IBALOI,ʃalan,ʃ a l a n,3 7 5 7 4,AXBYN,SALAN,44.0,44.S.C 44.A.V 44.L.C 44.A.V 44.N.c,2.0 1.5 1.75 1.3 0.8,ʃalan,0.0,3498.0
1627,path,IBANAG,dalan,d a l a n,1 7 5 7 4,AXBYN,TALAN,45.0,45.T.C 45.A.V 45.L.C 45.A.V 45.N.c,2.0 1.5 1.75 1.3 0.8,dalan,0.0,3480.0
1667,path,IDAAN,dalan,d a l a n,1 7 5 7 4,AXBYN,TALAN,46.0,46.T.C 46.A.V 46.L.C 46.A.V 46.N.c,2.0 1.5 1.75 1.3 0.8,dalan,0.0,3480.0
1707,path,IFUGAO AMGANAD,awon,a w o n,7 6 7 4,XBYN,AWUN,47.0,47.A.V 47.W.C 47.U.V 47.N.c,1.5 1.75 1.3 0.8,awon,0.0,3509.0
1747,path,IFUGAO BATAD,wanti,w a n t i,6 7 4 1 7,AXMBZ,WANTI,48.0,48.W.C 48.A.V 48.N.c 48.T.C 48.I.V,2.0 1.5 1.1 1.75 0.8,wanti,0.0,3510.0
1787,path,IFUGAO BAYNINAN,awon,a w o n,7 6 7 4,XBYN,AWUN,49.0,49.A.V 49.W.C 49.U.V 49.N.c,1.5 1.75 1.3 0.8,awon,0.0,3509.0
1827,path,ILOKANO,dalan,d a l a n,1 7 5 7 4,AXBYN,TALAN,50.0,50.T.C 50.A.V 50.L.C 50.A.V 50.N.c,2.0 1.5 1.75 1.3 0.8,dalan,0.0,3480.0
1867,path,ILONGOT KAKIDUGEN,bənuwa,b ə n u w a,1 7 4 7 6 7,AXBYBZ,PENYWA,51.0,51.P.C 51.E.V 51.N.C 51.Y.V 51.W.C 51.A.V,2.0 1.5 1.75 1.3 1.75 0.8,bənuwa,0.0,3513.0
1907,path,INIBALOI,calan,c a l a n,1 7 5 7 4,AXBYN,CALAN,54.0,54.C.C 54.A.V 54.L.C 54.A.V 54.N.c,2.0 1.5 1.75 1.3 0.8,calan,0.0,3498.0
1947,path,IRANUN,lalan,l a l a n,5 7 5 7 4,AXBYN,LALAN,55.0,55.L.C 55.A.V 55.L.C 55.A.V 55.N.c,2.0 1.5 1.75 1.3 0.8,lalan,0.0,3480.0
1987,path,IRIGA,dalan,d a l a n,1 7 5 7 4,AXBYN,TALAN,57.0,57.T.C 57.A.V 57.L.C 57.A.V 57.N.c,2.0 1.5 1.75 1.3 0.8,dalan,0.0,3480.0
2027,path,ISNAG,dalen,d a l e n,1 7 5 7 4,AXBYN,TALEN,59.0,59.T.C 59.A.V 59.L.C 59.E.V 59.N.c,2.0 1.5 1.75 1.3 0.8,dalen,0.0,3480.0
2067,path,ISNEG,dalen,d a l e n,1 7 5 7 4,AXBYN,TALEN,60.0,60.T.C 60.A.V 60.L.C 60.E.V 60.N.c,2.0 1.5 1.75 1.3 0.8,dalen,0.0,3522.0
2107,path,ITAWIT,dElEn,d æ l æ n,1 7 5 7 4,AXBYN,TELEN,61.0,61.T.C 61.E.V 61.L.C 61.E.V 61.N.c,2.0 1.5 1.75 1.3 0.8,dælæn,0.0,3480.0
2147,path,ITBAYATEN BATANES ISLANDS,ragan,r a g a n,5 7 1 7 4,AXBYN,RAKAN,62.0,62.R.C 62.A.V 62.K.C 62.A.V 62.N.c,2.0 1.5 1.75 1.3 0.8,ragan,0.0,3468.0
2187,path,ITNEG BINONGAN,dadan,d a d a n,1 7 1 7 4,AXBYN,TATAN,63.0,63.T.C 63.A.V 63.T.C 63.A.V 63.N.c,2.0 1.5 1.75 1.3 0.8,dadan,0.0,3525.0
2227,path,IVATAN BATANES ISLANDS,panahanan,p a n a h a n a n,1 7 4 7 3 7 4 7 4,AXBYBYBYN,PANAHANAN,65.0,65.P.C 65.A.V 65.N.C 65.A.V 65.H.C 65.A.V 65.N.C 65.A.V 65.N.c,2.0 1.5 1.75 1.3 1.75 1.3 1.75 1.3 0.8,panahanan,0.0,3527.0
2267,path,JAPANESE,komiCi,k o m i c i,1 7 4 7 1 7,AXBYBZ,KUMICI,66.0,66.K.C 66.U.V 66.M.C 66.I.V 66.C.C 66.I.V,2.0 1.5 1.75 1.3 1.75 0.8,komici,0.0,3528.0
2307,path,KADAZAN,lahan,l a h a n,5 7 3 7 4,AXBYN,LAHAN,67.0,67.L.C 67.A.V 67.H.C 67.A.V 67.N.c,2.0 1.5 1.75 1.3 0.8,lahan,0.0,3529.0
2347,path,KAGAYANEN,dalan,d a l a n,1 7 5 7 4,AXBYN,TALAN,68.0,68.T.C 68.A.V 68.L.C 68.A.V 68.N.c,2.0 1.5 1.75 1.3 0.8,dalan,0.0,3480.0
2387,path,KALAGAN,dalan,d a l a n,1 7 5 7 4,AXBYN,TALAN,69.0,69.T.C 69.A.V 69.L.C 69.A.V 69.N.c,2.0 1.5 1.75 1.3 0.8,dalan,0.0,3480.0
2427,path,KALINGA GUINAANG,dalan,d a l a n,1 7 5 7 4,AXBYN,TALAN,70.0,70.T.C 70.A.V 70.L.C 70.A.V 70.N.c,2.0 1.5 1.75 1.3 0.8,dalan,0.0,3480.0
2467,path,KALINGA LIMOS,dalan,d a l a n,1 7 5 7 4,AXBYN,TALAN,71.0,71.T.C 71.A.V 71.L.C 71.A.V 71.N.c,2.0 1.5 1.75 1.3 0.8,dalan,0.0,3480.0
2507,path,KALLAHAN KAYAPA PROPER,dalan,d a l a n,1 7 5 7 4,AXBYN,TALAN,72.0,72.T.C 72.A.V 72.L.C 72.A.V 72.N.c,2.0 1.5 1.75 1.3 0.8,dalan,0.0,3480.0
2547,path,KALLAHAN KELEYQIQ IFUGAO,dalan,d a l a n,1 7 5 7 4,AXBYN,TALAN,73.0,73.T.C 73.A.V 73.L.C 73.A.V 73.N.c,2.0 1.5 1.75 1.3 0.8,dalan,0.0,3480.0
2587,path,KANKANAY NORTHERN,daʔan,d a ʔ a n,1 7 1 7 4,AXBYN,TAHAN,75.0,75.T.C 75.A.V 75.H.C 75.A.V 75.N.c,2.0 1.5 1.75 1.3 0.8,daʔan,0.0,3480.0
2627,path,KAPAMPANGAN,dalan,d a l a n,1 7 5 7 4,AXBYN,TALAN,76.0,76.T.C 76.A.V 76.L.C 76.A.V 76.N.c,2.0 1.5 1.75 1.3 0.8,dalan,0.0,3480.0
2707,path,KOREAN,kil,k i l,1 7 5,AXN,KIL,78.0,78.K.C 78.I.V 78.L.c,2.0 1.5 0.8,kil,0.0,3539.0
2747,path,LEGAZPI,dalan,d a l a n,1 7 5 7 4,AXBYN,TALAN,79.0,79.T.C 79.A.V 79.L.C 79.A.V 79.N.c,2.0 1.5 1.75 1.3 0.8,dalan,0.0,3480.0
2787,path,LIBON,dalan,d a l a n,1 7 5 7 4,AXBYN,TALAN,80.0,80.T.C 80.A.V 80.L.C 80.A.V 80.N.c,2.0 1.5 1.75 1.3 0.8,dalan,0.0,3480.0
2827,path,LIVE,rekriek,r e k r i e k,5 7 1 5 7 7 1,AXBCYYN,REKRIEK,82.0,82.R.C 82.E.V 82.K.C 82.R.C 82.I.V 82.E.V 82.K.c,2.0 1.5 1.75 1.5 1.3 1.3 0.8,rekriek,0.0,3543.0
2867,path,MAGUINDANAO,lalan,l a l a n,5 7 5 7 4,AXBYN,LALAN,83.0,83.L.C 83.A.V 83.L.C 83.A.V 83.N.c,2.0 1.5 1.75 1.3 0.8,lalan,0.0,3480.0
2907,path,MAMANWA,dalan,d a l a n,1 7 5 7 4,AXBYN,TALAN,84.0,84.T.C 84.A.V 84.L.C 84.A.V 84.N.c,2.0 1.5 1.75 1.3 0.8,dalan,0.0,3480.0
2947,path,MANOBO ATA,dalan,d a l a n,1 7 5 7 4,AXBYN,TALAN,88.0,88.T.C 88.A.V 88.L.C 88.A.V 88.N.c,2.0 1.5 1.75 1.3 0.8,dalan,0.0,3480.0
2987,path,MANOBO DIBABAWON,daan,d aa n,1 7 4,AXN,TAN,89.0,89.T.C 89.A.V 89.N.c,2.0 1.5 0.8,daan,0.0,3480.0
3027,path,MANOBO ILIANEN,dalan,d a l a n,1 7 5 7 4,AXBYN,TALAN,90.0,90.T.C 90.A.V 90.L.C 90.A.V 90.N.c,2.0 1.5 1.75 1.3 0.8,dalan,0.0,3480.0
3067,path,MANOBO KALAMANSIG COTABATO,dalan,d a l a n,1 7 5 7 4,AXBYN,TALAN,91.0,91.T.C 91.A.V 91.L.C 91.A.V 91.N.c,2.0 1.5 1.75 1.3 0.8,dalan,0.0,3480.0
3107,path,MANOBO SARANGANI,dalan,d a l a n,1 7 5 7 4,AXBYN,TALAN,92.0,92.T.C 92.A.V 92.L.C 92.A.V 92.N.c,2.0 1.5 1.75 1.3 0.8,dalan,0.0,3480.0
3147,path,MANOBO TIGWA,dalan,d a l a n,1 7 5 7 4,AXBYN,TALAN,93.0,93.T.C 93.A.V 93.L.C 93.A.V 93.N.c,2.0 1.5 1.75 1.3 0.8,dalan,0.0,3480.0
3187,path,MANOBO WESTERN BUKIDNON,dalan,d a l a n,1 7 5 7 4,AXBYN,TALAN,94.0,94.T.C 94.A.V 94.L.C 94.A.V 94.N.c,2.0 1.5 1.75 1.3 0.8,dalan,0.0,3480.0
3227,path,MANSAKA,daran,d a r a n,1 7 5 7 4,AXBYN,TARAN,95.0,95.T.C 95.A.V 95.R.C 95.A.V 95.N.c,2.0 1.5 1.75 1.3 0.8,daran,0.0,3480.0
3267,path,MAPUN,lan,l a n,5 7 4,AXN,LAN,97.0,97.L.C 97.A.V 97.N.c,2.0 1.5 0.8,lan,0.0,3480.0
3307,path,MARANAO,lalan,l a l a n,5 7 5 7 4,AXBYN,LALAN,98.0,98.L.C 98.A.V 98.L.C 98.A.V 98.N.c,2.0 1.5 1.75 1.3 0.8,lalan,0.0,3480.0
3347,path,MARINDUQUE TAGALOG,daʔan,d a ʔ a n,1 7 1 7 4,AXBYN,TAHAN,99.0,99.T.C 99.A.V 99.H.C 99.A.V 99.N.c,2.0 1.5 1.75 1.3 0.8,daʔan,0.0,3480.0
3387,path,MASBATENYO,dalan,d a l a n,1 7 5 7 4,AXBYN,TALAN,100.0,100.T.C 100.A.V 100.L.C 100.A.V 100.N.c,2.0 1.5 1.75 1.3 0.8,dalan,0.0,3480.0
3427,path,MINANGALI LOWER TANUDAN KALINGA,ka8sa,k a s a,1 7 3 7,AXBZ,KASA,101.0,101.K.C 101.A.V 101.S.C 101.A.V,2.0 1.5 1.75 0.8,kasa,0.0,3558.0
3467,path,MOKSHA,jan,j a n,6 7 4,AXN,JAN,102.0,102.J.C 102.A.V 102.N.c,2.0 1.5 0.8,jan,0.0,3559.0
3507,path,MOLBOG,dalan,d a l a n,1 7 5 7 4,AXBYN,TALAN,103.0,103.T.C 103.A.V 103.L.C 103.A.V 103.N.c,2.0 1.5 1.75 1.3 0.8,dalan,0.0,3480.0
3547,path,MOLBOG 2,dalan,d a l a n,1 7 5 7 4,AXBYN,TALAN,104.0,104.T.C 104.A.V 104.L.C 104.A.V 104.N.c,2.0 1.5 1.75 1.3 0.8,dalan,0.0,3480.0
3587,path,MONGOLIAN,cam,c a m,1 7 4,AXN,CAM,105.0,105.C.C 105.A.V 105.M.c,2.0 1.5 0.8,cam,0.0,3562.0
3627,path,MORO MAGINDANAU,lalan,l a l a n,5 7 5 7 4,AXBYN,LALAN,106.0,106.L.C 106.A.V 106.L.C 106.A.V 106.N.c,2.0 1.5 1.75 1.3 0.8,lalan,0.0,3480.0
3667,path,NAGA,dalan,d a l a n,1 7 5 7 4,AXBYN,TALAN,107.0,107.T.C 107.A.V 107.L.C 107.A.V 107.N.c,2.0 1.5 1.75 1.3 0.8,dalan,0.0,3480.0
3707,path,NORTHERN CATANDUANES,daran,d a r a n,1 7 5 7 4,AXBYN,TARAN,108.0,108.T.C 108.A.V 108.R.C 108.A.V 108.N.c,2.0 1.5 1.75 1.3 0.8,daran,0.0,3480.0
3747,path,NORTHERN SORSOGON,dalan,d a l a n,1 7 5 7 4,AXBYN,TALAN,109.0,109.T.C 109.A.V 109.L.C 109.A.V 109.N.c,2.0 1.5 1.75 1.3 0.8,dalan,0.0,3480.0
3787,path,OAS,raran,r a r a n,5 7 5 7 4,AXBYN,RARAN,110.0,110.R.C 110.A.V 110.R.C 110.A.V 110.N.c,2.0 1.5 1.75 1.3 0.8,raran,0.0,3480.0
3827,path,PALAWANO BATAK,dalan,d a l a n,1 7 5 7 4,AXBYN,TALAN,111.0,111.T.C 111.A.V 111.L.C 111.A.V 111.N.c,2.0 1.5 1.75 1.3 0.8,dalan,0.0,3480.0
3987,path,PROTO PALAWAN,dalan,d a l a n,1 7 5 7 4,AXBYN,TALAN,115.0,115.T.C 115.A.V 115.L.C 115.A.V 115.N.c,2.0 1.5 1.75 1.3 0.8,dalan,0.0,3480.0
4027,path,QUEZON PALAWAN,dalan,d a l a n,1 7 5 7 4,AXBYN,TALAN,117.0,117.T.C 117.A.V 117.L.C 117.A.V 117.N.c,2.0 1.5 1.75 1.3 0.8,dalan,0.0,3480.0
4067,path,ROMBLOMANON 1,dajan,d a j a n,1 7 6 7 4,AXBYN,TAJAN,118.0,118.T.C 118.A.V 118.J.C 118.A.V 118.N.c,2.0 1.5 1.75 1.3 0.8,dajan,0.0,3480.0
4107,path,ROMBLOMANON 2,dajan,d a j a n,1 7 6 7 4,AXBYN,TAJAN,119.0,119.T.C 119.A.V 119.J.C 119.A.V 119.N.c,2.0 1.5 1.75 1.3 0.8,dajan,0.0,3480.0
4147,path,SAMAL,laan,l aa n,5 7 4,AXN,LAN,120.0,120.L.C 120.A.V 120.N.c,2.0 1.5 0.8,laan,0.0,3480.0
4187,path,SAMBAL BOTOLAN,daan,d aa n,1 7 4,AXN,TAN,121.0,121.T.C 121.A.V 121.N.c,2.0 1.5 0.8,daan,0.0,3480.0
4227,path,SANGIL,daleŋ,d a l e ŋ,1 7 5 7 4,AXBYN,TALEN,122.0,122.T.C 122.A.V 122.L.C 122.E.V 122.N.c,2.0 1.5 1.75 1.3 0.8,daleŋ,0.0,3480.0
4267,path,SANGIL SARANGANI ISLANDS,daleŋ,d a l e ŋ,1 7 5 7 4,AXBYN,TALEN,123.0,123.T.C 123.A.V 123.L.C 123.E.V 123.N.c,2.0 1.5 1.75 1.3 0.8,daleŋ,0.0,3480.0
4307,path,SEDANG,troaŋ,t r o a ŋ,1 5 7 7 4,ACXYN,TRUAN,124.0,124.T.C 124.R.C 124.U.V 124.A.V 124.N.c,2.0 1.5 1.5 1.3 0.8,troaŋ,0.0,3577.0
4347,path,SIBUTU SOUTHERN SAMA,lan,l a n,5 7 4,AXN,LAN,125.0,125.L.C 125.A.V 125.N.c,2.0 1.5 0.8,lan,0.0,3480.0
4387,path,SOGODNIN BORACAY,dalan,d a l a n,1 7 5 7 4,AXBYN,TALAN,127.0,127.T.C 127.A.V 127.L.C 127.A.V 127.N.c,2.0 1.5 1.75 1.3 0.8,dalan,0.0,3480.0
4427,path,SOUTH SAAMI,balka,b a l k a,1 7 5 1 7,AXMBZ,PALKA,128.0,128.P.C 128.A.V 128.L.c 128.K.C 128.A.V,2.0 1.5 1.1 1.75 0.8,balka,0.0,3581.0
4467,path,SOUTHERN CATANDUANES,dalan,d a l a n,1 7 5 7 4,AXBYN,TALAN,129.0,129.T.C 129.A.V 129.L.C 129.A.V 129.N.c,2.0 1.5 1.75 1.3 0.8,dalan,0.0,3480.0
4507,path,SOUTHERN SORSOGON,dalan,d a l a n,1 7 5 7 4,AXBYN,TALAN,131.0,131.T.C 131.A.V 131.L.C 131.A.V 131.N.c,2.0 1.5 1.75 1.3 0.8,dalan,0.0,3480.0
4547,path,SOUTHWEST PALAWANO,dalan,d a l a n,1 7 5 7 4,AXBYN,TALAN,132.0,132.T.C 132.A.V 132.L.C 132.A.V 132.N.c,2.0 1.5 1.75 1.3 0.8,dalan,0.0,3480.0
4587,path,SPANISH,senda,s e n d a,3 7 4 1 7,AXMBZ,SENTA,133.0,133.S.C 133.E.V 133.N.c 133.T.C 133.A.V,2.0 1.5 1.1 1.75 0.8,senda,0.0,3586.0
4627,path,SUBANON SIOCON,dalan,d a l a n,1 7 5 7 4,AXBYN,TALAN,134.0,134.T.C 134.A.V 134.L.C 134.A.V 134.N.c,2.0 1.5 1.75 1.3 0.8,dalan,0.0,3480.0
4667,path,SUBANUN SINDANGAN,dalan,d a l a n,1 7 5 7 4,AXBYN,TALAN,135.0,135.T.C 135.A.V 135.L.C 135.A.V 135.N.c,2.0 1.5 1.75 1.3 0.8,dalan,0.0,3480.0
4707,path,SURIGAONON,dajan,d a j a n,1 7 6 7 4,AXBYN,TAJAN,136.0,136.T.C 136.A.V 136.J.C 136.A.V 136.N.c,2.0 1.5 1.75 1.3 0.8,dajan,0.0,3480.0
4747,path,TAGABAWA,dalan,d a l a n,1 7 5 7 4,AXBYN,TALAN,137.0,137.T.C 137.A.V 137.L.C 137.A.V 137.N.c,2.0 1.5 1.75 1.3 0.8,dalan,0.0,3480.0
4787,path,TAGABILI,lan,l a n,5 7 4,AXN,LAN,138.0,138.L.C 138.A.V 138.N.c,2.0 1.5 0.8,lan,0.0,3480.0
4827,path,TAGALOG,dan,d a n,1 7 4,AXN,TAN,139.0,139.T.C 139.A.V 139.N.c,2.0 1.5 0.8,dan,0.0,3480.0
4867,path,TAGBANUA ABORLAN,dalan,d a l a n,1 7 5 7 4,AXBYN,TALAN,140.0,140.T.C 140.A.V 140.L.C 140.A.V 140.N.c,2.0 1.5 1.75 1.3 0.8,dalan,0.0,3480.0
4907,path,TAGBANWA ABORLAN,dalan,d a l a n,1 7 5 7 4,AXBYN,TALAN,141.0,141.T.C 141.A.V 141.L.C 141.A.V 141.N.c,2.0 1.5 1.75 1.3 0.8,dalan,0.0,3480.0
4947,path,TAGBANWA KALAMIAN,dalan,d a l a n,1 7 5 7 4,AXBYN,TALAN,142.0,142.T.C 142.A.V 142.L.C 142.A.V 142.N.c,2.0 1.5 1.75 1.3 0.8,dalan,0.0,3480.0
4987,path,TALAANDIG BINUKID,dalan,d a l a n,1 7 5 7 4,AXBYN,TALAN,143.0,143.T.C 143.A.V 143.L.C 143.A.V 143.N.c,2.0 1.5 1.75 1.3 0.8,dalan,0.0,3480.0
5027,path,TAMBUNAN DUSUN,ralan,r a l a n,5 7 5 7 4,AXBYN,RALAN,144.0,144.R.C 144.A.V 144.L.C 144.A.V 144.N.c,2.0 1.5 1.75 1.3 0.8,ralan,0.0,3529.0
5067,path,TAUSUG,daan,d aa n,1 7 4,AXN,TAN,145.0,145.T.C 145.A.V 145.N.c,2.0 1.5 0.8,daan,0.0,3480.0
5107,path,TAUT BATU,dalan,d a l a n,1 7 5 7 4,AXBYN,TALAN,146.0,146.T.C 146.A.V 146.L.C 146.A.V 146.N.c,2.0 1.5 1.75 1.3 0.8,dalan,0.0,3480.0
5147,path,TBOLI TAGABILI,lan,l a n,5 7 4,AXN,LAN,147.0,147.L.C 147.A.V 147.N.c,2.0 1.5 0.8,lan,0.0,3480.0
5187,path,TIMUGON MURUT,dalan,d a l a n,1 7 5 7 4,AXBYN,TALAN,148.0,148.T.C 148.A.V 148.L.C 148.A.V 148.N.c,2.0 1.5 1.75 1.3 0.8,dalan,0.0,3480.0
5227,path,TIRURAY,aguwon,a g u w o n,7 1 7 6 7 4,XBYBYN,AKYWUN,149.0,149.A.V 149.K.C 149.Y.V 149.W.C 149.U.V 149.N.c,1.5 1.75 1.3 1.75 1.3 0.8,aguwon,0.0,3602.0
5267,path,TURKISH,keCi jolu,k e c i # j o l u,1 7 1 7 9 6 7 5 7,AXBZ_AXBZ,KECI_JULY,150.0,150.K.C 150.E.V 150.C.C 150.I.V 150._._ 150.J.C 150.U.V 150.L.C 150.Y.V,2.0 1.5 1.75 0.8 0.0 2.0 1.5 1.75 0.8,keci#jolu,0.0,3603.0
5307,path,UGARITIC,ntb,n t b,4 1 1,ALN,NTP,151.0,151.N.C 151.T.c 151.P.c,2.0 1.1 0.8,ntb,0.0,3604.0
5347,path,WARAY WARAY,dalan,d a l a n,1 7 5 7 4,AXBYN,TALAN,152.0,152.T.C 152.A.V 152.L.C 152.A.V 152.N.c,2.0 1.5 1.75 1.3 0.8,dalan,0.0,3480.0
5387,path,YAKAN,lalan,l a l a n,5 7 5 7 4,AXBYN,LALAN,153.0,153.L.C 153.A.V 153.L.C 153.A.V 153.N.c,2.0 1.5 1.75 1.3 0.8,lalan,0.0,3480.0
5427,path,YOGAD,daddaman,d a dd a m a n,1 7 1 7 4 7 4,AXBYBYN,TATAMAN,154.0,154.T.C 154.A.V 154.T.C 154.A.V 154.M.C 154.A.V 154.N.c,2.0 1.5 1.75 1.3 1.75 1.3 0.8,daddaman,0.0,3525.0
5507,path,IMOROD,rarahan,r a r a h a n,5 7 5 7 3 7 4,AXBYBYN,RARAHAN,52.0,52.R.C 52.A.V 52.R.C 52.A.V 52.H.C 52.A.V 52.N.c,2.0 1.5 1.75 1.3 1.75 1.3 0.8,rarahan,0.0,3468.0
5547,path,BABUYAN,rarahan,r a r a h a n,5 7 5 7 3 7 4,AXBYBYN,RARAHAN,4.0,4.R.C 4.A.V 4.R.C 4.A.V 4.H.C 4.A.V 4.N.c,2.0 1.5 1.75 1.3 1.75 1.3 0.8,rarahan,0.0,3468.0
5587,path,BISAYA SABAH,teŋaio,t e ŋ a i o,1 7 4 7 7 7,AXBYYZ,TENAIU,13.0,13.T.C 13.E.V 13.N.C 13.A.V 13.I.V 13.U.V,2.0 1.5 1.75 1.3 1.3 0.8,teŋaio,0.0,3477.0
5627,path,FINALLIG,Caran,c a r a n,1 7 5 7 4,AXBYN,CARAN,36.0,36.C.C 36.A.V 36.R.C 36.A.V 36.N.c,2.0 1.5 1.75 1.3 0.8,caran,0.0,3498.0
5667,path,HILIGAYNON,dalan,d a l a n,1 7 5 7 4,AXBYN,TALAN,42.0,42.T.C 42.A.V 42.L.C 42.A.V 42.N.c,2.0 1.5 1.75 1.3 0.8,dalan,0.0,3480.0
5707,path,INABAKNON,lalan,l a l a n,5 7 5 7 4,AXBYN,LALAN,53.0,53.L.C 53.A.V 53.L.C 53.A.V 53.N.c,2.0 1.5 1.75 1.3 0.8,lalan,0.0,3480.0
5747,path,IRARALAY IVATAN,rarahan,r a r a h a n,5 7 5 7 3 7 4,AXBYBYN,RARAHAN,56.0,56.R.C 56.A.V 56.R.C 56.A.V 56.H.C 56.A.V 56.N.c,2.0 1.5 1.75 1.3 1.75 1.3 0.8,rarahan,0.0,3468.0
5787,path,ISAMORONG IVATAN,rarahan,r a r a h a n,5 7 5 7 3 7 4,AXBYBYN,RARAHAN,58.0,58.R.C 58.A.V 58.R.C 58.A.V 58.H.C 58.A.V 58.N.c,2.0 1.5 1.75 1.3 1.75 1.3 0.8,rarahan,0.0,3468.0
5827,path,IVASAY IVATAN,rahan,r a h a n,5 7 3 7 4,AXBYN,RAHAN,64.0,64.R.C 64.A.V 64.H.C 64.A.V 64.N.c,2.0 1.5 1.75 1.3 0.8,rahan,0.0,3468.0
5867,path,KANKANAEY,danan,d a n a n,1 7 4 7 4,AXBYN,TANAN,74.0,74.T.C 74.A.V 74.N.C 74.A.V 74.N.c,2.0 1.5 1.75 1.3 0.8,danan,0.0,3536.0
5907,path,LIMOS KALINGA,dalan,d a l a n,1 7 5 7 4,AXBYN,TALAN,81.0,81.T.C 81.A.V 81.L.C 81.A.V 81.N.c,2.0 1.5 1.75 1.3 0.8,dalan,0.0,3480.0
6147,path,SINAUNA,bakas,b a k a s,1 7 1 7 3,AXBYN,PAKAS,126.0,126.P.C 126.A.V 126.K.C 126.A.V 126.S.c,2.0 1.5 1.75 1.3 0.8,bakas,0.0,3579.0
6187,path,SOUTHERN KALINGA,Caran,c a r a n,1 7 5 7 4,AXBYN,CARAN,130.0,130.C.C 130.A.V 130.R.C 130.A.V 130.N.c,2.0 1.5 1.75 1.3 0.8,caran,0.0,3498.0
28,person,AGTA,toloj,t o l o j,1 7 5 7 6,AXBYN,TULUJ,1.0,1.T.C 1.U.V 1.L.C 1.U.V 1.J.c,2.0 1.5 1.75 1.3 0.8,toloj,0.0,3605.0
68,person,AKLANON,tawuh,t a w u h,1 7 6 7 3,AXBYN,TAWYH,2.0,2.T.C 2.A.V 2.W.C 2.Y.V 2.H.c,2.0 1.5 1.75 1.3 0.8,tawuh,0.0,3606.0
108,person,ATTA PAMPLONA,tolaj,t o l a j,1 7 5 7 6,AXBYN,TULAJ,3.0,3.T.C 3.U.V 3.L.C 3.A.V 3.J.c,2.0 1.5 1.75 1.3 0.8,tolaj,0.0,3605.0
148,person,BALANGAW,tatagu,t a t a g u,1 7 1 7 1 7,AXBYBZ,TATAKY,5.0,5.T.C 5.A.V 5.T.C 5.A.V 5.K.C 5.Y.V,2.0 1.5 1.75 1.3 1.75 0.8,tatagu,0.0,3609.0
188,person,BALANGINGI SAMA,aʔa,a ʔ a,7 1 7,XBZ,AHA,6.0,6.A.V 6.H.C 6.A.V,1.5 1.75 0.8,aʔa,0.0,3610.0
228,person,BALANGINGI SAMA (1),aʔa,a ʔ a,7 1 7,XBZ,AHA,7.0,7.A.V 7.H.C 7.A.V,1.5 1.75 0.8,aʔa,0.0,3610.0
268,person,BASQUE,gizaki,g i z a k i,1 7 3 7 1 7,AXBYBZ,KISAKI,8.0,8.K.C 8.I.V 8.S.C 8.A.V 8.K.C 8.I.V,2.0 1.5 1.75 1.3 1.75 0.8,gizaki,0.0,3612.0
308,person,BATAK PALAWAN,taw,t a w,1 7 6,AXN,TAW,9.0,9.T.C 9.A.V 9.W.c,2.0 1.5 0.8,taw,0.0,3613.0
348,person,BILAAN KORONADAL,to,t o,1 7,AX,TU,10.0,10.T.C 10.U.V,2.0 1.5,to,0.0,3614.0
388,person,BILAAN SARANGANI,to,t o,1 7,AX,TU,11.0,11.T.C 11.U.V,2.0 1.5,to,0.0,3614.0
428,person,BINUKID,ətaw,ə t a w,7 1 7 6,XBYN,ETAW,12.0,12.E.V 12.T.C 12.A.V 12.W.c,1.5 1.75 1.3 0.8,ətaw,0.0,3613.0
468,person,BONGGI,lama,l a m a,5 7 4 7,AXBZ,LAMA,14.0,14.L.C 14.A.V 14.M.C 14.A.V,2.0 1.5 1.75 0.8,lama,0.0,3617.0
508,person,BONTOC GUINAANG,ipogaw,i p o g a w,7 1 7 1 7 6,XBYBYN,IPUKAW,15.0,15.I.V 15.P.C 15.U.V 15.K.C 15.A.V 15.W.c,1.5 1.75 1.3 1.75 1.3 0.8,ipogaw,0.0,3618.0
548,person,BROOKES POINT PALAWAN,tau,t a u,1 7 7,AXZ,TAY,16.0,16.T.C 16.A.V 16.Y.V,2.0 1.5 0.8,tau,0.0,3608.0
588,person,BUHI,taʔu,t a ʔ u,1 7 1 7,AXBZ,TAHY,17.0,17.T.C 17.A.V 17.H.C 17.Y.V,2.0 1.5 1.75 0.8,taʔu,0.0,3608.0
628,person,BUHINON ALBAY BICOLANO,tawo,t a w o,1 7 6 7,AXBZ,TAWU,18.0,18.T.C 18.A.V 18.W.C 18.U.V,2.0 1.5 1.75 0.8,tawo,0.0,3606.0
668,person,BUKIDNON BINUKID,ətaw,ə t a w,7 1 7 6,XBYN,ETAW,19.0,19.E.V 19.T.C 19.A.V 19.W.c,1.5 1.75 1.3 0.8,ətaw,0.0,3622.0
708,person,BUTUANON,tao,t a o,1 7 7,AXZ,TAU,20.0,20.T.C 20.A.V 20.U.V,2.0 1.5 0.8,tao,0.0,3608.0
748,person,CAIJIA,xuotʃuo,x u o tʃ u o,3 7 7 1 7 7,AXYBYZ,GYUTYU,21.0,21.G.C 21.Y.V 21.U.V 21.T.C 21.Y.V 21.U.V,2.0 1.5 1.3 1.75 1.3 0.8,xuotʃuo,0.0,3624.0
788,person,CANIPAAN PALAWAN,taʔu,t a ʔ u,1 7 1 7,AXBZ,TAHY,22.0,22.T.C 22.A.V 22.H.C 22.Y.V,2.0 1.5 1.75 0.8,taʔu,0.0,3608.0
868,person,CEBUANO,tawu,t a w u,1 7 6 7,AXBZ,TAWY,24.0,24.T.C 24.A.V 24.W.C 24.Y.V,2.0 1.5 1.75 0.8,tawu,0.0,3626.0
908,person,CENTRAL BICOLANO,tawo,t a w o,1 7 6 7,AXBZ,TAWU,25.0,25.T.C 25.A.V 25.W.C 25.U.V,2.0 1.5 1.75 0.8,tawo,0.0,3606.0
948,person,CENTRAL BONTOC,ipugaw,i p u g a w,7 1 7 1 7 6,XBYBYN,IPYKAW,26.0,26.I.V 26.P.C 26.Y.V 26.K.C 26.A.V 26.W.c,1.5 1.75 1.3 1.75 1.3 0.8,ipugaw,0.0,3618.0
988,person,CENTRAL DUSUN,tulun,t u l u n,1 7 5 7 4,AXBYN,TYLYN,27.0,27.T.C 27.Y.V 27.L.C 27.Y.V 27.N.c,2.0 1.5 1.75 1.3 0.8,tulun,0.0,3629.0
1028,person,CENTRAL TAGBANWA,katawan,k a t a w a n,1 7 1 7 6 7 4,AXBYBYN,KATAWAN,28.0,28.K.C 28.A.V 28.T.C 28.A.V 28.W.C 28.A.V 28.N.c,2.0 1.5 1.75 1.3 1.75 1.3 0.8,katawan,0.0,3630.0
1068,person,CUYONON,tauʔ,t a u ʔ,1 7 7 1,AXYN,TAYH,29.0,29.T.C 29.A.V 29.Y.V 29.H.c,2.0 1.5 1.3 0.8,tauʔ,0.0,3608.0
1108,person,DARAGA,tawu,t a w u,1 7 6 7,AXBZ,TAWY,30.0,30.T.C 30.A.V 30.W.C 30.Y.V,2.0 1.5 1.75 0.8,tawu,0.0,3606.0
1148,person,DUMAGAT CASIGURAN,tolaj,t o l a j,1 7 5 7 6,AXBYN,TULAJ,31.0,31.T.C 31.U.V 31.L.C 31.A.V 31.J.c,2.0 1.5 1.75 1.3 0.8,tolaj,0.0,3605.0
1188,person,DUPANINGAN AGTA,agtaʔ,a g t a ʔ,7 1 1 7 1,XMBYN,AKTAH,32.0,32.A.V 32.K.c 32.T.C 32.A.V 32.H.c,1.5 1.1 1.75 1.3 0.8,agtaʔ,0.0,3634.0
1228,person,ENGLISH,prsən,p rs ə n,1 5 7 4,ACXN,PREN,33.0,33.P.C 33.R.C 33.E.V 33.N.c,2.0 1.5 1.5 0.8,prsən,0.0,3635.0
1268,person,ESKAYAN,bolto,b o l t o,1 7 5 1 7,AXMBZ,PULTU,34.0,34.P.C 34.U.V 34.L.c 34.T.C 34.U.V,2.0 1.5 1.1 1.75 0.8,bolto,0.0,3636.0
1308,person,ESTONIAN,inimene,i n i m e n e,7 4 7 4 7 4 7,XBYBYBZ,INIMENE,35.0,35.I.V 35.N.C 35.I.V 35.M.C 35.E.V 35.N.C 35.E.V,1.5 1.75 1.3 1.75 1.3 1.75 0.8,inimene,0.0,3637.0
1348,person,FINNISH,ihminen,i h m i n e n,7 3 4 7 4 7 4,XBCYBYN,IHMINEN,37.0,37.I.V 37.H.C 37.M.C 37.I.V 37.N.C 37.E.V 37.N.c,1.5 1.75 1.5 1.3 1.75 1.3 0.8,ihminen,0.0,3639.0
1388,person,FUZHOU CHINESE,neiŋ,n e i ŋ,4 7 7 4,AXYN,NEIN,38.0,38.N.C 38.E.V 38.I.V 38.N.c,2.0 1.5 1.3 0.8,neiŋ,1.0,3640.0
1428,person,GADDANG,tolaj,t o l a j,1 7 5 7 6,AXBYN,TULAJ,39.0,39.T.C 39.U.V 39.L.C 39.A.V 39.J.c,2.0 1.5 1.75 1.3 0.8,tolaj,0.0,3605.0
1468,person,HANUNOO,tawu,t a w u,1 7 6 7,AXBZ,TAWY,40.0,40.T.C 40.A.V 40.W.C 40.Y.V,2.0 1.5 1.75 0.8,tawu,0.0,3606.0
1508,person,HIGAONON BINUKID,ətaw,ə t a w,7 1 7 6,XBYN,ETAW,41.0,41.E.V 41.T.C 41.A.V 41.W.c,1.5 1.75 1.3 0.8,ətaw,0.0,3622.0
1548,person,HUNGARIAN,ember,e m b e r,7 4 1 7 5,XMBYN,EMPER,43.0,43.E.V 43.M.c 43.P.C 43.E.V 43.R.c,1.5 1.1 1.75 1.3 0.8,ember,0.0,3645.0
1588,person,IBALOI,to,t o,1 7,AX,TU,44.0,44.T.C 44.U.V,2.0 1.5,to,0.0,3614.0
1628,person,IBANAG,tolaj,t o l a j,1 7 5 7 6,AXBYN,TULAJ,45.0,45.T.C 45.U.V 45.L.C 45.A.V 45.J.c,2.0 1.5 1.75 1.3 0.8,tolaj,0.0,3605.0
1668,person,IDAAN,ulun,u l u n,7 5 7 4,XBYN,YLYN,46.0,46.Y.V 46.L.C 46.Y.V 46.N.c,1.5 1.75 1.3 0.8,ulun,0.0,3629.0
1708,person,IFUGAO AMGANAD,tagu,t a g u,1 7 1 7,AXBZ,TAKY,47.0,47.T.C 47.A.V 47.K.C 47.Y.V,2.0 1.5 1.75 0.8,tagu,0.0,3609.0
1748,person,IFUGAO BATAD,tagu,t a g u,1 7 1 7,AXBZ,TAKY,48.0,48.T.C 48.A.V 48.K.C 48.Y.V,2.0 1.5 1.75 0.8,tagu,0.0,3609.0
1788,person,IFUGAO BAYNINAN,tagu,t a g u,1 7 1 7,AXBZ,TAKY,49.0,49.T.C 49.A.V 49.K.C 49.Y.V,2.0 1.5 1.75 0.8,tagu,0.0,3609.0
1828,person,ILOKANO,tao,t a o,1 7 7,AXZ,TAU,50.0,50.T.C 50.A.V 50.U.V,2.0 1.5 0.8,tao,0.0,3608.0
1868,person,ILONGOT KAKIDUGEN,tuʔu,t u ʔ u,1 7 1 7,AXBZ,TYHY,51.0,51.T.C 51.Y.V 51.H.C 51.Y.V,2.0 1.5 1.75 0.8,tuʔu,0.0,3653.0
1908,person,INIBALOI,toʔo,t o ʔ o,1 7 1 7,AXBZ,TUHU,54.0,54.T.C 54.U.V 54.H.C 54.U.V,2.0 1.5 1.75 0.8,toʔo,0.0,3653.0
1948,person,IRANUN,tau,t a u,1 7 7,AXZ,TAY,55.0,55.T.C 55.A.V 55.Y.V,2.0 1.5 0.8,tau,0.0,3608.0
1988,person,IRIGA,tawu,t a w u,1 7 6 7,AXBZ,TAWY,57.0,57.T.C 57.A.V 57.W.C 57.Y.V,2.0 1.5 1.75 0.8,tawu,0.0,3606.0
2028,person,ISNAG,tolaj,t o l a j,1 7 5 7 6,AXBYN,TULAJ,59.0,59.T.C 59.U.V 59.L.C 59.A.V 59.J.c,2.0 1.5 1.75 1.3 0.8,tolaj,0.0,3605.0
2068,person,ISNEG,tolaj,t o l a j,1 7 5 7 6,AXBYN,TULAJ,60.0,60.T.C 60.U.V 60.L.C 60.A.V 60.J.c,2.0 1.5 1.75 1.3 0.8,tolaj,0.0,3605.0
2108,person,ITAWIT,tolEj,t o l æ j,1 7 5 7 6,AXBYN,TULEJ,61.0,61.T.C 61.U.V 61.L.C 61.E.V 61.J.c,2.0 1.5 1.75 1.3 0.8,tolæj,0.0,3605.0
2148,person,ITBAYATEN BATANES ISLANDS,tawuʔ,t a w u ʔ,1 7 6 7 1,AXBYN,TAWYH,62.0,62.T.C 62.A.V 62.W.C 62.Y.V 62.H.c,2.0 1.5 1.75 1.3 0.8,tawuʔ,0.0,3664.0
2188,person,ITNEG BINONGAN,taʔo,t a ʔ o,1 7 1 7,AXBZ,TAHU,63.0,63.T.C 63.A.V 63.H.C 63.U.V,2.0 1.5 1.75 0.8,taʔo,0.0,3608.0
2228,person,IVATAN BATANES ISLANDS,taoʔ,t a o ʔ,1 7 7 1,AXYN,TAUH,65.0,65.T.C 65.A.V 65.U.V 65.H.c,2.0 1.5 1.3 0.8,taoʔ,0.0,3608.0
2268,person,JAPANESE,hito,h i t o,3 7 1 7,AXBZ,HITU,66.0,66.H.C 66.I.V 66.T.C 66.U.V,2.0 1.5 1.75 0.8,hito,0.0,3668.0
2308,person,KADAZAN,tuhun,t u h u n,1 7 3 7 4,AXBYN,TYHYN,67.0,67.T.C 67.Y.V 67.H.C 67.Y.V 67.N.c,2.0 1.5 1.75 1.3 0.8,tuhun,0.0,3629.0
2348,person,KAGAYANEN,itaw,i t a w,7 1 7 6,XBYN,ITAW,68.0,68.I.V 68.T.C 68.A.V 68.W.c,1.5 1.75 1.3 0.8,itaw,0.0,3622.0
2388,person,KALAGAN,utaw,u t a w,7 1 7 6,XBYN,YTAW,69.0,69.Y.V 69.T.C 69.A.V 69.W.c,1.5 1.75 1.3 0.8,utaw,0.0,3613.0
2428,person,KALINGA GUINAANG,tagu,t a g u,1 7 1 7,AXBZ,TAKY,70.0,70.T.C 70.A.V 70.K.C 70.Y.V,2.0 1.5 1.75 0.8,tagu,0.0,3609.0
2468,person,KALINGA LIMOS,tagu,t a g u,1 7 1 7,AXBZ,TAKY,71.0,71.T.C 71.A.V 71.K.C 71.Y.V,2.0 1.5 1.75 0.8,tagu,0.0,3609.0
2508,person,KALLAHAN KAYAPA PROPER,tuʔu,t u ʔ u,1 7 1 7,AXBZ,TYHY,72.0,72.T.C 72.Y.V 72.H.C 72.Y.V,2.0 1.5 1.75 0.8,tuʔu,0.0,3653.0
2548,person,KALLAHAN KELEYQIQ IFUGAO,tuʔuʔ,t u ʔ u ʔ,1 7 1 7 1,AXBYN,TYHYH,73.0,73.T.C 73.Y.V 73.H.C 73.Y.V 73.H.c,2.0 1.5 1.75 1.3 0.8,tuʔuʔ,0.0,3653.0
2588,person,KANKANAY NORTHERN,ipogaw,i p o g a w,7 1 7 1 7 6,XBYBYN,IPUKAW,75.0,75.I.V 75.P.C 75.U.V 75.K.C 75.A.V 75.W.c,1.5 1.75 1.3 1.75 1.3 0.8,ipogaw,0.0,3618.0
2628,person,KAPAMPANGAN,tau,t a u,1 7 7,AXZ,TAY,76.0,76.T.C 76.A.V 76.Y.V,2.0 1.5 0.8,tau,0.0,3608.0
2668,person,KINARAY A,tawo,t a w o,1 7 6 7,AXBZ,TAWU,77.0,77.T.C 77.A.V 77.W.C 77.U.V,2.0 1.5 1.75 0.8,tawo,0.0,3679.0
2708,person,KOREAN,saram,s a r a m,3 7 5 7 4,AXBYN,SARAM,78.0,78.S.C 78.A.V 78.R.C 78.A.V 78.M.c,2.0 1.5 1.75 1.3 0.8,saram,0.0,3680.0
2748,person,LEGAZPI,tawu,t a w u,1 7 6 7,AXBZ,TAWY,79.0,79.T.C 79.A.V 79.W.C 79.Y.V,2.0 1.5 1.75 0.8,tawu,0.0,3606.0
2788,person,LIBON,tawu,t a w u,1 7 6 7,AXBZ,TAWY,80.0,80.T.C 80.A.V 80.W.C 80.Y.V,2.0 1.5 1.75 0.8,tawu,0.0,3606.0
2828,person,LIVE,riStiŋ,r i s t i ŋ,5 7 3 1 7 4,AXMBYN,RISTIN,82.0,82.R.C 82.I.V 82.S.c 82.T.C 82.I.V 82.N.c,2.0 1.5 1.1 1.75 1.3 0.8,ristiŋ,0.0,3684.0
2868,person,MAGUINDANAO,taw,t a w,1 7 6,AXN,TAW,83.0,83.T.C 83.A.V 83.W.c,2.0 1.5 0.8,taw,0.0,3685.0
2908,person,MAMANWA,taʔo,t a ʔ o,1 7 1 7,AXBZ,TAHU,84.0,84.T.C 84.A.V 84.H.C 84.U.V,2.0 1.5 1.75 0.8,taʔo,0.0,3608.0
2948,person,MANOBO ATA,otow,o t o w,7 1 7 6,XBYN,UTUW,88.0,88.U.V 88.T.C 88.U.V 88.W.c,1.5 1.75 1.3 0.8,otow,0.0,3613.0
2988,person,MANOBO DIBABAWON,ətəw,ə t ə w,7 1 7 6,XBYN,ETEW,89.0,89.E.V 89.T.C 89.E.V 89.W.c,1.5 1.75 1.3 0.8,ətəw,0.0,3691.0
3028,person,MANOBO ILIANEN,ətəw,ə t ə w,7 1 7 6,XBYN,ETEW,90.0,90.E.V 90.T.C 90.E.V 90.W.c,1.5 1.75 1.3 0.8,ətəw,0.0,3691.0
3068,person,MANOBO KALAMANSIG COTABATO,ətaw,ə t a w,7 1 7 6,XBYN,ETAW,91.0,91.E.V 91.T.C 91.A.V 91.W.c,1.5 1.75 1.3 0.8,ətaw,0.0,3693.0
3108,person,MANOBO SARANGANI,otaw,o t a w,7 1 7 6,XBYN,UTAW,92.0,92.U.V 92.T.C 92.A.V 92.W.c,1.5 1.75 1.3 0.8,otaw,0.0,3694.0
3148,person,MANOBO TIGWA,ətəw,ə t ə w,7 1 7 6,XBYN,ETEW,93.0,93.E.V 93.T.C 93.E.V 93.W.c,1.5 1.75 1.3 0.8,ətəw,0.0,3613.0
3188,person,MANOBO WESTERN BUKIDNON,ətəw,ə t ə w,7 1 7 6,XBYN,ETEW,94.0,94.E.V 94.T.C 94.E.V 94.W.c,1.5 1.75 1.3 0.8,ətəw,0.0,3691.0
3228,person,MANSAKA,utaw,u t a w,7 1 7 6,XBYN,YTAW,95.0,95.Y.V 95.T.C 95.A.V 95.W.c,1.5 1.75 1.3 0.8,utaw,0.0,3613.0
3268,person,MAPUN,dʒama,dʒ a m a,1 7 4 7,AXBZ,TAMA,97.0,97.T.C 97.A.V 97.M.C 97.A.V,2.0 1.5 1.75 0.8,dʒama,0.0,3617.0
3308,person,MARANAO,taw,t a w,1 7 6,AXN,TAW,98.0,98.T.C 98.A.V 98.W.c,2.0 1.5 0.8,taw,0.0,3700.0
3348,person,MARINDUQUE TAGALOG,tawu,t a w u,1 7 6 7,AXBZ,TAWY,99.0,99.T.C 99.A.V 99.W.C 99.Y.V,2.0 1.5 1.75 0.8,tawu,0.0,3701.0
3388,person,MASBATENYO,tawo,t a w o,1 7 6 7,AXBZ,TAWU,100.0,100.T.C 100.A.V 100.W.C 100.U.V,2.0 1.5 1.75 0.8,tawo,0.0,3702.0
3428,person,MINANGALI LOWER TANUDAN KALINGA,tagu,t a g u,1 7 1 7,AXBZ,TAKY,101.0,101.T.C 101.A.V 101.K.C 101.Y.V,2.0 1.5 1.75 0.8,tagu,0.0,3609.0
3468,person,MOKSHA,loma5,l o m a,5 7 4 7,AXBZ,LUMA,102.0,102.L.C 102.U.V 102.M.C 102.A.V,2.0 1.5 1.75 0.8,loma,0.0,3704.0
3508,person,MOLBOG,dʒolama,dʒ o l a m a,1 7 5 7 4 7,AXBYBZ,TULAMA,103.0,103.T.C 103.U.V 103.L.C 103.A.V 103.M.C 103.A.V,2.0 1.5 1.75 1.3 1.75 0.8,dʒolama,0.0,3617.0
3588,person,MONGOLIAN,xuŋ,x u ŋ,3 7 4,AXN,GYN,105.0,105.G.C 105.Y.V 105.N.c,2.0 1.5 0.8,xuŋ,0.0,3706.0
3628,person,MORO MAGINDANAU,lanas,l a n a s,5 7 4 7 3,AXBYN,LANAS,106.0,106.L.C 106.A.V 106.N.C 106.A.V 106.S.c,2.0 1.5 1.75 1.3 0.8,lanas,0.0,3707.0
3668,person,NAGA,tawu,t a w u,1 7 6 7,AXBZ,TAWY,107.0,107.T.C 107.A.V 107.W.C 107.Y.V,2.0 1.5 1.75 0.8,tawu,0.0,3606.0
3708,person,NORTHERN CATANDUANES,tahu,t a h u,1 7 3 7,AXBZ,TAHY,108.0,108.T.C 108.A.V 108.H.C 108.Y.V,2.0 1.5 1.75 0.8,tahu,0.0,3608.0
3748,person,NORTHERN SORSOGON,tawu,t a w u,1 7 6 7,AXBZ,TAWY,109.0,109.T.C 109.A.V 109.W.C 109.Y.V,2.0 1.5 1.75 0.8,tawu,0.0,3606.0
3788,person,OAS,tawu,t a w u,1 7 6 7,AXBZ,TAWY,110.0,110.T.C 110.A.V 110.W.C 110.Y.V,2.0 1.5 1.75 0.8,tawu,0.0,3606.0
3828,person,PALAWANO BATAK,taw,t a w,1 7 6,AXN,TAW,111.0,111.T.C 111.A.V 111.W.c,2.0 1.5 0.8,taw,0.0,3613.0
3868,person,PANGASINAN,to,t o,1 7,AX,TU,112.0,112.T.C 112.U.V,2.0 1.5,to,0.0,3614.0
3908,person,PANGUTARAN SAMA,aʔa,a ʔ a,7 1 7,XBZ,AHA,113.0,113.A.V 113.H.C 113.A.V,1.5 1.75 0.8,aʔa,0.0,3610.0
3948,person,PANGUTARAN SAMA (1),aʔa,a ʔ a,7 1 7,XBZ,AHA,114.0,114.A.V 114.H.C 114.A.V,1.5 1.75 0.8,aʔa,0.0,3610.0
3988,person,PROTO PALAWAN,taʔu,t a ʔ u,1 7 1 7,AXBZ,TAHY,115.0,115.T.C 115.A.V 115.H.C 115.Y.V,2.0 1.5 1.75 0.8,taʔu,0.0,3608.0
4028,person,QUEZON PALAWAN,taw,t a w,1 7 6,AXN,TAW,117.0,117.T.C 117.A.V 117.W.c,2.0 1.5 0.8,taw,0.0,3622.0
4068,person,ROMBLOMANON 1,tawo,t a w o,1 7 6 7,AXBZ,TAWU,118.0,118.T.C 118.A.V 118.W.C 118.U.V,2.0 1.5 1.75 0.8,tawo,0.0,3719.0
4108,person,ROMBLOMANON 2,tawu,t a w u,1 7 6 7,AXBZ,TAWY,119.0,119.T.C 119.A.V 119.W.C 119.Y.V,2.0 1.5 1.75 0.8,tawu,0.0,3720.0
4148,person,SAMAL,aʔa,a ʔ a,7 1 7,XBZ,AHA,120.0,120.A.V 120.H.C 120.A.V,1.5 1.75 0.8,aʔa,0.0,3610.0
4188,person,SAMBAL BOTOLAN,tao,t a o,1 7 7,AXZ,TAU,121.0,121.T.C 121.A.V 121.U.V,2.0 1.5 0.8,tao,0.0,3608.0
4228,person,SANGIL,taw,t a w,1 7 6,AXN,TAW,122.0,122.T.C 122.A.V 122.W.c,2.0 1.5 0.8,taw,0.0,3613.0
4268,person,SANGIL SARANGANI ISLANDS,taw,t a w,1 7 6,AXN,TAW,123.0,123.T.C 123.A.V 123.W.c,2.0 1.5 0.8,taw,0.0,3613.0
4308,person,SEDANG,ŋe,ŋ e,4 7,AX,NE,124.0,124.N.C 124.E.V,2.0 1.5,ŋe,0.0,3725.0
4388,person,SOGODNIN BORACAY,tawo,t a w o,1 7 6 7,AXBZ,TAWU,127.0,127.T.C 127.A.V 127.W.C 127.U.V,2.0 1.5 1.75 0.8,tawo,0.0,3727.0
4428,person,SOUTH SAAMI,almeCjə,a l m e c j ə,7 5 4 7 1 6 7,XMBYBCZ,ALMECJE,128.0,128.A.V 128.L.c 128.M.C 128.E.V 128.C.C 128.J.C 128.E.V,1.5 1.1 1.75 1.3 1.75 1.5 0.8,almecjə,0.0,3728.0
4468,person,SOUTHERN CATANDUANES,tawu,t a w u,1 7 6 7,AXBZ,TAWY,129.0,129.T.C 129.A.V 129.W.C 129.Y.V,2.0 1.5 1.75 0.8,tawu,0.0,3606.0
4508,person,SOUTHERN SORSOGON,tawu,t a w u,1 7 6 7,AXBZ,TAWY,131.0,131.T.C 131.A.V 131.W.C 131.Y.V,2.0 1.5 1.75 0.8,tawu,0.0,3606.0
4548,person,SOUTHWEST PALAWANO,taw,t a w,1 7 6,AXN,TAW,132.0,132.T.C 132.A.V 132.W.c,2.0 1.5 0.8,taw,0.0,3613.0
4588,person,SPANISH,persona,p e rs o n a,1 7 5 7 4 7,AXBYBZ,PERUNA,133.0,133.P.C 133.E.V 133.R.C 133.U.V 133.N.C 133.A.V,2.0 1.5 1.75 1.3 1.75 0.8,persona,0.0,3733.0
4628,person,SUBANON SIOCON,gotow,g o t o w,1 7 1 7 6,AXBYN,KUTUW,134.0,134.K.C 134.U.V 134.T.C 134.U.V 134.W.c,2.0 1.5 1.75 1.3 0.8,gotow,0.0,3689.0
4668,person,SUBANUN SINDANGAN,gətau,g ə t a u,1 7 1 7 7,AXBYZ,KETAY,135.0,135.K.C 135.E.V 135.T.C 135.A.V 135.Y.V,2.0 1.5 1.75 1.3 0.8,gətau,0.0,3606.0
4708,person,SURIGAONON,tawo,t a w o,1 7 6 7,AXBZ,TAWU,136.0,136.T.C 136.A.V 136.W.C 136.U.V,2.0 1.5 1.75 0.8,tawo,0.0,3736.0
4748,person,TAGABAWA,manubu,m a n u b u,4 7 4 7 1 7,AXBYBZ,MANYPY,137.0,137.M.C 137.A.V 137.N.C 137.Y.V 137.P.C 137.Y.V,2.0 1.5 1.75 1.3 1.75 0.8,manubu,0.0,3737.0
4788,person,TAGABILI,taʔuh,t a ʔ u h,1 7 1 7 3,AXBYN,TAHYH,138.0,138.T.C 138.A.V 138.H.C 138.Y.V 138.H.c,2.0 1.5 1.75 1.3 0.8,taʔuh,0.0,3608.0
4828,person,TAGALOG,tao,t a o,1 7 7,AXZ,TAU,139.0,139.T.C 139.A.V 139.U.V,2.0 1.5 0.8,tao,0.0,3608.0
4868,person,TAGBANUA ABORLAN,taw,t a w,1 7 6,AXN,TAW,140.0,140.T.C 140.A.V 140.W.c,2.0 1.5 0.8,taw,0.0,3622.0
4908,person,TAGBANWA ABORLAN,taw,t a w,1 7 6,AXN,TAW,141.0,141.T.C 141.A.V 141.W.c,2.0 1.5 0.8,taw,0.0,3741.0
4948,person,TAGBANWA KALAMIAN,tauʔ,t a u ʔ,1 7 7 1,AXYN,TAYH,142.0,142.T.C 142.A.V 142.Y.V 142.H.c,2.0 1.5 1.3 0.8,tauʔ,0.0,3608.0
4988,person,TALAANDIG BINUKID,ətaw,ə t a w,7 1 7 6,XBYN,ETAW,143.0,143.E.V 143.T.C 143.A.V 143.W.c,1.5 1.75 1.3 0.8,ətaw,0.0,3622.0
5028,person,TAMBUNAN DUSUN,tulun,t u l u n,1 7 5 7 4,AXBYN,TYLYN,144.0,144.T.C 144.Y.V 144.L.C 144.Y.V 144.N.c,2.0 1.5 1.75 1.3 0.8,tulun,0.0,3629.0
5068,person,TAUSUG,taʔuh,t a ʔ u h,1 7 1 7 3,AXBYN,TAHYH,145.0,145.T.C 145.A.V 145.H.C 145.Y.V 145.H.c,2.0 1.5 1.75 1.3 0.8,taʔuh,0.0,3608.0
5108,person,TAUT BATU,taʔu,t a ʔ u,1 7 1 7,AXBZ,TAHY,146.0,146.T.C 146.A.V 146.H.C 146.Y.V,2.0 1.5 1.75 0.8,taʔu,0.0,3608.0
5148,person,TBOLI TAGABILI,taʔuh,t a ʔ u h,1 7 1 7 3,AXBYN,TAHYH,147.0,147.T.C 147.A.V 147.H.C 147.Y.V 147.H.c,2.0 1.5 1.75 1.3 0.8,taʔuh,0.0,3608.0
5188,person,TIMUGON MURUT,ulun,u l u n,7 5 7 4,XBYN,YLYN,148.0,148.Y.V 148.L.C 148.Y.V 148.N.c,1.5 1.75 1.3 0.8,ulun,0.0,3629.0
5228,person,TIRURAY,etew,e t e w,7 1 7 6,XBYN,ETEW,149.0,149.E.V 149.T.C 149.E.V 149.W.c,1.5 1.75 1.3 0.8,etew,0.0,3749.0
5268,person,TURKISH,sahəs,s a h ə s,3 7 3 7 3,AXBYN,SAHES,150.0,150.S.C 150.A.V 150.H.C 150.E.V 150.S.c,2.0 1.5 1.75 1.3 0.8,sahəs,0.0,3750.0
5308,person,UGARITIC,adm,a d m,7 1 4,XBC,ATM,151.0,151.A.V 151.T.C 151.M.C,1.5 1.75 1.5,adm,0.0,3751.0
5348,person,WARAY WARAY,tawo,t a w o,1 7 6 7,AXBZ,TAWU,152.0,152.T.C 152.A.V 152.W.C 152.U.V,2.0 1.5 1.75 0.8,tawo,0.0,3752.0
5388,person,YAKAN,aʔa,a ʔ a,7 1 7,XBZ,AHA,153.0,153.A.V 153.H.C 153.A.V,1.5 1.75 0.8,aʔa,0.0,3610.0
5428,person,YOGAD,tawlaj,t a w l a j,1 7 6 5 7 6,AXMBYN,TAWLAJ,154.0,154.T.C 154.A.V 154.W.c 154.L.C 154.A.V 154.J.c,2.0 1.5 1.1 1.75 1.3 0.8,tawlaj,0.0,3754.0
5508,person,IMOROD,tao,t a o,1 7 7,AXZ,TAU,52.0,52.T.C 52.A.V 52.U.V,2.0 1.5 0.8,tao,0.0,3608.0
5548,person,BABUYAN,tao,t a o,1 7 7,AXZ,TAU,4.0,4.T.C 4.A.V 4.U.V,2.0 1.5 0.8,tao,0.0,3608.0
5628,person,FINALLIG,tako,t a k o,1 7 1 7,AXBZ,TAKU,36.0,36.T.C 36.A.V 36.K.C 36.U.V,2.0 1.5 1.75 0.8,tako,0.0,3609.0
5668,person,HILIGAYNON,tao,t a o,1 7 7,AXZ,TAU,42.0,42.T.C 42.A.V 42.U.V,2.0 1.5 0.8,tao,0.0,3608.0
5708,person,INABAKNON,aʔa,a ʔ a,7 1 7,XBZ,AHA,53.0,53.A.V 53.H.C 53.A.V,1.5 1.75 0.8,aʔa,0.0,3610.0
5748,person,IRARALAY IVATAN,tao,t a o,1 7 7,AXZ,TAU,56.0,56.T.C 56.A.V 56.U.V,2.0 1.5 0.8,tao,0.0,3608.0
5788,person,ISAMORONG IVATAN,tao,t a o,1 7 7,AXZ,TAU,58.0,58.T.C 58.A.V 58.U.V,2.0 1.5 0.8,tao,0.0,3608.0
5828,person,IVASAY IVATAN,tawo,t a w o,1 7 6 7,AXBZ,TAWU,64.0,64.T.C 64.A.V 64.W.C 64.U.V,2.0 1.5 1.75 0.8,tawo,0.0,3666.0
5868,person,KANKANAEY,ipogaw,i p o g a w,7 1 7 1 7 6,XBYBYN,IPUKAW,74.0,74.I.V 74.P.C 74.U.V 74.K.C 74.A.V 74.W.c,1.5 1.75 1.3 1.75 1.3 0.8,ipogaw,0.0,3618.0
5908,person,LIMOS KALINGA,tagu,t a g u,1 7 1 7,AXBZ,TAKY,81.0,81.T.C 81.A.V 81.K.C 81.Y.V,2.0 1.5 1.75 0.8,tagu,0.0,3609.0
5948,person,MANDAYAN BOSO,utaw,u t a w,7 1 7 6,XBYN,YTAW,85.0,85.Y.V 85.T.C 85.A.V 85.W.c,1.5 1.75 1.3 0.8,utaw,0.0,3687.0
5988,person,MANDAYAN CARAGA,utaw,u t a w,7 1 7 6,XBYN,YTAW,86.0,86.Y.V 86.T.C 86.A.V 86.W.c,1.5 1.75 1.3 0.8,utaw,0.0,3688.0
6028,person,MANDAYAN ISLAM PISO,utaw,u t a w,7 1 7 6,XBYN,YTAW,87.0,87.Y.V 87.T.C 87.A.V 87.W.c,1.5 1.75 1.3 0.8,utaw,0.0,3689.0
6068,person,MANSAKA 2,utaw,u t a w,7 1 7 6,XBYN,YTAW,96.0,96.Y.V 96.T.C 96.A.V 96.W.c,1.5 1.75 1.3 0.8,utaw,0.0,3698.0
6108,person,PROTO SOUTHERN MINDANAO,taʔu,t a ʔ u,1 7 1 7,AXBZ,TAHY,116.0,116.T.C 116.A.V 116.H.C 116.Y.V,2.0 1.5 1.75 0.8,taʔu,0.0,3608.0
6148,person,SINAUNA,ata,a t a,7 1 7,XBZ,ATA,126.0,126.A.V 126.T.C 126.A.V,1.5 1.75 0.8,ata,0.0,3726.0
6188,person,SOUTHERN KALINGA,taku,t a k u,1 7 1 7,AXBZ,TAKY,130.0,130.T.C 130.A.V 130.K.C 130.Y.V,2.0 1.5 1.75 0.8,taku,0.0,3609.0
29,see,AGTA,moʔito,m o ʔ i t o,4 7 1 7 1 7,AXBYBZ,MUHITU,1.0,1.M.C 1.U.V 1.H.C 1.I.V 1.T.C 1.U.V,2.0 1.5 1.75 1.3 1.75 0.8,moʔito,0.0,3755.0
69,see,AKLANON,kitaʔ,k i t a ʔ,1 7 1 7 1,AXBYN,KITAH,2.0,2.K.C 2.I.V 2.T.C 2.A.V 2.H.c,2.0 1.5 1.75 1.3 0.8,kitaʔ,0.0,3833.0
109,see,ATTA PAMPLONA,masiŋan,m a s i ŋ a n,4 7 3 7 4 7 4,AXBYBYN,MASINAN,3.0,3.M.C 3.A.V 3.S.C 3.I.V 3.N.C 3.A.V 3.N.c,2.0 1.5 1.75 1.3 1.75 1.3 0.8,masiŋan,0.0,3757.0
149,see,BALANGAW,ilo,i l o,7 5 7,XBZ,ILU,5.0,5.I.V 5.L.C 5.U.V,1.5 1.75 0.8,ilo,0.0,3758.0
189,see,BALANGINGI SAMA,andaʔ,a n d a ʔ,7 4 1 7 1,XMBYN,ANTAH,6.0,6.A.V 6.N.c 6.T.C 6.A.V 6.H.c,1.5 1.1 1.75 1.3 0.8,andaʔ,0.0,3759.0
229,see,BALANGINGI SAMA (1),andaʔ,a n d a ʔ,7 4 1 7 1,XMBYN,ANTAH,7.0,7.A.V 7.N.c 7.T.C 7.A.V 7.H.c,1.5 1.1 1.75 1.3 0.8,andaʔ,0.0,3759.0
269,see,BASQUE,ikusi,i k u s i,7 1 7 3 7,XBYBZ,IKYSI,8.0,8.I.V 8.K.C 8.Y.V 8.S.C 8.I.V,1.5 1.75 1.3 1.75 0.8,ikusi,0.0,3761.0
309,see,BATAK PALAWAN,ləʔgan,l ə ʔ g a n,5 7 1 1 7 4,AXMBYN,LEHKAN,9.0,9.L.C 9.E.V 9.H.c 9.K.C 9.A.V 9.N.c,2.0 1.5 1.1 1.75 1.3 0.8,ləʔgan,0.0,3762.0
349,see,BILAAN KORONADAL,təʔən,t ə ʔ ə n,1 7 1 7 4,AXBYN,TEHEN,10.0,10.T.C 10.E.V 10.H.C 10.E.V 10.N.c,2.0 1.5 1.75 1.3 0.8,təʔən,0.0,3763.0
389,see,BILAAN SARANGANI,təʔən,t ə ʔ ə n,1 7 1 7 4,AXBYN,TEHEN,11.0,11.T.C 11.E.V 11.H.C 11.E.V 11.N.c,2.0 1.5 1.75 1.3 0.8,təʔən,0.0,3763.0
429,see,BINUKID,ahaʔ,a h a ʔ,7 3 7 1,XBYN,AHAH,12.0,12.A.V 12.H.C 12.A.V 12.H.c,1.5 1.75 1.3 0.8,ahaʔ,0.0,3765.0
509,see,BONTOC GUINAANG,ila,i l a,7 5 7,XBZ,ILA,15.0,15.I.V 15.L.C 15.A.V,1.5 1.75 0.8,ila,0.0,3758.0
589,see,BUHI,kita,k i t a,1 7 1 7,AXBZ,KITA,17.0,17.K.C 17.I.V 17.T.C 17.A.V,2.0 1.5 1.75 0.8,kita,0.0,3833.0
629,see,BUHINON ALBAY BICOLANO,səxəŋ,s ə x ə ŋ,3 7 3 7 4,AXBYN,SEGEN,18.0,18.S.C 18.E.V 18.G.C 18.E.V 18.N.c,2.0 1.5 1.75 1.3 0.8,səxəŋ,0.0,3769.0
669,see,BUKIDNON BINUKID,ahaʔ,a h a ʔ,7 3 7 1,XBYN,AHAH,19.0,19.A.V 19.H.C 19.A.V 19.H.c,1.5 1.75 1.3 0.8,ahaʔ,0.0,3765.0
709,see,BUTUANON,makita,m a k i t a,4 7 1 7 1 7,AXBYBZ,MAKITA,20.0,20.M.C 20.A.V 20.K.C 20.I.V 20.T.C 20.A.V,2.0 1.5 1.75 1.3 1.75 0.8,makita,0.0,3771.0
749,see,CAIJIA,kien,k i e n,1 7 7 4,AXYN,KIEN,21.0,21.K.C 21.I.V 21.E.V 21.N.c,2.0 1.5 1.3 0.8,kien,0.0,3772.0
829,see,CASIGURAN NEGRITO,eta,e t a,7 1 7,XBZ,ETA,23.0,23.E.V 23.T.C 23.A.V,1.5 1.75 0.8,eta,0.0,3773.0
869,see,CEBUANO,tanaw,t a n a w,1 7 4 7 6,AXBYN,TANAW,24.0,24.T.C 24.A.V 24.N.C 24.A.V 24.W.c,2.0 1.5 1.75 1.3 0.8,tanaw,0.0,3774.0
909,see,CENTRAL BICOLANO,hiliŋ,h i l i ŋ,3 7 5 7 4,AXBYN,HILIN,25.0,25.H.C 25.I.V 25.L.C 25.I.V 25.N.c,2.0 1.5 1.75 1.3 0.8,hiliŋ,0.0,3775.0
949,see,CENTRAL BONTOC,ila,i l a,7 5 7,XBZ,ILA,26.0,26.I.V 26.L.C 26.A.V,1.5 1.75 0.8,ila,0.0,3758.0
989,see,CENTRAL DUSUN,kito,k i t o,1 7 1 7,AXBZ,KITU,27.0,27.K.C 27.I.V 27.T.C 27.U.V,2.0 1.5 1.75 0.8,kito,0.0,3833.0
1029,see,CENTRAL TAGBANWA,intul,i n t u l,7 4 1 7 5,XMBYN,INTYL,28.0,28.I.V 28.N.c 28.T.C 28.Y.V 28.L.c,1.5 1.1 1.75 1.3 0.8,intul,0.0,3778.0
1069,see,CUYONON,kitaʔ,k i t a ʔ,1 7 1 7 1,AXBYN,KITAH,29.0,29.K.C 29.I.V 29.T.C 29.A.V 29.H.c,2.0 1.5 1.75 1.3 0.8,kitaʔ,0.0,3833.0
1109,see,DARAGA,kita,k i t a,1 7 1 7,AXBZ,KITA,30.0,30.K.C 30.I.V 30.T.C 30.A.V,2.0 1.5 1.75 0.8,kita,0.0,3833.0
1149,see,DUMAGAT CASIGURAN,metaʔ,m e t a ʔ,4 7 1 7 1,AXBYN,METAH,31.0,31.M.C 31.E.V 31.T.C 31.A.V 31.H.c,2.0 1.5 1.75 1.3 0.8,metaʔ,0.0,3781.0
1189,see,DUPANINGAN AGTA,maʔEnta,m a ʔ æ n t a,4 7 1 7 4 1 7,AXBYMBZ,MAHENTA,32.0,32.M.C 32.A.V 32.H.C 32.E.V 32.N.c 32.T.C 32.A.V,2.0 1.5 1.75 1.3 1.1 1.75 0.8,maʔænta,0.0,3782.0
1229,see,ENGLISH,si,s i,3 7,AX,SI,33.0,33.S.C 33.I.V,2.0 1.5,si,0.0,3783.0
1269,see,ESKAYAN,mosimsati,m o s i ms a t i,4 7 3 7 4 7 1 7,AXBYBYBZ,MUSIMATI,34.0,34.M.C 34.U.V 34.S.C 34.I.V 34.M.C 34.A.V 34.T.C 34.I.V,2.0 1.5 1.75 1.3 1.75 1.3 1.75 0.8,mosimsati,0.0,3784.0
1309,see,ESTONIAN,nage,n a g e,4 7 1 7,AXBZ,NAKE,35.0,35.N.C 35.A.V 35.K.C 35.E.V,2.0 1.5 1.75 0.8,nage,0.0,3785.0
1349,see,FINNISH,nEke,n æ k e,4 7 1 7,AXBZ,NEKE,37.0,37.N.C 37.E.V 37.K.C 37.E.V,2.0 1.5 1.75 0.8,næke,0.0,3785.0
1389,see,FUZHOU CHINESE,khaŋ,kh a ŋ,1 7 4,AXN,KAN,38.0,38.K.C 38.A.V 38.N.c,2.0 1.5 0.8,khaŋ,0.0,3772.0
1429,see,GADDANG,itan,i t a n,7 1 7 4,XBYN,ITAN,39.0,39.I.V 39.T.C 39.A.V 39.N.c,1.5 1.75 1.3 0.8,itan,0.0,3833.0
1469,see,HANUNOO,makakit,m a k a k i t,4 7 1 7 1 7 1,AXBYBYN,MAKAKIT,40.0,40.M.C 40.A.V 40.K.C 40.A.V 40.K.C 40.I.V 40.T.c,2.0 1.5 1.75 1.3 1.75 1.3 0.8,makakit,0.0,3771.0
1509,see,HIGAONON BINUKID,ahaʔ,a h a ʔ,7 3 7 1,XBYN,AHAH,41.0,41.A.V 41.H.C 41.A.V 41.H.c,1.5 1.75 1.3 0.8,ahaʔ,0.0,3765.0
1549,see,HUNGARIAN,lat,l a t,5 7 1,AXN,LAT,43.0,43.L.C 43.A.V 43.T.c,2.0 1.5 0.8,lat,0.0,3793.0
1589,see,IBALOI,asen,a s e n,7 3 7 4,XBYN,ASEN,44.0,44.A.V 44.S.C 44.E.V 44.N.c,1.5 1.75 1.3 0.8,asen,0.0,3794.0
1629,see,IBANAG,masiŋan,m a s i ŋ a n,4 7 3 7 4 7 4,AXBYBYN,MASINAN,45.0,45.M.C 45.A.V 45.S.C 45.I.V 45.N.C 45.A.V 45.N.c,2.0 1.5 1.75 1.3 1.75 1.3 0.8,masiŋan,0.0,3757.0
1669,see,IDAAN,mata,m a t a,4 7 1 7,AXBZ,MATA,46.0,46.M.C 46.A.V 46.T.C 46.A.V,2.0 1.5 1.75 0.8,mata,0.0,3781.0
1709,see,IFUGAO AMGANAD,tigo,t i g o,1 7 1 7,AXBZ,TIKU,47.0,47.T.C 47.I.V 47.K.C 47.U.V,2.0 1.5 1.75 0.8,tigo,0.0,3797.0
1749,see,IFUGAO BATAD,tigon,t i g o n,1 7 1 7 4,AXBYN,TIKUN,48.0,48.T.C 48.I.V 48.K.C 48.U.V 48.N.c,2.0 1.5 1.75 1.3 0.8,tigon,0.0,3797.0
1789,see,IFUGAO BAYNINAN,tigon,t i g o n,1 7 1 7 4,AXBYN,TIKUN,49.0,49.T.C 49.I.V 49.K.C 49.U.V 49.N.c,2.0 1.5 1.75 1.3 0.8,tigon,0.0,3797.0
1829,see,ILOKANO,kita,k i t a,1 7 1 7,AXBZ,KITA,50.0,50.K.C 50.I.V 50.T.C 50.A.V,2.0 1.5 1.75 0.8,kita,0.0,3833.0
1869,see,ILONGOT KAKIDUGEN,buja,b u j a,1 7 6 7,AXBZ,PYJA,51.0,51.P.C 51.Y.V 51.J.C 51.A.V,2.0 1.5 1.75 0.8,buja,0.0,3801.0
1909,see,INIBALOI,onʔan,o n ʔ a n,7 4 1 7 4,XMBYN,UNHAN,54.0,54.U.V 54.N.c 54.H.C 54.A.V 54.N.c,1.5 1.1 1.75 1.3 0.8,onʔan,0.0,3804.0
1949,see,IRANUN,ilai,i l a i,7 5 7 7,XBYZ,ILAI,55.0,55.I.V 55.L.C 55.A.V 55.I.V,1.5 1.75 1.3 0.8,ilai,0.0,3758.0
1989,see,IRIGA,bajad,b a j a d,1 7 6 7 1,AXBYN,PAJAT,57.0,57.P.C 57.A.V 57.J.C 57.A.V 57.T.c,2.0 1.5 1.75 1.3 0.8,bajad,0.0,3806.0
2029,see,ISNAG,nasiŋan,n a s i ŋ a n,4 7 3 7 4 7 4,AXBYBYN,NASINAN,59.0,59.N.C 59.A.V 59.S.C 59.I.V 59.N.C 59.A.V 59.N.c,2.0 1.5 1.75 1.3 1.75 1.3 0.8,nasiŋan,0.0,3757.0
2069,see,ISNEG,masiŋan,m a s i ŋ a n,4 7 3 7 4 7 4,AXBYBYN,MASINAN,60.0,60.M.C 60.A.V 60.S.C 60.I.V 60.N.C 60.A.V 60.N.c,2.0 1.5 1.75 1.3 1.75 1.3 0.8,masiŋan,0.0,3757.0
2109,see,ITAWIT,mEsiŋEn,m es i ŋ æ n,4 7 7 4 7 4,AXYBYN,MEINEN,61.0,61.M.C 61.E.V 61.I.V 61.N.C 61.E.V 61.N.c,2.0 1.5 1.3 1.75 1.3 0.8,mesiŋæn,0.0,3757.0
2149,see,ITBAYATEN BATANES ISLANDS,tiiban,t ii b a n,1 7 1 7 4,AXBYN,TIPAN,62.0,62.T.C 62.I.V 62.P.C 62.A.V 62.N.c,2.0 1.5 1.75 1.3 0.8,tiiban,0.0,3811.0
2189,see,ITNEG BINONGAN,masəŋan,m a s ə ŋ a n,4 7 3 7 4 7 4,AXBYBYN,MASENAN,63.0,63.M.C 63.A.V 63.S.C 63.E.V 63.N.C 63.A.V 63.N.c,2.0 1.5 1.75 1.3 1.75 1.3 0.8,masəŋan,0.0,3757.0
2229,see,IVATAN BATANES ISLANDS,mavojaʔ,m a v o j a ʔ,4 7 3 7 6 7 1,AXBYBYN,MABUJAH,65.0,65.M.C 65.A.V 65.B.C 65.U.V 65.J.C 65.A.V 65.H.c,2.0 1.5 1.75 1.3 1.75 1.3 0.8,mavojaʔ,0.0,3807.0
2269,see,JAPANESE,mi,m i,4 7,AX,MI,66.0,66.M.C 66.I.V,2.0 1.5,mi,0.0,3815.0
2309,see,KADAZAN,kokito,k o k i t o,1 7 1 7 1 7,AXBYBZ,KUKITU,67.0,67.K.C 67.U.V 67.K.C 67.I.V 67.T.C 67.U.V,2.0 1.5 1.75 1.3 1.75 0.8,kokito,0.0,3771.0
2349,see,KAGAYANEN,kita,k i t a,1 7 1 7,AXBZ,KITA,68.0,68.K.C 68.I.V 68.T.C 68.A.V,2.0 1.5 1.75 0.8,kita,0.0,3833.0
2389,see,KALAGAN,kitaʔ,k i t a ʔ,1 7 1 7 1,AXBYN,KITAH,69.0,69.K.C 69.I.V 69.T.C 69.A.V 69.H.c,2.0 1.5 1.75 1.3 0.8,kitaʔ,0.0,3833.0
2429,see,KALINGA GUINAANG,ilan,i l a n,7 5 7 4,XBYN,ILAN,70.0,70.I.V 70.L.C 70.A.V 70.N.c,1.5 1.75 1.3 0.8,ilan,0.0,3758.0
2469,see,KALINGA LIMOS,ila,i l a,7 5 7,XBZ,ILA,71.0,71.I.V 71.L.C 71.A.V,1.5 1.75 0.8,ila,0.0,3758.0
2509,see,KALLAHAN KAYAPA PROPER,unʔan,u n ʔ a n,7 4 1 7 4,XMBYN,YNHAN,72.0,72.Y.V 72.N.c 72.H.C 72.A.V 72.N.c,1.5 1.1 1.75 1.3 0.8,unʔan,0.0,3804.0
2549,see,KALLAHAN KELEYQIQ IFUGAO,aŋʔaŋ,a ŋ ʔ a ŋ,7 4 1 7 4,XMBYN,ANHAN,73.0,73.A.V 73.N.c 73.H.C 73.A.V 73.N.c,1.5 1.1 1.75 1.3 0.8,aŋʔaŋ,0.0,3804.0
2589,see,KANKANAY NORTHERN,ila,i l a,7 5 7,XBZ,ILA,75.0,75.I.V 75.L.C 75.A.V,1.5 1.75 0.8,ila,0.0,3758.0
2629,see,KAPAMPANGAN,ikit,i k i t,7 1 7 1,XBYN,IKIT,76.0,76.I.V 76.K.C 76.I.V 76.T.c,1.5 1.75 1.3 0.8,ikit,0.0,3825.0
2709,see,KOREAN,po,p o,1 7,AX,PU,78.0,78.P.C 78.U.V,2.0 1.5,po,0.0,3826.0
2749,see,LEGAZPI,ʔiliŋ,ʔ i l i ŋ,1 7 5 7 4,AXBYN,HILIN,79.0,79.H.C 79.I.V 79.L.C 79.I.V 79.N.c,2.0 1.5 1.75 1.3 0.8,ʔiliŋ,0.0,3775.0
2789,see,LIBON,kita,k i t a,1 7 1 7,AXBZ,KITA,80.0,80.K.C 80.I.V 80.T.C 80.A.V,2.0 1.5 1.75 0.8,kita,0.0,3833.0
2829,see,LIVE,nEdjo,n æ d j o,4 7 1 6 7,AXBCZ,NETJU,82.0,82.N.C 82.E.V 82.T.C 82.J.C 82.U.V,2.0 1.5 1.75 1.5 0.8,nædjo,0.0,3830.0
2869,see,MAGUINDANAO,ilaj,i l a j,7 5 7 6,XBYN,ILAJ,83.0,83.I.V 83.L.C 83.A.V 83.J.c,1.5 1.75 1.3 0.8,ilaj,0.0,3831.0
2909,see,MAMANWA,kita,k i t a,1 7 1 7,AXBZ,KITA,84.0,84.K.C 84.I.V 84.T.C 84.A.V,2.0 1.5 1.75 0.8,kita,0.0,3833.0
2949,see,MANOBO ATA,pitow,p i t o w,1 7 1 7 6,AXBYN,PITUW,88.0,88.P.C 88.I.V 88.T.C 88.U.V 88.W.c,2.0 1.5 1.75 1.3 0.8,pitow,0.0,3836.0
2989,see,MANOBO DIBABAWON,kita,k i t a,1 7 1 7,AXBZ,KITA,89.0,89.K.C 89.I.V 89.T.C 89.A.V,2.0 1.5 1.75 0.8,kita,0.0,3833.0
3029,see,MANOBO ILIANEN,kita,k i t a,1 7 1 7,AXBZ,KITA,90.0,90.K.C 90.I.V 90.T.C 90.A.V,2.0 1.5 1.75 0.8,kita,0.0,3833.0
3069,see,MANOBO KALAMANSIG COTABATO,ilag,i l a g,7 5 7 1,XBYN,ILAK,91.0,91.I.V 91.L.C 91.A.V 91.K.c,1.5 1.75 1.3 0.8,ilag,0.0,3758.0
3109,see,MANOBO SARANGANI,kitaʔ,k i t a ʔ,1 7 1 7 1,AXBYN,KITAH,92.0,92.K.C 92.I.V 92.T.C 92.A.V 92.H.c,2.0 1.5 1.75 1.3 0.8,kitaʔ,0.0,3833.0
3149,see,MANOBO TIGWA,kita,k i t a,1 7 1 7,AXBZ,KITA,93.0,93.K.C 93.I.V 93.T.C 93.A.V,2.0 1.5 1.75 0.8,kita,0.0,3833.0
3189,see,MANOBO WESTERN BUKIDNON,ahaʔ,a h a ʔ,7 3 7 1,XBYN,AHAH,94.0,94.A.V 94.H.C 94.A.V 94.H.c,1.5 1.75 1.3 0.8,ahaʔ,0.0,3765.0
3229,see,MANSAKA,kitaʔ,k i t a ʔ,1 7 1 7 1,AXBYN,KITAH,95.0,95.K.C 95.I.V 95.T.C 95.A.V 95.H.c,2.0 1.5 1.75 1.3 0.8,kitaʔ,0.0,3833.0
3269,see,MAPUN,kita,k i t a,1 7 1 7,AXBZ,KITA,97.0,97.K.C 97.I.V 97.T.C 97.A.V,2.0 1.5 1.75 0.8,kita,0.0,3833.0
3309,see,MARANAO,ilaj,i l a j,7 5 7 6,XBYN,ILAJ,98.0,98.I.V 98.L.C 98.A.V 98.J.c,1.5 1.75 1.3 0.8,ilaj,0.0,3831.0
3349,see,MARINDUQUE TAGALOG,kita,k i t a,1 7 1 7,AXBZ,KITA,99.0,99.K.C 99.I.V 99.T.C 99.A.V,2.0 1.5 1.75 0.8,kita,0.0,3833.0
3389,see,MASBATENYO,magkita,m a g k i t a,4 7 1 1 7 1 7,AXMBYBZ,MAKKITA,100.0,100.M.C 100.A.V 100.K.c 100.K.C 100.I.V 100.T.C 100.A.V,2.0 1.5 1.1 1.75 1.3 1.75 0.8,magkita,0.0,3771.0
3429,see,MINANGALI LOWER TANUDAN KALINGA,ilan,i l a n,7 5 7 4,XBYN,ILAN,101.0,101.I.V 101.L.C 101.A.V 101.N.c,1.5 1.75 1.3 0.8,ilan,0.0,3758.0
3469,see,MOKSHA,5ajems,a j e ms,7 6 7 4,XBYN,AJEM,102.0,102.A.V 102.J.C 102.E.V 102.M.c,1.5 1.75 1.3 0.8,ajems,0.0,3850.0
3509,see,MOLBOG,lotog,l o t o g,5 7 1 7 1,AXBYN,LUTUK,103.0,103.L.C 103.U.V 103.T.C 103.U.V 103.K.c,2.0 1.5 1.75 1.3 0.8,lotog,0.0,3851.0
3549,see,MOLBOG 2,lətəg,l ə t ə g,5 7 1 7 1,AXBYN,LETEK,104.0,104.L.C 104.E.V 104.T.C 104.E.V 104.K.c,2.0 1.5 1.75 1.3 0.8,lətəg,0.0,3851.0
3589,see,MONGOLIAN,uci,u c i,7 1 7,XBZ,YCI,105.0,105.Y.V 105.C.C 105.I.V,1.5 1.75 0.8,uci,0.0,3853.0
3629,see,MORO MAGINDANAU,ilaj,i l a j,7 5 7 6,XBYN,ILAJ,106.0,106.I.V 106.L.C 106.A.V 106.J.c,1.5 1.75 1.3 0.8,ilaj,0.0,3831.0
3669,see,NAGA,hiliŋ,h i l i ŋ,3 7 5 7 4,AXBYN,HILIN,107.0,107.H.C 107.I.V 107.L.C 107.I.V 107.N.c,2.0 1.5 1.75 1.3 0.8,hiliŋ,0.0,3775.0
3709,see,NORTHERN CATANDUANES,taʔnaw,t a ʔ n a w,1 7 1 4 7 6,AXBCYN,TAHNAW,108.0,108.T.C 108.A.V 108.H.C 108.N.C 108.A.V 108.W.c,2.0 1.5 1.75 1.5 1.3 0.8,taʔnaw,0.0,3774.0
3749,see,NORTHERN SORSOGON,kita,k i t a,1 7 1 7,AXBZ,KITA,109.0,109.K.C 109.I.V 109.T.C 109.A.V,2.0 1.5 1.75 0.8,kita,0.0,3833.0
3789,see,OAS,kita,k i t a,1 7 1 7,AXBZ,KITA,110.0,110.K.C 110.I.V 110.T.C 110.A.V,2.0 1.5 1.75 0.8,kita,0.0,3833.0
3829,see,PALAWANO BATAK,ləgan,l ə g a n,5 7 1 7 4,AXBYN,LEKAN,111.0,111.L.C 111.E.V 111.K.C 111.A.V 111.N.c,2.0 1.5 1.75 1.3 0.8,ləgan,0.0,3762.0
3869,see,PANGASINAN,neŋneŋ,n e ŋ n e ŋ,4 7 4 4 7 4,AXMBYN,NENNEN,112.0,112.N.C 112.E.V 112.N.c 112.N.C 112.E.V 112.N.c,2.0 1.5 1.1 1.75 1.3 0.8,neŋneŋ,0.0,3860.0
3909,see,PANGUTARAN SAMA,nda,n d a,4 1 7,ACZ,NTA,113.0,113.N.C 113.T.C 113.A.V,2.0 1.5 0.8,nda,0.0,3861.0
3949,see,PANGUTARAN SAMA (1),nda,n d a,4 1 7,ACZ,NTA,114.0,114.N.C 114.T.C 114.A.V,2.0 1.5 0.8,nda,0.0,3861.0
3989,see,PROTO PALAWAN,lətəg,l ə t ə g,5 7 1 7 1,AXBYN,LETEK,115.0,115.L.C 115.E.V 115.T.C 115.E.V 115.K.c,2.0 1.5 1.75 1.3 0.8,lətəg,0.0,3851.0
4069,see,ROMBLOMANON 1,pagtanʔaw,p a g t a n ʔ a w,1 7 1 1 7 4 1 7 6,AXMBYMBYN,PAKTANHAW,118.0,118.P.C 118.A.V 118.K.c 118.T.C 118.A.V 118.N.c 118.H.C 118.A.V 118.W.c,2.0 1.5 1.1 1.75 1.3 1.1 1.75 1.3 0.8,pagtanʔaw,0.0,3865.0
4109,see,ROMBLOMANON 2,batjag,b a t j a g,1 7 1 6 7 1,AXBCYN,PATJAK,119.0,119.P.C 119.A.V 119.T.C 119.J.C 119.A.V 119.K.c,2.0 1.5 1.75 1.5 1.3 0.8,batjag,0.0,3866.0
4149,see,SAMAL,əndaʔ,ə n d a ʔ,7 4 1 7 1,XMBYN,ENTAH,120.0,120.E.V 120.N.c 120.T.C 120.A.V 120.H.c,1.5 1.1 1.75 1.3 0.8,əndaʔ,0.0,3759.0
4189,see,SAMBAL BOTOLAN,makit,m a k i t,4 7 1 7 1,AXBYN,MAKIT,121.0,121.M.C 121.A.V 121.K.C 121.I.V 121.T.c,2.0 1.5 1.75 1.3 0.8,makit,0.0,3771.0
4269,see,SANGIL SARANGANI ISLANDS,makasilaw,m a k a s i l a w,4 7 1 7 3 7 5 7 6,AXBYBYBYN,MAKASILAW,123.0,123.M.C 123.A.V 123.K.C 123.A.V 123.S.C 123.I.V 123.L.C 123.A.V 123.W.c,2.0 1.5 1.75 1.3 1.75 1.3 1.75 1.3 0.8,makasilaw,0.0,3869.0
4309,see,SEDANG,honai,h o n a i,3 7 4 7 7,AXBYZ,HUNAI,124.0,124.H.C 124.U.V 124.N.C 124.A.V 124.I.V,2.0 1.5 1.75 1.3 0.8,honai,0.0,3870.0
4349,see,SIBUTU SOUTHERN SAMA,nda,n d a,4 1 7,ACZ,NTA,125.0,125.N.C 125.T.C 125.A.V,2.0 1.5 0.8,nda,0.0,3861.0
4389,see,SOGODNIN BORACAY,kitaʔ,k i t a ʔ,1 7 1 7 1,AXBYN,KITAH,127.0,127.K.C 127.I.V 127.T.C 127.A.V 127.H.c,2.0 1.5 1.75 1.3 0.8,kitaʔ,0.0,3833.0
4429,see,SOUTH SAAMI,vuenə,v u e n ə,3 7 7 4 7,AXYBZ,BYENE,128.0,128.B.C 128.Y.V 128.E.V 128.N.C 128.E.V,2.0 1.5 1.3 1.75 0.8,vuenə,0.0,3874.0
4469,see,SOUTHERN CATANDUANES,hiliŋ,h i l i ŋ,3 7 5 7 4,AXBYN,HILIN,129.0,129.H.C 129.I.V 129.L.C 129.I.V 129.N.c,2.0 1.5 1.75 1.3 0.8,hiliŋ,0.0,3775.0
4509,see,SOUTHERN SORSOGON,ʔimug,ʔ i m u g,1 7 4 7 1,AXBYN,HIMYK,131.0,131.H.C 131.I.V 131.M.C 131.Y.V 131.K.c,2.0 1.5 1.75 1.3 0.8,ʔimug,0.0,3877.0
4549,see,SOUTHWEST PALAWANO,biriʔ,b i r i ʔ,1 7 5 7 1,AXBYN,PIRIH,132.0,132.P.C 132.I.V 132.R.C 132.I.V 132.H.c,2.0 1.5 1.75 1.3 0.8,biriʔ,0.0,3878.0
4589,see,SPANISH,ve,v e,3 7,AX,BE,133.0,133.B.C 133.E.V,2.0 1.5,ve,0.0,3826.0
4629,see,SUBANON SIOCON,moktoŋow,m o k t o ŋ o w,4 7 1 1 7 4 7 6,AXMBYBYN,MUKTUNUW,134.0,134.M.C 134.U.V 134.K.c 134.T.C 134.U.V 134.N.C 134.U.V 134.W.c,2.0 1.5 1.1 1.75 1.3 1.75 1.3 0.8,moktoŋow,0.0,3835.0
4669,see,SUBANUN SINDANGAN,metaʔ,m e t a ʔ,4 7 1 7 1,AXBYN,METAH,135.0,135.M.C 135.E.V 135.T.C 135.A.V 135.H.c,2.0 1.5 1.75 1.3 0.8,metaʔ,0.0,3781.0
4709,see,SURIGAONON,kita,k i t a,1 7 1 7,AXBZ,KITA,136.0,136.K.C 136.I.V 136.T.C 136.A.V,2.0 1.5 1.75 0.8,kita,0.0,3833.0
4749,see,TAGABAWA,kita,k i t a,1 7 1 7,AXBZ,KITA,137.0,137.K.C 137.I.V 137.T.C 137.A.V,2.0 1.5 1.75 0.8,kita,0.0,3833.0
4789,see,TAGABILI,mton,m t o n,4 1 7 4,ACYN,MTUN,138.0,138.M.C 138.T.C 138.U.V 138.N.c,2.0 1.5 1.3 0.8,mton,0.0,3763.0
4829,see,TAGALOG,tiŋin,t i ŋ i n,1 7 4 7 4,AXBYN,TININ,139.0,139.T.C 139.I.V 139.N.C 139.I.V 139.N.c,2.0 1.5 1.75 1.3 0.8,tiŋin,0.0,3885.0
4869,see,TAGBANUA ABORLAN,lətəg,l ə t ə g,5 7 1 7 1,AXBYN,LETEK,140.0,140.L.C 140.E.V 140.T.C 140.E.V 140.K.c,2.0 1.5 1.75 1.3 0.8,lətəg,0.0,3851.0
4909,see,TAGBANWA ABORLAN,lətəg,l ə t ə g,5 7 1 7 1,AXBYN,LETEK,141.0,141.L.C 141.E.V 141.T.C 141.E.V 141.K.c,2.0 1.5 1.75 1.3 0.8,lətəg,0.0,3851.0
4949,see,TAGBANWA KALAMIAN,itaʔ,i t a ʔ,7 1 7 1,XBYN,ITAH,142.0,142.I.V 142.T.C 142.A.V 142.H.c,1.5 1.75 1.3 0.8,itaʔ,0.0,3833.0
4989,see,TALAANDIG BINUKID,ahaʔ,a h a ʔ,7 3 7 1,XBYN,AHAH,143.0,143.A.V 143.H.C 143.A.V 143.H.c,1.5 1.75 1.3 0.8,ahaʔ,0.0,3765.0
5029,see,TAMBUNAN DUSUN,kokito,k o k i t o,1 7 1 7 1 7,AXBYBZ,KUKITU,144.0,144.K.C 144.U.V 144.K.C 144.I.V 144.T.C 144.U.V,2.0 1.5 1.75 1.3 1.75 0.8,kokito,0.0,3771.0
5069,see,TAUSUG,kimitaʔ,k i m i t a ʔ,1 7 4 7 1 7 1,AXBYBYN,KIMITAH,145.0,145.K.C 145.I.V 145.M.C 145.I.V 145.T.C 145.A.V 145.H.c,2.0 1.5 1.75 1.3 1.75 1.3 0.8,kimitaʔ,0.0,3833.0
5149,see,TBOLI TAGABILI,mton,m t o n,4 1 7 4,ACYN,MTUN,147.0,147.M.C 147.T.C 147.U.V 147.N.c,2.0 1.5 1.3 0.8,mton,0.0,3763.0
5189,see,TIMUGON MURUT,kito,k i t o,1 7 1 7,AXBZ,KITU,148.0,148.K.C 148.I.V 148.T.C 148.U.V,2.0 1.5 1.75 0.8,kito,0.0,3833.0
5269,see,TURKISH,gər,g ə r,1 7 5,AXN,KER,150.0,150.K.C 150.E.V 150.R.c,2.0 1.5 0.8,gər,0.0,3894.0
5309,see,UGARITIC,amr,a m r,7 4 5,XBC,AMR,151.0,151.A.V 151.M.C 151.R.C,1.5 1.75 1.5,amr,0.0,3895.0
5349,see,WARAY WARAY,kita,k i t a,1 7 1 7,AXBZ,KITA,152.0,152.K.C 152.I.V 152.T.C 152.A.V,2.0 1.5 1.75 0.8,kita,0.0,3833.0
5389,see,YAKAN,kite,k i t e,1 7 1 7,AXBZ,KITE,153.0,153.K.C 153.I.V 153.T.C 153.E.V,2.0 1.5 1.75 0.8,kite,0.0,3833.0
5429,see,YOGAD,ita,i t a,7 1 7,XBZ,ITA,154.0,154.I.V 154.T.C 154.A.V,1.5 1.75 0.8,ita,0.0,3833.0
5509,see,IMOROD,cita,c i t a,1 7 1 7,AXBZ,CITA,52.0,52.C.C 52.I.V 52.T.C 52.A.V,2.0 1.5 1.75 0.8,cita,0.0,3802.0
5589,see,BISAYA SABAH,intoŋ,i n t o ŋ,7 4 1 7 4,XMBYN,INTUN,13.0,13.I.V 13.N.c 13.T.C 13.U.V 13.N.c,1.5 1.1 1.75 1.3 0.8,intoŋ,0.0,3766.0
5629,see,FINALLIG,ilaon,i l a o n,7 5 7 7 4,XBYYN,ILAUN,36.0,36.I.V 36.L.C 36.A.V 36.U.V 36.N.c,1.5 1.75 1.3 1.3 0.8,ilaon,0.0,3758.0
5669,see,HILIGAYNON,kita,k i t a,1 7 1 7,AXBZ,KITA,42.0,42.K.C 42.I.V 42.T.C 42.A.V,2.0 1.5 1.75 0.8,kita,0.0,3833.0
5709,see,INABAKNON,kulaw,k u l a w,1 7 5 7 6,AXBYN,KYLAW,53.0,53.K.C 53.Y.V 53.L.C 53.A.V 53.W.c,2.0 1.5 1.75 1.3 0.8,kulaw,0.0,3803.0
5789,see,ISAMORONG IVATAN,voja,v o j a,3 7 6 7,AXBZ,BUJA,58.0,58.B.C 58.U.V 58.J.C 58.A.V,2.0 1.5 1.75 0.8,voja,0.0,3807.0
5829,see,IVASAY IVATAN,tib,t i b,1 7 1,AXN,TIP,64.0,64.T.C 64.I.V 64.P.c,2.0 1.5 0.8,tib,0.0,3813.0
5869,see,KANKANAEY,ilaen,i l a e n,7 5 7 7 4,XBYYN,ILAEN,74.0,74.I.V 74.L.C 74.A.V 74.E.V 74.N.c,1.5 1.75 1.3 1.3 0.8,ilaen,0.0,3758.0
5909,see,LIMOS KALINGA,umila,u m i l a,7 4 7 5 7,XBYBZ,YMILA,81.0,81.Y.V 81.M.C 81.I.V 81.L.C 81.A.V,1.5 1.75 1.3 1.75 0.8,umila,0.0,3829.0
5949,see,MANDAYAN BOSO,jakitaʔ,j a k i t a ʔ,6 7 1 7 1 7 1,AXBYBYN,JAKITAH,85.0,85.J.C 85.A.V 85.K.C 85.I.V 85.T.C 85.A.V 85.H.c,2.0 1.5 1.75 1.3 1.75 1.3 0.8,jakitaʔ,0.0,3833.0
5989,see,MANDAYAN CARAGA,jakitaʔ,j a k i t a ʔ,6 7 1 7 1 7 1,AXBYBYN,JAKITAH,86.0,86.J.C 86.A.V 86.K.C 86.I.V 86.T.C 86.A.V 86.H.c,2.0 1.5 1.75 1.3 1.75 1.3 0.8,jakitaʔ,0.0,3833.0
6029,see,MANDAYAN ISLAM PISO,matanaw,m a t a n a w,4 7 1 7 4 7 6,AXBYBYN,MATANAW,87.0,87.M.C 87.A.V 87.T.C 87.A.V 87.N.C 87.A.V 87.W.c,2.0 1.5 1.75 1.3 1.75 1.3 0.8,matanaw,0.0,3835.0
6069,see,MANSAKA 2,kitaʔ,k i t a ʔ,1 7 1 7 1,AXBYN,KITAH,96.0,96.K.C 96.I.V 96.T.C 96.A.V 96.H.c,2.0 1.5 1.75 1.3 0.8,kitaʔ,0.0,3833.0
6109,see,PROTO SOUTHERN MINDANAO,tən,t ə n,1 7 4,AXN,TEN,116.0,116.T.C 116.E.V 116.N.c,2.0 1.5 0.8,tən,0.0,3864.0
6149,see,SINAUNA,miʔsulʔaŋ,m i ʔs u l ʔ a ŋ,4 7 1 7 5 1 7 4,AXBYMBYN,MIHYLHAN,126.0,126.M.C 126.I.V 126.H.C 126.Y.V 126.L.c 126.H.C 126.A.V 126.N.c,2.0 1.5 1.75 1.3 1.1 1.75 1.3 0.8,miʔsulʔaŋ,0.0,3872.0
6189,see,SOUTHERN KALINGA,umila,u m i l a,7 4 7 5 7,XBYBZ,YMILA,130.0,130.Y.V 130.M.C 130.I.V 130.L.C 130.A.V,1.5 1.75 1.3 1.75 0.8,umila,0.0,3829.0
30,skin,AGTA,tobbit,t o bb i t,1 7 1 7 1,AXBYN,TUPIT,1.0,1.T.C 1.U.V 1.P.C 1.I.V 1.T.c,2.0 1.5 1.75 1.3 0.8,tobbit,0.0,3896.0
70,skin,AKLANON,panit,p a n i t,1 7 4 7 1,AXBYN,PANIT,2.0,2.P.C 2.A.V 2.N.C 2.I.V 2.T.c,2.0 1.5 1.75 1.3 0.8,panit,0.0,3897.0
110,skin,ATTA PAMPLONA,tabbiʔ,t a bb i ʔ,1 7 1 7 1,AXBYN,TAPIH,3.0,3.T.C 3.A.V 3.P.C 3.I.V 3.H.c,2.0 1.5 1.75 1.3 0.8,tabbiʔ,0.0,3898.0
150,skin,BALANGAW,uglet,u g l e t,7 1 5 7 1,XBCYN,YKLET,5.0,5.Y.V 5.K.C 5.L.C 5.E.V 5.T.c,1.5 1.75 1.5 1.3 0.8,uglet,0.0,3900.0
190,skin,BALANGINGI SAMA,kuwit,k u w i t,1 7 6 7 1,AXBYN,KYWIT,6.0,6.K.C 6.Y.V 6.W.C 6.I.V 6.T.c,2.0 1.5 1.75 1.3 0.8,kuwit,0.0,3901.0
230,skin,BALANGINGI SAMA (1),kuwit,k u w i t,1 7 6 7 1,AXBYN,KYWIT,7.0,7.K.C 7.Y.V 7.W.C 7.I.V 7.T.c,2.0 1.5 1.75 1.3 0.8,kuwit,0.0,3901.0
270,skin,BASQUE,azal,a z a l,7 3 7 5,XBYN,ASAL,8.0,8.A.V 8.S.C 8.A.V 8.L.c,1.5 1.75 1.3 0.8,azal,0.0,3903.0
310,skin,BATAK PALAWAN,kulit,k u l i t,1 7 5 7 1,AXBYN,KYLIT,9.0,9.K.C 9.Y.V 9.L.C 9.I.V 9.T.c,2.0 1.5 1.75 1.3 0.8,kulit,0.0,3904.0
350,skin,BILAAN KORONADAL,kulit,k u l i t,1 7 5 7 1,AXBYN,KYLIT,10.0,10.K.C 10.Y.V 10.L.C 10.I.V 10.T.c,2.0 1.5 1.75 1.3 0.8,kulit,0.0,3905.0
390,skin,BILAAN SARANGANI,kindal,k i n d a l,1 7 4 1 7 5,AXMBYN,KINTAL,11.0,11.K.C 11.I.V 11.N.c 11.T.C 11.A.V 11.L.c,2.0 1.5 1.1 1.75 1.3 0.8,kindal,0.0,3906.0
430,skin,BINUKID,laŋgit,l a ŋ g i t,5 7 4 1 7 1,AXMBYN,LANKIT,12.0,12.L.C 12.A.V 12.N.c 12.K.C 12.I.V 12.T.c,2.0 1.5 1.1 1.75 1.3 0.8,laŋgit,0.0,3907.0
470,skin,BONGGI,kubal,k u b a l,1 7 1 7 5,AXBYN,KYPAL,14.0,14.K.C 14.Y.V 14.P.C 14.A.V 14.L.c,2.0 1.5 1.75 1.3 0.8,kubal,0.0,3909.0
510,skin,BONTOC GUINAANG,kopkop,k o p k o p,1 7 1 1 7 1,AXMBYN,KUPKUP,15.0,15.K.C 15.U.V 15.P.c 15.K.C 15.U.V 15.P.c,2.0 1.5 1.1 1.75 1.3 0.8,kopkop,0.0,3910.0
550,skin,BROOKES POINT PALAWAN,kubal,k u b a l,1 7 1 7 5,AXBYN,KYPAL,16.0,16.K.C 16.Y.V 16.P.C 16.A.V 16.L.c,2.0 1.5 1.75 1.3 0.8,kubal,0.0,3911.0
590,skin,BUHI,kublit,k u b l i t,1 7 1 5 7 1,AXBCYN,KYPLIT,17.0,17.K.C 17.Y.V 17.P.C 17.L.C 17.I.V 17.T.c,2.0 1.5 1.75 1.5 1.3 0.8,kublit,0.0,3904.0
630,skin,BUHINON ALBAY BICOLANO,kolit,k o l i t,1 7 5 7 1,AXBYN,KULIT,18.0,18.K.C 18.U.V 18.L.C 18.I.V 18.T.c,2.0 1.5 1.75 1.3 0.8,kolit,0.0,3904.0
670,skin,BUKIDNON BINUKID,laŋgit,l a ŋ g i t,5 7 4 1 7 1,AXMBYN,LANKIT,19.0,19.L.C 19.A.V 19.N.c 19.K.C 19.I.V 19.T.c,2.0 1.5 1.1 1.75 1.3 0.8,laŋgit,0.0,3907.0
710,skin,BUTUANON,panit,p a n i t,1 7 4 7 1,AXBYN,PANIT,20.0,20.P.C 20.A.V 20.N.C 20.I.V 20.T.c,2.0 1.5 1.75 1.3 0.8,panit,0.0,3915.0
750,skin,CAIJIA,pəu,p ə u,1 7 7,AXZ,PEY,21.0,21.P.C 21.E.V 21.Y.V,2.0 1.5 0.8,pəu,1.0,3916.0
870,skin,CEBUANO,panit,p a n i t,1 7 4 7 1,AXBYN,PANIT,24.0,24.P.C 24.A.V 24.N.C 24.I.V 24.T.c,2.0 1.5 1.75 1.3 0.8,panit,0.0,3897.0
910,skin,CENTRAL BICOLANO,kublit,k u b l i t,1 7 1 5 7 1,AXBCYN,KYPLIT,25.0,25.K.C 25.Y.V 25.P.C 25.L.C 25.I.V 25.T.c,2.0 1.5 1.75 1.5 1.3 0.8,kublit,0.0,3904.0
950,skin,CENTRAL BONTOC,lapdut,l a p d u t,5 7 1 1 7 1,AXMBYN,LAPTYT,26.0,26.L.C 26.A.V 26.P.c 26.T.C 26.Y.V 26.T.c,2.0 1.5 1.1 1.75 1.3 0.8,lapdut,0.0,3919.0
990,skin,CENTRAL DUSUN,kulit,k u l i t,1 7 5 7 1,AXBYN,KYLIT,27.0,27.K.C 27.Y.V 27.L.C 27.I.V 27.T.c,2.0 1.5 1.75 1.3 0.8,kulit,0.0,3904.0
1030,skin,CENTRAL TAGBANWA,kulit,k u l i t,1 7 5 7 1,AXBYN,KYLIT,28.0,28.K.C 28.Y.V 28.L.C 28.I.V 28.T.c,2.0 1.5 1.75 1.3 0.8,kulit,0.0,3904.0
1070,skin,CUYONON,kulit,k u l i t,1 7 5 7 1,AXBYN,KYLIT,29.0,29.K.C 29.Y.V 29.L.C 29.I.V 29.T.c,2.0 1.5 1.75 1.3 0.8,kulit,0.0,3922.0
1110,skin,DARAGA,kulit,k u l i t,1 7 5 7 1,AXBYN,KYLIT,30.0,30.K.C 30.Y.V 30.L.C 30.I.V 30.T.c,2.0 1.5 1.75 1.3 0.8,kulit,0.0,3904.0
1150,skin,DUMAGAT CASIGURAN,kulet,k u l e t,1 7 5 7 1,AXBYN,KYLET,31.0,31.K.C 31.Y.V 31.L.C 31.E.V 31.T.c,2.0 1.5 1.75 1.3 0.8,kulet,0.0,3904.0
1190,skin,DUPANINGAN AGTA,gadaŋ,g a d a ŋ,1 7 1 7 4,AXBYN,KATAN,32.0,32.K.C 32.A.V 32.T.C 32.A.V 32.N.c,2.0 1.5 1.75 1.3 0.8,gadaŋ,0.0,3925.0
1230,skin,ENGLISH,skin,s k i n,3 1 7 4,ACYN,SKIN,33.0,33.S.C 33.K.C 33.I.V 33.N.c,2.0 1.5 1.3 0.8,skin,0.0,3926.0
1270,skin,ESKAYAN,pil,p i l,1 7 5,AXN,PIL,34.0,34.P.C 34.I.V 34.L.c,2.0 1.5 0.8,pil,0.0,3927.0
1310,skin,ESTONIAN,nak,n a k,4 7 1,AXN,NAK,35.0,35.N.C 35.A.V 35.K.c,2.0 1.5 0.8,nak,0.0,3928.0
1350,skin,FINNISH,iho,i h o,7 3 7,XBZ,IHU,37.0,37.I.V 37.H.C 37.U.V,1.5 1.75 0.8,iho,0.0,3930.0
1390,skin,FUZHOU CHINESE,phui,ph u i,1 7 7,AXZ,PYI,38.0,38.P.C 38.Y.V 38.I.V,2.0 1.5 0.8,phui,0.0,3916.0
1430,skin,GADDANG,gaddaŋ,g a dd a ŋ,1 7 1 7 4,AXBYN,KATAN,39.0,39.K.C 39.A.V 39.T.C 39.A.V 39.N.c,2.0 1.5 1.75 1.3 0.8,gaddaŋ,0.0,3925.0
1470,skin,HANUNOO,tarik,t a r i k,1 7 5 7 1,AXBYN,TARIK,40.0,40.T.C 40.A.V 40.R.C 40.I.V 40.K.c,2.0 1.5 1.75 1.3 0.8,tarik,0.0,3933.0
1510,skin,HIGAONON BINUKID,laŋgit,l a ŋ g i t,5 7 4 1 7 1,AXMBYN,LANKIT,41.0,41.L.C 41.A.V 41.N.c 41.K.C 41.I.V 41.T.c,2.0 1.5 1.1 1.75 1.3 0.8,laŋgit,0.0,3907.0
1550,skin,HUNGARIAN,bir,b i r,1 7 5,AXN,PIR,43.0,43.P.C 43.I.V 43.R.c,2.0 1.5 0.8,bir,0.0,3927.0
1590,skin,IBALOI,bedat,b e d a t,1 7 1 7 1,AXBYN,PETAT,44.0,44.P.C 44.E.V 44.T.C 44.A.V 44.T.c,2.0 1.5 1.75 1.3 0.8,bedat,0.0,3937.0
1630,skin,IBANAG,tabiʔ,t a b i ʔ,1 7 1 7 1,AXBYN,TAPIH,45.0,45.T.C 45.A.V 45.P.C 45.I.V 45.H.c,2.0 1.5 1.75 1.3 0.8,tabiʔ,0.0,3898.0
1670,skin,IDAAN,kulit,k u l i t,1 7 5 7 1,AXBYN,KYLIT,46.0,46.K.C 46.Y.V 46.L.C 46.I.V 46.T.c,2.0 1.5 1.75 1.3 0.8,kulit,0.0,3904.0
1710,skin,IFUGAO AMGANAD,ʔupʔup,ʔ u p ʔ u p,1 7 1 1 7 1,AXMBYN,HYPHYP,47.0,47.H.C 47.Y.V 47.P.c 47.H.C 47.Y.V 47.P.c,2.0 1.5 1.1 1.75 1.3 0.8,ʔupʔup,0.0,3910.0
1750,skin,IFUGAO BATAD,upʔup,u p ʔ u p,7 1 1 7 1,XMBYN,YPHYP,48.0,48.Y.V 48.P.c 48.H.C 48.Y.V 48.P.c,1.5 1.1 1.75 1.3 0.8,upʔup,0.0,3910.0
1790,skin,IFUGAO BAYNINAN,upʔup,u p ʔ u p,7 1 1 7 1,XMBYN,YPHYP,49.0,49.Y.V 49.P.c 49.H.C 49.Y.V 49.P.c,1.5 1.1 1.75 1.3 0.8,upʔup,0.0,3910.0
1830,skin,ILOKANO,kudil,k u d i l,1 7 1 7 5,AXBYN,KYTIL,50.0,50.K.C 50.Y.V 50.T.C 50.I.V 50.L.c,2.0 1.5 1.75 1.3 0.8,kudil,0.0,3943.0
1870,skin,ILONGOT KAKIDUGEN,kalib,k a l i b,1 7 5 7 1,AXBYN,KALIP,51.0,51.K.C 51.A.V 51.L.C 51.I.V 51.P.c,2.0 1.5 1.75 1.3 0.8,kalib,0.0,3944.0
1910,skin,INIBALOI,bidat,b i d a t,1 7 1 7 1,AXBYN,PITAT,54.0,54.P.C 54.I.V 54.T.C 54.A.V 54.T.c,2.0 1.5 1.75 1.3 0.8,bidat,0.0,3947.0
1950,skin,IRANUN,upis,u p i s,7 1 7 3,XBYN,YPIS,55.0,55.Y.V 55.P.C 55.I.V 55.S.c,1.5 1.75 1.3 0.8,upis,0.0,3948.0
1990,skin,IRIGA,kulit,k u l i t,1 7 5 7 1,AXBYN,KYLIT,57.0,57.K.C 57.Y.V 57.L.C 57.I.V 57.T.c,2.0 1.5 1.75 1.3 0.8,kulit,0.0,3904.0
2030,skin,ISNAG,lublub,l u b l u b,5 7 1 5 7 1,AXBCYN,LYPLYP,59.0,59.L.C 59.Y.V 59.P.C 59.L.C 59.Y.V 59.P.c,2.0 1.5 1.75 1.5 1.3 0.8,lublub,0.0,3952.0
2070,skin,ISNEG,lublub,l u b l u b,5 7 1 5 7 1,AXBCYN,LYPLYP,60.0,60.L.C 60.Y.V 60.P.C 60.L.C 60.Y.V 60.P.c,2.0 1.5 1.75 1.5 1.3 0.8,lublub,0.0,3952.0
2110,skin,ITAWIT,gEdEŋ,g æ d æ ŋ,1 7 1 7 4,AXBYN,KETEN,61.0,61.K.C 61.E.V 61.T.C 61.E.V 61.N.c,2.0 1.5 1.75 1.3 0.8,gædæŋ,0.0,3925.0
2150,skin,ITBAYATEN BATANES ISLANDS,kulit,k u l i t,1 7 5 7 1,AXBYN,KYLIT,62.0,62.K.C 62.Y.V 62.L.C 62.I.V 62.T.c,2.0 1.5 1.75 1.3 0.8,kulit,0.0,3904.0
2190,skin,ITNEG BINONGAN,kopsit,k o ps i t,1 7 1 7 1,AXBYN,KUPIT,63.0,63.K.C 63.U.V 63.P.C 63.I.V 63.T.c,2.0 1.5 1.75 1.3 0.8,kopsit,0.0,3956.0
2230,skin,IVATAN BATANES ISLANDS,kodit,k o d i t,1 7 1 7 1,AXBYN,KUTIT,65.0,65.K.C 65.U.V 65.T.C 65.I.V 65.T.c,2.0 1.5 1.75 1.3 0.8,kodit,0.0,3904.0
2270,skin,JAPANESE,kawa,k a w a,1 7 6 7,AXBZ,KAWA,66.0,66.K.C 66.A.V 66.W.C 66.A.V,2.0 1.5 1.75 0.8,kawa,0.0,3959.0
2310,skin,KADAZAN,kuhit,k u h i t,1 7 3 7 1,AXBYN,KYHIT,67.0,67.K.C 67.Y.V 67.H.C 67.I.V 67.T.c,2.0 1.5 1.75 1.3 0.8,kuhit,0.0,3904.0
2350,skin,KAGAYANEN,laŋgit,l a ŋ g i t,5 7 4 1 7 1,AXMBYN,LANKIT,68.0,68.L.C 68.A.V 68.N.c 68.K.C 68.I.V 68.T.c,2.0 1.5 1.1 1.75 1.3 0.8,laŋgit,0.0,3907.0
2390,skin,KALAGAN,kindal,k i n d a l,1 7 4 1 7 5,AXMBYN,KINTAL,69.0,69.K.C 69.I.V 69.N.c 69.T.C 69.A.V 69.L.c,2.0 1.5 1.1 1.75 1.3 0.8,kindal,0.0,3906.0
2430,skin,KALINGA GUINAANG,oblit,o b l i t,7 1 5 7 1,XBCYN,UPLIT,70.0,70.U.V 70.P.C 70.L.C 70.I.V 70.T.c,1.5 1.75 1.5 1.3 0.8,oblit,0.0,3963.0
2470,skin,KALINGA LIMOS,kupsit,k u ps i t,1 7 1 7 1,AXBYN,KYPIT,71.0,71.K.C 71.Y.V 71.P.C 71.I.V 71.T.c,2.0 1.5 1.75 1.3 0.8,kupsit,0.0,3956.0
2510,skin,KALLAHAN KAYAPA PROPER,bəlat,b ə l a t,1 7 5 7 1,AXBYN,PELAT,72.0,72.P.C 72.E.V 72.L.C 72.A.V 72.T.c,2.0 1.5 1.75 1.3 0.8,bəlat,0.0,3965.0
2550,skin,KALLAHAN KELEYQIQ IFUGAO,belat,b e l a t,1 7 5 7 1,AXBYN,PELAT,73.0,73.P.C 73.E.V 73.L.C 73.A.V 73.T.c,2.0 1.5 1.75 1.3 0.8,belat,0.0,3966.0
2590,skin,KANKANAY NORTHERN,kollop,k o ll o p,1 7 5 7 1,AXBYN,KULUP,75.0,75.K.C 75.U.V 75.L.C 75.U.V 75.P.c,2.0 1.5 1.75 1.3 0.8,kollop,0.0,3968.0
2630,skin,KAPAMPANGAN,balat,b a l a t,1 7 5 7 1,AXBYN,PALAT,76.0,76.P.C 76.A.V 76.L.C 76.A.V 76.T.c,2.0 1.5 1.75 1.3 0.8,balat,0.0,3969.0
2670,skin,KINARAY A,panit,p a n i t,1 7 4 7 1,AXBYN,PANIT,77.0,77.P.C 77.A.V 77.N.C 77.I.V 77.T.c,2.0 1.5 1.75 1.3 0.8,panit,0.0,3897.0
2710,skin,KOREAN,gopdʒil,g o p dʒ i l,1 7 1 1 7 5,AXMBYN,KUPTIL,78.0,78.K.C 78.U.V 78.P.c 78.T.C 78.I.V 78.L.c,2.0 1.5 1.1 1.75 1.3 0.8,gopdʒil,0.0,3971.0
2750,skin,LEGAZPI,ʔunit,ʔ u n i t,1 7 4 7 1,AXBYN,HYNIT,79.0,79.H.C 79.Y.V 79.N.C 79.I.V 79.T.c,2.0 1.5 1.75 1.3 0.8,ʔunit,0.0,3897.0
2790,skin,LIBON,kulit,k u l i t,1 7 5 7 1,AXBYN,KYLIT,80.0,80.K.C 80.Y.V 80.L.C 80.I.V 80.T.c,2.0 1.5 1.75 1.3 0.8,kulit,0.0,3904.0
2830,skin,LIVE,nogjo,n o g j o,4 7 1 6 7,AXBCZ,NUKJU,82.0,82.N.C 82.U.V 82.K.C 82.J.C 82.U.V,2.0 1.5 1.75 1.5 0.8,nogjo,0.0,3975.0
2870,skin,MAGUINDANAO,upis,u p i s,7 1 7 3,XBYN,YPIS,83.0,83.Y.V 83.P.C 83.I.V 83.S.c,1.5 1.75 1.3 0.8,upis,0.0,3948.0
2910,skin,MAMANWA,kindal,k i n d a l,1 7 4 1 7 5,AXMBYN,KINTAL,84.0,84.K.C 84.I.V 84.N.c 84.T.C 84.A.V 84.L.c,2.0 1.5 1.1 1.75 1.3 0.8,kindal,0.0,3906.0
2950,skin,MANOBO ATA,laplap,l a p l a p,5 7 1 5 7 1,AXBCYN,LAPLAP,88.0,88.L.C 88.A.V 88.P.C 88.L.C 88.A.V 88.P.c,2.0 1.5 1.75 1.5 1.3 0.8,laplap,0.0,3981.0
2990,skin,MANOBO DIBABAWON,kindaa,k i n d aa,1 7 4 1 7,AXMBZ,KINTA,89.0,89.K.C 89.I.V 89.N.c 89.T.C 89.A.V,2.0 1.5 1.1 1.75 0.8,kindaa,0.0,3906.0
3030,skin,MANOBO ILIANEN,lundis,l u n d i s,5 7 4 1 7 3,AXMBYN,LYNTIS,90.0,90.L.C 90.Y.V 90.N.c 90.T.C 90.I.V 90.S.c,2.0 1.5 1.1 1.75 1.3 0.8,lundis,0.0,3983.0
3070,skin,MANOBO KALAMANSIG COTABATO,kunul,k u n u l,1 7 4 7 5,AXBYN,KYNYL,91.0,91.K.C 91.Y.V 91.N.C 91.Y.V 91.L.c,2.0 1.5 1.75 1.3 0.8,kunul,0.0,3984.0
3110,skin,MANOBO SARANGANI,kindal,k i n d a l,1 7 4 1 7 5,AXMBYN,KINTAL,92.0,92.K.C 92.I.V 92.N.c 92.T.C 92.A.V 92.L.c,2.0 1.5 1.1 1.75 1.3 0.8,kindal,0.0,3906.0
3150,skin,MANOBO TIGWA,laŋgit,l a ŋ g i t,5 7 4 1 7 1,AXMBYN,LANKIT,93.0,93.L.C 93.A.V 93.N.c 93.K.C 93.I.V 93.T.c,2.0 1.5 1.1 1.75 1.3 0.8,laŋgit,0.0,3907.0
3190,skin,MANOBO WESTERN BUKIDNON,lundis,l u n d i s,5 7 4 1 7 3,AXMBYN,LYNTIS,94.0,94.L.C 94.Y.V 94.N.c 94.T.C 94.I.V 94.S.c,2.0 1.5 1.1 1.75 1.3 0.8,lundis,0.0,3983.0
3230,skin,MANSAKA,paris naŋ ʔutaw,p a r i s # n a ŋ # ʔ u t a w,1 7 5 7 3 9 4 7 4 9 1 7 1 7 6,AXBYN_AXN_AXBYN,PARIS_NAN_HYTAW,95.0,95.P.C 95.A.V 95.R.C 95.I.V 95.S.c 95._._ 95.N.C 95.A.V 95.N.c 95._._ 95.H.C 95.Y.V 95.T.C 95.A.V 95.W.c,2.0 1.5 1.75 1.3 0.8 0.0 2.0 1.5 0.8 0.0 2.0 1.5 1.75 1.3 0.8,paris#naŋ#ʔutaw,0.0,3988.0
3270,skin,MAPUN,kuwit,k u w i t,1 7 6 7 1,AXBYN,KYWIT,97.0,97.K.C 97.Y.V 97.W.C 97.I.V 97.T.c,2.0 1.5 1.75 1.3 0.8,kuwit,0.0,3901.0
3310,skin,MARANAO,anit,a n i t,7 4 7 1,XBYN,ANIT,98.0,98.A.V 98.N.C 98.I.V 98.T.c,1.5 1.75 1.3 0.8,anit,0.0,3991.0
3350,skin,MARINDUQUE TAGALOG,balat,b a l a t,1 7 5 7 1,AXBYN,PALAT,99.0,99.P.C 99.A.V 99.L.C 99.A.V 99.T.c,2.0 1.5 1.75 1.3 0.8,balat,0.0,3992.0
3390,skin,MASBATENYO,panit,p a n i t,1 7 4 7 1,AXBYN,PANIT,100.0,100.P.C 100.A.V 100.N.C 100.I.V 100.T.c,2.0 1.5 1.75 1.3 0.8,panit,0.0,3897.0
3430,skin,MINANGALI LOWER TANUDAN KALINGA,kublit,k u b l i t,1 7 1 5 7 1,AXBCYN,KYPLIT,101.0,101.K.C 101.Y.V 101.P.C 101.L.C 101.I.V 101.T.c,2.0 1.5 1.75 1.5 1.3 0.8,kublit,0.0,3994.0
3470,skin,MOKSHA,kisjke,k i s j k e,1 7 3 6 1 7,AXBYBZ,KISJKE,102.0,102.K.C 102.I.V 102.S.C 102.J.V 102.K.C 102.E.V,2.0 1.5 1.75 1.3 1.75 0.8,kisjke,0.0,3995.0
3510,skin,MOLBOG,kulit,k u l i t,1 7 5 7 1,AXBYN,KYLIT,103.0,103.K.C 103.Y.V 103.L.C 103.I.V 103.T.c,2.0 1.5 1.75 1.3 0.8,kulit,0.0,3904.0
3550,skin,MOLBOG 2,kubal,k u b a l,1 7 1 7 5,AXBYN,KYPAL,104.0,104.K.C 104.Y.V 104.P.C 104.A.V 104.L.c,2.0 1.5 1.75 1.3 0.8,kubal,0.0,3911.0
3590,skin,MONGOLIAN,Erjs,æ r js,7 5 6,XBC,ERJ,105.0,105.E.V 105.R.C 105.J.C,1.5 1.75 1.5,ærjs,0.0,3998.0
3630,skin,MORO MAGINDANAU,upis,u p i s,7 1 7 3,XBYN,YPIS,106.0,106.Y.V 106.P.C 106.I.V 106.S.c,1.5 1.75 1.3 0.8,upis,0.0,3948.0
3670,skin,NAGA,kublit,k u b l i t,1 7 1 5 7 1,AXBCYN,KYPLIT,107.0,107.K.C 107.Y.V 107.P.C 107.L.C 107.I.V 107.T.c,2.0 1.5 1.75 1.5 1.3 0.8,kublit,0.0,3904.0
3710,skin,NORTHERN CATANDUANES,panit,p a n i t,1 7 4 7 1,AXBYN,PANIT,108.0,108.P.C 108.A.V 108.N.C 108.I.V 108.T.c,2.0 1.5 1.75 1.3 0.8,panit,0.0,3897.0
3750,skin,NORTHERN SORSOGON,panit,p a n i t,1 7 4 7 1,AXBYN,PANIT,109.0,109.P.C 109.A.V 109.N.C 109.I.V 109.T.c,2.0 1.5 1.75 1.3 0.8,panit,0.0,3897.0
3790,skin,OAS,kulit,k u l i t,1 7 5 7 1,AXBYN,KYLIT,110.0,110.K.C 110.Y.V 110.L.C 110.I.V 110.T.c,2.0 1.5 1.75 1.3 0.8,kulit,0.0,3904.0
3830,skin,PALAWANO BATAK,kulit,k u l i t,1 7 5 7 1,AXBYN,KYLIT,111.0,111.K.C 111.Y.V 111.L.C 111.I.V 111.T.c,2.0 1.5 1.75 1.3 0.8,kulit,0.0,3904.0
3870,skin,PANGASINAN,balat,b a l a t,1 7 5 7 1,AXBYN,PALAT,112.0,112.P.C 112.A.V 112.L.C 112.A.V 112.T.c,2.0 1.5 1.75 1.3 0.8,balat,0.0,3969.0
3910,skin,PANGUTARAN SAMA,kuwit,k u w i t,1 7 6 7 1,AXBYN,KYWIT,113.0,113.K.C 113.Y.V 113.W.C 113.I.V 113.T.c,2.0 1.5 1.75 1.3 0.8,kuwit,0.0,3901.0
3950,skin,PANGUTARAN SAMA (1),kuwit,k u w i t,1 7 6 7 1,AXBYN,KYWIT,114.0,114.K.C 114.Y.V 114.W.C 114.I.V 114.T.c,2.0 1.5 1.75 1.3 0.8,kuwit,0.0,3901.0
3990,skin,PROTO PALAWAN,kubal,k u b a l,1 7 1 7 5,AXBYN,KYPAL,115.0,115.K.C 115.Y.V 115.P.C 115.A.V 115.L.c,2.0 1.5 1.75 1.3 0.8,kubal,0.0,3911.0
4070,skin,ROMBLOMANON 1,anit,a n i t,7 4 7 1,XBYN,ANIT,118.0,118.A.V 118.N.C 118.I.V 118.T.c,1.5 1.75 1.3 0.8,anit,0.0,3897.0
4110,skin,ROMBLOMANON 2,panit,p a n i t,1 7 4 7 1,AXBYN,PANIT,119.0,119.P.C 119.A.V 119.N.C 119.I.V 119.T.c,2.0 1.5 1.75 1.3 0.8,panit,0.0,3897.0
4150,skin,SAMAL,kulit,k u l i t,1 7 5 7 1,AXBYN,KYLIT,120.0,120.K.C 120.Y.V 120.L.C 120.I.V 120.T.c,2.0 1.5 1.75 1.3 0.8,kulit,0.0,3904.0
4190,skin,SAMBAL BOTOLAN,katat,k a t a t,1 7 1 7 1,AXBYN,KATAT,121.0,121.K.C 121.A.V 121.T.C 121.A.V 121.T.c,2.0 1.5 1.75 1.3 0.8,katat,0.0,3925.0
4230,skin,SANGIL,pisi,p i s i,1 7 3 7,AXBZ,PISI,122.0,122.P.C 122.I.V 122.S.C 122.I.V,2.0 1.5 1.75 0.8,pisi,0.0,4014.0
4270,skin,SANGIL SARANGANI ISLANDS,pisi,p i s i,1 7 3 7,AXBZ,PISI,123.0,123.P.C 123.I.V 123.S.C 123.I.V,2.0 1.5 1.75 0.8,pisi,0.0,4014.0
4310,skin,SEDANG,kea,k e a,1 7 7,AXZ,KEA,124.0,124.K.C 124.E.V 124.A.V,2.0 1.5 0.8,kea,0.0,3922.0
4350,skin,SIBUTU SOUTHERN SAMA,kulit,k u l i t,1 7 5 7 1,AXBYN,KYLIT,125.0,125.K.C 125.Y.V 125.L.C 125.I.V 125.T.c,2.0 1.5 1.75 1.3 0.8,kulit,0.0,3904.0
4390,skin,SOGODNIN BORACAY,panit,p a n i t,1 7 4 7 1,AXBYN,PANIT,127.0,127.P.C 127.A.V 127.N.C 127.I.V 127.T.c,2.0 1.5 1.75 1.3 0.8,panit,0.0,3897.0
4430,skin,SOUTH SAAMI,5alCja,a l c j a,7 5 1 6 7,XMBCZ,ALCJA,128.0,128.A.V 128.L.c 128.C.C 128.J.C 128.A.V,1.5 1.1 1.75 1.5 0.8,alcja,0.0,4020.0
4470,skin,SOUTHERN CATANDUANES,panit,p a n i t,1 7 4 7 1,AXBYN,PANIT,129.0,129.P.C 129.A.V 129.N.C 129.I.V 129.T.c,2.0 1.5 1.75 1.3 0.8,panit,0.0,3897.0
4510,skin,SOUTHERN SORSOGON,panit,p a n i t,1 7 4 7 1,AXBYN,PANIT,131.0,131.P.C 131.A.V 131.N.C 131.I.V 131.T.c,2.0 1.5 1.75 1.3 0.8,panit,0.0,3897.0
4550,skin,SOUTHWEST PALAWANO,kulit,k u l i t,1 7 5 7 1,AXBYN,KYLIT,132.0,132.K.C 132.Y.V 132.L.C 132.I.V 132.T.c,2.0 1.5 1.75 1.3 0.8,kulit,0.0,3904.0
4590,skin,SPANISH,piel,p i e l,1 7 7 5,AXYN,PIEL,133.0,133.P.C 133.I.V 133.E.V 133.L.c,2.0 1.5 1.3 0.8,piel,0.0,4025.0
4630,skin,SUBANON SIOCON,panit,p a n i t,1 7 4 7 1,AXBYN,PANIT,134.0,134.P.C 134.A.V 134.N.C 134.I.V 134.T.c,2.0 1.5 1.75 1.3 0.8,panit,0.0,3897.0
4670,skin,SUBANUN SINDANGAN,panit,p a n i t,1 7 4 7 1,AXBYN,PANIT,135.0,135.P.C 135.A.V 135.N.C 135.I.V 135.T.c,2.0 1.5 1.75 1.3 0.8,panit,0.0,3897.0
4710,skin,SURIGAONON,panit,p a n i t,1 7 4 7 1,AXBYN,PANIT,136.0,136.P.C 136.A.V 136.N.C 136.I.V 136.T.c,2.0 1.5 1.75 1.3 0.8,panit,0.0,3897.0
4790,skin,TAGABILI,kulit,k u l i t,1 7 5 7 1,AXBYN,KYLIT,138.0,138.K.C 138.Y.V 138.L.C 138.I.V 138.T.c,2.0 1.5 1.75 1.3 0.8,kulit,0.0,3905.0
4830,skin,TAGALOG,balat,b a l a t,1 7 5 7 1,AXBYN,PALAT,139.0,139.P.C 139.A.V 139.L.C 139.A.V 139.T.c,2.0 1.5 1.75 1.3 0.8,balat,0.0,3992.0
4910,skin,TAGBANWA ABORLAN,lamilamit,l a m i l a m i t,5 7 4 7 5 7 4 7 1,AXBYBYBYN,LAMILAMIT,141.0,141.L.C 141.A.V 141.M.C 141.I.V 141.L.C 141.A.V 141.M.C 141.I.V 141.T.c,2.0 1.5 1.75 1.3 1.75 1.3 1.75 1.3 0.8,lamilamit,0.0,4031.0
4950,skin,TAGBANWA KALAMIAN,ulit,u l i t,7 5 7 1,XBYN,YLIT,142.0,142.Y.V 142.L.C 142.I.V 142.T.c,1.5 1.75 1.3 0.8,ulit,0.0,3904.0
4990,skin,TALAANDIG BINUKID,laŋgit,l a ŋ g i t,5 7 4 1 7 1,AXMBYN,LANKIT,143.0,143.L.C 143.A.V 143.N.c 143.K.C 143.I.V 143.T.c,2.0 1.5 1.1 1.75 1.3 0.8,laŋgit,0.0,3907.0
5030,skin,TAMBUNAN DUSUN,kulit,k u l i t,1 7 5 7 1,AXBYN,KYLIT,144.0,144.K.C 144.Y.V 144.L.C 144.I.V 144.T.c,2.0 1.5 1.75 1.3 0.8,kulit,0.0,3904.0
5070,skin,TAUSUG,paʔis,p a ʔ i s,1 7 1 7 3,AXBYN,PAHIS,145.0,145.P.C 145.A.V 145.H.C 145.I.V 145.S.c,2.0 1.5 1.75 1.3 0.8,paʔis,0.0,4035.0
5150,skin,TBOLI TAGABILI,kulit,k u l i t,1 7 5 7 1,AXBYN,KYLIT,147.0,147.K.C 147.Y.V 147.L.C 147.I.V 147.T.c,2.0 1.5 1.75 1.3 0.8,kulit,0.0,3905.0
5190,skin,TIMUGON MURUT,kuŋkuŋ,k u ŋ k u ŋ,1 7 4 1 7 4,AXMBYN,KYNKYN,148.0,148.K.C 148.Y.V 148.N.c 148.K.C 148.Y.V 148.N.c,2.0 1.5 1.1 1.75 1.3 0.8,kuŋkuŋ,0.0,4037.0
5230,skin,TIRURAY,kulit,k u l i t,1 7 5 7 1,AXBYN,KYLIT,149.0,149.K.C 149.Y.V 149.L.C 149.I.V 149.T.c,2.0 1.5 1.75 1.3 0.8,kulit,0.0,3905.0
5270,skin,TURKISH,deri,d e r i,1 7 5 7,AXBZ,TERI,150.0,150.T.C 150.E.V 150.R.C 150.I.V,2.0 1.5 1.75 0.8,deri,0.0,3933.0
5310,skin,UGARITIC,Xoru,x o r u,3 7 5 7,AXBZ,GURY,151.0,151.G.C 151.U.V 151.R.C 151.Y.V,2.0 1.5 1.75 0.8,xoru,0.0,4040.0
5350,skin,WARAY WARAY,panit,p a n i t,1 7 4 7 1,AXBYN,PANIT,152.0,152.P.C 152.A.V 152.N.C 152.I.V 152.T.c,2.0 1.5 1.75 1.3 0.8,panit,0.0,3897.0
5390,skin,YAKAN,kuit,k u i t,1 7 7 1,AXYN,KYIT,153.0,153.K.C 153.Y.V 153.I.V 153.T.c,2.0 1.5 1.3 0.8,kuit,0.0,4042.0
5430,skin,YOGAD,gaddaŋ,g a dd a ŋ,1 7 1 7 4,AXBYN,KATAN,154.0,154.K.C 154.A.V 154.T.C 154.A.V 154.N.c,2.0 1.5 1.75 1.3 0.8,gaddaŋ,0.0,3925.0
5510,skin,IMOROD,kolit,k o l i t,1 7 5 7 1,AXBYN,KULIT,52.0,52.K.C 52.U.V 52.L.C 52.I.V 52.T.c,2.0 1.5 1.75 1.3 0.8,kolit,0.0,3945.0
5550,skin,BABUYAN,kodit,k o d i t,1 7 1 7 1,AXBYN,KUTIT,4.0,4.K.C 4.U.V 4.T.C 4.I.V 4.T.c,2.0 1.5 1.75 1.3 0.8,kodit,0.0,3899.0
5590,skin,BISAYA SABAH,kulit,k u l i t,1 7 5 7 1,AXBYN,KYLIT,13.0,13.K.C 13.Y.V 13.L.C 13.I.V 13.T.c,2.0 1.5 1.75 1.3 0.8,kulit,0.0,3904.0
5630,skin,FINALLIG,koblet,k o b l e t,1 7 1 5 7 1,AXBCYN,KUPLET,36.0,36.K.C 36.U.V 36.P.C 36.L.C 36.E.V 36.T.c,2.0 1.5 1.75 1.5 1.3 0.8,koblet,0.0,3929.0
5670,skin,HILIGAYNON,panit,p a n i t,1 7 4 7 1,AXBYN,PANIT,42.0,42.P.C 42.A.V 42.N.C 42.I.V 42.T.c,2.0 1.5 1.75 1.3 0.8,panit,0.0,3897.0
5710,skin,INABAKNON,anit,a n i t,7 4 7 1,XBYN,ANIT,53.0,53.A.V 53.N.C 53.I.V 53.T.c,1.5 1.75 1.3 0.8,anit,0.0,3915.0
5750,skin,IRARALAY IVATAN,kolit,k o l i t,1 7 5 7 1,AXBYN,KULIT,56.0,56.K.C 56.U.V 56.L.C 56.I.V 56.T.c,2.0 1.5 1.75 1.3 0.8,kolit,0.0,3945.0
5790,skin,ISAMORONG IVATAN,kodit,k o d i t,1 7 1 7 1,AXBYN,KUTIT,58.0,58.K.C 58.U.V 58.T.C 58.I.V 58.T.c,2.0 1.5 1.75 1.3 0.8,kodit,0.0,3899.0
5830,skin,IVASAY IVATAN,kodit,k o d i t,1 7 1 7 1,AXBYN,KUTIT,64.0,64.K.C 64.U.V 64.T.C 64.I.V 64.T.c,2.0 1.5 1.75 1.3 0.8,kodit,0.0,3957.0
5870,skin,KANKANAEY,kopkop,k o p k o p,1 7 1 1 7 1,AXMBYN,KUPKUP,74.0,74.K.C 74.U.V 74.P.c 74.K.C 74.U.V 74.P.c,2.0 1.5 1.1 1.75 1.3 0.8,kopkop,0.0,3910.0
5910,skin,LIMOS KALINGA,kupsit,k u ps i t,1 7 1 7 1,AXBYN,KYPIT,81.0,81.K.C 81.Y.V 81.P.C 81.I.V 81.T.c,2.0 1.5 1.75 1.3 0.8,kupsit,0.0,3956.0
5950,skin,MANDAYAN BOSO,palis,p a l i s,1 7 5 7 3,AXBYN,PALIS,85.0,85.P.C 85.A.V 85.L.C 85.I.V 85.S.c,2.0 1.5 1.75 1.3 0.8,palis,0.0,3978.0
5990,skin,MANDAYAN CARAGA,palis,p a l i s,1 7 5 7 3,AXBYN,PALIS,86.0,86.P.C 86.A.V 86.L.C 86.I.V 86.S.c,2.0 1.5 1.75 1.3 0.8,palis,0.0,3978.0
6030,skin,MANDAYAN ISLAM PISO,palis,p a l i s,1 7 5 7 3,AXBYN,PALIS,87.0,87.P.C 87.A.V 87.L.C 87.I.V 87.S.c,2.0 1.5 1.75 1.3 0.8,palis,0.0,3978.0
6070,skin,MANSAKA 2,palis,p a l i s,1 7 5 7 3,AXBYN,PALIS,96.0,96.P.C 96.A.V 96.L.C 96.I.V 96.S.c,2.0 1.5 1.75 1.3 0.8,palis,0.0,3978.0
6110,skin,PROTO SOUTHERN MINDANAO,kulit,k u l i t,1 7 5 7 1,AXBYN,KYLIT,116.0,116.K.C 116.Y.V 116.L.C 116.I.V 116.T.c,2.0 1.5 1.75 1.3 0.8,kulit,0.0,3905.0
6150,skin,SINAUNA,balat,b a l a t,1 7 5 7 1,AXBYN,PALAT,126.0,126.P.C 126.A.V 126.L.C 126.A.V 126.T.c,2.0 1.5 1.75 1.3 0.8,balat,0.0,3992.0
6190,skin,SOUTHERN KALINGA,uglit,u g l i t,7 1 5 7 1,XBCYN,YKLIT,130.0,130.Y.V 130.K.C 130.L.C 130.I.V 130.T.c,1.5 1.75 1.5 1.3 0.8,uglit,0.0,4022.0
31,star,AGTA,bitwon,b i tw o n,1 7 1 7 4,AXBYN,PITUN,1.0,1.P.C 1.I.V 1.T.C 1.U.V 1.N.c,2.0 1.5 1.75 1.3 0.8,bitwon,0.0,4088.0
71,star,AKLANON,bituʔun,b i t u ʔ u n,1 7 1 7 1 7 4,AXBYBYN,PITYHYN,2.0,2.P.C 2.I.V 2.T.C 2.Y.V 2.H.C 2.Y.V 2.N.c,2.0 1.5 1.75 1.3 1.75 1.3 0.8,bituʔun,0.0,4088.0
111,star,ATTA PAMPLONA,bituan,b i t u a n,1 7 1 7 7 4,AXBYYN,PITYAN,3.0,3.P.C 3.I.V 3.T.C 3.Y.V 3.A.V 3.N.c,2.0 1.5 1.75 1.3 1.3 0.8,bituan,0.0,4088.0
151,star,BALANGAW,talaw,t a l a w,1 7 5 7 6,AXBYN,TALAW,5.0,5.T.C 5.A.V 5.L.C 5.A.V 5.W.c,2.0 1.5 1.75 1.3 0.8,talaw,0.0,4047.0
191,star,BALANGINGI SAMA,bituʔun,b i t u ʔ u n,1 7 1 7 1 7 4,AXBYBYN,PITYHYN,6.0,6.P.C 6.I.V 6.T.C 6.Y.V 6.H.C 6.Y.V 6.N.c,2.0 1.5 1.75 1.3 1.75 1.3 0.8,bituʔun,0.0,4088.0
231,star,BALANGINGI SAMA (1),bituʔun,b i t u ʔ u n,1 7 1 7 1 7 4,AXBYBYN,PITYHYN,7.0,7.P.C 7.I.V 7.T.C 7.Y.V 7.H.C 7.Y.V 7.N.c,2.0 1.5 1.75 1.3 1.75 1.3 0.8,bituʔun,0.0,4088.0
271,star,BASQUE,izar,i z a r,7 3 7 5,XBYN,ISAR,8.0,8.I.V 8.S.C 8.A.V 8.R.c,1.5 1.75 1.3 0.8,izar,0.0,4050.0
311,star,BATAK PALAWAN,panakunun,p a n a k u n u n,1 7 4 7 1 7 4 7 4,AXBYBYBYN,PANAKYNYN,9.0,9.P.C 9.A.V 9.N.C 9.A.V 9.K.C 9.Y.V 9.N.C 9.Y.V 9.N.c,2.0 1.5 1.75 1.3 1.75 1.3 1.75 1.3 0.8,panakunun,0.0,4051.0
351,star,BILAAN KORONADAL,blotik,b l o t i k,1 5 7 1 7 1,ACXBYN,PLUTIK,10.0,10.P.C 10.L.C 10.U.V 10.T.C 10.I.V 10.K.c,2.0 1.5 1.5 1.75 1.3 0.8,blotik,0.0,4052.0
391,star,BILAAN SARANGANI,blatik,b l a t i k,1 5 7 1 7 1,ACXBYN,PLATIK,11.0,11.P.C 11.L.C 11.A.V 11.T.C 11.I.V 11.K.c,2.0 1.5 1.5 1.75 1.3 0.8,blatik,0.0,4052.0
431,star,BINUKID,bituʔən,b i t u ʔ ə n,1 7 1 7 1 7 4,AXBYBYN,PITYHEN,12.0,12.P.C 12.I.V 12.T.C 12.Y.V 12.H.C 12.E.V 12.N.c,2.0 1.5 1.75 1.3 1.75 1.3 0.8,bituʔən,0.0,4088.0
471,star,BONGGI,bitudn,b i t u d n,1 7 1 7 1 4,AXBYBC,PITYTN,14.0,14.P.C 14.I.V 14.T.C 14.Y.V 14.T.C 14.N.C,2.0 1.5 1.75 1.3 1.75 1.5,bitudn,0.0,4088.0
511,star,BONTOC GUINAANG,talaw,t a l a w,1 7 5 7 6,AXBYN,TALAW,15.0,15.T.C 15.A.V 15.L.C 15.A.V 15.W.c,2.0 1.5 1.75 1.3 0.8,talaw,0.0,4047.0
551,star,BROOKES POINT PALAWAN,bituən,b i t u ə n,1 7 1 7 7 4,AXBYYN,PITYEN,16.0,16.P.C 16.I.V 16.T.C 16.Y.V 16.E.V 16.N.c,2.0 1.5 1.75 1.3 1.3 0.8,bituən,0.0,4088.0
591,star,BUHI,bitiʔwin,b i t i ʔw i n,1 7 1 7 1 7 4,AXBYBYN,PITIHIN,17.0,17.P.C 17.I.V 17.T.C 17.I.V 17.H.C 17.I.V 17.N.c,2.0 1.5 1.75 1.3 1.75 1.3 0.8,bitiʔwin,0.0,4088.0
631,star,BUHINON ALBAY BICOLANO,bitoʔon,b i t o ʔ o n,1 7 1 7 1 7 4,AXBYBYN,PITUHUN,18.0,18.P.C 18.I.V 18.T.C 18.U.V 18.H.C 18.U.V 18.N.c,2.0 1.5 1.75 1.3 1.75 1.3 0.8,bitoʔon,0.0,4088.0
671,star,BUKIDNON BINUKID,bituon,b i t u o n,1 7 1 7 7 4,AXBYYN,PITYUN,19.0,19.P.C 19.I.V 19.T.C 19.Y.V 19.U.V 19.N.c,2.0 1.5 1.75 1.3 1.3 0.8,bituon,0.0,4088.0
711,star,BUTUANON,bituon,b i t u o n,1 7 1 7 7 4,AXBYYN,PITYUN,20.0,20.P.C 20.I.V 20.T.C 20.Y.V 20.U.V 20.N.c,2.0 1.5 1.75 1.3 1.3 0.8,bituon,0.0,4088.0
751,star,CAIJIA,Sisu,s i s u,3 7 3 7,AXBZ,SISY,21.0,21.S.C 21.I.V 21.S.C 21.Y.V,2.0 1.5 1.75 0.8,sisu,0.0,4063.0
791,star,CANIPAAN PALAWAN,bituən,b i t u ə n,1 7 1 7 7 4,AXBYYN,PITYEN,22.0,22.P.C 22.I.V 22.T.C 22.Y.V 22.E.V 22.N.c,2.0 1.5 1.75 1.3 1.3 0.8,bituən,0.0,4088.0
831,star,CASIGURAN NEGRITO,bitun,b i t u n,1 7 1 7 4,AXBYN,PITYN,23.0,23.P.C 23.I.V 23.T.C 23.Y.V 23.N.c,2.0 1.5 1.75 1.3 0.8,bitun,0.0,4088.0
871,star,CEBUANO,bitun,b i t u n,1 7 1 7 4,AXBYN,PITYN,24.0,24.P.C 24.I.V 24.T.C 24.Y.V 24.N.c,2.0 1.5 1.75 1.3 0.8,bitun,0.0,4088.0
911,star,CENTRAL BICOLANO,bitun,b i t u n,1 7 1 7 4,AXBYN,PITYN,25.0,25.P.C 25.I.V 25.T.C 25.Y.V 25.N.c,2.0 1.5 1.75 1.3 0.8,bitun,0.0,4088.0
951,star,CENTRAL BONTOC,talaw,t a l a w,1 7 5 7 6,AXBYN,TALAW,26.0,26.T.C 26.A.V 26.L.C 26.A.V 26.W.c,2.0 1.5 1.75 1.3 0.8,talaw,0.0,4047.0
991,star,CENTRAL DUSUN,rombituon,r o m b i t u o n,5 7 4 1 7 1 7 7 4,AXMBYBYYN,RUMPITYUN,27.0,27.R.C 27.U.V 27.M.c 27.P.C 27.I.V 27.T.C 27.Y.V 27.U.V 27.N.c,2.0 1.5 1.1 1.75 1.3 1.75 1.3 1.3 0.8,rombituon,0.0,4069.0
1031,star,CENTRAL TAGBANWA,bitukon,b i t u k o n,1 7 1 7 1 7 4,AXBYBYN,PITYKUN,28.0,28.P.C 28.I.V 28.T.C 28.Y.V 28.K.C 28.U.V 28.N.c,2.0 1.5 1.75 1.3 1.75 1.3 0.8,bitukon,0.0,4088.0
1071,star,CUYONON,biton,b i t o n,1 7 1 7 4,AXBYN,PITUN,29.0,29.P.C 29.I.V 29.T.C 29.U.V 29.N.c,2.0 1.5 1.75 1.3 0.8,biton,0.0,4088.0
1111,star,DARAGA,bituʔun,b i t u ʔ u n,1 7 1 7 1 7 4,AXBYBYN,PITYHYN,30.0,30.P.C 30.I.V 30.T.C 30.Y.V 30.H.C 30.Y.V 30.N.c,2.0 1.5 1.75 1.3 1.75 1.3 0.8,bituʔun,0.0,4088.0
1151,star,DUMAGAT CASIGURAN,biton,b i t o n,1 7 1 7 4,AXBYN,PITUN,31.0,31.P.C 31.I.V 31.T.C 31.U.V 31.N.c,2.0 1.5 1.75 1.3 0.8,biton,0.0,4088.0
1191,star,DUPANINGAN AGTA,pusijan,p u s i j a n,1 7 3 7 6 7 4,AXBYBYN,PYSIJAN,32.0,32.P.C 32.Y.V 32.S.C 32.I.V 32.J.C 32.A.V 32.N.c,2.0 1.5 1.75 1.3 1.75 1.3 0.8,pusijan,0.0,4074.0
1231,star,ENGLISH,star,s t a r,3 1 7 5,ACYN,STAR,33.0,33.S.C 33.T.C 33.A.V 33.R.c,2.0 1.5 1.3 0.8,star,0.0,4050.0
1271,star,ESKAYAN,pisakol,p i s a k o l,1 7 3 7 1 7 5,AXBYBYN,PISAKUL,34.0,34.P.C 34.I.V 34.S.C 34.A.V 34.K.C 34.U.V 34.L.c,2.0 1.5 1.75 1.3 1.75 1.3 0.8,pisakol,0.0,4076.0
1311,star,ESTONIAN,tat,t a t,1 7 1,AXN,TAT,35.0,35.T.C 35.A.V 35.T.c,2.0 1.5 0.8,tat,0.0,4077.0
1351,star,FINNISH,tEhti,t <?> t i,1 0 1 7,ACCZ,T0TI,37.0,37.T.C 37.0.C 37.T.C 37.I.V,2.0 1.5 1.5 0.8,t<?>ti,0.0,4079.0
1391,star,FUZHOU CHINESE,8iŋ,i ŋ,7 4,XN,IN,38.0,38.I.V 38.N.c,1.5 0.8,iŋ,1.0,4080.0
1431,star,GADDANG,bitun,b i t u n,1 7 1 7 4,AXBYN,PITYN,39.0,39.P.C 39.I.V 39.T.C 39.Y.V 39.N.c,2.0 1.5 1.75 1.3 0.8,bitun,0.0,4088.0
1471,star,HANUNOO,pamgasan,p a m g a s a n,1 7 4 1 7 3 7 4,AXMBYBYN,PAMKASAN,40.0,40.P.C 40.A.V 40.M.c 40.K.C 40.A.V 40.S.C 40.A.V 40.N.c,2.0 1.5 1.1 1.75 1.3 1.75 1.3 0.8,pamgasan,0.0,4082.0
1511,star,HIGAONON BINUKID,bituon,b i t u o n,1 7 1 7 7 4,AXBYYN,PITYUN,41.0,41.P.C 41.I.V 41.T.C 41.Y.V 41.U.V 41.N.c,2.0 1.5 1.75 1.3 1.3 0.8,bituon,0.0,4088.0
1551,star,HUNGARIAN,Cillag,c i ll a g,1 7 5 7 1,AXBYN,CILAK,43.0,43.C.C 43.I.V 43.L.C 43.A.V 43.K.c,2.0 1.5 1.75 1.3 0.8,cillag,0.0,4085.0
1591,star,IBALOI,talao,t a l a o,1 7 5 7 7,AXBYZ,TALAU,44.0,44.T.C 44.A.V 44.L.C 44.A.V 44.U.V,2.0 1.5 1.75 1.3 0.8,talao,0.0,4086.0
1631,star,IBANAG,bitun,b i t u n,1 7 1 7 4,AXBYN,PITYN,45.0,45.P.C 45.I.V 45.T.C 45.Y.V 45.N.c,2.0 1.5 1.75 1.3 0.8,bitun,0.0,4088.0
1671,star,IDAAN,botun,b o t u n,1 7 1 7 4,AXBYN,PUTYN,46.0,46.P.C 46.U.V 46.T.C 46.Y.V 46.N.c,2.0 1.5 1.75 1.3 0.8,botun,0.0,4088.0
1711,star,IFUGAO AMGANAD,bittuwon,b i tt u w o n,1 7 1 7 6 7 4,AXBYBYN,PITYWUN,47.0,47.P.C 47.I.V 47.T.C 47.Y.V 47.W.C 47.U.V 47.N.c,2.0 1.5 1.75 1.3 1.75 1.3 0.8,bittuwon,0.0,4088.0
1751,star,IFUGAO BATAD,bittuan,b i tt u a n,1 7 1 7 7 4,AXBYYN,PITYAN,48.0,48.P.C 48.I.V 48.T.C 48.Y.V 48.A.V 48.N.c,2.0 1.5 1.75 1.3 1.3 0.8,bittuan,0.0,4088.0
1791,star,IFUGAO BAYNINAN,bittuwon,b i tt u w o n,1 7 1 7 6 7 4,AXBYBYN,PITYWUN,49.0,49.P.C 49.I.V 49.T.C 49.Y.V 49.W.C 49.U.V 49.N.c,2.0 1.5 1.75 1.3 1.75 1.3 0.8,bittuwon,0.0,4088.0
1831,star,ILOKANO,bituen,b i t u e n,1 7 1 7 7 4,AXBYYN,PITYEN,50.0,50.P.C 50.I.V 50.T.C 50.Y.V 50.E.V 50.N.c,2.0 1.5 1.75 1.3 1.3 0.8,bituen,0.0,4088.0
1871,star,ILONGOT KAKIDUGEN,pandək,p a n d ə k,1 7 4 1 7 1,AXMBYN,PANTEK,51.0,51.P.C 51.A.V 51.N.c 51.T.C 51.E.V 51.K.c,2.0 1.5 1.1 1.75 1.3 0.8,pandək,0.0,4093.0
1911,star,INIBALOI,talaw,t a l a w,1 7 5 7 6,AXBYN,TALAW,54.0,54.T.C 54.A.V 54.L.C 54.A.V 54.W.c,2.0 1.5 1.75 1.3 0.8,talaw,0.0,4047.0
1951,star,IRANUN,bituʔun,b i t u ʔ u n,1 7 1 7 1 7 4,AXBYBYN,PITYHYN,55.0,55.P.C 55.I.V 55.T.C 55.Y.V 55.H.C 55.Y.V 55.N.c,2.0 1.5 1.75 1.3 1.75 1.3 0.8,bituʔun,0.0,4088.0
1991,star,IRIGA,bituʔun,b i t u ʔ u n,1 7 1 7 1 7 4,AXBYBYN,PITYHYN,57.0,57.P.C 57.I.V 57.T.C 57.Y.V 57.H.C 57.Y.V 57.N.c,2.0 1.5 1.75 1.3 1.75 1.3 0.8,bituʔun,0.0,4088.0
2031,star,ISNAG,bituwan,b i t u w a n,1 7 1 7 6 7 4,AXBYBYN,PITYWAN,59.0,59.P.C 59.I.V 59.T.C 59.Y.V 59.W.C 59.A.V 59.N.c,2.0 1.5 1.75 1.3 1.75 1.3 0.8,bituwan,0.0,4088.0
2071,star,ISNEG,bittuwan,b i tt u w a n,1 7 1 7 6 7 4,AXBYBYN,PITYWAN,60.0,60.P.C 60.I.V 60.T.C 60.Y.V 60.W.C 60.A.V 60.N.c,2.0 1.5 1.75 1.3 1.75 1.3 0.8,bittuwan,0.0,4088.0
2111,star,ITAWIT,bitwEn,b i tw æ n,1 7 1 7 4,AXBYN,PITEN,61.0,61.P.C 61.I.V 61.T.C 61.E.V 61.N.c,2.0 1.5 1.75 1.3 0.8,bitwæn,0.0,4088.0
2151,star,ITBAYATEN BATANES ISLANDS,vituən,v i t u ə n,3 7 1 7 7 4,AXBYYN,BITYEN,62.0,62.B.C 62.I.V 62.T.C 62.Y.V 62.E.V 62.N.c,2.0 1.5 1.75 1.3 1.3 0.8,vituən,0.0,4088.0
2191,star,ITNEG BINONGAN,bitowən,b i t o w ə n,1 7 1 7 6 7 4,AXBYBYN,PITUWEN,63.0,63.P.C 63.I.V 63.T.C 63.U.V 63.W.C 63.E.V 63.N.c,2.0 1.5 1.75 1.3 1.75 1.3 0.8,bitowən,0.0,4088.0
2231,star,IVATAN BATANES ISLANDS,vitohən,v i t o h ə n,3 7 1 7 3 7 4,AXBYBYN,BITUHEN,65.0,65.B.C 65.I.V 65.T.C 65.U.V 65.H.C 65.E.V 65.N.c,2.0 1.5 1.75 1.3 1.75 1.3 0.8,vitohən,0.0,4088.0
2271,star,JAPANESE,hoSi,h o s i,3 7 3 7,AXBZ,HUSI,66.0,66.H.C 66.U.V 66.S.C 66.I.V,2.0 1.5 1.75 0.8,hosi,0.0,4108.0
2311,star,KADAZAN,tombituon,t o m b i t u o n,1 7 4 1 7 1 7 7 4,AXMBYBYYN,TUMPITYUN,67.0,67.T.C 67.U.V 67.M.c 67.P.C 67.I.V 67.T.C 67.Y.V 67.U.V 67.N.c,2.0 1.5 1.1 1.75 1.3 1.75 1.3 1.3 0.8,tombituon,0.0,4069.0
2351,star,KAGAYANEN,bituʔun,b i t u ʔ u n,1 7 1 7 1 7 4,AXBYBYN,PITYHYN,68.0,68.P.C 68.I.V 68.T.C 68.Y.V 68.H.C 68.Y.V 68.N.c,2.0 1.5 1.75 1.3 1.75 1.3 0.8,bituʔun,0.0,4088.0
2391,star,KALAGAN,bitun,b i t u n,1 7 1 7 4,AXBYN,PITYN,69.0,69.P.C 69.I.V 69.T.C 69.Y.V 69.N.c,2.0 1.5 1.75 1.3 0.8,bitun,0.0,4088.0
2431,star,KALINGA GUINAANG,bituwon,b i t u w o n,1 7 1 7 6 7 4,AXBYBYN,PITYWUN,70.0,70.P.C 70.I.V 70.T.C 70.Y.V 70.W.C 70.U.V 70.N.c,2.0 1.5 1.75 1.3 1.75 1.3 0.8,bituwon,0.0,4088.0
2471,star,KALINGA LIMOS,bituwon,b i t u w o n,1 7 1 7 6 7 4,AXBYBYN,PITYWUN,71.0,71.P.C 71.I.V 71.T.C 71.Y.V 71.W.C 71.U.V 71.N.c,2.0 1.5 1.75 1.3 1.75 1.3 0.8,bituwon,0.0,4088.0
2511,star,KALLAHAN KAYAPA PROPER,talaw,t a l a w,1 7 5 7 6,AXBYN,TALAW,72.0,72.T.C 72.A.V 72.L.C 72.A.V 72.W.c,2.0 1.5 1.75 1.3 0.8,talaw,0.0,4114.0
2551,star,KALLAHAN KELEYQIQ IFUGAO,bittuwen,b i tt u w e n,1 7 1 7 6 7 4,AXBYBYN,PITYWEN,73.0,73.P.C 73.I.V 73.T.C 73.Y.V 73.W.C 73.E.V 73.N.c,2.0 1.5 1.75 1.3 1.75 1.3 0.8,bittuwen,0.0,4088.0
2591,star,KANKANAY NORTHERN,talaw,t a l a w,1 7 5 7 6,AXBYN,TALAW,75.0,75.T.C 75.A.V 75.L.C 75.A.V 75.W.c,2.0 1.5 1.75 1.3 0.8,talaw,0.0,4047.0
2631,star,KAPAMPANGAN,batwin,b a tw i n,1 7 1 7 4,AXBYN,PATIN,76.0,76.P.C 76.A.V 76.T.C 76.I.V 76.N.c,2.0 1.5 1.75 1.3 0.8,batwin,0.0,4088.0
2671,star,KINARAY A,biton,b i t o n,1 7 1 7 4,AXBYN,PITUN,77.0,77.P.C 77.I.V 77.T.C 77.U.V 77.N.c,2.0 1.5 1.75 1.3 0.8,biton,0.0,4088.0
2711,star,KOREAN,pjol,p j o l,1 6 7 5,ACXN,PJUL,78.0,78.P.C 78.J.C 78.U.V 78.L.c,2.0 1.5 1.5 0.8,pjol,0.0,4120.0
2751,star,LEGAZPI,bituʔun,b i t u ʔ u n,1 7 1 7 1 7 4,AXBYBYN,PITYHYN,79.0,79.P.C 79.I.V 79.T.C 79.Y.V 79.H.C 79.Y.V 79.N.c,2.0 1.5 1.75 1.3 1.75 1.3 0.8,bituʔun,0.0,4088.0
2791,star,LIBON,bituʔun,b i t u ʔ u n,1 7 1 7 1 7 4,AXBYBYN,PITYHYN,80.0,80.P.C 80.I.V 80.T.C 80.Y.V 80.H.C 80.Y.V 80.N.c,2.0 1.5 1.75 1.3 1.75 1.3 0.8,bituʔun,0.0,4088.0
2871,star,MAGUINDANAO,bitun,b i t u n,1 7 1 7 4,AXBYN,PITYN,83.0,83.P.C 83.I.V 83.T.C 83.Y.V 83.N.c,2.0 1.5 1.75 1.3 0.8,bitun,0.0,4088.0
2911,star,MAMANWA,bitoʔon,b i t o ʔ o n,1 7 1 7 1 7 4,AXBYBYN,PITUHUN,84.0,84.P.C 84.I.V 84.T.C 84.U.V 84.H.C 84.U.V 84.N.c,2.0 1.5 1.75 1.3 1.75 1.3 0.8,bitoʔon,0.0,4088.0
2951,star,MANOBO ATA,bituʔon,b i t u ʔ o n,1 7 1 7 1 7 4,AXBYBYN,PITYHUN,88.0,88.P.C 88.I.V 88.T.C 88.Y.V 88.H.C 88.U.V 88.N.c,2.0 1.5 1.75 1.3 1.75 1.3 0.8,bituʔon,0.0,4088.0
2991,star,MANOBO DIBABAWON,bituʔən,b i t u ʔ ə n,1 7 1 7 1 7 4,AXBYBYN,PITYHEN,89.0,89.P.C 89.I.V 89.T.C 89.Y.V 89.H.C 89.E.V 89.N.c,2.0 1.5 1.75 1.3 1.75 1.3 0.8,bituʔən,0.0,4088.0
3031,star,MANOBO ILIANEN,bituʔən,b i t u ʔ ə n,1 7 1 7 1 7 4,AXBYBYN,PITYHEN,90.0,90.P.C 90.I.V 90.T.C 90.Y.V 90.H.C 90.E.V 90.N.c,2.0 1.5 1.75 1.3 1.75 1.3 0.8,bituʔən,0.0,4088.0
3071,star,MANOBO KALAMANSIG COTABATO,bituʔən,b i t u ʔ ə n,1 7 1 7 1 7 4,AXBYBYN,PITYHEN,91.0,91.P.C 91.I.V 91.T.C 91.Y.V 91.H.C 91.E.V 91.N.c,2.0 1.5 1.75 1.3 1.75 1.3 0.8,bituʔən,0.0,4088.0
3111,star,MANOBO SARANGANI,bitoʔon,b i t o ʔ o n,1 7 1 7 1 7 4,AXBYBYN,PITUHUN,92.0,92.P.C 92.I.V 92.T.C 92.U.V 92.H.C 92.U.V 92.N.c,2.0 1.5 1.75 1.3 1.75 1.3 0.8,bitoʔon,0.0,4088.0
3151,star,MANOBO TIGWA,bituʔən,b i t u ʔ ə n,1 7 1 7 1 7 4,AXBYBYN,PITYHEN,93.0,93.P.C 93.I.V 93.T.C 93.Y.V 93.H.C 93.E.V 93.N.c,2.0 1.5 1.75 1.3 1.75 1.3 0.8,bituʔən,0.0,4088.0
3191,star,MANOBO WESTERN BUKIDNON,bituʔən,b i t u ʔ ə n,1 7 1 7 1 7 4,AXBYBYN,PITYHEN,94.0,94.P.C 94.I.V 94.T.C 94.Y.V 94.H.C 94.E.V 94.N.c,2.0 1.5 1.75 1.3 1.75 1.3 0.8,bituʔən,0.0,4088.0
3231,star,MANSAKA,bituʔun,b i t u ʔ u n,1 7 1 7 1 7 4,AXBYBYN,PITYHYN,95.0,95.P.C 95.I.V 95.T.C 95.Y.V 95.H.C 95.Y.V 95.N.c,2.0 1.5 1.75 1.3 1.75 1.3 0.8,bituʔun,0.0,4088.0
3271,star,MAPUN,potean,p o t e a n,1 7 1 7 7 4,AXBYYN,PUTEAN,97.0,97.P.C 97.U.V 97.T.C 97.E.V 97.A.V 97.N.c,2.0 1.5 1.75 1.3 1.3 0.8,potean,0.0,4138.0
3311,star,MARANAO,bitoʔon,b i t o ʔ o n,1 7 1 7 1 7 4,AXBYBYN,PITUHUN,98.0,98.P.C 98.I.V 98.T.C 98.U.V 98.H.C 98.U.V 98.N.c,2.0 1.5 1.75 1.3 1.75 1.3 0.8,bitoʔon,0.0,4088.0
3351,star,MARINDUQUE TAGALOG,bituʔin,b i t u ʔ i n,1 7 1 7 1 7 4,AXBYBYN,PITYHIN,99.0,99.P.C 99.I.V 99.T.C 99.Y.V 99.H.C 99.I.V 99.N.c,2.0 1.5 1.75 1.3 1.75 1.3 0.8,bituʔin,0.0,4088.0
3391,star,MASBATENYO,bituon,b i t u o n,1 7 1 7 7 4,AXBYYN,PITYUN,100.0,100.P.C 100.I.V 100.T.C 100.Y.V 100.U.V 100.N.c,2.0 1.5 1.75 1.3 1.3 0.8,bituon,0.0,4088.0
3431,star,MINANGALI LOWER TANUDAN KALINGA,bituwon,b i t u w o n,1 7 1 7 6 7 4,AXBYBYN,PITYWUN,101.0,101.P.C 101.I.V 101.T.C 101.Y.V 101.W.C 101.U.V 101.N.c,2.0 1.5 1.75 1.3 1.75 1.3 0.8,bituwon,0.0,4088.0
3471,star,MOKSHA,tjaStje,t j a s t j e,1 6 7 3 1 6 7,ACXMBCZ,TJASTJE,102.0,102.T.C 102.J.C 102.A.V 102.S.c 102.T.C 102.J.C 102.E.V,2.0 1.5 1.5 1.1 1.75 1.5 0.8,tjastje,0.0,4143.0
3511,star,MOLBOG,bituʔon,b i t u ʔ o n,1 7 1 7 1 7 4,AXBYBYN,PITYHUN,103.0,103.P.C 103.I.V 103.T.C 103.Y.V 103.H.C 103.U.V 103.N.c,2.0 1.5 1.75 1.3 1.75 1.3 0.8,bituʔon,0.0,4088.0
3551,star,MOLBOG 2,bituən,b i t u ə n,1 7 1 7 7 4,AXBYYN,PITYEN,104.0,104.P.C 104.I.V 104.T.C 104.Y.V 104.E.V 104.N.c,2.0 1.5 1.75 1.3 1.3 0.8,bituən,0.0,4088.0
3591,star,MONGOLIAN,ot,o t,7 1,XN,UT,105.0,105.U.V 105.T.c,1.5 0.8,ot,0.0,4146.0
3631,star,MORO MAGINDANAU,bitu,b i t u,1 7 1 7,AXBZ,PITY,106.0,106.P.C 106.I.V 106.T.C 106.Y.V,2.0 1.5 1.75 0.8,bitu,0.0,4088.0
3671,star,NAGA,bituʔun,b i t u ʔ u n,1 7 1 7 1 7 4,AXBYBYN,PITYHYN,107.0,107.P.C 107.I.V 107.T.C 107.Y.V 107.H.C 107.Y.V 107.N.c,2.0 1.5 1.75 1.3 1.75 1.3 0.8,bituʔun,0.0,4088.0
3711,star,NORTHERN CATANDUANES,bituʔun,b i t u ʔ u n,1 7 1 7 1 7 4,AXBYBYN,PITYHYN,108.0,108.P.C 108.I.V 108.T.C 108.Y.V 108.H.C 108.Y.V 108.N.c,2.0 1.5 1.75 1.3 1.75 1.3 0.8,bituʔun,0.0,4088.0
3751,star,NORTHERN SORSOGON,bituʔun,b i t u ʔ u n,1 7 1 7 1 7 4,AXBYBYN,PITYHYN,109.0,109.P.C 109.I.V 109.T.C 109.Y.V 109.H.C 109.Y.V 109.N.c,2.0 1.5 1.75 1.3 1.75 1.3 0.8,bituʔun,0.0,4088.0
3791,star,OAS,bituʔun,b i t u ʔ u n,1 7 1 7 1 7 4,AXBYBYN,PITYHYN,110.0,110.P.C 110.I.V 110.T.C 110.Y.V 110.H.C 110.Y.V 110.N.c,2.0 1.5 1.75 1.3 1.75 1.3 0.8,bituʔun,0.0,4088.0
3831,star,PALAWANO BATAK,panakonun,p a n a k o n u n,1 7 4 7 1 7 4 7 4,AXBYBYBYN,PANAKUNYN,111.0,111.P.C 111.A.V 111.N.C 111.A.V 111.K.C 111.U.V 111.N.C 111.Y.V 111.N.c,2.0 1.5 1.75 1.3 1.75 1.3 1.75 1.3 0.8,panakonun,0.0,4051.0
3871,star,PANGASINAN,biteuen,b i t e u e n,1 7 1 7 7 7 4,AXBYYYN,PITEYEN,112.0,112.P.C 112.I.V 112.T.C 112.E.V 112.Y.V 112.E.V 112.N.c,2.0 1.5 1.75 1.3 1.3 1.3 0.8,biteuen,0.0,4088.0
3911,star,PANGUTARAN SAMA,bitun,b i t u n,1 7 1 7 4,AXBYN,PITYN,113.0,113.P.C 113.I.V 113.T.C 113.Y.V 113.N.c,2.0 1.5 1.75 1.3 0.8,bitun,0.0,4088.0
3951,star,PANGUTARAN SAMA (1),bitun,b i t u n,1 7 1 7 4,AXBYN,PITYN,114.0,114.P.C 114.I.V 114.T.C 114.Y.V 114.N.c,2.0 1.5 1.75 1.3 0.8,bitun,0.0,4088.0
3991,star,PROTO PALAWAN,bituʔən,b i t u ʔ ə n,1 7 1 7 1 7 4,AXBYBYN,PITYHEN,115.0,115.P.C 115.I.V 115.T.C 115.Y.V 115.H.C 115.E.V 115.N.c,2.0 1.5 1.75 1.3 1.75 1.3 0.8,bituʔən,0.0,4088.0
4031,star,QUEZON PALAWAN,bituʔən,b i t u ʔ ə n,1 7 1 7 1 7 4,AXBYBYN,PITYHEN,117.0,117.P.C 117.I.V 117.T.C 117.Y.V 117.H.C 117.E.V 117.N.c,2.0 1.5 1.75 1.3 1.75 1.3 0.8,bituʔən,0.0,4088.0
4071,star,ROMBLOMANON 1,bituʔon,b i t u ʔ o n,1 7 1 7 1 7 4,AXBYBYN,PITYHUN,118.0,118.P.C 118.I.V 118.T.C 118.Y.V 118.H.C 118.U.V 118.N.c,2.0 1.5 1.75 1.3 1.75 1.3 0.8,bituʔon,0.0,4088.0
4111,star,ROMBLOMANON 2,bituʔun,b i t u ʔ u n,1 7 1 7 1 7 4,AXBYBYN,PITYHYN,119.0,119.P.C 119.I.V 119.T.C 119.Y.V 119.H.C 119.Y.V 119.N.c,2.0 1.5 1.75 1.3 1.75 1.3 0.8,bituʔun,0.0,4088.0
4151,star,SAMAL,bituʔun,b i t u ʔ u n,1 7 1 7 1 7 4,AXBYBYN,PITYHYN,120.0,120.P.C 120.I.V 120.T.C 120.Y.V 120.H.C 120.Y.V 120.N.c,2.0 1.5 1.75 1.3 1.75 1.3 0.8,bituʔun,0.0,4088.0
4191,star,SAMBAL BOTOLAN,bitoʔən,b i t o ʔ ə n,1 7 1 7 1 7 4,AXBYBYN,PITUHEN,121.0,121.P.C 121.I.V 121.T.C 121.U.V 121.H.C 121.E.V 121.N.c,2.0 1.5 1.75 1.3 1.75 1.3 0.8,bitoʔən,0.0,4088.0
4271,star,SANGIL SARANGANI ISLANDS,bituiŋ,b i t u i ŋ,1 7 1 7 7 4,AXBYYN,PITYIN,123.0,123.P.C 123.I.V 123.T.C 123.Y.V 123.I.V 123.N.c,2.0 1.5 1.75 1.3 1.3 0.8,bituiŋ,0.0,4088.0
4311,star,SEDANG,holoŋ,h o l o ŋ,3 7 5 7 4,AXBYN,HULUN,124.0,124.H.C 124.U.V 124.L.C 124.U.V 124.N.c,2.0 1.5 1.75 1.3 0.8,holoŋ,0.0,4164.0
4351,star,SIBUTU SOUTHERN SAMA,mamahi,m a m a h i,4 7 4 7 3 7,AXBYBZ,MAMAHI,125.0,125.M.C 125.A.V 125.M.C 125.A.V 125.H.C 125.I.V,2.0 1.5 1.75 1.3 1.75 0.8,mamahi,0.0,4165.0
4391,star,SOGODNIN BORACAY,biton,b i t o n,1 7 1 7 4,AXBYN,PITUN,127.0,127.P.C 127.I.V 127.T.C 127.U.V 127.N.c,2.0 1.5 1.75 1.3 0.8,biton,0.0,4088.0
4431,star,SOUTH SAAMI,naestiə,n a e s t i ə,4 7 7 3 1 7 7,AXYMBYZ,NAESTIE,128.0,128.N.C 128.A.V 128.E.V 128.S.c 128.T.C 128.I.V 128.E.V,2.0 1.5 1.3 1.1 1.75 1.3 0.8,naestiə,0.0,4168.0
4471,star,SOUTHERN CATANDUANES,bituʔun,b i t u ʔ u n,1 7 1 7 1 7 4,AXBYBYN,PITYHYN,129.0,129.P.C 129.I.V 129.T.C 129.Y.V 129.H.C 129.Y.V 129.N.c,2.0 1.5 1.75 1.3 1.75 1.3 0.8,bituʔun,0.0,4088.0
4511,star,SOUTHERN SORSOGON,bituʔun,b i t u ʔ u n,1 7 1 7 1 7 4,AXBYBYN,PITYHYN,131.0,131.P.C 131.I.V 131.T.C 131.Y.V 131.H.C 131.Y.V 131.N.c,2.0 1.5 1.75 1.3 1.75 1.3 0.8,bituʔun,0.0,4088.0
4551,star,SOUTHWEST PALAWANO,bituen,b i t u e n,1 7 1 7 7 4,AXBYYN,PITYEN,132.0,132.P.C 132.I.V 132.T.C 132.Y.V 132.E.V 132.N.c,2.0 1.5 1.75 1.3 1.3 0.8,bituen,0.0,4088.0
4591,star,SPANISH,estreja,e s t r e j a,7 3 1 5 7 6 7,XMBCYBZ,ESTREJA,133.0,133.E.V 133.S.c 133.T.C 133.R.C 133.E.V 133.J.C 133.A.V,1.5 1.1 1.75 1.5 1.3 1.75 0.8,estreja,0.0,4173.0
4631,star,SUBANON SIOCON,bitun,b i t u n,1 7 1 7 4,AXBYN,PITYN,134.0,134.P.C 134.I.V 134.T.C 134.Y.V 134.N.c,2.0 1.5 1.75 1.3 0.8,bitun,0.0,4088.0
4671,star,SUBANUN SINDANGAN,bitun,b i t u n,1 7 1 7 4,AXBYN,PITYN,135.0,135.P.C 135.I.V 135.T.C 135.Y.V 135.N.c,2.0 1.5 1.75 1.3 0.8,bitun,0.0,4088.0
4711,star,SURIGAONON,biton,b i t o n,1 7 1 7 4,AXBYN,PITUN,136.0,136.P.C 136.I.V 136.T.C 136.U.V 136.N.c,2.0 1.5 1.75 1.3 0.8,biton,0.0,4088.0
4791,star,TAGABILI,blotik,b l o t i k,1 5 7 1 7 1,ACXBYN,PLUTIK,138.0,138.P.C 138.L.C 138.U.V 138.T.C 138.I.V 138.K.c,2.0 1.5 1.5 1.75 1.3 0.8,blotik,0.0,4052.0
4831,star,TAGALOG,bituin,b i t u i n,1 7 1 7 7 4,AXBYYN,PITYIN,139.0,139.P.C 139.I.V 139.T.C 139.Y.V 139.I.V 139.N.c,2.0 1.5 1.75 1.3 1.3 0.8,bituin,0.0,4088.0
4871,star,TAGBANUA ABORLAN,bituʔun,b i t u ʔ u n,1 7 1 7 1 7 4,AXBYBYN,PITYHYN,140.0,140.P.C 140.I.V 140.T.C 140.Y.V 140.H.C 140.Y.V 140.N.c,2.0 1.5 1.75 1.3 1.75 1.3 0.8,bituʔun,0.0,4088.0
4911,star,TAGBANWA ABORLAN,bituʔun,b i t u ʔ u n,1 7 1 7 1 7 4,AXBYBYN,PITYHYN,141.0,141.P.C 141.I.V 141.T.C 141.Y.V 141.H.C 141.Y.V 141.N.c,2.0 1.5 1.75 1.3 1.75 1.3 0.8,bituʔun,0.0,4088.0
4951,star,TAGBANWA KALAMIAN,bitukun,b i t u k u n,1 7 1 7 1 7 4,AXBYBYN,PITYKYN,142.0,142.P.C 142.I.V 142.T.C 142.Y.V 142.K.C 142.Y.V 142.N.c,2.0 1.5 1.75 1.3 1.75 1.3 0.8,bitukun,0.0,4088.0
4991,star,TALAANDIG BINUKID,bituon,b i t u o n,1 7 1 7 7 4,AXBYYN,PITYUN,143.0,143.P.C 143.I.V 143.T.C 143.Y.V 143.U.V 143.N.c,2.0 1.5 1.75 1.3 1.3 0.8,bituon,0.0,4088.0
5031,star,TAMBUNAN DUSUN,rombituon,r o m b i t u o n,5 7 4 1 7 1 7 7 4,AXMBYBYYN,RUMPITYUN,144.0,144.R.C 144.U.V 144.M.c 144.P.C 144.I.V 144.T.C 144.Y.V 144.U.V 144.N.c,2.0 1.5 1.1 1.75 1.3 1.75 1.3 1.3 0.8,rombituon,0.0,4069.0
5071,star,TAUSUG,bituʔun,b i t u ʔ u n,1 7 1 7 1 7 4,AXBYBYN,PITYHYN,145.0,145.P.C 145.I.V 145.T.C 145.Y.V 145.H.C 145.Y.V 145.N.c,2.0 1.5 1.75 1.3 1.75 1.3 0.8,bituʔun,0.0,4088.0
5111,star,TAUT BATU,bituʔən,b i t u ʔ ə n,1 7 1 7 1 7 4,AXBYBYN,PITYHEN,146.0,146.P.C 146.I.V 146.T.C 146.Y.V 146.H.C 146.E.V 146.N.c,2.0 1.5 1.75 1.3 1.75 1.3 0.8,bituʔən,0.0,4088.0
5151,star,TBOLI TAGABILI,blotik,b l o t i k,1 5 7 1 7 1,ACXBYN,PLUTIK,147.0,147.P.C 147.L.C 147.U.V 147.T.C 147.I.V 147.K.c,2.0 1.5 1.5 1.75 1.3 0.8,blotik,0.0,4052.0
5191,star,TIMUGON MURUT,butitin,b u t i t i n,1 7 1 7 1 7 4,AXBYBYN,PYTITIN,148.0,148.P.C 148.Y.V 148.T.C 148.I.V 148.T.C 148.I.V 148.N.c,2.0 1.5 1.75 1.3 1.75 1.3 0.8,butitin,0.0,4187.0
5231,star,TIRURAY,gitoʔon,g i t o ʔ o n,1 7 1 7 1 7 4,AXBYBYN,KITUHUN,149.0,149.K.C 149.I.V 149.T.C 149.U.V 149.H.C 149.U.V 149.N.c,2.0 1.5 1.75 1.3 1.75 1.3 0.8,gitoʔon,0.0,4188.0
5271,star,TURKISH,jəldəz,j ə l d ə z,6 7 5 1 7 3,AXMBYN,JELTES,150.0,150.J.C 150.E.V 150.L.c 150.T.C 150.E.V 150.S.c,2.0 1.5 1.1 1.75 1.3 0.8,jəldəz,0.0,4189.0
5311,star,UGARITIC,kbkb,k b k b,1 1 1 1,ALLN,KPKP,151.0,151.K.C 151.P.c 151.K.c 151.P.c,2.0 1.1 1.1 0.8,kbkb,0.0,4190.0
5351,star,WARAY WARAY,biton,b i t o n,1 7 1 7 4,AXBYN,PITUN,152.0,152.P.C 152.I.V 152.T.C 152.U.V 152.N.c,2.0 1.5 1.75 1.3 0.8,biton,0.0,4088.0
5391,star,YAKAN,bituʔun,b i t u ʔ u n,1 7 1 7 1 7 4,AXBYBYN,PITYHYN,153.0,153.P.C 153.I.V 153.T.C 153.Y.V 153.H.C 153.Y.V 153.N.c,2.0 1.5 1.75 1.3 1.75 1.3 0.8,bituʔun,0.0,4088.0
5431,star,YOGAD,bitun,b i t u n,1 7 1 7 4,AXBYN,PITYN,154.0,154.P.C 154.I.V 154.T.C 154.Y.V 154.N.c,2.0 1.5 1.75 1.3 0.8,bitun,0.0,4088.0
5511,star,IMOROD,mata no aŋit,m a t a # n o # a ŋ i t,4 7 1 7 9 4 7 9 7 4 7 1,AXBZ_AX_XBYN,MATA_NU_ANIT,52.0,52.M.C 52.A.V 52.T.C 52.A.V 52._._ 52.N.C 52.U.V 52._._ 52.A.V 52.N.C 52.I.V 52.T.c,2.0 1.5 1.75 0.8 0.0 2.0 1.5 0.0 1.5 1.75 1.3 0.8,mata#no#aŋit,0.0,4094.0
5551,star,BABUYAN,bitohen,b i t o h e n,1 7 1 7 3 7 4,AXBYBYN,PITUHEN,4.0,4.P.C 4.I.V 4.T.C 4.U.V 4.H.C 4.E.V 4.N.c,2.0 1.5 1.75 1.3 1.75 1.3 0.8,bitohen,0.0,4088.0
5591,star,BISAYA SABAH,paru,p a r u,1 7 5 7,AXBZ,PARY,13.0,13.P.C 13.A.V 13.R.C 13.Y.V,2.0 1.5 1.75 0.8,paru,0.0,4055.0
5631,star,FINALLIG,taraw,t a r a w,1 7 5 7 6,AXBYN,TARAW,36.0,36.T.C 36.A.V 36.R.C 36.A.V 36.W.c,2.0 1.5 1.75 1.3 0.8,taraw,0.0,4047.0
5671,star,HILIGAYNON,bituon,b i t u o n,1 7 1 7 7 4,AXBYYN,PITYUN,42.0,42.P.C 42.I.V 42.T.C 42.Y.V 42.U.V 42.N.c,2.0 1.5 1.75 1.3 1.3 0.8,bituon,0.0,4088.0
5711,star,INABAKNON,bituʔon,b i t u ʔ o n,1 7 1 7 1 7 4,AXBYBYN,PITYHUN,53.0,53.P.C 53.I.V 53.T.C 53.Y.V 53.H.C 53.U.V 53.N.c,2.0 1.5 1.75 1.3 1.75 1.3 0.8,bituʔon,0.0,4088.0
5751,star,IRARALAY IVATAN,mata no hanjit,m a t a # n o # h a n j i t,4 7 1 7 9 4 7 9 3 7 4 6 7 1,AXBZ_AX_AXBCYN,MATA_NU_HANJIT,56.0,56.M.C 56.A.V 56.T.C 56.A.V 56._._ 56.N.C 56.U.V 56._._ 56.H.C 56.A.V 56.N.C 56.J.C 56.I.V 56.T.c,2.0 1.5 1.75 0.8 0.0 2.0 1.5 0.0 2.0 1.5 1.75 1.5 1.3 0.8,mata#no#hanjit,0.0,4094.0
5791,star,ISAMORONG IVATAN,vitohen,v i t o h e n,3 7 1 7 3 7 4,AXBYBYN,BITUHEN,58.0,58.B.C 58.I.V 58.T.C 58.U.V 58.H.C 58.E.V 58.N.c,2.0 1.5 1.75 1.3 1.75 1.3 0.8,vitohen,0.0,4088.0
5831,star,IVASAY IVATAN,vitohen,v i t o h e n,3 7 1 7 3 7 4,AXBYBYN,BITUHEN,64.0,64.B.C 64.I.V 64.T.C 64.U.V 64.H.C 64.E.V 64.N.c,2.0 1.5 1.75 1.3 1.75 1.3 0.8,vitohen,0.0,4088.0
5871,star,KANKANAEY,talaw,t a l a w,1 7 5 7 6,AXBYN,TALAW,74.0,74.T.C 74.A.V 74.L.C 74.A.V 74.W.c,2.0 1.5 1.75 1.3 0.8,talaw,0.0,4047.0
5911,star,LIMOS KALINGA,bituwon,b i t u w o n,1 7 1 7 6 7 4,AXBYBYN,PITYWUN,81.0,81.P.C 81.I.V 81.T.C 81.Y.V 81.W.C 81.U.V 81.N.c,2.0 1.5 1.75 1.3 1.75 1.3 0.8,bituwon,0.0,4088.0
5951,star,MANDAYAN BOSO,bituʔun,b i t u ʔ u n,1 7 1 7 1 7 4,AXBYBYN,PITYHYN,85.0,85.P.C 85.I.V 85.T.C 85.Y.V 85.H.C 85.Y.V 85.N.c,2.0 1.5 1.75 1.3 1.75 1.3 0.8,bituʔun,0.0,4088.0
5991,star,MANDAYAN CARAGA,bituʔun,b i t u ʔ u n,1 7 1 7 1 7 4,AXBYBYN,PITYHYN,86.0,86.P.C 86.I.V 86.T.C 86.Y.V 86.H.C 86.Y.V 86.N.c,2.0 1.5 1.75 1.3 1.75 1.3 0.8,bituʔun,0.0,4088.0
6031,star,MANDAYAN ISLAM PISO,bituun,b i t uu n,1 7 1 7 4,AXBYN,PITYN,87.0,87.P.C 87.I.V 87.T.C 87.Y.V 87.N.c,2.0 1.5 1.75 1.3 0.8,bituun,0.0,4088.0
6071,star,MANSAKA 2,bituʔun,b i t u ʔ u n,1 7 1 7 1 7 4,AXBYBYN,PITYHYN,96.0,96.P.C 96.I.V 96.T.C 96.Y.V 96.H.C 96.Y.V 96.N.c,2.0 1.5 1.75 1.3 1.75 1.3 0.8,bituʔun,0.0,4088.0
6111,star,PROTO SOUTHERN MINDANAO,blatik,b l a t i k,1 5 7 1 7 1,ACXBYN,PLATIK,116.0,116.P.C 116.L.C 116.A.V 116.T.C 116.I.V 116.K.c,2.0 1.5 1.5 1.75 1.3 0.8,blatik,0.0,4052.0
6151,star,SINAUNA,bituʔin,b i t u ʔ i n,1 7 1 7 1 7 4,AXBYBYN,PITYHIN,126.0,126.P.C 126.I.V 126.T.C 126.Y.V 126.H.C 126.I.V 126.N.c,2.0 1.5 1.75 1.3 1.75 1.3 0.8,bituʔin,0.0,4088.0
6191,star,SOUTHERN KALINGA,fituwon,f i t u w o n,3 7 1 7 6 7 4,AXBYBYN,BITYWUN,130.0,130.B.C 130.I.V 130.T.C 130.Y.V 130.W.C 130.U.V 130.N.c,2.0 1.5 1.75 1.3 1.75 1.3 0.8,fituwon,0.0,4088.0
32,stone,AGTA,botu,b o t u,1 7 1 7,AXBZ,PUTY,1.0,1.P.C 1.U.V 1.T.C 1.Y.V,2.0 1.5 1.75 0.8,botu,0.0,4226.0
72,stone,AKLANON,batu,b a t u,1 7 1 7,AXBZ,PATY,2.0,2.P.C 2.A.V 2.T.C 2.Y.V,2.0 1.5 1.75 0.8,batu,0.0,4226.0
112,stone,ATTA PAMPLONA,batu,b a t u,1 7 1 7,AXBZ,PATY,3.0,3.P.C 3.A.V 3.T.C 3.Y.V,2.0 1.5 1.75 0.8,batu,0.0,4226.0
152,stone,BALANGAW,boto,b o t o,1 7 1 7,AXBZ,PUTU,5.0,5.P.C 5.U.V 5.T.C 5.U.V,2.0 1.5 1.75 0.8,boto,0.0,4226.0
192,stone,BALANGINGI SAMA,batu,b a t u,1 7 1 7,AXBZ,PATY,6.0,6.P.C 6.A.V 6.T.C 6.Y.V,2.0 1.5 1.75 0.8,batu,0.0,4226.0
232,stone,BALANGINGI SAMA (1),batu,b a t u,1 7 1 7,AXBZ,PATY,7.0,7.P.C 7.A.V 7.T.C 7.Y.V,2.0 1.5 1.75 0.8,batu,0.0,4226.0
272,stone,BASQUE,harri,h a rr i,3 7 5 7,AXBZ,HARI,8.0,8.H.C 8.A.V 8.R.C 8.I.V,2.0 1.5 1.75 0.8,harri,0.0,4198.0
312,stone,BATAK PALAWAN,batu,b a t u,1 7 1 7,AXBZ,PATY,9.0,9.P.C 9.A.V 9.T.C 9.Y.V,2.0 1.5 1.75 0.8,batu,0.0,4226.0
352,stone,BILAAN KORONADAL,batu,b a t u,1 7 1 7,AXBZ,PATY,10.0,10.P.C 10.A.V 10.T.C 10.Y.V,2.0 1.5 1.75 0.8,batu,0.0,4226.0
392,stone,BILAAN SARANGANI,batu,b a t u,1 7 1 7,AXBZ,PATY,11.0,11.P.C 11.A.V 11.T.C 11.Y.V,2.0 1.5 1.75 0.8,batu,0.0,4226.0
432,stone,BINUKID,batu,b a t u,1 7 1 7,AXBZ,PATY,12.0,12.P.C 12.A.V 12.T.C 12.Y.V,2.0 1.5 1.75 0.8,batu,0.0,4226.0
472,stone,BONGGI,batu,b a t u,1 7 1 7,AXBZ,PATY,14.0,14.P.C 14.A.V 14.T.C 14.Y.V,2.0 1.5 1.75 0.8,batu,0.0,4226.0
512,stone,BONTOC GUINAANG,bato,b a t o,1 7 1 7,AXBZ,PATU,15.0,15.P.C 15.A.V 15.T.C 15.U.V,2.0 1.5 1.75 0.8,bato,0.0,4226.0
552,stone,BROOKES POINT PALAWAN,batu,b a t u,1 7 1 7,AXBZ,PATY,16.0,16.P.C 16.A.V 16.T.C 16.Y.V,2.0 1.5 1.75 0.8,batu,0.0,4226.0
592,stone,BUHI,batu,b a t u,1 7 1 7,AXBZ,PATY,17.0,17.P.C 17.A.V 17.T.C 17.Y.V,2.0 1.5 1.75 0.8,batu,0.0,4226.0
632,stone,BUHINON ALBAY BICOLANO,bato,b a t o,1 7 1 7,AXBZ,PATU,18.0,18.P.C 18.A.V 18.T.C 18.U.V,2.0 1.5 1.75 0.8,bato,0.0,4226.0
672,stone,BUKIDNON BINUKID,batu,b a t u,1 7 1 7,AXBZ,PATY,19.0,19.P.C 19.A.V 19.T.C 19.Y.V,2.0 1.5 1.75 0.8,batu,0.0,4226.0
712,stone,BUTUANON,bato,b a t o,1 7 1 7,AXBZ,PATU,20.0,20.P.C 20.A.V 20.T.C 20.U.V,2.0 1.5 1.75 0.8,bato,0.0,4226.0
752,stone,CAIJIA,ca,c a,1 7,AX,CA,21.0,21.C.C 21.A.V,2.0 1.5,ca,0.0,4211.0
792,stone,CANIPAAN PALAWAN,batu,b a t u,1 7 1 7,AXBZ,PATY,22.0,22.P.C 22.A.V 22.T.C 22.Y.V,2.0 1.5 1.75 0.8,batu,0.0,4226.0
832,stone,CASIGURAN NEGRITO,bito,b i t o,1 7 1 7,AXBZ,PITU,23.0,23.P.C 23.I.V 23.T.C 23.U.V,2.0 1.5 1.75 0.8,bito,0.0,4226.0
872,stone,CEBUANO,batu,b a t u,1 7 1 7,AXBZ,PATY,24.0,24.P.C 24.A.V 24.T.C 24.Y.V,2.0 1.5 1.75 0.8,batu,0.0,4226.0
912,stone,CENTRAL BICOLANO,gapuʔ,g a p u ʔ,1 7 1 7 1,AXBYN,KAPYH,25.0,25.K.C 25.A.V 25.P.C 25.Y.V 25.H.c,2.0 1.5 1.75 1.3 0.8,gapuʔ,0.0,4215.0
952,stone,CENTRAL BONTOC,batu,b a t u,1 7 1 7,AXBZ,PATY,26.0,26.P.C 26.A.V 26.T.C 26.Y.V,2.0 1.5 1.75 0.8,batu,0.0,4226.0
992,stone,CENTRAL DUSUN,watu,w a t u,6 7 1 7,AXBZ,WATY,27.0,27.W.C 27.A.V 27.T.C 27.Y.V,2.0 1.5 1.75 0.8,watu,0.0,4226.0
1032,stone,CENTRAL TAGBANWA,bato,b a t o,1 7 1 7,AXBZ,PATU,28.0,28.P.C 28.A.V 28.T.C 28.U.V,2.0 1.5 1.75 0.8,bato,0.0,4226.0
1072,stone,CUYONON,batoʔ,b a t o ʔ,1 7 1 7 1,AXBYN,PATUH,29.0,29.P.C 29.A.V 29.T.C 29.U.V 29.H.c,2.0 1.5 1.75 1.3 0.8,batoʔ,0.0,4226.0
1112,stone,DARAGA,batu,b a t u,1 7 1 7,AXBZ,PATY,30.0,30.P.C 30.A.V 30.T.C 30.Y.V,2.0 1.5 1.75 0.8,batu,0.0,4226.0
1152,stone,DUMAGAT CASIGURAN,bitoʔ,b i t o ʔ,1 7 1 7 1,AXBYN,PITUH,31.0,31.P.C 31.I.V 31.T.C 31.U.V 31.H.c,2.0 1.5 1.75 1.3 0.8,bitoʔ,0.0,4226.0
1192,stone,DUPANINGAN AGTA,rusuʔ,r u s u ʔ,5 7 3 7 1,AXBYN,RYSYH,32.0,32.R.C 32.Y.V 32.S.C 32.Y.V 32.H.c,2.0 1.5 1.75 1.3 0.8,rusuʔ,0.0,4222.0
1232,stone,ENGLISH,ston,s t o n,3 1 7 4,ACYN,STUN,33.0,33.S.C 33.T.C 33.U.V 33.N.c,2.0 1.5 1.3 0.8,ston,0.0,4223.0
1272,stone,ESKAYAN,sabana,s a b a n a,3 7 1 7 4 7,AXBYBZ,SAPANA,34.0,34.S.C 34.A.V 34.P.C 34.A.V 34.N.C 34.A.V,2.0 1.5 1.75 1.3 1.75 0.8,sabana,0.0,4224.0
1312,stone,ESTONIAN,kivi,k i v i,1 7 3 7,AXBZ,KIBI,35.0,35.K.C 35.I.V 35.B.C 35.I.V,2.0 1.5 1.75 0.8,kivi,0.0,4225.0
1352,stone,FINNISH,kivi,k i v i,1 7 3 7,AXBZ,KIBI,37.0,37.K.C 37.I.V 37.B.C 37.I.V,2.0 1.5 1.75 0.8,kivi,0.0,4225.0
1392,stone,FUZHOU CHINESE,8uokthau,u o k th a u,7 7 1 1 7 7,XYMBYZ,YUKTAY,38.0,38.Y.V 38.U.V 38.K.c 38.T.C 38.A.V 38.Y.V,1.5 1.3 1.1 1.75 1.3 0.8,uokthau,0.0,4228.0
1432,stone,GADDANG,batu,b a t u,1 7 1 7,AXBZ,PATY,39.0,39.P.C 39.A.V 39.T.C 39.Y.V,2.0 1.5 1.75 0.8,batu,0.0,4226.0
1472,stone,HANUNOO,batuʔ,b a t u ʔ,1 7 1 7 1,AXBYN,PATYH,40.0,40.P.C 40.A.V 40.T.C 40.Y.V 40.H.c,2.0 1.5 1.75 1.3 0.8,batuʔ,0.0,4226.0
1512,stone,HIGAONON BINUKID,batu,b a t u,1 7 1 7,AXBZ,PATY,41.0,41.P.C 41.A.V 41.T.C 41.Y.V,2.0 1.5 1.75 0.8,batu,0.0,4226.0
1552,stone,HUNGARIAN,ki,k i,1 7,AX,KI,43.0,43.K.C 43.I.V,2.0 1.5,ki,0.0,4233.0
1592,stone,IBALOI,bato,b a t o,1 7 1 7,AXBZ,PATU,44.0,44.P.C 44.A.V 44.T.C 44.U.V,2.0 1.5 1.75 0.8,bato,0.0,4226.0
1632,stone,IBANAG,batu,b a t u,1 7 1 7,AXBZ,PATY,45.0,45.P.C 45.A.V 45.T.C 45.Y.V,2.0 1.5 1.75 0.8,batu,0.0,4226.0
1672,stone,IDAAN,batu,b a t u,1 7 1 7,AXBZ,PATY,46.0,46.P.C 46.A.V 46.T.C 46.Y.V,2.0 1.5 1.75 0.8,batu,0.0,4226.0
1712,stone,IFUGAO AMGANAD,batu,b a t u,1 7 1 7,AXBZ,PATY,47.0,47.P.C 47.A.V 47.T.C 47.Y.V,2.0 1.5 1.75 0.8,batu,0.0,4226.0
1752,stone,IFUGAO BATAD,batu,b a t u,1 7 1 7,AXBZ,PATY,48.0,48.P.C 48.A.V 48.T.C 48.Y.V,2.0 1.5 1.75 0.8,batu,0.0,4226.0
1792,stone,IFUGAO BAYNINAN,batu,b a t u,1 7 1 7,AXBZ,PATY,49.0,49.P.C 49.A.V 49.T.C 49.Y.V,2.0 1.5 1.75 0.8,batu,0.0,4226.0
1832,stone,ILOKANO,bato,b a t o,1 7 1 7,AXBZ,PATU,50.0,50.P.C 50.A.V 50.T.C 50.U.V,2.0 1.5 1.75 0.8,bato,0.0,4226.0
1872,stone,ILONGOT KAKIDUGEN,dəpgat,d ə p g a t,1 7 1 1 7 1,AXMBYN,TEPKAT,51.0,51.T.C 51.E.V 51.P.c 51.K.C 51.A.V 51.T.c,2.0 1.5 1.1 1.75 1.3 0.8,dəpgat,0.0,4241.0
1912,stone,INIBALOI,bato,b a t o,1 7 1 7,AXBZ,PATU,54.0,54.P.C 54.A.V 54.T.C 54.U.V,2.0 1.5 1.75 0.8,bato,0.0,4226.0
1952,stone,IRANUN,watu,w a t u,6 7 1 7,AXBZ,WATY,55.0,55.W.C 55.A.V 55.T.C 55.Y.V,2.0 1.5 1.75 0.8,watu,0.0,4245.0
1992,stone,IRIGA,batu,b a t u,1 7 1 7,AXBZ,PATY,57.0,57.P.C 57.A.V 57.T.C 57.Y.V,2.0 1.5 1.75 0.8,batu,0.0,4226.0
2032,stone,ISNAG,batu,b a t u,1 7 1 7,AXBZ,PATY,59.0,59.P.C 59.A.V 59.T.C 59.Y.V,2.0 1.5 1.75 0.8,batu,0.0,4226.0
2072,stone,ISNEG,batu,b a t u,1 7 1 7,AXBZ,PATY,60.0,60.P.C 60.A.V 60.T.C 60.Y.V,2.0 1.5 1.75 0.8,batu,0.0,4226.0
2112,stone,ITAWIT,bEtu,b æ t u,1 7 1 7,AXBZ,PETY,61.0,61.P.C 61.E.V 61.T.C 61.Y.V,2.0 1.5 1.75 0.8,bætu,0.0,4226.0
2152,stone,ITBAYATEN BATANES ISLANDS,vatuʔ,v a t u ʔ,3 7 1 7 1,AXBYN,BATYH,62.0,62.B.C 62.A.V 62.T.C 62.Y.V 62.H.c,2.0 1.5 1.75 1.3 0.8,vatuʔ,0.0,4226.0
2192,stone,ITNEG BINONGAN,bato,b a t o,1 7 1 7,AXBZ,PATU,63.0,63.P.C 63.A.V 63.T.C 63.U.V,2.0 1.5 1.75 0.8,bato,0.0,4226.0
2232,stone,IVATAN BATANES ISLANDS,batoʔ,b a t o ʔ,1 7 1 7 1,AXBYN,PATUH,65.0,65.P.C 65.A.V 65.T.C 65.U.V 65.H.c,2.0 1.5 1.75 1.3 0.8,batoʔ,0.0,4226.0
2272,stone,JAPANESE,iSi,i s i,7 3 7,XBZ,ISI,66.0,66.I.V 66.S.C 66.I.V,1.5 1.75 0.8,isi,0.0,4211.0
2312,stone,KADAZAN,vatu,v a t u,3 7 1 7,AXBZ,BATY,67.0,67.B.C 67.A.V 67.T.C 67.Y.V,2.0 1.5 1.75 0.8,vatu,0.0,4226.0
2352,stone,KAGAYANEN,batu,b a t u,1 7 1 7,AXBZ,PATY,68.0,68.P.C 68.A.V 68.T.C 68.Y.V,2.0 1.5 1.75 0.8,batu,0.0,4226.0
2392,stone,KALAGAN,batu,b a t u,1 7 1 7,AXBZ,PATY,69.0,69.P.C 69.A.V 69.T.C 69.Y.V,2.0 1.5 1.75 0.8,batu,0.0,4226.0
2432,stone,KALINGA GUINAANG,batu,b a t u,1 7 1 7,AXBZ,PATY,70.0,70.P.C 70.A.V 70.T.C 70.Y.V,2.0 1.5 1.75 0.8,batu,0.0,4226.0
2472,stone,KALINGA LIMOS,batu,b a t u,1 7 1 7,AXBZ,PATY,71.0,71.P.C 71.A.V 71.T.C 71.Y.V,2.0 1.5 1.75 0.8,batu,0.0,4226.0
2512,stone,KALLAHAN KAYAPA PROPER,batu,b a t u,1 7 1 7,AXBZ,PATY,72.0,72.P.C 72.A.V 72.T.C 72.Y.V,2.0 1.5 1.75 0.8,batu,0.0,4226.0
2552,stone,KALLAHAN KELEYQIQ IFUGAO,batuʔ,b a t u ʔ,1 7 1 7 1,AXBYN,PATYH,73.0,73.P.C 73.A.V 73.T.C 73.Y.V 73.H.c,2.0 1.5 1.75 1.3 0.8,batuʔ,0.0,4226.0
2592,stone,KANKANAY NORTHERN,bato,b a t o,1 7 1 7,AXBZ,PATU,75.0,75.P.C 75.A.V 75.T.C 75.U.V,2.0 1.5 1.75 0.8,bato,0.0,4226.0
2632,stone,KAPAMPANGAN,batu,b a t u,1 7 1 7,AXBZ,PATY,76.0,76.P.C 76.A.V 76.T.C 76.Y.V,2.0 1.5 1.75 0.8,batu,0.0,4226.0
2712,stone,KOREAN,tol,t o l,1 7 5,AXN,TUL,78.0,78.T.C 78.U.V 78.L.c,2.0 1.5 0.8,tol,0.0,4267.0
2752,stone,LEGAZPI,gapuʔ,g a p u ʔ,1 7 1 7 1,AXBYN,KAPYH,79.0,79.K.C 79.A.V 79.P.C 79.Y.V 79.H.c,2.0 1.5 1.75 1.3 0.8,gapuʔ,0.0,4215.0
2792,stone,LIBON,batu,b a t u,1 7 1 7,AXBZ,PATY,80.0,80.P.C 80.A.V 80.T.C 80.Y.V,2.0 1.5 1.75 0.8,batu,0.0,4226.0
2832,stone,LIVE,kiuvkiu,k i u v k i u,1 7 7 3 1 7 7,AXYMBYZ,KIYBKIY,82.0,82.K.C 82.I.V 82.Y.V 82.B.c 82.K.C 82.I.V 82.Y.V,2.0 1.5 1.3 1.1 1.75 1.3 0.8,kiuvkiu,0.0,4271.0
2872,stone,MAGUINDANAO,watu,w a t u,6 7 1 7,AXBZ,WATY,83.0,83.W.C 83.A.V 83.T.C 83.Y.V,2.0 1.5 1.75 0.8,watu,0.0,4272.0
2912,stone,MAMANWA,bato,b a t o,1 7 1 7,AXBZ,PATU,84.0,84.P.C 84.A.V 84.T.C 84.U.V,2.0 1.5 1.75 0.8,bato,0.0,4226.0
2952,stone,MANOBO ATA,batu,b a t u,1 7 1 7,AXBZ,PATY,88.0,88.P.C 88.A.V 88.T.C 88.Y.V,2.0 1.5 1.75 0.8,batu,0.0,4226.0
2992,stone,MANOBO DIBABAWON,batu,b a t u,1 7 1 7,AXBZ,PATY,89.0,89.P.C 89.A.V 89.T.C 89.Y.V,2.0 1.5 1.75 0.8,batu,0.0,4226.0
3032,stone,MANOBO ILIANEN,batu,b a t u,1 7 1 7,AXBZ,PATY,90.0,90.P.C 90.A.V 90.T.C 90.Y.V,2.0 1.5 1.75 0.8,batu,0.0,4226.0
3072,stone,MANOBO KALAMANSIG COTABATO,batu,b a t u,1 7 1 7,AXBZ,PATY,91.0,91.P.C 91.A.V 91.T.C 91.Y.V,2.0 1.5 1.75 0.8,batu,0.0,4226.0
3112,stone,MANOBO SARANGANI,bato,b a t o,1 7 1 7,AXBZ,PATU,92.0,92.P.C 92.A.V 92.T.C 92.U.V,2.0 1.5 1.75 0.8,bato,0.0,4226.0
3152,stone,MANOBO TIGWA,batu,b a t u,1 7 1 7,AXBZ,PATY,93.0,93.P.C 93.A.V 93.T.C 93.Y.V,2.0 1.5 1.75 0.8,batu,0.0,4226.0
3192,stone,MANOBO WESTERN BUKIDNON,batu,b a t u,1 7 1 7,AXBZ,PATY,94.0,94.P.C 94.A.V 94.T.C 94.Y.V,2.0 1.5 1.75 0.8,batu,0.0,4226.0
3232,stone,MANSAKA,batu,b a t u,1 7 1 7,AXBZ,PATY,95.0,95.P.C 95.A.V 95.T.C 95.Y.V,2.0 1.5 1.75 0.8,batu,0.0,4226.0
3272,stone,MAPUN,batu,b a t u,1 7 1 7,AXBZ,PATY,97.0,97.P.C 97.A.V 97.T.C 97.Y.V,2.0 1.5 1.75 0.8,batu,0.0,4226.0
3312,stone,MARANAO,wato,w a t o,6 7 1 7,AXBZ,WATU,98.0,98.W.C 98.A.V 98.T.C 98.U.V,2.0 1.5 1.75 0.8,wato,0.0,4287.0
3352,stone,MARINDUQUE TAGALOG,batu,b a t u,1 7 1 7,AXBZ,PATY,99.0,99.P.C 99.A.V 99.T.C 99.Y.V,2.0 1.5 1.75 0.8,batu,0.0,4226.0
3392,stone,MASBATENYO,bato,b a t o,1 7 1 7,AXBZ,PATU,100.0,100.P.C 100.A.V 100.T.C 100.U.V,2.0 1.5 1.75 0.8,bato,0.0,4226.0
3432,stone,MINANGALI LOWER TANUDAN KALINGA,batu,b a t u,1 7 1 7,AXBZ,PATY,101.0,101.P.C 101.A.V 101.T.C 101.Y.V,2.0 1.5 1.75 0.8,batu,0.0,4226.0
3472,stone,MOKSHA,kev,k e v,1 7 3,AXN,KEB,102.0,102.K.C 102.E.V 102.B.c,2.0 1.5 0.8,kev,0.0,4291.0
3512,stone,MOLBOG,batu,b a t u,1 7 1 7,AXBZ,PATY,103.0,103.P.C 103.A.V 103.T.C 103.Y.V,2.0 1.5 1.75 0.8,batu,0.0,4226.0
3552,stone,MOLBOG 2,batu,b a t u,1 7 1 7,AXBZ,PATY,104.0,104.P.C 104.A.V 104.T.C 104.Y.V,2.0 1.5 1.75 0.8,batu,0.0,4226.0
3592,stone,MONGOLIAN,ChuLu,ch u l u,1 7 5 7,AXBZ,CYLY,105.0,105.C.C 105.Y.V 105.L.C 105.Y.V,2.0 1.5 1.75 0.8,chulu,0.0,4203.0
3632,stone,MORO MAGINDANAU,uatu,u a t u,7 7 1 7,XYBZ,YATY,106.0,106.Y.V 106.A.V 106.T.C 106.Y.V,1.5 1.3 1.75 0.8,uatu,0.0,4272.0
3672,stone,NAGA,gapuʔ,g a p u ʔ,1 7 1 7 1,AXBYN,KAPYH,107.0,107.K.C 107.A.V 107.P.C 107.Y.V 107.H.c,2.0 1.5 1.75 1.3 0.8,gapuʔ,0.0,4215.0
3712,stone,NORTHERN CATANDUANES,batu,b a t u,1 7 1 7,AXBZ,PATY,108.0,108.P.C 108.A.V 108.T.C 108.Y.V,2.0 1.5 1.75 0.8,batu,0.0,4226.0
3752,stone,NORTHERN SORSOGON,batu,b a t u,1 7 1 7,AXBZ,PATY,109.0,109.P.C 109.A.V 109.T.C 109.Y.V,2.0 1.5 1.75 0.8,batu,0.0,4226.0
3792,stone,OAS,batu,b a t u,1 7 1 7,AXBZ,PATY,110.0,110.P.C 110.A.V 110.T.C 110.Y.V,2.0 1.5 1.75 0.8,batu,0.0,4226.0
3832,stone,PALAWANO BATAK,batu,b a t u,1 7 1 7,AXBZ,PATY,111.0,111.P.C 111.A.V 111.T.C 111.Y.V,2.0 1.5 1.75 0.8,batu,0.0,4226.0
3872,stone,PANGASINAN,bato,b a t o,1 7 1 7,AXBZ,PATU,112.0,112.P.C 112.A.V 112.T.C 112.U.V,2.0 1.5 1.75 0.8,bato,0.0,4226.0
3912,stone,PANGUTARAN SAMA,batu,b a t u,1 7 1 7,AXBZ,PATY,113.0,113.P.C 113.A.V 113.T.C 113.Y.V,2.0 1.5 1.75 0.8,batu,0.0,4226.0
3952,stone,PANGUTARAN SAMA (1),batu,b a t u,1 7 1 7,AXBZ,PATY,114.0,114.P.C 114.A.V 114.T.C 114.Y.V,2.0 1.5 1.75 0.8,batu,0.0,4226.0
3992,stone,PROTO PALAWAN,batu,b a t u,1 7 1 7,AXBZ,PATY,115.0,115.P.C 115.A.V 115.T.C 115.Y.V,2.0 1.5 1.75 0.8,batu,0.0,4226.0
4032,stone,QUEZON PALAWAN,batu,b a t u,1 7 1 7,AXBZ,PATY,117.0,117.P.C 117.A.V 117.T.C 117.Y.V,2.0 1.5 1.75 0.8,batu,0.0,4226.0
4072,stone,ROMBLOMANON 1,bato,b a t o,1 7 1 7,AXBZ,PATU,118.0,118.P.C 118.A.V 118.T.C 118.U.V,2.0 1.5 1.75 0.8,bato,0.0,4226.0
4112,stone,ROMBLOMANON 2,batu,b a t u,1 7 1 7,AXBZ,PATY,119.0,119.P.C 119.A.V 119.T.C 119.Y.V,2.0 1.5 1.75 0.8,batu,0.0,4226.0
4152,stone,SAMAL,batu,b a t u,1 7 1 7,AXBZ,PATY,120.0,120.P.C 120.A.V 120.T.C 120.Y.V,2.0 1.5 1.75 0.8,batu,0.0,4226.0
4192,stone,SAMBAL BOTOLAN,bato,b a t o,1 7 1 7,AXBZ,PATU,121.0,121.P.C 121.A.V 121.T.C 121.U.V,2.0 1.5 1.75 0.8,bato,0.0,4226.0
4232,stone,SANGIL,batu,b a t u,1 7 1 7,AXBZ,PATY,122.0,122.P.C 122.A.V 122.T.C 122.Y.V,2.0 1.5 1.75 0.8,batu,0.0,4226.0
4272,stone,SANGIL SARANGANI ISLANDS,batu,b a t u,1 7 1 7,AXBZ,PATY,123.0,123.P.C 123.A.V 123.T.C 123.Y.V,2.0 1.5 1.75 0.8,batu,0.0,4226.0
4312,stone,SEDANG,hmou,h m o u,3 4 7 7,ACXZ,HMUY,124.0,124.H.C 124.M.C 124.U.V 124.Y.V,2.0 1.5 1.5 0.8,hmou,0.0,4313.0
4352,stone,SIBUTU SOUTHERN SAMA,batu,b a t u,1 7 1 7,AXBZ,PATY,125.0,125.P.C 125.A.V 125.T.C 125.Y.V,2.0 1.5 1.75 0.8,batu,0.0,4226.0
4392,stone,SOGODNIN BORACAY,bato,b a t o,1 7 1 7,AXBZ,PATU,127.0,127.P.C 127.A.V 127.T.C 127.U.V,2.0 1.5 1.75 0.8,bato,0.0,4226.0
4432,stone,SOUTH SAAMI,gierkiə,g i e r k i ə,1 7 7 5 1 7 7,AXYMBYZ,KIERKIE,128.0,128.K.C 128.I.V 128.E.V 128.R.c 128.K.C 128.I.V 128.E.V,2.0 1.5 1.3 1.1 1.75 1.3 0.8,gierkiə,0.0,4317.0
4472,stone,SOUTHERN CATANDUANES,batu,b a t u,1 7 1 7,AXBZ,PATY,129.0,129.P.C 129.A.V 129.T.C 129.Y.V,2.0 1.5 1.75 0.8,batu,0.0,4226.0
4512,stone,SOUTHERN SORSOGON,batu,b a t u,1 7 1 7,AXBZ,PATY,131.0,131.P.C 131.A.V 131.T.C 131.Y.V,2.0 1.5 1.75 0.8,batu,0.0,4226.0
4552,stone,SOUTHWEST PALAWANO,bato,b a t o,1 7 1 7,AXBZ,PATU,132.0,132.P.C 132.A.V 132.T.C 132.U.V,2.0 1.5 1.75 0.8,bato,0.0,4226.0
4592,stone,SPANISH,piedra,p i e d r a,1 7 7 1 5 7,AXYBCZ,PIETRA,133.0,133.P.C 133.I.V 133.E.V 133.T.C 133.R.C 133.A.V,2.0 1.5 1.3 1.75 1.5 0.8,piedra,0.0,4322.0
4632,stone,SUBANON SIOCON,batu,b a t u,1 7 1 7,AXBZ,PATY,134.0,134.P.C 134.A.V 134.T.C 134.Y.V,2.0 1.5 1.75 0.8,batu,0.0,4226.0
4672,stone,SUBANUN SINDANGAN,batu,b a t u,1 7 1 7,AXBZ,PATY,135.0,135.P.C 135.A.V 135.T.C 135.Y.V,2.0 1.5 1.75 0.8,batu,0.0,4226.0
4712,stone,SURIGAONON,bato,b a t o,1 7 1 7,AXBZ,PATU,136.0,136.P.C 136.A.V 136.T.C 136.U.V,2.0 1.5 1.75 0.8,bato,0.0,4226.0
4792,stone,TAGABILI,botuh,b o t u h,1 7 1 7 3,AXBYN,PUTYH,138.0,138.P.C 138.U.V 138.T.C 138.Y.V 138.H.c,2.0 1.5 1.75 1.3 0.8,botuh,0.0,4226.0
4832,stone,TAGALOG,batu,b a t u,1 7 1 7,AXBZ,PATY,139.0,139.P.C 139.A.V 139.T.C 139.Y.V,2.0 1.5 1.75 0.8,batu,0.0,4226.0
4872,stone,TAGBANUA ABORLAN,batu,b a t u,1 7 1 7,AXBZ,PATY,140.0,140.P.C 140.A.V 140.T.C 140.Y.V,2.0 1.5 1.75 0.8,batu,0.0,4226.0
4912,stone,TAGBANWA ABORLAN,batu,b a t u,1 7 1 7,AXBZ,PATY,141.0,141.P.C 141.A.V 141.T.C 141.Y.V,2.0 1.5 1.75 0.8,batu,0.0,4226.0
4952,stone,TAGBANWA KALAMIAN,batuʔ,b a t u ʔ,1 7 1 7 1,AXBYN,PATYH,142.0,142.P.C 142.A.V 142.T.C 142.Y.V 142.H.c,2.0 1.5 1.75 1.3 0.8,batuʔ,0.0,4226.0
4992,stone,TALAANDIG BINUKID,batu,b a t u,1 7 1 7,AXBZ,PATY,143.0,143.P.C 143.A.V 143.T.C 143.Y.V,2.0 1.5 1.75 0.8,batu,0.0,4226.0
5032,stone,TAMBUNAN DUSUN,watu,w a t u,6 7 1 7,AXBZ,WATY,144.0,144.W.C 144.A.V 144.T.C 144.Y.V,2.0 1.5 1.75 0.8,watu,0.0,4226.0
5072,stone,TAUSUG,batu,b a t u,1 7 1 7,AXBZ,PATY,145.0,145.P.C 145.A.V 145.T.C 145.Y.V,2.0 1.5 1.75 0.8,batu,0.0,4226.0
5112,stone,TAUT BATU,batu,b a t u,1 7 1 7,AXBZ,PATY,146.0,146.P.C 146.A.V 146.T.C 146.Y.V,2.0 1.5 1.75 0.8,batu,0.0,4226.0
5152,stone,TBOLI TAGABILI,botuh,b o t u h,1 7 1 7 3,AXBYN,PUTYH,147.0,147.P.C 147.U.V 147.T.C 147.Y.V 147.H.c,2.0 1.5 1.75 1.3 0.8,botuh,0.0,4226.0
5192,stone,TIMUGON MURUT,batu,b a t u,1 7 1 7,AXBZ,PATY,148.0,148.P.C 148.A.V 148.T.C 148.Y.V,2.0 1.5 1.75 0.8,batu,0.0,4226.0
5232,stone,TIRURAY,batew,b a t e w,1 7 1 7 6,AXBYN,PATEW,149.0,149.P.C 149.A.V 149.T.C 149.E.V 149.W.c,2.0 1.5 1.75 1.3 0.8,batew,0.0,4337.0
5272,stone,TURKISH,taS,t a s,1 7 3,AXN,TAS,150.0,150.T.C 150.A.V 150.S.c,2.0 1.5 0.8,tas,0.0,4338.0
5312,stone,UGARITIC,abn,a b n,7 1 4,XBC,APN,151.0,151.A.V 151.P.C 151.N.C,1.5 1.75 1.5,abn,0.0,4339.0
5352,stone,WARAY WARAY,bato,b a t o,1 7 1 7,AXBZ,PATU,152.0,152.P.C 152.A.V 152.T.C 152.U.V,2.0 1.5 1.75 0.8,bato,0.0,4226.0
5392,stone,YAKAN,batu,b a t u,1 7 1 7,AXBZ,PATY,153.0,153.P.C 153.A.V 153.T.C 153.Y.V,2.0 1.5 1.75 0.8,batu,0.0,4226.0
5432,stone,YOGAD,batu,b a t u,1 7 1 7,AXBZ,PATY,154.0,154.P.C 154.A.V 154.T.C 154.Y.V,2.0 1.5 1.75 0.8,batu,0.0,4226.0
5512,stone,IMOROD,vato,v a t o,3 7 1 7,AXBZ,BATU,52.0,52.B.C 52.A.V 52.T.C 52.U.V,2.0 1.5 1.75 0.8,vato,0.0,4226.0
5552,stone,BABUYAN,bato,b a t o,1 7 1 7,AXBZ,PATU,4.0,4.P.C 4.A.V 4.T.C 4.U.V,2.0 1.5 1.75 0.8,bato,0.0,4226.0
5592,stone,BISAYA SABAH,tali,t a l i,1 7 5 7,AXBZ,TALI,13.0,13.T.C 13.A.V 13.L.C 13.I.V,2.0 1.5 1.75 0.8,tali,0.0,4203.0
5632,stone,FINALLIG,fiato,f i a t o,3 7 7 1 7,AXYBZ,BIATU,36.0,36.B.C 36.I.V 36.A.V 36.T.C 36.U.V,2.0 1.5 1.3 1.75 0.8,fiato,0.0,4226.0
5672,stone,HILIGAYNON,bato,b a t o,1 7 1 7,AXBZ,PATU,42.0,42.P.C 42.A.V 42.T.C 42.U.V,2.0 1.5 1.75 0.8,bato,0.0,4226.0
5712,stone,INABAKNON,bato,b a t o,1 7 1 7,AXBZ,PATU,53.0,53.P.C 53.A.V 53.T.C 53.U.V,2.0 1.5 1.75 0.8,bato,0.0,4226.0
5752,stone,IRARALAY IVATAN,vato,v a t o,3 7 1 7,AXBZ,BATU,56.0,56.B.C 56.A.V 56.T.C 56.U.V,2.0 1.5 1.75 0.8,vato,0.0,4226.0
5792,stone,ISAMORONG IVATAN,vato,v a t o,3 7 1 7,AXBZ,BATU,58.0,58.B.C 58.A.V 58.T.C 58.U.V,2.0 1.5 1.75 0.8,vato,0.0,4226.0
5832,stone,IVASAY IVATAN,bato,b a t o,1 7 1 7,AXBZ,PATU,64.0,64.P.C 64.A.V 64.T.C 64.U.V,2.0 1.5 1.75 0.8,bato,0.0,4226.0
5872,stone,KANKANAEY,bato,b a t o,1 7 1 7,AXBZ,PATU,74.0,74.P.C 74.A.V 74.T.C 74.U.V,2.0 1.5 1.75 0.8,bato,0.0,4226.0
5912,stone,LIMOS KALINGA,batu,b a t u,1 7 1 7,AXBZ,PATY,81.0,81.P.C 81.A.V 81.T.C 81.Y.V,2.0 1.5 1.75 0.8,batu,0.0,4226.0
5952,stone,MANDAYAN BOSO,batu,b a t u,1 7 1 7,AXBZ,PATY,85.0,85.P.C 85.A.V 85.T.C 85.Y.V,2.0 1.5 1.75 0.8,batu,0.0,4226.0
5992,stone,MANDAYAN CARAGA,batu,b a t u,1 7 1 7,AXBZ,PATY,86.0,86.P.C 86.A.V 86.T.C 86.Y.V,2.0 1.5 1.75 0.8,batu,0.0,4226.0
6032,stone,MANDAYAN ISLAM PISO,batu,b a t u,1 7 1 7,AXBZ,PATY,87.0,87.P.C 87.A.V 87.T.C 87.Y.V,2.0 1.5 1.75 0.8,batu,0.0,4226.0
6072,stone,MANSAKA 2,batu,b a t u,1 7 1 7,AXBZ,PATY,96.0,96.P.C 96.A.V 96.T.C 96.Y.V,2.0 1.5 1.75 0.8,batu,0.0,4226.0
6112,stone,PROTO SOUTHERN MINDANAO,batu,b a t u,1 7 1 7,AXBZ,PATY,116.0,116.P.C 116.A.V 116.T.C 116.Y.V,2.0 1.5 1.75 0.8,batu,0.0,4226.0
6152,stone,SINAUNA,igaŋ,i g a ŋ,7 1 7 4,XBYN,IKAN,126.0,126.I.V 126.K.C 126.A.V 126.N.c,1.5 1.75 1.3 0.8,igaŋ,0.0,4315.0
6192,stone,SOUTHERN KALINGA,fatu,f a t u,3 7 1 7,AXBZ,BATY,130.0,130.B.C 130.A.V 130.T.C 130.Y.V,2.0 1.5 1.75 0.8,fatu,0.0,4226.0
193,sun,BALANGINGI SAMA,allaw,a ll a w,7 5 7 6,XBYN,ALAW,6.0,6.A.V 6.L.C 6.A.V 6.W.c,1.5 1.75 1.3 0.8,allaw,0.0,4340.0
233,sun,BALANGINGI SAMA (1),allaw,a ll a w,7 5 7 6,XBYN,ALAW,7.0,7.A.V 7.L.C 7.A.V 7.W.c,1.5 1.75 1.3 0.8,allaw,0.0,4341.0
273,sun,BASQUE,eguzki,e g u z k i,7 1 7 3 1 7,XBYMBZ,EKYSKI,8.0,8.E.V 8.K.C 8.Y.V 8.S.c 8.K.C 8.I.V,1.5 1.75 1.3 1.1 1.75 0.8,eguzki,0.0,4342.0
553,sun,BROOKES POINT PALAWAN,əldəw,ə l d ə w,7 5 1 7 6,XMBYN,ELTEW,16.0,16.E.V 16.L.c 16.T.C 16.E.V 16.W.c,1.5 1.1 1.75 1.3 0.8,əldəw,0.0,4344.0
593,sun,BUHI,ʔaldaw,ʔ a l d a w,1 7 5 1 7 6,AXMBYN,HALTAW,17.0,17.H.C 17.A.V 17.L.c 17.T.C 17.A.V 17.W.c,2.0 1.5 1.1 1.75 1.3 0.8,ʔaldaw,0.0,4345.0
673,sun,BUKIDNON BINUKID,aldaw,a l d a w,7 5 1 7 6,XMBYN,ALTAW,19.0,19.A.V 19.L.c 19.T.C 19.A.V 19.W.c,1.5 1.1 1.75 1.3 0.8,aldaw,0.0,4346.0
753,sun,CAIJIA,ien,i e n,7 7 4,XYN,IEN,21.0,21.I.V 21.E.V 21.N.c,1.5 1.3 0.8,ien,0.0,4347.0
793,sun,CANIPAAN PALAWAN,aldəw,a l d ə w,7 5 1 7 6,XMBYN,ALTEW,22.0,22.A.V 22.L.c 22.T.C 22.E.V 22.W.c,1.5 1.1 1.75 1.3 0.8,aldəw,0.0,4348.0
833,sun,CASIGURAN NEGRITO,bilag,b i l a g,1 7 5 7 1,AXBYN,PILAK,23.0,23.P.C 23.I.V 23.L.C 23.A.V 23.K.c,2.0 1.5 1.75 1.3 0.8,bilag,0.0,4349.0
1033,sun,CENTRAL TAGBANWA,aldaw,a l d a w,7 5 1 7 6,XMBYN,ALTAW,28.0,28.A.V 28.L.c 28.T.C 28.A.V 28.W.c,1.5 1.1 1.75 1.3 0.8,aldaw,0.0,4350.0
1113,sun,DARAGA,ʔaldaw,ʔ a l d a w,1 7 5 1 7 6,AXMBYN,HALTAW,30.0,30.H.C 30.A.V 30.L.c 30.T.C 30.A.V 30.W.c,2.0 1.5 1.1 1.75 1.3 0.8,ʔaldaw,0.0,4351.0
1193,sun,DUPANINGAN AGTA,sEŋgit,s æ ŋ g i t,3 7 4 1 7 1,AXMBYN,SENKIT,32.0,32.S.C 32.E.V 32.N.c 32.K.C 32.I.V 32.T.c,2.0 1.5 1.1 1.75 1.3 0.8,sæŋgit,0.0,4352.0
1233,sun,ENGLISH,sən,s ə n,3 7 4,AXN,SEN,33.0,33.S.C 33.E.V 33.N.c,2.0 1.5 0.8,sən,0.0,4353.0
1273,sun,ESKAYAN,astro,a s t r o,7 3 1 5 7,XMBCZ,ASTRU,34.0,34.A.V 34.S.c 34.T.C 34.R.C 34.U.V,1.5 1.1 1.75 1.5 0.8,astro,0.0,4354.0
1313,sun,ESTONIAN,paike,p a i k e,1 7 7 1 7,AXYBZ,PAIKE,35.0,35.P.C 35.A.V 35.I.V 35.K.C 35.E.V,2.0 1.5 1.3 1.75 0.8,paike,0.0,4355.0
1353,sun,FINNISH,aurinko,a u r i n k o,7 7 5 7 4 1 7,XYBYMBZ,AYRINKU,37.0,37.A.V 37.Y.V 37.R.C 37.I.V 37.N.c 37.K.C 37.U.V,1.5 1.3 1.75 1.3 1.1 1.75 0.8,aurinko,0.0,4356.0
1393,sun,FUZHOU CHINESE,likthau,l i k th a u,5 7 1 1 7 7,AXMBYZ,LIKTAY,38.0,38.L.C 38.I.V 38.K.c 38.T.C 38.A.V 38.Y.V,2.0 1.5 1.1 1.75 1.3 0.8,likthau,0.0,4357.0
1513,sun,HIGAONON BINUKID,aldaw,a l d a w,7 5 1 7 6,XMBYN,ALTAW,41.0,41.A.V 41.L.c 41.T.C 41.A.V 41.W.c,1.5 1.1 1.75 1.3 0.8,aldaw,0.0,4346.0
1553,sun,HUNGARIAN,nap,n a p,4 7 1,AXN,NAP,43.0,43.N.C 43.A.V 43.P.c,2.0 1.5 0.8,nap,0.0,4359.0
1993,sun,IRIGA,ʔaldiw,ʔ a l d i w,1 7 5 1 7 6,AXMBYN,HALTIW,57.0,57.H.C 57.A.V 57.L.c 57.T.C 57.I.V 57.W.c,2.0 1.5 1.1 1.75 1.3 0.8,ʔaldiw,0.0,4360.0
2033,sun,ISNAG,mata,m a t a,4 7 1 7,AXBZ,MATA,59.0,59.M.C 59.A.V 59.T.C 59.A.V,2.0 1.5 1.75 0.8,mata,1.0,4361.0
2273,sun,JAPANESE,taijo,t a i j o,1 7 7 6 7,AXYBZ,TAIJU,66.0,66.T.C 66.A.V 66.I.V 66.J.C 66.U.V,2.0 1.5 1.3 1.75 0.8,taijo,0.0,4362.0
2313,sun,KADAZAN,tadau,t a d a u,1 7 1 7 7,AXBYZ,TATAY,67.0,67.T.C 67.A.V 67.T.C 67.A.V 67.Y.V,2.0 1.5 1.75 1.3 0.8,tadau,0.0,4363.0
2353,sun,KAGAYANEN,adlaw,a d l a w,7 1 5 7 6,XBCYN,ATLAW,68.0,68.A.V 68.T.C 68.L.C 68.A.V 68.W.c,1.5 1.75 1.5 1.3 0.8,adlaw,0.0,4364.0
2473,sun,KALINGA LIMOS,init,i n i t,7 4 7 1,XBYN,INIT,71.0,71.I.V 71.N.C 71.I.V 71.T.c,1.5 1.75 1.3 0.8,init,0.0,4365.0
2673,sun,KINARAY A,adlaw,a d l a w,7 1 5 7 6,XBCYN,ATLAW,77.0,77.A.V 77.T.C 77.L.C 77.A.V 77.W.c,1.5 1.75 1.5 1.3 0.8,adlaw,0.0,4366.0
2713,sun,KOREAN,hE,h æ,3 7,AX,HE,78.0,78.H.C 78.E.V,2.0 1.5,hæ,0.0,4367.0
2753,sun,LEGAZPI,ʔaldaw,ʔ a l d a w,1 7 5 1 7 6,AXMBYN,HALTAW,79.0,79.H.C 79.A.V 79.L.c 79.T.C 79.A.V 79.W.c,2.0 1.5 1.1 1.75 1.3 0.8,ʔaldaw,0.0,4368.0
2793,sun,LIBON,ʔaldaw,ʔ a l d a w,1 7 5 1 7 6,AXMBYN,HALTAW,80.0,80.H.C 80.A.V 80.L.c 80.T.C 80.A.V 80.W.c,2.0 1.5 1.1 1.75 1.3 0.8,ʔaldaw,0.0,4369.0
2833,sun,LIVE,pEvaliki,p æ v a l i k i,1 7 3 7 5 7 1 7,AXBYBYBZ,PEBALIKI,82.0,82.P.C 82.E.V 82.B.C 82.A.V 82.L.C 82.I.V 82.K.C 82.I.V,2.0 1.5 1.75 1.3 1.75 1.3 1.75 0.8,pævaliki,0.0,4370.0
3473,sun,MOKSHA,Si,s i,3 7,AX,SI,102.0,102.S.C 102.I.V,2.0 1.5,si,0.0,4371.0
3513,sun,MOLBOG,odow,o d o w,7 1 7 6,XBYN,UTUW,103.0,103.U.V 103.T.C 103.U.V 103.W.c,1.5 1.75 1.3 0.8,odow,0.0,4372.0
3553,sun,MOLBOG 2,əddəw,ə dd ə w,7 1 7 6,XBYN,ETEW,104.0,104.E.V 104.T.C 104.E.V 104.W.c,1.5 1.75 1.3 0.8,əddəw,0.0,4373.0
3593,sun,MONGOLIAN,nar,n a r,4 7 5,AXN,NAR,105.0,105.N.C 105.A.V 105.R.c,2.0 1.5 0.8,nar,0.0,4374.0
3633,sun,MORO MAGINDANAU,sinaŋ,s i n a ŋ,3 7 4 7 4,AXBYN,SINAN,106.0,106.S.C 106.I.V 106.N.C 106.A.V 106.N.c,2.0 1.5 1.75 1.3 0.8,sinaŋ,0.0,4375.0
3673,sun,NAGA,ʔaldaw,ʔ a l d a w,1 7 5 1 7 6,AXMBYN,HALTAW,107.0,107.H.C 107.A.V 107.L.c 107.T.C 107.A.V 107.W.c,2.0 1.5 1.1 1.75 1.3 0.8,ʔaldaw,0.0,4376.0
3713,sun,NORTHERN CATANDUANES,ʔardaw,ʔ a r d a w,1 7 5 1 7 6,AXMBYN,HARTAW,108.0,108.H.C 108.A.V 108.R.c 108.T.C 108.A.V 108.W.c,2.0 1.5 1.1 1.75 1.3 0.8,ʔardaw,0.0,4377.0
3753,sun,NORTHERN SORSOGON,ʔadlaw,ʔ a d l a w,1 7 1 5 7 6,AXBCYN,HATLAW,109.0,109.H.C 109.A.V 109.T.C 109.L.C 109.A.V 109.W.c,2.0 1.5 1.75 1.5 1.3 0.8,ʔadlaw,0.0,4366.0
3793,sun,OAS,ʔanriw,ʔ a n r i w,1 7 4 5 7 6,AXBCYN,HANRIW,110.0,110.H.C 110.A.V 110.N.C 110.R.C 110.I.V 110.W.c,2.0 1.5 1.75 1.5 1.3 0.8,ʔanriw,0.0,4379.0
3993,sun,PROTO PALAWAN,ʔaldaw,ʔ a l d a w,1 7 5 1 7 6,AXMBYN,HALTAW,115.0,115.H.C 115.A.V 115.L.c 115.T.C 115.A.V 115.W.c,2.0 1.5 1.1 1.75 1.3 0.8,ʔaldaw,0.0,4380.0
4033,sun,QUEZON PALAWAN,əldəw,ə l d ə w,7 5 1 7 6,XMBYN,ELTEW,117.0,117.E.V 117.L.c 117.T.C 117.E.V 117.W.c,1.5 1.1 1.75 1.3 0.8,əldəw,0.0,4381.0
4113,sun,ROMBLOMANON 2,ʔadlaw,ʔ a d l a w,1 7 1 5 7 6,AXBCYN,HATLAW,119.0,119.H.C 119.A.V 119.T.C 119.L.C 119.A.V 119.W.c,2.0 1.5 1.75 1.5 1.3 0.8,ʔadlaw,0.0,4366.0
4233,sun,SANGIL,law,l a w,5 7 6,AXN,LAW,122.0,122.L.C 122.A.V 122.W.c,2.0 1.5 0.8,law,0.0,4364.0
4313,sun,SEDANG,hai,h a i,3 7 7,AXZ,HAI,124.0,124.H.C 124.A.V 124.I.V,2.0 1.5 0.8,hai,0.0,4384.0
4433,sun,SOUTH SAAMI,biejiə,b i e j i ə,1 7 7 6 7 7,AXYBYZ,PIEJIE,128.0,128.P.C 128.I.V 128.E.V 128.J.C 128.I.V 128.E.V,2.0 1.5 1.3 1.75 1.3 0.8,biejiə,0.0,4385.0
4473,sun,SOUTHERN CATANDUANES,ʔaldaw,ʔ a l d a w,1 7 5 1 7 6,AXMBYN,HALTAW,129.0,129.H.C 129.A.V 129.L.c 129.T.C 129.A.V 129.W.c,2.0 1.5 1.1 1.75 1.3 0.8,ʔaldaw,0.0,4386.0
4513,sun,SOUTHERN SORSOGON,ʔadlaw,ʔ a d l a w,1 7 1 5 7 6,AXBCYN,HATLAW,131.0,131.H.C 131.A.V 131.T.C 131.L.C 131.A.V 131.W.c,2.0 1.5 1.75 1.5 1.3 0.8,ʔadlaw,0.0,4366.0
4593,sun,SPANISH,sol,s o l,3 7 5,AXN,SUL,133.0,133.S.C 133.U.V 133.L.c,2.0 1.5 0.8,sol,0.0,4388.0
4753,sun,TAGABAWA,alo,a l o,7 5 7,XBZ,ALU,137.0,137.A.V 137.L.C 137.U.V,1.5 1.75 0.8,alo,0.0,4389.0
4833,sun,TAGALOG,araw,a r a w,7 5 7 6,XBYN,ARAW,139.0,139.A.V 139.R.C 139.A.V 139.W.c,1.5 1.75 1.3 0.8,araw,0.0,4390.0
4873,sun,TAGBANUA ABORLAN,ʔaldaw,ʔ a l d a w,1 7 5 1 7 6,AXMBYN,HALTAW,140.0,140.H.C 140.A.V 140.L.c 140.T.C 140.A.V 140.W.c,2.0 1.5 1.1 1.75 1.3 0.8,ʔaldaw,0.0,4346.0
4993,sun,TALAANDIG BINUKID,anlaw,a n l a w,7 4 5 7 6,XBCYN,ANLAW,143.0,143.A.V 143.N.C 143.L.C 143.A.V 143.W.c,1.5 1.75 1.5 1.3 0.8,anlaw,0.0,4364.0
5113,sun,TAUT BATU,ʔaldaw,ʔ a l d a w,1 7 5 1 7 6,AXMBYN,HALTAW,146.0,146.H.C 146.A.V 146.L.c 146.T.C 146.A.V 146.W.c,2.0 1.5 1.1 1.75 1.3 0.8,ʔaldaw,0.0,4393.0
5233,sun,TIRURAY,teresaŋ,t e r e s a ŋ,1 7 5 7 3 7 4,AXBYBYN,TERESAN,149.0,149.T.C 149.E.V 149.R.C 149.E.V 149.S.C 149.A.V 149.N.c,2.0 1.5 1.75 1.3 1.75 1.3 0.8,teresaŋ,0.0,4394.0
5273,sun,TURKISH,gineS,g i n e s,1 7 4 7 3,AXBYN,KINES,150.0,150.K.C 150.I.V 150.N.C 150.E.V 150.S.c,2.0 1.5 1.75 1.3 0.8,gines,0.0,4395.0
5313,sun,UGARITIC,SapSu,s a p s u,3 7 1 3 7,AXBCZ,SAPSY,151.0,151.S.C 151.A.V 151.P.C 151.S.C 151.Y.V,2.0 1.5 1.75 1.5 0.8,sapsu,0.0,4396.0
5353,sun,WARAY WARAY,adlaw,a d l a w,7 1 5 7 6,XBCYN,ATLAW,152.0,152.A.V 152.T.C 152.L.C 152.A.V 152.W.c,1.5 1.75 1.5 1.3 0.8,adlaw,0.0,4366.0
5433,sun,YOGAD,igaw,i g a w,7 1 7 6,XBYN,IKAW,154.0,154.I.V 154.K.C 154.A.V 154.W.c,1.5 1.75 1.3 0.8,igaw,0.0,4398.0
5593,sun,BISAYA SABAH,mataŋadau,m a t a ŋ a d a u,4 7 1 7 4 7 1 7 7,AXBYBYBYZ,MATANATAY,13.0,13.M.C 13.A.V 13.T.C 13.A.V 13.N.C 13.A.V 13.T.C 13.A.V 13.Y.V,2.0 1.5 1.75 1.3 1.75 1.3 1.75 1.3 0.8,mataŋadau,0.0,4343.0
34,tongue,AGTA,hilo,h i l o,3 7 5 7,AXBZ,HILU,1.0,1.H.C 1.I.V 1.L.C 1.U.V,2.0 1.5 1.75 0.8,hilo,0.0,4399.0
74,tongue,AKLANON,dilaʔ,d i l a ʔ,1 7 5 7 1,AXBYN,TILAH,2.0,2.T.C 2.I.V 2.L.C 2.A.V 2.H.c,2.0 1.5 1.75 1.3 0.8,dilaʔ,0.0,4471.0
114,tongue,ATTA PAMPLONA,dʒila,dʒ i l a,1 7 5 7,AXBZ,TILA,3.0,3.T.C 3.I.V 3.L.C 3.A.V,2.0 1.5 1.75 0.8,dʒila,0.0,4471.0
154,tongue,BALANGAW,dilo,d i l o,1 7 5 7,AXBZ,TILU,5.0,5.T.C 5.I.V 5.L.C 5.U.V,2.0 1.5 1.75 0.8,dilo,0.0,4471.0
194,tongue,BALANGINGI SAMA,dellaʔ,d e ll a ʔ,1 7 5 7 1,AXBYN,TELAH,6.0,6.T.C 6.E.V 6.L.C 6.A.V 6.H.c,2.0 1.5 1.75 1.3 0.8,dellaʔ,0.0,4471.0
234,tongue,BALANGINGI SAMA (1),dellaʔ,d e ll a ʔ,1 7 5 7 1,AXBYN,TELAH,7.0,7.T.C 7.E.V 7.L.C 7.A.V 7.H.c,2.0 1.5 1.75 1.3 0.8,dellaʔ,0.0,4471.0
274,tongue,BASQUE,mihi,m i h i,4 7 3 7,AXBZ,MIHI,8.0,8.M.C 8.I.V 8.H.C 8.I.V,2.0 1.5 1.75 0.8,mihi,0.0,4406.0
314,tongue,BATAK PALAWAN,dilaʔ,d i l a ʔ,1 7 5 7 1,AXBYN,TILAH,9.0,9.T.C 9.I.V 9.L.C 9.A.V 9.H.c,2.0 1.5 1.75 1.3 0.8,dilaʔ,0.0,4471.0
354,tongue,BILAAN KORONADAL,diloʔ,d i l o ʔ,1 7 5 7 1,AXBYN,TILUH,10.0,10.T.C 10.I.V 10.L.C 10.U.V 10.H.c,2.0 1.5 1.75 1.3 0.8,diloʔ,0.0,4471.0
394,tongue,BILAAN SARANGANI,dilaʔ,d i l a ʔ,1 7 5 7 1,AXBYN,TILAH,11.0,11.T.C 11.I.V 11.L.C 11.A.V 11.H.c,2.0 1.5 1.75 1.3 0.8,dilaʔ,0.0,4471.0
434,tongue,BINUKID,dilaʔ,d i l a ʔ,1 7 5 7 1,AXBYN,TILAH,12.0,12.T.C 12.I.V 12.L.C 12.A.V 12.H.c,2.0 1.5 1.75 1.3 0.8,dilaʔ,0.0,4471.0
474,tongue,BONGGI,dila,d i l a,1 7 5 7,AXBZ,TILA,14.0,14.T.C 14.I.V 14.L.C 14.A.V,2.0 1.5 1.75 0.8,dila,0.0,4471.0
514,tongue,BONTOC GUINAANG,dila,d i l a,1 7 5 7,AXBZ,TILA,15.0,15.T.C 15.I.V 15.L.C 15.A.V,2.0 1.5 1.75 0.8,dila,0.0,4471.0
554,tongue,BROOKES POINT PALAWAN,dilaʔ,d i l a ʔ,1 7 5 7 1,AXBYN,TILAH,16.0,16.T.C 16.I.V 16.L.C 16.A.V 16.H.c,2.0 1.5 1.75 1.3 0.8,dilaʔ,0.0,4471.0
594,tongue,BUHI,dilaʔ,d i l a ʔ,1 7 5 7 1,AXBYN,TILAH,17.0,17.T.C 17.I.V 17.L.C 17.A.V 17.H.c,2.0 1.5 1.75 1.3 0.8,dilaʔ,0.0,4471.0
634,tongue,BUHINON ALBAY BICOLANO,riraʔ,r i r a ʔ,5 7 5 7 1,AXBYN,RIRAH,18.0,18.R.C 18.I.V 18.R.C 18.A.V 18.H.c,2.0 1.5 1.75 1.3 0.8,riraʔ,0.0,4416.0
674,tongue,BUKIDNON BINUKID,dilaʔ,d i l a ʔ,1 7 5 7 1,AXBYN,TILAH,19.0,19.T.C 19.I.V 19.L.C 19.A.V 19.H.c,2.0 1.5 1.75 1.3 0.8,dilaʔ,0.0,4471.0
714,tongue,BUTUANON,dila,d i l a,1 7 5 7,AXBZ,TILA,20.0,20.T.C 20.I.V 20.L.C 20.A.V,2.0 1.5 1.75 0.8,dila,0.0,4471.0
754,tongue,CAIJIA,crta,c r t a,1 5 1 7,AXBZ,CRTA,21.0,21.C.C 21.R.V 21.T.C 21.A.V,2.0 1.5 1.75 0.8,crta,0.0,4419.0
794,tongue,CANIPAAN PALAWAN,dilaʔ,d i l a ʔ,1 7 5 7 1,AXBYN,TILAH,22.0,22.T.C 22.I.V 22.L.C 22.A.V 22.H.c,2.0 1.5 1.75 1.3 0.8,dilaʔ,0.0,4471.0
834,tongue,CASIGURAN NEGRITO,dila,d i l a,1 7 5 7,AXBZ,TILA,23.0,23.T.C 23.I.V 23.L.C 23.A.V,2.0 1.5 1.75 0.8,dila,0.0,4471.0
874,tongue,CEBUANO,dila,d i l a,1 7 5 7,AXBZ,TILA,24.0,24.T.C 24.I.V 24.L.C 24.A.V,2.0 1.5 1.75 0.8,dila,0.0,4471.0
914,tongue,CENTRAL BICOLANO,dilaʔ,d i l a ʔ,1 7 5 7 1,AXBYN,TILAH,25.0,25.T.C 25.I.V 25.L.C 25.A.V 25.H.c,2.0 1.5 1.75 1.3 0.8,dilaʔ,0.0,4471.0
954,tongue,CENTRAL BONTOC,dila,d i l a,1 7 5 7,AXBZ,TILA,26.0,26.T.C 26.I.V 26.L.C 26.A.V,2.0 1.5 1.75 0.8,dila,0.0,4471.0
994,tongue,CENTRAL DUSUN,dilaʔ,d i l a ʔ,1 7 5 7 1,AXBYN,TILAH,27.0,27.T.C 27.I.V 27.L.C 27.A.V 27.H.c,2.0 1.5 1.75 1.3 0.8,dilaʔ,0.0,4471.0
1034,tongue,CENTRAL TAGBANWA,dila,d i l a,1 7 5 7,AXBZ,TILA,28.0,28.T.C 28.I.V 28.L.C 28.A.V,2.0 1.5 1.75 0.8,dila,0.0,4471.0
1074,tongue,CUYONON,dilaʔ,d i l a ʔ,1 7 5 7 1,AXBYN,TILAH,29.0,29.T.C 29.I.V 29.L.C 29.A.V 29.H.c,2.0 1.5 1.75 1.3 0.8,dilaʔ,0.0,4471.0
1114,tongue,DARAGA,dilaʔ,d i l a ʔ,1 7 5 7 1,AXBYN,TILAH,30.0,30.T.C 30.I.V 30.L.C 30.A.V 30.H.c,2.0 1.5 1.75 1.3 0.8,dilaʔ,0.0,4471.0
1154,tongue,DUMAGAT CASIGURAN,dilaʔ,d i l a ʔ,1 7 5 7 1,AXBYN,TILAH,31.0,31.T.C 31.I.V 31.L.C 31.A.V 31.H.c,2.0 1.5 1.75 1.3 0.8,dilaʔ,0.0,4471.0
1194,tongue,DUPANINGAN AGTA,dilaʔ,d i l a ʔ,1 7 5 7 1,AXBYN,TILAH,32.0,32.T.C 32.I.V 32.L.C 32.A.V 32.H.c,2.0 1.5 1.75 1.3 0.8,dilaʔ,0.0,4471.0
1234,tongue,ENGLISH,təŋ,t ə ŋ,1 7 4,AXN,TEN,33.0,33.T.C 33.E.V 33.N.c,2.0 1.5 0.8,təŋ,0.0,4431.0
1274,tongue,ESKAYAN,golitas,g o l i t a s,1 7 5 7 1 7 3,AXBYBYN,KULITAS,34.0,34.K.C 34.U.V 34.L.C 34.I.V 34.T.C 34.A.V 34.S.c,2.0 1.5 1.75 1.3 1.75 1.3 0.8,golitas,0.0,4432.0
1314,tongue,ESTONIAN,kel,k e l,1 7 5,AXN,KEL,35.0,35.K.C 35.E.V 35.L.c,2.0 1.5 0.8,kel,0.0,4433.0
1354,tongue,FINNISH,kieli,k i e l i,1 7 7 5 7,AXYBZ,KIELI,37.0,37.K.C 37.I.V 37.E.V 37.L.C 37.I.V,2.0 1.5 1.3 1.75 0.8,kieli,0.0,4435.0
1394,tongue,FUZHOU CHINESE,tʃuiliek,tʃ u i l i e k,1 7 7 5 7 7 1,AXYBYYN,TYILIEK,38.0,38.T.C 38.Y.V 38.I.V 38.L.C 38.I.V 38.E.V 38.K.c,2.0 1.5 1.3 1.75 1.3 1.3 0.8,tʃuiliek,0.0,4436.0
1434,tongue,GADDANG,dila,d i l a,1 7 5 7,AXBZ,TILA,39.0,39.T.C 39.I.V 39.L.C 39.A.V,2.0 1.5 1.75 0.8,dila,0.0,4471.0
1474,tongue,HANUNOO,dilaʔ,d i l a ʔ,1 7 5 7 1,AXBYN,TILAH,40.0,40.T.C 40.I.V 40.L.C 40.A.V 40.H.c,2.0 1.5 1.75 1.3 0.8,dilaʔ,0.0,4471.0
1514,tongue,HIGAONON BINUKID,dilaʔ,d i l a ʔ,1 7 5 7 1,AXBYN,TILAH,41.0,41.T.C 41.I.V 41.L.C 41.A.V 41.H.c,2.0 1.5 1.75 1.3 0.8,dilaʔ,0.0,4471.0
1554,tongue,HUNGARIAN,5elv,e l v,7 5 3,XLN,ELB,43.0,43.E.V 43.L.c 43.B.c,1.5 1.1 0.8,elv,0.0,4441.0
1594,tongue,IBALOI,ʃila,ʃ i l a,3 7 5 7,AXBZ,SILA,44.0,44.S.C 44.I.V 44.L.C 44.A.V,2.0 1.5 1.75 0.8,ʃila,0.0,4435.0
1634,tongue,IBANAG,zila,z i l a,3 7 5 7,AXBZ,SILA,45.0,45.S.C 45.I.V 45.L.C 45.A.V,2.0 1.5 1.75 0.8,zila,0.0,4399.0
1674,tongue,IDAAN,dilaʔ,d i l a ʔ,1 7 5 7 1,AXBYN,TILAH,46.0,46.T.C 46.I.V 46.L.C 46.A.V 46.H.c,2.0 1.5 1.75 1.3 0.8,dilaʔ,0.0,4471.0
1714,tongue,IFUGAO AMGANAD,dila,d i l a,1 7 5 7,AXBZ,TILA,47.0,47.T.C 47.I.V 47.L.C 47.A.V,2.0 1.5 1.75 0.8,dila,0.0,4471.0
1754,tongue,IFUGAO BATAD,dila,d i l a,1 7 5 7,AXBZ,TILA,48.0,48.T.C 48.I.V 48.L.C 48.A.V,2.0 1.5 1.75 0.8,dila,0.0,4471.0
1794,tongue,IFUGAO BAYNINAN,dila,d i l a,1 7 5 7,AXBZ,TILA,49.0,49.T.C 49.I.V 49.L.C 49.A.V,2.0 1.5 1.75 0.8,dila,0.0,4471.0
1834,tongue,ILOKANO,dila,d i l a,1 7 5 7,AXBZ,TILA,50.0,50.T.C 50.I.V 50.L.C 50.A.V,2.0 1.5 1.75 0.8,dila,0.0,4471.0
1874,tongue,ILONGOT KAKIDUGEN,limut,l i m u t,5 7 4 7 1,AXBYN,LIMYT,51.0,51.L.C 51.I.V 51.M.C 51.Y.V 51.T.c,2.0 1.5 1.75 1.3 0.8,limut,0.0,4449.0
1914,tongue,INIBALOI,Cila,c i l a,1 7 5 7,AXBZ,CILA,54.0,54.C.C 54.I.V 54.L.C 54.A.V,2.0 1.5 1.75 0.8,cila,0.0,4435.0
1954,tongue,IRANUN,dilaʔ,d i l a ʔ,1 7 5 7 1,AXBYN,TILAH,55.0,55.T.C 55.I.V 55.L.C 55.A.V 55.H.c,2.0 1.5 1.75 1.3 0.8,dilaʔ,0.0,4471.0
1994,tongue,IRIGA,riraʔ,r i r a ʔ,5 7 5 7 1,AXBYN,RIRAH,57.0,57.R.C 57.I.V 57.R.C 57.A.V 57.H.c,2.0 1.5 1.75 1.3 0.8,riraʔ,0.0,4416.0
2034,tongue,ISNAG,dila,d i l a,1 7 5 7,AXBZ,TILA,59.0,59.T.C 59.I.V 59.L.C 59.A.V,2.0 1.5 1.75 0.8,dila,0.0,4471.0
2074,tongue,ISNEG,dila,d i l a,1 7 5 7,AXBZ,TILA,60.0,60.T.C 60.I.V 60.L.C 60.A.V,2.0 1.5 1.75 0.8,dila,0.0,4471.0
2114,tongue,ITAWIT,hilE,h i l æ,3 7 5 7,AXBZ,HILE,61.0,61.H.C 61.I.V 61.L.C 61.E.V,2.0 1.5 1.75 0.8,hilæ,0.0,4459.0
2154,tongue,ITBAYATEN BATANES ISLANDS,rilaʔ,r i l a ʔ,5 7 5 7 1,AXBYN,RILAH,62.0,62.R.C 62.I.V 62.L.C 62.A.V 62.H.c,2.0 1.5 1.75 1.3 0.8,rilaʔ,0.0,4402.0
2194,tongue,ITNEG BINONGAN,dila,d i l a,1 7 5 7,AXBZ,TILA,63.0,63.T.C 63.I.V 63.L.C 63.A.V,2.0 1.5 1.75 0.8,dila,0.0,4471.0
2234,tongue,IVATAN BATANES ISLANDS,ridaʔ,r i d a ʔ,5 7 1 7 1,AXBYN,RITAH,65.0,65.R.C 65.I.V 65.T.C 65.A.V 65.H.c,2.0 1.5 1.75 1.3 0.8,ridaʔ,0.0,4402.0
2274,tongue,JAPANESE,Sita,s i t a,3 7 1 7,AXBZ,SITA,66.0,66.S.C 66.I.V 66.T.C 66.A.V,2.0 1.5 1.75 0.8,sita,0.0,4464.0
2314,tongue,KADAZAN,diha,d i h a,1 7 3 7,AXBZ,TIHA,67.0,67.T.C 67.I.V 67.H.C 67.A.V,2.0 1.5 1.75 0.8,diha,0.0,4431.0
2354,tongue,KAGAYANEN,dilaʔ,d i l a ʔ,1 7 5 7 1,AXBYN,TILAH,68.0,68.T.C 68.I.V 68.L.C 68.A.V 68.H.c,2.0 1.5 1.75 1.3 0.8,dilaʔ,0.0,4471.0
2394,tongue,KALAGAN,dilaʔ,d i l a ʔ,1 7 5 7 1,AXBYN,TILAH,69.0,69.T.C 69.I.V 69.L.C 69.A.V 69.H.c,2.0 1.5 1.75 1.3 0.8,dilaʔ,0.0,4471.0
2434,tongue,KALINGA GUINAANG,dila,d i l a,1 7 5 7,AXBZ,TILA,70.0,70.T.C 70.I.V 70.L.C 70.A.V,2.0 1.5 1.75 0.8,dila,0.0,4471.0
2474,tongue,KALINGA LIMOS,dila,d i l a,1 7 5 7,AXBZ,TILA,71.0,71.T.C 71.I.V 71.L.C 71.A.V,2.0 1.5 1.75 0.8,dila,0.0,4471.0
2514,tongue,KALLAHAN KAYAPA PROPER,dila,d i l a,1 7 5 7,AXBZ,TILA,72.0,72.T.C 72.I.V 72.L.C 72.A.V,2.0 1.5 1.75 0.8,dila,0.0,4471.0
2554,tongue,KALLAHAN KELEYQIQ IFUGAO,dilaʔ,d i l a ʔ,1 7 5 7 1,AXBYN,TILAH,73.0,73.T.C 73.I.V 73.L.C 73.A.V 73.H.c,2.0 1.5 1.75 1.3 0.8,dilaʔ,0.0,4471.0
2594,tongue,KANKANAY NORTHERN,dila,d i l a,1 7 5 7,AXBZ,TILA,75.0,75.T.C 75.I.V 75.L.C 75.A.V,2.0 1.5 1.75 0.8,dila,0.0,4471.0
2634,tongue,KAPAMPANGAN,dilaʔ,d i l a ʔ,1 7 5 7 1,AXBYN,TILAH,76.0,76.T.C 76.I.V 76.L.C 76.A.V 76.H.c,2.0 1.5 1.75 1.3 0.8,dilaʔ,0.0,4471.0
2674,tongue,KINARAY A,dila,d i l a,1 7 5 7,AXBZ,TILA,77.0,77.T.C 77.I.V 77.L.C 77.A.V,2.0 1.5 1.75 0.8,dila,0.0,4471.0
2714,tongue,KOREAN,hjo,h j o,3 6 7,ACX,HJU,78.0,78.H.C 78.J.C 78.U.V,2.0 1.5 1.5,hjo,0.0,4476.0
2754,tongue,LEGAZPI,dilaʔ,d i l a ʔ,1 7 5 7 1,AXBYN,TILAH,79.0,79.T.C 79.I.V 79.L.C 79.A.V 79.H.c,2.0 1.5 1.75 1.3 0.8,dilaʔ,0.0,4471.0
2794,tongue,LIBON,riraʔ,r i r a ʔ,5 7 5 7 1,AXBYN,RIRAH,80.0,80.R.C 80.I.V 80.R.C 80.A.V 80.H.c,2.0 1.5 1.75 1.3 0.8,riraʔ,0.0,4416.0
2834,tongue,LIVE,kjel,k j e l,1 6 7 5,ACXN,KJEL,82.0,82.K.C 82.J.C 82.E.V 82.L.c,2.0 1.5 1.5 0.8,kjel,0.0,4480.0
2874,tongue,MAGUINDANAO,dila,d i l a,1 7 5 7,AXBZ,TILA,83.0,83.T.C 83.I.V 83.L.C 83.A.V,2.0 1.5 1.75 0.8,dila,0.0,4471.0
2914,tongue,MAMANWA,dilaʔ,d i l a ʔ,1 7 5 7 1,AXBYN,TILAH,84.0,84.T.C 84.I.V 84.L.C 84.A.V 84.H.c,2.0 1.5 1.75 1.3 0.8,dilaʔ,0.0,4471.0
2954,tongue,MANOBO ATA,diloʔ,d i l o ʔ,1 7 5 7 1,AXBYN,TILUH,88.0,88.T.C 88.I.V 88.L.C 88.U.V 88.H.c,2.0 1.5 1.75 1.3 0.8,diloʔ,0.0,4471.0
2994,tongue,MANOBO DIBABAWON,dilaʔ,d i l a ʔ,1 7 5 7 1,AXBYN,TILAH,89.0,89.T.C 89.I.V 89.L.C 89.A.V 89.H.c,2.0 1.5 1.75 1.3 0.8,dilaʔ,0.0,4471.0
3034,tongue,MANOBO ILIANEN,dilaʔ,d i l a ʔ,1 7 5 7 1,AXBYN,TILAH,90.0,90.T.C 90.I.V 90.L.C 90.A.V 90.H.c,2.0 1.5 1.75 1.3 0.8,dilaʔ,0.0,4471.0
3074,tongue,MANOBO KALAMANSIG COTABATO,dilaʔ,d i l a ʔ,1 7 5 7 1,AXBYN,TILAH,91.0,91.T.C 91.I.V 91.L.C 91.A.V 91.H.c,2.0 1.5 1.75 1.3 0.8,dilaʔ,0.0,4471.0
3114,tongue,MANOBO SARANGANI,dilaʔ,d i l a ʔ,1 7 5 7 1,AXBYN,TILAH,92.0,92.T.C 92.I.V 92.L.C 92.A.V 92.H.c,2.0 1.5 1.75 1.3 0.8,dilaʔ,0.0,4471.0
3154,tongue,MANOBO TIGWA,diləʔ,d i l ə ʔ,1 7 5 7 1,AXBYN,TILEH,93.0,93.T.C 93.I.V 93.L.C 93.E.V 93.H.c,2.0 1.5 1.75 1.3 0.8,diləʔ,0.0,4471.0
3194,tongue,MANOBO WESTERN BUKIDNON,dilaʔ,d i l a ʔ,1 7 5 7 1,AXBYN,TILAH,94.0,94.T.C 94.I.V 94.L.C 94.A.V 94.H.c,2.0 1.5 1.75 1.3 0.8,dilaʔ,0.0,4471.0
3234,tongue,MANSAKA,dilaʔ,d i l a ʔ,1 7 5 7 1,AXBYN,TILAH,95.0,95.T.C 95.I.V 95.L.C 95.A.V 95.H.c,2.0 1.5 1.75 1.3 0.8,dilaʔ,0.0,4471.0
3274,tongue,MAPUN,dalaʔ,d a l a ʔ,1 7 5 7 1,AXBYN,TALAH,97.0,97.T.C 97.A.V 97.L.C 97.A.V 97.H.c,2.0 1.5 1.75 1.3 0.8,dalaʔ,0.0,4471.0
3314,tongue,MARANAO,dilaʔ,d i l a ʔ,1 7 5 7 1,AXBYN,TILAH,98.0,98.T.C 98.I.V 98.L.C 98.A.V 98.H.c,2.0 1.5 1.75 1.3 0.8,dilaʔ,0.0,4471.0
3354,tongue,MARINDUQUE TAGALOG,dilaʔ,d i l a ʔ,1 7 5 7 1,AXBYN,TILAH,99.0,99.T.C 99.I.V 99.L.C 99.A.V 99.H.c,2.0 1.5 1.75 1.3 0.8,dilaʔ,0.0,4471.0
3394,tongue,MASBATENYO,dila,d i l a,1 7 5 7,AXBZ,TILA,100.0,100.T.C 100.I.V 100.L.C 100.A.V,2.0 1.5 1.75 0.8,dila,0.0,4471.0
3434,tongue,MINANGALI LOWER TANUDAN KALINGA,dela,d e l a,1 7 5 7,AXBZ,TELA,101.0,101.T.C 101.E.V 101.L.C 101.A.V,2.0 1.5 1.75 0.8,dela,0.0,4499.0
3474,tongue,MOKSHA,kalj,k a l j,1 7 5 6,AXBC,KALJ,102.0,102.K.C 102.A.V 102.L.C 102.J.C,2.0 1.5 1.75 1.5,kalj,0.0,4500.0
3514,tongue,MOLBOG,dilaʔ,d i l a ʔ,1 7 5 7 1,AXBYN,TILAH,103.0,103.T.C 103.I.V 103.L.C 103.A.V 103.H.c,2.0 1.5 1.75 1.3 0.8,dilaʔ,0.0,4471.0
3554,tongue,MOLBOG 2,dilaʔ,d i l a ʔ,1 7 5 7 1,AXBYN,TILAH,104.0,104.T.C 104.I.V 104.L.C 104.A.V 104.H.c,2.0 1.5 1.75 1.3 0.8,dilaʔ,0.0,4471.0
3594,tongue,MONGOLIAN,xiL,x i l,3 7 5,AXN,GIL,105.0,105.G.C 105.I.V 105.L.c,2.0 1.5 0.8,xil,0.0,4503.0
3634,tongue,MORO MAGINDANAU,dila,d i l a,1 7 5 7,AXBZ,TILA,106.0,106.T.C 106.I.V 106.L.C 106.A.V,2.0 1.5 1.75 0.8,dila,0.0,4471.0
3674,tongue,NAGA,dilaʔ,d i l a ʔ,1 7 5 7 1,AXBYN,TILAH,107.0,107.T.C 107.I.V 107.L.C 107.A.V 107.H.c,2.0 1.5 1.75 1.3 0.8,dilaʔ,0.0,4471.0
3714,tongue,NORTHERN CATANDUANES,dilaʔ,d i l a ʔ,1 7 5 7 1,AXBYN,TILAH,108.0,108.T.C 108.I.V 108.L.C 108.A.V 108.H.c,2.0 1.5 1.75 1.3 0.8,dilaʔ,0.0,4471.0
3754,tongue,NORTHERN SORSOGON,dilaʔ,d i l a ʔ,1 7 5 7 1,AXBYN,TILAH,109.0,109.T.C 109.I.V 109.L.C 109.A.V 109.H.c,2.0 1.5 1.75 1.3 0.8,dilaʔ,0.0,4471.0
3794,tongue,OAS,dilaʔ,d i l a ʔ,1 7 5 7 1,AXBYN,TILAH,110.0,110.T.C 110.I.V 110.L.C 110.A.V 110.H.c,2.0 1.5 1.75 1.3 0.8,dilaʔ,0.0,4471.0
3834,tongue,PALAWANO BATAK,dilaʔ,d i l a ʔ,1 7 5 7 1,AXBYN,TILAH,111.0,111.T.C 111.I.V 111.L.C 111.A.V 111.H.c,2.0 1.5 1.75 1.3 0.8,dilaʔ,0.0,4471.0
3874,tongue,PANGASINAN,dila,d i l a,1 7 5 7,AXBZ,TILA,112.0,112.T.C 112.I.V 112.L.C 112.A.V,2.0 1.5 1.75 0.8,dila,0.0,4471.0
3994,tongue,PROTO PALAWAN,dilaʔ,d i l a ʔ,1 7 5 7 1,AXBYN,TILAH,115.0,115.T.C 115.I.V 115.L.C 115.A.V 115.H.c,2.0 1.5 1.75 1.3 0.8,dilaʔ,0.0,4471.0
4034,tongue,QUEZON PALAWAN,dilaʔ,d i l a ʔ,1 7 5 7 1,AXBYN,TILAH,117.0,117.T.C 117.I.V 117.L.C 117.A.V 117.H.c,2.0 1.5 1.75 1.3 0.8,dilaʔ,0.0,4471.0
4074,tongue,ROMBLOMANON 1,dilaʔ,d i l a ʔ,1 7 5 7 1,AXBYN,TILAH,118.0,118.T.C 118.I.V 118.L.C 118.A.V 118.H.c,2.0 1.5 1.75 1.3 0.8,dilaʔ,0.0,4471.0
4114,tongue,ROMBLOMANON 2,dilaʔ,d i l a ʔ,1 7 5 7 1,AXBYN,TILAH,119.0,119.T.C 119.I.V 119.L.C 119.A.V 119.H.c,2.0 1.5 1.75 1.3 0.8,dilaʔ,0.0,4471.0
4154,tongue,SAMAL,dəllaʔ,d ə ll a ʔ,1 7 5 7 1,AXBYN,TELAH,120.0,120.T.C 120.E.V 120.L.C 120.A.V 120.H.c,2.0 1.5 1.75 1.3 0.8,dəllaʔ,0.0,4471.0
4194,tongue,SAMBAL BOTOLAN,dilaʔ,d i l a ʔ,1 7 5 7 1,AXBYN,TILAH,121.0,121.T.C 121.I.V 121.L.C 121.A.V 121.H.c,2.0 1.5 1.75 1.3 0.8,dilaʔ,0.0,4471.0
4234,tongue,SANGIL,dila,d i l a,1 7 5 7,AXBZ,TILA,122.0,122.T.C 122.I.V 122.L.C 122.A.V,2.0 1.5 1.75 0.8,dila,0.0,4471.0
4274,tongue,SANGIL SARANGANI ISLANDS,dila,d i l a,1 7 5 7,AXBZ,TILA,123.0,123.T.C 123.I.V 123.L.C 123.A.V,2.0 1.5 1.75 0.8,dila,0.0,4471.0
4314,tongue,SEDANG,rope,r o p e,5 7 1 7,AXBZ,RUPE,124.0,124.R.C 124.U.V 124.P.C 124.E.V,2.0 1.5 1.75 0.8,rope,0.0,4520.0
4354,tongue,SIBUTU SOUTHERN SAMA,delaʔ,d e l a ʔ,1 7 5 7 1,AXBYN,TELAH,125.0,125.T.C 125.E.V 125.L.C 125.A.V 125.H.c,2.0 1.5 1.75 1.3 0.8,delaʔ,0.0,4471.0
4394,tongue,SOGODNIN BORACAY,dilaʔ,d i l a ʔ,1 7 5 7 1,AXBYN,TILAH,127.0,127.T.C 127.I.V 127.L.C 127.A.V 127.H.c,2.0 1.5 1.75 1.3 0.8,dilaʔ,0.0,4471.0
4434,tongue,SOUTH SAAMI,5oekCjemə,o e k c j e m ə,7 7 1 1 6 7 4 7,XYMBCYBZ,UEKCJEME,128.0,128.U.V 128.E.V 128.K.c 128.C.C 128.J.C 128.E.V 128.M.C 128.E.V,1.5 1.3 1.1 1.75 1.5 1.3 1.75 0.8,oekcjemə,0.0,4524.0
4474,tongue,SOUTHERN CATANDUANES,dilaʔ,d i l a ʔ,1 7 5 7 1,AXBYN,TILAH,129.0,129.T.C 129.I.V 129.L.C 129.A.V 129.H.c,2.0 1.5 1.75 1.3 0.8,dilaʔ,0.0,4471.0
4514,tongue,SOUTHERN SORSOGON,dilaʔ,d i l a ʔ,1 7 5 7 1,AXBYN,TILAH,131.0,131.T.C 131.I.V 131.L.C 131.A.V 131.H.c,2.0 1.5 1.75 1.3 0.8,dilaʔ,0.0,4471.0
4554,tongue,SOUTHWEST PALAWANO,dilaʔ,d i l a ʔ,1 7 5 7 1,AXBYN,TILAH,132.0,132.T.C 132.I.V 132.L.C 132.A.V 132.H.c,2.0 1.5 1.75 1.3 0.8,dilaʔ,0.0,4471.0
4594,tongue,SPANISH,leŋwa,l e ŋw a,5 7 4 7,AXBZ,LENA,133.0,133.L.C 133.E.V 133.N.C 133.A.V,2.0 1.5 1.75 0.8,leŋwa,0.0,4529.0
4634,tongue,SUBANON SIOCON,dilaʔ,d i l a ʔ,1 7 5 7 1,AXBYN,TILAH,134.0,134.T.C 134.I.V 134.L.C 134.A.V 134.H.c,2.0 1.5 1.75 1.3 0.8,dilaʔ,0.0,4471.0
4674,tongue,SUBANUN SINDANGAN,dilaʔ,d i l a ʔ,1 7 5 7 1,AXBYN,TILAH,135.0,135.T.C 135.I.V 135.L.C 135.A.V 135.H.c,2.0 1.5 1.75 1.3 0.8,dilaʔ,0.0,4471.0
4714,tongue,SURIGAONON,dila,d i l a,1 7 5 7,AXBZ,TILA,136.0,136.T.C 136.I.V 136.L.C 136.A.V,2.0 1.5 1.75 0.8,dila,0.0,4471.0
4794,tongue,TAGABILI,dilak,d i l a k,1 7 5 7 1,AXBYN,TILAK,138.0,138.T.C 138.I.V 138.L.C 138.A.V 138.K.c,2.0 1.5 1.75 1.3 0.8,dilak,0.0,4436.0
4834,tongue,TAGALOG,dila,d i l a,1 7 5 7,AXBZ,TILA,139.0,139.T.C 139.I.V 139.L.C 139.A.V,2.0 1.5 1.75 0.8,dila,0.0,4471.0
4874,tongue,TAGBANUA ABORLAN,dila,d i l a,1 7 5 7,AXBZ,TILA,140.0,140.T.C 140.I.V 140.L.C 140.A.V,2.0 1.5 1.75 0.8,dila,0.0,4471.0
4914,tongue,TAGBANWA ABORLAN,dila,d i l a,1 7 5 7,AXBZ,TILA,141.0,141.T.C 141.I.V 141.L.C 141.A.V,2.0 1.5 1.75 0.8,dila,0.0,4471.0
4954,tongue,TAGBANWA KALAMIAN,dilak,d i l a k,1 7 5 7 1,AXBYN,TILAK,142.0,142.T.C 142.I.V 142.L.C 142.A.V 142.K.c,2.0 1.5 1.75 1.3 0.8,dilak,0.0,4471.0
4994,tongue,TALAANDIG BINUKID,dilaʔ,d i l a ʔ,1 7 5 7 1,AXBYN,TILAH,143.0,143.T.C 143.I.V 143.L.C 143.A.V 143.H.c,2.0 1.5 1.75 1.3 0.8,dilaʔ,0.0,4471.0
5034,tongue,TAMBUNAN DUSUN,dila,d i l a,1 7 5 7,AXBZ,TILA,144.0,144.T.C 144.I.V 144.L.C 144.A.V,2.0 1.5 1.75 0.8,dila,0.0,4471.0
5074,tongue,TAUSUG,dilaʔ,d i l a ʔ,1 7 5 7 1,AXBYN,TILAH,145.0,145.T.C 145.I.V 145.L.C 145.A.V 145.H.c,2.0 1.5 1.75 1.3 0.8,dilaʔ,0.0,4471.0
5114,tongue,TAUT BATU,diləp,d i l ə p,1 7 5 7 1,AXBYN,TILEP,146.0,146.T.C 146.I.V 146.L.C 146.E.V 146.P.c,2.0 1.5 1.75 1.3 0.8,diləp,0.0,4541.0
5154,tongue,TBOLI TAGABILI,dilak,d i l a k,1 7 5 7 1,AXBYN,TILAK,147.0,147.T.C 147.I.V 147.L.C 147.A.V 147.K.c,2.0 1.5 1.75 1.3 0.8,dilak,0.0,4436.0
5194,tongue,TIMUGON MURUT,dilaʔ,d i l a ʔ,1 7 5 7 1,AXBYN,TILAH,148.0,148.T.C 148.I.V 148.L.C 148.A.V 148.H.c,2.0 1.5 1.75 1.3 0.8,dilaʔ,0.0,4471.0
5234,tongue,TIRURAY,dilaʔ,d i l a ʔ,1 7 5 7 1,AXBYN,TILAH,149.0,149.T.C 149.I.V 149.L.C 149.A.V 149.H.c,2.0 1.5 1.75 1.3 0.8,dilaʔ,0.0,4471.0
5274,tongue,TURKISH,dil,d i l,1 7 5,AXN,TIL,150.0,150.T.C 150.I.V 150.L.c,2.0 1.5 0.8,dil,0.0,4545.0
5314,tongue,UGARITIC,laSanu,l a s a n u,5 7 3 7 4 7,AXBYBZ,LASANY,151.0,151.L.C 151.A.V 151.S.C 151.A.V 151.N.C 151.Y.V,2.0 1.5 1.75 1.3 1.75 0.8,lasanu,0.0,4546.0
5354,tongue,WARAY WARAY,dila,d i l a,1 7 5 7,AXBZ,TILA,152.0,152.T.C 152.I.V 152.L.C 152.A.V,2.0 1.5 1.75 0.8,dila,0.0,4471.0
5394,tongue,YAKAN,delaʔ,d e l a ʔ,1 7 5 7 1,AXBYN,TELAH,153.0,153.T.C 153.E.V 153.L.C 153.A.V 153.H.c,2.0 1.5 1.75 1.3 0.8,delaʔ,0.0,4471.0
5434,tongue,YOGAD,dila,d i l a,1 7 5 7,AXBZ,TILA,154.0,154.T.C 154.I.V 154.L.C 154.A.V,2.0 1.5 1.75 0.8,dila,0.0,4471.0
5514,tongue,IMOROD,lila,l i l a,5 7 5 7,AXBZ,LILA,52.0,52.L.C 52.I.V 52.L.C 52.A.V,2.0 1.5 1.75 0.8,lila,0.0,4450.0
5554,tongue,BABUYAN,rida,r i d a,5 7 1 7,AXBZ,RITA,4.0,4.R.C 4.I.V 4.T.C 4.A.V,2.0 1.5 1.75 0.8,rida,0.0,4402.0
5594,tongue,BISAYA SABAH,dilo,d i l o,1 7 5 7,AXBZ,TILU,13.0,13.T.C 13.I.V 13.L.C 13.U.V,2.0 1.5 1.75 0.8,dilo,0.0,4471.0
5634,tongue,FINALLIG,Cila,c i l a,1 7 5 7,AXBZ,CILA,36.0,36.C.C 36.I.V 36.L.C 36.A.V,2.0 1.5 1.75 0.8,cila,0.0,4471.0
5674,tongue,HILIGAYNON,dilaʔ,d i l a ʔ,1 7 5 7 1,AXBYN,TILAH,42.0,42.T.C 42.I.V 42.L.C 42.A.V 42.H.c,2.0 1.5 1.75 1.3 0.8,dilaʔ,0.0,4471.0
5714,tongue,INABAKNON,dalaʔ,d a l a ʔ,1 7 5 7 1,AXBYN,TALAH,53.0,53.T.C 53.A.V 53.L.C 53.A.V 53.H.c,2.0 1.5 1.75 1.3 0.8,dalaʔ,0.0,4471.0
5754,tongue,IRARALAY IVATAN,lila,l i l a,5 7 5 7,AXBZ,LILA,56.0,56.L.C 56.I.V 56.L.C 56.A.V,2.0 1.5 1.75 0.8,lila,0.0,4450.0
5794,tongue,ISAMORONG IVATAN,rida,r i d a,5 7 1 7,AXBZ,RITA,58.0,58.R.C 58.I.V 58.T.C 58.A.V,2.0 1.5 1.75 0.8,rida,0.0,4402.0
5834,tongue,IVASAY IVATAN,rida,r i d a,5 7 1 7,AXBZ,RITA,64.0,64.R.C 64.I.V 64.T.C 64.A.V,2.0 1.5 1.75 0.8,rida,0.0,4402.0
5874,tongue,KANKANAEY,dila,d i l a,1 7 5 7,AXBZ,TILA,74.0,74.T.C 74.I.V 74.L.C 74.A.V,2.0 1.5 1.75 0.8,dila,0.0,4471.0
5914,tongue,LIMOS KALINGA,dila,d i l a,1 7 5 7,AXBZ,TILA,81.0,81.T.C 81.I.V 81.L.C 81.A.V,2.0 1.5 1.75 0.8,dila,0.0,4471.0
5954,tongue,MANDAYAN BOSO,dilaʔ,d i l a ʔ,1 7 5 7 1,AXBYN,TILAH,85.0,85.T.C 85.I.V 85.L.C 85.A.V 85.H.c,2.0 1.5 1.75 1.3 0.8,dilaʔ,0.0,4471.0
5994,tongue,MANDAYAN CARAGA,dilaʔ,d i l a ʔ,1 7 5 7 1,AXBYN,TILAH,86.0,86.T.C 86.I.V 86.L.C 86.A.V 86.H.c,2.0 1.5 1.75 1.3 0.8,dilaʔ,0.0,4471.0
6034,tongue,MANDAYAN ISLAM PISO,dilaʔ,d i l a ʔ,1 7 5 7 1,AXBYN,TILAH,87.0,87.T.C 87.I.V 87.L.C 87.A.V 87.H.c,2.0 1.5 1.75 1.3 0.8,dilaʔ,0.0,4471.0
6074,tongue,MANSAKA 2,dilaʔ,d i l a ʔ,1 7 5 7 1,AXBYN,TILAH,96.0,96.T.C 96.I.V 96.L.C 96.A.V 96.H.c,2.0 1.5 1.75 1.3 0.8,dilaʔ,0.0,4471.0
6114,tongue,PROTO SOUTHERN MINDANAO,dila,d i l a,1 7 5 7,AXBZ,TILA,116.0,116.T.C 116.I.V 116.L.C 116.A.V,2.0 1.5 1.75 0.8,dila,0.0,4471.0
6154,tongue,SINAUNA,dilaʔ,d i l a ʔ,1 7 5 7 1,AXBYN,TILAH,126.0,126.T.C 126.I.V 126.L.C 126.A.V 126.H.c,2.0 1.5 1.75 1.3 0.8,dilaʔ,0.0,4471.0
6194,tongue,SOUTHERN KALINGA,Cila,c i l a,1 7 5 7,AXBZ,CILA,130.0,130.C.C 130.I.V 130.L.C 130.A.V,2.0 1.5 1.75 0.8,cila,0.0,4471.0
35,tooth,AGTA,ŋipon,ŋ i p o n,4 7 1 7 4,AXBYN,NIPUN,1.0,1.N.C 1.I.V 1.P.C 1.U.V 1.N.c,2.0 1.5 1.75 1.3 0.8,ŋipon,0.0,4575.0
75,tooth,AKLANON,ŋipun,ŋ i p u n,4 7 1 7 4,AXBYN,NIPYN,2.0,2.N.C 2.I.V 2.P.C 2.Y.V 2.N.c,2.0 1.5 1.75 1.3 0.8,ŋipun,0.0,4575.0
115,tooth,ATTA PAMPLONA,ŋipan,ŋ i p a n,4 7 1 7 4,AXBYN,NIPAN,3.0,3.N.C 3.I.V 3.P.C 3.A.V 3.N.c,2.0 1.5 1.75 1.3 0.8,ŋipan,0.0,4575.0
155,tooth,BALANGAW,bubʔo,b u b ʔ o,1 7 1 1 7,AXMBZ,PYPHU,5.0,5.P.C 5.Y.V 5.P.c 5.H.C 5.U.V,2.0 1.5 1.1 1.75 0.8,bubʔo,0.0,4551.0
195,tooth,BALANGINGI SAMA,empon,e m p o n,7 4 1 7 4,XMBYN,EMPUN,6.0,6.E.V 6.M.c 6.P.C 6.U.V 6.N.c,1.5 1.1 1.75 1.3 0.8,empon,0.0,4552.0
235,tooth,BALANGINGI SAMA (1),empon,e m p o n,7 4 1 7 4,XMBYN,EMPUN,7.0,7.E.V 7.M.c 7.P.C 7.U.V 7.N.c,1.5 1.1 1.75 1.3 0.8,empon,0.0,4552.0
275,tooth,BASQUE,horc,h o r c,3 7 5 1,AXLN,HURC,8.0,8.H.C 8.U.V 8.R.c 8.C.c,2.0 1.5 1.1 0.8,horc,0.0,4554.0
315,tooth,BATAK PALAWAN,nipən,n i p ə n,4 7 1 7 4,AXBYN,NIPEN,9.0,9.N.C 9.I.V 9.P.C 9.E.V 9.N.c,2.0 1.5 1.75 1.3 0.8,nipən,0.0,4575.0
355,tooth,BILAAN KORONADAL,kifan,k i f a n,1 7 3 7 4,AXBYN,KIBAN,10.0,10.K.C 10.I.V 10.B.C 10.A.V 10.N.c,2.0 1.5 1.75 1.3 0.8,kifan,0.0,4556.0
395,tooth,BILAAN SARANGANI,kifan,k i f a n,1 7 3 7 4,AXBYN,KIBAN,11.0,11.K.C 11.I.V 11.B.C 11.A.V 11.N.c,2.0 1.5 1.75 1.3 0.8,kifan,0.0,4556.0
435,tooth,BINUKID,ŋipən,ŋ i p ə n,4 7 1 7 4,AXBYN,NIPEN,12.0,12.N.C 12.I.V 12.P.C 12.E.V 12.N.c,2.0 1.5 1.75 1.3 0.8,ŋipən,0.0,4575.0
475,tooth,BONGGI,kuhud,k u h u d,1 7 3 7 1,AXBYN,KYHYT,14.0,14.K.C 14.Y.V 14.H.C 14.Y.V 14.T.c,2.0 1.5 1.75 1.3 0.8,kuhud,0.0,4560.0
515,tooth,BONTOC GUINAANG,babʔa,b a b ʔ a,1 7 1 1 7,AXMBZ,PAPHA,15.0,15.P.C 15.A.V 15.P.c 15.H.C 15.A.V,2.0 1.5 1.1 1.75 0.8,babʔa,0.0,4561.0
555,tooth,BROOKES POINT PALAWAN,nipən,n i p ə n,4 7 1 7 4,AXBYN,NIPEN,16.0,16.N.C 16.I.V 16.P.C 16.E.V 16.N.c,2.0 1.5 1.75 1.3 0.8,nipən,0.0,4575.0
595,tooth,BUHI,ŋipin,ŋ i p i n,4 7 1 7 4,AXBYN,NIPIN,17.0,17.N.C 17.I.V 17.P.C 17.I.V 17.N.c,2.0 1.5 1.75 1.3 0.8,ŋipin,0.0,4575.0
635,tooth,BUHINON ALBAY BICOLANO,ŋipən,ŋ i p ə n,4 7 1 7 4,AXBYN,NIPEN,18.0,18.N.C 18.I.V 18.P.C 18.E.V 18.N.c,2.0 1.5 1.75 1.3 0.8,ŋipən,0.0,4575.0
675,tooth,BUKIDNON BINUKID,ŋipun,ŋ i p u n,4 7 1 7 4,AXBYN,NIPYN,19.0,19.N.C 19.I.V 19.P.C 19.Y.V 19.N.c,2.0 1.5 1.75 1.3 0.8,ŋipun,0.0,4575.0
715,tooth,BUTUANON,ŋipon,ŋ i p o n,4 7 1 7 4,AXBYN,NIPUN,20.0,20.N.C 20.I.V 20.P.C 20.U.V 20.N.c,2.0 1.5 1.75 1.3 0.8,ŋipon,0.0,4575.0
755,tooth,CAIJIA,tʃeipei,tʃ e i p e i,1 7 7 1 7 7,AXYBYZ,TEIPEI,21.0,21.T.C 21.E.V 21.I.V 21.P.C 21.E.V 21.I.V,2.0 1.5 1.3 1.75 1.3 0.8,tʃeipei,0.0,4567.0
795,tooth,CANIPAAN PALAWAN,nipən,n i p ə n,4 7 1 7 4,AXBYN,NIPEN,22.0,22.N.C 22.I.V 22.P.C 22.E.V 22.N.c,2.0 1.5 1.75 1.3 0.8,nipən,0.0,4575.0
835,tooth,CASIGURAN NEGRITO,ŋipən,ŋ i p ə n,4 7 1 7 4,AXBYN,NIPEN,23.0,23.N.C 23.I.V 23.P.C 23.E.V 23.N.c,2.0 1.5 1.75 1.3 0.8,ŋipən,0.0,4575.0
875,tooth,CEBUANO,ŋipun,ŋ i p u n,4 7 1 7 4,AXBYN,NIPYN,24.0,24.N.C 24.I.V 24.P.C 24.Y.V 24.N.c,2.0 1.5 1.75 1.3 0.8,ŋipun,0.0,4575.0
915,tooth,CENTRAL BICOLANO,ŋipon,ŋ i p o n,4 7 1 7 4,AXBYN,NIPUN,25.0,25.N.C 25.I.V 25.P.C 25.U.V 25.N.c,2.0 1.5 1.75 1.3 0.8,ŋipon,0.0,4575.0
955,tooth,CENTRAL BONTOC,babʔa,b a b ʔ a,1 7 1 1 7,AXMBZ,PAPHA,26.0,26.P.C 26.A.V 26.P.c 26.H.C 26.A.V,2.0 1.5 1.1 1.75 0.8,babʔa,0.0,4561.0
995,tooth,CENTRAL DUSUN,nipon,n i p o n,4 7 1 7 4,AXBYN,NIPUN,27.0,27.N.C 27.I.V 27.P.C 27.U.V 27.N.c,2.0 1.5 1.75 1.3 0.8,nipon,0.0,4575.0
1035,tooth,CENTRAL TAGBANWA,ŋiti,ŋ i t i,4 7 1 7,AXBZ,NITI,28.0,28.N.C 28.I.V 28.T.C 28.I.V,2.0 1.5 1.75 0.8,ŋiti,0.0,4574.0
1075,tooth,CUYONON,ipən,i p ə n,7 1 7 4,XBYN,IPEN,29.0,29.I.V 29.P.C 29.E.V 29.N.c,1.5 1.75 1.3 0.8,ipən,0.0,4575.0
1115,tooth,DARAGA,ŋipin,ŋ i p i n,4 7 1 7 4,AXBYN,NIPIN,30.0,30.N.C 30.I.V 30.P.C 30.I.V 30.N.c,2.0 1.5 1.75 1.3 0.8,ŋipin,0.0,4575.0
1155,tooth,DUMAGAT CASIGURAN,ŋipən,ŋ i p ə n,4 7 1 7 4,AXBYN,NIPEN,31.0,31.N.C 31.I.V 31.P.C 31.E.V 31.N.c,2.0 1.5 1.75 1.3 0.8,ŋipən,0.0,4575.0
1195,tooth,DUPANINGAN AGTA,ŋipan,ŋ i p a n,4 7 1 7 4,AXBYN,NIPAN,32.0,32.N.C 32.I.V 32.P.C 32.A.V 32.N.c,2.0 1.5 1.75 1.3 0.8,ŋipan,0.0,4575.0
1235,tooth,ENGLISH,tu8,t u,1 7,AX,TY,33.0,33.T.C 33.Y.V,2.0 1.5,tu,0.0,4579.0
1275,tooth,ESKAYAN,prindido,p r i n d i d o,1 5 7 4 1 7 1 7,ACXMBYBZ,PRINTITU,34.0,34.P.C 34.R.C 34.I.V 34.N.c 34.T.C 34.I.V 34.T.C 34.U.V,2.0 1.5 1.5 1.1 1.75 1.3 1.75 0.8,prindido,0.0,4580.0
1315,tooth,ESTONIAN,hammas,h a mm a s,3 7 4 7 3,AXBYN,HAMAS,35.0,35.H.C 35.A.V 35.M.C 35.A.V 35.S.c,2.0 1.5 1.75 1.3 0.8,hammas,0.0,4581.0
1355,tooth,FINNISH,hammas,h a mm a s,3 7 4 7 3,AXBYN,HAMAS,37.0,37.H.C 37.A.V 37.M.C 37.A.V 37.S.c,2.0 1.5 1.75 1.3 0.8,hammas,0.0,4583.0
1395,tooth,FUZHOU CHINESE,ŋai,ŋ a i,4 7 7,AXZ,NAI,38.0,38.N.C 38.A.V 38.I.V,2.0 1.5 0.8,ŋai,1.0,4584.0
1435,tooth,GADDANG,ŋipan,ŋ i p a n,4 7 1 7 4,AXBYN,NIPAN,39.0,39.N.C 39.I.V 39.P.C 39.A.V 39.N.c,2.0 1.5 1.75 1.3 0.8,ŋipan,0.0,4575.0
1475,tooth,HANUNOO,ŋipun,ŋ i p u n,4 7 1 7 4,AXBYN,NIPYN,40.0,40.N.C 40.I.V 40.P.C 40.Y.V 40.N.c,2.0 1.5 1.75 1.3 0.8,ŋipun,0.0,4575.0
1515,tooth,HIGAONON BINUKID,ŋipun,ŋ i p u n,4 7 1 7 4,AXBYN,NIPYN,41.0,41.N.C 41.I.V 41.P.C 41.Y.V 41.N.c,2.0 1.5 1.75 1.3 0.8,ŋipun,0.0,4575.0
1555,tooth,HUNGARIAN,fog,f o g,3 7 1,AXN,BUK,43.0,43.B.C 43.U.V 43.K.c,2.0 1.5 0.8,fog,0.0,4589.0
1595,tooth,IBALOI,saŋi,s a ŋ i,3 7 4 7,AXBZ,SANI,44.0,44.S.C 44.A.V 44.N.C 44.I.V,2.0 1.5 1.75 0.8,saŋi,0.0,4590.0
1635,tooth,IBANAG,ŋipan,ŋ i p a n,4 7 1 7 4,AXBYN,NIPAN,45.0,45.N.C 45.I.V 45.P.C 45.A.V 45.N.c,2.0 1.5 1.75 1.3 0.8,ŋipan,0.0,4575.0
1675,tooth,IDAAN,nipon,n i p o n,4 7 1 7 4,AXBYN,NIPUN,46.0,46.N.C 46.I.V 46.P.C 46.U.V 46.N.c,2.0 1.5 1.75 1.3 0.8,nipon,0.0,4575.0
1715,tooth,IFUGAO AMGANAD,boba,b o b a,1 7 1 7,AXBZ,PUPA,47.0,47.P.C 47.U.V 47.P.C 47.A.V,2.0 1.5 1.75 0.8,boba,0.0,4593.0
1755,tooth,IFUGAO BATAD,baba,b a b a,1 7 1 7,AXBZ,PAPA,48.0,48.P.C 48.A.V 48.P.C 48.A.V,2.0 1.5 1.75 0.8,baba,0.0,4593.0
1795,tooth,IFUGAO BAYNINAN,buba,b u b a,1 7 1 7,AXBZ,PYPA,49.0,49.P.C 49.Y.V 49.P.C 49.A.V,2.0 1.5 1.75 0.8,buba,0.0,4593.0
1835,tooth,ILOKANO,ŋipen,ŋ i p e n,4 7 1 7 4,AXBYN,NIPEN,50.0,50.N.C 50.I.V 50.P.C 50.E.V 50.N.c,2.0 1.5 1.75 1.3 0.8,ŋipen,0.0,4575.0
1875,tooth,ILONGOT KAKIDUGEN,bəʔbə,b ə ʔ b ə,1 7 1 1 7,AXMBZ,PEHPE,51.0,51.P.C 51.E.V 51.H.c 51.P.C 51.E.V,2.0 1.5 1.1 1.75 0.8,bəʔbə,0.0,4597.0
1915,tooth,INIBALOI,saŋi,s a ŋ i,3 7 4 7,AXBZ,SANI,54.0,54.S.C 54.A.V 54.N.C 54.I.V,2.0 1.5 1.75 0.8,saŋi,0.0,4590.0
1955,tooth,IRANUN,ŋipen,ŋ i p e n,4 7 1 7 4,AXBYN,NIPEN,55.0,55.N.C 55.I.V 55.P.C 55.E.V 55.N.c,2.0 1.5 1.75 1.3 0.8,ŋipen,0.0,4575.0
1995,tooth,IRIGA,ŋipin,ŋ i p i n,4 7 1 7 4,AXBYN,NIPIN,57.0,57.N.C 57.I.V 57.P.C 57.I.V 57.N.c,2.0 1.5 1.75 1.3 0.8,ŋipin,0.0,4575.0
2035,tooth,ISNAG,ŋipan,ŋ i p a n,4 7 1 7 4,AXBYN,NIPAN,59.0,59.N.C 59.I.V 59.P.C 59.A.V 59.N.c,2.0 1.5 1.75 1.3 0.8,ŋipan,0.0,4575.0
2075,tooth,ISNEG,ŋipan,ŋ i p a n,4 7 1 7 4,AXBYN,NIPAN,60.0,60.N.C 60.I.V 60.P.C 60.A.V 60.N.c,2.0 1.5 1.75 1.3 0.8,ŋipan,0.0,4575.0
2115,tooth,ITAWIT,ŋipEn,ŋ i p æ n,4 7 1 7 4,AXBYN,NIPEN,61.0,61.N.C 61.I.V 61.P.C 61.E.V 61.N.c,2.0 1.5 1.75 1.3 0.8,ŋipæn,0.0,4575.0
2155,tooth,ITBAYATEN BATANES ISLANDS,5ipən,i p ə n,7 1 7 4,XBYN,IPEN,62.0,62.I.V 62.P.C 62.E.V 62.N.c,1.5 1.75 1.3 0.8,ipən,0.0,4575.0
2195,tooth,ITNEG BINONGAN,ŋipən,ŋ i p ə n,4 7 1 7 4,AXBYN,NIPEN,63.0,63.N.C 63.I.V 63.P.C 63.E.V 63.N.c,2.0 1.5 1.75 1.3 0.8,ŋipən,0.0,4575.0
2235,tooth,IVATAN BATANES ISLANDS,5ipən,i p ə n,7 1 7 4,XBYN,IPEN,65.0,65.I.V 65.P.C 65.E.V 65.N.c,1.5 1.75 1.3 0.8,ipən,0.0,4575.0
2275,tooth,JAPANESE,ha,h a,3 7,AX,HA,66.0,66.H.C 66.A.V,2.0 1.5,ha,0.0,4612.0
2315,tooth,KADAZAN,nipon,n i p o n,4 7 1 7 4,AXBYN,NIPUN,67.0,67.N.C 67.I.V 67.P.C 67.U.V 67.N.c,2.0 1.5 1.75 1.3 0.8,nipon,0.0,4575.0
2355,tooth,KAGAYANEN,ŋipən,ŋ i p ə n,4 7 1 7 4,AXBYN,NIPEN,68.0,68.N.C 68.I.V 68.P.C 68.E.V 68.N.c,2.0 1.5 1.75 1.3 0.8,ŋipən,0.0,4575.0
2395,tooth,KALAGAN,untu,u n t u,7 4 1 7,XMBZ,YNTY,69.0,69.Y.V 69.N.c 69.T.C 69.Y.V,1.5 1.1 1.75 0.8,untu,0.0,4615.0
2435,tooth,KALINGA GUINAANG,5ipon,i p o n,7 1 7 4,XBYN,IPUN,70.0,70.I.V 70.P.C 70.U.V 70.N.c,1.5 1.75 1.3 0.8,ipon,0.0,4575.0
2475,tooth,KALINGA LIMOS,ŋipon,ŋ i p o n,4 7 1 7 4,AXBYN,NIPUN,71.0,71.N.C 71.I.V 71.P.C 71.U.V 71.N.c,2.0 1.5 1.75 1.3 0.8,ŋipon,0.0,4575.0
2515,tooth,KALLAHAN KAYAPA PROPER,haŋi,h a ŋ i,3 7 4 7,AXBZ,HANI,72.0,72.H.C 72.A.V 72.N.C 72.I.V,2.0 1.5 1.75 0.8,haŋi,0.0,4590.0
2555,tooth,KALLAHAN KELEYQIQ IFUGAO,ŋipen,ŋ i p e n,4 7 1 7 4,AXBYN,NIPEN,73.0,73.N.C 73.I.V 73.P.C 73.E.V 73.N.c,2.0 1.5 1.75 1.3 0.8,ŋipen,0.0,4575.0
2595,tooth,KANKANAY NORTHERN,babʔa,b a b ʔ a,1 7 1 1 7,AXMBZ,PAPHA,75.0,75.P.C 75.A.V 75.P.c 75.H.C 75.A.V,2.0 1.5 1.1 1.75 0.8,babʔa,0.0,4561.0
2635,tooth,KAPAMPANGAN,ipan,i p a n,7 1 7 4,XBYN,IPAN,76.0,76.I.V 76.P.C 76.A.V 76.N.c,1.5 1.75 1.3 0.8,ipan,0.0,4575.0
2675,tooth,KINARAY A,ŋipon,ŋ i p o n,4 7 1 7 4,AXBYN,NIPUN,77.0,77.N.C 77.I.V 77.P.C 77.U.V 77.N.c,2.0 1.5 1.75 1.3 0.8,ŋipon,0.0,4575.0
2715,tooth,KOREAN,i,i,7,X,I,78.0,78.I.V,1.5,i,1.0,4624.0
2755,tooth,LEGAZPI,ŋipun,ŋ i p u n,4 7 1 7 4,AXBYN,NIPYN,79.0,79.N.C 79.I.V 79.P.C 79.Y.V 79.N.c,2.0 1.5 1.75 1.3 0.8,ŋipun,0.0,4575.0
2795,tooth,LIBON,ŋipon,ŋ i p o n,4 7 1 7 4,AXBYN,NIPUN,80.0,80.N.C 80.I.V 80.P.C 80.U.V 80.N.c,2.0 1.5 1.75 1.3 0.8,ŋipon,0.0,4575.0
2835,tooth,LIVE,ambaz,a m b a z,7 4 1 7 3,XMBYN,AMPAS,82.0,82.A.V 82.M.c 82.P.C 82.A.V 82.S.c,1.5 1.1 1.75 1.3 0.8,ambaz,0.0,4628.0
2875,tooth,MAGUINDANAO,ŋipen,ŋ i p e n,4 7 1 7 4,AXBYN,NIPEN,83.0,83.N.C 83.I.V 83.P.C 83.E.V 83.N.c,2.0 1.5 1.75 1.3 0.8,ŋipen,0.0,4575.0
2915,tooth,MAMANWA,ŋipən,ŋ i p ə n,4 7 1 7 4,AXBYN,NIPEN,84.0,84.N.C 84.I.V 84.P.C 84.E.V 84.N.c,2.0 1.5 1.75 1.3 0.8,ŋipən,0.0,4575.0
2955,tooth,MANOBO ATA,ŋipon,ŋ i p o n,4 7 1 7 4,AXBYN,NIPUN,88.0,88.N.C 88.I.V 88.P.C 88.U.V 88.N.c,2.0 1.5 1.75 1.3 0.8,ŋipon,0.0,4575.0
2995,tooth,MANOBO DIBABAWON,ŋipən,ŋ i p ə n,4 7 1 7 4,AXBYN,NIPEN,89.0,89.N.C 89.I.V 89.P.C 89.E.V 89.N.c,2.0 1.5 1.75 1.3 0.8,ŋipən,0.0,4575.0
3035,tooth,MANOBO ILIANEN,ŋipən,ŋ i p ə n,4 7 1 7 4,AXBYN,NIPEN,90.0,90.N.C 90.I.V 90.P.C 90.E.V 90.N.c,2.0 1.5 1.75 1.3 0.8,ŋipən,0.0,4575.0
3075,tooth,MANOBO KALAMANSIG COTABATO,ŋipən,ŋ i p ə n,4 7 1 7 4,AXBYN,NIPEN,91.0,91.N.C 91.I.V 91.P.C 91.E.V 91.N.c,2.0 1.5 1.75 1.3 0.8,ŋipən,0.0,4575.0
3115,tooth,MANOBO SARANGANI,ŋipon,ŋ i p o n,4 7 1 7 4,AXBYN,NIPUN,92.0,92.N.C 92.I.V 92.P.C 92.U.V 92.N.c,2.0 1.5 1.75 1.3 0.8,ŋipon,0.0,4575.0
3155,tooth,MANOBO TIGWA,ŋipən,ŋ i p ə n,4 7 1 7 4,AXBYN,NIPEN,93.0,93.N.C 93.I.V 93.P.C 93.E.V 93.N.c,2.0 1.5 1.75 1.3 0.8,ŋipən,0.0,4575.0
3195,tooth,MANOBO WESTERN BUKIDNON,ŋipən,ŋ i p ə n,4 7 1 7 4,AXBYN,NIPEN,94.0,94.N.C 94.I.V 94.P.C 94.E.V 94.N.c,2.0 1.5 1.75 1.3 0.8,ŋipən,0.0,4575.0
3235,tooth,MANSAKA,untu,u n t u,7 4 1 7,XMBZ,YNTY,95.0,95.Y.V 95.N.c 95.T.C 95.Y.V,1.5 1.1 1.75 0.8,untu,0.0,4615.0
3275,tooth,MAPUN,impon,i m p o n,7 4 1 7 4,XMBYN,IMPUN,97.0,97.I.V 97.M.c 97.P.C 97.U.V 97.N.c,1.5 1.1 1.75 1.3 0.8,impon,0.0,4552.0
3315,tooth,MARANAO,ŋipen,ŋ i p e n,4 7 1 7 4,AXBYN,NIPEN,98.0,98.N.C 98.I.V 98.P.C 98.E.V 98.N.c,2.0 1.5 1.75 1.3 0.8,ŋipen,0.0,4575.0
3355,tooth,MARINDUQUE TAGALOG,ŋipin,ŋ i p i n,4 7 1 7 4,AXBYN,NIPIN,99.0,99.N.C 99.I.V 99.P.C 99.I.V 99.N.c,2.0 1.5 1.75 1.3 0.8,ŋipin,0.0,4575.0
3395,tooth,MASBATENYO,ŋipon,ŋ i p o n,4 7 1 7 4,AXBYN,NIPUN,100.0,100.N.C 100.I.V 100.P.C 100.U.V 100.N.c,2.0 1.5 1.75 1.3 0.8,ŋipon,0.0,4575.0
3435,tooth,MINANGALI LOWER TANUDAN KALINGA,baba,b a b a,1 7 1 7,AXBZ,PAPA,101.0,101.P.C 101.A.V 101.P.C 101.A.V,2.0 1.5 1.75 0.8,baba,0.0,4593.0
3475,tooth,MOKSHA,pej,p e j,1 7 6,AXN,PEJ,102.0,102.P.C 102.E.V 102.J.c,2.0 1.5 0.8,pej,0.0,4648.0
3515,tooth,MOLBOG,nipon,n i p o n,4 7 1 7 4,AXBYN,NIPUN,103.0,103.N.C 103.I.V 103.P.C 103.U.V 103.N.c,2.0 1.5 1.75 1.3 0.8,nipon,0.0,4575.0
3555,tooth,MOLBOG 2,nipən,n i p ə n,4 7 1 7 4,AXBYN,NIPEN,104.0,104.N.C 104.I.V 104.P.C 104.E.V 104.N.c,2.0 1.5 1.75 1.3 0.8,nipən,0.0,4575.0
3595,tooth,MONGOLIAN,Sut,s u t,3 7 1,AXN,SYT,105.0,105.S.C 105.Y.V 105.T.c,2.0 1.5 0.8,sut,0.0,4651.0
3635,tooth,MORO MAGINDANAU,ŋipun,ŋ i p u n,4 7 1 7 4,AXBYN,NIPYN,106.0,106.N.C 106.I.V 106.P.C 106.Y.V 106.N.c,2.0 1.5 1.75 1.3 0.8,ŋipun,0.0,4575.0
3675,tooth,NAGA,ŋipun,ŋ i p u n,4 7 1 7 4,AXBYN,NIPYN,107.0,107.N.C 107.I.V 107.P.C 107.Y.V 107.N.c,2.0 1.5 1.75 1.3 0.8,ŋipun,0.0,4575.0
3715,tooth,NORTHERN CATANDUANES,tiŋu,t i ŋ u,1 7 4 7,AXBZ,TINY,108.0,108.T.C 108.I.V 108.N.C 108.Y.V,2.0 1.5 1.75 0.8,tiŋu,0.0,4654.0
3755,tooth,NORTHERN SORSOGON,ŋipun,ŋ i p u n,4 7 1 7 4,AXBYN,NIPYN,109.0,109.N.C 109.I.V 109.P.C 109.Y.V 109.N.c,2.0 1.5 1.75 1.3 0.8,ŋipun,0.0,4575.0
3795,tooth,OAS,ŋipin,ŋ i p i n,4 7 1 7 4,AXBYN,NIPIN,110.0,110.N.C 110.I.V 110.P.C 110.I.V 110.N.c,2.0 1.5 1.75 1.3 0.8,ŋipin,0.0,4575.0
3835,tooth,PALAWANO BATAK,nipən,n i p ə n,4 7 1 7 4,AXBYN,NIPEN,111.0,111.N.C 111.I.V 111.P.C 111.E.V 111.N.c,2.0 1.5 1.75 1.3 0.8,nipən,0.0,4575.0
3875,tooth,PANGASINAN,ŋipen,ŋ i p e n,4 7 1 7 4,AXBYN,NIPEN,112.0,112.N.C 112.I.V 112.P.C 112.E.V 112.N.c,2.0 1.5 1.75 1.3 0.8,ŋipen,0.0,4575.0
3995,tooth,PROTO PALAWAN,nipən,n i p ə n,4 7 1 7 4,AXBYN,NIPEN,115.0,115.N.C 115.I.V 115.P.C 115.E.V 115.N.c,2.0 1.5 1.75 1.3 0.8,nipən,0.0,4575.0
4035,tooth,QUEZON PALAWAN,nipən,n i p ə n,4 7 1 7 4,AXBYN,NIPEN,117.0,117.N.C 117.I.V 117.P.C 117.E.V 117.N.c,2.0 1.5 1.75 1.3 0.8,nipən,0.0,4575.0
4075,tooth,ROMBLOMANON 1,ŋipon,ŋ i p o n,4 7 1 7 4,AXBYN,NIPUN,118.0,118.N.C 118.I.V 118.P.C 118.U.V 118.N.c,2.0 1.5 1.75 1.3 0.8,ŋipon,0.0,4575.0
4115,tooth,ROMBLOMANON 2,ŋipun,ŋ i p u n,4 7 1 7 4,AXBYN,NIPYN,119.0,119.N.C 119.I.V 119.P.C 119.Y.V 119.N.c,2.0 1.5 1.75 1.3 0.8,ŋipun,0.0,4575.0
4155,tooth,SAMAL,empon,e m p o n,7 4 1 7 4,XMBYN,EMPUN,120.0,120.E.V 120.M.c 120.P.C 120.U.V 120.N.c,1.5 1.1 1.75 1.3 0.8,empon,0.0,4552.0
4195,tooth,SAMBAL BOTOLAN,ŋipən,ŋ i p ə n,4 7 1 7 4,AXBYN,NIPEN,121.0,121.N.C 121.I.V 121.P.C 121.E.V 121.N.c,2.0 1.5 1.75 1.3 0.8,ŋipən,0.0,4575.0
4235,tooth,SANGIL,isi,i s i,7 3 7,XBZ,ISI,122.0,122.I.V 122.S.C 122.I.V,1.5 1.75 0.8,isi,0.0,4666.0
4275,tooth,SANGIL SARANGANI ISLANDS,isi,i s i,7 3 7,XBZ,ISI,123.0,123.I.V 123.S.C 123.I.V,1.5 1.75 0.8,isi,0.0,4666.0
4315,tooth,SEDANG,honeŋ,h o n e ŋ,3 7 4 7 4,AXBYN,HUNEN,124.0,124.H.C 124.U.V 124.N.C 124.E.V 124.N.c,2.0 1.5 1.75 1.3 0.8,honeŋ,0.0,4668.0
4355,tooth,SIBUTU SOUTHERN SAMA,empon,e m p o n,7 4 1 7 4,XMBYN,EMPUN,125.0,125.E.V 125.M.c 125.P.C 125.U.V 125.N.c,1.5 1.1 1.75 1.3 0.8,empon,0.0,4552.0
4395,tooth,SOGODNIN BORACAY,hipon,h i p o n,3 7 1 7 4,AXBYN,HIPUN,127.0,127.H.C 127.I.V 127.P.C 127.U.V 127.N.c,2.0 1.5 1.75 1.3 0.8,hipon,0.0,4575.0
4435,tooth,SOUTH SAAMI,baeniə,b a e n i ə,1 7 7 4 7 7,AXYBYZ,PAENIE,128.0,128.P.C 128.A.V 128.E.V 128.N.C 128.I.V 128.E.V,2.0 1.5 1.3 1.75 1.3 0.8,baeniə,0.0,4672.0
4475,tooth,SOUTHERN CATANDUANES,tiŋu,t i ŋ u,1 7 4 7,AXBZ,TINY,129.0,129.T.C 129.I.V 129.N.C 129.Y.V,2.0 1.5 1.75 0.8,tiŋu,0.0,4654.0
4515,tooth,SOUTHERN SORSOGON,ŋipun,ŋ i p u n,4 7 1 7 4,AXBYN,NIPYN,131.0,131.N.C 131.I.V 131.P.C 131.Y.V 131.N.c,2.0 1.5 1.75 1.3 0.8,ŋipun,0.0,4575.0
4555,tooth,SOUTHWEST PALAWANO,nipen,n i p e n,4 7 1 7 4,AXBYN,NIPEN,132.0,132.N.C 132.I.V 132.P.C 132.E.V 132.N.c,2.0 1.5 1.75 1.3 0.8,nipen,0.0,4575.0
4595,tooth,SPANISH,diente,d i e n t e,1 7 7 4 1 7,AXYMBZ,TIENTE,133.0,133.T.C 133.I.V 133.E.V 133.N.c 133.T.C 133.E.V,2.0 1.5 1.3 1.1 1.75 0.8,diente,0.0,4677.0
4635,tooth,SUBANON SIOCON,ŋisi,ŋ i s i,4 7 3 7,AXBZ,NISI,134.0,134.N.C 134.I.V 134.S.C 134.I.V,2.0 1.5 1.75 0.8,ŋisi,0.0,4666.0
4675,tooth,SUBANUN SINDANGAN,ŋisi,ŋ i s i,4 7 3 7,AXBZ,NISI,135.0,135.N.C 135.I.V 135.S.C 135.I.V,2.0 1.5 1.75 0.8,ŋisi,0.0,4666.0
4715,tooth,SURIGAONON,ŋipon,ŋ i p o n,4 7 1 7 4,AXBYN,NIPUN,136.0,136.N.C 136.I.V 136.P.C 136.U.V 136.N.c,2.0 1.5 1.75 1.3 0.8,ŋipon,0.0,4575.0
4755,tooth,TAGABAWA,ŋipan,ŋ i p a n,4 7 1 7 4,AXBYN,NIPAN,137.0,137.N.C 137.I.V 137.P.C 137.A.V 137.N.c,2.0 1.5 1.75 1.3 0.8,ŋipan,0.0,4575.0
4795,tooth,TAGABILI,nihih,n i h i h,4 7 3 7 3,AXBYN,NIHIH,138.0,138.N.C 138.I.V 138.H.C 138.I.V 138.H.c,2.0 1.5 1.75 1.3 0.8,nihih,0.0,4682.0
4835,tooth,TAGALOG,ŋipin,ŋ i p i n,4 7 1 7 4,AXBYN,NIPIN,139.0,139.N.C 139.I.V 139.P.C 139.I.V 139.N.c,2.0 1.5 1.75 1.3 0.8,ŋipin,0.0,4575.0
4875,tooth,TAGBANUA ABORLAN,nipən,n i p ə n,4 7 1 7 4,AXBYN,NIPEN,140.0,140.N.C 140.I.V 140.P.C 140.E.V 140.N.c,2.0 1.5 1.75 1.3 0.8,nipən,0.0,4575.0
4915,tooth,TAGBANWA ABORLAN,nipən,n i p ə n,4 7 1 7 4,AXBYN,NIPEN,141.0,141.N.C 141.I.V 141.P.C 141.E.V 141.N.c,2.0 1.5 1.75 1.3 0.8,nipən,0.0,4575.0
4995,tooth,TALAANDIG BINUKID,ŋipən,ŋ i p ə n,4 7 1 7 4,AXBYN,NIPEN,143.0,143.N.C 143.I.V 143.P.C 143.E.V 143.N.c,2.0 1.5 1.75 1.3 0.8,ŋipən,0.0,4575.0
5035,tooth,TAMBUNAN DUSUN,nipon,n i p o n,4 7 1 7 4,AXBYN,NIPUN,144.0,144.N.C 144.I.V 144.P.C 144.U.V 144.N.c,2.0 1.5 1.75 1.3 0.8,nipon,0.0,4575.0
5075,tooth,TAUSUG,ipun,i p u n,7 1 7 4,XBYN,IPYN,145.0,145.I.V 145.P.C 145.Y.V 145.N.c,1.5 1.75 1.3 0.8,ipun,0.0,4575.0
5115,tooth,TAUT BATU,nipən,n i p ə n,4 7 1 7 4,AXBYN,NIPEN,146.0,146.N.C 146.I.V 146.P.C 146.E.V 146.N.c,2.0 1.5 1.75 1.3 0.8,nipən,0.0,4575.0
5155,tooth,TBOLI TAGABILI,nihih,n i h i h,4 7 3 7 3,AXBYN,NIHIH,147.0,147.N.C 147.I.V 147.H.C 147.I.V 147.H.c,2.0 1.5 1.75 1.3 0.8,nihih,0.0,4682.0
5195,tooth,TIMUGON MURUT,dipon,d i p o n,1 7 1 7 4,AXBYN,TIPUN,148.0,148.T.C 148.I.V 148.P.C 148.U.V 148.N.c,2.0 1.5 1.75 1.3 0.8,dipon,0.0,4575.0
5235,tooth,TIRURAY,kifen,k i f e n,1 7 3 7 4,AXBYN,KIBEN,149.0,149.K.C 149.I.V 149.B.C 149.E.V 149.N.c,2.0 1.5 1.75 1.3 0.8,kifen,0.0,4556.0
5275,tooth,TURKISH,diS,d i s,1 7 3,AXN,TIS,150.0,150.T.C 150.I.V 150.S.c,2.0 1.5 0.8,dis,0.0,4579.0
5315,tooth,UGARITIC,Sn,s n,3 4,AC,SN,151.0,151.S.C 151.N.C,2.0 1.5,sn,0.0,4694.0
5355,tooth,WARAY WARAY,ŋipon,ŋ i p o n,4 7 1 7 4,AXBYN,NIPUN,152.0,152.N.C 152.I.V 152.P.C 152.U.V 152.N.c,2.0 1.5 1.75 1.3 0.8,ŋipon,0.0,4575.0
5395,tooth,YAKAN,impen,i m p e n,7 4 1 7 4,XMBYN,IMPEN,153.0,153.I.V 153.M.c 153.P.C 153.E.V 153.N.c,1.5 1.1 1.75 1.3 0.8,impen,0.0,4552.0
5435,tooth,YOGAD,ŋipan,ŋ i p a n,4 7 1 7 4,AXBYN,NIPAN,154.0,154.N.C 154.I.V 154.P.C 154.A.V 154.N.c,2.0 1.5 1.75 1.3 0.8,ŋipan,0.0,4575.0
5515,tooth,IMOROD,ŋepen,ŋ e p e n,4 7 1 7 4,AXBYN,NEPEN,52.0,52.N.C 52.E.V 52.P.C 52.E.V 52.N.c,2.0 1.5 1.75 1.3 0.8,ŋepen,0.0,4598.0
5555,tooth,BABUYAN,5ipen,i p e n,7 1 7 4,XBYN,IPEN,4.0,4.I.V 4.P.C 4.E.V 4.N.c,1.5 1.75 1.3 0.8,ipen,0.0,4575.0
5595,tooth,BISAYA SABAH,ipan,i p a n,7 1 7 4,XBYN,IPAN,13.0,13.I.V 13.P.C 13.A.V 13.N.c,1.5 1.75 1.3 0.8,ipan,0.0,4575.0
5635,tooth,FINALLIG,fiab,f i a b,3 7 7 1,AXYN,BIAP,36.0,36.B.C 36.I.V 36.A.V 36.P.c,2.0 1.5 1.3 0.8,fiab,0.0,4582.0
5675,tooth,HILIGAYNON,ŋipon,ŋ i p o n,4 7 1 7 4,AXBYN,NIPUN,42.0,42.N.C 42.I.V 42.P.C 42.U.V 42.N.c,2.0 1.5 1.75 1.3 0.8,ŋipon,0.0,4575.0
5715,tooth,INABAKNON,impon,i m p o n,7 4 1 7 4,XMBYN,IMPUN,53.0,53.I.V 53.M.c 53.P.C 53.U.V 53.N.c,1.5 1.1 1.75 1.3 0.8,impon,0.0,4552.0
5755,tooth,IRARALAY IVATAN,ŋepen,ŋ e p e n,4 7 1 7 4,AXBYN,NEPEN,56.0,56.N.C 56.E.V 56.P.C 56.E.V 56.N.c,2.0 1.5 1.75 1.3 0.8,ŋepen,0.0,4598.0
5795,tooth,ISAMORONG IVATAN,5ipen,i p e n,7 1 7 4,XBYN,IPEN,58.0,58.I.V 58.P.C 58.E.V 58.N.c,1.5 1.75 1.3 0.8,ipen,0.0,4575.0
5835,tooth,IVASAY IVATAN,5ipen,i p e n,7 1 7 4,XBYN,IPEN,64.0,64.I.V 64.P.C 64.E.V 64.N.c,1.5 1.75 1.3 0.8,ipen,0.0,4575.0
5875,tooth,KANKANAEY,baba,b a b a,1 7 1 7,AXBZ,PAPA,74.0,74.P.C 74.A.V 74.P.C 74.A.V,2.0 1.5 1.75 0.8,baba,0.0,4593.0
5915,tooth,LIMOS KALINGA,ŋipon,ŋ i p o n,4 7 1 7 4,AXBYN,NIPUN,81.0,81.N.C 81.I.V 81.P.C 81.U.V 81.N.c,2.0 1.5 1.75 1.3 0.8,ŋipon,0.0,4575.0
5955,tooth,MANDAYAN BOSO,untu,u n t u,7 4 1 7,XMBZ,YNTY,85.0,85.Y.V 85.N.c 85.T.C 85.Y.V,1.5 1.1 1.75 0.8,untu,0.0,4615.0
5995,tooth,MANDAYAN CARAGA,untu,u n t u,7 4 1 7,XMBZ,YNTY,86.0,86.Y.V 86.N.c 86.T.C 86.Y.V,1.5 1.1 1.75 0.8,untu,0.0,4615.0
6035,tooth,MANDAYAN ISLAM PISO,untu,u n t u,7 4 1 7,XMBZ,YNTY,87.0,87.Y.V 87.N.c 87.T.C 87.Y.V,1.5 1.1 1.75 0.8,untu,0.0,4615.0
6075,tooth,MANSAKA 2,untu,u n t u,7 4 1 7,XMBZ,YNTY,96.0,96.Y.V 96.N.c 96.T.C 96.Y.V,1.5 1.1 1.75 0.8,untu,0.0,4615.0
6115,tooth,PROTO SOUTHERN MINDANAO,kipan,k i p a n,1 7 1 7 4,AXBYN,KIPAN,116.0,116.K.C 116.I.V 116.P.C 116.A.V 116.N.c,2.0 1.5 1.75 1.3 0.8,kipan,0.0,4556.0
6155,tooth,SINAUNA,ŋipən,ŋ i p ə n,4 7 1 7 4,AXBYN,NIPEN,126.0,126.N.C 126.I.V 126.P.C 126.E.V 126.N.c,2.0 1.5 1.75 1.3 0.8,ŋipən,0.0,4575.0
6195,tooth,SOUTHERN KALINGA,fafa,f a f a,3 7 3 7,AXBZ,BABA,130.0,130.B.C 130.A.V 130.B.C 130.A.V,2.0 1.5 1.75 0.8,fafa,0.0,4593.0
36,tree,AGTA,koju,k o j u,1 7 6 7,AXBZ,KUJY,1.0,1.K.C 1.U.V 1.J.C 1.Y.V,2.0 1.5 1.75 0.8,koju,0.0,4709.0
116,tree,ATTA PAMPLONA,kaju,k a j u,1 7 6 7,AXBZ,KAJY,3.0,3.K.C 3.A.V 3.J.C 3.Y.V,2.0 1.5 1.75 0.8,kaju,0.0,4696.0
156,tree,BALANGAW,awoj,a w o j,7 6 7 6,XBYN,AWUJ,5.0,5.A.V 5.W.C 5.U.V 5.J.c,1.5 1.75 1.3 0.8,awoj,0.0,4697.0
196,tree,BALANGINGI SAMA,kaju,k a j u,1 7 6 7,AXBZ,KAJY,6.0,6.K.C 6.A.V 6.J.C 6.Y.V,2.0 1.5 1.75 0.8,kaju,0.0,4698.0
236,tree,BALANGINGI SAMA (1),kaju,k a j u,1 7 6 7,AXBZ,KAJY,7.0,7.K.C 7.A.V 7.J.C 7.Y.V,2.0 1.5 1.75 0.8,kaju,0.0,4699.0
276,tree,BASQUE,zuhaic,z u h a i c,3 7 3 7 7 1,AXBYYN,SYHAIC,8.0,8.S.C 8.Y.V 8.H.C 8.A.V 8.I.V 8.C.c,2.0 1.5 1.75 1.3 1.3 0.8,zuhaic,0.0,4700.0
316,tree,BATAK PALAWAN,kaju,k a j u,1 7 6 7,AXBZ,KAJY,9.0,9.K.C 9.A.V 9.J.C 9.Y.V,2.0 1.5 1.75 0.8,kaju,0.0,4698.0
356,tree,BILAAN KORONADAL,kaju,k a j u,1 7 6 7,AXBZ,KAJY,10.0,10.K.C 10.A.V 10.J.C 10.Y.V,2.0 1.5 1.75 0.8,kaju,0.0,4702.0
396,tree,BILAAN SARANGANI,kajo,k a j o,1 7 6 7,AXBZ,KAJU,11.0,11.K.C 11.A.V 11.J.C 11.U.V,2.0 1.5 1.75 0.8,kajo,0.0,4702.0
436,tree,BINUKID,kaju,k a j u,1 7 6 7,AXBZ,KAJY,12.0,12.K.C 12.A.V 12.J.C 12.Y.V,2.0 1.5 1.75 0.8,kaju,0.0,4704.0
516,tree,BONTOC GUINAANG,kaʔəw,k a ʔ ə w,1 7 1 7 6,AXBYN,KAHEW,15.0,15.K.C 15.A.V 15.H.C 15.E.V 15.W.c,2.0 1.5 1.75 1.3 0.8,kaʔəw,0.0,4706.0
556,tree,BROOKES POINT PALAWAN,kaju,k a j u,1 7 6 7,AXBZ,KAJY,16.0,16.K.C 16.A.V 16.J.C 16.Y.V,2.0 1.5 1.75 0.8,kaju,0.0,4707.0
596,tree,BUHI,kawuj,k a w u j,1 7 6 7 6,AXBYN,KAWYJ,17.0,17.K.C 17.A.V 17.W.C 17.Y.V 17.J.c,2.0 1.5 1.75 1.3 0.8,kawuj,0.0,4708.0
676,tree,BUKIDNON BINUKID,kaju,k a j u,1 7 6 7,AXBZ,KAJY,19.0,19.K.C 19.A.V 19.J.C 19.Y.V,2.0 1.5 1.75 0.8,kaju,0.0,4709.0
756,tree,CAIJIA,so,s o,3 7,AX,SU,21.0,21.S.C 21.U.V,2.0 1.5,so,0.0,4710.0
796,tree,CANIPAAN PALAWAN,kaju,k a j u,1 7 6 7,AXBZ,KAJY,22.0,22.K.C 22.A.V 22.J.C 22.Y.V,2.0 1.5 1.75 0.8,kaju,0.0,4707.0
836,tree,CASIGURAN NEGRITO,kEjo,k æ j o,1 7 6 7,AXBZ,KEJU,23.0,23.K.C 23.E.V 23.J.C 23.U.V,2.0 1.5 1.75 0.8,kæjo,0.0,4712.0
1036,tree,CENTRAL TAGBANWA,kajo,k a j o,1 7 6 7,AXBZ,KAJU,28.0,28.K.C 28.A.V 28.J.C 28.U.V,2.0 1.5 1.75 0.8,kajo,0.0,4713.0
1116,tree,DARAGA,kawuj,k a w u j,1 7 6 7 6,AXBYN,KAWYJ,30.0,30.K.C 30.A.V 30.W.C 30.Y.V 30.J.c,2.0 1.5 1.75 1.3 0.8,kawuj,0.0,4708.0
1156,tree,DUMAGAT CASIGURAN,kajoʔ,k a j o ʔ,1 7 6 7 1,AXBYN,KAJUH,31.0,31.K.C 31.A.V 31.J.C 31.U.V 31.H.c,2.0 1.5 1.75 1.3 0.8,kajoʔ,0.0,4715.0
1196,tree,DUPANINGAN AGTA,kajuʔ,k a j u ʔ,1 7 6 7 1,AXBYN,KAJYH,32.0,32.K.C 32.A.V 32.J.C 32.Y.V 32.H.c,2.0 1.5 1.75 1.3 0.8,kajuʔ,0.0,4715.0
1236,tree,ENGLISH,tri,t r i,1 5 7,ACX,TRI,33.0,33.T.C 33.R.C 33.I.V,2.0 1.5 1.5,tri,0.0,4717.0
1316,tree,ESTONIAN,pu,p u,1 7,AX,PY,35.0,35.P.C 35.Y.V,2.0 1.5,pu,0.0,4718.0
1356,tree,FINNISH,puu,p uu,1 7,AX,PY,37.0,37.P.C 37.Y.V,2.0 1.5,puu,0.0,4718.0
1396,tree,FUZHOU CHINESE,tʃiu,tʃ i u,1 7 7,AXZ,TIY,38.0,38.T.C 38.I.V 38.Y.V,2.0 1.5 0.8,tʃiu,1.0,4717.0
1436,tree,GADDANG,kajo,k a j o,1 7 6 7,AXBZ,KAJU,39.0,39.K.C 39.A.V 39.J.C 39.U.V,2.0 1.5 1.75 0.8,kajo,0.0,4721.0
1516,tree,HIGAONON BINUKID,kaju,k a j u,1 7 6 7,AXBZ,KAJY,41.0,41.K.C 41.A.V 41.J.C 41.Y.V,2.0 1.5 1.75 0.8,kaju,0.0,4709.0
1556,tree,HUNGARIAN,fa,f a,3 7,AX,BA,43.0,43.B.C 43.A.V,2.0 1.5,fa,0.0,4723.0
1716,tree,IFUGAO AMGANAD,kajiw,k a j i w,1 7 6 7 6,AXBYN,KAJIW,47.0,47.K.C 47.A.V 47.J.C 47.I.V 47.W.c,2.0 1.5 1.75 1.3 0.8,kajiw,0.0,4724.0
1756,tree,IFUGAO BATAD,ajiw,a j i w,7 6 7 6,XBYN,AJIW,48.0,48.A.V 48.J.C 48.I.V 48.W.c,1.5 1.75 1.3 0.8,ajiw,0.0,4725.0
1796,tree,IFUGAO BAYNINAN,kajiw,k a j i w,1 7 6 7 6,AXBYN,KAJIW,49.0,49.K.C 49.A.V 49.J.C 49.I.V 49.W.c,2.0 1.5 1.75 1.3 0.8,kajiw,0.0,4726.0
1876,tree,ILONGOT KAKIDUGEN,kiju,k i j u,1 7 6 7,AXBZ,KIJY,51.0,51.K.C 51.I.V 51.J.C 51.Y.V,2.0 1.5 1.75 0.8,kiju,0.0,4727.0
1916,tree,INIBALOI,kijəw,k i j ə w,1 7 6 7 6,AXBYN,KIJEW,54.0,54.K.C 54.I.V 54.J.C 54.E.V 54.W.c,2.0 1.5 1.75 1.3 0.8,kijəw,0.0,4728.0
1996,tree,IRIGA,kawuj,k a w u j,1 7 6 7 6,AXBYN,KAWYJ,57.0,57.K.C 57.A.V 57.W.C 57.Y.V 57.J.c,2.0 1.5 1.75 1.3 0.8,kawuj,0.0,4708.0
2036,tree,ISNAG,kaju,k a j u,1 7 6 7,AXBZ,KAJY,59.0,59.K.C 59.A.V 59.J.C 59.Y.V,2.0 1.5 1.75 0.8,kaju,0.0,4709.0
2076,tree,ISNEG,kaju,k a j u,1 7 6 7,AXBZ,KAJY,60.0,60.K.C 60.A.V 60.J.C 60.Y.V,2.0 1.5 1.75 0.8,kaju,0.0,4709.0
2156,tree,ITBAYATEN BATANES ISLANDS,kajuh,k a j u h,1 7 6 7 3,AXBYN,KAJYH,62.0,62.K.C 62.A.V 62.J.C 62.Y.V 62.H.c,2.0 1.5 1.75 1.3 0.8,kajuh,0.0,4709.0
2196,tree,ITNEG BINONGAN,kajo,k a j o,1 7 6 7,AXBZ,KAJU,63.0,63.K.C 63.A.V 63.J.C 63.U.V,2.0 1.5 1.75 0.8,kajo,0.0,4709.0
2236,tree,IVATAN BATANES ISLANDS,kajoʔ,k a j o ʔ,1 7 6 7 1,AXBYN,KAJUH,65.0,65.K.C 65.A.V 65.J.C 65.U.V 65.H.c,2.0 1.5 1.75 1.3 0.8,kajoʔ,0.0,4709.0
2276,tree,JAPANESE,ki,k i,1 7,AX,KI,66.0,66.K.C 66.I.V,2.0 1.5,ki,0.0,4735.0
2316,tree,KADAZAN,kazu,k a z u,1 7 3 7,AXBZ,KASY,67.0,67.K.C 67.A.V 67.S.C 67.Y.V,2.0 1.5 1.75 0.8,kazu,0.0,4736.0
2356,tree,KAGAYANEN,kauj,k a u j,1 7 7 6,AXYN,KAYJ,68.0,68.K.C 68.A.V 68.Y.V 68.J.c,2.0 1.5 1.3 0.8,kauj,0.0,4708.0
2396,tree,KALAGAN,kawuj,k a w u j,1 7 6 7 6,AXBYN,KAWYJ,69.0,69.K.C 69.A.V 69.W.C 69.Y.V 69.J.c,2.0 1.5 1.75 1.3 0.8,kawuj,0.0,4708.0
2436,tree,KALINGA GUINAANG,kaju,k a j u,1 7 6 7,AXBZ,KAJY,70.0,70.K.C 70.A.V 70.J.C 70.Y.V,2.0 1.5 1.75 0.8,kaju,0.0,4739.0
2476,tree,KALINGA LIMOS,kaju,k a j u,1 7 6 7,AXBZ,KAJY,71.0,71.K.C 71.A.V 71.J.C 71.Y.V,2.0 1.5 1.75 0.8,kaju,0.0,4740.0
2516,tree,KALLAHAN KAYAPA PROPER,kallahan,k a ll a h a n,1 7 5 7 3 7 4,AXBYBYN,KALAHAN,72.0,72.K.C 72.A.V 72.L.C 72.A.V 72.H.C 72.A.V 72.N.c,2.0 1.5 1.75 1.3 1.75 1.3 0.8,kallahan,0.0,4741.0
2556,tree,KALLAHAN KELEYQIQ IFUGAO,kejew,k e j e w,1 7 6 7 6,AXBYN,KEJEW,73.0,73.K.C 73.E.V 73.J.C 73.E.V 73.W.c,2.0 1.5 1.75 1.3 0.8,kejew,0.0,4742.0
2596,tree,KANKANAY NORTHERN,kaʔiw,k a ʔ i w,1 7 1 7 6,AXBYN,KAHIW,75.0,75.K.C 75.A.V 75.H.C 75.I.V 75.W.c,2.0 1.5 1.75 1.3 0.8,kaʔiw,0.0,4706.0
2676,tree,KINARAY A,kahoj,k a h o j,1 7 3 7 6,AXBYN,KAHUJ,77.0,77.K.C 77.A.V 77.H.C 77.U.V 77.J.c,2.0 1.5 1.75 1.3 0.8,kahoj,0.0,4708.0
2716,tree,KOREAN,namu,n a m u,4 7 4 7,AXBZ,NAMY,78.0,78.N.C 78.A.V 78.M.C 78.Y.V,2.0 1.5 1.75 0.8,namu,0.0,4745.0
2756,tree,LEGAZPI,kahuj,k a h u j,1 7 3 7 6,AXBYN,KAHYJ,79.0,79.K.C 79.A.V 79.H.C 79.Y.V 79.J.c,2.0 1.5 1.75 1.3 0.8,kahuj,0.0,4708.0
2796,tree,LIBON,kawuj,k a w u j,1 7 6 7 6,AXBYN,KAWYJ,80.0,80.K.C 80.A.V 80.W.C 80.Y.V 80.J.c,2.0 1.5 1.75 1.3 0.8,kawuj,0.0,4708.0
2836,tree,LIVE,pu,p u,1 7,AX,PY,82.0,82.P.C 82.Y.V,2.0 1.5,pu,0.0,4718.0
2916,tree,MAMANWA,liwaʔan,l i w a ʔ a n,5 7 6 7 1 7 4,AXBYBYN,LIWAHAN,84.0,84.L.C 84.I.V 84.W.C 84.A.V 84.H.C 84.A.V 84.N.c,2.0 1.5 1.75 1.3 1.75 1.3 0.8,liwaʔan,0.0,4749.0
2956,tree,MANOBO ATA,kaju,k a j u,1 7 6 7,AXBZ,KAJY,88.0,88.K.C 88.A.V 88.J.C 88.Y.V,2.0 1.5 1.75 0.8,kaju,0.0,4753.0
2996,tree,MANOBO DIBABAWON,kaju,k a j u,1 7 6 7,AXBZ,KAJY,89.0,89.K.C 89.A.V 89.J.C 89.Y.V,2.0 1.5 1.75 0.8,kaju,1.0,4709.0
3036,tree,MANOBO ILIANEN,kaju,k a j u,1 7 6 7,AXBZ,KAJY,90.0,90.K.C 90.A.V 90.J.C 90.Y.V,2.0 1.5 1.75 0.8,kaju,0.0,4702.0
3076,tree,MANOBO KALAMANSIG COTABATO,kaju,k a j u,1 7 6 7,AXBZ,KAJY,91.0,91.K.C 91.A.V 91.J.C 91.Y.V,2.0 1.5 1.75 0.8,kaju,0.0,4702.0
3116,tree,MANOBO SARANGANI,kajo,k a j o,1 7 6 7,AXBZ,KAJU,92.0,92.K.C 92.A.V 92.J.C 92.U.V,2.0 1.5 1.75 0.8,kajo,0.0,4702.0
3156,tree,MANOBO TIGWA,kaju,k a j u,1 7 6 7,AXBZ,KAJY,93.0,93.K.C 93.A.V 93.J.C 93.Y.V,2.0 1.5 1.75 0.8,kaju,0.0,4758.0
3196,tree,MANOBO WESTERN BUKIDNON,kuju,k u j u,1 7 6 7,AXBZ,KYJY,94.0,94.K.C 94.Y.V 94.J.C 94.Y.V,2.0 1.5 1.75 0.8,kuju,0.0,4759.0
3236,tree,MANSAKA,kaʔuj,k a ʔ u j,1 7 1 7 6,AXBYN,KAHYJ,95.0,95.K.C 95.A.V 95.H.C 95.Y.V 95.J.c,2.0 1.5 1.75 1.3 0.8,kaʔuj,0.0,4708.0
3476,tree,MOKSHA,Sufta,s u f t a,3 7 3 1 7,AXMBZ,SYBTA,102.0,102.S.C 102.Y.V 102.B.c 102.T.C 102.A.V,2.0 1.5 1.1 1.75 0.8,sufta,0.0,4762.0
3516,tree,MOLBOG,kaju,k a j u,1 7 6 7,AXBZ,KAJY,103.0,103.K.C 103.A.V 103.J.C 103.Y.V,2.0 1.5 1.75 0.8,kaju,0.0,4763.0
3556,tree,MOLBOG 2,kaju,k a j u,1 7 6 7,AXBZ,KAJY,104.0,104.K.C 104.A.V 104.J.C 104.Y.V,2.0 1.5 1.75 0.8,kaju,0.0,4707.0
3596,tree,MONGOLIAN,mot,m o t,4 7 1,AXN,MUT,105.0,105.M.C 105.U.V 105.T.c,2.0 1.5 0.8,mot,0.0,4765.0
3636,tree,MORO MAGINDANAU,kaju,k a j u,1 7 6 7,AXBZ,KAJY,106.0,106.K.C 106.A.V 106.J.C 106.Y.V,2.0 1.5 1.75 0.8,kaju,0.0,4707.0
3676,tree,NAGA,kahuj,k a h u j,1 7 3 7 6,AXBYN,KAHYJ,107.0,107.K.C 107.A.V 107.H.C 107.Y.V 107.J.c,2.0 1.5 1.75 1.3 0.8,kahuj,0.0,4708.0
3716,tree,NORTHERN CATANDUANES,kahuj,k a h u j,1 7 3 7 6,AXBYN,KAHYJ,108.0,108.K.C 108.A.V 108.H.C 108.Y.V 108.J.c,2.0 1.5 1.75 1.3 0.8,kahuj,0.0,4708.0
3756,tree,NORTHERN SORSOGON,kahuj,k a h u j,1 7 3 7 6,AXBYN,KAHYJ,109.0,109.K.C 109.A.V 109.H.C 109.Y.V 109.J.c,2.0 1.5 1.75 1.3 0.8,kahuj,0.0,4708.0
3796,tree,OAS,kawuj,k a w u j,1 7 6 7 6,AXBYN,KAWYJ,110.0,110.K.C 110.A.V 110.W.C 110.Y.V 110.J.c,2.0 1.5 1.75 1.3 0.8,kawuj,0.0,4708.0
3996,tree,PROTO PALAWAN,kaju,k a j u,1 7 6 7,AXBZ,KAJY,115.0,115.K.C 115.A.V 115.J.C 115.Y.V,2.0 1.5 1.75 0.8,kaju,0.0,4707.0
4036,tree,QUEZON PALAWAN,kaju,k a j u,1 7 6 7,AXBZ,KAJY,117.0,117.K.C 117.A.V 117.J.C 117.Y.V,2.0 1.5 1.75 0.8,kaju,0.0,4707.0
4116,tree,ROMBLOMANON 2,kahuj,k a h u j,1 7 3 7 6,AXBYN,KAHYJ,119.0,119.K.C 119.A.V 119.H.C 119.Y.V 119.J.c,2.0 1.5 1.75 1.3 0.8,kahuj,0.0,4708.0
4156,tree,SAMAL,kaju,k a j u,1 7 6 7,AXBZ,KAJY,120.0,120.K.C 120.A.V 120.J.C 120.Y.V,2.0 1.5 1.75 0.8,kaju,0.0,4698.0
4196,tree,SAMBAL BOTOLAN,kajo,k a j o,1 7 6 7,AXBZ,KAJU,121.0,121.K.C 121.A.V 121.J.C 121.U.V,2.0 1.5 1.75 0.8,kajo,0.0,4709.0
4236,tree,SANGIL,kaju,k a j u,1 7 6 7,AXBZ,KAJY,122.0,122.K.C 122.A.V 122.J.C 122.Y.V,2.0 1.5 1.75 0.8,kaju,0.0,4776.0
4276,tree,SANGIL SARANGANI ISLANDS,kaju,k a j u,1 7 6 7,AXBZ,KAJY,123.0,123.K.C 123.A.V 123.J.C 123.Y.V,2.0 1.5 1.75 0.8,kaju,0.0,4776.0
4316,tree,SEDANG,loaŋ,l o a ŋ,5 7 7 4,AXYN,LUAN,124.0,124.L.C 124.U.V 124.A.V 124.N.c,2.0 1.5 1.3 0.8,loaŋ,0.0,4778.0
4436,tree,SOUTH SAAMI,moerə,m o e r ə,4 7 7 5 7,AXYBZ,MUERE,128.0,128.M.C 128.U.V 128.E.V 128.R.C 128.E.V,2.0 1.5 1.3 1.75 0.8,moerə,0.0,4779.0
4476,tree,SOUTHERN CATANDUANES,kahuj,k a h u j,1 7 3 7 6,AXBYN,KAHYJ,129.0,129.K.C 129.A.V 129.H.C 129.Y.V 129.J.c,2.0 1.5 1.75 1.3 0.8,kahuj,0.0,4708.0
4516,tree,SOUTHERN SORSOGON,kahuj,k a h u j,1 7 3 7 6,AXBYN,KAHYJ,131.0,131.K.C 131.A.V 131.H.C 131.Y.V 131.J.c,2.0 1.5 1.75 1.3 0.8,kahuj,0.0,4708.0
4596,tree,SPANISH,arbol,a r b o l,7 5 1 7 5,XMBYN,ARPUL,133.0,133.A.V 133.R.c 133.P.C 133.U.V 133.L.c,1.5 1.1 1.75 1.3 0.8,arbol,0.0,4782.0
4636,tree,SUBANON SIOCON,kaju,k a j u,1 7 6 7,AXBZ,KAJY,134.0,134.K.C 134.A.V 134.J.C 134.Y.V,2.0 1.5 1.75 0.8,kaju,0.0,4702.0
4676,tree,SUBANUN SINDANGAN,gaju,g a j u,1 7 6 7,AXBZ,KAJY,135.0,135.K.C 135.A.V 135.J.C 135.Y.V,2.0 1.5 1.75 0.8,gaju,0.0,4784.0
4756,tree,TAGABAWA,kaju,k a j u,1 7 6 7,AXBZ,KAJY,137.0,137.K.C 137.A.V 137.J.C 137.Y.V,2.0 1.5 1.75 0.8,kaju,0.0,4702.0
4796,tree,TAGABILI,kojuh,k o j u h,1 7 6 7 3,AXBYN,KUJYH,138.0,138.K.C 138.U.V 138.J.C 138.Y.V 138.H.c,2.0 1.5 1.75 1.3 0.8,kojuh,0.0,4786.0
4836,tree,TAGALOG,punuŋkahoj,p u n u ŋ k a h o j,1 7 4 7 4 1 7 3 7 6,AXBYMBYBYN,PYNYNKAHUJ,139.0,139.P.C 139.Y.V 139.N.C 139.Y.V 139.N.c 139.K.C 139.A.V 139.H.C 139.U.V 139.J.c,2.0 1.5 1.75 1.3 1.1 1.75 1.3 1.75 1.3 0.8,punuŋkahoj,0.0,4787.0
4876,tree,TAGBANUA ABORLAN,kaju,k a j u,1 7 6 7,AXBZ,KAJY,140.0,140.K.C 140.A.V 140.J.C 140.Y.V,2.0 1.5 1.75 0.8,kaju,0.0,4707.0
4916,tree,TAGBANWA ABORLAN,kaju,k a j u,1 7 6 7,AXBZ,KAJY,141.0,141.K.C 141.A.V 141.J.C 141.Y.V,2.0 1.5 1.75 0.8,kaju,0.0,4789.0
4956,tree,TAGBANWA KALAMIAN,ajuʔ,a j u ʔ,7 6 7 1,XBYN,AJYH,142.0,142.A.V 142.J.C 142.Y.V 142.H.c,1.5 1.75 1.3 0.8,ajuʔ,0.0,4784.0
4996,tree,TALAANDIG BINUKID,kaju,k a j u,1 7 6 7,AXBZ,KAJY,143.0,143.K.C 143.A.V 143.J.C 143.Y.V,2.0 1.5 1.75 0.8,kaju,0.0,4709.0
5076,tree,TAUSUG,kahuj,k a h u j,1 7 3 7 6,AXBYN,KAHYJ,145.0,145.K.C 145.A.V 145.H.C 145.Y.V 145.J.c,2.0 1.5 1.75 1.3 0.8,kahuj,0.0,4708.0
5116,tree,TAUT BATU,kaju,k a j u,1 7 6 7,AXBZ,KAJY,146.0,146.K.C 146.A.V 146.J.C 146.Y.V,2.0 1.5 1.75 0.8,kaju,0.0,4707.0
5236,tree,TIRURAY,kajew,k a j e w,1 7 6 7 6,AXBYN,KAJEW,149.0,149.K.C 149.A.V 149.J.C 149.E.V 149.W.c,2.0 1.5 1.75 1.3 0.8,kajew,0.0,4794.0
5276,tree,TURKISH,ajaC Sedʒere,a j a c # s e dʒ e r e,7 6 7 1 9 3 7 1 7 5 7,XBYN_AXBYBZ,AJAC_SETERE,150.0,150.A.V 150.J.C 150.A.V 150.C.c 150._._ 150.S.C 150.E.V 150.T.C 150.E.V 150.R.C 150.E.V,1.5 1.75 1.3 0.8 0.0 2.0 1.5 1.75 1.3 1.75 0.8,ajac#sedʒere,0.0,4795.0
5316,tree,UGARITIC,XsX,xs x,3 3,AN,GG,151.0,151.G.C 151.G.c,2.0 0.8,xsx,0.0,4736.0
5436,tree,YOGAD,kaju,k a j u,1 7 6 7,AXBZ,KAJY,154.0,154.K.C 154.A.V 154.J.C 154.Y.V,2.0 1.5 1.75 0.8,kaju,0.0,4797.0
5596,tree,BISAYA SABAH,kaju,k a j u,1 7 6 7,AXBZ,KAJY,13.0,13.K.C 13.A.V 13.J.C 13.Y.V,2.0 1.5 1.75 0.8,kaju,0.0,4705.0
5956,tree,MANDAYAN BOSO,kauj,k a u j,1 7 7 6,AXYN,KAYJ,85.0,85.K.C 85.A.V 85.Y.V 85.J.c,2.0 1.5 1.3 0.8,kauj,0.0,4708.0
5996,tree,MANDAYAN CARAGA,kaʔuj,k a ʔ u j,1 7 1 7 6,AXBYN,KAHYJ,86.0,86.K.C 86.A.V 86.H.C 86.Y.V 86.J.c,2.0 1.5 1.75 1.3 0.8,kaʔuj,0.0,4708.0
6036,tree,MANDAYAN ISLAM PISO,kauj,k a u j,1 7 7 6,AXYN,KAYJ,87.0,87.K.C 87.A.V 87.Y.V 87.J.c,2.0 1.5 1.3 0.8,kauj,0.0,4708.0
6076,tree,MANSAKA 2,kaʔuj,k a ʔ u j,1 7 1 7 6,AXBYN,KAHYJ,96.0,96.K.C 96.A.V 96.H.C 96.Y.V 96.J.c,2.0 1.5 1.75 1.3 0.8,kaʔuj,0.0,4708.0
37,two,AGTA,duwo,d u w o,1 7 6 7,AXBZ,TYWU,1.0,1.T.C 1.Y.V 1.W.C 1.U.V,2.0 1.5 1.75 0.8,duwo,0.0,4798.0
77,two,AKLANON,dawah,d a w a h,1 7 6 7 3,AXBYN,TAWAH,2.0,2.T.C 2.A.V 2.W.C 2.A.V 2.H.c,2.0 1.5 1.75 1.3 0.8,dawah,0.0,4799.0
117,two,ATTA PAMPLONA,dua,d u a,1 7 7,AXZ,TYA,3.0,3.T.C 3.Y.V 3.A.V,2.0 1.5 0.8,dua,0.0,4856.0
157,two,BALANGAW,duwo,d u w o,1 7 6 7,AXBZ,TYWU,5.0,5.T.C 5.Y.V 5.W.C 5.U.V,2.0 1.5 1.75 0.8,duwo,0.0,4802.0
197,two,BALANGINGI SAMA,duwa,d u w a,1 7 6 7,AXBZ,TYWA,6.0,6.T.C 6.Y.V 6.W.C 6.A.V,2.0 1.5 1.75 0.8,duwa,0.0,4803.0
237,two,BALANGINGI SAMA (1),duwa,d u w a,1 7 6 7,AXBZ,TYWA,7.0,7.T.C 7.Y.V 7.W.C 7.A.V,2.0 1.5 1.75 0.8,duwa,0.0,4803.0
277,two,BASQUE,bi,b i,1 7,AX,PI,8.0,8.P.C 8.I.V,2.0 1.5,bi,0.0,4805.0
317,two,BATAK PALAWAN,dua,d u a,1 7 7,AXZ,TYA,9.0,9.T.C 9.Y.V 9.A.V,2.0 1.5 0.8,dua,0.0,4856.0
357,two,BILAAN KORONADAL,lwə,lw ə,5 7,AX,LE,10.0,10.L.C 10.E.V,2.0 1.5,lwə,0.0,4807.0
397,two,BILAAN SARANGANI,lwə,lw ə,5 7,AX,LE,11.0,11.L.C 11.E.V,2.0 1.5,lwə,0.0,4807.0
437,two,BINUKID,daduwa,d a d u w a,1 7 1 7 6 7,AXBYBZ,TATYWA,12.0,12.T.C 12.A.V 12.T.C 12.Y.V 12.W.C 12.A.V,2.0 1.5 1.75 1.3 1.75 0.8,daduwa,0.0,4815.0
477,two,BONGGI,dua,d u a,1 7 7,AXZ,TYA,14.0,14.T.C 14.Y.V 14.A.V,2.0 1.5 0.8,dua,0.0,4856.0
517,two,BONTOC GUINAANG,dowa,d o w a,1 7 6 7,AXBZ,TUWA,15.0,15.T.C 15.U.V 15.W.C 15.A.V,2.0 1.5 1.75 0.8,dowa,0.0,4811.0
557,two,BROOKES POINT PALAWAN,dua,d u a,1 7 7,AXZ,TYA,16.0,16.T.C 16.Y.V 16.A.V,2.0 1.5 0.8,dua,0.0,4856.0
597,two,BUHI,duwa,d u w a,1 7 6 7,AXBZ,TYWA,17.0,17.T.C 17.Y.V 17.W.C 17.A.V,2.0 1.5 1.75 0.8,duwa,0.0,4856.0
637,two,BUHINON ALBAY BICOLANO,dowa,d o w a,1 7 6 7,AXBZ,TUWA,18.0,18.T.C 18.U.V 18.W.C 18.A.V,2.0 1.5 1.75 0.8,dowa,0.0,4856.0
677,two,BUKIDNON BINUKID,daruwa,d a r u w a,1 7 5 7 6 7,AXBYBZ,TARYWA,19.0,19.T.C 19.A.V 19.R.C 19.Y.V 19.W.C 19.A.V,2.0 1.5 1.75 1.3 1.75 0.8,daruwa,0.0,4815.0
717,two,BUTUANON,duwa,d u w a,1 7 6 7,AXBZ,TYWA,20.0,20.T.C 20.Y.V 20.W.C 20.A.V,2.0 1.5 1.75 0.8,duwa,0.0,4816.0
757,two,CAIJIA,ta,t a,1 7,AX,TA,21.0,21.T.C 21.A.V,2.0 1.5,ta,0.0,4817.0
797,two,CANIPAAN PALAWAN,dua,d u a,1 7 7,AXZ,TYA,22.0,22.T.C 22.Y.V 22.A.V,2.0 1.5 0.8,dua,0.0,4856.0
837,two,CASIGURAN NEGRITO,dua,d u a,1 7 7,AXZ,TYA,23.0,23.T.C 23.Y.V 23.A.V,2.0 1.5 0.8,dua,0.0,4856.0
877,two,CEBUANO,duha,d u h a,1 7 3 7,AXBZ,TYHA,24.0,24.T.C 24.Y.V 24.H.C 24.A.V,2.0 1.5 1.75 0.8,duha,0.0,4856.0
917,two,CENTRAL BICOLANO,duwa,d u w a,1 7 6 7,AXBZ,TYWA,25.0,25.T.C 25.Y.V 25.W.C 25.A.V,2.0 1.5 1.75 0.8,duwa,0.0,4799.0
957,two,CENTRAL BONTOC,duwa,d u w a,1 7 6 7,AXBZ,TYWA,26.0,26.T.C 26.Y.V 26.W.C 26.A.V,2.0 1.5 1.75 0.8,duwa,0.0,4822.0
997,two,CENTRAL DUSUN,duo,d u o,1 7 7,AXZ,TYU,27.0,27.T.C 27.Y.V 27.U.V,2.0 1.5 0.8,duo,0.0,4856.0
1037,two,CENTRAL TAGBANWA,dua,d u a,1 7 7,AXZ,TYA,28.0,28.T.C 28.Y.V 28.A.V,2.0 1.5 0.8,dua,0.0,4856.0
1077,two,CUYONON,darwa,d a rw a,1 7 5 7,AXBZ,TARA,29.0,29.T.C 29.A.V 29.R.C 29.A.V,2.0 1.5 1.75 0.8,darwa,0.0,4825.0
1117,two,DARAGA,duwa,d u w a,1 7 6 7,AXBZ,TYWA,30.0,30.T.C 30.Y.V 30.W.C 30.A.V,2.0 1.5 1.75 0.8,duwa,0.0,4799.0
1157,two,DUMAGAT CASIGURAN,əduwaʔ,ə d u w a ʔ,7 1 7 6 7 1,XBYBYN,ETYWAH,31.0,31.E.V 31.T.C 31.Y.V 31.W.C 31.A.V 31.H.c,1.5 1.75 1.3 1.75 1.3 0.8,əduwaʔ,0.0,4827.0
1197,two,DUPANINGAN AGTA,duwa,d u w a,1 7 6 7,AXBZ,TYWA,32.0,32.T.C 32.Y.V 32.W.C 32.A.V,2.0 1.5 1.75 0.8,duwa,0.0,4811.0
1237,two,ENGLISH,tu,t u,1 7,AX,TY,33.0,33.T.C 33.Y.V,2.0 1.5,tu,1.0,4829.0
1277,two,ESKAYAN,tri,t r i,1 5 7,ACX,TRI,34.0,34.T.C 34.R.C 34.I.V,2.0 1.5 1.5,tri,0.0,4830.0
1317,two,ESTONIAN,kaks,k a ks,1 7 1,AXN,KAK,35.0,35.K.C 35.A.V 35.K.c,2.0 1.5 0.8,kaks,0.0,4831.0
1357,two,FINNISH,kaksi,k a ks i,1 7 1 7,AXBZ,KAKI,37.0,37.K.C 37.A.V 37.K.C 37.I.V,2.0 1.5 1.75 0.8,kaksi,0.0,4831.0
1397,two,FUZHOU CHINESE,naŋ,n a ŋ,4 7 4,AXN,NAN,38.0,38.N.C 38.A.V 38.N.c,2.0 1.5 0.8,naŋ,0.0,4834.0
1437,two,GADDANG,addwa,a dd w a,7 1 6 7,XBCZ,ATWA,39.0,39.A.V 39.T.C 39.W.C 39.A.V,1.5 1.75 1.5 0.8,addwa,0.0,4835.0
1477,two,HANUNOO,duwa,d u w a,1 7 6 7,AXBZ,TYWA,40.0,40.T.C 40.Y.V 40.W.C 40.A.V,2.0 1.5 1.75 0.8,duwa,0.0,4799.0
1517,two,HIGAONON BINUKID,daruwa,d a r u w a,1 7 5 7 6 7,AXBYBZ,TARYWA,41.0,41.T.C 41.A.V 41.R.C 41.Y.V 41.W.C 41.A.V,2.0 1.5 1.75 1.3 1.75 0.8,daruwa,0.0,4815.0
1557,two,HUNGARIAN,ketti,k e tt i,1 7 1 7,AXBZ,KETI,43.0,43.K.C 43.E.V 43.T.C 43.I.V,2.0 1.5 1.75 0.8,ketti,0.0,4838.0
1597,two,IBALOI,ʃuwa,ʃ u w a,3 7 6 7,AXBZ,SYWA,44.0,44.S.C 44.Y.V 44.W.C 44.A.V,2.0 1.5 1.75 0.8,ʃuwa,0.0,4839.0
1637,two,IBANAG,duwa,d u w a,1 7 6 7,AXBZ,TYWA,45.0,45.T.C 45.Y.V 45.W.C 45.A.V,2.0 1.5 1.75 0.8,duwa,0.0,4840.0
1677,two,IDAAN,duo,d u o,1 7 7,AXZ,TYU,46.0,46.T.C 46.Y.V 46.U.V,2.0 1.5 0.8,duo,0.0,4856.0
1717,two,IFUGAO AMGANAD,duwa,d u w a,1 7 6 7,AXBZ,TYWA,47.0,47.T.C 47.Y.V 47.W.C 47.A.V,2.0 1.5 1.75 0.8,duwa,0.0,4811.0
1757,two,IFUGAO BATAD,duwa,d u w a,1 7 6 7,AXBZ,TYWA,48.0,48.T.C 48.Y.V 48.W.C 48.A.V,2.0 1.5 1.75 0.8,duwa,0.0,4811.0
1797,two,IFUGAO BAYNINAN,duwa,d u w a,1 7 6 7,AXBZ,TYWA,49.0,49.T.C 49.Y.V 49.W.C 49.A.V,2.0 1.5 1.75 0.8,duwa,0.0,4811.0
1837,two,ILOKANO,dua,d u a,1 7 7,AXZ,TYA,50.0,50.T.C 50.Y.V 50.A.V,2.0 1.5 0.8,dua,0.0,4856.0
1877,two,ILONGOT KAKIDUGEN,duwa,d u w a,1 7 6 7,AXBZ,TYWA,51.0,51.T.C 51.Y.V 51.W.C 51.A.V,2.0 1.5 1.75 0.8,duwa,0.0,4846.0
1917,two,INIBALOI,Cowa,c o w a,1 7 6 7,AXBZ,CUWA,54.0,54.C.C 54.U.V 54.W.C 54.A.V,2.0 1.5 1.75 0.8,cowa,0.0,4811.0
1957,two,IRANUN,dua,d u a,1 7 7,AXZ,TYA,55.0,55.T.C 55.Y.V 55.A.V,2.0 1.5 0.8,dua,0.0,4856.0
1997,two,IRIGA,darawa,d a r a w a,1 7 5 7 6 7,AXBYBZ,TARAWA,57.0,57.T.C 57.A.V 57.R.C 57.A.V 57.W.C 57.A.V,2.0 1.5 1.75 1.3 1.75 0.8,darawa,0.0,4851.0
2037,two,ISNAG,duwa,d u w a,1 7 6 7,AXBZ,TYWA,59.0,59.T.C 59.Y.V 59.W.C 59.A.V,2.0 1.5 1.75 0.8,duwa,0.0,4811.0
2077,two,ISNEG,duwa,d u w a,1 7 6 7,AXBZ,TYWA,60.0,60.T.C 60.Y.V 60.W.C 60.A.V,2.0 1.5 1.75 0.8,duwa,0.0,4811.0
2117,two,ITAWIT,duE,d u æ,1 7 7,AXZ,TYE,61.0,61.T.C 61.Y.V 61.E.V,2.0 1.5 0.8,duæ,0.0,4856.0
2157,two,ITBAYATEN BATANES ISLANDS,duhaʔ,d u h a ʔ,1 7 3 7 1,AXBYN,TYHAH,62.0,62.T.C 62.Y.V 62.H.C 62.A.V 62.H.c,2.0 1.5 1.75 1.3 0.8,duhaʔ,0.0,4856.0
2197,two,ITNEG BINONGAN,dowa,d o w a,1 7 6 7,AXBZ,TUWA,63.0,63.T.C 63.U.V 63.W.C 63.A.V,2.0 1.5 1.75 0.8,dowa,0.0,4811.0
2237,two,IVATAN BATANES ISLANDS,dadoaʔ,d a d o a ʔ,1 7 1 7 7 1,AXBYYN,TATUAH,65.0,65.T.C 65.A.V 65.T.C 65.U.V 65.A.V 65.H.c,2.0 1.5 1.75 1.3 1.3 0.8,dadoaʔ,0.0,4852.0
2277,two,JAPANESE,futacu,f u t a c u,3 7 1 7 1 7,AXBYBZ,BYTACY,66.0,66.B.C 66.Y.V 66.T.C 66.A.V 66.C.C 66.Y.V,2.0 1.5 1.75 1.3 1.75 0.8,futacu,0.0,4860.0
2317,two,KADAZAN,duvo,d u v o,1 7 3 7,AXBZ,TYBU,67.0,67.T.C 67.Y.V 67.B.C 67.U.V,2.0 1.5 1.75 0.8,duvo,0.0,4861.0
2357,two,KAGAYANEN,darawa,d a r a w a,1 7 5 7 6 7,AXBYBZ,TARAWA,68.0,68.T.C 68.A.V 68.R.C 68.A.V 68.W.C 68.A.V,2.0 1.5 1.75 1.3 1.75 0.8,darawa,0.0,4815.0
2397,two,KALAGAN,duwa,d u w a,1 7 6 7,AXBZ,TYWA,69.0,69.T.C 69.Y.V 69.W.C 69.A.V,2.0 1.5 1.75 0.8,duwa,0.0,4856.0
2437,two,KALINGA GUINAANG,duwa,d u w a,1 7 6 7,AXBZ,TYWA,70.0,70.T.C 70.Y.V 70.W.C 70.A.V,2.0 1.5 1.75 0.8,duwa,0.0,4811.0
2477,two,KALINGA LIMOS,duwa,d u w a,1 7 6 7,AXBZ,TYWA,71.0,71.T.C 71.Y.V 71.W.C 71.A.V,2.0 1.5 1.75 0.8,duwa,0.0,4811.0
2517,two,KALLAHAN KAYAPA PROPER,duwa,d u w a,1 7 6 7,AXBZ,TYWA,72.0,72.T.C 72.Y.V 72.W.C 72.A.V,2.0 1.5 1.75 0.8,duwa,0.0,4811.0
2557,two,KALLAHAN KELEYQIQ IFUGAO,dewwaʔ,d e ww a ʔ,1 7 6 7 1,AXBYN,TEWAH,73.0,73.T.C 73.E.V 73.W.C 73.A.V 73.H.c,2.0 1.5 1.75 1.3 0.8,dewwaʔ,0.0,4867.0
2597,two,KANKANAY NORTHERN,dowa,d o w a,1 7 6 7,AXBZ,TUWA,75.0,75.T.C 75.U.V 75.W.C 75.A.V,2.0 1.5 1.75 0.8,dowa,0.0,4811.0
2637,two,KAPAMPANGAN,adwaʔ,a dw a ʔ,7 1 7 1,XBYN,ATAH,76.0,76.A.V 76.T.C 76.A.V 76.H.c,1.5 1.75 1.3 0.8,adwaʔ,0.0,4870.0
2717,two,KOREAN,tul,t u l,1 7 5,AXN,TYL,78.0,78.T.C 78.Y.V 78.L.c,2.0 1.5 0.8,tul,0.0,4817.0
2757,two,LEGAZPI,duwa,d u w a,1 7 6 7,AXBZ,TYWA,79.0,79.T.C 79.Y.V 79.W.C 79.A.V,2.0 1.5 1.75 0.8,duwa,0.0,4799.0
2797,two,LIBON,duwa,d u w a,1 7 6 7,AXBZ,TYWA,80.0,80.T.C 80.Y.V 80.W.C 80.A.V,2.0 1.5 1.75 0.8,duwa,0.0,4856.0
2837,two,LIVE,kakS,k a k s,1 7 1 3,AXBC,KAKS,82.0,82.K.C 82.A.V 82.K.C 82.S.C,2.0 1.5 1.75 1.5,kaks,0.0,4831.0
2877,two,MAGUINDANAO,duwa,d u w a,1 7 6 7,AXBZ,TYWA,83.0,83.T.C 83.Y.V 83.W.C 83.A.V,2.0 1.5 1.75 0.8,duwa,0.0,4861.0
2917,two,MAMANWA,dowa,d o w a,1 7 6 7,AXBZ,TUWA,84.0,84.T.C 84.U.V 84.W.C 84.A.V,2.0 1.5 1.75 0.8,dowa,0.0,4802.0
2957,two,MANOBO ATA,dadawa,d a d a w a,1 7 1 7 6 7,AXBYBZ,TATAWA,88.0,88.T.C 88.A.V 88.T.C 88.A.V 88.W.C 88.A.V,2.0 1.5 1.75 1.3 1.75 0.8,dadawa,0.0,4815.0
2997,two,MANOBO DIBABAWON,dadua,d a d u a,1 7 1 7 7,AXBYZ,TATYA,89.0,89.T.C 89.A.V 89.T.C 89.Y.V 89.A.V,2.0 1.5 1.75 1.3 0.8,dadua,0.0,4852.0
3037,two,MANOBO ILIANEN,dəruwa,d ə r u w a,1 7 5 7 6 7,AXBYBZ,TERYWA,90.0,90.T.C 90.E.V 90.R.C 90.Y.V 90.W.C 90.A.V,2.0 1.5 1.75 1.3 1.75 0.8,dəruwa,0.0,4815.0
3077,two,MANOBO KALAMANSIG COTABATO,duwa,d u w a,1 7 6 7,AXBZ,TYWA,91.0,91.T.C 91.Y.V 91.W.C 91.A.V,2.0 1.5 1.75 0.8,duwa,0.0,4815.0
3117,two,MANOBO SARANGANI,dowa,d o w a,1 7 6 7,AXBZ,TUWA,92.0,92.T.C 92.U.V 92.W.C 92.A.V,2.0 1.5 1.75 0.8,dowa,0.0,4815.0
3157,two,MANOBO TIGWA,dadua,d a d u a,1 7 1 7 7,AXBYZ,TATYA,93.0,93.T.C 93.A.V 93.T.C 93.Y.V 93.A.V,2.0 1.5 1.75 1.3 0.8,dadua,0.0,4852.0
3197,two,MANOBO WESTERN BUKIDNON,dəzuwa,d ə z u w a,1 7 3 7 6 7,AXBYBZ,TESYWA,94.0,94.T.C 94.E.V 94.S.C 94.Y.V 94.W.C 94.A.V,2.0 1.5 1.75 1.3 1.75 0.8,dəzuwa,0.0,4815.0
3237,two,MANSAKA,duwa,d u w a,1 7 6 7,AXBZ,TYWA,95.0,95.T.C 95.Y.V 95.W.C 95.A.V,2.0 1.5 1.75 0.8,duwa,0.0,4888.0
3277,two,MAPUN,duwa,d u w a,1 7 6 7,AXBZ,TYWA,97.0,97.T.C 97.Y.V 97.W.C 97.A.V,2.0 1.5 1.75 0.8,duwa,0.0,4803.0
3317,two,MARANAO,doa,d o a,1 7 7,AXZ,TUA,98.0,98.T.C 98.U.V 98.A.V,2.0 1.5 0.8,doa,0.0,4856.0
3357,two,MARINDUQUE TAGALOG,dalwa,d a lw a,1 7 5 7,AXBZ,TALA,99.0,99.T.C 99.A.V 99.L.C 99.A.V,2.0 1.5 1.75 0.8,dalwa,0.0,4825.0
3397,two,MASBATENYO,duha,d u h a,1 7 3 7,AXBZ,TYHA,100.0,100.T.C 100.Y.V 100.H.C 100.A.V,2.0 1.5 1.75 0.8,duha,0.0,4856.0
3437,two,MINANGALI LOWER TANUDAN KALINGA,duwa,d u w a,1 7 6 7,AXBZ,TYWA,101.0,101.T.C 101.Y.V 101.W.C 101.A.V,2.0 1.5 1.75 0.8,duwa,0.0,4811.0
3477,two,MOKSHA,kafta,k a f t a,1 7 3 1 7,AXMBZ,KABTA,102.0,102.K.C 102.A.V 102.B.c 102.T.C 102.A.V,2.0 1.5 1.1 1.75 0.8,kafta,0.0,4895.0
3517,two,MOLBOG,dua,d u a,1 7 7,AXZ,TYA,103.0,103.T.C 103.Y.V 103.A.V,2.0 1.5 0.8,dua,0.0,4856.0
3557,two,MOLBOG 2,dua,d u a,1 7 7,AXZ,TYA,104.0,104.T.C 104.Y.V 104.A.V,2.0 1.5 0.8,dua,0.0,4856.0
3597,two,MONGOLIAN,xojor,x o j o r,3 7 6 7 5,AXBYN,GUJUR,105.0,105.G.C 105.U.V 105.J.C 105.U.V 105.R.c,2.0 1.5 1.75 1.3 0.8,xojor,0.0,4898.0
3637,two,MORO MAGINDANAU,dua,d u a,1 7 7,AXZ,TYA,106.0,106.T.C 106.Y.V 106.A.V,2.0 1.5 0.8,dua,0.0,4856.0
3677,two,NAGA,duwa,d u w a,1 7 6 7,AXBZ,TYWA,107.0,107.T.C 107.Y.V 107.W.C 107.A.V,2.0 1.5 1.75 0.8,duwa,0.0,4799.0
3717,two,NORTHERN CATANDUANES,dawha,d a wh a,1 7 6 7,AXBZ,TAWA,108.0,108.T.C 108.A.V 108.W.C 108.A.V,2.0 1.5 1.75 0.8,dawha,0.0,4901.0
3757,two,NORTHERN SORSOGON,duwa,d u w a,1 7 6 7,AXBZ,TYWA,109.0,109.T.C 109.Y.V 109.W.C 109.A.V,2.0 1.5 1.75 0.8,duwa,0.0,4799.0
3797,two,OAS,duwa,d u w a,1 7 6 7,AXBZ,TYWA,110.0,110.T.C 110.Y.V 110.W.C 110.A.V,2.0 1.5 1.75 0.8,duwa,0.0,4856.0
3837,two,PALAWANO BATAK,dua,d u a,1 7 7,AXZ,TYA,111.0,111.T.C 111.Y.V 111.A.V,2.0 1.5 0.8,dua,0.0,4856.0
3877,two,PANGASINAN,duara,d u a r a,1 7 7 5 7,AXYBZ,TYARA,112.0,112.T.C 112.Y.V 112.A.V 112.R.C 112.A.V,2.0 1.5 1.3 1.75 0.8,duara,0.0,4825.0
3917,two,PANGUTARAN SAMA,duwa,d u w a,1 7 6 7,AXBZ,TYWA,113.0,113.T.C 113.Y.V 113.W.C 113.A.V,2.0 1.5 1.75 0.8,duwa,0.0,4803.0
3957,two,PANGUTARAN SAMA (1),duwa,d u w a,1 7 6 7,AXBZ,TYWA,114.0,114.T.C 114.Y.V 114.W.C 114.A.V,2.0 1.5 1.75 0.8,duwa,0.0,4803.0
3997,two,PROTO PALAWAN,dua,d u a,1 7 7,AXZ,TYA,115.0,115.T.C 115.Y.V 115.A.V,2.0 1.5 0.8,dua,0.0,4856.0
4037,two,QUEZON PALAWAN,dua,d u a,1 7 7,AXZ,TYA,117.0,117.T.C 117.Y.V 117.A.V,2.0 1.5 0.8,dua,0.0,4856.0
4077,two,ROMBLOMANON 1,duha,d u h a,1 7 3 7,AXBZ,TYHA,118.0,118.T.C 118.Y.V 118.H.C 118.A.V,2.0 1.5 1.75 0.8,duha,0.0,4856.0
4117,two,ROMBLOMANON 2,duha,d u h a,1 7 3 7,AXBZ,TYHA,119.0,119.T.C 119.Y.V 119.H.C 119.A.V,2.0 1.5 1.75 0.8,duha,0.0,4856.0
4157,two,SAMAL,dua,d u a,1 7 7,AXZ,TYA,120.0,120.T.C 120.Y.V 120.A.V,2.0 1.5 0.8,dua,0.0,4856.0
4197,two,SAMBAL BOTOLAN,loa,l o a,5 7 7,AXZ,LUA,121.0,121.L.C 121.U.V 121.A.V,2.0 1.5 0.8,loa,0.0,4914.0
4237,two,SANGIL,dalua,d a l u a,1 7 5 7 7,AXBYZ,TALYA,122.0,122.T.C 122.A.V 122.L.C 122.Y.V 122.A.V,2.0 1.5 1.75 1.3 0.8,dalua,0.0,4825.0
4277,two,SANGIL SARANGANI ISLANDS,dalua,d a l u a,1 7 5 7 7,AXBYZ,TALYA,123.0,123.T.C 123.A.V 123.L.C 123.Y.V 123.A.V,2.0 1.5 1.75 1.3 0.8,dalua,0.0,4825.0
4317,two,SEDANG,pea,p e a,1 7 7,AXZ,PEA,124.0,124.P.C 124.E.V 124.A.V,2.0 1.5 0.8,pea,0.0,4917.0
4357,two,SIBUTU SOUTHERN SAMA,duwa,d u w a,1 7 6 7,AXBZ,TYWA,125.0,125.T.C 125.Y.V 125.W.C 125.A.V,2.0 1.5 1.75 0.8,duwa,0.0,4918.0
4397,two,SOGODNIN BORACAY,darwa,d a rw a,1 7 5 7,AXBZ,TARA,127.0,127.T.C 127.A.V 127.R.C 127.A.V,2.0 1.5 1.75 0.8,darwa,0.0,4825.0
4437,two,SOUTH SAAMI,gektə,g e k t ə,1 7 1 1 7,AXMBZ,KEKTE,128.0,128.K.C 128.E.V 128.K.c 128.T.C 128.E.V,2.0 1.5 1.1 1.75 0.8,gektə,0.0,4831.0
4477,two,SOUTHERN CATANDUANES,duwa,d u w a,1 7 6 7,AXBZ,TYWA,129.0,129.T.C 129.Y.V 129.W.C 129.A.V,2.0 1.5 1.75 0.8,duwa,0.0,4799.0
4517,two,SOUTHERN SORSOGON,duwa,d u w a,1 7 6 7,AXBZ,TYWA,131.0,131.T.C 131.Y.V 131.W.C 131.A.V,2.0 1.5 1.75 0.8,duwa,0.0,4799.0
4557,two,SOUTHWEST PALAWANO,dua,d u a,1 7 7,AXZ,TYA,132.0,132.T.C 132.Y.V 132.A.V,2.0 1.5 0.8,dua,0.0,4856.0
4597,two,SPANISH,dos,d o s,1 7 3,AXN,TUS,133.0,133.T.C 133.U.V 133.S.c,2.0 1.5 0.8,dos,0.0,4926.0
4637,two,SUBANON SIOCON,duaʔ,d u a ʔ,1 7 7 1,AXYN,TYAH,134.0,134.T.C 134.Y.V 134.A.V 134.H.c,2.0 1.5 1.3 0.8,duaʔ,0.0,4856.0
4677,two,SUBANUN SINDANGAN,duaʔ,d u a ʔ,1 7 7 1,AXYN,TYAH,135.0,135.T.C 135.Y.V 135.A.V 135.H.c,2.0 1.5 1.3 0.8,duaʔ,0.0,4856.0
4717,two,SURIGAONON,duha,d u h a,1 7 3 7,AXBZ,TYHA,136.0,136.T.C 136.Y.V 136.H.C 136.A.V,2.0 1.5 1.75 0.8,duha,0.0,4856.0
4757,two,TAGABAWA,duwa,d u w a,1 7 6 7,AXBZ,TYWA,137.0,137.T.C 137.Y.V 137.W.C 137.A.V,2.0 1.5 1.75 0.8,duwa,0.0,4815.0
4797,two,TAGABILI,ləwuh,l ə w u h,5 7 6 7 3,AXBYN,LEWYH,138.0,138.L.C 138.E.V 138.W.C 138.Y.V 138.H.c,2.0 1.5 1.75 1.3 0.8,ləwuh,0.0,4931.0
4837,two,TAGALOG,dalawa,d a l a w a,1 7 5 7 6 7,AXBYBZ,TALAWA,139.0,139.T.C 139.A.V 139.L.C 139.A.V 139.W.C 139.A.V,2.0 1.5 1.75 1.3 1.75 0.8,dalawa,0.0,4851.0
4877,two,TAGBANUA ABORLAN,dua,d u a,1 7 7,AXZ,TYA,140.0,140.T.C 140.Y.V 140.A.V,2.0 1.5 0.8,dua,0.0,4856.0
4917,two,TAGBANWA ABORLAN,dua,d u a,1 7 7,AXZ,TYA,141.0,141.T.C 141.Y.V 141.A.V,2.0 1.5 0.8,dua,0.0,4856.0
4957,two,TAGBANWA KALAMIAN,duruaʔ,d u r u a ʔ,1 7 5 7 7 1,AXBYYN,TYRYAH,142.0,142.T.C 142.Y.V 142.R.C 142.Y.V 142.A.V 142.H.c,2.0 1.5 1.75 1.3 1.3 0.8,duruaʔ,0.0,4935.0
4997,two,TALAANDIG BINUKID,daduwa,d a d u w a,1 7 1 7 6 7,AXBYBZ,TATYWA,143.0,143.T.C 143.A.V 143.T.C 143.Y.V 143.W.C 143.A.V,2.0 1.5 1.75 1.3 1.75 0.8,daduwa,0.0,4815.0
5037,two,TAMBUNAN DUSUN,duo,d u o,1 7 7,AXZ,TYU,144.0,144.T.C 144.Y.V 144.U.V,2.0 1.5 0.8,duo,0.0,4856.0
5077,two,TAUSUG,duah,d u a h,1 7 7 3,AXYN,TYAH,145.0,145.T.C 145.Y.V 145.A.V 145.H.c,2.0 1.5 1.3 0.8,duah,0.0,4856.0
5117,two,TAUT BATU,dua,d u a,1 7 7,AXZ,TYA,146.0,146.T.C 146.Y.V 146.A.V,2.0 1.5 0.8,dua,0.0,4856.0
5157,two,TBOLI TAGABILI,sotuh,s o t u h,3 7 1 7 3,AXBYN,SUTYH,147.0,147.S.C 147.U.V 147.T.C 147.Y.V 147.H.c,2.0 1.5 1.75 1.3 0.8,sotuh,0.0,4940.0
5197,two,TIMUGON MURUT,dondoʔ,d o n d o ʔ,1 7 4 1 7 1,AXMBYN,TUNTUH,148.0,148.T.C 148.U.V 148.N.c 148.T.C 148.U.V 148.H.c,2.0 1.5 1.1 1.75 1.3 0.8,dondoʔ,0.0,4870.0
5237,two,TIRURAY,dos,d o s,1 7 3,AXN,TUS,149.0,149.T.C 149.U.V 149.S.c,2.0 1.5 0.8,dos,0.0,4942.0
5277,two,TURKISH,iki,i k i,7 1 7,XBZ,IKI,150.0,150.I.V 150.K.C 150.I.V,1.5 1.75 0.8,iki,0.0,4943.0
5317,two,UGARITIC,8n,n,4,A,N,151.0,151.N.C,2.0,n,0.0,4834.0
5357,two,WARAY WARAY,duha,d u h a,1 7 3 7,AXBZ,TYHA,152.0,152.T.C 152.Y.V 152.H.C 152.A.V,2.0 1.5 1.75 0.8,duha,0.0,4856.0
5397,two,YAKAN,duwe,d u w e,1 7 6 7,AXBZ,TYWE,153.0,153.T.C 153.Y.V 153.W.C 153.E.V,2.0 1.5 1.75 0.8,duwe,0.0,4856.0
5437,two,YOGAD,addu,a dd u,7 1 7,XBZ,ATY,154.0,154.A.V 154.T.C 154.Y.V,1.5 1.75 0.8,addu,0.0,4947.0
5517,two,IMOROD,dowa,d o w a,1 7 6 7,AXBZ,TUWA,52.0,52.T.C 52.U.V 52.W.C 52.A.V,2.0 1.5 1.75 0.8,dowa,0.0,4803.0
5557,two,BABUYAN,dowa,d o w a,1 7 6 7,AXBZ,TUWA,4.0,4.T.C 4.U.V 4.W.C 4.A.V,2.0 1.5 1.75 0.8,dowa,0.0,4801.0
5637,two,FINALLIG,Cowa,c o w a,1 7 6 7,AXBZ,CUWA,36.0,36.C.C 36.U.V 36.W.C 36.A.V,2.0 1.5 1.75 0.8,cowa,0.0,4832.0
5757,two,IRARALAY IVATAN,dowa,d o w a,1 7 6 7,AXBZ,TUWA,56.0,56.T.C 56.U.V 56.W.C 56.A.V,2.0 1.5 1.75 0.8,dowa,0.0,4803.0
5797,two,ISAMORONG IVATAN,dadwa,d a dw a,1 7 1 7,AXBZ,TATA,58.0,58.T.C 58.A.V 58.T.C 58.A.V,2.0 1.5 1.75 0.8,dadwa,0.0,4852.0
5837,two,IVASAY IVATAN,dadwa,d a dw a,1 7 1 7,AXBZ,TATA,64.0,64.T.C 64.A.V 64.T.C 64.A.V,2.0 1.5 1.75 0.8,dadwa,0.0,4852.0
5877,two,KANKANAEY,dowE,d o w æ,1 7 6 7,AXBZ,TUWE,74.0,74.T.C 74.U.V 74.W.C 74.E.V,2.0 1.5 1.75 0.8,dowæ,0.0,4868.0
5917,two,LIMOS KALINGA,duwa,d u w a,1 7 6 7,AXBZ,TYWA,81.0,81.T.C 81.Y.V 81.W.C 81.A.V,2.0 1.5 1.75 0.8,duwa,0.0,4811.0
5957,two,MANDAYAN BOSO,duwa,d u w a,1 7 6 7,AXBZ,TYWA,85.0,85.T.C 85.Y.V 85.W.C 85.A.V,2.0 1.5 1.75 0.8,duwa,0.0,4878.0
5997,two,MANDAYAN CARAGA,duwa,d u w a,1 7 6 7,AXBZ,TYWA,86.0,86.T.C 86.Y.V 86.W.C 86.A.V,2.0 1.5 1.75 0.8,duwa,0.0,4879.0
6037,two,MANDAYAN ISLAM PISO,duwa,d u w a,1 7 6 7,AXBZ,TYWA,87.0,87.T.C 87.Y.V 87.W.C 87.A.V,2.0 1.5 1.75 0.8,duwa,0.0,4880.0
6077,two,MANSAKA 2,duwa,d u w a,1 7 6 7,AXBZ,TYWA,96.0,96.T.C 96.Y.V 96.W.C 96.A.V,2.0 1.5 1.75 0.8,duwa,0.0,4889.0
6117,two,PROTO SOUTHERN MINDANAO,ləwu,l ə w u,5 7 6 7,AXBZ,LEWY,116.0,116.L.C 116.E.V 116.W.C 116.Y.V,2.0 1.5 1.75 0.8,ləwu,0.0,4807.0
6157,two,SINAUNA,darʔa,d a r ʔ a,1 7 5 1 7,AXMBZ,TARHA,126.0,126.T.C 126.A.V 126.R.c 126.H.C 126.A.V,2.0 1.5 1.1 1.75 0.8,darʔa,0.0,4919.0
6197,two,SOUTHERN KALINGA,Cuwa,c u w a,1 7 6 7,AXBZ,CYWA,130.0,130.C.C 130.Y.V 130.W.C 130.A.V,2.0 1.5 1.75 0.8,cuwa,0.0,4811.0
38,water,AGTA,donum,d o n u m,1 7 4 7 4,AXBYN,TUNYM,1.0,1.T.C 1.U.V 1.N.C 1.Y.V 1.M.c,2.0 1.5 1.75 1.3 0.8,donum,0.0,4951.0
78,water,AKLANON,tubiʔ,t u b i ʔ,1 7 1 7 1,AXBYN,TYPIH,2.0,2.T.C 2.Y.V 2.P.C 2.I.V 2.H.c,2.0 1.5 1.75 1.3 0.8,tubiʔ,0.0,4949.0
118,water,ATTA PAMPLONA,danum,d a n u m,1 7 4 7 4,AXBYN,TANYM,3.0,3.T.C 3.A.V 3.N.C 3.Y.V 3.M.c,2.0 1.5 1.75 1.3 0.8,danum,0.0,4951.0
158,water,BALANGAW,dənum,d ə n u m,1 7 4 7 4,AXBYN,TENYM,5.0,5.T.C 5.E.V 5.N.C 5.Y.V 5.M.c,2.0 1.5 1.75 1.3 0.8,dənum,0.0,4951.0
198,water,BALANGINGI SAMA,boheʔ,b o h e ʔ,1 7 3 7 1,AXBYN,PUHEH,6.0,6.P.C 6.U.V 6.H.C 6.E.V 6.H.c,2.0 1.5 1.75 1.3 0.8,boheʔ,0.0,4953.0
238,water,BALANGINGI SAMA (1),boheʔ,b o h e ʔ,1 7 3 7 1,AXBYN,PUHEH,7.0,7.P.C 7.U.V 7.H.C 7.E.V 7.H.c,2.0 1.5 1.75 1.3 0.8,boheʔ,0.0,4953.0
278,water,BASQUE,ur,u r,7 5,XN,YR,8.0,8.Y.V 8.R.c,1.5 0.8,ur,0.0,4955.0
318,water,BATAK PALAWAN,danum,d a n u m,1 7 4 7 4,AXBYN,TANYM,9.0,9.T.C 9.A.V 9.N.C 9.Y.V 9.M.c,2.0 1.5 1.75 1.3 0.8,danum,0.0,4951.0
358,water,BILAAN KORONADAL,eʔel,e ʔ e l,7 1 7 5,XBYN,EHEL,10.0,10.E.V 10.H.C 10.E.V 10.L.c,1.5 1.75 1.3 0.8,eʔel,0.0,4957.0
398,water,BILAAN SARANGANI,jeʔel,j e ʔ e l,6 7 1 7 5,AXBYN,JEHEL,11.0,11.J.C 11.E.V 11.H.C 11.E.V 11.L.c,2.0 1.5 1.75 1.3 0.8,jeʔel,0.0,4957.0
438,water,BINUKID,wahig,w a h i g,6 7 3 7 1,AXBYN,WAHIK,12.0,12.W.C 12.A.V 12.H.C 12.I.V 12.K.c,2.0 1.5 1.75 1.3 0.8,wahig,0.0,4959.0
478,water,BONGGI,beig,b e i g,1 7 7 1,AXYN,PEIK,14.0,14.P.C 14.E.V 14.I.V 14.K.c,2.0 1.5 1.3 0.8,beig,0.0,4961.0
518,water,BONTOC GUINAANG,danom,d a n o m,1 7 4 7 4,AXBYN,TANUM,15.0,15.T.C 15.A.V 15.N.C 15.U.V 15.M.c,2.0 1.5 1.75 1.3 0.8,danom,0.0,4951.0
558,water,BROOKES POINT PALAWAN,danum,d a n u m,1 7 4 7 4,AXBYN,TANYM,16.0,16.T.C 16.A.V 16.N.C 16.Y.V 16.M.c,2.0 1.5 1.75 1.3 0.8,danum,0.0,4951.0
598,water,BUHI,tubig,t u b i g,1 7 1 7 1,AXBYN,TYPIK,17.0,17.T.C 17.Y.V 17.P.C 17.I.V 17.K.c,2.0 1.5 1.75 1.3 0.8,tubig,0.0,4949.0
638,water,BUHINON ALBAY BICOLANO,tobig,t o b i g,1 7 1 7 1,AXBYN,TUPIK,18.0,18.T.C 18.U.V 18.P.C 18.I.V 18.K.c,2.0 1.5 1.75 1.3 0.8,tobig,0.0,4949.0
678,water,BUKIDNON BINUKID,wahig,w a h i g,6 7 3 7 1,AXBYN,WAHIK,19.0,19.W.C 19.A.V 19.H.C 19.I.V 19.K.c,2.0 1.5 1.75 1.3 0.8,wahig,0.0,4959.0
718,water,BUTUANON,tubig,t u b i g,1 7 1 7 1,AXBYN,TYPIK,20.0,20.T.C 20.Y.V 20.P.C 20.I.V 20.K.c,2.0 1.5 1.75 1.3 0.8,tubig,0.0,4949.0
758,water,CAIJIA,sr,s r,3 5,AC,SR,21.0,21.S.C 21.R.C,2.0 1.5,sr,1.0,4968.0
798,water,CANIPAAN PALAWAN,danum,d a n u m,1 7 4 7 4,AXBYN,TANYM,22.0,22.T.C 22.A.V 22.N.C 22.Y.V 22.M.c,2.0 1.5 1.75 1.3 0.8,danum,0.0,4951.0
838,water,CASIGURAN NEGRITO,dənum,d ə n u m,1 7 4 7 4,AXBYN,TENYM,23.0,23.T.C 23.E.V 23.N.C 23.Y.V 23.M.c,2.0 1.5 1.75 1.3 0.8,dənum,0.0,4951.0
878,water,CEBUANO,tubig,t u b i g,1 7 1 7 1,AXBYN,TYPIK,24.0,24.T.C 24.Y.V 24.P.C 24.I.V 24.K.c,2.0 1.5 1.75 1.3 0.8,tubig,0.0,4949.0
918,water,CENTRAL BICOLANO,tubig,t u b i g,1 7 1 7 1,AXBYN,TYPIK,25.0,25.T.C 25.Y.V 25.P.C 25.I.V 25.K.c,2.0 1.5 1.75 1.3 0.8,tubig,0.0,4949.0
958,water,CENTRAL BONTOC,danum,d a n u m,1 7 4 7 4,AXBYN,TANYM,26.0,26.T.C 26.A.V 26.N.C 26.Y.V 26.M.c,2.0 1.5 1.75 1.3 0.8,danum,0.0,4951.0
998,water,CENTRAL DUSUN,waig,w a i g,6 7 7 1,AXYN,WAIK,27.0,27.W.C 27.A.V 27.I.V 27.K.c,2.0 1.5 1.3 0.8,waig,0.0,4974.0
1038,water,CENTRAL TAGBANWA,wai,w a i,6 7 7,AXZ,WAI,28.0,28.W.C 28.A.V 28.I.V,2.0 1.5 0.8,wai,0.0,4975.0
1078,water,CUYONON,tubig,t u b i g,1 7 1 7 1,AXBYN,TYPIK,29.0,29.T.C 29.Y.V 29.P.C 29.I.V 29.K.c,2.0 1.5 1.75 1.3 0.8,tubig,0.0,4949.0
1118,water,DARAGA,tubig,t u b i g,1 7 1 7 1,AXBYN,TYPIK,30.0,30.T.C 30.Y.V 30.P.C 30.I.V 30.K.c,2.0 1.5 1.75 1.3 0.8,tubig,0.0,4949.0
1158,water,DUMAGAT CASIGURAN,dinom,d i n o m,1 7 4 7 4,AXBYN,TINUM,31.0,31.T.C 31.I.V 31.N.C 31.U.V 31.M.c,2.0 1.5 1.75 1.3 0.8,dinom,0.0,4951.0
1198,water,DUPANINGAN AGTA,dinom,d i n o m,1 7 4 7 4,AXBYN,TINUM,32.0,32.T.C 32.I.V 32.N.C 32.U.V 32.M.c,2.0 1.5 1.75 1.3 0.8,dinom,0.0,4951.0
1238,water,ENGLISH,watər,w a t ə r,6 7 1 7 5,AXBYN,WATER,33.0,33.W.C 33.A.V 33.T.C 33.E.V 33.R.c,2.0 1.5 1.75 1.3 0.8,watər,0.0,4980.0
1278,water,ESKAYAN,koljar,k o l j a r,1 7 5 6 7 5,AXBCYN,KULJAR,34.0,34.K.C 34.U.V 34.L.C 34.J.C 34.A.V 34.R.c,2.0 1.5 1.75 1.5 1.3 0.8,koljar,0.0,4981.0
1318,water,ESTONIAN,vesi,v e s i,3 7 3 7,AXBZ,BESI,35.0,35.B.C 35.E.V 35.S.C 35.I.V,2.0 1.5 1.75 0.8,vesi,0.0,4982.0
1358,water,FINNISH,vesi,v e s i,3 7 3 7,AXBZ,BESI,37.0,37.B.C 37.E.V 37.S.C 37.I.V,2.0 1.5 1.75 0.8,vesi,0.0,4982.0
1398,water,FUZHOU CHINESE,cui,c u i,1 7 7,AXZ,CYI,38.0,38.C.C 38.Y.V 38.I.V,2.0 1.5 0.8,cui,0.0,4985.0
1438,water,GADDANG,danum,d a n u m,1 7 4 7 4,AXBYN,TANYM,39.0,39.T.C 39.A.V 39.N.C 39.Y.V 39.M.c,2.0 1.5 1.75 1.3 0.8,danum,0.0,4951.0
1478,water,HANUNOO,danum,d a n u m,1 7 4 7 4,AXBYN,TANYM,40.0,40.T.C 40.A.V 40.N.C 40.Y.V 40.M.c,2.0 1.5 1.75 1.3 0.8,danum,0.0,4951.0
1518,water,HIGAONON BINUKID,wahig,w a h i g,6 7 3 7 1,AXBYN,WAHIK,41.0,41.W.C 41.A.V 41.H.C 41.I.V 41.K.c,2.0 1.5 1.75 1.3 0.8,wahig,0.0,4959.0
1558,water,HUNGARIAN,viz,v i z,3 7 3,AXN,BIS,43.0,43.B.C 43.I.V 43.S.c,2.0 1.5 0.8,viz,0.0,4982.0
1598,water,IBALOI,ʃanom,ʃ a n o m,3 7 4 7 4,AXBYN,SANUM,44.0,44.S.C 44.A.V 44.N.C 44.U.V 44.M.c,2.0 1.5 1.75 1.3 0.8,ʃanom,0.0,4951.0
1638,water,IBANAG,danum,d a n u m,1 7 4 7 4,AXBYN,TANYM,45.0,45.T.C 45.A.V 45.N.C 45.Y.V 45.M.c,2.0 1.5 1.75 1.3 0.8,danum,0.0,4951.0
1678,water,IDAAN,sapaʔ,s a p a ʔ,3 7 1 7 1,AXBYN,SAPAH,46.0,46.S.C 46.A.V 46.P.C 46.A.V 46.H.c,2.0 1.5 1.75 1.3 0.8,sapaʔ,0.0,4993.0
1718,water,IFUGAO AMGANAD,litiŋ,l i t i ŋ,5 7 1 7 4,AXBYN,LITIN,47.0,47.L.C 47.I.V 47.T.C 47.I.V 47.N.c,2.0 1.5 1.75 1.3 0.8,litiŋ,0.0,4994.0
1758,water,IFUGAO BATAD,danum,d a n u m,1 7 4 7 4,AXBYN,TANYM,48.0,48.T.C 48.A.V 48.N.C 48.Y.V 48.M.c,2.0 1.5 1.75 1.3 0.8,danum,0.0,4951.0
1798,water,IFUGAO BAYNINAN,leteŋ,l e t e ŋ,5 7 1 7 4,AXBYN,LETEN,49.0,49.L.C 49.E.V 49.T.C 49.E.V 49.N.c,2.0 1.5 1.75 1.3 0.8,leteŋ,0.0,4994.0
1838,water,ILOKANO,danum,d a n u m,1 7 4 7 4,AXBYN,TANYM,50.0,50.T.C 50.A.V 50.N.C 50.Y.V 50.M.c,2.0 1.5 1.75 1.3 0.8,danum,0.0,4951.0
1878,water,ILONGOT KAKIDUGEN,dənum,d ə n u m,1 7 4 7 4,AXBYN,TENYM,51.0,51.T.C 51.E.V 51.N.C 51.Y.V 51.M.c,2.0 1.5 1.75 1.3 0.8,dənum,0.0,4951.0
1918,water,INIBALOI,Canom,c a n o m,1 7 4 7 4,AXBYN,CANUM,54.0,54.C.C 54.A.V 54.N.C 54.U.V 54.M.c,2.0 1.5 1.75 1.3 0.8,canom,0.0,4951.0
1958,water,IRANUN,aig,a i g,7 7 1,XYN,AIK,55.0,55.A.V 55.I.V 55.K.c,1.5 1.3 0.8,aig,0.0,5002.0
1998,water,IRIGA,tubig,t u b i g,1 7 1 7 1,AXBYN,TYPIK,57.0,57.T.C 57.Y.V 57.P.C 57.I.V 57.K.c,2.0 1.5 1.75 1.3 0.8,tubig,0.0,4949.0
2038,water,ISNAG,danum,d a n u m,1 7 4 7 4,AXBYN,TANYM,59.0,59.T.C 59.A.V 59.N.C 59.Y.V 59.M.c,2.0 1.5 1.75 1.3 0.8,danum,0.0,4951.0
2078,water,ISNEG,danum,d a n u m,1 7 4 7 4,AXBYN,TANYM,60.0,60.T.C 60.A.V 60.N.C 60.Y.V 60.M.c,2.0 1.5 1.75 1.3 0.8,danum,0.0,4951.0
2118,water,ITAWIT,dEnum,d æ n u m,1 7 4 7 4,AXBYN,TENYM,61.0,61.T.C 61.E.V 61.N.C 61.Y.V 61.M.c,2.0 1.5 1.75 1.3 0.8,dænum,0.0,4951.0
2158,water,ITBAYATEN BATANES ISLANDS,ranum,r a n u m,5 7 4 7 4,AXBYN,RANYM,62.0,62.R.C 62.A.V 62.N.C 62.Y.V 62.M.c,2.0 1.5 1.75 1.3 0.8,ranum,0.0,4951.0
2198,water,ITNEG BINONGAN,danom,d a n o m,1 7 4 7 4,AXBYN,TANUM,63.0,63.T.C 63.A.V 63.N.C 63.U.V 63.M.c,2.0 1.5 1.75 1.3 0.8,danom,0.0,4951.0
2238,water,IVATAN BATANES ISLANDS,danom,d a n o m,1 7 4 7 4,AXBYN,TANUM,65.0,65.T.C 65.A.V 65.N.C 65.U.V 65.M.c,2.0 1.5 1.75 1.3 0.8,danom,0.0,4951.0
2278,water,JAPANESE,mizu,m i z u,4 7 3 7,AXBZ,MISY,66.0,66.M.C 66.I.V 66.S.C 66.Y.V,2.0 1.5 1.75 0.8,mizu,0.0,5013.0
2318,water,KADAZAN,vaig,v a i g,3 7 7 1,AXYN,BAIK,67.0,67.B.C 67.A.V 67.I.V 67.K.c,2.0 1.5 1.3 0.8,vaig,0.0,5014.0
2358,water,KAGAYANEN,waig,w a i g,6 7 7 1,AXYN,WAIK,68.0,68.W.C 68.A.V 68.I.V 68.K.c,2.0 1.5 1.3 0.8,waig,0.0,4959.0
2398,water,KALAGAN,tubig,t u b i g,1 7 1 7 1,AXBYN,TYPIK,69.0,69.T.C 69.Y.V 69.P.C 69.I.V 69.K.c,2.0 1.5 1.75 1.3 0.8,tubig,0.0,4949.0
2438,water,KALINGA GUINAANG,danum,d a n u m,1 7 4 7 4,AXBYN,TANYM,70.0,70.T.C 70.A.V 70.N.C 70.Y.V 70.M.c,2.0 1.5 1.75 1.3 0.8,danum,0.0,4951.0
2478,water,KALINGA LIMOS,danum,d a n u m,1 7 4 7 4,AXBYN,TANYM,71.0,71.T.C 71.A.V 71.N.C 71.Y.V 71.M.c,2.0 1.5 1.75 1.3 0.8,danum,0.0,4951.0
2518,water,KALLAHAN KAYAPA PROPER,danum,d a n u m,1 7 4 7 4,AXBYN,TANYM,72.0,72.T.C 72.A.V 72.N.C 72.Y.V 72.M.c,2.0 1.5 1.75 1.3 0.8,danum,0.0,4951.0
2558,water,KALLAHAN KELEYQIQ IFUGAO,danum,d a n u m,1 7 4 7 4,AXBYN,TANYM,73.0,73.T.C 73.A.V 73.N.C 73.Y.V 73.M.c,2.0 1.5 1.75 1.3 0.8,danum,0.0,4951.0
2598,water,KANKANAY NORTHERN,danom,d a n o m,1 7 4 7 4,AXBYN,TANUM,75.0,75.T.C 75.A.V 75.N.C 75.U.V 75.M.c,2.0 1.5 1.75 1.3 0.8,danom,0.0,4951.0
2638,water,KAPAMPANGAN,danum,d a n u m,1 7 4 7 4,AXBYN,TANYM,76.0,76.T.C 76.A.V 76.N.C 76.Y.V 76.M.c,2.0 1.5 1.75 1.3 0.8,danum,0.0,4951.0
2678,water,KINARAY A,tubig,t u b i g,1 7 1 7 1,AXBYN,TYPIK,77.0,77.T.C 77.Y.V 77.P.C 77.I.V 77.K.c,2.0 1.5 1.75 1.3 0.8,tubig,0.0,4949.0
2718,water,KOREAN,mul,m u l,4 7 5,AXN,MYL,78.0,78.M.C 78.Y.V 78.L.c,2.0 1.5 0.8,mul,0.0,5025.0
2758,water,LEGAZPI,tubig,t u b i g,1 7 1 7 1,AXBYN,TYPIK,79.0,79.T.C 79.Y.V 79.P.C 79.I.V 79.K.c,2.0 1.5 1.75 1.3 0.8,tubig,0.0,4949.0
2798,water,LIBON,tubig,t u b i g,1 7 1 7 1,AXBYN,TYPIK,80.0,80.T.C 80.Y.V 80.P.C 80.I.V 80.K.c,2.0 1.5 1.75 1.3 0.8,tubig,0.0,4949.0
2838,water,LIVE,veic,v e i c,3 7 7 1,AXYN,BEIC,82.0,82.B.C 82.E.V 82.I.V 82.C.c,2.0 1.5 1.3 0.8,veic,0.0,4982.0
2878,water,MAGUINDANAO,ig,i g,7 1,XN,IK,83.0,83.I.V 83.K.c,1.5 0.8,ig,0.0,5002.0
2918,water,MAMANWA,sapaʔ,s a p a ʔ,3 7 1 7 1,AXBYN,SAPAH,84.0,84.S.C 84.A.V 84.P.C 84.A.V 84.H.c,2.0 1.5 1.75 1.3 0.8,sapaʔ,0.0,4993.0
2958,water,MANOBO ATA,woig,w o i g,6 7 7 1,AXYN,WUIK,88.0,88.W.C 88.U.V 88.I.V 88.K.c,2.0 1.5 1.3 0.8,woig,0.0,4959.0
2998,water,MANOBO DIBABAWON,wəhig,w ə h i g,6 7 3 7 1,AXBYN,WEHIK,89.0,89.W.C 89.E.V 89.H.C 89.I.V 89.K.c,2.0 1.5 1.75 1.3 0.8,wəhig,0.0,5036.0
3038,water,MANOBO ILIANEN,wajig,w a j i g,6 7 6 7 1,AXBYN,WAJIK,90.0,90.W.C 90.A.V 90.J.C 90.I.V 90.K.c,2.0 1.5 1.75 1.3 0.8,wajig,0.0,5037.0
3078,water,MANOBO KALAMANSIG COTABATO,wajəg,w a j ə g,6 7 6 7 1,AXBYN,WAJEK,91.0,91.W.C 91.A.V 91.J.C 91.E.V 91.K.c,2.0 1.5 1.75 1.3 0.8,wajəg,0.0,5037.0
3118,water,MANOBO SARANGANI,wajog,w a j o g,6 7 6 7 1,AXBYN,WAJUK,92.0,92.W.C 92.A.V 92.J.C 92.U.V 92.K.c,2.0 1.5 1.75 1.3 0.8,wajog,0.0,5037.0
3158,water,MANOBO TIGWA,wəig,w ə i g,6 7 7 1,AXYN,WEIK,93.0,93.W.C 93.E.V 93.I.V 93.K.c,2.0 1.5 1.3 0.8,wəig,0.0,5040.0
3198,water,MANOBO WESTERN BUKIDNON,wahig,w a h i g,6 7 3 7 1,AXBYN,WAHIK,94.0,94.W.C 94.A.V 94.H.C 94.I.V 94.K.c,2.0 1.5 1.75 1.3 0.8,wahig,0.0,4959.0
3238,water,MANSAKA,tubig,t u b i g,1 7 1 7 1,AXBYN,TYPIK,95.0,95.T.C 95.Y.V 95.P.C 95.I.V 95.K.c,2.0 1.5 1.75 1.3 0.8,tubig,0.0,4949.0
3278,water,MAPUN,boheʔ,b o h e ʔ,1 7 3 7 1,AXBYN,PUHEH,97.0,97.P.C 97.U.V 97.H.C 97.E.V 97.H.c,2.0 1.5 1.75 1.3 0.8,boheʔ,0.0,4953.0
3318,water,MARANAO,ig,i g,7 1,XN,IK,98.0,98.I.V 98.K.c,1.5 0.8,ig,0.0,5002.0
3358,water,MARINDUQUE TAGALOG,tubig,t u b i g,1 7 1 7 1,AXBYN,TYPIK,99.0,99.T.C 99.Y.V 99.P.C 99.I.V 99.K.c,2.0 1.5 1.75 1.3 0.8,tubig,0.0,4949.0
3398,water,MASBATENYO,tubig,t u b i g,1 7 1 7 1,AXBYN,TYPIK,100.0,100.T.C 100.Y.V 100.P.C 100.I.V 100.K.c,2.0 1.5 1.75 1.3 0.8,tubig,0.0,4949.0
3438,water,MINANGALI LOWER TANUDAN KALINGA,danum,d a n u m,1 7 4 7 4,AXBYN,TANYM,101.0,101.T.C 101.A.V 101.N.C 101.Y.V 101.M.c,2.0 1.5 1.75 1.3 0.8,danum,0.0,4951.0
3478,water,MOKSHA,vjedj,v j e d j,3 6 7 1 6,ACXBC,BJETJ,102.0,102.B.C 102.J.C 102.E.V 102.T.C 102.J.C,2.0 1.5 1.5 1.75 1.5,vjedj,0.0,5049.0
3518,water,MOLBOG,danum,d a n u m,1 7 4 7 4,AXBYN,TANYM,103.0,103.T.C 103.A.V 103.N.C 103.Y.V 103.M.c,2.0 1.5 1.75 1.3 0.8,danum,0.0,4951.0
3558,water,MOLBOG 2,danum,d a n u m,1 7 4 7 4,AXBYN,TANYM,104.0,104.T.C 104.A.V 104.N.C 104.Y.V 104.M.c,2.0 1.5 1.75 1.3 0.8,danum,0.0,4951.0
3598,water,MONGOLIAN,us,u s,7 3,XN,YS,105.0,105.Y.V 105.S.c,1.5 0.8,us,0.0,5052.0
3638,water,MORO MAGINDANAU,ig,i g,7 1,XN,IK,106.0,106.I.V 106.K.c,1.5 0.8,ig,0.0,5002.0
3678,water,NAGA,tubig,t u b i g,1 7 1 7 1,AXBYN,TYPIK,107.0,107.T.C 107.Y.V 107.P.C 107.I.V 107.K.c,2.0 1.5 1.75 1.3 0.8,tubig,0.0,4949.0
3718,water,NORTHERN CATANDUANES,tubig,t u b i g,1 7 1 7 1,AXBYN,TYPIK,108.0,108.T.C 108.Y.V 108.P.C 108.I.V 108.K.c,2.0 1.5 1.75 1.3 0.8,tubig,0.0,4949.0
3758,water,NORTHERN SORSOGON,tubig,t u b i g,1 7 1 7 1,AXBYN,TYPIK,109.0,109.T.C 109.Y.V 109.P.C 109.I.V 109.K.c,2.0 1.5 1.75 1.3 0.8,tubig,0.0,4949.0
3798,water,OAS,tubig,t u b i g,1 7 1 7 1,AXBYN,TYPIK,110.0,110.T.C 110.Y.V 110.P.C 110.I.V 110.K.c,2.0 1.5 1.75 1.3 0.8,tubig,0.0,4949.0
3838,water,PALAWANO BATAK,danum,d a n u m,1 7 4 7 4,AXBYN,TANYM,111.0,111.T.C 111.A.V 111.N.C 111.Y.V 111.M.c,2.0 1.5 1.75 1.3 0.8,danum,0.0,4951.0
3878,water,PANGASINAN,danom,d a n o m,1 7 4 7 4,AXBYN,TANUM,112.0,112.T.C 112.A.V 112.N.C 112.U.V 112.M.c,2.0 1.5 1.75 1.3 0.8,danom,0.0,4951.0
3918,water,PANGUTARAN SAMA,boheʔ,b o h e ʔ,1 7 3 7 1,AXBYN,PUHEH,113.0,113.P.C 113.U.V 113.H.C 113.E.V 113.H.c,2.0 1.5 1.75 1.3 0.8,boheʔ,0.0,4953.0
3958,water,PANGUTARAN SAMA (1),boheʔ,b o h e ʔ,1 7 3 7 1,AXBYN,PUHEH,114.0,114.P.C 114.U.V 114.H.C 114.E.V 114.H.c,2.0 1.5 1.75 1.3 0.8,boheʔ,0.0,4953.0
3998,water,PROTO PALAWAN,danum,d a n u m,1 7 4 7 4,AXBYN,TANYM,115.0,115.T.C 115.A.V 115.N.C 115.Y.V 115.M.c,2.0 1.5 1.75 1.3 0.8,danum,0.0,4951.0
4038,water,QUEZON PALAWAN,danum,d a n u m,1 7 4 7 4,AXBYN,TANYM,117.0,117.T.C 117.A.V 117.N.C 117.Y.V 117.M.c,2.0 1.5 1.75 1.3 0.8,danum,0.0,4951.0
4078,water,ROMBLOMANON 1,tubiʔ,t u b i ʔ,1 7 1 7 1,AXBYN,TYPIH,118.0,118.T.C 118.Y.V 118.P.C 118.I.V 118.H.c,2.0 1.5 1.75 1.3 0.8,tubiʔ,0.0,4949.0
4118,water,ROMBLOMANON 2,tubiʔ,t u b i ʔ,1 7 1 7 1,AXBYN,TYPIH,119.0,119.T.C 119.Y.V 119.P.C 119.I.V 119.H.c,2.0 1.5 1.75 1.3 0.8,tubiʔ,0.0,4949.0
4158,water,SAMAL,boheʔ,b o h e ʔ,1 7 3 7 1,AXBYN,PUHEH,120.0,120.P.C 120.U.V 120.H.C 120.E.V 120.H.c,2.0 1.5 1.75 1.3 0.8,boheʔ,0.0,4953.0
4198,water,SAMBAL BOTOLAN,lanom,l a n o m,5 7 4 7 4,AXBYN,LANUM,121.0,121.L.C 121.A.V 121.N.C 121.U.V 121.M.c,2.0 1.5 1.75 1.3 0.8,lanom,0.0,4951.0
4238,water,SANGIL,akeʔ,a k e ʔ,7 1 7 1,XBYN,AKEH,122.0,122.A.V 122.K.C 122.E.V 122.H.c,1.5 1.75 1.3 0.8,akeʔ,0.0,5069.0
4278,water,SANGIL SARANGANI ISLANDS,akeʔ,a k e ʔ,7 1 7 1,XBYN,AKEH,123.0,123.A.V 123.K.C 123.E.V 123.H.c,1.5 1.75 1.3 0.8,akeʔ,0.0,5069.0
4318,water,SEDANG,tea,t e a,1 7 7,AXZ,TEA,124.0,124.T.C 124.E.V 124.A.V,2.0 1.5 0.8,tea,0.0,5071.0
4358,water,SIBUTU SOUTHERN SAMA,boheʔ,b o h e ʔ,1 7 3 7 1,AXBYN,PUHEH,125.0,125.P.C 125.U.V 125.H.C 125.E.V 125.H.c,2.0 1.5 1.75 1.3 0.8,boheʔ,0.0,4953.0
4398,water,SOGODNIN BORACAY,awad,a w a d,7 6 7 1,XBYN,AWAT,127.0,127.A.V 127.W.C 127.A.V 127.T.c,1.5 1.75 1.3 0.8,awad,0.0,5074.0
4438,water,SOUTH SAAMI,Cjaeciə,c j a e c i ə,1 6 7 7 1 7 7,ACXYBYZ,CJAECIE,128.0,128.C.C 128.J.C 128.A.V 128.E.V 128.C.C 128.I.V 128.E.V,2.0 1.5 1.5 1.3 1.75 1.3 0.8,cjaeciə,0.0,5075.0
4478,water,SOUTHERN CATANDUANES,tubig,t u b i g,1 7 1 7 1,AXBYN,TYPIK,129.0,129.T.C 129.Y.V 129.P.C 129.I.V 129.K.c,2.0 1.5 1.75 1.3 0.8,tubig,0.0,4949.0
4518,water,SOUTHERN SORSOGON,tubig,t u b i g,1 7 1 7 1,AXBYN,TYPIK,131.0,131.T.C 131.Y.V 131.P.C 131.I.V 131.K.c,2.0 1.5 1.75 1.3 0.8,tubig,0.0,4949.0
4558,water,SOUTHWEST PALAWANO,danom,d a n o m,1 7 4 7 4,AXBYN,TANUM,132.0,132.T.C 132.A.V 132.N.C 132.U.V 132.M.c,2.0 1.5 1.75 1.3 0.8,danom,0.0,4951.0
4598,water,SPANISH,agwa,a gw a,7 1 7,XBZ,AKA,133.0,133.A.V 133.K.C 133.A.V,1.5 1.75 0.8,agwa,0.0,5080.0
4638,water,SUBANON SIOCON,tubig,t u b i g,1 7 1 7 1,AXBYN,TYPIK,134.0,134.T.C 134.Y.V 134.P.C 134.I.V 134.K.c,2.0 1.5 1.75 1.3 0.8,tubig,0.0,4949.0
4678,water,SUBANUN SINDANGAN,tubig,t u b i g,1 7 1 7 1,AXBYN,TYPIK,135.0,135.T.C 135.Y.V 135.P.C 135.I.V 135.K.c,2.0 1.5 1.75 1.3 0.8,tubig,0.0,4949.0
4718,water,SURIGAONON,tubig,t u b i g,1 7 1 7 1,AXBYN,TYPIK,136.0,136.T.C 136.Y.V 136.P.C 136.I.V 136.K.c,2.0 1.5 1.75 1.3 0.8,tubig,0.0,4949.0
4758,water,TAGABAWA,wajig,w a j i g,6 7 6 7 1,AXBYN,WAJIK,137.0,137.W.C 137.A.V 137.J.C 137.I.V 137.K.c,2.0 1.5 1.75 1.3 0.8,wajig,0.0,5037.0
4798,water,TAGABILI,el,e l,7 5,XN,EL,138.0,138.E.V 138.L.c,1.5 0.8,el,0.0,4957.0
4838,water,TAGALOG,tubig,t u b i g,1 7 1 7 1,AXBYN,TYPIK,139.0,139.T.C 139.Y.V 139.P.C 139.I.V 139.K.c,2.0 1.5 1.75 1.3 0.8,tubig,0.0,4949.0
4878,water,TAGBANUA ABORLAN,danum,d a n u m,1 7 4 7 4,AXBYN,TANYM,140.0,140.T.C 140.A.V 140.N.C 140.Y.V 140.M.c,2.0 1.5 1.75 1.3 0.8,danum,0.0,4951.0
4918,water,TAGBANWA ABORLAN,danum,d a n u m,1 7 4 7 4,AXBYN,TANYM,141.0,141.T.C 141.A.V 141.N.C 141.Y.V 141.M.c,2.0 1.5 1.75 1.3 0.8,danum,0.0,4951.0
4958,water,TAGBANWA KALAMIAN,waiʔ,w a i ʔ,6 7 7 1,AXYN,WAIH,142.0,142.W.C 142.A.V 142.I.V 142.H.c,2.0 1.5 1.3 0.8,waiʔ,0.0,5089.0
4998,water,TALAANDIG BINUKID,wahig,w a h i g,6 7 3 7 1,AXBYN,WAHIK,143.0,143.W.C 143.A.V 143.H.C 143.I.V 143.K.c,2.0 1.5 1.75 1.3 0.8,wahig,0.0,4959.0
5038,water,TAMBUNAN DUSUN,waig,w a i g,6 7 7 1,AXYN,WAIK,144.0,144.W.C 144.A.V 144.I.V 144.K.c,2.0 1.5 1.3 0.8,waig,0.0,4974.0
5078,water,TAUSUG,tubig,t u b i g,1 7 1 7 1,AXBYN,TYPIK,145.0,145.T.C 145.Y.V 145.P.C 145.I.V 145.K.c,2.0 1.5 1.75 1.3 0.8,tubig,0.0,4949.0
5118,water,TAUT BATU,danum,d a n u m,1 7 4 7 4,AXBYN,TANYM,146.0,146.T.C 146.A.V 146.N.C 146.Y.V 146.M.c,2.0 1.5 1.75 1.3 0.8,danum,0.0,4951.0
5158,water,TBOLI TAGABILI,el,e l,7 5,XN,EL,147.0,147.E.V 147.L.c,1.5 0.8,el,0.0,5094.0
5198,water,TIMUGON MURUT,timug,t i m u g,1 7 4 7 1,AXBYN,TIMYK,148.0,148.T.C 148.I.V 148.M.C 148.Y.V 148.K.c,2.0 1.5 1.75 1.3 0.8,timug,0.0,5095.0
5238,water,TIRURAY,reguwas,r e g u w a s,5 7 1 7 6 7 3,AXBYBYN,REKYWAS,149.0,149.R.C 149.E.V 149.K.C 149.Y.V 149.W.C 149.A.V 149.S.c,2.0 1.5 1.75 1.3 1.75 1.3 0.8,reguwas,0.0,5096.0
5278,water,TURKISH,su,s u,3 7,AX,SY,150.0,150.S.C 150.Y.V,2.0 1.5,su,0.0,4985.0
5318,water,UGARITIC,mj,m j,4 6,AC,MJ,151.0,151.M.C 151.J.C,2.0 1.5,mj,0.0,5098.0
5358,water,WARAY WARAY,tubig,t u b i g,1 7 1 7 1,AXBYN,TYPIK,152.0,152.T.C 152.Y.V 152.P.C 152.I.V 152.K.c,2.0 1.5 1.75 1.3 0.8,tubig,0.0,4949.0
5398,water,YAKAN,boheʔ,b o h e ʔ,1 7 3 7 1,AXBYN,PUHEH,153.0,153.P.C 153.U.V 153.H.C 153.E.V 153.H.c,2.0 1.5 1.75 1.3 0.8,boheʔ,0.0,4953.0
5438,water,YOGAD,danum,d a n u m,1 7 4 7 4,AXBYN,TANYM,154.0,154.T.C 154.A.V 154.N.C 154.Y.V 154.M.c,2.0 1.5 1.75 1.3 0.8,danum,0.0,4951.0
5518,water,IMOROD,ranom,r a n o m,5 7 4 7 4,AXBYN,RANUM,52.0,52.R.C 52.A.V 52.N.C 52.U.V 52.M.c,2.0 1.5 1.75 1.3 0.8,ranom,0.0,4951.0
5558,water,BABUYAN,ranom,r a n o m,5 7 4 7 4,AXBYN,RANUM,4.0,4.R.C 4.A.V 4.N.C 4.U.V 4.M.c,2.0 1.5 1.75 1.3 0.8,ranom,0.0,4951.0
5598,water,BISAYA SABAH,aiek,a i e k,7 7 7 1,XYYN,AIEK,13.0,13.A.V 13.I.V 13.E.V 13.K.c,1.5 1.3 1.3 0.8,aiek,0.0,4960.0
5638,water,FINALLIG,Canom,c a n o m,1 7 4 7 4,AXBYN,CANUM,36.0,36.C.C 36.A.V 36.N.C 36.U.V 36.M.c,2.0 1.5 1.75 1.3 0.8,canom,0.0,4951.0
5678,water,HILIGAYNON,tubig,t u b i g,1 7 1 7 1,AXBYN,TYPIK,42.0,42.T.C 42.Y.V 42.P.C 42.I.V 42.K.c,2.0 1.5 1.75 1.3 0.8,tubig,0.0,4949.0
5718,water,INABAKNON,buwahiʔ,b u w a h i ʔ,1 7 6 7 3 7 1,AXBYBYN,PYWAHIH,53.0,53.P.C 53.Y.V 53.W.C 53.A.V 53.H.C 53.I.V 53.H.c,2.0 1.5 1.75 1.3 1.75 1.3 0.8,buwahiʔ,0.0,5000.0
5758,water,IRARALAY IVATAN,ranom,r a n o m,5 7 4 7 4,AXBYN,RANUM,56.0,56.R.C 56.A.V 56.N.C 56.U.V 56.M.c,2.0 1.5 1.75 1.3 0.8,ranom,0.0,4951.0
5798,water,ISAMORONG IVATAN,ranom,r a n o m,5 7 4 7 4,AXBYN,RANUM,58.0,58.R.C 58.A.V 58.N.C 58.U.V 58.M.c,2.0 1.5 1.75 1.3 0.8,ranom,0.0,4951.0
5838,water,IVASAY IVATAN,danom,d a n o m,1 7 4 7 4,AXBYN,TANUM,64.0,64.T.C 64.A.V 64.N.C 64.U.V 64.M.c,2.0 1.5 1.75 1.3 0.8,danom,0.0,4951.0
5878,water,KANKANAEY,danom,d a n o m,1 7 4 7 4,AXBYN,TANUM,74.0,74.T.C 74.A.V 74.N.C 74.U.V 74.M.c,2.0 1.5 1.75 1.3 0.8,danom,0.0,4951.0
5918,water,LIMOS KALINGA,danum,d a n u m,1 7 4 7 4,AXBYN,TANYM,81.0,81.T.C 81.A.V 81.N.C 81.Y.V 81.M.c,2.0 1.5 1.75 1.3 0.8,danum,0.0,4951.0
5958,water,MANDAYAN BOSO,tubig,t u b i g,1 7 1 7 1,AXBYN,TYPIK,85.0,85.T.C 85.Y.V 85.P.C 85.I.V 85.K.c,2.0 1.5 1.75 1.3 0.8,tubig,0.0,4949.0
5998,water,MANDAYAN CARAGA,tubig,t u b i g,1 7 1 7 1,AXBYN,TYPIK,86.0,86.T.C 86.Y.V 86.P.C 86.I.V 86.K.c,2.0 1.5 1.75 1.3 0.8,tubig,0.0,4949.0
6038,water,MANDAYAN ISLAM PISO,tubig,t u b i g,1 7 1 7 1,AXBYN,TYPIK,87.0,87.T.C 87.Y.V 87.P.C 87.I.V 87.K.c,2.0 1.5 1.75 1.3 0.8,tubig,0.0,4949.0
6078,water,MANSAKA 2,tubig,t u b i g,1 7 1 7 1,AXBYN,TYPIK,96.0,96.T.C 96.Y.V 96.P.C 96.I.V 96.K.c,2.0 1.5 1.75 1.3 0.8,tubig,0.0,4949.0
6118,water,PROTO SOUTHERN MINDANAO,əʔil,ə ʔ i l,7 1 7 5,XBYN,EHIL,116.0,116.E.V 116.H.C 116.I.V 116.L.c,1.5 1.75 1.3 0.8,əʔil,0.0,4957.0
6158,water,SINAUNA,laʔu,l a ʔ u,5 7 1 7,AXBZ,LAHY,126.0,126.L.C 126.A.V 126.H.C 126.Y.V,2.0 1.5 1.75 0.8,laʔu,0.0,5073.0
6198,water,SOUTHERN KALINGA,Canum,c a n u m,1 7 4 7 4,AXBYN,CANYM,130.0,130.C.C 130.A.V 130.N.C 130.Y.V 130.M.c,2.0 1.5 1.75 1.3 0.8,canum,0.0,4951.0
39,we,AGTA,ikitam,i k i t a m,7 1 7 1 7 4,XBYBYN,IKITAM,1.0,1.I.V 1.K.C 1.I.V 1.T.C 1.A.V 1.M.c,1.5 1.75 1.3 1.75 1.3 0.8,ikitam,0.0,5099.0
79,we,AKLANON,kitah,k i t a h,1 7 1 7 3,AXBYN,KITAH,2.0,2.K.C 2.I.V 2.T.C 2.A.V 2.H.c,2.0 1.5 1.75 1.3 0.8,kitah,0.0,5103.0
119,we,ATTA PAMPLONA,sittam,s i tt a m,3 7 1 7 4,AXBYN,SITAM,3.0,3.S.C 3.I.V 3.T.C 3.A.V 3.M.c,2.0 1.5 1.75 1.3 0.8,sittam,0.0,5099.0
159,we,BALANGAW,ditaw,d i t a w,1 7 1 7 6,AXBYN,TITAW,5.0,5.T.C 5.I.V 5.T.C 5.A.V 5.W.c,2.0 1.5 1.75 1.3 0.8,ditaw,0.0,5102.0
199,we,BALANGINGI SAMA,kitabi,k i t a b i,1 7 1 7 1 7,AXBYBZ,KITAPI,6.0,6.K.C 6.I.V 6.T.C 6.A.V 6.P.C 6.I.V,2.0 1.5 1.75 1.3 1.75 0.8,kitabi,0.0,5103.0
239,we,BALANGINGI SAMA (1),kitabi,k i t a b i,1 7 1 7 1 7,AXBYBZ,KITAPI,7.0,7.K.C 7.I.V 7.T.C 7.A.V 7.P.C 7.I.V,2.0 1.5 1.75 1.3 1.75 0.8,kitabi,0.0,5103.0
279,we,BASQUE,gu,g u,1 7,AX,KY,8.0,8.K.C 8.Y.V,2.0 1.5,gu,0.0,5105.0
319,we,BATAK PALAWAN,kitami,k i t a m i,1 7 1 7 4 7,AXBYBZ,KITAMI,9.0,9.K.C 9.I.V 9.T.C 9.A.V 9.M.C 9.I.V,2.0 1.5 1.75 1.3 1.75 0.8,kitami,0.0,5106.0
359,we,BILAAN KORONADAL,ato,a t o,7 1 7,XBZ,ATU,10.0,10.A.V 10.T.C 10.U.V,1.5 1.75 0.8,ato,0.0,5107.0
399,we,BILAAN SARANGANI,ito,i t o,7 1 7,XBZ,ITU,11.0,11.I.V 11.T.C 11.U.V,1.5 1.75 0.8,ito,0.0,5108.0
439,we,BINUKID,sikuj,s i k u j,3 7 1 7 6,AXBYN,SIKYJ,12.0,12.S.C 12.I.V 12.K.C 12.Y.V 12.J.c,2.0 1.5 1.75 1.3 0.8,sikuj,0.0,5109.0
479,we,BONGGI,sesia,s e s i a,3 7 3 7 7,AXBYZ,SESIA,14.0,14.S.C 14.E.V 14.S.C 14.I.V 14.A.V,2.0 1.5 1.75 1.3 0.8,sesia,0.0,5110.0
519,we,BONTOC GUINAANG,datako,d a t a k o,1 7 1 7 1 7,AXBYBZ,TATAKU,15.0,15.T.C 15.A.V 15.T.C 15.A.V 15.K.C 15.U.V,2.0 1.5 1.75 1.3 1.75 0.8,datako,0.0,5111.0
559,we,BROOKES POINT PALAWAN,kami,k a m i,1 7 4 7,AXBZ,KAMI,16.0,16.K.C 16.A.V 16.M.C 16.I.V,2.0 1.5 1.75 0.8,kami,0.0,5151.0
599,we,BUHI,kita,k i t a,1 7 1 7,AXBZ,KITA,17.0,17.K.C 17.I.V 17.T.C 17.A.V,2.0 1.5 1.75 0.8,kita,1.0,5103.0
639,we,BUHINON ALBAY BICOLANO,kita,k i t a,1 7 1 7,AXBZ,KITA,18.0,18.K.C 18.I.V 18.T.C 18.A.V,2.0 1.5 1.75 0.8,kita,0.0,5103.0
679,we,BUKIDNON BINUKID,jaŋkuj,j a ŋ k u j,6 7 4 1 7 6,AXMBYN,JANKYJ,19.0,19.J.C 19.A.V 19.N.c 19.K.C 19.Y.V 19.J.c,2.0 1.5 1.1 1.75 1.3 0.8,jaŋkuj,0.0,5109.0
719,we,BUTUANON,kita,k i t a,1 7 1 7,AXBZ,KITA,20.0,20.K.C 20.I.V 20.T.C 20.A.V,2.0 1.5 1.75 0.8,kita,0.0,5103.0
759,we,CAIJIA,ŋuo,ŋ u o,4 7 7,AXZ,NYU,21.0,21.N.C 21.Y.V 21.U.V,2.0 1.5 0.8,ŋuo,1.0,5117.0
799,we,CANIPAAN PALAWAN,kami,k a m i,1 7 4 7,AXBZ,KAMI,22.0,22.K.C 22.A.V 22.M.C 22.I.V,2.0 1.5 1.75 0.8,kami,0.0,5151.0
839,we,CASIGURAN NEGRITO,sikitam,s i k i t a m,3 7 1 7 1 7 4,AXBYBYN,SIKITAM,23.0,23.S.C 23.I.V 23.K.C 23.I.V 23.T.C 23.A.V 23.M.c,2.0 1.5 1.75 1.3 1.75 1.3 0.8,sikitam,0.0,5099.0
879,we,CEBUANO,kita,k i t a,1 7 1 7,AXBZ,KITA,24.0,24.K.C 24.I.V 24.T.C 24.A.V,2.0 1.5 1.75 0.8,kita,0.0,5103.0
919,we,CENTRAL BICOLANO,kita,k i t a,1 7 1 7,AXBZ,KITA,25.0,25.K.C 25.I.V 25.T.C 25.A.V,2.0 1.5 1.75 0.8,kita,0.0,5103.0
959,we,CENTRAL BONTOC,dataku,d a t a k u,1 7 1 7 1 7,AXBYBZ,TATAKY,26.0,26.T.C 26.A.V 26.T.C 26.A.V 26.K.C 26.Y.V,2.0 1.5 1.75 1.3 1.75 0.8,dataku,0.0,5111.0
999,we,CENTRAL DUSUN,iato,i a t o,7 7 1 7,XYBZ,IATU,27.0,27.I.V 27.A.V 27.T.C 27.U.V,1.5 1.3 1.75 0.8,iato,0.0,5123.0
1039,we,CENTRAL TAGBANWA,kita,k i t a,1 7 1 7,AXBZ,KITA,28.0,28.K.C 28.I.V 28.T.C 28.A.V,2.0 1.5 1.75 0.8,kita,0.0,5103.0
1079,we,CUYONON,kita,k i t a,1 7 1 7,AXBZ,KITA,29.0,29.K.C 29.I.V 29.T.C 29.A.V,2.0 1.5 1.75 0.8,kita,0.0,5103.0
1119,we,DARAGA,kita,k i t a,1 7 1 7,AXBZ,KITA,30.0,30.K.C 30.I.V 30.T.C 30.A.V,2.0 1.5 1.75 0.8,kita,1.0,5103.0
1159,we,DUMAGAT CASIGURAN,sikitam,s i k i t a m,3 7 1 7 1 7 4,AXBYBYN,SIKITAM,31.0,31.S.C 31.I.V 31.K.C 31.I.V 31.T.C 31.A.V 31.M.c,2.0 1.5 1.75 1.3 1.75 1.3 0.8,sikitam,0.0,5099.0
1199,we,DUPANINGAN AGTA,hikitam,h i k i t a m,3 7 1 7 1 7 4,AXBYBYN,HIKITAM,32.0,32.H.C 32.I.V 32.K.C 32.I.V 32.T.C 32.A.V 32.M.c,2.0 1.5 1.75 1.3 1.75 1.3 0.8,hikitam,0.0,5099.0
1239,we,ENGLISH,wi,w i,6 7,AX,WI,33.0,33.W.C 33.I.V,2.0 1.5,wi,0.0,5129.0
1279,we,ESKAYAN,arhitika,a rh i t i k a,7 5 7 1 7 1 7,XBYBYBZ,ARITIKA,34.0,34.A.V 34.R.C 34.I.V 34.T.C 34.I.V 34.K.C 34.A.V,1.5 1.75 1.3 1.75 1.3 1.75 0.8,arhitika,0.0,5130.0
1319,we,ESTONIAN,meie,m e i e,4 7 7 7,AXYZ,MEIE,35.0,35.M.C 35.E.V 35.I.V 35.E.V,2.0 1.5 1.3 0.8,meie,0.0,5131.0
1359,we,FINNISH,me,m e,4 7,AX,ME,37.0,37.M.C 37.E.V,2.0 1.5,me,0.0,5132.0
1399,we,FUZHOU CHINESE,ŋuaikoneiŋ,ŋ u a i k o n e i ŋ,4 7 7 7 1 7 4 7 7 4,AXYYBYBYYN,NYAIKUNEIN,38.0,38.N.C 38.Y.V 38.A.V 38.I.V 38.K.C 38.U.V 38.N.C 38.E.V 38.I.V 38.N.c,2.0 1.5 1.3 1.3 1.75 1.3 1.75 1.3 1.3 0.8,ŋuaikoneiŋ,0.0,5133.0
1439,we,GADDANG,ikkanetam,i kk a n e t a m,7 1 7 4 7 1 7 4,XBYBYBYN,IKANETAM,39.0,39.I.V 39.K.C 39.A.V 39.N.C 39.E.V 39.T.C 39.A.V 39.M.c,1.5 1.75 1.3 1.75 1.3 1.75 1.3 0.8,ikkanetam,0.0,5134.0
1479,we,HANUNOO,kita,k i t a,1 7 1 7,AXBZ,KITA,40.0,40.K.C 40.I.V 40.T.C 40.A.V,2.0 1.5 1.75 0.8,kita,0.0,5103.0
1519,we,HIGAONON BINUKID,jaŋkuj,j a ŋ k u j,6 7 4 1 7 6,AXMBYN,JANKYJ,41.0,41.J.C 41.A.V 41.N.c 41.K.C 41.Y.V 41.J.c,2.0 1.5 1.1 1.75 1.3 0.8,jaŋkuj,0.0,5109.0
1559,we,HUNGARIAN,mi,m i,4 7,AX,MI,43.0,43.M.C 43.I.V,2.0 1.5,mi,0.0,5132.0
1599,we,IBALOI,sihʔkatedjo,s i h ʔ k a t e d j o,3 7 3 1 1 7 1 7 1 6 7,AXLMBYBYBCZ,SIHHKATETJU,44.0,44.S.C 44.I.V 44.H.c 44.H.c 44.K.C 44.A.V 44.T.C 44.E.V 44.T.C 44.J.C 44.U.V,2.0 1.5 1.1 1.1 1.75 1.3 1.75 1.3 1.75 1.5 0.8,sihʔkatedjo,0.0,5139.0
1639,we,IBANAG,sitam,s i t a m,3 7 1 7 4,AXBYN,SITAM,45.0,45.S.C 45.I.V 45.T.C 45.A.V 45.M.c,2.0 1.5 1.75 1.3 0.8,sitam,0.0,5099.0
1679,we,IDAAN,kito,k i t o,1 7 1 7,AXBZ,KITU,46.0,46.K.C 46.I.V 46.T.C 46.U.V,2.0 1.5 1.75 0.8,kito,0.0,5103.0
1719,we,IFUGAO AMGANAD,ditaʔʔu,d i t a ʔʔ u,1 7 1 7 1 7,AXBYBZ,TITAHY,47.0,47.T.C 47.I.V 47.T.C 47.A.V 47.H.C 47.Y.V,2.0 1.5 1.75 1.3 1.75 0.8,ditaʔʔu,0.0,5142.0
1759,we,IFUGAO BATAD,dituʔu,d i t u ʔ u,1 7 1 7 1 7,AXBYBZ,TITYHY,48.0,48.T.C 48.I.V 48.T.C 48.Y.V 48.H.C 48.Y.V,2.0 1.5 1.75 1.3 1.75 0.8,dituʔu,0.0,5142.0
1799,we,IFUGAO BAYNINAN,dituʔu,d i t u ʔ u,1 7 1 7 1 7,AXBYBZ,TITYHY,49.0,49.T.C 49.I.V 49.T.C 49.Y.V 49.H.C 49.Y.V,2.0 1.5 1.75 1.3 1.75 0.8,dituʔu,0.0,5142.0
1839,we,ILOKANO,datajo,d a t a j o,1 7 1 7 6 7,AXBYBZ,TATAJU,50.0,50.T.C 50.A.V 50.T.C 50.A.V 50.J.C 50.U.V,2.0 1.5 1.75 1.3 1.75 0.8,datajo,0.0,5145.0
1879,we,ILONGOT KAKIDUGEN,sikisi,s i k i s i,3 7 1 7 3 7,AXBYBZ,SIKISI,51.0,51.S.C 51.I.V 51.K.C 51.I.V 51.S.C 51.I.V,2.0 1.5 1.75 1.3 1.75 0.8,sikisi,0.0,5146.0
1919,we,INIBALOI,siʔkito,s i ʔ k i t o,3 7 1 1 7 1 7,AXMBYBZ,SIHKITU,54.0,54.S.C 54.I.V 54.H.c 54.K.C 54.I.V 54.T.C 54.U.V,2.0 1.5 1.1 1.75 1.3 1.75 0.8,siʔkito,0.0,5148.0
1959,we,IRANUN,sekita,s e k i t a,3 7 1 7 1 7,AXBYBZ,SEKITA,55.0,55.S.C 55.E.V 55.K.C 55.I.V 55.T.C 55.A.V,2.0 1.5 1.75 1.3 1.75 0.8,sekita,0.0,5148.0
1999,we,IRIGA,kita,k i t a,1 7 1 7,AXBZ,KITA,57.0,57.K.C 57.I.V 57.T.C 57.A.V,2.0 1.5 1.75 0.8,kita,0.0,5103.0
2039,we,ISNAG,dakami,d a k a m i,1 7 1 7 4 7,AXBYBZ,TAKAMI,59.0,59.T.C 59.A.V 59.K.C 59.A.V 59.M.C 59.I.V,2.0 1.5 1.75 1.3 1.75 0.8,dakami,0.0,5151.0
2079,we,ISNEG,daʔtada,d a ʔ t a d a,1 7 1 1 7 1 7,AXMBYBZ,TAHTATA,60.0,60.T.C 60.A.V 60.H.c 60.T.C 60.A.V 60.T.C 60.A.V,2.0 1.5 1.1 1.75 1.3 1.75 0.8,daʔtada,0.0,5152.0
2119,we,ITAWIT,ikEmi,i k æ m i,7 1 7 4 7,XBYBZ,IKEMI,61.0,61.I.V 61.K.C 61.E.V 61.M.C 61.I.V,1.5 1.75 1.3 1.75 0.8,ikæmi,0.0,5151.0
2159,we,ITBAYATEN BATANES ISLANDS,jatən,j a t ə n,6 7 1 7 4,AXBYN,JATEN,62.0,62.J.C 62.A.V 62.T.C 62.E.V 62.N.c,2.0 1.5 1.75 1.3 0.8,jatən,0.0,5154.0
2199,we,ITNEG BINONGAN,ditajo,d i t a j o,1 7 1 7 6 7,AXBYBZ,TITAJU,63.0,63.T.C 63.I.V 63.T.C 63.A.V 63.J.C 63.U.V,2.0 1.5 1.75 1.3 1.75 0.8,ditajo,0.0,5142.0
2239,we,IVATAN BATANES ISLANDS,jatən,j a t ə n,6 7 1 7 4,AXBYN,JATEN,65.0,65.J.C 65.A.V 65.T.C 65.E.V 65.N.c,2.0 1.5 1.75 1.3 0.8,jatən,0.0,5154.0
2279,we,JAPANESE,wareware,w a r e w a r e,6 7 5 7 6 7 5 7,AXBYBYBZ,WAREWARE,66.0,66.W.C 66.A.V 66.R.C 66.E.V 66.W.C 66.A.V 66.R.C 66.E.V,2.0 1.5 1.75 1.3 1.75 1.3 1.75 0.8,wareware,0.0,5157.0
2319,we,KADAZAN,toko,t o k o,1 7 1 7,AXBZ,TUKU,67.0,67.T.C 67.U.V 67.K.C 67.U.V,2.0 1.5 1.75 0.8,toko,0.0,5158.0
2359,we,KAGAYANEN,kaj,k a j,1 7 6,AXN,KAJ,68.0,68.K.C 68.A.V 68.J.c,2.0 1.5 0.8,kaj,0.0,5159.0
2399,we,KALAGAN,kitadun,k i t a d u n,1 7 1 7 1 7 4,AXBYBYN,KITATYN,69.0,69.K.C 69.I.V 69.T.C 69.A.V 69.T.C 69.Y.V 69.N.c,2.0 1.5 1.75 1.3 1.75 1.3 0.8,kitadun,0.0,5103.0
2439,we,KALINGA GUINAANG,ditaʔo,d i t a ʔ o,1 7 1 7 1 7,AXBYBZ,TITAHU,70.0,70.T.C 70.I.V 70.T.C 70.A.V 70.H.C 70.U.V,2.0 1.5 1.75 1.3 1.75 0.8,ditaʔo,0.0,5142.0
2479,we,KALINGA LIMOS,dikami,d i k a m i,1 7 1 7 4 7,AXBYBZ,TIKAMI,71.0,71.T.C 71.I.V 71.K.C 71.A.V 71.M.C 71.I.V,2.0 1.5 1.75 1.3 1.75 0.8,dikami,0.0,5162.0
2519,we,KALLAHAN KAYAPA PROPER,hiʔgataju,h i ʔ g a t a j u,3 7 1 1 7 1 7 6 7,AXMBYBYBZ,HIHKATAJY,72.0,72.H.C 72.I.V 72.H.c 72.K.C 72.A.V 72.T.C 72.A.V 72.J.C 72.Y.V,2.0 1.5 1.1 1.75 1.3 1.75 1.3 1.75 0.8,hiʔgataju,0.0,5163.0
2559,we,KALLAHAN KELEYQIQ IFUGAO,hiʔgatjuʔ,h i ʔ g a t j u ʔ,3 7 1 1 7 1 6 7 1,AXMBYBCYN,HIHKATJYH,73.0,73.H.C 73.I.V 73.H.c 73.K.C 73.A.V 73.T.C 73.J.C 73.Y.V 73.H.c,2.0 1.5 1.1 1.75 1.3 1.75 1.5 1.3 0.8,hiʔgatjuʔ,0.0,5163.0
2599,we,KANKANAY NORTHERN,datako,d a t a k o,1 7 1 7 1 7,AXBYBZ,TATAKU,75.0,75.T.C 75.A.V 75.T.C 75.A.V 75.K.C 75.U.V,2.0 1.5 1.75 1.3 1.75 0.8,datako,0.0,5111.0
2639,we,KAPAMPANGAN,itamu,i t a m u,7 1 7 4 7,XBYBZ,ITAMY,76.0,76.I.V 76.T.C 76.A.V 76.M.C 76.Y.V,1.5 1.75 1.3 1.75 0.8,itamu,0.0,5106.0
2679,we,KINARAY A,kita,k i t a,1 7 1 7,AXBZ,KITA,77.0,77.K.C 77.I.V 77.T.C 77.A.V,2.0 1.5 1.75 0.8,kita,0.0,5103.0
2719,we,KOREAN,uri,u r i,7 5 7,XBZ,YRI,78.0,78.Y.V 78.R.C 78.I.V,1.5 1.75 0.8,uri,0.0,5168.0
2759,we,LEGAZPI,kita,k i t a,1 7 1 7,AXBZ,KITA,79.0,79.K.C 79.I.V 79.T.C 79.A.V,2.0 1.5 1.75 0.8,kita,0.0,5103.0
2799,we,LIBON,kita,k i t a,1 7 1 7,AXBZ,KITA,80.0,80.K.C 80.I.V 80.T.C 80.A.V,2.0 1.5 1.75 0.8,kita,1.0,5103.0
2839,we,LIVE,meg,m e g,4 7 1,AXN,MEK,82.0,82.M.C 82.E.V 82.K.c,2.0 1.5 0.8,meg,0.0,5132.0
2919,we,MAMANWA,kita,k i t a,1 7 1 7,AXBZ,KITA,84.0,84.K.C 84.I.V 84.T.C 84.A.V,2.0 1.5 1.75 0.8,kita,1.0,5103.0
2959,we,MANOBO ATA,sikanta,s i k a n t a,3 7 1 7 4 1 7,AXBYMBZ,SIKANTA,88.0,88.S.C 88.I.V 88.K.C 88.A.V 88.N.c 88.T.C 88.A.V,2.0 1.5 1.75 1.3 1.1 1.75 0.8,sikanta,0.0,5173.0
2999,we,MANOBO DIBABAWON,kinəw,k i n ə w,1 7 4 7 6,AXBYN,KINEW,89.0,89.K.C 89.I.V 89.N.C 89.E.V 89.W.c,2.0 1.5 1.75 1.3 0.8,kinəw,0.0,5174.0
3039,we,MANOBO ILIANEN,sikita,s i k i t a,3 7 1 7 1 7,AXBYBZ,SIKITA,90.0,90.S.C 90.I.V 90.K.C 90.I.V 90.T.C 90.A.V,2.0 1.5 1.75 1.3 1.75 0.8,sikita,0.0,5148.0
3079,we,MANOBO KALAMANSIG COTABATO,kita,k i t a,1 7 1 7,AXBZ,KITA,91.0,91.K.C 91.I.V 91.T.C 91.A.V,2.0 1.5 1.75 0.8,kita,0.0,5103.0
3119,we,MANOBO SARANGANI,sikitadon,s i k i t a d o n,3 7 1 7 1 7 1 7 4,AXBYBYBYN,SIKITATUN,92.0,92.S.C 92.I.V 92.K.C 92.I.V 92.T.C 92.A.V 92.T.C 92.U.V 92.N.c,2.0 1.5 1.75 1.3 1.75 1.3 1.75 1.3 0.8,sikitadon,0.0,5148.0
3159,we,MANOBO TIGWA,sikanta,s i k a n t a,3 7 1 7 4 1 7,AXBYMBZ,SIKANTA,93.0,93.S.C 93.I.V 93.K.C 93.A.V 93.N.c 93.T.C 93.A.V,2.0 1.5 1.75 1.3 1.1 1.75 0.8,sikanta,0.0,5173.0
3199,we,MANOBO WESTERN BUKIDNON,sikitəw,s i k i t ə w,3 7 1 7 1 7 6,AXBYBYN,SIKITEW,94.0,94.S.C 94.I.V 94.K.C 94.I.V 94.T.C 94.E.V 94.W.c,2.0 1.5 1.75 1.3 1.75 1.3 0.8,sikitəw,0.0,5148.0
3239,we,MANSAKA,kita,k i t a,1 7 1 7,AXBZ,KITA,95.0,95.K.C 95.I.V 95.T.C 95.A.V,2.0 1.5 1.75 0.8,kita,0.0,5103.0
3279,we,MAPUN,kitabi,k i t a b i,1 7 1 7 1 7,AXBYBZ,KITAPI,97.0,97.K.C 97.I.V 97.T.C 97.A.V 97.P.C 97.I.V,2.0 1.5 1.75 1.3 1.75 0.8,kitabi,0.0,5103.0
3319,we,MARANAO,kita,k i t a,1 7 1 7,AXBZ,KITA,98.0,98.K.C 98.I.V 98.T.C 98.A.V,2.0 1.5 1.75 0.8,kita,0.0,5103.0
3359,we,MARINDUQUE TAGALOG,kita,k i t a,1 7 1 7,AXBZ,KITA,99.0,99.K.C 99.I.V 99.T.C 99.A.V,2.0 1.5 1.75 0.8,kita,1.0,5103.0
3399,we,MASBATENYO,kita,k i t a,1 7 1 7,AXBZ,KITA,100.0,100.K.C 100.I.V 100.T.C 100.A.V,2.0 1.5 1.75 0.8,kita,0.0,5103.0
3439,we,MINANGALI LOWER TANUDAN KALINGA,ditaku,d i t a k u,1 7 1 7 1 7,AXBYBZ,TITAKY,101.0,101.T.C 101.I.V 101.T.C 101.A.V 101.K.C 101.Y.V,2.0 1.5 1.75 1.3 1.75 0.8,ditaku,0.0,5142.0
3479,we,MOKSHA,mji5,m j i,4 6 7,ACX,MJI,102.0,102.M.C 102.J.C 102.I.V,2.0 1.5 1.5,mji,0.0,5186.0
3519,we,MOLBOG,kaj,k a j,1 7 6,AXN,KAJ,103.0,103.K.C 103.A.V 103.J.c,2.0 1.5 0.8,kaj,0.0,5159.0
3559,we,MOLBOG 2,kai,k a i,1 7 7,AXZ,KAI,104.0,104.K.C 104.A.V 104.I.V,2.0 1.5 0.8,kai,0.0,5188.0
3599,we,MONGOLIAN,pjit,p j i t,1 6 7 1,ACXN,PJIT,105.0,105.P.C 105.J.C 105.I.V 105.T.c,2.0 1.5 1.5 0.8,pjit,0.0,5189.0
3639,we,MORO MAGINDANAU,ta,t a,1 7,AX,TA,106.0,106.T.C 106.A.V,2.0 1.5,ta,0.0,5190.0
3679,we,NAGA,kita,k i t a,1 7 1 7,AXBZ,KITA,107.0,107.K.C 107.I.V 107.T.C 107.A.V,2.0 1.5 1.75 0.8,kita,0.0,5103.0
3719,we,NORTHERN CATANDUANES,kita,k i t a,1 7 1 7,AXBZ,KITA,108.0,108.K.C 108.I.V 108.T.C 108.A.V,2.0 1.5 1.75 0.8,kita,0.0,5103.0
3759,we,NORTHERN SORSOGON,kita,k i t a,1 7 1 7,AXBZ,KITA,109.0,109.K.C 109.I.V 109.T.C 109.A.V,2.0 1.5 1.75 0.8,kita,1.0,5103.0
3799,we,OAS,kita,k i t a,1 7 1 7,AXBZ,KITA,110.0,110.K.C 110.I.V 110.T.C 110.A.V,2.0 1.5 1.75 0.8,kita,1.0,5103.0
3839,we,PALAWANO BATAK,kitami,k i t a m i,1 7 1 7 4 7,AXBYBZ,KITAMI,111.0,111.K.C 111.I.V 111.T.C 111.A.V 111.M.C 111.I.V,2.0 1.5 1.75 1.3 1.75 0.8,kitami,0.0,5106.0
3879,we,PANGASINAN,sikami,s i k a m i,3 7 1 7 4 7,AXBYBZ,SIKAMI,112.0,112.S.C 112.I.V 112.K.C 112.A.V 112.M.C 112.I.V,2.0 1.5 1.75 1.3 1.75 0.8,sikami,0.0,5151.0
3919,we,PANGUTARAN SAMA,kita,k i t a,1 7 1 7,AXBZ,KITA,113.0,113.K.C 113.I.V 113.T.C 113.A.V,2.0 1.5 1.75 0.8,kita,0.0,5103.0
3959,we,PANGUTARAN SAMA (1),kita,k i t a,1 7 1 7,AXBZ,KITA,114.0,114.K.C 114.I.V 114.T.C 114.A.V,2.0 1.5 1.75 0.8,kita,0.0,5103.0
3999,we,PROTO PALAWAN,kami,k a m i,1 7 4 7,AXBZ,KAMI,115.0,115.K.C 115.A.V 115.M.C 115.I.V,2.0 1.5 1.75 0.8,kami,0.0,5151.0
4039,we,QUEZON PALAWAN,kami,k a m i,1 7 4 7,AXBZ,KAMI,117.0,117.K.C 117.A.V 117.M.C 117.I.V,2.0 1.5 1.75 0.8,kami,0.0,5151.0
4079,we,ROMBLOMANON 1,kita,k i t a,1 7 1 7,AXBZ,KITA,118.0,118.K.C 118.I.V 118.T.C 118.A.V,2.0 1.5 1.75 0.8,kita,0.0,5103.0
4119,we,ROMBLOMANON 2,kita,k i t a,1 7 1 7,AXBZ,KITA,119.0,119.K.C 119.I.V 119.T.C 119.A.V,2.0 1.5 1.75 0.8,kita,0.0,5103.0
4159,we,SAMAL,kitam,k i t a m,1 7 1 7 4,AXBYN,KITAM,120.0,120.K.C 120.I.V 120.T.C 120.A.V 120.M.c,2.0 1.5 1.75 1.3 0.8,kitam,0.0,5103.0
4199,we,SAMBAL BOTOLAN,hitamo,h i t a m o,3 7 1 7 4 7,AXBYBZ,HITAMU,121.0,121.H.C 121.I.V 121.T.C 121.A.V 121.M.C 121.U.V,2.0 1.5 1.75 1.3 1.75 0.8,hitamo,0.0,5106.0
4279,we,SANGIL SARANGANI ISLANDS,ikame,i k a m e,7 1 7 4 7,XBYBZ,IKAME,123.0,123.I.V 123.K.C 123.A.V 123.M.C 123.E.V,1.5 1.75 1.3 1.75 0.8,ikame,0.0,5151.0
4319,we,SEDANG,pa,p a,1 7,AX,PA,124.0,124.P.C 124.A.V,2.0 1.5,pa,0.0,5206.0
4359,we,SIBUTU SOUTHERN SAMA,kita,k i t a,1 7 1 7,AXBZ,KITA,125.0,125.K.C 125.I.V 125.T.C 125.A.V,2.0 1.5 1.75 0.8,kita,0.0,5103.0
4399,we,SOGODNIN BORACAY,ikam,i k a m,7 1 7 4,XBYN,IKAM,127.0,127.I.V 127.K.C 127.A.V 127.M.c,1.5 1.75 1.3 0.8,ikam,0.0,5208.0
4439,we,SOUTH SAAMI,mijieh,m i j i e h,4 7 6 7 7 3,AXBYYN,MIJIEH,128.0,128.M.C 128.I.V 128.J.C 128.I.V 128.E.V 128.H.c,2.0 1.5 1.75 1.3 1.3 0.8,mijieh,0.0,5209.0
4479,we,SOUTHERN CATANDUANES,kita,k i t a,1 7 1 7,AXBZ,KITA,129.0,129.K.C 129.I.V 129.T.C 129.A.V,2.0 1.5 1.75 0.8,kita,0.0,5103.0
4519,we,SOUTHERN SORSOGON,kita,k i t a,1 7 1 7,AXBZ,KITA,131.0,131.K.C 131.I.V 131.T.C 131.A.V,2.0 1.5 1.75 0.8,kita,0.0,5103.0
4559,we,SOUTHWEST PALAWANO,kami,k a m i,1 7 4 7,AXBZ,KAMI,132.0,132.K.C 132.A.V 132.M.C 132.I.V,2.0 1.5 1.75 0.8,kami,0.0,5151.0
4599,we,SPANISH,nosotros,n o s o t r o s,4 7 3 7 1 5 7 3,AXBYBCYN,NUSUTRUS,133.0,133.N.C 133.U.V 133.S.C 133.U.V 133.T.C 133.R.C 133.U.V 133.S.c,2.0 1.5 1.75 1.3 1.75 1.5 1.3 0.8,nosotros,0.0,5213.0
4639,we,SUBANON SIOCON,ita,i t a,7 1 7,XBZ,ITA,134.0,134.I.V 134.T.C 134.A.V,1.5 1.75 0.8,ita,0.0,5103.0
4679,we,SUBANUN SINDANGAN,ita,i t a,7 1 7,XBZ,ITA,135.0,135.I.V 135.T.C 135.A.V,1.5 1.75 0.8,ita,0.0,5103.0
4719,we,SURIGAONON,kita,k i t a,1 7 1 7,AXBZ,KITA,136.0,136.K.C 136.I.V 136.T.C 136.A.V,2.0 1.5 1.75 0.8,kita,1.0,5103.0
4759,we,TAGABAWA,ki,k i,1 7,AX,KI,137.0,137.K.C 137.I.V,2.0 1.5,ki,0.0,5105.0
4799,we,TAGABILI,təkuj,t ə k u j,1 7 1 7 6,AXBYN,TEKYJ,138.0,138.T.C 138.E.V 138.K.C 138.Y.V 138.J.c,2.0 1.5 1.75 1.3 0.8,təkuj,0.0,5218.0
4839,we,TAGALOG,tajo,t a j o,1 7 6 7,AXBZ,TAJU,139.0,139.T.C 139.A.V 139.J.C 139.U.V,2.0 1.5 1.75 0.8,tajo,0.0,5219.0
4879,we,TAGBANUA ABORLAN,kami,k a m i,1 7 4 7,AXBZ,KAMI,140.0,140.K.C 140.A.V 140.M.C 140.I.V,2.0 1.5 1.75 0.8,kami,0.0,5151.0
4919,we,TAGBANWA ABORLAN,tami,t a m i,1 7 4 7,AXBZ,TAMI,141.0,141.T.C 141.A.V 141.M.C 141.I.V,2.0 1.5 1.75 0.8,tami,0.0,5106.0
4959,we,TAGBANWA KALAMIAN,ita,i t a,7 1 7,XBZ,ITA,142.0,142.I.V 142.T.C 142.A.V,1.5 1.75 0.8,ita,0.0,5103.0
4999,we,TALAANDIG BINUKID,jaŋkuj,j a ŋ k u j,6 7 4 1 7 6,AXMBYN,JANKYJ,143.0,143.J.C 143.A.V 143.N.c 143.K.C 143.Y.V 143.J.c,2.0 1.5 1.1 1.75 1.3 0.8,jaŋkuj,0.0,5109.0
5039,we,TAMBUNAN DUSUN,jahai,j a h a i,6 7 3 7 7,AXBYZ,JAHAI,144.0,144.J.C 144.A.V 144.H.C 144.A.V 144.I.V,2.0 1.5 1.75 1.3 0.8,jahai,0.0,5224.0
5079,we,TAUSUG,kitaniuh,k i t a n i u h,1 7 1 7 4 7 7 3,AXBYBYYN,KITANIYH,145.0,145.K.C 145.I.V 145.T.C 145.A.V 145.N.C 145.I.V 145.Y.V 145.H.c,2.0 1.5 1.75 1.3 1.75 1.3 1.3 0.8,kitaniuh,0.0,5103.0
5119,we,TAUT BATU,kami,k a m i,1 7 4 7,AXBZ,KAMI,146.0,146.K.C 146.A.V 146.M.C 146.I.V,2.0 1.5 1.75 0.8,kami,0.0,5151.0
5159,we,TBOLI TAGABILI,duh,d u h,1 7 3,AXN,TYH,147.0,147.T.C 147.Y.V 147.H.c,2.0 1.5 0.8,duh,0.0,5227.0
5199,we,TIMUGON MURUT,to,t o,1 7,AX,TU,148.0,148.T.C 148.U.V,2.0 1.5,to,0.0,5190.0
5239,we,TIRURAY,betom,b e t o m,1 7 1 7 4,AXBYN,PETUM,149.0,149.P.C 149.E.V 149.T.C 149.U.V 149.M.c,2.0 1.5 1.75 1.3 0.8,betom,0.0,5229.0
5279,we,TURKISH,biz,b i z,1 7 3,AXN,PIS,150.0,150.P.C 150.I.V 150.S.c,2.0 1.5 0.8,biz,0.0,5189.0
5359,we,WARAY WARAY,kita,k i t a,1 7 1 7,AXBZ,KITA,152.0,152.K.C 152.I.V 152.T.C 152.A.V,2.0 1.5 1.75 0.8,kita,1.0,5103.0
5399,we,YAKAN,kita,k i t a,1 7 1 7,AXBZ,KITA,153.0,153.K.C 153.I.V 153.T.C 153.A.V,2.0 1.5 1.75 0.8,kita,0.0,5103.0
5679,we,HILIGAYNON,kita,k i t a,1 7 1 7,AXBZ,KITA,42.0,42.K.C 42.I.V 42.T.C 42.A.V,2.0 1.5 1.75 0.8,kita,1.0,5103.0
5719,we,INABAKNON,kamiʔ,k a m i ʔ,1 7 4 7 1,AXBYN,KAMIH,53.0,53.K.C 53.A.V 53.M.C 53.I.V 53.H.c,2.0 1.5 1.75 1.3 0.8,kamiʔ,0.0,5151.0
40,you,AGTA,iko,i k o,7 1 7,XBZ,IKU,1.0,1.I.V 1.K.C 1.U.V,1.5 1.75 0.8,iko,0.0,5230.0
80,you,AKLANON,ikaw,i k a w,7 1 7 6,XBYN,IKAW,2.0,2.I.V 2.K.C 2.A.V 2.W.c,1.5 1.75 1.3 0.8,ikaw,0.0,5230.0
120,you,ATTA PAMPLONA,sikaw,s i k a w,3 7 1 7 6,AXBYN,SIKAW,3.0,3.S.C 3.I.V 3.K.C 3.A.V 3.W.c,2.0 1.5 1.75 1.3 0.8,sikaw,0.0,5232.0
160,you,BALANGAW,heʔa,h e ʔ a,3 7 1 7,AXBZ,HEHA,5.0,5.H.C 5.E.V 5.H.C 5.A.V,2.0 1.5 1.75 0.8,heʔa,0.0,5233.0
200,you,BALANGINGI SAMA,kaʔa,k a ʔ a,1 7 1 7,AXBZ,KAHA,6.0,6.K.C 6.A.V 6.H.C 6.A.V,2.0 1.5 1.75 0.8,kaʔa,0.0,5234.0
240,you,BALANGINGI SAMA (1),kaʔa,k a ʔ a,1 7 1 7,AXBZ,KAHA,7.0,7.K.C 7.A.V 7.H.C 7.A.V,2.0 1.5 1.75 0.8,kaʔa,0.0,5234.0
280,you,BASQUE,zuek,z u e k,3 7 7 1,AXYN,SYEK,8.0,8.S.C 8.Y.V 8.E.V 8.K.c,2.0 1.5 1.3 0.8,zuek,0.0,5236.0
320,you,BATAK PALAWAN,ikaw,i k a w,7 1 7 6,XBYN,IKAW,9.0,9.I.V 9.K.C 9.A.V 9.W.c,1.5 1.75 1.3 0.8,ikaw,0.0,5237.0
360,you,BILAAN KORONADAL,gə,g ə,1 7,AX,KE,10.0,10.K.C 10.E.V,2.0 1.5,gə,0.0,5238.0
400,you,BILAAN SARANGANI,gə,g ə,1 7,AX,KE,11.0,11.K.C 11.E.V,2.0 1.5,gə,0.0,5238.0
440,you,BINUKID,sikaw,s i k a w,3 7 1 7 6,AXBYN,SIKAW,12.0,12.S.C 12.I.V 12.K.C 12.A.V 12.W.c,2.0 1.5 1.75 1.3 0.8,sikaw,0.0,5237.0
520,you,BONTOC GUINAANG,sikʔa,s i k ʔ a,3 7 1 1 7,AXMBZ,SIKHA,15.0,15.S.C 15.I.V 15.K.c 15.H.C 15.A.V,2.0 1.5 1.1 1.75 0.8,sikʔa,0.0,5241.0
560,you,BROOKES POINT PALAWAN,kə,k ə,1 7,AX,KE,16.0,16.K.C 16.E.V,2.0 1.5,kə,0.0,5238.0
600,you,BUHI,kamu,k a m u,1 7 4 7,AXBZ,KAMY,17.0,17.K.C 17.A.V 17.M.C 17.Y.V,2.0 1.5 1.75 0.8,kamu,0.0,5243.0
640,you,BUHINON ALBAY BICOLANO,ika,i k a,7 1 7,XBZ,IKA,18.0,18.I.V 18.K.C 18.A.V,1.5 1.75 0.8,ika,0.0,5230.0
680,you,BUKIDNON BINUKID,jaŋka,j a ŋ k a,6 7 4 1 7,AXMBZ,JANKA,19.0,19.J.C 19.A.V 19.N.c 19.K.C 19.A.V,2.0 1.5 1.1 1.75 0.8,jaŋka,0.0,5245.0
720,you,BUTUANON,ikaw,i k a w,7 1 7 6,XBYN,IKAW,20.0,20.I.V 20.K.C 20.A.V 20.W.c,1.5 1.75 1.3 0.8,ikaw,0.0,5230.0
760,you,CAIJIA,nu,n u,4 7,AX,NY,21.0,21.N.C 21.Y.V,2.0 1.5,nu,0.0,5247.0
840,you,CASIGURAN NEGRITO,siko,s i k o,3 7 1 7,AXBZ,SIKU,23.0,23.S.C 23.I.V 23.K.C 23.U.V,2.0 1.5 1.75 0.8,siko,0.0,5241.0
880,you,CEBUANO,ikaw,i k a w,7 1 7 6,XBYN,IKAW,24.0,24.I.V 24.K.C 24.A.V 24.W.c,1.5 1.75 1.3 0.8,ikaw,0.0,5230.0
920,you,CENTRAL BICOLANO,ika,i k a,7 1 7,XBZ,IKA,25.0,25.I.V 25.K.C 25.A.V,1.5 1.75 0.8,ika,0.0,5230.0
960,you,CENTRAL BONTOC,sikoa,s i k o a,3 7 1 7 7,AXBYZ,SIKUA,26.0,26.S.C 26.I.V 26.K.C 26.U.V 26.A.V,2.0 1.5 1.75 1.3 0.8,sikoa,0.0,5251.0
1000,you,CENTRAL DUSUN,iaʔ,i a ʔ,7 7 1,XYN,IAH,27.0,27.I.V 27.A.V 27.H.c,1.5 1.3 0.8,iaʔ,0.0,5252.0
1040,you,CENTRAL TAGBANWA,ka,k a,1 7,AX,KA,28.0,28.K.C 28.A.V,2.0 1.5,ka,0.0,5238.0
1080,you,CUYONON,ikaw,i k a w,7 1 7 6,XBYN,IKAW,29.0,29.I.V 29.K.C 29.A.V 29.W.c,1.5 1.75 1.3 0.8,ikaw,0.0,5254.0
1120,you,DARAGA,kamu,k a m u,1 7 4 7,AXBZ,KAMY,30.0,30.K.C 30.A.V 30.M.C 30.Y.V,2.0 1.5 1.75 0.8,kamu,0.0,5243.0
1160,you,DUMAGAT CASIGURAN,siko,s i k o,3 7 1 7,AXBZ,SIKU,31.0,31.S.C 31.I.V 31.K.C 31.U.V,2.0 1.5 1.75 0.8,siko,0.0,5241.0
1200,you,DUPANINGAN AGTA,hikaw,h i k a w,3 7 1 7 6,AXBYN,HIKAW,32.0,32.H.C 32.I.V 32.K.C 32.A.V 32.W.c,2.0 1.5 1.75 1.3 0.8,hikaw,0.0,5241.0
1240,you,ENGLISH,ju,j u,6 7,AX,JY,33.0,33.J.C 33.Y.V,2.0 1.5,ju,0.0,5258.0
1280,you,ESKAYAN,samo,s a m o,3 7 4 7,AXBZ,SAMU,34.0,34.S.C 34.A.V 34.M.C 34.U.V,2.0 1.5 1.75 0.8,samo,0.0,5259.0
1320,you,ESTONIAN,sina,s i n a,3 7 4 7,AXBZ,SINA,35.0,35.S.C 35.I.V 35.N.C 35.A.V,2.0 1.5 1.75 0.8,sina,0.0,5260.0
1360,you,FINNISH,sinE,s i n æ,3 7 4 7,AXBZ,SINE,37.0,37.S.C 37.I.V 37.N.C 37.E.V,2.0 1.5 1.75 0.8,sinæ,0.0,5260.0
1400,you,FUZHOU CHINESE,ne,n e,4 7,AX,NE,38.0,38.N.C 38.E.V,2.0 1.5,ne,0.0,5247.0
1440,you,GADDANG,ikka,i kk a,7 1 7,XBZ,IKA,39.0,39.I.V 39.K.C 39.A.V,1.5 1.75 0.8,ikka,0.0,5230.0
1480,you,HANUNOO,kawu,k a w u,1 7 6 7,AXBZ,KAWY,40.0,40.K.C 40.A.V 40.W.C 40.Y.V,2.0 1.5 1.75 0.8,kawu,0.0,5234.0
1520,you,HIGAONON BINUKID,jaŋka,j a ŋ k a,6 7 4 1 7,AXMBZ,JANKA,41.0,41.J.C 41.A.V 41.N.c 41.K.C 41.A.V,2.0 1.5 1.1 1.75 0.8,jaŋka,0.0,5245.0
1560,you,HUNGARIAN,te,t e,1 7,AX,TE,43.0,43.T.C 43.E.V,2.0 1.5,te,0.0,5267.0
1600,you,IBALOI,sihʔkam,s i h ʔ k a m,3 7 3 1 1 7 4,AXLMBYN,SIHHKAM,44.0,44.S.C 44.I.V 44.H.c 44.H.c 44.K.C 44.A.V 44.M.c,2.0 1.5 1.1 1.1 1.75 1.3 0.8,sihʔkam,0.0,5268.0
1640,you,IBANAG,sikaw,s i k a w,3 7 1 7 6,AXBYN,SIKAW,45.0,45.S.C 45.I.V 45.K.C 45.A.V 45.W.c,2.0 1.5 1.75 1.3 0.8,sikaw,0.0,5232.0
1680,you,IDAAN,ikaw,i k a w,7 1 7 6,XBYN,IKAW,46.0,46.I.V 46.K.C 46.A.V 46.W.c,1.5 1.75 1.3 0.8,ikaw,0.0,5230.0
1720,you,IFUGAO AMGANAD,heʔʔa,h e ʔʔ a,3 7 1 7,AXBZ,HEHA,47.0,47.H.C 47.E.V 47.H.C 47.A.V,2.0 1.5 1.75 0.8,heʔʔa,0.0,5233.0
1760,you,IFUGAO BATAD,heʔʔa,h e ʔʔ a,3 7 1 7,AXBZ,HEHA,48.0,48.H.C 48.E.V 48.H.C 48.A.V,2.0 1.5 1.75 0.8,heʔʔa,0.0,5272.0
1800,you,IFUGAO BAYNINAN,heʔʔa,h e ʔʔ a,3 7 1 7,AXBZ,HEHA,49.0,49.H.C 49.E.V 49.H.C 49.A.V,2.0 1.5 1.75 0.8,heʔʔa,0.0,5233.0
1840,you,ILOKANO,sika,s i k a,3 7 1 7,AXBZ,SIKA,50.0,50.S.C 50.I.V 50.K.C 50.A.V,2.0 1.5 1.75 0.8,sika,0.0,5241.0
1880,you,ILONGOT KAKIDUGEN,sika,s i k a,3 7 1 7,AXBZ,SIKA,51.0,51.S.C 51.I.V 51.K.C 51.A.V,2.0 1.5 1.75 0.8,sika,0.0,5241.0
1920,you,INIBALOI,siʔkam,s i ʔ k a m,3 7 1 1 7 4,AXMBYN,SIHKAM,54.0,54.S.C 54.I.V 54.H.c 54.K.C 54.A.V 54.M.c,2.0 1.5 1.1 1.75 1.3 0.8,siʔkam,0.0,5268.0
1960,you,IRANUN,ta,t a,1 7,AX,TA,55.0,55.T.C 55.A.V,2.0 1.5,ta,0.0,5267.0
2000,you,IRIGA,kamu,k a m u,1 7 4 7,AXBZ,KAMY,57.0,57.K.C 57.A.V 57.M.C 57.Y.V,2.0 1.5 1.75 0.8,kamu,0.0,5243.0
2040,you,ISNAG,ikaw,i k a w,7 1 7 6,XBYN,IKAW,59.0,59.I.V 59.K.C 59.A.V 59.W.c,1.5 1.75 1.3 0.8,ikaw,0.0,5279.0
2080,you,ISNEG,ikaw,i k a w,7 1 7 6,XBYN,IKAW,60.0,60.I.V 60.K.C 60.A.V 60.W.c,1.5 1.75 1.3 0.8,ikaw,0.0,5280.0
2120,you,ITAWIT,ikEw,i k ew,7 1 7,XBZ,IKE,61.0,61.I.V 61.K.C 61.E.V,1.5 1.75 0.8,ikew,0.0,5230.0
2160,you,ITBAYATEN BATANES ISLANDS,imuʔ,i m u ʔ,7 4 7 1,XBYN,IMYH,62.0,62.I.V 62.M.C 62.Y.V 62.H.c,1.5 1.75 1.3 0.8,imuʔ,0.0,5282.0
2200,you,ITNEG BINONGAN,dika,d i k a,1 7 1 7,AXBZ,TIKA,63.0,63.T.C 63.I.V 63.K.C 63.A.V,2.0 1.5 1.75 0.8,dika,0.0,5230.0
2240,you,IVATAN BATANES ISLANDS,imoʔ,i m o ʔ,7 4 7 1,XBYN,IMUH,65.0,65.I.V 65.M.C 65.U.V 65.H.c,1.5 1.75 1.3 0.8,imoʔ,0.0,5282.0
2280,you,JAPANESE,anata,a n a t a,7 4 7 1 7,XBYBZ,ANATA,66.0,66.A.V 66.N.C 66.A.V 66.T.C 66.A.V,1.5 1.75 1.3 1.75 0.8,anata,0.0,5285.0
2320,you,KADAZAN,ko,k o,1 7,AX,KU,67.0,67.K.C 67.U.V,2.0 1.5,ko,0.0,5238.0
2360,you,KAGAYANEN,ka,k a,1 7,AX,KA,68.0,68.K.C 68.A.V,2.0 1.5,ka,0.0,5238.0
2400,you,KALAGAN,ikaw,i k a w,7 1 7 6,XBYN,IKAW,69.0,69.I.V 69.K.C 69.A.V 69.W.c,1.5 1.75 1.3 0.8,ikaw,0.0,5237.0
2440,you,KALINGA GUINAANG,siʔa,s i ʔ a,3 7 1 7,AXBZ,SIHA,70.0,70.S.C 70.I.V 70.H.C 70.A.V,2.0 1.5 1.75 0.8,siʔa,0.0,5241.0
2480,you,KALINGA LIMOS,sika,s i k a,3 7 1 7,AXBZ,SIKA,71.0,71.S.C 71.I.V 71.K.C 71.A.V,2.0 1.5 1.75 0.8,sika,0.0,5241.0
2520,you,KALLAHAN KAYAPA PROPER,hiʔgam,h i ʔ g a m,3 7 1 1 7 4,AXMBYN,HIHKAM,72.0,72.H.C 72.I.V 72.H.c 72.K.C 72.A.V 72.M.c,2.0 1.5 1.1 1.75 1.3 0.8,hiʔgam,0.0,5268.0
2560,you,KALLAHAN KELEYQIQ IFUGAO,hiʔgam,h i ʔ g a m,3 7 1 1 7 4,AXMBYN,HIHKAM,73.0,73.H.C 73.I.V 73.H.c 73.K.C 73.A.V 73.M.c,2.0 1.5 1.1 1.75 1.3 0.8,hiʔgam,0.0,5268.0
2600,you,KANKANAY NORTHERN,sikʔa,s i k ʔ a,3 7 1 1 7,AXMBZ,SIKHA,75.0,75.S.C 75.I.V 75.K.c 75.H.C 75.A.V,2.0 1.5 1.1 1.75 0.8,sikʔa,0.0,5241.0
2640,you,KAPAMPANGAN,ika,i k a,7 1 7,XBZ,IKA,76.0,76.I.V 76.K.C 76.A.V,1.5 1.75 0.8,ika,0.0,5230.0
2680,you,KINARAY A,ikaw,i k a w,7 1 7 6,XBYN,IKAW,77.0,77.I.V 77.K.C 77.A.V 77.W.c,1.5 1.75 1.3 0.8,ikaw,0.0,5230.0
2720,you,KOREAN,taŋsin,t a ŋs i n,1 7 4 7 4,AXBYN,TANIN,78.0,78.T.C 78.A.V 78.N.C 78.I.V 78.N.c,2.0 1.5 1.75 1.3 0.8,taŋsin,0.0,5296.0
2760,you,LEGAZPI,kamu,k a m u,1 7 4 7,AXBZ,KAMY,79.0,79.K.C 79.A.V 79.M.C 79.Y.V,2.0 1.5 1.75 0.8,kamu,0.0,5243.0
2800,you,LIBON,kamu,k a m u,1 7 4 7,AXBZ,KAMY,80.0,80.K.C 80.A.V 80.M.C 80.Y.V,2.0 1.5 1.75 0.8,kamu,0.0,5243.0
2840,you,LIVE,sinasa,s i n a s a,3 7 4 7 3 7,AXBYBZ,SINASA,82.0,82.S.C 82.I.V 82.N.C 82.A.V 82.S.C 82.A.V,2.0 1.5 1.75 1.3 1.75 0.8,sinasa,0.0,5299.0
2880,you,MAGUINDANAO,ka,k a,1 7,AX,KA,83.0,83.K.C 83.A.V,2.0 1.5,ka,0.0,5238.0
2920,you,MAMANWA,iko,i k o,7 1 7,XBZ,IKU,84.0,84.I.V 84.K.C 84.U.V,1.5 1.75 0.8,iko,0.0,5301.0
2960,you,MANOBO ATA,sikojkow,s i k o j k o w,3 7 1 7 6 1 7 6,AXBYMBYN,SIKUJKUW,88.0,88.S.C 88.I.V 88.K.C 88.U.V 88.J.c 88.K.C 88.U.V 88.W.c,2.0 1.5 1.75 1.3 1.1 1.75 1.3 0.8,sikojkow,0.0,5302.0
3000,you,MANOBO DIBABAWON,sikuna,s i k u n a,3 7 1 7 4 7,AXBYBZ,SIKYNA,89.0,89.S.C 89.I.V 89.K.C 89.Y.V 89.N.C 89.A.V,2.0 1.5 1.75 1.3 1.75 0.8,sikuna,0.0,5303.0
3040,you,MANOBO ILIANEN,sikuna,s i k u n a,3 7 1 7 4 7,AXBYBZ,SIKYNA,90.0,90.S.C 90.I.V 90.K.C 90.Y.V 90.N.C 90.A.V,2.0 1.5 1.75 1.3 1.75 0.8,sikuna,0.0,5303.0
3080,you,MANOBO KALAMANSIG COTABATO,kuna,k u n a,1 7 4 7,AXBZ,KYNA,91.0,91.K.C 91.Y.V 91.N.C 91.A.V,2.0 1.5 1.75 0.8,kuna,0.0,5303.0
3120,you,MANOBO SARANGANI,sikona,s i k o n a,3 7 1 7 4 7,AXBYBZ,SIKUNA,92.0,92.S.C 92.I.V 92.K.C 92.U.V 92.N.C 92.A.V,2.0 1.5 1.75 1.3 1.75 0.8,sikona,0.0,5303.0
3160,you,MANOBO TIGWA,sikəikəw,s i k ə i k ə w,3 7 1 7 7 1 7 6,AXBYYBYN,SIKEIKEW,93.0,93.S.C 93.I.V 93.K.C 93.E.V 93.I.V 93.K.C 93.E.V 93.W.c,2.0 1.5 1.75 1.3 1.3 1.75 1.3 0.8,sikəikəw,0.0,5302.0
3200,you,MANOBO WESTERN BUKIDNON,sikəw,s i k ə w,3 7 1 7 6,AXBYN,SIKEW,94.0,94.S.C 94.I.V 94.K.C 94.E.V 94.W.c,2.0 1.5 1.75 1.3 0.8,sikəw,0.0,5237.0
3240,you,MANSAKA,ikaw,i k a w,7 1 7 6,XBYN,IKAW,95.0,95.I.V 95.K.C 95.A.V 95.W.c,1.5 1.75 1.3 0.8,ikaw,0.0,5237.0
3280,you,MAPUN,ko,k o,1 7,AX,KU,97.0,97.K.C 97.U.V,2.0 1.5,ko,0.0,5238.0
3320,you,MARANAO,ka,k a,1 7,AX,KA,98.0,98.K.C 98.A.V,2.0 1.5,ka,0.0,5238.0
3360,you,MARINDUQUE TAGALOG,ʔikaw,ʔ i k a w,1 7 1 7 6,AXBYN,HIKAW,99.0,99.H.C 99.I.V 99.K.C 99.A.V 99.W.c,2.0 1.5 1.75 1.3 0.8,ʔikaw,0.0,5312.0
3400,you,MASBATENYO,ikaw,i k a w,7 1 7 6,XBYN,IKAW,100.0,100.I.V 100.K.C 100.A.V 100.W.c,1.5 1.75 1.3 0.8,ikaw,0.0,5230.0
3440,you,MINANGALI LOWER TANUDAN KALINGA,sika,s i k a,3 7 1 7,AXBZ,SIKA,101.0,101.S.C 101.I.V 101.K.C 101.A.V,2.0 1.5 1.75 0.8,sika,0.0,5241.0
3480,you,MOKSHA,ton,t o n,1 7 4,AXN,TUN,102.0,102.T.C 102.U.V 102.N.c,2.0 1.5 0.8,ton,0.0,5315.0
3520,you,MOLBOG,ko,k o,1 7,AX,KU,103.0,103.K.C 103.U.V,2.0 1.5,ko,0.0,5238.0
3560,you,MOLBOG 2,kə,k ə,1 7,AX,KE,104.0,104.K.C 104.E.V,2.0 1.5,kə,0.0,5238.0
3600,you,MONGOLIAN,Chi,ch i,1 7,AX,CI,105.0,105.C.C 105.I.V,2.0 1.5,chi,0.0,5318.0
3640,you,MORO MAGINDANAU,ka,k a,1 7,AX,KA,106.0,106.K.C 106.A.V,2.0 1.5,ka,0.0,5238.0
3680,you,NAGA,kamu,k a m u,1 7 4 7,AXBZ,KAMY,107.0,107.K.C 107.A.V 107.M.C 107.Y.V,2.0 1.5 1.75 0.8,kamu,0.0,5243.0
3720,you,NORTHERN CATANDUANES,kamu,k a m u,1 7 4 7,AXBZ,KAMY,108.0,108.K.C 108.A.V 108.M.C 108.Y.V,2.0 1.5 1.75 0.8,kamu,0.0,5243.0
3760,you,NORTHERN SORSOGON,kamu,k a m u,1 7 4 7,AXBZ,KAMY,109.0,109.K.C 109.A.V 109.M.C 109.Y.V,2.0 1.5 1.75 0.8,kamu,0.0,5243.0
3800,you,OAS,kamu,k a m u,1 7 4 7,AXBZ,KAMY,110.0,110.K.C 110.A.V 110.M.C 110.Y.V,2.0 1.5 1.75 0.8,kamu,0.0,5243.0
3840,you,PALAWANO BATAK,ikaw,i k a w,7 1 7 6,XBYN,IKAW,111.0,111.I.V 111.K.C 111.A.V 111.W.c,1.5 1.75 1.3 0.8,ikaw,0.0,5237.0
3880,you,PANGASINAN,sika,s i k a,3 7 1 7,AXBZ,SIKA,112.0,112.S.C 112.I.V 112.K.C 112.A.V,2.0 1.5 1.75 0.8,sika,0.0,5241.0
3920,you,PANGUTARAN SAMA,kaʔu,k a ʔ u,1 7 1 7,AXBZ,KAHY,113.0,113.K.C 113.A.V 113.H.C 113.Y.V,2.0 1.5 1.75 0.8,kaʔu,0.0,5234.0
3960,you,PANGUTARAN SAMA (1),kaʔu,k a ʔ u,1 7 1 7,AXBZ,KAHY,114.0,114.K.C 114.A.V 114.H.C 114.Y.V,2.0 1.5 1.75 0.8,kaʔu,0.0,5234.0
4000,you,PROTO PALAWAN,ka,k a,1 7,AX,KA,115.0,115.K.C 115.A.V,2.0 1.5,ka,0.0,5238.0
4040,you,QUEZON PALAWAN,kə,k ə,1 7,AX,KE,117.0,117.K.C 117.E.V,2.0 1.5,kə,0.0,5238.0
4080,you,ROMBLOMANON 1,ikaw,i k a w,7 1 7 6,XBYN,IKAW,118.0,118.I.V 118.K.C 118.A.V 118.W.c,1.5 1.75 1.3 0.8,ikaw,0.0,5230.0
4120,you,ROMBLOMANON 2,ʔikaw,ʔ i k a w,1 7 1 7 6,AXBYN,HIKAW,119.0,119.H.C 119.I.V 119.K.C 119.A.V 119.W.c,2.0 1.5 1.75 1.3 0.8,ʔikaw,0.0,5230.0
4160,you,SAMAL,kaʔa,k a ʔ a,1 7 1 7,AXBZ,KAHA,120.0,120.K.C 120.A.V 120.H.C 120.A.V,2.0 1.5 1.75 0.8,kaʔa,0.0,5234.0
4200,you,SAMBAL BOTOLAN,hika,h i k a,3 7 1 7,AXBZ,HIKA,121.0,121.H.C 121.I.V 121.K.C 121.A.V,2.0 1.5 1.75 0.8,hika,0.0,5241.0
4240,you,SANGIL,kaw,k a w,1 7 6,AXN,KAW,122.0,122.K.C 122.A.V 122.W.c,2.0 1.5 0.8,kaw,0.0,5237.0
4280,you,SANGIL SARANGANI ISLANDS,ikaw,i k a w,7 1 7 6,XBYN,IKAW,123.0,123.I.V 123.K.C 123.A.V 123.W.c,1.5 1.75 1.3 0.8,ikaw,0.0,5237.0
4320,you,SEDANG,eh,e h,7 3,XN,EH,124.0,124.E.V 124.H.c,1.5 0.8,eh,0.0,5336.0
4360,you,SIBUTU SOUTHERN SAMA,kow,k o w,1 7 6,AXN,KUW,125.0,125.K.C 125.U.V 125.W.c,2.0 1.5 0.8,kow,0.0,5254.0
4440,you,SOUTH SAAMI,datnə,d a t n ə,1 7 1 4 7,AXBCZ,TATNE,128.0,128.T.C 128.A.V 128.T.C 128.N.C 128.E.V,2.0 1.5 1.75 1.5 0.8,datnə,0.0,5315.0
4480,you,SOUTHERN CATANDUANES,kamu,k a m u,1 7 4 7,AXBZ,KAMY,129.0,129.K.C 129.A.V 129.M.C 129.Y.V,2.0 1.5 1.75 0.8,kamu,0.0,5243.0
4520,you,SOUTHERN SORSOGON,kamu,k a m u,1 7 4 7,AXBZ,KAMY,131.0,131.K.C 131.A.V 131.M.C 131.Y.V,2.0 1.5 1.75 0.8,kamu,0.0,5243.0
4560,you,SOUTHWEST PALAWANO,ikew,i k e w,7 1 7 6,XBYN,IKEW,132.0,132.I.V 132.K.C 132.E.V 132.W.c,1.5 1.75 1.3 0.8,ikew,0.0,5237.0
4600,you,SPANISH,ustet,u s t e t,7 3 1 7 1,XMBYN,YSTET,133.0,133.Y.V 133.S.c 133.T.C 133.E.V 133.T.c,1.5 1.1 1.75 1.3 0.8,ustet,0.0,5342.0
4640,you,SUBANON SIOCON,ika,i k a,7 1 7,XBZ,IKA,134.0,134.I.V 134.K.C 134.A.V,1.5 1.75 0.8,ika,0.0,5230.0
4680,you,SUBANUN SINDANGAN,jaʔa,j a ʔ a,6 7 1 7,AXBZ,JAHA,135.0,135.J.C 135.A.V 135.H.C 135.A.V,2.0 1.5 1.75 0.8,jaʔa,0.0,5344.0
4720,you,SURIGAONON,ikaw,i k a w,7 1 7 6,XBYN,IKAW,136.0,136.I.V 136.K.C 136.A.V 136.W.c,1.5 1.75 1.3 0.8,ikaw,0.0,5230.0
4760,you,TAGABAWA,nu,n u,4 7,AX,NY,137.0,137.N.C 137.Y.V,2.0 1.5,nu,0.0,5346.0
4800,you,TAGABILI,uʔuh,u ʔ u h,7 1 7 3,XBYN,YHYH,138.0,138.Y.V 138.H.C 138.Y.V 138.H.c,1.5 1.75 1.3 0.8,uʔuh,0.0,5347.0
4840,you,TAGALOG,ikaw,i k a w,7 1 7 6,XBYN,IKAW,139.0,139.I.V 139.K.C 139.A.V 139.W.c,1.5 1.75 1.3 0.8,ikaw,0.0,5230.0
4880,you,TAGBANUA ABORLAN,ka,k a,1 7,AX,KA,140.0,140.K.C 140.A.V,2.0 1.5,ka,0.0,5238.0
4920,you,TAGBANWA ABORLAN,ka,k a,1 7,AX,KA,141.0,141.K.C 141.A.V,2.0 1.5,ka,0.0,5238.0
4960,you,TAGBANWA KALAMIAN,jawa,j a w a,6 7 6 7,AXBZ,JAWA,142.0,142.J.C 142.A.V 142.W.C 142.A.V,2.0 1.5 1.75 0.8,jawa,0.0,5351.0
5000,you,TALAANDIG BINUKID,jaŋka,j a ŋ k a,6 7 4 1 7,AXMBZ,JANKA,143.0,143.J.C 143.A.V 143.N.c 143.K.C 143.A.V,2.0 1.5 1.1 1.75 0.8,jaŋka,0.0,5245.0
5040,you,TAMBUNAN DUSUN,ika,i k a,7 1 7,XBZ,IKA,144.0,144.I.V 144.K.C 144.A.V,1.5 1.75 0.8,ika,0.0,5230.0
5080,you,TAUSUG,kaw,k a w,1 7 6,AXN,KAW,145.0,145.K.C 145.A.V 145.W.c,2.0 1.5 0.8,kaw,0.0,5354.0
5120,you,TAUT BATU,kə,k ə,1 7,AX,KE,146.0,146.K.C 146.E.V,2.0 1.5,kə,0.0,5238.0
5160,you,TBOLI TAGABILI,oʔuh,o ʔ u h,7 1 7 3,XBYN,UHYH,147.0,147.U.V 147.H.C 147.Y.V 147.H.c,1.5 1.75 1.3 0.8,oʔuh,0.0,5347.0
5200,you,TIMUGON MURUT,kow,k o w,1 7 6,AXN,KUW,148.0,148.K.C 148.U.V 148.W.c,2.0 1.5 0.8,kow,0.0,5357.0
5240,you,TIRURAY,beʔem,b e ʔ e m,1 7 1 7 4,AXBYN,PEHEM,149.0,149.P.C 149.E.V 149.H.C 149.E.V 149.M.c,2.0 1.5 1.75 1.3 0.8,beʔem,0.0,5358.0
5280,you,TURKISH,sen,s e n,3 7 4,AXN,SEN,150.0,150.S.C 150.E.V 150.N.c,2.0 1.5 0.8,sen,0.0,5260.0
5320,you,UGARITIC,ata,a t a,7 1 7,XBZ,ATA,151.0,151.A.V 151.T.C 151.A.V,1.5 1.75 0.8,ata,0.0,5318.0
5360,you,WARAY WARAY,ikaw,i k a w,7 1 7 6,XBYN,IKAW,152.0,152.I.V 152.K.C 152.A.V 152.W.c,1.5 1.75 1.3 0.8,ikaw,0.0,5230.0
5400,you,YAKAN,kaʔu,k a ʔ u,1 7 1 7,AXBZ,KAHY,153.0,153.K.C 153.A.V 153.H.C 153.Y.V,2.0 1.5 1.75 0.8,kaʔu,0.0,5234.0
5680,you,HILIGAYNON,ikaw,i k a w,7 1 7 6,XBYN,IKAW,42.0,42.I.V 42.K.C 42.A.V 42.W.c,1.5 1.75 1.3 0.8,ikaw,0.0,5266.0
# Created using the LexStat class of LingPy-2.6.13,,,,,,,,,,,,,
# Parameters: 2:1_1.00_1000_0.70_global-2-0.50:local-1-0.50_0.30__T_shuffle_False:upgma:-2_0.7_0.00_-5.00,,,,,,,,,,,,,
# Cluster: lexstat_upgma_0.45,,,,,,,,,,,,,
