ID,CONCEPT,DOCULECT,FORM,TOKENS,SONARS,PROSTRINGS,CLASSES,LANGID,NUMBERS,WEIGHTS,IPA,DUPLICATES,COGID
1,I,AGTA,ijok,i j o k,7 6 7 1,XBYN,IJUK,1.0,1.I.V 1.J.C 1.U.V 1.K.c,1.5 1.75 1.3 0.8,ijok,0.0,1.0
93,I,AKLANON,aku,a k u,7 1 7,XBZ,AKY,2.0,2.A.V 2.K.C 2.Y.V,1.5 1.75 0.8,aku,0.0,66.0
185,I,ARTA,tan,t a n,1 7 4,AXN,TAN,3.0,3.T.C 3.A.V 3.N.c,2.0 1.5 0.8,tan,0.0,3.0
277,I,ATTA PAMPLONA,sikan,s i k a n,3 7 1 7 4,AXBYN,SIKAN,4.0,4.S.C 4.I.V 4.K.C 4.A.V 4.N.c,2.0 1.5 1.75 1.3 0.8,sikan,0.0,66.0
369,I,BAJAU WEST COAST,aku,a k u,7 1 7,XBZ,AKY,6.0,6.A.V 6.K.C 6.Y.V,1.5 1.75 0.8,aku,0.0,66.0
461,I,BALANGAW,haʔon,h a ʔ o n,3 7 1 7 4,AXBYN,HAHUN,7.0,7.H.C 7.A.V 7.H.C 7.U.V 7.N.c,2.0 1.5 1.75 1.3 0.8,haʔon,0.0,6.0
553,I,BALANGINGI SAMA,aku,a k u,7 1 7,XBZ,AKY,8.0,8.A.V 8.K.C 8.Y.V,1.5 1.75 0.8,aku,0.0,66.0
645,I,BANTON BANTOANON,ako,a k o,7 1 7,XBZ,AKU,9.0,9.A.V 9.K.C 9.U.V,1.5 1.75 0.8,ako,0.0,66.0
737,I,BASQUE,nik,n i k,4 7 1,AXN,NIK,10.0,10.N.C 10.I.V 10.K.c,2.0 1.5 0.8,nik,0.0,66.0
829,I,BATAK PALAWAN,aku,a k u,7 1 7,XBZ,AKY,11.0,11.A.V 11.K.C 11.Y.V,1.5 1.75 0.8,aku,0.0,66.0
921,I,BILAAN KORONADAL,agu,a g u,7 1 7,XBZ,AKY,12.0,12.A.V 12.K.C 12.Y.V,1.5 1.75 0.8,agu,0.0,66.0
1013,I,BILAAN SARANGANI,agu,a g u,7 1 7,XBZ,AKY,13.0,13.A.V 13.K.C 13.Y.V,1.5 1.75 0.8,agu,0.0,66.0
1105,I,BONGGI,ou,o u,7 7,XZ,UY,15.0,15.U.V 15.Y.V,1.5 0.8,ou,0.0,13.0
1197,I,BONTOC GUINAANG,sakʔən,s a k ʔ ə n,3 7 1 1 7 4,AXMBYN,SAKHEN,16.0,16.S.C 16.A.V 16.K.c 16.H.C 16.E.V 16.N.c,2.0 1.5 1.1 1.75 1.3 0.8,sakʔən,0.0,6.0
1289,I,BUHI,ʔaku,ʔ a k u,1 7 1 7,AXBZ,HAKY,17.0,17.H.C 17.A.V 17.K.C 17.Y.V,2.0 1.5 1.75 0.8,ʔaku,0.0,66.0
1381,I,BUKIDNON BINUKID,janʔa,j a n ʔ a,6 7 4 1 7,AXMBZ,JANHA,18.0,18.J.C 18.A.V 18.N.c 18.H.C 18.A.V,2.0 1.5 1.1 1.75 0.8,janʔa,0.0,16.0
1473,I,BUTUANON,ako,a k o,7 1 7,XBZ,AKU,19.0,19.A.V 19.K.C 19.U.V,1.5 1.75 0.8,ako,0.0,66.0
1565,I,CAIJIA,ŋuo,ŋ u o,4 7 7,AXZ,NYU,20.0,20.N.C 20.Y.V 20.U.V,2.0 1.5 0.8,ŋuo,0.0,18.0
1657,I,CEBUANO,ako,a k o,7 1 7,XBZ,AKU,22.0,22.A.V 22.K.C 22.U.V,1.5 1.75 0.8,ako,0.0,66.0
1749,I,CENTRAL TAGBANWA,ako,a k o,7 1 7,XBZ,AKU,23.0,23.A.V 23.K.C 23.U.V,1.5 1.75 0.8,ako,0.0,66.0
1841,I,CUYONON,ako,a k o,7 1 7,XBZ,AKU,24.0,24.A.V 24.K.C 24.U.V,1.5 1.75 0.8,ako,0.0,66.0
1933,I,DARAGA,ʔaku,ʔ a k u,1 7 1 7,AXBZ,HAKY,25.0,25.H.C 25.A.V 25.K.C 25.Y.V,2.0 1.5 1.75 0.8,ʔaku,0.0,66.0
2025,I,DUMAGAT CASIGURAN,sakən,s a k ə n,3 7 1 7 4,AXBYN,SAKEN,26.0,26.S.C 26.A.V 26.K.C 26.E.V 26.N.c,2.0 1.5 1.75 1.3 0.8,sakən,0.0,66.0
2117,I,DUPANINGAN AGTA,hikan,h i k a n,3 7 1 7 4,AXBYN,HIKAN,27.0,27.H.C 27.I.V 27.K.C 27.A.V 27.N.c,2.0 1.5 1.75 1.3 0.8,hikan,0.0,66.0
2209,I,ENGLISH,Ei,i,7,X,I,28.0,28.I.V,1.5,i,0.0,25.0
2301,I,ESKAYAN,narin,n a r i n,4 7 5 7 4,AXBYN,NARIN,29.0,29.N.C 29.A.V 29.R.C 29.I.V 29.N.c,2.0 1.5 1.75 1.3 0.8,narin,0.0,26.0
2393,I,ESTONIAN,mina,m i n a,4 7 4 7,AXBZ,MINA,30.0,30.M.C 30.I.V 30.N.C 30.A.V,2.0 1.5 1.75 0.8,mina,0.0,27.0
2485,I,FINNISH,minE,m i n,4 7 4,AXN,MIN,32.0,32.M.C 32.I.V 32.N.c,2.0 1.5 0.8,min,0.0,27.0
2577,I,FUZHOU CHINESE,ŋuai,ŋ u a i,4 7 7 7,AXYZ,NYAI,33.0,33.N.C 33.Y.V 33.A.V 33.I.V,2.0 1.5 1.3 0.8,ŋuai,0.0,18.0
2669,I,GADDANG,ikkanak,i kk a n a k,7 1 7 4 7 1,XBYBYN,IKANAK,34.0,34.I.V 34.K.C 34.A.V 34.N.C 34.A.V 34.K.c,1.5 1.75 1.3 1.75 1.3 0.8,ikkanak,0.0,66.0
2761,I,HANUNOO,aku,a k u,7 1 7,XBZ,AKY,35.0,35.A.V 35.K.C 35.Y.V,1.5 1.75 0.8,aku,0.0,66.0
2853,I,HIGAONON BINUKID,janʔa,j a n ʔ a,6 7 4 1 7,AXMBZ,JANHA,36.0,36.J.C 36.A.V 36.N.c 36.H.C 36.A.V,2.0 1.5 1.1 1.75 0.8,janʔa,0.0,16.0
2945,I,HUNGARIAN,en,e n,7 4,XN,EN,38.0,38.E.V 38.N.c,1.5 0.8,en,0.0,3.0
3037,I,IBANAG,soʔ,s o ʔ,3 7 1,AXN,SUH,39.0,39.S.C 39.U.V 39.H.c,2.0 1.5 0.8,soʔ,0.0,34.0
3129,I,IDAAN,aku,a k u,7 1 7,XBZ,AKY,40.0,40.A.V 40.K.C 40.Y.V,1.5 1.75 0.8,aku,0.0,66.0
3221,I,IFUGAO AMGANAD,haʔʔon,h a o n,3 7 7 4,AXYN,HAUN,41.0,41.H.C 41.A.V 41.U.V 41.N.c,2.0 1.5 1.3 0.8,haon,0.0,6.0
3313,I,IFUGAO BATAD,haʔʔin,h a i n,3 7 7 4,AXYN,HAIN,42.0,42.H.C 42.A.V 42.I.V 42.N.c,2.0 1.5 1.3 0.8,hain,0.0,6.0
3405,I,IFUGAO BAYNINAN,haʔʔen,h a e n,3 7 7 4,AXYN,HAEN,43.0,43.H.C 43.A.V 43.E.V 43.N.c,2.0 1.5 1.3 0.8,haen,0.0,6.0
3497,I,ILOKANO,siak,s i a k,3 7 7 1,AXYN,SIAK,44.0,44.S.C 44.I.V 44.A.V 44.K.c,2.0 1.5 1.3 0.8,siak,0.0,39.0
3589,I,ILONGOT KAKIDUGEN,siʔak,s i ʔ a k,3 7 1 7 1,AXBYN,SIHAK,45.0,45.S.C 45.I.V 45.H.C 45.A.V 45.K.c,2.0 1.5 1.75 1.3 0.8,siʔak,0.0,39.0
3681,I,INIBALOI,siʔkak,s i ʔ k a k,3 7 1 1 7 1,AXMBYN,SIHKAK,48.0,48.S.C 48.I.V 48.H.c 48.K.C 48.A.V 48.K.c,2.0 1.5 1.1 1.75 1.3 0.8,siʔkak,0.0,39.0
3773,I,IRANUN,aku,a k u,7 1 7,XBZ,AKY,49.0,49.A.V 49.K.C 49.Y.V,1.5 1.75 0.8,aku,0.0,66.0
3865,I,IRIGA,ʔaku,ʔ a k u,1 7 1 7,AXBZ,HAKY,50.0,50.H.C 50.A.V 50.K.C 50.Y.V,2.0 1.5 1.75 0.8,ʔaku,0.0,66.0
3957,I,ISNAG,ijaʔ,i j a ʔ,7 6 7 1,XBYN,IJAH,51.0,51.I.V 51.J.C 51.A.V 51.H.c,1.5 1.75 1.3 0.8,ijaʔ,0.0,44.0
4049,I,ITAWIT,jEkEn,j k n,6 1 4,ACC,JKN,52.0,52.J.C 52.K.C 52.N.C,2.0 1.5 1.5,jkn,0.0,45.0
4141,I,ITNEG BINONGAN,dijakən,d i j a k ə n,1 7 6 7 1 7 4,AXBYBYN,TIJAKEN,53.0,53.T.C 53.I.V 53.J.C 53.A.V 53.K.C 53.E.V 53.N.c,2.0 1.5 1.75 1.3 1.75 1.3 0.8,dijakən,0.0,1.0
4233,I,JAPANESE,wataSi,w a t a i,6 7 1 7 7,AXBYZ,WATAI,54.0,54.W.C 54.A.V 54.T.C 54.A.V 54.I.V,2.0 1.5 1.75 1.3 0.8,watai,0.0,47.0
4325,I,KADAZAN,zou,z o u,3 7 7,AXZ,SUY,55.0,55.S.C 55.U.V 55.Y.V,2.0 1.5 0.8,zou,0.0,13.0
4417,I,KAGAYANEN,a,a,7,X,A,56.0,56.A.V,1.5,a,0.0,25.0
4509,I,KALAGAN,aku,a k u,7 1 7,XBZ,AKY,57.0,57.A.V 57.K.C 57.Y.V,1.5 1.75 0.8,aku,0.0,66.0
4601,I,KALINGA GUINAANG,saʔon,s a ʔ o n,3 7 1 7 4,AXBYN,SAHUN,59.0,59.S.C 59.A.V 59.H.C 59.U.V 59.N.c,2.0 1.5 1.75 1.3 0.8,saʔon,0.0,6.0
4693,I,KALINGA LIMOS,sakon,s a k o n,3 7 1 7 4,AXBYN,SAKUN,60.0,60.S.C 60.A.V 60.K.C 60.U.V 60.N.c,2.0 1.5 1.75 1.3 0.8,sakon,0.0,66.0
4785,I,KALLAHAN KAYAPA PROPER,hiʔgak,h i ʔ g a k,3 7 1 1 7 1,AXMBYN,HIHKAK,61.0,61.H.C 61.I.V 61.H.c 61.K.C 61.A.V 61.K.c,2.0 1.5 1.1 1.75 1.3 0.8,hiʔgak,0.0,39.0
4877,I,KANKANAY NORTHERN,sakʔin,s a k ʔ i n,3 7 1 1 7 4,AXMBYN,SAKHIN,63.0,63.S.C 63.A.V 63.K.c 63.H.C 63.I.V 63.N.c,2.0 1.5 1.1 1.75 1.3 0.8,sakʔin,0.0,6.0
4969,I,KAPAMPANGAN,aku,a k u,7 1 7,XBZ,AKY,64.0,64.A.V 64.K.C 64.Y.V,1.5 1.75 0.8,aku,0.0,66.0
5061,I,KINARAY A,ako,a k o,7 1 7,XBZ,AKU,65.0,65.A.V 65.K.C 65.U.V,1.5 1.75 0.8,ako,0.0,66.0
5153,I,KOREAN,na,n a,4 7,AX,,66.0,66.N.C 66.A.V,2.0 1.5,na,0.0,18.0
5245,I,LEGAZPI,ʔaku,ʔ a k u,1 7 1 7,AXBZ,HAKY,67.0,67.H.C 67.A.V 67.K.C 67.Y.V,2.0 1.5 1.75 0.8,ʔaku,0.0,66.0
5337,I,LIBON,ʔaku,ʔ a k u,1 7 1 7,AXBZ,HAKY,68.0,68.H.C 68.A.V 68.K.C 68.Y.V,2.0 1.5 1.75 0.8,ʔaku,0.0,66.0
5429,I,LIVE,minama,m i n a m a,4 7 4 7 4 7,AXBYBZ,MINAMA,69.0,69.M.C 69.I.V 69.N.C 69.A.V 69.M.C 69.A.V,2.0 1.5 1.75 1.3 1.75 0.8,minama,0.0,27.0
5521,I,MAMANWA,haʔo,h a ʔ o,3 7 1 7,AXBZ,HAHU,70.0,70.H.C 70.A.V 70.H.C 70.U.V,2.0 1.5 1.75 0.8,haʔo,0.0,6.0
5613,I,MANIDE,haku,h a k u,3 7 1 7,AXBZ,HAKY,73.0,73.H.C 73.A.V 73.K.C 73.Y.V,2.0 1.5 1.75 0.8,haku,0.0,66.0
5705,I,MANOBO ATA,sikanak,s i k a n a k,3 7 1 7 4 7 1,AXBYBYN,SIKANAK,74.0,74.S.C 74.I.V 74.K.C 74.A.V 74.N.C 74.A.V 74.K.c,2.0 1.5 1.75 1.3 1.75 1.3 0.8,sikanak,0.0,66.0
5797,I,MANOBO DIBABAWON,siʔak,s i ʔ a k,3 7 1 7 1,AXBYN,SIHAK,75.0,75.S.C 75.I.V 75.H.C 75.A.V 75.K.c,2.0 1.5 1.75 1.3 0.8,siʔak,0.0,39.0
5889,I,MANOBO ILIANEN,siʔakən,s i ʔ a k ə n,3 7 1 7 1 7 4,AXBYBYN,SIHAKEN,76.0,76.S.C 76.I.V 76.H.C 76.A.V 76.K.C 76.E.V 76.N.c,2.0 1.5 1.75 1.3 1.75 1.3 0.8,siʔakən,0.0,39.0
5981,I,MANOBO KALAMANSIG COTABATO,akən,a k ə n,7 1 7 4,XBYN,AKEN,77.0,77.A.V 77.K.C 77.E.V 77.N.c,1.5 1.75 1.3 0.8,akən,0.0,66.0
6073,I,MANOBO SARANGANI,siʔak,s i ʔ a k,3 7 1 7 1,AXBYN,SIHAK,78.0,78.S.C 78.I.V 78.H.C 78.A.V 78.K.c,2.0 1.5 1.75 1.3 0.8,siʔak,0.0,39.0
6165,I,MANOBO TIGWA,siʔak,s i ʔ a k,3 7 1 7 1,AXBYN,SIHAK,79.0,79.S.C 79.I.V 79.H.C 79.A.V 79.K.c,2.0 1.5 1.75 1.3 0.8,siʔak,0.0,39.0
6257,I,MANOBO WESTERN BUKIDNON,siʔak,s i ʔ a k,3 7 1 7 1,AXBYN,SIHAK,80.0,80.S.C 80.I.V 80.H.C 80.A.V 80.K.c,2.0 1.5 1.75 1.3 0.8,siʔak,0.0,39.0
6349,I,MANSAKA,aku,a k u,7 1 7,XBZ,AKY,81.0,81.A.V 81.K.C 81.Y.V,1.5 1.75 0.8,aku,0.0,66.0
6441,I,MAPUN,aku,a k u,7 1 7,XBZ,AKY,82.0,82.A.V 82.K.C 82.Y.V,1.5 1.75 0.8,aku,0.0,66.0
6533,I,MARANAO,ako,a k o,7 1 7,XBZ,AKU,83.0,83.A.V 83.K.C 83.U.V,1.5 1.75 0.8,ako,0.0,66.0
6625,I,MASBATENYO,ako,a k o,7 1 7,XBZ,AKU,84.0,84.A.V 84.K.C 84.U.V,1.5 1.75 0.8,ako,0.0,66.0
6717,I,MINANGALI LOWER TANUDAN KALINGA,sakon,s a k o n,3 7 1 7 4,AXBYN,SAKUN,85.0,85.S.C 85.A.V 85.K.C 85.U.V 85.N.c,2.0 1.5 1.75 1.3 0.8,sakon,0.0,66.0
6809,I,MOKSHA,mon,m o n,4 7 4,AXN,MUN,86.0,86.M.C 86.U.V 86.N.c,2.0 1.5 0.8,mon,0.0,27.0
6901,I,MOLBOG,aku,a k u,7 1 7,XBZ,AKY,87.0,87.A.V 87.K.C 87.Y.V,1.5 1.75 0.8,aku,0.0,66.0
6993,I,MONGOLIAN,pji,p j i,1 6 7,ACX,PJI,88.0,88.P.C 88.J.C 88.I.V,2.0 1.5 1.5,pji,0.0,77.0
7085,I,MORO MAGINDANAU,aku,a k u,7 1 7,XBZ,AKY,89.0,89.A.V 89.K.C 89.Y.V,1.5 1.75 0.8,aku,0.0,66.0
7177,I,NORTHERN CATANDUANES,ʔaku,ʔ a k u,1 7 1 7,AXBZ,HAKY,90.0,90.H.C 90.A.V 90.K.C 90.Y.V,2.0 1.5 1.75 0.8,ʔaku,0.0,66.0
7269,I,NORTHERN SORSOGON,ʔaku,ʔ a k u,1 7 1 7,AXBZ,HAKY,91.0,91.H.C 91.A.V 91.K.C 91.Y.V,2.0 1.5 1.75 0.8,ʔaku,0.0,66.0
7361,I,OAS,ʔaku,ʔ a k u,1 7 1 7,AXBZ,HAKY,92.0,92.H.C 92.A.V 92.K.C 92.Y.V,2.0 1.5 1.75 0.8,ʔaku,0.0,66.0
7453,I,PALAWANO BATAK,aku,a k u,7 1 7,XBZ,AKY,93.0,93.A.V 93.K.C 93.Y.V,1.5 1.75 0.8,aku,0.0,66.0
7545,I,PANGASINAN,siak,s i a k,3 7 7 1,AXYN,SIAK,94.0,94.S.C 94.I.V 94.A.V 94.K.c,2.0 1.5 1.3 0.8,siak,0.0,39.0
7637,I,PANGUTARAN SAMA,aku,a k u,7 1 7,XBZ,AKY,95.0,95.A.V 95.K.C 95.Y.V,1.5 1.75 0.8,aku,0.0,66.0
7729,I,PROTO PALAWAN,ʔaku,ʔ a k u,1 7 1 7,AXBZ,HAKY,96.0,96.H.C 96.A.V 96.K.C 96.Y.V,2.0 1.5 1.75 0.8,ʔaku,0.0,66.0
7821,I,QUEZON PALAWAN,aku,a k u,7 1 7,XBZ,AKY,97.0,97.A.V 97.K.C 97.Y.V,1.5 1.75 0.8,aku,0.0,66.0
7913,I,ROMBLOMANON 2,ʔaku,ʔ a k u,1 7 1 7,AXBZ,HAKY,98.0,98.H.C 98.A.V 98.K.C 98.Y.V,2.0 1.5 1.75 0.8,ʔaku,0.0,66.0
8005,I,SAMAL,aku,a k u,7 1 7,XBZ,AKY,99.0,99.A.V 99.K.C 99.Y.V,1.5 1.75 0.8,aku,0.0,66.0
8097,I,SAMBAL BOTOLAN,hiko,h i k o,3 7 1 7,AXBZ,HIKU,100.0,100.H.C 100.I.V 100.K.C 100.U.V,2.0 1.5 1.75 0.8,hiko,0.0,66.0
8189,I,SANGIL SARANGANI ISLANDS,iaʔ,i a ʔ,7 7 1,XYN,IAH,101.0,101.I.V 101.A.V 101.H.c,1.5 1.3 0.8,iaʔ,0.0,44.0
8281,I,SEDANG,a,a,7,X,A,102.0,102.A.V,1.5,a,0.0,25.0
8373,I,SIBUTU SOUTHERN SAMA,aku,a k u,7 1 7,XBZ,AKY,103.0,103.A.V 103.K.C 103.Y.V,1.5 1.75 0.8,aku,0.0,66.0
8465,I,SOGODNIN BORACAY,ak,a k,7 1,XN,AK,105.0,105.A.V 105.K.c,1.5 0.8,ak,0.0,66.0
8557,I,SOUTH SAAMI,manə,m a n ə,4 7 4 7,AXBZ,MANE,106.0,106.M.C 106.A.V 106.N.C 106.E.V,2.0 1.5 1.75 0.8,manə,0.0,27.0
8649,I,SOUTHERN CATANDUANES,ʔaku,ʔ a k u,1 7 1 7,AXBZ,HAKY,107.0,107.H.C 107.A.V 107.K.C 107.Y.V,2.0 1.5 1.75 0.8,ʔaku,0.0,66.0
8741,I,SOUTHERN SORSOGON,ʔaku,ʔ a k u,1 7 1 7,AXBZ,HAKY,109.0,109.H.C 109.A.V 109.K.C 109.Y.V,2.0 1.5 1.75 0.8,ʔaku,0.0,66.0
8833,I,SOUTHWEST PALAWANO,ako,a k o,7 1 7,XBZ,AKU,110.0,110.A.V 110.K.C 110.U.V,1.5 1.75 0.8,ako,0.0,66.0
8925,I,SPANISH,jo,j o,6 7,AX,JU,111.0,111.J.C 111.U.V,2.0 1.5,jo,0.0,77.0
9017,I,SUBANON SIOCON,akon,a k o n,7 1 7 4,XBYN,AKUN,112.0,112.A.V 112.K.C 112.U.V 112.N.c,1.5 1.75 1.3 0.8,akon,0.0,66.0
9109,I,SUBANUN SINDANGAN,inan,i n a n,7 4 7 4,XBYN,INAN,113.0,113.I.V 113.N.C 113.A.V 113.N.c,1.5 1.75 1.3 0.8,inan,0.0,27.0
9201,I,SURIGAONON,ako,a k o,7 1 7,XBZ,AKU,114.0,114.A.V 114.K.C 114.U.V,1.5 1.75 0.8,ako,0.0,66.0
9293,I,TAGABAWA,a,a,7,X,A,115.0,115.A.V,1.5,a,0.0,25.0
9385,I,TAGABILI,oʔuh,o ʔ u h,7 1 7 3,XBYN,UHYH,116.0,116.U.V 116.H.C 116.Y.V 116.H.c,1.5 1.75 1.3 0.8,oʔuh,0.0,34.0
9477,I,TAGALOG,ako,a k o,7 1 7,XBZ,AKU,117.0,117.A.V 117.K.C 117.U.V,1.5 1.75 0.8,ako,0.0,66.0
9569,I,TAGBANWA ABORLAN,aku,a k u,7 1 7,XBZ,AKY,118.0,118.A.V 118.K.C 118.Y.V,1.5 1.75 0.8,aku,0.0,66.0
9661,I,TAGBANWA KALAMIAN,juu,j uu,6 7,AX,JY,119.0,119.J.C 119.Y.V,2.0 1.5,juu,0.0,77.0
9753,I,TAUSUG,akuh,a k u h,7 1 7 3,XBYN,AKYH,120.0,120.A.V 120.K.C 120.Y.V 120.H.c,1.5 1.75 1.3 0.8,akuh,0.0,66.0
9845,I,TIMUGON MURUT,aku,a k u,7 1 7,XBZ,AKY,121.0,121.A.V 121.K.C 121.Y.V,1.5 1.75 0.8,aku,0.0,66.0
9937,I,TIRURAY,begen,b e g e n,1 7 1 7 4,AXBYN,PEKEN,122.0,122.P.C 122.E.V 122.K.C 122.E.V 122.N.c,2.0 1.5 1.75 1.3 0.8,begen,0.0,66.0
10029,I,TURKISH,ben,b e n,1 7 4,AXN,PEN,123.0,123.P.C 123.E.V 123.N.c,2.0 1.5 0.8,ben,0.0,3.0
10121,I,UGARITIC,an,a n,7 4,XN,AN,124.0,124.A.V 124.N.c,1.5 0.8,an,0.0,3.0
10213,I,UMIRAY DUMAGET AGTA,ako,a k o,7 1 7,XBZ,AKU,125.0,125.A.V 125.K.C 125.U.V,1.5 1.75 0.8,ako,0.0,66.0
10305,I,WARAY WARAY,ako,a k o,7 1 7,XBZ,AKU,126.0,126.A.V 126.K.C 126.U.V,1.5 1.75 0.8,ako,0.0,66.0
10397,I,YAKAN,aku,a k u,7 1 7,XBZ,AKY,127.0,127.A.V 127.K.C 127.Y.V,1.5 1.75 0.8,aku,0.0,66.0
10489,I,YOGAD,ku,k u,1 7,AX,KY,128.0,128.K.C 128.Y.V,2.0 1.5,ku,0.0,66.0
10581,I,ZAMBOANGUENO,jo,j o,6 7,AX,JU,129.0,129.J.C 129.U.V,2.0 1.5,jo,0.0,77.0
738,all,BASQUE,guztiz,g u z t i z,1 7 3 1 7 3,AXMBYN,KYSTIS,10.0,10.K.C 10.Y.V 10.S.c 10.T.C 10.I.V 10.S.c,2.0 1.5 1.1 1.75 1.3 0.8,guztiz,0.0,78.0
1382,all,BUKIDNON BINUKID,alan,a l a n,7 5 7 4,XBYN,ALAN,18.0,18.A.V 18.L.C 18.A.V 18.N.c,1.5 1.75 1.3 0.8,alan,0.0,79.0
2210,all,ENGLISH,ol,o l,7 5,XN,UL,28.0,28.U.V 28.L.c,1.5 0.8,ol,0.0,80.0
2394,all,ESTONIAN,koik,k o i k,1 7 7 1,AXYN,KUIK,30.0,30.K.C 30.U.V 30.I.V 30.K.c,2.0 1.5 1.3 0.8,koik,0.0,81.0
2486,all,FINNISH,kaikki,k a i kk i,1 7 7 1 7,AXYBZ,KAIKI,32.0,32.K.C 32.A.V 32.I.V 32.K.C 32.I.V,2.0 1.5 1.3 1.75 0.8,kaikki,0.0,81.0
2762,all,HANUNOO,tanan,t a n a n,1 7 4 7 4,AXBYN,TANAN,35.0,35.T.C 35.A.V 35.N.C 35.A.V 35.N.c,2.0 1.5 1.75 1.3 0.8,tanan,0.0,79.0
2854,all,HIGAONON BINUKID,alan,a l a n,7 5 7 4,XBYN,ALAN,36.0,36.A.V 36.L.C 36.A.V 36.N.c,1.5 1.75 1.3 0.8,alan,0.0,79.0
2946,all,HUNGARIAN,mind,m i n d,4 7 4 1,AXLN,MINT,38.0,38.M.C 38.I.V 38.N.c 38.T.c,2.0 1.5 1.1 0.8,mind,0.0,85.0
4234,all,JAPANESE,subete,s u b e t e,3 7 1 7 1 7,AXBYBZ,SYPETE,54.0,54.S.C 54.Y.V 54.P.C 54.E.V 54.T.C 54.E.V,2.0 1.5 1.75 1.3 1.75 0.8,subete,0.0,87.0
4970,all,KAPAMPANGAN,laganus,l a g a n u s,5 7 1 7 4 7 3,AXBYBYN,LAKANYS,64.0,64.L.C 64.A.V 64.K.C 64.A.V 64.N.C 64.Y.V 64.S.c,2.0 1.5 1.75 1.3 1.75 1.3 0.8,laganus,0.0,86.0
5154,all,KOREAN,modun,m o d u n,4 7 1 7 4,AXBYN,MUTYN,66.0,66.M.C 66.U.V 66.T.C 66.Y.V 66.N.c,2.0 1.5 1.75 1.3 0.8,modun,0.0,89.0
6810,all,MOKSHA,sjembje,s j e m b j e,3 6 7 4 1 6 7,ACXMBCZ,SJEMPJE,86.0,86.S.C 86.J.C 86.E.V 86.M.c 86.P.C 86.J.C 86.E.V,2.0 1.5 1.5 1.1 1.75 1.5 0.8,sjembje,0.0,90.0
8282,all,SEDANG,tai taŋ,t a i # t a ŋ,1 7 7 9 1 7 4,AXZ_AXN,TAI_TAN,102.0,102.T.C 102.A.V 102.I.V 102._._ 102.T.C 102.A.V 102.N.c,2.0 1.5 0.8 0.0 2.0 1.5 0.8,tai#taŋ,0.0,91.0
8926,all,SPANISH,todos,t o d o s,1 7 1 7 3,AXBYN,TUTUS,111.0,111.T.C 111.U.V 111.T.C 111.U.V 111.S.c,2.0 1.5 1.75 1.3 0.8,todos,0.0,78.0
9478,all,TAGALOG,lahat,l a h a t,5 7 3 7 1,AXBYN,LAHAT,117.0,117.L.C 117.A.V 117.H.C 117.A.V 117.T.c,2.0 1.5 1.75 1.3 0.8,lahat,0.0,93.0
10030,all,TURKISH,bitin,b i t i n,1 7 1 7 4,AXBYN,PITIN,123.0,123.P.C 123.I.V 123.T.C 123.I.V 123.N.c,2.0 1.5 1.75 1.3 0.8,bitin,0.0,89.0
10674,all,IMOROD,akano,a k a n o,7 1 7 4 7,XBYBZ,AKANU,46.0,46.A.V 46.K.C 46.A.V 46.N.C 46.U.V,1.5 1.75 1.3 1.75 0.8,akano,0.0,86.0
739,ash,BASQUE,hauc,h a u c,3 7 7 1,AXYN,HAYC,10.0,10.H.C 10.A.V 10.Y.V 10.C.c,2.0 1.5 1.3 0.8,hauc,0.0,94.0
1383,ash,BUKIDNON BINUKID,abu,a b u,7 1 7,XBZ,APY,18.0,18.A.V 18.P.C 18.Y.V,1.5 1.75 0.8,abu,0.0,95.0
2395,ash,ESTONIAN,tuk,t u k,1 7 1,AXN,TYK,30.0,30.T.C 30.Y.V 30.K.c,2.0 1.5 0.8,tuk,0.0,96.0
2487,ash,FINNISH,tuhka,t u h k a,1 7 3 1 7,AXMBZ,TYHKA,32.0,32.T.C 32.Y.V 32.H.c 32.K.C 32.A.V,2.0 1.5 1.1 1.75 0.8,tuhka,0.0,96.0
2763,ash,HANUNOO,ajum,a j u m,7 6 7 4,XBYN,AJYM,35.0,35.A.V 35.J.C 35.Y.V 35.M.c,1.5 1.75 1.3 0.8,ajum,0.0,98.0
2855,ash,HIGAONON BINUKID,abu,a b u,7 1 7,XBZ,APY,36.0,36.A.V 36.P.C 36.Y.V,1.5 1.75 0.8,abu,0.0,95.0
2947,ash,HUNGARIAN,hamu,h a m u,3 7 4 7,AXBZ,HAMY,38.0,38.H.C 38.A.V 38.M.C 38.Y.V,2.0 1.5 1.75 0.8,hamu,0.0,94.0
4235,ash,JAPANESE,hai,h a i,3 7 7,AXZ,HAI,54.0,54.H.C 54.A.V 54.I.V,2.0 1.5 0.8,hai,0.0,94.0
4971,ash,KAPAMPANGAN,abu,a b u,7 1 7,XBZ,APY,64.0,64.A.V 64.P.C 64.Y.V,1.5 1.75 0.8,abu,0.0,95.0
6811,ash,MOKSHA,kulu,k u l u,1 7 5 7,AXBZ,KYLY,86.0,86.K.C 86.Y.V 86.L.C 86.Y.V,2.0 1.5 1.75 0.8,kulu,0.0,104.0
8283,ash,SEDANG,kodʒa,k o dʒ a,1 7 1 7,AXBZ,KUTA,102.0,102.K.C 102.U.V 102.T.C 102.A.V,2.0 1.5 1.75 0.8,kodʒa,0.0,105.0
8927,ash,SPANISH,senisa,s e n i s a,3 7 4 7 3 7,AXBYBZ,SENISA,111.0,111.S.C 111.E.V 111.N.C 111.I.V 111.S.C 111.A.V,2.0 1.5 1.75 1.3 1.75 0.8,senisa,0.0,106.0
9479,ash,TAGALOG,abo,a b o,7 1 7,XBZ,APU,117.0,117.A.V 117.P.C 117.U.V,1.5 1.75 0.8,abo,0.0,95.0
10031,ash,TURKISH,kil,k i l,1 7 5,AXN,KIL,123.0,123.K.C 123.I.V 123.L.c,2.0 1.5 0.8,kil,0.0,104.0
10675,ash,IMOROD,avo,a v o,7 3 7,XBZ,ABU,46.0,46.A.V 46.B.C 46.U.V,1.5 1.75 0.8,avo,0.0,95.0
740,big,BASQUE,haundi,h a u n d i,3 7 7 4 1 7,AXYMBZ,HAYNTI,10.0,10.H.C 10.A.V 10.Y.V 10.N.c 10.T.C 10.I.V,2.0 1.5 1.3 1.1 1.75 0.8,haundi,0.0,107.0
1384,big,BUKIDNON BINUKID,aragi,a r a g i,7 5 7 1 7,XBYBZ,ARAKI,18.0,18.A.V 18.R.C 18.A.V 18.K.C 18.I.V,1.5 1.75 1.3 1.75 0.8,aragi,0.0,108.0
2212,big,ENGLISH,big,b i g,1 7 1,AXN,PIK,28.0,28.P.C 28.I.V 28.K.c,2.0 1.5 0.8,big,0.0,109.0
2396,big,ESTONIAN,sur,s u r,3 7 5,AXN,SYR,30.0,30.S.C 30.Y.V 30.R.c,2.0 1.5 0.8,sur,0.0,110.0
2488,big,FINNISH,iso,i s o,7 3 7,XBZ,ISU,32.0,32.I.V 32.S.C 32.U.V,1.5 1.75 0.8,iso,0.0,110.0
2764,big,HANUNOO,dada,d a d a,1 7 1 7,AXBZ,TATA,35.0,35.T.C 35.A.V 35.T.C 35.A.V,2.0 1.5 1.75 0.8,dada,0.0,112.0
2856,big,HIGAONON BINUKID,aragi,a r a g i,7 5 7 1 7,XBYBZ,ARAKI,36.0,36.A.V 36.R.C 36.A.V 36.K.C 36.I.V,1.5 1.75 1.3 1.75 0.8,aragi,0.0,108.0
2948,big,HUNGARIAN,nagj,n a g j,4 7 1 6,AXBC,NAKJ,38.0,38.N.C 38.A.V 38.K.C 38.J.C,2.0 1.5 1.75 1.5,nagj,0.0,114.0
4236,big,JAPANESE,okina,o k i n a,7 1 7 4 7,XBYBZ,UKINA,54.0,54.U.V 54.K.C 54.I.V 54.N.C 54.A.V,1.5 1.75 1.3 1.75 0.8,okina,0.0,116.0
4972,big,KAPAMPANGAN,maragul,m a r a g u l,4 7 5 7 1 7 5,AXBYBYN,MARAKYL,64.0,64.M.C 64.A.V 64.R.C 64.A.V 64.K.C 64.Y.V 64.L.c,2.0 1.5 1.75 1.3 1.75 1.3 0.8,maragul,0.0,108.0
5156,big,KOREAN,kun,k u n,1 7 4,AXN,KYN,66.0,66.K.C 66.Y.V 66.N.c,2.0 1.5 0.8,kun,0.0,116.0
6812,big,MOKSHA,ocju,o c j u,7 1 6 7,XBCZ,UCJY,86.0,86.U.V 86.C.C 86.J.C 86.Y.V,1.5 1.75 1.5 0.8,ocju,0.0,114.0
8284,big,SEDANG,kan,k a n,1 7 4,AXN,KAN,102.0,102.K.C 102.A.V 102.N.c,2.0 1.5 0.8,kan,0.0,116.0
8928,big,SPANISH,grande,g r a n d e,1 5 7 4 1 7,ACXMBZ,KRANTE,111.0,111.K.C 111.R.C 111.A.V 111.N.c 111.T.C 111.E.V,2.0 1.5 1.5 1.1 1.75 0.8,grande,0.0,107.0
9480,big,TAGALOG,malaki,m a l a k i,4 7 5 7 1 7,AXBYBZ,MALAKI,117.0,117.M.C 117.A.V 117.L.C 117.A.V 117.K.C 117.I.V,2.0 1.5 1.75 1.3 1.75 0.8,malaki,0.0,108.0
10032,big,TURKISH,bijik,b i j i k,1 7 6 7 1,AXBYN,PIJIK,123.0,123.P.C 123.I.V 123.J.C 123.I.V 123.K.c,2.0 1.5 1.75 1.3 0.8,bijik,0.0,109.0
10676,big,IMOROD,rako,r a k o,5 7 1 7,AXBZ,RAKU,46.0,46.R.C 46.A.V 46.K.C 46.U.V,2.0 1.5 1.75 0.8,rako,0.0,108.0
741,bird,BASQUE,Cori,o r i,7 5 7,XBZ,URI,10.0,10.U.V 10.R.C 10.I.V,1.5 1.75 0.8,ori,0.0,117.0
1385,bird,BUKIDNON BINUKID,tagbis,t a g b i s,1 7 1 1 7 3,AXMBYN,TAKPIS,18.0,18.T.C 18.A.V 18.K.c 18.P.C 18.I.V 18.S.c,2.0 1.5 1.1 1.75 1.3 0.8,tagbis,0.0,118.0
2213,bird,ENGLISH,bərd,b ə r d,1 7 5 1,AXLN,PERT,28.0,28.P.C 28.E.V 28.R.c 28.T.c,2.0 1.5 1.1 0.8,bərd,0.0,119.0
2397,bird,ESTONIAN,lind,l i n d,5 7 4 1,AXLN,LINT,30.0,30.L.C 30.I.V 30.N.c 30.T.c,2.0 1.5 1.1 0.8,lind,0.0,120.0
2489,bird,FINNISH,lintu,l i n t u,5 7 4 1 7,AXMBZ,LINTY,32.0,32.L.C 32.I.V 32.N.c 32.T.C 32.Y.V,2.0 1.5 1.1 1.75 0.8,lintu,0.0,120.0
2765,bird,HANUNOO,manuk,m a n u k,4 7 4 7 1,AXBYN,MANYK,35.0,35.M.C 35.A.V 35.N.C 35.Y.V 35.K.c,2.0 1.5 1.75 1.3 0.8,manuk,0.0,122.0
2857,bird,HIGAONON BINUKID,tagbis,t a g b i s,1 7 1 1 7 3,AXMBYN,TAKPIS,36.0,36.T.C 36.A.V 36.K.c 36.P.C 36.I.V 36.S.c,2.0 1.5 1.1 1.75 1.3 0.8,tagbis,0.0,118.0
2949,bird,HUNGARIAN,madar,m a d a r,4 7 1 7 5,AXBYN,MATAR,38.0,38.M.C 38.A.V 38.T.C 38.A.V 38.R.c,2.0 1.5 1.75 1.3 0.8,madar,0.0,124.0
4237,bird,JAPANESE,tori,t o r i,1 7 5 7,AXBZ,TURI,54.0,54.T.C 54.U.V 54.R.C 54.I.V,2.0 1.5 1.75 0.8,tori,0.0,117.0
4973,bird,KAPAMPANGAN,ajup,a j u p,7 6 7 1,XBYN,AJYP,64.0,64.A.V 64.J.C 64.Y.V 64.P.c,1.5 1.75 1.3 0.8,ajup,0.0,127.0
5157,bird,KOREAN,sE,s,3,A,S,66.0,66.S.C,2.0,s,0.0,128.0
6813,bird,MOKSHA,narmo5,n a r m o,4 7 5 4 7,AXMBZ,NARMU,86.0,86.N.C 86.A.V 86.R.c 86.M.C 86.U.V,2.0 1.5 1.1 1.75 0.8,narmo,0.0,129.0
8285,bird,SEDANG,Cem,e m,7 4,XN,EM,102.0,102.E.V 102.M.c,1.5 0.8,em,0.0,130.0
8929,bird,SPANISH,ave,a v e,7 3 7,XBZ,ABE,111.0,111.A.V 111.B.C 111.E.V,1.5 1.75 0.8,ave,0.0,131.0
9481,bird,TAGALOG,ibon,i b o n,7 1 7 4,XBYN,IPUN,117.0,117.I.V 117.P.C 117.U.V 117.N.c,1.5 1.75 1.3 0.8,ibon,0.0,132.0
10033,bird,TURKISH,kuS,k u,1 7,AX,KY,123.0,123.K.C 123.Y.V,2.0 1.5,ku,0.0,133.0
10677,bird,IMOROD,miasasalap,m i a s a s a l a p,4 7 7 3 7 3 7 5 7 1,AXYBYBYBYN,MIASASALAP,46.0,46.M.C 46.I.V 46.A.V 46.S.C 46.A.V 46.S.C 46.A.V 46.L.C 46.A.V 46.P.c,2.0 1.5 1.3 1.75 1.3 1.75 1.3 1.75 1.3 0.8,miasasalap,0.0,125.0
742,bite,BASQUE,hozka,h o z k a,3 7 3 1 7,AXMBZ,HUSKA,10.0,10.H.C 10.U.V 10.S.c 10.K.C 10.A.V,2.0 1.5 1.1 1.75 0.8,hozka,0.0,134.0
1386,bite,BUKIDNON BINUKID,kagat,k a g a t,1 7 1 7 1,AXBYN,KAKAT,18.0,18.K.C 18.A.V 18.K.C 18.A.V 18.T.c,2.0 1.5 1.75 1.3 0.8,kagat,0.0,135.0
2214,bite,ENGLISH,bEit,b i t,1 7 1,AXN,PIT,28.0,28.P.C 28.I.V 28.T.c,2.0 1.5 0.8,bit,0.0,136.0
2398,bite,ESTONIAN,hammusta,h a mm u s t a,3 7 4 7 3 1 7,AXBYMBZ,HAMYSTA,30.0,30.H.C 30.A.V 30.M.C 30.Y.V 30.S.c 30.T.C 30.A.V,2.0 1.5 1.75 1.3 1.1 1.75 0.8,hammusta,0.0,137.0
2490,bite,FINNISH,pure,p u r e,1 7 5 7,AXBZ,PYRE,32.0,32.P.C 32.Y.V 32.R.C 32.E.V,2.0 1.5 1.75 0.8,pure,0.0,138.0
2766,bite,HANUNOO,kagat,k a g a t,1 7 1 7 1,AXBYN,KAKAT,35.0,35.K.C 35.A.V 35.K.C 35.A.V 35.T.c,2.0 1.5 1.75 1.3 0.8,kagat,0.0,135.0
2858,bite,HIGAONON BINUKID,kagat,k a g a t,1 7 1 7 1,AXBYN,KAKAT,36.0,36.K.C 36.A.V 36.K.C 36.A.V 36.T.c,2.0 1.5 1.75 1.3 0.8,kagat,0.0,135.0
2950,bite,HUNGARIAN,harap,h a r a p,3 7 5 7 1,AXBYN,HARAP,38.0,38.H.C 38.A.V 38.R.C 38.A.V 38.P.c,2.0 1.5 1.75 1.3 0.8,harap,0.0,141.0
4238,bite,JAPANESE,kamu,k a m u,1 7 4 7,AXBZ,KAMY,54.0,54.K.C 54.A.V 54.M.C 54.Y.V,2.0 1.5 1.75 0.8,kamu,0.0,143.0
4974,bite,KAPAMPANGAN,ket,k e t,1 7 1,AXN,KET,64.0,64.K.C 64.E.V 64.T.c,2.0 1.5 0.8,ket,0.0,135.0
5158,bite,KOREAN,mul,m u l,4 7 5,AXN,MYL,66.0,66.M.C 66.Y.V 66.L.c,2.0 1.5 0.8,mul,0.0,145.0
6814,bite,MOKSHA,suskoms,s u s k o ms,3 7 3 1 7 4,AXMBYN,SYSKUM,86.0,86.S.C 86.Y.V 86.S.c 86.K.C 86.U.V 86.M.c,2.0 1.5 1.1 1.75 1.3 0.8,suskoms,0.0,134.0
8286,bite,SEDANG,ren,r e n,5 7 4,AXN,REN,102.0,102.R.C 102.E.V 102.N.c,2.0 1.5 0.8,ren,0.0,147.0
8930,bite,SPANISH,morde,m o r d e,4 7 5 1 7,AXMBZ,MURTE,111.0,111.M.C 111.U.V 111.R.c 111.T.C 111.E.V,2.0 1.5 1.1 1.75 0.8,morde,0.0,137.0
9482,bite,TAGALOG,kagat,k a g a t,1 7 1 7 1,AXBYN,KAKAT,117.0,117.K.C 117.A.V 117.K.C 117.A.V 117.T.c,2.0 1.5 1.75 1.3 0.8,kagat,0.0,135.0
10034,bite,TURKISH,əsərma,ə s ə r m a,7 3 7 5 4 7,XBYMBZ,ESERMA,123.0,123.E.V 123.S.C 123.E.V 123.R.c 123.M.C 123.A.V,1.5 1.75 1.3 1.1 1.75 0.8,əsərma,0.0,150.0
10678,bite,IMOROD,soŋit,s o ŋ i t,3 7 4 7 1,AXBYN,SUNIT,46.0,46.S.C 46.U.V 46.N.C 46.I.V 46.T.c,2.0 1.5 1.75 1.3 0.8,soŋit,0.0,142.0
743,black,BASQUE,belc,b e l c,1 7 5 1,AXLN,PELC,10.0,10.P.C 10.E.V 10.L.c 10.C.c,2.0 1.5 1.1 0.8,belc,0.0,151.0
1387,black,BUKIDNON BINUKID,maitum,m a i t u m,4 7 7 1 7 4,AXYBYN,MAITYM,18.0,18.M.C 18.A.V 18.I.V 18.T.C 18.Y.V 18.M.c,2.0 1.5 1.3 1.75 1.3 0.8,maitum,0.0,152.0
2215,black,ENGLISH,blEk,b l k,1 5 1,AXN,PLK,28.0,28.P.C 28.L.V 28.K.c,2.0 1.5 0.8,blk,0.0,151.0
2399,black,ESTONIAN,must,m u s t,4 7 3 1,AXLN,MYST,30.0,30.M.C 30.Y.V 30.S.c 30.T.c,2.0 1.5 1.1 0.8,must,0.0,154.0
2491,black,FINNISH,musta,m u s t a,4 7 3 1 7,AXMBZ,MYSTA,32.0,32.M.C 32.Y.V 32.S.c 32.T.C 32.A.V,2.0 1.5 1.1 1.75 0.8,musta,0.0,154.0
2767,black,HANUNOO,agiwan,a g i w a n,7 1 7 6 7 4,XBYBYN,AKIWAN,35.0,35.A.V 35.K.C 35.I.V 35.W.C 35.A.V 35.N.c,1.5 1.75 1.3 1.75 1.3 0.8,agiwan,0.0,156.0
2859,black,HIGAONON BINUKID,maitum,m a i t u m,4 7 7 1 7 4,AXYBYN,MAITYM,36.0,36.M.C 36.A.V 36.I.V 36.T.C 36.Y.V 36.M.c,2.0 1.5 1.3 1.75 1.3 0.8,maitum,0.0,152.0
2951,black,HUNGARIAN,fekete,f e k e t e,3 7 1 7 1 7,AXBYBZ,BEKETE,38.0,38.B.C 38.E.V 38.K.C 38.E.V 38.T.C 38.E.V,2.0 1.5 1.75 1.3 1.75 0.8,fekete,0.0,158.0
4239,black,JAPANESE,kuroi,k u r o i,1 7 5 7 7,AXBYZ,KYRUI,54.0,54.K.C 54.Y.V 54.R.C 54.U.V 54.I.V,2.0 1.5 1.75 1.3 0.8,kuroi,0.0,160.0
4975,black,KAPAMPANGAN,matuliŋ,m a t u l i ŋ,4 7 1 7 5 7 4,AXBYBYN,MATYLIN,64.0,64.M.C 64.A.V 64.T.C 64.Y.V 64.L.C 64.I.V 64.N.c,2.0 1.5 1.75 1.3 1.75 1.3 0.8,matuliŋ,0.0,161.0
5159,black,KOREAN,komun,k o m u n,1 7 4 7 4,AXBYN,KUMYN,66.0,66.K.C 66.U.V 66.M.C 66.Y.V 66.N.c,2.0 1.5 1.75 1.3 0.8,komun,0.0,156.0
6815,black,MOKSHA,ravZa,r a v a,5 7 3 7,AXBZ,RABA,86.0,86.R.C 86.A.V 86.B.C 86.A.V,2.0 1.5 1.75 0.8,rava,0.0,163.0
8287,black,SEDANG,praŋ,p r a ŋ,1 5 7 4,ACXN,PRAN,102.0,102.P.C 102.R.C 102.A.V 102.N.c,2.0 1.5 1.5 0.8,praŋ,0.0,164.0
8931,black,SPANISH,negro,n e g r o,4 7 1 5 7,AXBCZ,NEKRU,111.0,111.N.C 111.E.V 111.K.C 111.R.C 111.U.V,2.0 1.5 1.75 1.5 0.8,negro,0.0,165.0
9483,black,TAGALOG,itim,i t i m,7 1 7 4,XBYN,ITIM,117.0,117.I.V 117.T.C 117.I.V 117.M.c,1.5 1.75 1.3 0.8,itim,0.0,152.0
10035,black,TURKISH,sijah,s i j a h,3 7 6 7 3,AXBYN,SIJAH,123.0,123.S.C 123.I.V 123.J.C 123.A.V 123.H.c,2.0 1.5 1.75 1.3 0.8,sijah,0.0,167.0
10679,black,IMOROD,vaeŋ,v a e ŋ,3 7 7 4,AXYN,BAEN,46.0,46.B.C 46.A.V 46.E.V 46.N.c,2.0 1.5 1.3 0.8,vaeŋ,0.0,159.0
8,blood,AGTA,dogo,d o g o,1 7 1 7,AXBZ,TUKU,1.0,1.T.C 1.U.V 1.K.C 1.U.V,2.0 1.5 1.75 0.8,dogo,0.0,169.0
100,blood,AKLANON,duguʔ,d u g u ʔ,1 7 1 7 1,AXBYN,TYKYH,2.0,2.T.C 2.Y.V 2.K.C 2.Y.V 2.H.c,2.0 1.5 1.75 1.3 0.8,duguʔ,0.0,169.0
284,blood,ATTA PAMPLONA,daga,d a g a,1 7 1 7,AXBZ,TAKA,4.0,4.T.C 4.A.V 4.K.C 4.A.V,2.0 1.5 1.75 0.8,daga,0.0,169.0
376,blood,BAJAU WEST COAST,laʔ,l a ʔ,5 7 1,AXN,LAH,6.0,6.L.C 6.A.V 6.H.c,2.0 1.5 0.8,laʔ,0.0,172.0
468,blood,BALANGAW,dala,d a l a,1 7 5 7,AXBZ,TALA,7.0,7.T.C 7.A.V 7.L.C 7.A.V,2.0 1.5 1.75 0.8,dala,0.0,176.0
560,blood,BALANGINGI SAMA,lahaʔ,l a h a ʔ,5 7 3 7 1,AXBYN,LAHAH,8.0,8.L.C 8.A.V 8.H.C 8.A.V 8.H.c,2.0 1.5 1.75 1.3 0.8,lahaʔ,0.0,172.0
652,blood,BANTON BANTOANON,rogoʔ,r o g o ʔ,5 7 1 7 1,AXBYN,RUKUH,9.0,9.R.C 9.U.V 9.K.C 9.U.V 9.H.c,2.0 1.5 1.75 1.3 0.8,rogoʔ,0.0,169.0
744,blood,BASQUE,odol,o d o l,7 1 7 5,XBYN,UTUL,10.0,10.U.V 10.T.C 10.U.V 10.L.c,1.5 1.75 1.3 0.8,odol,0.0,176.0
836,blood,BATAK PALAWAN,tagək,t a g ə k,1 7 1 7 1,AXBYN,TAKEK,11.0,11.T.C 11.A.V 11.K.C 11.E.V 11.K.c,2.0 1.5 1.75 1.3 0.8,tagək,0.0,169.0
928,blood,BILAAN KORONADAL,litəʔ,l i t ə ʔ,5 7 1 7 1,AXBYN,LITEH,12.0,12.L.C 12.I.V 12.T.C 12.E.V 12.H.c,2.0 1.5 1.75 1.3 0.8,litəʔ,0.0,172.0
1020,blood,BILAAN SARANGANI,litəʔ,l i t ə ʔ,5 7 1 7 1,AXBYN,LITEH,13.0,13.L.C 13.I.V 13.T.C 13.E.V 13.H.c,2.0 1.5 1.75 1.3 0.8,litəʔ,0.0,172.0
1112,blood,BONGGI,rah,r a h,5 7 3,AXN,RAH,15.0,15.R.C 15.A.V 15.H.c,2.0 1.5 0.8,rah,0.0,172.0
1204,blood,BONTOC GUINAANG,dala,d a l a,1 7 5 7,AXBZ,TALA,16.0,16.T.C 16.A.V 16.L.C 16.A.V,2.0 1.5 1.75 0.8,dala,0.0,176.0
1296,blood,BUHI,ruguʔ,r u g u ʔ,5 7 1 7 1,AXBYN,RYKYH,17.0,17.R.C 17.Y.V 17.K.C 17.Y.V 17.H.c,2.0 1.5 1.75 1.3 0.8,ruguʔ,0.0,169.0
1388,blood,BUKIDNON BINUKID,laŋəsa,l a ŋ ə s a,5 7 4 7 3 7,AXBYBZ,LANESA,18.0,18.L.C 18.A.V 18.N.C 18.E.V 18.S.C 18.A.V,2.0 1.5 1.75 1.3 1.75 0.8,laŋəsa,0.0,184.0
1480,blood,BUTUANON,dugo,d u g o,1 7 1 7,AXBZ,TYKU,19.0,19.T.C 19.Y.V 19.K.C 19.U.V,2.0 1.5 1.75 0.8,dugo,0.0,169.0
1572,blood,CAIJIA,tʃr,tʃ r,1 5,AC,TR,20.0,20.T.C 20.R.C,2.0 1.5,tʃr,0.0,180.0
1664,blood,CEBUANO,duguʔ,d u g u ʔ,1 7 1 7 1,AXBYN,TYKYH,22.0,22.T.C 22.Y.V 22.K.C 22.Y.V 22.H.c,2.0 1.5 1.75 1.3 0.8,duguʔ,0.0,169.0
1756,blood,CENTRAL TAGBANWA,tahik,t a h i k,1 7 3 7 1,AXBYN,TAHIK,23.0,23.T.C 23.A.V 23.H.C 23.I.V 23.K.c,2.0 1.5 1.75 1.3 0.8,tahik,0.0,189.0
1848,blood,CUYONON,dugoʔ,d u g o ʔ,1 7 1 7 1,AXBYN,TYKUH,24.0,24.T.C 24.Y.V 24.K.C 24.U.V 24.H.c,2.0 1.5 1.75 1.3 0.8,dugoʔ,0.0,169.0
1940,blood,DARAGA,duguʔ,d u g u ʔ,1 7 1 7 1,AXBYN,TYKYH,25.0,25.T.C 25.Y.V 25.K.C 25.Y.V 25.H.c,2.0 1.5 1.75 1.3 0.8,duguʔ,0.0,169.0
2032,blood,DUMAGAT CASIGURAN,digeʔ,d i g e ʔ,1 7 1 7 1,AXBYN,TIKEH,26.0,26.T.C 26.I.V 26.K.C 26.E.V 26.H.c,2.0 1.5 1.75 1.3 0.8,digeʔ,0.0,169.0
2124,blood,DUPANINGAN AGTA,digiʔ,d i g i ʔ,1 7 1 7 1,AXBYN,TIKIH,27.0,27.T.C 27.I.V 27.K.C 27.I.V 27.H.c,2.0 1.5 1.75 1.3 0.8,digiʔ,0.0,169.0
2216,blood,ENGLISH,bləd,b l ə d,1 5 7 1,ACXN,PLET,28.0,28.P.C 28.L.C 28.E.V 28.T.c,2.0 1.5 1.5 0.8,bləd,0.0,194.0
2308,blood,ESKAYAN,alwatis,a lw a t i s,7 5 7 1 7 3,XBYBYN,ALATIS,29.0,29.A.V 29.L.C 29.A.V 29.T.C 29.I.V 29.S.c,1.5 1.75 1.3 1.75 1.3 0.8,alwatis,0.0,172.0
2400,blood,ESTONIAN,veri,v e r i,3 7 5 7,AXBZ,BERI,30.0,30.B.C 30.E.V 30.R.C 30.I.V,2.0 1.5 1.75 0.8,veri,0.0,196.0
2492,blood,FINNISH,veri,v e r i,3 7 5 7,AXBZ,BERI,32.0,32.B.C 32.E.V 32.R.C 32.I.V,2.0 1.5 1.75 0.8,veri,0.0,196.0
2584,blood,FUZHOU CHINESE,haik,h a i k,3 7 7 1,AXYN,HAIK,33.0,33.H.C 33.A.V 33.I.V 33.K.c,2.0 1.5 1.3 0.8,haik,0.0,189.0
2676,blood,GADDANG,ada,a d a,7 1 7,XBZ,ATA,34.0,34.A.V 34.T.C 34.A.V,1.5 1.75 0.8,ada,0.0,176.0
2768,blood,HANUNOO,duguʔ,d u g u ʔ,1 7 1 7 1,AXBYN,TYKYH,35.0,35.T.C 35.Y.V 35.K.C 35.Y.V 35.H.c,2.0 1.5 1.75 1.3 0.8,duguʔ,0.0,169.0
2860,blood,HIGAONON BINUKID,laŋəsa,l a ŋ ə s a,5 7 4 7 3 7,AXBYBZ,LANESA,36.0,36.L.C 36.A.V 36.N.C 36.E.V 36.S.C 36.A.V,2.0 1.5 1.75 1.3 1.75 0.8,laŋəsa,0.0,184.0
2952,blood,HUNGARIAN,ver,v e r,3 7 5,AXN,BER,38.0,38.B.C 38.E.V 38.R.c,2.0 1.5 0.8,ver,0.0,196.0
3044,blood,IBANAG,daga,d a g a,1 7 1 7,AXBZ,TAKA,39.0,39.T.C 39.A.V 39.K.C 39.A.V,2.0 1.5 1.75 0.8,daga,0.0,169.0
3136,blood,IDAAN,ndaʔ,n d a ʔ,4 1 7 1,ACYN,NTAH,40.0,40.N.C 40.T.C 40.A.V 40.H.c,2.0 1.5 1.3 0.8,ndaʔ,0.0,206.0
3228,blood,IFUGAO AMGANAD,dala,d a l a,1 7 5 7,AXBZ,TALA,41.0,41.T.C 41.A.V 41.L.C 41.A.V,2.0 1.5 1.75 0.8,dala,0.0,176.0
3320,blood,IFUGAO BATAD,dala,d a l a,1 7 5 7,AXBZ,TALA,42.0,42.T.C 42.A.V 42.L.C 42.A.V,2.0 1.5 1.75 0.8,dala,0.0,176.0
3412,blood,IFUGAO BAYNINAN,dala,d a l a,1 7 5 7,AXBZ,TALA,43.0,43.T.C 43.A.V 43.L.C 43.A.V,2.0 1.5 1.75 0.8,dala,0.0,176.0
3504,blood,ILOKANO,dara,d a r a,1 7 5 7,AXBZ,TARA,44.0,44.T.C 44.A.V 44.R.C 44.A.V,2.0 1.5 1.75 0.8,dara,0.0,176.0
3596,blood,ILONGOT KAKIDUGEN,matgə m,m a t g ə # m,4 7 1 1 7 9 4,AXMBZ_A,MATKE_M,45.0,45.M.C 45.A.V 45.T.c 45.K.C 45.E.V 45._._ 45.M.C,2.0 1.5 1.1 1.75 0.8 0.0 2.0,matgə#m,0.0,211.0
3688,blood,INIBALOI,Cala,a l a,7 5 7,XBZ,ALA,48.0,48.A.V 48.L.C 48.A.V,1.5 1.75 0.8,ala,0.0,176.0
3780,blood,IRANUN,ruguʔ,r u g u ʔ,5 7 1 7 1,AXBYN,RYKYH,49.0,49.R.C 49.Y.V 49.K.C 49.Y.V 49.H.c,2.0 1.5 1.75 1.3 0.8,ruguʔ,0.0,169.0
3872,blood,IRIGA,ruguʔ,r u g u ʔ,5 7 1 7 1,AXBYN,RYKYH,50.0,50.R.C 50.Y.V 50.K.C 50.Y.V 50.H.c,2.0 1.5 1.75 1.3 0.8,ruguʔ,0.0,169.0
3964,blood,ISNAG,daga,d a g a,1 7 1 7,AXBZ,TAKA,51.0,51.T.C 51.A.V 51.K.C 51.A.V,2.0 1.5 1.75 0.8,daga,0.0,169.0
4056,blood,ITAWIT,dEhE,d,1,A,T,52.0,52.T.C,2.0,d,0.0,218.0
4148,blood,ITNEG BINONGAN,dala,d a l a,1 7 5 7,AXBZ,TALA,53.0,53.T.C 53.A.V 53.L.C 53.A.V,2.0 1.5 1.75 0.8,dala,0.0,176.0
4240,blood,JAPANESE,Ci,i,7,X,I,54.0,54.I.V,1.5,i,0.0,220.0
4332,blood,KADAZAN,za,z a,3 7,AX,SA,55.0,55.S.C 55.A.V,2.0 1.5,za,0.0,221.0
4424,blood,KAGAYANEN,ləŋəsa,l ə ŋ ə s a,5 7 4 7 3 7,AXBYBZ,LENESA,56.0,56.L.C 56.E.V 56.N.C 56.E.V 56.S.C 56.A.V,2.0 1.5 1.75 1.3 1.75 0.8,ləŋəsa,0.0,184.0
4516,blood,KALAGAN,duguʔ,d u g u ʔ,1 7 1 7 1,AXBYN,TYKYH,57.0,57.T.C 57.Y.V 57.K.C 57.Y.V 57.H.c,2.0 1.5 1.75 1.3 0.8,duguʔ,0.0,169.0
4608,blood,KALINGA GUINAANG,dala,d a l a,1 7 5 7,AXBZ,TALA,59.0,59.T.C 59.A.V 59.L.C 59.A.V,2.0 1.5 1.75 0.8,dala,0.0,176.0
4700,blood,KALINGA LIMOS,dala,d a l a,1 7 5 7,AXBZ,TALA,60.0,60.T.C 60.A.V 60.L.C 60.A.V,2.0 1.5 1.75 0.8,dala,0.0,176.0
4792,blood,KALLAHAN KAYAPA PROPER,dala,d a l a,1 7 5 7,AXBZ,TALA,61.0,61.T.C 61.A.V 61.L.C 61.A.V,2.0 1.5 1.75 0.8,dala,0.0,176.0
4884,blood,KANKANAY NORTHERN,basa,b a s a,1 7 3 7,AXBZ,PASA,63.0,63.P.C 63.A.V 63.S.C 63.A.V,2.0 1.5 1.75 0.8,basa,0.0,229.0
4976,blood,KAPAMPANGAN,dajaʔ,d a j a ʔ,1 7 6 7 1,AXBYN,TAJAH,64.0,64.T.C 64.A.V 64.J.C 64.A.V 64.H.c,2.0 1.5 1.75 1.3 0.8,dajaʔ,0.0,169.0
5068,blood,KINARAY A,dugo,d u g o,1 7 1 7,AXBZ,TYKU,65.0,65.T.C 65.Y.V 65.K.C 65.U.V,2.0 1.5 1.75 0.8,dugo,0.0,169.0
5160,blood,KOREAN,pi,p i,1 7,AX,PI,66.0,66.P.C 66.I.V,2.0 1.5,pi,0.0,229.0
5252,blood,LEGAZPI,duguʔ,d u g u ʔ,1 7 1 7 1,AXBYN,TYKYH,67.0,67.T.C 67.Y.V 67.K.C 67.Y.V 67.H.c,2.0 1.5 1.75 1.3 0.8,duguʔ,0.0,169.0
5344,blood,LIBON,ruguʔ,r u g u ʔ,5 7 1 7 1,AXBYN,RYKYH,68.0,68.R.C 68.Y.V 68.K.C 68.Y.V 68.H.c,2.0 1.5 1.75 1.3 0.8,ruguʔ,0.0,169.0
5436,blood,LIVE,ver,v e r,3 7 5,AXN,BER,69.0,69.B.C 69.E.V 69.R.c,2.0 1.5 0.8,ver,0.0,196.0
5528,blood,MAMANWA,dogoʔ,d o g o ʔ,1 7 1 7 1,AXBYN,TUKUH,70.0,70.T.C 70.U.V 70.K.C 70.U.V 70.H.c,2.0 1.5 1.75 1.3 0.8,dogoʔ,0.0,169.0
5620,blood,MANIDE,digiʔ,d i g i ʔ,1 7 1 7 1,AXBYN,TIKIH,73.0,73.T.C 73.I.V 73.K.C 73.I.V 73.H.c,2.0 1.5 1.75 1.3 0.8,digiʔ,0.0,169.0
5712,blood,MANOBO ATA,laŋosa,l a ŋ o s a,5 7 4 7 3 7,AXBYBZ,LANUSA,74.0,74.L.C 74.A.V 74.N.C 74.U.V 74.S.C 74.A.V,2.0 1.5 1.75 1.3 1.75 0.8,laŋosa,0.0,184.0
5804,blood,MANOBO DIBABAWON,laŋəsa,l a ŋ ə s a,5 7 4 7 3 7,AXBYBZ,LANESA,75.0,75.L.C 75.A.V 75.N.C 75.E.V 75.S.C 75.A.V,2.0 1.5 1.75 1.3 1.75 0.8,laŋəsa,0.0,184.0
5896,blood,MANOBO ILIANEN,ləŋəsa,l ə ŋ ə s a,5 7 4 7 3 7,AXBYBZ,LENESA,76.0,76.L.C 76.E.V 76.N.C 76.E.V 76.S.C 76.A.V,2.0 1.5 1.75 1.3 1.75 0.8,ləŋəsa,0.0,184.0
5988,blood,MANOBO KALAMANSIG COTABATO,dəpanug,d ə p a n u g,1 7 1 7 4 7 1,AXBYBYN,TEPANYK,77.0,77.T.C 77.E.V 77.P.C 77.A.V 77.N.C 77.Y.V 77.K.c,2.0 1.5 1.75 1.3 1.75 1.3 0.8,dəpanug,0.0,243.0
6080,blood,MANOBO SARANGANI,dipanog,d i p a n o g,1 7 1 7 4 7 1,AXBYBYN,TIPANUK,78.0,78.T.C 78.I.V 78.P.C 78.A.V 78.N.C 78.U.V 78.K.c,2.0 1.5 1.75 1.3 1.75 1.3 0.8,dipanog,0.0,243.0
6172,blood,MANOBO TIGWA,laŋəsa,l a ŋ ə s a,5 7 4 7 3 7,AXBYBZ,LANESA,79.0,79.L.C 79.A.V 79.N.C 79.E.V 79.S.C 79.A.V,2.0 1.5 1.75 1.3 1.75 0.8,laŋəsa,0.0,184.0
6264,blood,MANOBO WESTERN BUKIDNON,ləŋəsa,l ə ŋ ə s a,5 7 4 7 3 7,AXBYBZ,LENESA,80.0,80.L.C 80.E.V 80.N.C 80.E.V 80.S.C 80.A.V,2.0 1.5 1.75 1.3 1.75 0.8,ləŋəsa,0.0,184.0
6356,blood,MANSAKA,duguʔ,d u g u ʔ,1 7 1 7 1,AXBYN,TYKYH,81.0,81.T.C 81.Y.V 81.K.C 81.Y.V 81.H.c,2.0 1.5 1.75 1.3 0.8,duguʔ,0.0,169.0
6448,blood,MAPUN,lahaʔ,l a h a ʔ,5 7 3 7 1,AXBYN,LAHAH,82.0,82.L.C 82.A.V 82.H.C 82.A.V 82.H.c,2.0 1.5 1.75 1.3 0.8,lahaʔ,0.0,172.0
6540,blood,MARANAO,rogoʔ,r o g o ʔ,5 7 1 7 1,AXBYN,RUKUH,83.0,83.R.C 83.U.V 83.K.C 83.U.V 83.H.c,2.0 1.5 1.75 1.3 0.8,rogoʔ,0.0,169.0
6632,blood,MASBATENYO,dugo,d u g o,1 7 1 7,AXBZ,TYKU,84.0,84.T.C 84.Y.V 84.K.C 84.U.V,2.0 1.5 1.75 0.8,dugo,0.0,169.0
6724,blood,MINANGALI LOWER TANUDAN KALINGA,da8a,d a a,1 7 7,AXZ,TAA,85.0,85.T.C 85.A.V 85.A.V,2.0 1.5 0.8,daa,0.0,218.0
6816,blood,MOKSHA,vjer,v j e r,3 6 7 5,ACXN,BJER,86.0,86.B.C 86.J.C 86.E.V 86.R.c,2.0 1.5 1.5 0.8,vjer,0.0,196.0
6908,blood,MOLBOG,dahaʔ,d a h a ʔ,1 7 3 7 1,AXBYN,TAHAH,87.0,87.T.C 87.A.V 87.H.C 87.A.V 87.H.c,2.0 1.5 1.75 1.3 0.8,dahaʔ,0.0,172.0
7000,blood,MONGOLIAN,tʃus,tʃ u s,1 7 3,AXN,TYS,88.0,88.T.C 88.Y.V 88.S.c,2.0 1.5 0.8,tʃus,0.0,206.0
7184,blood,NORTHERN CATANDUANES,duguʔ,d u g u ʔ,1 7 1 7 1,AXBYN,TYKYH,90.0,90.T.C 90.Y.V 90.K.C 90.Y.V 90.H.c,2.0 1.5 1.75 1.3 0.8,duguʔ,0.0,169.0
7276,blood,NORTHERN SORSOGON,duguʔ,d u g u ʔ,1 7 1 7 1,AXBYN,TYKYH,91.0,91.T.C 91.Y.V 91.K.C 91.Y.V 91.H.c,2.0 1.5 1.75 1.3 0.8,duguʔ,0.0,169.0
7368,blood,OAS,ruguʔ,r u g u ʔ,5 7 1 7 1,AXBYN,RYKYH,92.0,92.R.C 92.Y.V 92.K.C 92.Y.V 92.H.c,2.0 1.5 1.75 1.3 0.8,ruguʔ,0.0,169.0
7460,blood,PALAWANO BATAK,tagək,t a g ə k,1 7 1 7 1,AXBYN,TAKEK,93.0,93.T.C 93.A.V 93.K.C 93.E.V 93.K.c,2.0 1.5 1.75 1.3 0.8,tagək,0.0,169.0
7552,blood,PANGASINAN,dala,d a l a,1 7 5 7,AXBZ,TALA,94.0,94.T.C 94.A.V 94.L.C 94.A.V,2.0 1.5 1.75 0.8,dala,0.0,176.0
7644,blood,PANGUTARAN SAMA,lahaʔ,l a h a ʔ,5 7 3 7 1,AXBYN,LAHAH,95.0,95.L.C 95.A.V 95.H.C 95.A.V 95.H.c,2.0 1.5 1.75 1.3 0.8,lahaʔ,0.0,172.0
7736,blood,PROTO PALAWAN,duguʔ,d u g u ʔ,1 7 1 7 1,AXBYN,TYKYH,96.0,96.T.C 96.Y.V 96.K.C 96.Y.V 96.H.c,2.0 1.5 1.75 1.3 0.8,duguʔ,0.0,169.0
7828,blood,QUEZON PALAWAN,duguʔ,d u g u ʔ,1 7 1 7 1,AXBYN,TYKYH,97.0,97.T.C 97.Y.V 97.K.C 97.Y.V 97.H.c,2.0 1.5 1.75 1.3 0.8,duguʔ,0.0,169.0
7920,blood,ROMBLOMANON 2,duguʔ,d u g u ʔ,1 7 1 7 1,AXBYN,TYKYH,98.0,98.T.C 98.Y.V 98.K.C 98.Y.V 98.H.c,2.0 1.5 1.75 1.3 0.8,duguʔ,0.0,169.0
8012,blood,SAMAL,lahaʔ,l a h a ʔ,5 7 3 7 1,AXBYN,LAHAH,99.0,99.L.C 99.A.V 99.H.C 99.A.V 99.H.c,2.0 1.5 1.75 1.3 0.8,lahaʔ,0.0,172.0
8104,blood,SAMBAL BOTOLAN,dajaʔ,d a j a ʔ,1 7 6 7 1,AXBYN,TAJAH,100.0,100.T.C 100.A.V 100.J.C 100.A.V 100.H.c,2.0 1.5 1.75 1.3 0.8,dajaʔ,0.0,169.0
8196,blood,SANGIL SARANGANI ISLANDS,dara,d a r a,1 7 5 7,AXBZ,TARA,101.0,101.T.C 101.A.V 101.R.C 101.A.V,2.0 1.5 1.75 0.8,dara,0.0,176.0
8288,blood,SEDANG,moheam,m o h e a m,4 7 3 7 7 4,AXBYYN,MUHEAM,102.0,102.M.C 102.U.V 102.H.C 102.E.V 102.A.V 102.M.c,2.0 1.5 1.75 1.3 1.3 0.8,moheam,0.0,267.0
8380,blood,SIBUTU SOUTHERN SAMA,lahaʔ,l a h a ʔ,5 7 3 7 1,AXBYN,LAHAH,103.0,103.L.C 103.A.V 103.H.C 103.A.V 103.H.c,2.0 1.5 1.75 1.3 0.8,lahaʔ,0.0,172.0
8472,blood,SOGODNIN BORACAY,dogo,d o g o,1 7 1 7,AXBZ,TUKU,105.0,105.T.C 105.U.V 105.K.C 105.U.V,2.0 1.5 1.75 0.8,dogo,0.0,169.0
8564,blood,SOUTH SAAMI,vərə,v ə r ə,3 7 5 7,AXBZ,BERE,106.0,106.B.C 106.E.V 106.R.C 106.E.V,2.0 1.5 1.75 0.8,vərə,0.0,196.0
8656,blood,SOUTHERN CATANDUANES,duguʔ,d u g u ʔ,1 7 1 7 1,AXBYN,TYKYH,107.0,107.T.C 107.Y.V 107.K.C 107.Y.V 107.H.c,2.0 1.5 1.75 1.3 0.8,duguʔ,0.0,169.0
8748,blood,SOUTHERN SORSOGON,duguʔ,d u g u ʔ,1 7 1 7 1,AXBYN,TYKYH,109.0,109.T.C 109.Y.V 109.K.C 109.Y.V 109.H.c,2.0 1.5 1.75 1.3 0.8,duguʔ,0.0,169.0
8840,blood,SOUTHWEST PALAWANO,dugoʔ,d u g o ʔ,1 7 1 7 1,AXBYN,TYKUH,110.0,110.T.C 110.Y.V 110.K.C 110.U.V 110.H.c,2.0 1.5 1.75 1.3 0.8,dugoʔ,0.0,169.0
8932,blood,SPANISH,saŋre,s a ŋ r e,3 7 4 5 7,AXBCZ,SANRE,111.0,111.S.C 111.A.V 111.N.C 111.R.C 111.E.V,2.0 1.5 1.75 1.5 0.8,saŋre,0.0,276.0
9024,blood,SUBANON SIOCON,duguʔ,d u g u ʔ,1 7 1 7 1,AXBYN,TYKYH,112.0,112.T.C 112.Y.V 112.K.C 112.Y.V 112.H.c,2.0 1.5 1.75 1.3 0.8,duguʔ,0.0,169.0
9116,blood,SUBANUN SINDANGAN,duguʔ,d u g u ʔ,1 7 1 7 1,AXBYN,TYKYH,113.0,113.T.C 113.Y.V 113.K.C 113.Y.V 113.H.c,2.0 1.5 1.75 1.3 0.8,duguʔ,0.0,169.0
9208,blood,SURIGAONON,dugoʔ,d u g o ʔ,1 7 1 7 1,AXBYN,TYKUH,114.0,114.T.C 114.Y.V 114.K.C 114.U.V 114.H.c,2.0 1.5 1.75 1.3 0.8,dugoʔ,0.0,169.0
9300,blood,TAGABAWA,dipanug,d i p a n u g,1 7 1 7 4 7 1,AXBYBYN,TIPANYK,115.0,115.T.C 115.I.V 115.P.C 115.A.V 115.N.C 115.Y.V 115.K.c,2.0 1.5 1.75 1.3 1.75 1.3 0.8,dipanug,0.0,243.0
9392,blood,TAGABILI,litoʔ,l i t o ʔ,5 7 1 7 1,AXBYN,LITUH,116.0,116.L.C 116.I.V 116.T.C 116.U.V 116.H.c,2.0 1.5 1.75 1.3 0.8,litoʔ,0.0,172.0
9484,blood,TAGALOG,dugo,d u g o,1 7 1 7,AXBZ,TYKU,117.0,117.T.C 117.Y.V 117.K.C 117.U.V,2.0 1.5 1.75 0.8,dugo,0.0,169.0
9576,blood,TAGBANWA ABORLAN,duguʔ,d u g u ʔ,1 7 1 7 1,AXBYN,TYKYH,118.0,118.T.C 118.Y.V 118.K.C 118.Y.V 118.H.c,2.0 1.5 1.75 1.3 0.8,duguʔ,0.0,169.0
9668,blood,TAGBANWA KALAMIAN,duguʔ,d u g u ʔ,1 7 1 7 1,AXBYN,TYKYH,119.0,119.T.C 119.Y.V 119.K.C 119.Y.V 119.H.c,2.0 1.5 1.75 1.3 0.8,duguʔ,0.0,169.0
9760,blood,TAUSUG,duguʔ,d u g u ʔ,1 7 1 7 1,AXBYN,TYKYH,120.0,120.T.C 120.Y.V 120.K.C 120.Y.V 120.H.c,2.0 1.5 1.75 1.3 0.8,duguʔ,0.0,169.0
9852,blood,TIMUGON MURUT,dadaʔ,d a d a ʔ,1 7 1 7 1,AXBYN,TATAH,121.0,121.T.C 121.A.V 121.T.C 121.A.V 121.H.c,2.0 1.5 1.75 1.3 0.8,dadaʔ,0.0,176.0
9944,blood,TIRURAY,dara,d a r a,1 7 5 7,AXBZ,TARA,122.0,122.T.C 122.A.V 122.R.C 122.A.V,2.0 1.5 1.75 0.8,dara,0.0,176.0
10036,blood,TURKISH,kan,k a n,1 7 4,AXN,KAN,123.0,123.K.C 123.A.V 123.N.c,2.0 1.5 0.8,kan,0.0,288.0
10128,blood,UGARITIC,dm,d m,1 4,AC,TM,124.0,124.T.C 124.M.C,2.0 1.5,dm,0.0,289.0
10220,blood,UMIRAY DUMAGET AGTA,sagu,s a g u,3 7 1 7,AXBZ,SAKY,125.0,125.S.C 125.A.V 125.K.C 125.Y.V,2.0 1.5 1.75 0.8,sagu,0.0,221.0
10312,blood,WARAY WARAY,dugo,d u g o,1 7 1 7,AXBZ,TYKU,126.0,126.T.C 126.Y.V 126.K.C 126.U.V,2.0 1.5 1.75 0.8,dugo,0.0,169.0
10404,blood,YAKAN,lahaʔ,l a h a ʔ,5 7 3 7 1,AXBYN,LAHAH,127.0,127.L.C 127.A.V 127.H.C 127.A.V 127.H.c,2.0 1.5 1.75 1.3 0.8,lahaʔ,0.0,172.0
10496,blood,YOGAD,daga,d a g a,1 7 1 7,AXBZ,TAKA,128.0,128.T.C 128.A.V 128.K.C 128.A.V,2.0 1.5 1.75 0.8,daga,0.0,169.0
10588,blood,ZAMBOANGUENO,sa*ŋre,s a ŋ r e,3 7 4 5 7,AXBCZ,SANRE,129.0,129.S.C 129.A.V 129.N.C 129.R.C 129.E.V,2.0 1.5 1.75 1.5 0.8,saŋre,0.0,276.0
10680,blood,IMOROD,rala,r a l a,5 7 5 7,AXBZ,RALA,46.0,46.R.C 46.A.V 46.L.C 46.A.V,2.0 1.5 1.75 0.8,rala,0.0,171.0
10772,blood,BABUYAN,raja,r a j a,5 7 6 7,AXBZ,RAJA,5.0,5.R.C 5.A.V 5.J.C 5.A.V,2.0 1.5 1.75 0.8,raja,0.0,171.0
10864,blood,BISAYA SABAH,dra,d r a,1 5 7,ACX,TRA,14.0,14.T.C 14.R.C 14.A.V,2.0 1.5 1.5,dra,0.0,180.0
10956,blood,CAPIZNON,dugo,d u g o,1 7 1 7,AXBZ,TYKU,21.0,21.T.C 21.Y.V 21.K.C 21.U.V,2.0 1.5 1.75 0.8,dugo,0.0,169.0
11048,blood,FINALLIG,Cara,a r a,7 5 7,XBZ,ARA,31.0,31.A.V 31.R.C 31.A.V,1.5 1.75 0.8,ara,0.0,176.0
11140,blood,HILIGAYNON,dugoʔ,d u g o ʔ,1 7 1 7 1,AXBYN,TYKUH,37.0,37.T.C 37.Y.V 37.K.C 37.U.V 37.H.c,2.0 1.5 1.75 1.3 0.8,dugoʔ,0.0,169.0
11232,blood,INABAKNON,lahaʔ,l a h a ʔ,5 7 3 7 1,AXBYN,LAHAH,47.0,47.L.C 47.A.V 47.H.C 47.A.V 47.H.c,2.0 1.5 1.75 1.3 0.8,lahaʔ,0.0,172.0
11324,blood,KALAGAN KAAGAN,duguʔ,d u g u ʔ,1 7 1 7 1,AXBYN,TYKYH,58.0,58.T.C 58.Y.V 58.K.C 58.Y.V 58.H.c,2.0 1.5 1.75 1.3 0.8,duguʔ,0.0,169.0
11416,blood,KANKANAEY,dada,d a d a,1 7 1 7,AXBZ,TATA,62.0,62.T.C 62.A.V 62.T.C 62.A.V,2.0 1.5 1.75 0.8,dada,0.0,176.0
11508,blood,MANDAYAN BOSO,duguʔ,d u g u ʔ,1 7 1 7 1,AXBYN,TYKYH,71.0,71.T.C 71.Y.V 71.K.C 71.Y.V 71.H.c,2.0 1.5 1.75 1.3 0.8,duguʔ,0.0,169.0
11600,blood,MANDAYAN ISLAM PISO,duguʔ,d u g u ʔ,1 7 1 7 1,AXBYN,TYKYH,72.0,72.T.C 72.Y.V 72.K.C 72.Y.V 72.H.c,2.0 1.5 1.75 1.3 0.8,duguʔ,0.0,169.0
11692,blood,SINAUNA,duguʔ,d u g u ʔ,1 7 1 7 1,AXBYN,TYKYH,104.0,104.T.C 104.Y.V 104.K.C 104.Y.V 104.H.c,2.0 1.5 1.75 1.3 0.8,duguʔ,0.0,169.0
11784,blood,SOUTHERN KALINGA,Cara,a r a,7 5 7,XBZ,ARA,108.0,108.A.V 108.R.C 108.A.V,1.5 1.75 0.8,ara,0.0,176.0
9,bone,AGTA,tulaŋ,t u l a ŋ,1 7 5 7 4,AXBYN,TYLAN,1.0,1.T.C 1.Y.V 1.L.C 1.A.V 1.N.c,2.0 1.5 1.75 1.3 0.8,tulaŋ,0.0,335.0
101,bone,AKLANON,tuʔan,t u ʔ a n,1 7 1 7 4,AXBYN,TYHAN,2.0,2.T.C 2.Y.V 2.H.C 2.A.V 2.N.c,2.0 1.5 1.75 1.3 0.8,tuʔan,0.0,335.0
193,bone,ARTA,sagnit,s a g n i t,3 7 1 4 7 1,AXBCYN,SAKNIT,3.0,3.S.C 3.A.V 3.K.C 3.N.C 3.I.V 3.T.c,2.0 1.5 1.75 1.5 1.3 0.8,sagnit,0.0,292.0
285,bone,ATTA PAMPLONA,tulaŋ,t u l a ŋ,1 7 5 7 4,AXBYN,TYLAN,4.0,4.T.C 4.Y.V 4.L.C 4.A.V 4.N.c,2.0 1.5 1.75 1.3 0.8,tulaŋ,0.0,335.0
377,bone,BAJAU WEST COAST,bokog,b o k o g,1 7 1 7 1,AXBYN,PUKUK,6.0,6.P.C 6.U.V 6.K.C 6.U.V 6.K.c,2.0 1.5 1.75 1.3 0.8,bokog,0.0,295.0
469,bone,BALANGAW,toŋal,t o ŋ a l,1 7 4 7 5,AXBYN,TUNAL,7.0,7.T.C 7.U.V 7.N.C 7.A.V 7.L.c,2.0 1.5 1.75 1.3 0.8,toŋal,0.0,296.0
561,bone,BALANGINGI SAMA,bokog,b o k o g,1 7 1 7 1,AXBYN,PUKUK,8.0,8.P.C 8.U.V 8.K.C 8.U.V 8.K.c,2.0 1.5 1.75 1.3 0.8,bokog,0.0,295.0
653,bone,BANTON BANTOANON,suka,s u k a,3 7 1 7,AXBZ,SYKA,9.0,9.S.C 9.Y.V 9.K.C 9.A.V,2.0 1.5 1.75 0.8,suka,0.0,292.0
745,bone,BASQUE,hezur,h e z u r,3 7 3 7 5,AXBYN,HESYR,10.0,10.H.C 10.E.V 10.S.C 10.Y.V 10.R.c,2.0 1.5 1.75 1.3 0.8,hezur,0.0,299.0
837,bone,BATAK PALAWAN,tuʔlaŋ,t u ʔ l a ŋ,1 7 1 5 7 4,AXBCYN,TYHLAN,11.0,11.T.C 11.Y.V 11.H.C 11.L.C 11.A.V 11.N.c,2.0 1.5 1.75 1.5 1.3 0.8,tuʔlaŋ,0.0,335.0
929,bone,BILAAN KORONADAL,tulon,t u l o n,1 7 5 7 4,AXBYN,TYLUN,12.0,12.T.C 12.Y.V 12.L.C 12.U.V 12.N.c,2.0 1.5 1.75 1.3 0.8,tulon,0.0,335.0
1021,bone,BILAAN SARANGANI,tulan,t u l a n,1 7 5 7 4,AXBYN,TYLAN,13.0,13.T.C 13.Y.V 13.L.C 13.A.V 13.N.c,2.0 1.5 1.75 1.3 0.8,tulan,0.0,335.0
1113,bone,BONGGI,tulagn,t u l a g n,1 7 5 7 1 4,AXBYBC,TYLAKN,15.0,15.T.C 15.Y.V 15.L.C 15.A.V 15.K.C 15.N.C,2.0 1.5 1.75 1.3 1.75 1.5,tulagn,0.0,335.0
1205,bone,BONTOC GUINAANG,toŋʔal,t o ŋ ʔ a l,1 7 4 1 7 5,AXMBYN,TUNHAL,16.0,16.T.C 16.U.V 16.N.c 16.H.C 16.A.V 16.L.c,2.0 1.5 1.1 1.75 1.3 0.8,toŋʔal,0.0,296.0
1297,bone,BUHI,tuʔwaŋ,t u ʔw a ŋ,1 7 1 7 4,AXBYN,TYHAN,17.0,17.T.C 17.Y.V 17.H.C 17.A.V 17.N.c,2.0 1.5 1.75 1.3 0.8,tuʔwaŋ,0.0,335.0
1389,bone,BUKIDNON BINUKID,tulʔan,t u l ʔ a n,1 7 5 1 7 4,AXMBYN,TYLHAN,18.0,18.T.C 18.Y.V 18.L.c 18.H.C 18.A.V 18.N.c,2.0 1.5 1.1 1.75 1.3 0.8,tulʔan,0.0,335.0
1481,bone,BUTUANON,bukog,b u k o g,1 7 1 7 1,AXBYN,PYKUK,19.0,19.P.C 19.Y.V 19.K.C 19.U.V 19.K.c,2.0 1.5 1.75 1.3 0.8,bukog,0.0,295.0
1573,bone,CAIJIA,kuituo,k u i t u o,1 7 7 1 7 7,AXYBYZ,KYITYU,20.0,20.K.C 20.Y.V 20.I.V 20.T.C 20.Y.V 20.U.V,2.0 1.5 1.3 1.75 1.3 0.8,kuituo,0.0,309.0
1665,bone,CEBUANO,bukug,b u k u g,1 7 1 7 1,AXBYN,PYKYK,22.0,22.P.C 22.Y.V 22.K.C 22.Y.V 22.K.c,2.0 1.5 1.75 1.3 0.8,bukug,0.0,295.0
1757,bone,CENTRAL TAGBANWA,duhi,d u h i,1 7 3 7,AXBZ,TYHI,23.0,23.T.C 23.Y.V 23.H.C 23.I.V,2.0 1.5 1.75 0.8,duhi,0.0,296.0
1849,bone,CUYONON,tulan,t u l a n,1 7 5 7 4,AXBYN,TYLAN,24.0,24.T.C 24.Y.V 24.L.C 24.A.V 24.N.c,2.0 1.5 1.75 1.3 0.8,tulan,0.0,335.0
1941,bone,DARAGA,tuʔlaŋ,t u ʔ l a ŋ,1 7 1 5 7 4,AXBCYN,TYHLAN,25.0,25.T.C 25.Y.V 25.H.C 25.L.C 25.A.V 25.N.c,2.0 1.5 1.75 1.5 1.3 0.8,tuʔlaŋ,0.0,335.0
2033,bone,DUMAGAT CASIGURAN,tulaŋ,t u l a ŋ,1 7 5 7 4,AXBYN,TYLAN,26.0,26.T.C 26.Y.V 26.L.C 26.A.V 26.N.c,2.0 1.5 1.75 1.3 0.8,tulaŋ,0.0,335.0
2125,bone,DUPANINGAN AGTA,tulaŋ,t u l a ŋ,1 7 5 7 4,AXBYN,TYLAN,27.0,27.T.C 27.Y.V 27.L.C 27.A.V 27.N.c,2.0 1.5 1.75 1.3 0.8,tulaŋ,0.0,335.0
2217,bone,ENGLISH,bon,b o n,1 7 4,AXN,PUN,28.0,28.P.C 28.U.V 28.N.c,2.0 1.5 0.8,bon,0.0,317.0
2309,bone,ESKAYAN,giro,g i r o,1 7 5 7,AXBZ,KIRU,29.0,29.K.C 29.I.V 29.R.C 29.U.V,2.0 1.5 1.75 0.8,giro,0.0,318.0
2401,bone,ESTONIAN,kont,k o n t,1 7 4 1,AXLN,KUNT,30.0,30.K.C 30.U.V 30.N.c 30.T.c,2.0 1.5 1.1 0.8,kont,0.0,319.0
2493,bone,FINNISH,luu,l uu,5 7,AX,LY,32.0,32.L.C 32.Y.V,2.0 1.5,luu,0.0,321.0
2585,bone,FUZHOU CHINESE,kouk,k o u k,1 7 7 1,AXYN,KUYK,33.0,33.K.C 33.U.V 33.Y.V 33.K.c,2.0 1.5 1.3 0.8,kouk,0.0,322.0
2677,bone,GADDANG,tulaŋ,t u l a ŋ,1 7 5 7 4,AXBYN,TYLAN,34.0,34.T.C 34.Y.V 34.L.C 34.A.V 34.N.c,2.0 1.5 1.75 1.3 0.8,tulaŋ,0.0,335.0
2769,bone,HANUNOO,butʔul,b u t ʔ u l,1 7 1 1 7 5,AXMBYN,PYTHYL,35.0,35.P.C 35.Y.V 35.T.c 35.H.C 35.Y.V 35.L.c,2.0 1.5 1.1 1.75 1.3 0.8,butʔul,0.0,324.0
2861,bone,HIGAONON BINUKID,tulʔan,t u l ʔ a n,1 7 5 1 7 4,AXMBYN,TYLHAN,36.0,36.T.C 36.Y.V 36.L.c 36.H.C 36.A.V 36.N.c,2.0 1.5 1.1 1.75 1.3 0.8,tulʔan,0.0,335.0
2953,bone,HUNGARIAN,Cont,o n t,7 4 1,XLN,UNT,38.0,38.U.V 38.N.c 38.T.c,1.5 1.1 0.8,ont,0.0,319.0
3045,bone,IBANAG,tulaŋ,t u l a ŋ,1 7 5 7 4,AXBYN,TYLAN,39.0,39.T.C 39.Y.V 39.L.C 39.A.V 39.N.c,2.0 1.5 1.75 1.3 0.8,tulaŋ,0.0,335.0
3137,bone,IDAAN,tulaŋ,t u l a ŋ,1 7 5 7 4,AXBYN,TYLAN,40.0,40.T.C 40.Y.V 40.L.C 40.A.V 40.N.c,2.0 1.5 1.75 1.3 0.8,tulaŋ,0.0,335.0
3229,bone,IFUGAO AMGANAD,tuŋal,t u ŋ a l,1 7 4 7 5,AXBYN,TYNAL,41.0,41.T.C 41.Y.V 41.N.C 41.A.V 41.L.c,2.0 1.5 1.75 1.3 0.8,tuŋal,0.0,296.0
3321,bone,IFUGAO BATAD,toŋal,t o ŋ a l,1 7 4 7 5,AXBYN,TUNAL,42.0,42.T.C 42.U.V 42.N.C 42.A.V 42.L.c,2.0 1.5 1.75 1.3 0.8,toŋal,0.0,296.0
3413,bone,IFUGAO BAYNINAN,tuŋal,t u ŋ a l,1 7 4 7 5,AXBYN,TYNAL,43.0,43.T.C 43.Y.V 43.N.C 43.A.V 43.L.c,2.0 1.5 1.75 1.3 0.8,tuŋal,0.0,296.0
3505,bone,ILOKANO,tulaŋ,t u l a ŋ,1 7 5 7 4,AXBYN,TYLAN,44.0,44.T.C 44.Y.V 44.L.C 44.A.V 44.N.c,2.0 1.5 1.75 1.3 0.8,tulaŋ,0.0,335.0
3597,bone,ILONGOT KAKIDUGEN,tuʔlaŋ,t u ʔ l a ŋ,1 7 1 5 7 4,AXBCYN,TYHLAN,45.0,45.T.C 45.Y.V 45.H.C 45.L.C 45.A.V 45.N.c,2.0 1.5 1.75 1.5 1.3 0.8,tuʔlaŋ,0.0,335.0
3689,bone,INIBALOI,pokəl,p o k ə l,1 7 1 7 5,AXBYN,PUKEL,48.0,48.P.C 48.U.V 48.K.C 48.E.V 48.L.c,2.0 1.5 1.75 1.3 0.8,pokəl,0.0,295.0
3781,bone,IRANUN,tulan,t u l a n,1 7 5 7 4,AXBYN,TYLAN,49.0,49.T.C 49.Y.V 49.L.C 49.A.V 49.N.c,2.0 1.5 1.75 1.3 0.8,tulan,0.0,335.0
3873,bone,IRIGA,tulaŋ,t u l a ŋ,1 7 5 7 4,AXBYN,TYLAN,50.0,50.T.C 50.Y.V 50.L.C 50.A.V 50.N.c,2.0 1.5 1.75 1.3 0.8,tulaŋ,0.0,335.0
3965,bone,ISNAG,tulaŋ,t u l a ŋ,1 7 5 7 4,AXBYN,TYLAN,51.0,51.T.C 51.Y.V 51.L.C 51.A.V 51.N.c,2.0 1.5 1.75 1.3 0.8,tulaŋ,0.0,335.0
4057,bone,ITAWIT,tulEŋ,t u l ŋ,1 7 5 4,AXLN,TYLN,52.0,52.T.C 52.Y.V 52.L.c 52.N.c,2.0 1.5 1.1 0.8,tulŋ,0.0,335.0
4149,bone,ITNEG BINONGAN,tolʔaŋ,t o l ʔ a ŋ,1 7 5 1 7 4,AXMBYN,TULHAN,53.0,53.T.C 53.U.V 53.L.c 53.H.C 53.A.V 53.N.c,2.0 1.5 1.1 1.75 1.3 0.8,tolʔaŋ,0.0,335.0
4241,bone,JAPANESE,hone,h o n e,3 7 4 7,AXBZ,HUNE,54.0,54.H.C 54.U.V 54.N.C 54.E.V,2.0 1.5 1.75 0.8,hone,0.0,343.0
4333,bone,KADAZAN,tuhaŋ,t u h a ŋ,1 7 3 7 4,AXBYN,TYHAN,55.0,55.T.C 55.Y.V 55.H.C 55.A.V 55.N.c,2.0 1.5 1.75 1.3 0.8,tuhaŋ,0.0,335.0
4425,bone,KAGAYANEN,bəkəg,b ə k ə g,1 7 1 7 1,AXBYN,PEKEK,56.0,56.P.C 56.E.V 56.K.C 56.E.V 56.K.c,2.0 1.5 1.75 1.3 0.8,bəkəg,0.0,295.0
4517,bone,KALAGAN,pisaʔ,p i s a ʔ,1 7 3 7 1,AXBYN,PISAH,57.0,57.P.C 57.I.V 57.S.C 57.A.V 57.H.c,2.0 1.5 1.75 1.3 0.8,pisaʔ,0.0,303.0
4609,bone,KALINGA GUINAANG,tuŋʔal,t u ŋ ʔ a l,1 7 4 1 7 5,AXMBYN,TYNHAL,59.0,59.T.C 59.Y.V 59.N.c 59.H.C 59.A.V 59.L.c,2.0 1.5 1.1 1.75 1.3 0.8,tuŋʔal,0.0,296.0
4701,bone,KALINGA LIMOS,tulʔaŋ,t u l ʔ a ŋ,1 7 5 1 7 4,AXMBYN,TYLHAN,60.0,60.T.C 60.Y.V 60.L.c 60.H.C 60.A.V 60.N.c,2.0 1.5 1.1 1.75 1.3 0.8,tulʔaŋ,0.0,335.0
4793,bone,KALLAHAN KAYAPA PROPER,pukil,p u k i l,1 7 1 7 5,AXBYN,PYKIL,61.0,61.P.C 61.Y.V 61.K.C 61.I.V 61.L.c,2.0 1.5 1.75 1.3 0.8,pukil,0.0,295.0
4885,bone,KANKANAY NORTHERN,iŋit,i ŋ i t,7 4 7 1,XBYN,INIT,63.0,63.I.V 63.N.C 63.I.V 63.T.c,1.5 1.75 1.3 0.8,iŋit,0.0,319.0
4977,bone,KAPAMPANGAN,binjas,b i n j a s,1 7 4 6 7 3,AXBCYN,PINJAS,64.0,64.P.C 64.I.V 64.N.C 64.J.C 64.A.V 64.S.c,2.0 1.5 1.75 1.5 1.3 0.8,binjas,0.0,303.0
5069,bone,KINARAY A,tulʔan,t u l ʔ a n,1 7 5 1 7 4,AXMBYN,TYLHAN,65.0,65.T.C 65.Y.V 65.L.c 65.H.C 65.A.V 65.N.c,2.0 1.5 1.1 1.75 1.3 0.8,tulʔan,0.0,335.0
5161,bone,KOREAN,bjo,b j o,1 6 7,ACX,PJU,66.0,66.P.C 66.J.C 66.U.V,2.0 1.5 1.5,bjo,0.0,317.0
5253,bone,LEGAZPI,tuʔlaŋ,t u ʔ l a ŋ,1 7 1 5 7 4,AXBCYN,TYHLAN,67.0,67.T.C 67.Y.V 67.H.C 67.L.C 67.A.V 67.N.c,2.0 1.5 1.75 1.5 1.3 0.8,tuʔlaŋ,0.0,335.0
5345,bone,LIBON,tulaŋ,t u l a ŋ,1 7 5 7 4,AXBYN,TYLAN,68.0,68.T.C 68.Y.V 68.L.C 68.A.V 68.N.c,2.0 1.5 1.75 1.3 0.8,tulaŋ,0.0,335.0
5437,bone,LIVE,lju,l j u,5 6 7,ACX,LJY,69.0,69.L.C 69.J.C 69.Y.V,2.0 1.5 1.5,lju,0.0,358.0
5529,bone,MAMANWA,bəkəg,b ə k ə g,1 7 1 7 1,AXBYN,PEKEK,70.0,70.P.C 70.E.V 70.K.C 70.E.V 70.K.c,2.0 1.5 1.75 1.3 0.8,bəkəg,0.0,295.0
5621,bone,MANIDE,bejon,b e j o n,1 7 6 7 4,AXBYN,PEJUN,73.0,73.P.C 73.E.V 73.J.C 73.U.V 73.N.c,2.0 1.5 1.75 1.3 0.8,bejon,0.0,317.0
5713,bone,MANOBO ATA,bokog,b o k o g,1 7 1 7 1,AXBYN,PUKUK,74.0,74.P.C 74.U.V 74.K.C 74.U.V 74.K.c,2.0 1.5 1.75 1.3 0.8,bokog,0.0,295.0
5805,bone,MANOBO DIBABAWON,bəkəg,b ə k ə g,1 7 1 7 1,AXBYN,PEKEK,75.0,75.P.C 75.E.V 75.K.C 75.E.V 75.K.c,2.0 1.5 1.75 1.3 0.8,bəkəg,0.0,295.0
5897,bone,MANOBO ILIANEN,tulan,t u l a n,1 7 5 7 4,AXBYN,TYLAN,76.0,76.T.C 76.Y.V 76.L.C 76.A.V 76.N.c,2.0 1.5 1.75 1.3 0.8,tulan,0.0,335.0
5989,bone,MANOBO KALAMANSIG COTABATO,tuʔəlan,t u ʔ ə l a n,1 7 1 7 5 7 4,AXBYBYN,TYHELAN,77.0,77.T.C 77.Y.V 77.H.C 77.E.V 77.L.C 77.A.V 77.N.c,2.0 1.5 1.75 1.3 1.75 1.3 0.8,tuʔəlan,0.0,335.0
6081,bone,MANOBO SARANGANI,toʔlan,t o ʔ l a n,1 7 1 5 7 4,AXBCYN,TUHLAN,78.0,78.T.C 78.U.V 78.H.C 78.L.C 78.A.V 78.N.c,2.0 1.5 1.75 1.5 1.3 0.8,toʔlan,0.0,335.0
6173,bone,MANOBO TIGWA,tulʔan,t u l ʔ a n,1 7 5 1 7 4,AXMBYN,TYLHAN,79.0,79.T.C 79.Y.V 79.L.c 79.H.C 79.A.V 79.N.c,2.0 1.5 1.1 1.75 1.3 0.8,tulʔan,0.0,335.0
6265,bone,MANOBO WESTERN BUKIDNON,tulan,t u l a n,1 7 5 7 4,AXBYN,TYLAN,80.0,80.T.C 80.Y.V 80.L.C 80.A.V 80.N.c,2.0 1.5 1.75 1.3 0.8,tulan,0.0,335.0
6357,bone,MANSAKA,pəsaʔ,p ə s a ʔ,1 7 3 7 1,AXBYN,PESAH,81.0,81.P.C 81.E.V 81.S.C 81.A.V 81.H.c,2.0 1.5 1.75 1.3 0.8,pəsaʔ,0.0,303.0
6449,bone,MAPUN,towaŋ,t o w a ŋ,1 7 6 7 4,AXBYN,TUWAN,82.0,82.T.C 82.U.V 82.W.C 82.A.V 82.N.c,2.0 1.5 1.75 1.3 0.8,towaŋ,0.0,335.0
6541,bone,MARANAO,tolan,t o l a n,1 7 5 7 4,AXBYN,TULAN,83.0,83.T.C 83.U.V 83.L.C 83.A.V 83.N.c,2.0 1.5 1.75 1.3 0.8,tolan,0.0,335.0
6633,bone,MASBATENYO,tulaŋ,t u l a ŋ,1 7 5 7 4,AXBYN,TYLAN,84.0,84.T.C 84.Y.V 84.L.C 84.A.V 84.N.c,2.0 1.5 1.75 1.3 0.8,tulaŋ,0.0,335.0
6725,bone,MINANGALI LOWER TANUDAN KALINGA,tuŋa8,t u ŋ a,1 7 4 7,AXBZ,TYNA,85.0,85.T.C 85.Y.V 85.N.C 85.A.V,2.0 1.5 1.75 0.8,tuŋa,0.0,296.0
6817,bone,MOKSHA,pakarj,p a k a r j,1 7 1 7 5 6,AXBYBC,PAKARJ,86.0,86.P.C 86.A.V 86.K.C 86.A.V 86.R.C 86.J.C,2.0 1.5 1.75 1.3 1.75 1.5,pakarj,0.0,295.0
6909,bone,MOLBOG,tulaŋ,t u l a ŋ,1 7 5 7 4,AXBYN,TYLAN,87.0,87.T.C 87.Y.V 87.L.C 87.A.V 87.N.c,2.0 1.5 1.75 1.3 0.8,tulaŋ,0.0,335.0
7001,bone,MONGOLIAN,jas,j a s,6 7 3,AXN,JAS,88.0,88.J.C 88.A.V 88.S.c,2.0 1.5 0.8,jas,0.0,377.0
7093,bone,MORO MAGINDANAU,tulan,t u l a n,1 7 5 7 4,AXBYN,TYLAN,89.0,89.T.C 89.Y.V 89.L.C 89.A.V 89.N.c,2.0 1.5 1.75 1.3 0.8,tulan,0.0,335.0
7185,bone,NORTHERN CATANDUANES,tuʔraŋ,t u ʔ r a ŋ,1 7 1 5 7 4,AXBCYN,TYHRAN,90.0,90.T.C 90.Y.V 90.H.C 90.R.C 90.A.V 90.N.c,2.0 1.5 1.75 1.5 1.3 0.8,tuʔraŋ,0.0,335.0
7277,bone,NORTHERN SORSOGON,tulʔaŋ,t u l ʔ a ŋ,1 7 5 1 7 4,AXMBYN,TYLHAN,91.0,91.T.C 91.Y.V 91.L.c 91.H.C 91.A.V 91.N.c,2.0 1.5 1.1 1.75 1.3 0.8,tulʔaŋ,0.0,335.0
7369,bone,OAS,tuʔlaŋ,t u ʔ l a ŋ,1 7 1 5 7 4,AXBCYN,TYHLAN,92.0,92.T.C 92.Y.V 92.H.C 92.L.C 92.A.V 92.N.c,2.0 1.5 1.75 1.5 1.3 0.8,tuʔlaŋ,0.0,335.0
7461,bone,PALAWANO BATAK,tulaŋ,t u l a ŋ,1 7 5 7 4,AXBYN,TYLAN,93.0,93.T.C 93.Y.V 93.L.C 93.A.V 93.N.c,2.0 1.5 1.75 1.3 0.8,tulaŋ,0.0,335.0
7553,bone,PANGASINAN,pokel,p o k e l,1 7 1 7 5,AXBYN,PUKEL,94.0,94.P.C 94.U.V 94.K.C 94.E.V 94.L.c,2.0 1.5 1.75 1.3 0.8,pokel,0.0,295.0
7645,bone,PANGUTARAN SAMA,bokog,b o k o g,1 7 1 7 1,AXBYN,PUKUK,95.0,95.P.C 95.U.V 95.K.C 95.U.V 95.K.c,2.0 1.5 1.75 1.3 0.8,bokog,0.0,295.0
7737,bone,PROTO PALAWAN,tuʔlaŋ,t u ʔ l a ŋ,1 7 1 5 7 4,AXBCYN,TYHLAN,96.0,96.T.C 96.Y.V 96.H.C 96.L.C 96.A.V 96.N.c,2.0 1.5 1.75 1.5 1.3 0.8,tuʔlaŋ,0.0,335.0
7829,bone,QUEZON PALAWAN,tuʔlaŋ,t u ʔ l a ŋ,1 7 1 5 7 4,AXBCYN,TYHLAN,97.0,97.T.C 97.Y.V 97.H.C 97.L.C 97.A.V 97.N.c,2.0 1.5 1.75 1.5 1.3 0.8,tuʔlaŋ,0.0,335.0
7921,bone,ROMBLOMANON 2,tujʔan,t u j ʔ a n,1 7 6 1 7 4,AXMBYN,TYJHAN,98.0,98.T.C 98.Y.V 98.J.c 98.H.C 98.A.V 98.N.c,2.0 1.5 1.1 1.75 1.3 0.8,tujʔan,0.0,335.0
8013,bone,SAMAL,koaʔ,k o a ʔ,1 7 7 1,AXYN,KUAH,99.0,99.K.C 99.U.V 99.A.V 99.H.c,2.0 1.5 1.3 0.8,koaʔ,0.0,388.0
8105,bone,SAMBAL BOTOLAN,botʔo,b o t ʔ o,1 7 1 1 7,AXMBZ,PUTHU,100.0,100.P.C 100.U.V 100.T.c 100.H.C 100.U.V,2.0 1.5 1.1 1.75 0.8,botʔo,0.0,324.0
8197,bone,SANGIL SARANGANI ISLANDS,duri,d u r i,1 7 5 7,AXBZ,TYRI,101.0,101.T.C 101.Y.V 101.R.C 101.I.V,2.0 1.5 1.75 0.8,duri,0.0,335.0
8289,bone,SEDANG,koSiaŋ,k o i a ŋ,1 7 7 7 4,AXYYN,KUIAN,102.0,102.K.C 102.U.V 102.I.V 102.A.V 102.N.c,2.0 1.5 1.3 1.3 0.8,koiaŋ,0.0,391.0
8381,bone,SIBUTU SOUTHERN SAMA,tolaŋ,t o l a ŋ,1 7 5 7 4,AXBYN,TULAN,103.0,103.T.C 103.U.V 103.L.C 103.A.V 103.N.c,2.0 1.5 1.75 1.3 0.8,tolaŋ,0.0,335.0
8473,bone,SOGODNIN BORACAY,tolʔan,t o l ʔ a n,1 7 5 1 7 4,AXMBYN,TULHAN,105.0,105.T.C 105.U.V 105.L.c 105.H.C 105.A.V 105.N.c,2.0 1.5 1.1 1.75 1.3 0.8,tolʔan,0.0,335.0
8565,bone,SOUTH SAAMI,moaroə,m o a r o ə,4 7 7 5 7 7,AXYBYZ,MUARUE,106.0,106.M.C 106.U.V 106.A.V 106.R.C 106.U.V 106.E.V,2.0 1.5 1.3 1.75 1.3 0.8,moaroə,0.0,395.0
8657,bone,SOUTHERN CATANDUANES,tulʔaŋ,t u l ʔ a ŋ,1 7 5 1 7 4,AXMBYN,TYLHAN,107.0,107.T.C 107.Y.V 107.L.c 107.H.C 107.A.V 107.N.c,2.0 1.5 1.1 1.75 1.3 0.8,tulʔaŋ,0.0,335.0
8749,bone,SOUTHERN SORSOGON,tulʔaŋ,t u l ʔ a ŋ,1 7 5 1 7 4,AXMBYN,TYLHAN,109.0,109.T.C 109.Y.V 109.L.c 109.H.C 109.A.V 109.N.c,2.0 1.5 1.1 1.75 1.3 0.8,tulʔaŋ,0.0,335.0
8841,bone,SOUTHWEST PALAWANO,tulaŋ,t u l a ŋ,1 7 5 7 4,AXBYN,TYLAN,110.0,110.T.C 110.Y.V 110.L.C 110.A.V 110.N.c,2.0 1.5 1.75 1.3 0.8,tulaŋ,0.0,335.0
8933,bone,SPANISH,weso,w e s o,6 7 3 7,AXBZ,WESU,111.0,111.W.C 111.E.V 111.S.C 111.U.V,2.0 1.5 1.75 0.8,weso,0.0,400.0
9025,bone,SUBANON SIOCON,tulan,t u l a n,1 7 5 7 4,AXBYN,TYLAN,112.0,112.T.C 112.Y.V 112.L.C 112.A.V 112.N.c,2.0 1.5 1.75 1.3 0.8,tulan,0.0,335.0
9117,bone,SUBANUN SINDANGAN,tolan,t o l a n,1 7 5 7 4,AXBYN,TULAN,113.0,113.T.C 113.U.V 113.L.C 113.A.V 113.N.c,2.0 1.5 1.75 1.3 0.8,tolan,0.0,335.0
9209,bone,SURIGAONON,bukog,b u k o g,1 7 1 7 1,AXBYN,PYKUK,114.0,114.P.C 114.Y.V 114.K.C 114.U.V 114.K.c,2.0 1.5 1.75 1.3 0.8,bukog,0.0,295.0
9301,bone,TAGABAWA,tulan,t u l a n,1 7 5 7 4,AXBYN,TYLAN,115.0,115.T.C 115.Y.V 115.L.C 115.A.V 115.N.c,2.0 1.5 1.75 1.3 0.8,tulan,0.0,335.0
9393,bone,TAGABILI,tiʔol,t i ʔ o l,1 7 1 7 5,AXBYN,TIHUL,116.0,116.T.C 116.I.V 116.H.C 116.U.V 116.L.c,2.0 1.5 1.75 1.3 0.8,tiʔol,0.0,296.0
9485,bone,TAGALOG,buto,b u t o,1 7 1 7,AXBZ,PYTU,117.0,117.P.C 117.Y.V 117.T.C 117.U.V,2.0 1.5 1.75 0.8,buto,0.0,324.0
9577,bone,TAGBANWA ABORLAN,tuʔlaŋ,t u ʔ l a ŋ,1 7 1 5 7 4,AXBCYN,TYHLAN,118.0,118.T.C 118.Y.V 118.H.C 118.L.C 118.A.V 118.N.c,2.0 1.5 1.75 1.5 1.3 0.8,tuʔlaŋ,0.0,335.0
9669,bone,TAGBANWA KALAMIAN,duliʔ,d u l i ʔ,1 7 5 7 1,AXBYN,TYLIH,119.0,119.T.C 119.Y.V 119.L.C 119.I.V 119.H.c,2.0 1.5 1.75 1.3 0.8,duliʔ,0.0,335.0
9761,bone,TAUSUG,bukug,b u k u g,1 7 1 7 1,AXBYN,PYKYK,120.0,120.P.C 120.Y.V 120.K.C 120.Y.V 120.K.c,2.0 1.5 1.75 1.3 0.8,bukug,0.0,295.0
9853,bone,TIMUGON MURUT,tulaŋ,t u l a ŋ,1 7 5 7 4,AXBYN,TYLAN,121.0,121.T.C 121.Y.V 121.L.C 121.A.V 121.N.c,2.0 1.5 1.75 1.3 0.8,tulaŋ,0.0,335.0
9945,bone,TIRURAY,bukal,b u k a l,1 7 1 7 5,AXBYN,PYKAL,122.0,122.P.C 122.Y.V 122.K.C 122.A.V 122.L.c,2.0 1.5 1.75 1.3 0.8,bukal,0.0,295.0
10037,bone,TURKISH,kemik,k e m i k,1 7 4 7 1,AXBYN,KEMIK,123.0,123.K.C 123.E.V 123.M.C 123.I.V 123.K.c,2.0 1.5 1.75 1.3 0.8,kemik,0.0,322.0
10129,bone,UGARITIC,X8Xm,m,4,A,M,124.0,124.M.C,2.0,m,0.0,413.0
10221,bone,UMIRAY DUMAGET AGTA,kaksan,k a ks a n,1 7 1 7 4,AXBYN,KAKAN,125.0,125.K.C 125.A.V 125.K.C 125.A.V 125.N.c,2.0 1.5 1.75 1.3 0.8,kaksan,0.0,391.0
10313,bone,WARAY WARAY,tulan,t u l a n,1 7 5 7 4,AXBYN,TYLAN,126.0,126.T.C 126.Y.V 126.L.C 126.A.V 126.N.c,2.0 1.5 1.75 1.3 0.8,tulan,0.0,335.0
10405,bone,YAKAN,tolaŋ,t o l a ŋ,1 7 5 7 4,AXBYN,TULAN,127.0,127.T.C 127.U.V 127.L.C 127.A.V 127.N.c,2.0 1.5 1.75 1.3 0.8,tolaŋ,0.0,335.0
10497,bone,YOGAD,tulaŋ,t u l a ŋ,1 7 5 7 4,AXBYN,TYLAN,128.0,128.T.C 128.Y.V 128.L.C 128.A.V 128.N.c,2.0 1.5 1.75 1.3 0.8,tulaŋ,0.0,335.0
10589,bone,ZAMBOANGUENO,weso,w e s o,6 7 3 7,AXBZ,WESU,129.0,129.W.C 129.E.V 129.S.C 129.U.V,2.0 1.5 1.75 0.8,weso,0.0,400.0
10681,bone,IMOROD,totowaŋ,t o t o w a ŋ,1 7 1 7 6 7 4,AXBYBYN,TUTUWAN,46.0,46.T.C 46.U.V 46.T.C 46.U.V 46.W.C 46.A.V 46.N.c,2.0 1.5 1.75 1.3 1.75 1.3 0.8,totowaŋ,0.0,335.0
10773,bone,BABUYAN,tohaŋ,t o h a ŋ,1 7 3 7 4,AXBYN,TUHAN,5.0,5.T.C 5.U.V 5.H.C 5.A.V 5.N.c,2.0 1.5 1.75 1.3 0.8,tohaŋ,0.0,335.0
10865,bone,BISAYA SABAH,panah,p a n a h,1 7 4 7 3,AXBYN,PANAH,14.0,14.P.C 14.A.V 14.N.C 14.A.V 14.H.c,2.0 1.5 1.75 1.3 0.8,panah,0.0,303.0
10957,bone,CAPIZNON,tul,t u l,1 7 5,AXN,TYL,21.0,21.T.C 21.Y.V 21.L.c,2.0 1.5 0.8,tul,0.0,335.0
11049,bone,FINALLIG,ikor,i k o r,7 1 7 5,XBYN,IKUR,31.0,31.I.V 31.K.C 31.U.V 31.R.c,1.5 1.75 1.3 0.8,ikor,0.0,295.0
11141,bone,HILIGAYNON,tulan,t u l a n,1 7 5 7 4,AXBYN,TYLAN,37.0,37.T.C 37.Y.V 37.L.C 37.A.V 37.N.c,2.0 1.5 1.75 1.3 0.8,tulan,0.0,335.0
11233,bone,INABAKNON,taʔulaŋ,t a ʔ u l a ŋ,1 7 1 7 5 7 4,AXBYBYN,TAHYLAN,47.0,47.T.C 47.A.V 47.H.C 47.Y.V 47.L.C 47.A.V 47.N.c,2.0 1.5 1.75 1.3 1.75 1.3 0.8,taʔulaŋ,0.0,335.0
11325,bone,KALAGAN KAAGAN,pəsaʔ,p ə s a ʔ,1 7 3 7 1,AXBYN,PESAH,58.0,58.P.C 58.E.V 58.S.C 58.A.V 58.H.c,2.0 1.5 1.75 1.3 0.8,pəsaʔ,0.0,303.0
11417,bone,KANKANAEY,toŋa,t o ŋ a,1 7 4 7,AXBZ,TUNA,62.0,62.T.C 62.U.V 62.N.C 62.A.V,2.0 1.5 1.75 0.8,toŋa,0.0,296.0
11509,bone,MANDAYAN BOSO,pəsaʔ,p ə s a ʔ,1 7 3 7 1,AXBYN,PESAH,71.0,71.P.C 71.E.V 71.S.C 71.A.V 71.H.c,2.0 1.5 1.75 1.3 0.8,pəsaʔ,0.0,303.0
11601,bone,MANDAYAN ISLAM PISO,pusaʔ,p u s a ʔ,1 7 3 7 1,AXBYN,PYSAH,72.0,72.P.C 72.Y.V 72.S.C 72.A.V 72.H.c,2.0 1.5 1.75 1.3 0.8,pusaʔ,0.0,303.0
11693,bone,SINAUNA,butʔi,b u t ʔ i,1 7 1 1 7,AXMBZ,PYTHI,104.0,104.P.C 104.Y.V 104.T.c 104.H.C 104.I.V,2.0 1.5 1.1 1.75 0.8,butʔi,0.0,324.0
11785,bone,SOUTHERN KALINGA,Culi,u l i,7 5 7,XBZ,YLI,108.0,108.Y.V 108.L.C 108.I.V,1.5 1.75 0.8,uli,0.0,321.0
10,breast,AGTA,susu,s u s u,3 7 3 7,AXBZ,SYSY,1.0,1.S.C 1.Y.V 1.S.C 1.Y.V,2.0 1.5 1.75 0.8,susu,0.0,414.0
102,breast,AKLANON,susu,s u s u,3 7 3 7,AXBZ,SYSY,2.0,2.S.C 2.Y.V 2.S.C 2.Y.V,2.0 1.5 1.75 0.8,susu,0.0,414.0
286,breast,ATTA PAMPLONA,gataʔ,g a t a ʔ,1 7 1 7 1,AXBYN,KATAH,4.0,4.K.C 4.A.V 4.T.C 4.A.V 4.H.c,2.0 1.5 1.75 1.3 0.8,gataʔ,0.0,416.0
378,breast,BAJAU WEST COAST,susu,s u s u,3 7 3 7,AXBZ,SYSY,6.0,6.S.C 6.Y.V 6.S.C 6.Y.V,2.0 1.5 1.75 0.8,susu,0.0,414.0
470,breast,BALANGAW,soso,s o s o,3 7 3 7,AXBZ,SUSU,7.0,7.S.C 7.U.V 7.S.C 7.U.V,2.0 1.5 1.75 0.8,soso,0.0,414.0
562,breast,BALANGINGI SAMA,duduʔ,d u d u ʔ,1 7 1 7 1,AXBYN,TYTYH,8.0,8.T.C 8.Y.V 8.T.C 8.Y.V 8.H.c,2.0 1.5 1.75 1.3 0.8,duduʔ,0.0,420.0
654,breast,BANTON BANTOANON,susu,s u s u,3 7 3 7,AXBZ,SYSY,9.0,9.S.C 9.Y.V 9.S.C 9.Y.V,2.0 1.5 1.75 0.8,susu,0.0,414.0
746,breast,BASQUE,diti,d i t i,1 7 1 7,AXBZ,TITI,10.0,10.T.C 10.I.V 10.T.C 10.I.V,2.0 1.5 1.75 0.8,diti,0.0,420.0
838,breast,BATAK PALAWAN,dudu,d u d u,1 7 1 7,AXBZ,TYTY,11.0,11.T.C 11.Y.V 11.T.C 11.Y.V,2.0 1.5 1.75 0.8,dudu,0.0,420.0
930,breast,BILAAN KORONADAL,tutuʔ,t u t u ʔ,1 7 1 7 1,AXBYN,TYTYH,12.0,12.T.C 12.Y.V 12.T.C 12.Y.V 12.H.c,2.0 1.5 1.75 1.3 0.8,tutuʔ,0.0,420.0
1022,breast,BILAAN SARANGANI,tutuʔ,t u t u ʔ,1 7 1 7 1,AXBYN,TYTYH,13.0,13.T.C 13.Y.V 13.T.C 13.Y.V 13.H.c,2.0 1.5 1.75 1.3 0.8,tutuʔ,0.0,420.0
1114,breast,BONGGI,dudu,d u d u,1 7 1 7,AXBZ,TYTY,15.0,15.T.C 15.Y.V 15.T.C 15.Y.V,2.0 1.5 1.75 0.8,dudu,0.0,420.0
1206,breast,BONTOC GUINAANG,soso,s o s o,3 7 3 7,AXBZ,SUSU,16.0,16.S.C 16.U.V 16.S.C 16.U.V,2.0 1.5 1.75 0.8,soso,0.0,414.0
1298,breast,BUHI,susu,s u s u,3 7 3 7,AXBZ,SYSY,17.0,17.S.C 17.Y.V 17.S.C 17.Y.V,2.0 1.5 1.75 0.8,susu,0.0,414.0
1482,breast,BUTUANON,dughan,d u gh a n,1 7 1 7 4,AXBYN,TYKAN,19.0,19.T.C 19.Y.V 19.K.C 19.A.V 19.N.c,2.0 1.5 1.75 1.3 0.8,dughan,0.0,430.0
1574,breast,CAIJIA,mi,m i,4 7,AX,MI,20.0,20.M.C 20.I.V,2.0 1.5,mi,0.0,431.0
1666,breast,CEBUANO,dughan,d u gh a n,1 7 1 7 4,AXBYN,TYKAN,22.0,22.T.C 22.Y.V 22.K.C 22.A.V 22.N.c,2.0 1.5 1.75 1.3 0.8,dughan,0.0,430.0
1758,breast,CENTRAL TAGBANWA,tuto,t u t o,1 7 1 7,AXBZ,TYTU,23.0,23.T.C 23.Y.V 23.T.C 23.U.V,2.0 1.5 1.75 0.8,tuto,0.0,420.0
1850,breast,CUYONON,itən,i t ə n,7 1 7 4,XBYN,ITEN,24.0,24.I.V 24.T.C 24.E.V 24.N.c,1.5 1.75 1.3 0.8,itən,0.0,435.0
1942,breast,DARAGA,susu,s u s u,3 7 3 7,AXBZ,SYSY,25.0,25.S.C 25.Y.V 25.S.C 25.Y.V,2.0 1.5 1.75 0.8,susu,0.0,414.0
2034,breast,DUMAGAT CASIGURAN,gisat,g i s a t,1 7 3 7 1,AXBYN,KISAT,26.0,26.K.C 26.I.V 26.S.C 26.A.V 26.T.c,2.0 1.5 1.75 1.3 0.8,gisat,0.0,416.0
2126,breast,DUPANINGAN AGTA,gisat,g i s a t,1 7 3 7 1,AXBYN,KISAT,27.0,27.K.C 27.I.V 27.S.C 27.A.V 27.T.c,2.0 1.5 1.75 1.3 0.8,gisat,0.0,416.0
2218,breast,ENGLISH,brEst,b r t,1 5 1,AXN,PRT,28.0,28.P.C 28.R.V 28.T.c,2.0 1.5 0.8,brt,0.0,439.0
2310,breast,ESKAYAN,palda,p a l d a,1 7 5 1 7,AXMBZ,PALTA,29.0,29.P.C 29.A.V 29.L.c 29.T.C 29.A.V,2.0 1.5 1.1 1.75 0.8,palda,0.0,440.0
2402,breast,ESTONIAN,rind,r i n d,5 7 4 1,AXLN,RINT,30.0,30.R.C 30.I.V 30.N.c 30.T.c,2.0 1.5 1.1 0.8,rind,0.0,441.0
2494,breast,FINNISH,rinta,r i n t a,5 7 4 1 7,AXMBZ,RINTA,32.0,32.R.C 32.I.V 32.N.c 32.T.C 32.A.V,2.0 1.5 1.1 1.75 0.8,rinta,0.0,441.0
2586,breast,FUZHOU CHINESE,neiŋ,n e i ŋ,4 7 7 4,AXYN,NEIN,33.0,33.N.C 33.E.V 33.I.V 33.N.c,2.0 1.5 1.3 0.8,neiŋ,0.0,444.0
2678,breast,GADDANG,gatat,g a t a t,1 7 1 7 1,AXBYN,KATAT,34.0,34.K.C 34.A.V 34.T.C 34.A.V 34.T.c,2.0 1.5 1.75 1.3 0.8,gatat,0.0,416.0
2770,breast,HANUNOO,susu,s u s u,3 7 3 7,AXBZ,SYSY,35.0,35.S.C 35.Y.V 35.S.C 35.Y.V,2.0 1.5 1.75 0.8,susu,0.0,414.0
2954,breast,HUNGARIAN,mel,m e l,4 7 5,AXN,MEL,38.0,38.M.C 38.E.V 38.L.c,2.0 1.5 0.8,mel,0.0,431.0
3046,breast,IBANAG,susu,s u s u,3 7 3 7,AXBZ,SYSY,39.0,39.S.C 39.Y.V 39.S.C 39.Y.V,2.0 1.5 1.75 0.8,susu,0.0,414.0
3138,breast,IDAAN,tusu,t u s u,1 7 3 7,AXBZ,TYSY,40.0,40.T.C 40.Y.V 40.S.C 40.Y.V,2.0 1.5 1.75 0.8,tusu,0.0,414.0
3230,breast,IFUGAO AMGANAD,palagpag,p a l a g p a g,1 7 5 7 1 1 7 1,AXBYMBYN,PALAKPAK,41.0,41.P.C 41.A.V 41.L.C 41.A.V 41.K.c 41.P.C 41.A.V 41.K.c,2.0 1.5 1.75 1.3 1.1 1.75 1.3 0.8,palagpag,0.0,451.0
3322,breast,IFUGAO BATAD,huhu,h u h u,3 7 3 7,AXBZ,HYHY,42.0,42.H.C 42.Y.V 42.H.C 42.Y.V,2.0 1.5 1.75 0.8,huhu,0.0,414.0
3414,breast,IFUGAO BAYNINAN,palagpag,p a l a g p a g,1 7 5 7 1 1 7 1,AXBYMBYN,PALAKPAK,43.0,43.P.C 43.A.V 43.L.C 43.A.V 43.K.c 43.P.C 43.A.V 43.K.c,2.0 1.5 1.75 1.3 1.1 1.75 1.3 0.8,palagpag,0.0,451.0
3506,breast,ILOKANO,suso,s u s o,3 7 3 7,AXBZ,SYSU,44.0,44.S.C 44.Y.V 44.S.C 44.U.V,2.0 1.5 1.75 0.8,suso,0.0,414.0
3598,breast,ILONGOT KAKIDUGEN,tutu,t u t u,1 7 1 7,AXBZ,TYTY,45.0,45.T.C 45.Y.V 45.T.C 45.Y.V,2.0 1.5 1.75 0.8,tutu,0.0,420.0
3690,breast,INIBALOI,soso,s o s o,3 7 3 7,AXBZ,SUSU,48.0,48.S.C 48.U.V 48.S.C 48.U.V,2.0 1.5 1.75 0.8,soso,0.0,414.0
3782,breast,IRANUN,susu,s u s u,3 7 3 7,AXBZ,SYSY,49.0,49.S.C 49.Y.V 49.S.C 49.Y.V,2.0 1.5 1.75 0.8,susu,0.0,414.0
3874,breast,IRIGA,susu,s u s u,3 7 3 7,AXBZ,SYSY,50.0,50.S.C 50.Y.V 50.S.C 50.Y.V,2.0 1.5 1.75 0.8,susu,0.0,414.0
3966,breast,ISNAG,gatat,g a t a t,1 7 1 7 1,AXBYN,KATAT,51.0,51.K.C 51.A.V 51.T.C 51.A.V 51.T.c,2.0 1.5 1.75 1.3 0.8,gatat,0.0,416.0
4058,breast,ITAWIT,susu,s u s u,3 7 3 7,AXBZ,SYSY,52.0,52.S.C 52.Y.V 52.S.C 52.Y.V,2.0 1.5 1.75 0.8,susu,0.0,414.0
4150,breast,ITNEG BINONGAN,soso,s o s o,3 7 3 7,AXBZ,SUSU,53.0,53.S.C 53.U.V 53.S.C 53.U.V,2.0 1.5 1.75 0.8,soso,0.0,414.0
4242,breast,JAPANESE,mune,m u n e,4 7 4 7,AXBZ,MYNE,54.0,54.M.C 54.Y.V 54.N.C 54.E.V,2.0 1.5 1.75 0.8,mune,0.0,431.0
4334,breast,KADAZAN,susu,s u s u,3 7 3 7,AXBZ,SYSY,55.0,55.S.C 55.Y.V 55.S.C 55.Y.V,2.0 1.5 1.75 0.8,susu,0.0,414.0
4426,breast,KAGAYANEN,susu,s u s u,3 7 3 7,AXBZ,SYSY,56.0,56.S.C 56.Y.V 56.S.C 56.Y.V,2.0 1.5 1.75 0.8,susu,0.0,414.0
4518,breast,KALAGAN,susu,s u s u,3 7 3 7,AXBZ,SYSY,57.0,57.S.C 57.Y.V 57.S.C 57.Y.V,2.0 1.5 1.75 0.8,susu,0.0,414.0
4610,breast,KALINGA GUINAANG,susu,s u s u,3 7 3 7,AXBZ,SYSY,59.0,59.S.C 59.Y.V 59.S.C 59.Y.V,2.0 1.5 1.75 0.8,susu,0.0,414.0
4702,breast,KALINGA LIMOS,susu,s u s u,3 7 3 7,AXBZ,SYSY,60.0,60.S.C 60.Y.V 60.S.C 60.Y.V,2.0 1.5 1.75 0.8,susu,0.0,414.0
4794,breast,KALLAHAN KAYAPA PROPER,huhu,h u h u,3 7 3 7,AXBZ,HYHY,61.0,61.H.C 61.Y.V 61.H.C 61.Y.V,2.0 1.5 1.75 0.8,huhu,0.0,414.0
4886,breast,KANKANAY NORTHERN,soso,s o s o,3 7 3 7,AXBZ,SUSU,63.0,63.S.C 63.U.V 63.S.C 63.U.V,2.0 1.5 1.75 0.8,soso,0.0,414.0
4978,breast,KAPAMPANGAN,susu,s u s u,3 7 3 7,AXBZ,SYSY,64.0,64.S.C 64.Y.V 64.S.C 64.Y.V,2.0 1.5 1.75 0.8,susu,0.0,414.0
5162,breast,KOREAN,kasum,k a s u m,1 7 3 7 4,AXBYN,KASYM,66.0,66.K.C 66.A.V 66.S.C 66.Y.V 66.M.c,2.0 1.5 1.75 1.3 0.8,kasum,0.0,416.0
5254,breast,LEGAZPI,susu,s u s u,3 7 3 7,AXBZ,SYSY,67.0,67.S.C 67.Y.V 67.S.C 67.Y.V,2.0 1.5 1.75 0.8,susu,0.0,414.0
5346,breast,LIBON,susu,s u s u,3 7 3 7,AXBZ,SYSY,68.0,68.S.C 68.Y.V 68.S.C 68.Y.V,2.0 1.5 1.75 0.8,susu,0.0,414.0
5438,breast,LIVE,rinda,r i n d a,5 7 4 1 7,AXMBZ,RINTA,69.0,69.R.C 69.I.V 69.N.c 69.T.C 69.A.V,2.0 1.5 1.1 1.75 0.8,rinda,0.0,441.0
5530,breast,MAMANWA,soso,s o s o,3 7 3 7,AXBZ,SUSU,70.0,70.S.C 70.U.V 70.S.C 70.U.V,2.0 1.5 1.75 0.8,soso,0.0,414.0
5714,breast,MANOBO ATA,susu,s u s u,3 7 3 7,AXBZ,SYSY,74.0,74.S.C 74.Y.V 74.S.C 74.Y.V,2.0 1.5 1.75 0.8,susu,0.0,414.0
5806,breast,MANOBO DIBABAWON,duduʔ,d u d u ʔ,1 7 1 7 1,AXBYN,TYTYH,75.0,75.T.C 75.Y.V 75.T.C 75.Y.V 75.H.c,2.0 1.5 1.75 1.3 0.8,duduʔ,0.0,420.0
5898,breast,MANOBO ILIANEN,susu,s u s u,3 7 3 7,AXBZ,SYSY,76.0,76.S.C 76.Y.V 76.S.C 76.Y.V,2.0 1.5 1.75 0.8,susu,0.0,414.0
5990,breast,MANOBO KALAMANSIG COTABATO,susu,s u s u,3 7 3 7,AXBZ,SYSY,77.0,77.S.C 77.Y.V 77.S.C 77.Y.V,2.0 1.5 1.75 0.8,susu,0.0,414.0
6082,breast,MANOBO SARANGANI,soso,s o s o,3 7 3 7,AXBZ,SUSU,78.0,78.S.C 78.U.V 78.S.C 78.U.V,2.0 1.5 1.75 0.8,soso,0.0,414.0
6174,breast,MANOBO TIGWA,susu,s u s u,3 7 3 7,AXBZ,SYSY,79.0,79.S.C 79.Y.V 79.S.C 79.Y.V,2.0 1.5 1.75 0.8,susu,0.0,414.0
6266,breast,MANOBO WESTERN BUKIDNON,susu,s u s u,3 7 3 7,AXBZ,SYSY,80.0,80.S.C 80.Y.V 80.S.C 80.Y.V,2.0 1.5 1.75 0.8,susu,0.0,414.0
6358,breast,MANSAKA,aba,a b a,7 1 7,XBZ,APA,81.0,81.A.V 81.P.C 81.A.V,1.5 1.75 0.8,aba,0.0,489.0
6450,breast,MAPUN,dakan,d a k a n,1 7 1 7 4,AXBYN,TAKAN,82.0,82.T.C 82.A.V 82.K.C 82.A.V 82.N.c,2.0 1.5 1.75 1.3 0.8,dakan,0.0,430.0
6542,breast,MARANAO,soso,s o s o,3 7 3 7,AXBZ,SUSU,83.0,83.S.C 83.U.V 83.S.C 83.U.V,2.0 1.5 1.75 0.8,soso,0.0,414.0
6634,breast,MASBATENYO,suso,s u s o,3 7 3 7,AXBZ,SYSU,84.0,84.S.C 84.Y.V 84.S.C 84.U.V,2.0 1.5 1.75 0.8,suso,0.0,414.0
6818,breast,MOKSHA,potja,p o t j a,1 7 1 6 7,AXBCZ,PUTJA,86.0,86.P.C 86.U.V 86.T.C 86.J.C 86.A.V,2.0 1.5 1.75 1.5 0.8,potja,0.0,440.0
6910,breast,MOLBOG,duduʔ,d u d u ʔ,1 7 1 7 1,AXBYN,TYTYH,87.0,87.T.C 87.Y.V 87.T.C 87.Y.V 87.H.c,2.0 1.5 1.75 1.3 0.8,duduʔ,0.0,420.0
7002,breast,MONGOLIAN,mem,m e m,4 7 4,AXN,MEM,88.0,88.M.C 88.E.V 88.M.c,2.0 1.5 0.8,mem,0.0,431.0
7094,breast,MORO MAGINDANAU,susu,s u s u,3 7 3 7,AXBZ,SYSY,89.0,89.S.C 89.Y.V 89.S.C 89.Y.V,2.0 1.5 1.75 0.8,susu,0.0,414.0
7186,breast,NORTHERN CATANDUANES,susu,s u s u,3 7 3 7,AXBZ,SYSY,90.0,90.S.C 90.Y.V 90.S.C 90.Y.V,2.0 1.5 1.75 0.8,susu,0.0,414.0
7278,breast,NORTHERN SORSOGON,susu,s u s u,3 7 3 7,AXBZ,SYSY,91.0,91.S.C 91.Y.V 91.S.C 91.Y.V,2.0 1.5 1.75 0.8,susu,0.0,414.0
7370,breast,OAS,susu,s u s u,3 7 3 7,AXBZ,SYSY,92.0,92.S.C 92.Y.V 92.S.C 92.Y.V,2.0 1.5 1.75 0.8,susu,0.0,414.0
7462,breast,PALAWANO BATAK,dudu,d u d u,1 7 1 7,AXBZ,TYTY,93.0,93.T.C 93.Y.V 93.T.C 93.Y.V,2.0 1.5 1.75 0.8,dudu,0.0,420.0
7554,breast,PANGASINAN,suso,s u s o,3 7 3 7,AXBZ,SYSU,94.0,94.S.C 94.Y.V 94.S.C 94.U.V,2.0 1.5 1.75 0.8,suso,0.0,414.0
7646,breast,PANGUTARAN SAMA,dagha,d a gh a,1 7 1 7,AXBZ,TAKA,95.0,95.T.C 95.A.V 95.K.C 95.A.V,2.0 1.5 1.75 0.8,dagha,0.0,430.0
7922,breast,ROMBLOMANON 2,susu,s u s u,3 7 3 7,AXBZ,SYSY,98.0,98.S.C 98.Y.V 98.S.C 98.Y.V,2.0 1.5 1.75 0.8,susu,0.0,414.0
8014,breast,SAMAL,duduʔ,d u d u ʔ,1 7 1 7 1,AXBYN,TYTYH,99.0,99.T.C 99.Y.V 99.T.C 99.Y.V 99.H.c,2.0 1.5 1.75 1.3 0.8,duduʔ,0.0,420.0
8106,breast,SAMBAL BOTOLAN,nonoʔ,n o n o ʔ,4 7 4 7 1,AXBYN,NUNUH,100.0,100.N.C 100.U.V 100.N.C 100.U.V 100.H.c,2.0 1.5 1.75 1.3 0.8,nonoʔ,0.0,444.0
8198,breast,SANGIL SARANGANI ISLANDS,susu,s u s u,3 7 3 7,AXBZ,SYSY,101.0,101.S.C 101.Y.V 101.S.C 101.Y.V,2.0 1.5 1.75 0.8,susu,0.0,414.0
8290,breast,SEDANG,tou,t o u,1 7 7,AXZ,TUY,102.0,102.T.C 102.U.V 102.Y.V,2.0 1.5 0.8,tou,0.0,507.0
8382,breast,SIBUTU SOUTHERN SAMA,susu,s u s u,3 7 3 7,AXBZ,SYSY,103.0,103.S.C 103.Y.V 103.S.C 103.Y.V,2.0 1.5 1.75 0.8,susu,0.0,414.0
8474,breast,SOGODNIN BORACAY,soso,s o s o,3 7 3 7,AXBZ,SUSU,105.0,105.S.C 105.U.V 105.S.C 105.U.V,2.0 1.5 1.75 0.8,soso,0.0,414.0
8566,breast,SOUTH SAAMI,5amah,a m a h,7 4 7 3,XBYN,AMAH,106.0,106.A.V 106.M.C 106.A.V 106.H.c,1.5 1.75 1.3 0.8,amah,0.0,511.0
8658,breast,SOUTHERN CATANDUANES,susu,s u s u,3 7 3 7,AXBZ,SYSY,107.0,107.S.C 107.Y.V 107.S.C 107.Y.V,2.0 1.5 1.75 0.8,susu,0.0,414.0
8750,breast,SOUTHERN SORSOGON,susu,s u s u,3 7 3 7,AXBZ,SYSY,109.0,109.S.C 109.Y.V 109.S.C 109.Y.V,2.0 1.5 1.75 0.8,susu,0.0,414.0
8842,breast,SOUTHWEST PALAWANO,dudoʔ,d u d o ʔ,1 7 1 7 1,AXBYN,TYTUH,110.0,110.T.C 110.Y.V 110.T.C 110.U.V 110.H.c,2.0 1.5 1.75 1.3 0.8,dudoʔ,0.0,420.0
8934,breast,SPANISH,peCo,p e o,1 7 7,AXZ,PEU,111.0,111.P.C 111.E.V 111.U.V,2.0 1.5 0.8,peo,0.0,489.0
9026,breast,SUBANON SIOCON,duduʔ,d u d u ʔ,1 7 1 7 1,AXBYN,TYTYH,112.0,112.T.C 112.Y.V 112.T.C 112.Y.V 112.H.c,2.0 1.5 1.75 1.3 0.8,duduʔ,0.0,420.0
9118,breast,SUBANUN SINDANGAN,duduʔ,d u d u ʔ,1 7 1 7 1,AXBYN,TYTYH,113.0,113.T.C 113.Y.V 113.T.C 113.Y.V 113.H.c,2.0 1.5 1.75 1.3 0.8,duduʔ,0.0,420.0
9210,breast,SURIGAONON,suso,s u s o,3 7 3 7,AXBZ,SYSU,114.0,114.S.C 114.Y.V 114.S.C 114.U.V,2.0 1.5 1.75 0.8,suso,0.0,414.0
9302,breast,TAGABAWA,susu,s u s u,3 7 3 7,AXBZ,SYSY,115.0,115.S.C 115.Y.V 115.S.C 115.Y.V,2.0 1.5 1.75 0.8,susu,0.0,414.0
9394,breast,TAGABILI,tutuʔ,t u t u ʔ,1 7 1 7 1,AXBYN,TYTYH,116.0,116.T.C 116.Y.V 116.T.C 116.Y.V 116.H.c,2.0 1.5 1.75 1.3 0.8,tutuʔ,0.0,420.0
9486,breast,TAGALOG,susu,s u s u,3 7 3 7,AXBZ,SYSY,117.0,117.S.C 117.Y.V 117.S.C 117.Y.V,2.0 1.5 1.75 0.8,susu,0.0,414.0
9578,breast,TAGBANWA ABORLAN,duduʔ,d u d u ʔ,1 7 1 7 1,AXBYN,TYTYH,118.0,118.T.C 118.Y.V 118.T.C 118.Y.V 118.H.c,2.0 1.5 1.75 1.3 0.8,duduʔ,0.0,420.0
9670,breast,TAGBANWA KALAMIAN,susuʔ,s u s u ʔ,3 7 3 7 1,AXBYN,SYSYH,119.0,119.S.C 119.Y.V 119.S.C 119.Y.V 119.H.c,2.0 1.5 1.75 1.3 0.8,susuʔ,0.0,414.0
9762,breast,TAUSUG,duruʔ,d u r u ʔ,1 7 5 7 1,AXBYN,TYRYH,120.0,120.T.C 120.Y.V 120.R.C 120.Y.V 120.H.c,2.0 1.5 1.75 1.3 0.8,duruʔ,0.0,420.0
9854,breast,TIMUGON MURUT,titiʔ,t i t i ʔ,1 7 1 7 1,AXBYN,TITIH,121.0,121.T.C 121.I.V 121.T.C 121.I.V 121.H.c,2.0 1.5 1.75 1.3 0.8,titiʔ,0.0,420.0
9946,breast,TIRURAY,tutuʔ,t u t u ʔ,1 7 1 7 1,AXBYN,TYTYH,122.0,122.T.C 122.Y.V 122.T.C 122.Y.V 122.H.c,2.0 1.5 1.75 1.3 0.8,tutuʔ,0.0,420.0
10038,breast,TURKISH,gəGis,g ə i s,1 7 7 3,AXYN,KEIS,123.0,123.K.C 123.E.V 123.I.V 123.S.c,2.0 1.5 1.3 0.8,gəis,0.0,416.0
10130,breast,UGARITIC,8d,d,1,A,T,124.0,124.T.C,2.0,d,0.0,507.0
10222,breast,UMIRAY DUMAGET AGTA,gusok,g u s o k,1 7 3 7 1,AXBYN,KYSUK,125.0,125.K.C 125.Y.V 125.S.C 125.U.V 125.K.c,2.0 1.5 1.75 1.3 0.8,gusok,0.0,416.0
10314,breast,WARAY WARAY,dughan,d u gh a n,1 7 1 7 4,AXBYN,TYKAN,126.0,126.T.C 126.Y.V 126.K.C 126.A.V 126.N.c,2.0 1.5 1.75 1.3 0.8,dughan,0.0,430.0
10406,breast,YAKAN,susu,s u s u,3 7 3 7,AXBZ,SYSY,127.0,127.S.C 127.Y.V 127.S.C 127.Y.V,2.0 1.5 1.75 0.8,susu,0.0,414.0
10498,breast,YOGAD,sussu,s u ss u,3 7 3 7,AXBZ,SYSY,128.0,128.S.C 128.Y.V 128.S.C 128.Y.V,2.0 1.5 1.75 0.8,sussu,0.0,414.0
10590,breast,ZAMBOANGUENO,teta,t e t a,1 7 1 7,AXBZ,TETA,129.0,129.T.C 129.E.V 129.T.C 129.A.V,2.0 1.5 1.75 0.8,teta,0.0,420.0
10682,breast,IMOROD,soso,s o s o,3 7 3 7,AXBZ,SUSU,46.0,46.S.C 46.U.V 46.S.C 46.U.V,2.0 1.5 1.75 0.8,soso,0.0,414.0
10774,breast,BABUYAN,soso,s o s o,3 7 3 7,AXBZ,SUSU,5.0,5.S.C 5.U.V 5.S.C 5.U.V,2.0 1.5 1.75 0.8,soso,0.0,414.0
10866,breast,BISAYA SABAH,susu,s u s u,3 7 3 7,AXBZ,SYSY,14.0,14.S.C 14.Y.V 14.S.C 14.Y.V,2.0 1.5 1.75 0.8,susu,0.0,414.0
10958,breast,CAPIZNON,dughan,d u gh a n,1 7 1 7 4,AXBYN,TYKAN,21.0,21.T.C 21.Y.V 21.K.C 21.A.V 21.N.c,2.0 1.5 1.75 1.3 0.8,dughan,0.0,430.0
11050,breast,FINALLIG,susu,s u s u,3 7 3 7,AXBZ,SYSY,31.0,31.S.C 31.Y.V 31.S.C 31.Y.V,2.0 1.5 1.75 0.8,susu,0.0,414.0
11142,breast,HILIGAYNON,suso,s u s o,3 7 3 7,AXBZ,SYSU,37.0,37.S.C 37.Y.V 37.S.C 37.U.V,2.0 1.5 1.75 0.8,suso,0.0,414.0
11234,breast,INABAKNON,darakan,d a r a k a n,1 7 5 7 1 7 4,AXBYBYN,TARAKAN,47.0,47.T.C 47.A.V 47.R.C 47.A.V 47.K.C 47.A.V 47.N.c,2.0 1.5 1.75 1.3 1.75 1.3 0.8,darakan,0.0,430.0
11326,breast,KALAGAN KAAGAN,susu,s u s u,3 7 3 7,AXBZ,SYSY,58.0,58.S.C 58.Y.V 58.S.C 58.Y.V,2.0 1.5 1.75 0.8,susu,0.0,414.0
11418,breast,KANKANAEY,soso,s o s o,3 7 3 7,AXBZ,SUSU,62.0,62.S.C 62.U.V 62.S.C 62.U.V,2.0 1.5 1.75 0.8,soso,0.0,414.0
11510,breast,MANDAYAN BOSO,susu,s u s u,3 7 3 7,AXBZ,SYSY,71.0,71.S.C 71.Y.V 71.S.C 71.Y.V,2.0 1.5 1.75 0.8,susu,0.0,414.0
11602,breast,MANDAYAN ISLAM PISO,susu,s u s u,3 7 3 7,AXBZ,SYSY,72.0,72.S.C 72.Y.V 72.S.C 72.Y.V,2.0 1.5 1.75 0.8,susu,0.0,414.0
11694,breast,SINAUNA,susu,s u s u,3 7 3 7,AXBZ,SYSY,104.0,104.S.C 104.Y.V 104.S.C 104.Y.V,2.0 1.5 1.75 0.8,susu,0.0,414.0
11786,breast,SOUTHERN KALINGA,susu,s u s u,3 7 3 7,AXBZ,SYSY,108.0,108.S.C 108.Y.V 108.S.C 108.Y.V,2.0 1.5 1.75 0.8,susu,0.0,414.0
747,burn,BASQUE,erre,e rr e,7 5 7,XBZ,ERE,10.0,10.E.V 10.R.C 10.E.V,1.5 1.75 0.8,erre,0.0,512.0
1391,burn,BUKIDNON BINUKID,sunog,s u n o g,3 7 4 7 1,AXBYN,SYNUK,18.0,18.S.C 18.Y.V 18.N.C 18.U.V 18.K.c,2.0 1.5 1.75 1.3 0.8,sunog,0.0,513.0
2219,burn,ENGLISH,bərn,b ə r n,1 7 5 4,AXLN,PERN,28.0,28.P.C 28.E.V 28.R.c 28.N.c,2.0 1.5 1.1 0.8,bərn,0.0,514.0
2403,burn,ESTONIAN,pole,p o l e,1 7 5 7,AXBZ,PULE,30.0,30.P.C 30.U.V 30.L.C 30.E.V,2.0 1.5 1.75 0.8,pole,0.0,515.0
2495,burn,FINNISH,pala,p a l a,1 7 5 7,AXBZ,PALA,32.0,32.P.C 32.A.V 32.L.C 32.A.V,2.0 1.5 1.75 0.8,pala,0.0,515.0
2771,burn,HANUNOO,tutud,t u t u d,1 7 1 7 1,AXBYN,TYTYT,35.0,35.T.C 35.Y.V 35.T.C 35.Y.V 35.T.c,2.0 1.5 1.75 1.3 0.8,tutud,0.0,517.0
2863,burn,HIGAONON BINUKID,sunog,s u n o g,3 7 4 7 1,AXBYN,SYNUK,36.0,36.S.C 36.Y.V 36.N.C 36.U.V 36.K.c,2.0 1.5 1.75 1.3 0.8,sunog,0.0,513.0
2955,burn,HUNGARIAN,eg,e g,7 1,XN,EK,38.0,38.E.V 38.K.c,1.5 0.8,eg,0.0,519.0
4243,burn,JAPANESE,moe,m o e,4 7 7,AXZ,MUE,54.0,54.M.C 54.U.V 54.E.V,2.0 1.5 0.8,moe,0.0,521.0
4979,burn,KAPAMPANGAN,silab,s i l a b,3 7 5 7 1,AXBYN,SILAP,64.0,64.S.C 64.I.V 64.L.C 64.A.V 64.P.c,2.0 1.5 1.75 1.3 0.8,silab,0.0,520.0
5163,burn,KOREAN,tEu,t u,1 7,AX,TY,66.0,66.T.C 66.Y.V,2.0 1.5,tu,0.0,523.0
6819,burn,MOKSHA,paloms,p a l o ms,1 7 5 7 4,AXBYN,PALUM,86.0,86.P.C 86.A.V 86.L.C 86.U.V 86.M.c,2.0 1.5 1.75 1.3 0.8,paloms,0.0,515.0
8291,burn,SEDANG,Cou,o u,7 7,XZ,UY,102.0,102.U.V 102.Y.V,1.5 0.8,ou,0.0,521.0
8935,burn,SPANISH,kema,k e m a,1 7 4 7,AXBZ,KEMA,111.0,111.K.C 111.E.V 111.M.C 111.A.V,2.0 1.5 1.75 0.8,kema,0.0,526.0
9487,burn,TAGALOG,sunogin,s u n o g i n,3 7 4 7 1 7 4,AXBYBYN,SYNUKIN,117.0,117.S.C 117.Y.V 117.N.C 117.U.V 117.K.C 117.I.V 117.N.c,2.0 1.5 1.75 1.3 1.75 1.3 0.8,sunogin,0.0,513.0
10039,burn,TURKISH,jak,j a k,6 7 1,AXN,JAK,123.0,123.J.C 123.A.V 123.K.c,2.0 1.5 0.8,jak,0.0,519.0
10683,burn,IMOROD,asleb,a s l e b,7 3 5 7 1,XBCYN,ASLEP,46.0,46.A.V 46.S.C 46.L.C 46.E.V 46.P.c,1.5 1.75 1.5 1.3 0.8,asleb,0.0,520.0
748,cloud,BASQUE,hodei,h o d e i,3 7 1 7 7,AXBYZ,HUTEI,10.0,10.H.C 10.U.V 10.T.C 10.E.V 10.I.V,2.0 1.5 1.75 1.3 0.8,hodei,0.0,527.0
1392,cloud,BUKIDNON BINUKID,gabon,g a b o n,1 7 1 7 4,AXBYN,KAPUN,18.0,18.K.C 18.A.V 18.P.C 18.U.V 18.N.c,2.0 1.5 1.75 1.3 0.8,gabon,0.0,528.0
2220,cloud,ENGLISH,klaud,k l a u d,1 5 7 7 1,ACXYN,KLAYT,28.0,28.K.C 28.L.C 28.A.V 28.Y.V 28.T.c,2.0 1.5 1.5 1.3 0.8,klaud,0.0,529.0
2404,cloud,ESTONIAN,pilv,p i l v,1 7 5 3,AXLN,PILB,30.0,30.P.C 30.I.V 30.L.c 30.B.c,2.0 1.5 1.1 0.8,pilv,0.0,530.0
2496,cloud,FINNISH,pilvi,p i l v i,1 7 5 3 7,AXMBZ,PILBI,32.0,32.P.C 32.I.V 32.L.c 32.B.C 32.I.V,2.0 1.5 1.1 1.75 0.8,pilvi,0.0,530.0
2772,cloud,HANUNOO,paŋanud,p a ŋ a n u d,1 7 4 7 4 7 1,AXBYBYN,PANANYT,35.0,35.P.C 35.A.V 35.N.C 35.A.V 35.N.C 35.Y.V 35.T.c,2.0 1.5 1.75 1.3 1.75 1.3 0.8,paŋanud,0.0,532.0
2864,cloud,HIGAONON BINUKID,gabon,g a b o n,1 7 1 7 4,AXBYN,KAPUN,36.0,36.K.C 36.A.V 36.P.C 36.U.V 36.N.c,2.0 1.5 1.75 1.3 0.8,gabon,0.0,528.0
2956,cloud,HUNGARIAN,felhi,f e lh i,3 7 5 7,AXBZ,BELI,38.0,38.B.C 38.E.V 38.L.C 38.I.V,2.0 1.5 1.75 0.8,felhi,0.0,534.0
4244,cloud,JAPANESE,kumo,k u m o,1 7 4 7,AXBZ,KYMU,54.0,54.K.C 54.Y.V 54.M.C 54.U.V,2.0 1.5 1.75 0.8,kumo,0.0,536.0
4980,cloud,KAPAMPANGAN,lulaʔ,l u l a ʔ,5 7 5 7 1,AXBYN,LYLAH,64.0,64.L.C 64.Y.V 64.L.C 64.A.V 64.H.c,2.0 1.5 1.75 1.3 0.8,lulaʔ,0.0,537.0
5164,cloud,KOREAN,kurun,k u r u n,1 7 5 7 4,AXBYN,KYRYN,66.0,66.K.C 66.Y.V 66.R.C 66.Y.V 66.N.c,2.0 1.5 1.75 1.3 0.8,kurun,0.0,528.0
6820,cloud,MOKSHA,kovol,k o v o l,1 7 3 7 5,AXBYN,KUBUL,86.0,86.K.C 86.U.V 86.B.C 86.U.V 86.L.c,2.0 1.5 1.75 1.3 0.8,kovol,0.0,528.0
8292,cloud,SEDANG,Sok,o k,7 1,XN,UK,102.0,102.U.V 102.K.c,1.5 0.8,ok,0.0,540.0
8936,cloud,SPANISH,nube,n u b e,4 7 1 7,AXBZ,NYPE,111.0,111.N.C 111.Y.V 111.P.C 111.E.V,2.0 1.5 1.75 0.8,nube,0.0,541.0
9488,cloud,TAGALOG,alapap,a l a p a p,7 5 7 1 7 1,XBYBYN,ALAPAP,117.0,117.A.V 117.L.C 117.A.V 117.P.C 117.A.V 117.P.c,1.5 1.75 1.3 1.75 1.3 0.8,alapap,0.0,542.0
10040,cloud,TURKISH,bulut,b u l u t,1 7 5 7 1,AXBYN,PYLYT,123.0,123.P.C 123.Y.V 123.L.C 123.Y.V 123.T.c,2.0 1.5 1.75 1.3 0.8,bulut,0.0,534.0
10684,cloud,IMOROD,cinalab,c i n a l a b,1 7 4 7 5 7 1,AXBYBYN,CINALAP,46.0,46.C.C 46.I.V 46.N.C 46.A.V 46.L.C 46.A.V 46.P.c,2.0 1.5 1.75 1.3 1.75 1.3 0.8,cinalab,0.0,535.0
749,cold,BASQUE,odolgabe,o d o l g a b e,7 1 7 5 1 7 1 7,XBYMBYBZ,UTULKAPE,10.0,10.U.V 10.T.C 10.U.V 10.L.c 10.K.C 10.A.V 10.P.C 10.E.V,1.5 1.75 1.3 1.1 1.75 1.3 1.75 0.8,odolgabe,0.0,543.0
1393,cold,BUKIDNON BINUKID,matinuʔ,m a t i n u ʔ,4 7 1 7 4 7 1,AXBYBYN,MATINYH,18.0,18.M.C 18.A.V 18.T.C 18.I.V 18.N.C 18.Y.V 18.H.c,2.0 1.5 1.75 1.3 1.75 1.3 0.8,matinuʔ,0.0,544.0
2221,cold,ENGLISH,kold,k o l d,1 7 5 1,AXLN,KULT,28.0,28.K.C 28.U.V 28.L.c 28.T.c,2.0 1.5 1.1 0.8,kold,0.0,545.0
2405,cold,ESTONIAN,kulm,k u l m,1 7 5 4,AXLN,KYLM,30.0,30.K.C 30.Y.V 30.L.c 30.M.c,2.0 1.5 1.1 0.8,kulm,0.0,545.0
2497,cold,FINNISH,kjlmE,k j l m,1 6 5 4,AXLN,KJLM,32.0,32.K.C 32.J.V 32.L.c 32.M.c,2.0 1.5 1.1 0.8,kjlm,0.0,547.0
2773,cold,HANUNOO,maramig,m a r a m i g,4 7 5 7 4 7 1,AXBYBYN,MARAMIK,35.0,35.M.C 35.A.V 35.R.C 35.A.V 35.M.C 35.I.V 35.K.c,2.0 1.5 1.75 1.3 1.75 1.3 0.8,maramig,0.0,548.0
2865,cold,HIGAONON BINUKID,matinuʔ,m a t i n u ʔ,4 7 1 7 4 7 1,AXBYBYN,MATINYH,36.0,36.M.C 36.A.V 36.T.C 36.I.V 36.N.C 36.Y.V 36.H.c,2.0 1.5 1.75 1.3 1.75 1.3 0.8,matinuʔ,0.0,544.0
2957,cold,HUNGARIAN,hideg,h i d e g,3 7 1 7 1,AXBYN,HITEK,38.0,38.H.C 38.I.V 38.T.C 38.E.V 38.K.c,2.0 1.5 1.75 1.3 0.8,hideg,0.0,550.0
4245,cold,JAPANESE,samui,s a m u i,3 7 4 7 7,AXBYZ,SAMYI,54.0,54.S.C 54.A.V 54.M.C 54.Y.V 54.I.V,2.0 1.5 1.75 1.3 0.8,samui,0.0,552.0
4981,cold,KAPAMPANGAN,marimla,m a r i m l a,4 7 5 7 4 5 7,AXBYBCZ,MARIMLA,64.0,64.M.C 64.A.V 64.R.C 64.I.V 64.M.C 64.L.C 64.A.V,2.0 1.5 1.75 1.3 1.75 1.5 0.8,marimla,0.0,548.0
5165,cold,KOREAN,Can,a n,7 4,XN,AN,66.0,66.A.V 66.N.c,1.5 0.8,an,0.0,554.0
6821,cold,MOKSHA,keljmje,k e l j m j e,1 7 5 6 4 6 7,AXBYBCZ,KELJMJE,86.0,86.K.C 86.E.V 86.L.C 86.J.V 86.M.C 86.J.C 86.E.V,2.0 1.5 1.75 1.3 1.75 1.5 0.8,keljmje,0.0,555.0
8293,cold,SEDANG,hoŋiu,h o ŋ i u,3 7 4 7 7,AXBYZ,HUNIY,102.0,102.H.C 102.U.V 102.N.C 102.I.V 102.Y.V,2.0 1.5 1.75 1.3 0.8,hoŋiu,0.0,551.0
8937,cold,SPANISH,frio,f r i o,3 5 7 7,ACXZ,BRIU,111.0,111.B.C 111.R.C 111.I.V 111.U.V,2.0 1.5 1.5 0.8,frio,0.0,557.0
9489,cold,TAGALOG,malamig,m a l a m i g,4 7 5 7 4 7 1,AXBYBYN,MALAMIK,117.0,117.M.C 117.A.V 117.L.C 117.A.V 117.M.C 117.I.V 117.K.c,2.0 1.5 1.75 1.3 1.75 1.3 0.8,malamig,0.0,548.0
10041,cold,TURKISH,sojuk,s o j u k,3 7 6 7 1,AXBYN,SUJYK,123.0,123.S.C 123.U.V 123.J.C 123.Y.V 123.K.c,2.0 1.5 1.75 1.3 0.8,sojuk,0.0,550.0
10685,cold,IMOROD,ahen,a h e n,7 3 7 4,XBYN,AHEN,46.0,46.A.V 46.H.C 46.E.V 46.N.c,1.5 1.75 1.3 0.8,ahen,0.0,551.0
106,come,AKLANON,abut,a b u t,7 1 7 1,XBYN,APYT,2.0,2.A.V 2.P.C 2.Y.V 2.T.c,1.5 1.75 1.3 0.8,abut,0.0,558.0
566,come,BALANGINGI SAMA,paitu,p a i t u,1 7 7 1 7,AXYBZ,PAITY,8.0,8.P.C 8.A.V 8.I.V 8.T.C 8.Y.V,2.0 1.5 1.3 1.75 0.8,paitu,0.0,560.0
750,come,BASQUE,etorri,e t o rr i,7 1 7 5 7,XBYBZ,ETURI,10.0,10.E.V 10.T.C 10.U.V 10.R.C 10.I.V,1.5 1.75 1.3 1.75 0.8,etorri,0.0,561.0
1118,come,BONGGI,miataŋ,m i a t a ŋ,4 7 7 1 7 4,AXYBYN,MIATAN,15.0,15.M.C 15.I.V 15.A.V 15.T.C 15.A.V 15.N.c,2.0 1.5 1.3 1.75 1.3 0.8,miataŋ,0.0,563.0
1302,come,BUHI,ʔabut,ʔ a b u t,1 7 1 7 1,AXBYN,HAPYT,17.0,17.H.C 17.A.V 17.P.C 17.Y.V 17.T.c,2.0 1.5 1.75 1.3 0.8,ʔabut,0.0,558.0
1394,come,BUKIDNON BINUKID,dini,d i n i,1 7 4 7,AXBZ,TINI,18.0,18.T.C 18.I.V 18.N.C 18.I.V,2.0 1.5 1.75 0.8,dini,0.0,563.0
1486,come,BUTUANON,kansani,k a ns a n i,1 7 4 7 4 7,AXBYBZ,KANANI,19.0,19.K.C 19.A.V 19.N.C 19.A.V 19.N.C 19.I.V,2.0 1.5 1.75 1.3 1.75 0.8,kansani,0.0,566.0
1578,come,CAIJIA,xu,x u,3 7,AX,GY,20.0,20.G.C 20.Y.V,2.0 1.5,xu,0.0,567.0
1670,come,CEBUANO,anhi,a nh i,7 4 7,XBZ,ANI,22.0,22.A.V 22.N.C 22.I.V,1.5 1.75 0.8,anhi,0.0,569.0
1946,come,DARAGA,ʔabut,ʔ a b u t,1 7 1 7 1,AXBYN,HAPYT,25.0,25.H.C 25.A.V 25.P.C 25.Y.V 25.T.c,2.0 1.5 1.75 1.3 0.8,ʔabut,0.0,558.0
2130,come,DUPANINGAN AGTA,umaŋaj,u m a ŋ a j,7 4 7 4 7 6,XBYBYN,YMANAJ,27.0,27.Y.V 27.M.C 27.A.V 27.N.C 27.A.V 27.J.c,1.5 1.75 1.3 1.75 1.3 0.8,umaŋaj,0.0,569.0
2222,come,ENGLISH,kəm,k ə m,1 7 4,AXN,KEM,28.0,28.K.C 28.E.V 28.M.c,2.0 1.5 0.8,kəm,0.0,572.0
2314,come,ESKAYAN,lari,l a r i,5 7 5 7,AXBZ,LARI,29.0,29.L.C 29.A.V 29.R.C 29.I.V,2.0 1.5 1.75 0.8,lari,0.0,561.0
2406,come,ESTONIAN,tule,t u l e,1 7 5 7,AXBZ,TYLE,30.0,30.T.C 30.Y.V 30.L.C 30.E.V,2.0 1.5 1.75 0.8,tule,0.0,574.0
2498,come,FINNISH,tule,t u l e,1 7 5 7,AXBZ,TYLE,32.0,32.T.C 32.Y.V 32.L.C 32.E.V,2.0 1.5 1.75 0.8,tule,0.0,574.0
2590,come,FUZHOU CHINESE,li,l i,5 7,AX,LI,33.0,33.L.C 33.I.V,2.0 1.5,li,0.0,577.0
2774,come,HANUNOO,balik,b a l i k,1 7 5 7 1,AXBYN,PALIK,35.0,35.P.C 35.A.V 35.L.C 35.I.V 35.K.c,2.0 1.5 1.75 1.3 0.8,balik,0.0,578.0
2866,come,HIGAONON BINUKID,dini,d i n i,1 7 4 7,AXBZ,TINI,36.0,36.T.C 36.I.V 36.N.C 36.I.V,2.0 1.5 1.75 0.8,dini,0.0,563.0
2958,come,HUNGARIAN,dʒin,dʒ i n,1 7 4,AXN,TIN,38.0,38.T.C 38.I.V 38.N.c,2.0 1.5 0.8,dʒin,0.0,563.0
3050,come,IBANAG,umarani,u m a r a n i,7 4 7 5 7 4 7,XBYBYBZ,YMARANI,39.0,39.Y.V 39.M.C 39.A.V 39.R.C 39.A.V 39.N.C 39.I.V,1.5 1.75 1.3 1.75 1.3 1.75 0.8,umarani,0.0,562.0
3142,come,IDAAN,mosob,m o s o b,4 7 3 7 1,AXBYN,MUSUP,40.0,40.M.C 40.U.V 40.S.C 40.U.V 40.P.c,2.0 1.5 1.75 1.3 0.8,mosob,0.0,583.0
3510,come,ILOKANO,umaj,u m a j,7 4 7 6,XBYN,YMAJ,44.0,44.Y.V 44.M.C 44.A.V 44.J.c,1.5 1.75 1.3 0.8,umaj,0.0,559.0
3786,come,IRANUN,miakauma,m i a k a u m a,4 7 7 1 7 7 4 7,AXYBYYBZ,MIAKAYMA,49.0,49.M.C 49.I.V 49.A.V 49.K.C 49.A.V 49.Y.V 49.M.C 49.A.V,2.0 1.5 1.3 1.75 1.3 1.3 1.75 0.8,miakauma,0.0,587.0
3878,come,IRIGA,ʔabut,ʔ a b u t,1 7 1 7 1,AXBYN,HAPYT,50.0,50.H.C 50.A.V 50.P.C 50.Y.V 50.T.c,2.0 1.5 1.75 1.3 0.8,ʔabut,0.0,558.0
3970,come,ISNAG,umbet,u m b e t,7 4 1 7 1,XMBYN,YMPET,51.0,51.Y.V 51.M.c 51.P.C 51.E.V 51.T.c,1.5 1.1 1.75 1.3 0.8,umbet,0.0,558.0
4062,come,ITAWIT,umEŋ,u m ŋ,7 4 4,XLN,YMN,52.0,52.Y.V 52.M.c 52.N.c,1.5 1.1 0.8,umŋ,0.0,590.0
4246,come,JAPANESE,ku,k u,1 7,AX,KY,54.0,54.K.C 54.Y.V,2.0 1.5,ku,0.0,567.0
4338,come,KADAZAN,mikot,m i k o t,4 7 1 7 1,AXBYN,MIKUT,55.0,55.M.C 55.I.V 55.K.C 55.U.V 55.T.c,2.0 1.5 1.75 1.3 0.8,mikot,0.0,568.0
4430,come,KAGAYANEN,iliŋ,i l i ŋ,7 5 7 4,XBYN,ILIN,56.0,56.I.V 56.L.C 56.I.V 56.N.c,1.5 1.75 1.3 0.8,iliŋ,0.0,593.0
4706,come,KALINGA LIMOS,datoŋ,d a t o ŋ,1 7 1 7 4,AXBYN,TATUN,60.0,60.T.C 60.A.V 60.T.C 60.U.V 60.N.c,2.0 1.5 1.75 1.3 0.8,datoŋ,0.0,563.0
4982,come,KAPAMPANGAN,dataŋ,d a t a ŋ,1 7 1 7 4,AXBYN,TATAN,64.0,64.T.C 64.A.V 64.T.C 64.A.V 64.N.c,2.0 1.5 1.75 1.3 0.8,dataŋ,0.0,563.0
5166,come,KOREAN,oda,o d a,7 1 7,XBZ,UTA,66.0,66.U.V 66.T.C 66.A.V,1.5 1.75 0.8,oda,0.0,597.0
5258,come,LEGAZPI,ʔabut,ʔ a b u t,1 7 1 7 1,AXBYN,HAPYT,67.0,67.H.C 67.A.V 67.P.C 67.Y.V 67.T.c,2.0 1.5 1.75 1.3 0.8,ʔabut,0.0,558.0
5350,come,LIBON,ʔabut,ʔ a b u t,1 7 1 7 1,AXBYN,HAPYT,68.0,68.H.C 68.A.V 68.P.C 68.Y.V 68.T.c,2.0 1.5 1.75 1.3 0.8,ʔabut,0.0,558.0
5442,come,LIVE,tulda,t u l d a,1 7 5 1 7,AXMBZ,TYLTA,69.0,69.T.C 69.Y.V 69.L.c 69.T.C 69.A.V,2.0 1.5 1.1 1.75 0.8,tulda,0.0,574.0
6454,come,MAPUN,pitu,p i t u,1 7 1 7,AXBZ,PITY,82.0,82.P.C 82.I.V 82.T.C 82.Y.V,2.0 1.5 1.75 0.8,pitu,0.0,560.0
6546,come,MARANAO,danon,d a n o n,1 7 4 7 4,AXBYN,TANUN,83.0,83.T.C 83.A.V 83.N.C 83.U.V 83.N.c,2.0 1.5 1.75 1.3 0.8,danon,0.0,563.0
6638,come,MASBATENYO,magdajo,m a g d a j o,4 7 1 1 7 6 7,AXMBYBZ,MAKTAJU,84.0,84.M.C 84.A.V 84.K.c 84.T.C 84.A.V 84.J.C 84.U.V,2.0 1.5 1.1 1.75 1.3 1.75 0.8,magdajo,0.0,603.0
6730,come,MINANGALI LOWER TANUDAN KALINGA,umali,u m a l i,7 4 7 5 7,XBYBZ,YMALI,85.0,85.Y.V 85.M.C 85.A.V 85.L.C 85.I.V,1.5 1.75 1.3 1.75 0.8,umali,0.0,562.0
6822,come,MOKSHA,sams,s a ms,3 7 4,AXN,SAM,86.0,86.S.C 86.A.V 86.M.c,2.0 1.5 0.8,sams,0.0,572.0
6914,come,MOLBOG,kuan,k u a n,1 7 7 4,AXYN,KYAN,87.0,87.K.C 87.Y.V 87.A.V 87.N.c,2.0 1.5 1.3 0.8,kuan,0.0,566.0
7006,come,MONGOLIAN,iri,i r i,7 5 7,XBZ,IRI,88.0,88.I.V 88.R.C 88.I.V,1.5 1.75 0.8,iri,0.0,561.0
7098,come,MORO MAGINDANAU,sia,s i a,3 7 7,AXZ,SIA,89.0,89.S.C 89.I.V 89.A.V,2.0 1.5 0.8,sia,0.0,608.0
7190,come,NORTHERN CATANDUANES,ʔabut,ʔ a b u t,1 7 1 7 1,AXBYN,HAPYT,90.0,90.H.C 90.A.V 90.P.C 90.Y.V 90.T.c,2.0 1.5 1.75 1.3 0.8,ʔabut,0.0,558.0
7282,come,NORTHERN SORSOGON,ʔabut,ʔ a b u t,1 7 1 7 1,AXBYN,HAPYT,91.0,91.H.C 91.A.V 91.P.C 91.Y.V 91.T.c,2.0 1.5 1.75 1.3 0.8,ʔabut,0.0,558.0
7374,come,OAS,ratiŋ,r a t i ŋ,5 7 1 7 4,AXBYN,RATIN,92.0,92.R.C 92.A.V 92.T.C 92.I.V 92.N.c,2.0 1.5 1.75 1.3 0.8,ratiŋ,0.0,563.0
7466,come,PALAWANO BATAK,muʔatkakaʔini,m u ʔ a t k a k a ʔ i n i,4 7 1 7 1 1 7 1 7 1 7 4 7,AXBYMBYBYBYBZ,MYHATKAKAHINI,93.0,93.M.C 93.Y.V 93.H.C 93.A.V 93.T.c 93.K.C 93.A.V 93.K.C 93.A.V 93.H.C 93.I.V 93.N.C 93.I.V,2.0 1.5 1.75 1.3 1.1 1.75 1.3 1.75 1.3 1.75 1.3 1.75 0.8,muʔatkakaʔini,0.0,612.0
7558,come,PANGASINAN,laka,l a k a,5 7 1 7,AXBZ,LAKA,94.0,94.L.C 94.A.V 94.K.C 94.A.V,2.0 1.5 1.75 0.8,laka,0.0,577.0
7650,come,PANGUTARAN SAMA,tka,t k a,1 1 7,ACZ,TKA,95.0,95.T.C 95.K.C 95.A.V,2.0 1.5 0.8,tka,0.0,614.0
7926,come,ROMBLOMANON 2,ʔabut,ʔ a b u t,1 7 1 7 1,AXBYN,HAPYT,98.0,98.H.C 98.A.V 98.P.C 98.Y.V 98.T.c,2.0 1.5 1.75 1.3 0.8,ʔabut,0.0,558.0
8386,come,SIBUTU SOUTHERN SAMA,pitu,p i t u,1 7 1 7,AXBZ,PITY,103.0,103.P.C 103.I.V 103.T.C 103.Y.V,2.0 1.5 1.75 0.8,pitu,0.0,560.0
8478,come,SOGODNIN BORACAY,hindon,h i n d o n,3 7 4 1 7 4,AXMBYN,HINTUN,105.0,105.H.C 105.I.V 105.N.c 105.T.C 105.U.V 105.N.c,2.0 1.5 1.1 1.75 1.3 0.8,hindon,0.0,563.0
8570,come,SOUTH SAAMI,boetə,b o e t ə,1 7 7 1 7,AXYBZ,PUETE,106.0,106.P.C 106.U.V 106.E.V 106.T.C 106.E.V,2.0 1.5 1.3 1.75 0.8,boetə,0.0,560.0
8662,come,SOUTHERN CATANDUANES,ʔabut,ʔ a b u t,1 7 1 7 1,AXBYN,HAPYT,107.0,107.H.C 107.A.V 107.P.C 107.Y.V 107.T.c,2.0 1.5 1.75 1.3 0.8,ʔabut,0.0,558.0
8754,come,SOUTHERN SORSOGON,ʔabut,ʔ a b u t,1 7 1 7 1,AXBYN,HAPYT,109.0,109.H.C 109.A.V 109.P.C 109.Y.V 109.T.c,2.0 1.5 1.75 1.3 0.8,ʔabut,0.0,558.0
8846,come,SOUTHWEST PALAWANO,atoʔ,a t o ʔ,7 1 7 1,XBYN,ATUH,110.0,110.A.V 110.T.C 110.U.V 110.H.c,1.5 1.75 1.3 0.8,atoʔ,0.0,597.0
8938,come,SPANISH,veni,v e n i,3 7 4 7,AXBZ,BENI,111.0,111.B.C 111.E.V 111.N.C 111.I.V,2.0 1.5 1.75 0.8,veni,0.0,569.0
9214,come,SURIGAONON,daliʔ,d a l i ʔ,1 7 5 7 1,AXBYN,TALIH,114.0,114.T.C 114.A.V 114.L.C 114.I.V 114.H.c,2.0 1.5 1.75 1.3 0.8,daliʔ,0.0,574.0
9306,come,TAGABAWA,sadun,s a d u n,3 7 1 7 4,AXBYN,SATYN,115.0,115.S.C 115.A.V 115.T.C 115.Y.V 115.N.c,2.0 1.5 1.75 1.3 0.8,sadun,0.0,563.0
9490,come,TAGALOG,datiŋ,d a t i ŋ,1 7 1 7 4,AXBYN,TATIN,117.0,117.T.C 117.A.V 117.T.C 117.I.V 117.N.c,2.0 1.5 1.75 1.3 0.8,datiŋ,0.0,563.0
9858,come,TIMUGON MURUT,datoŋ,d a t o ŋ,1 7 1 7 4,AXBYN,TATUN,121.0,121.T.C 121.A.V 121.T.C 121.U.V 121.N.c,2.0 1.5 1.75 1.3 0.8,datoŋ,0.0,563.0
9950,come,TIRURAY,aŋej,a ŋ e j,7 4 7 6,XBYN,ANEJ,122.0,122.A.V 122.N.C 122.E.V 122.J.c,1.5 1.75 1.3 0.8,aŋej,0.0,569.0
10042,come,TURKISH,gel,g e l,1 7 5,AXN,KEL,123.0,123.K.C 123.E.V 123.L.c,2.0 1.5 0.8,gel,0.0,567.0
10134,come,UGARITIC,atw,a tw,7 1,XN,AT,124.0,124.A.V 124.T.c,1.5 0.8,atw,0.0,597.0
10318,come,WARAY WARAY,kanhi,k a nh i,1 7 4 7,AXBZ,KANI,126.0,126.K.C 126.A.V 126.N.C 126.I.V,2.0 1.5 1.75 0.8,kanhi,0.0,569.0
10410,come,YAKAN,pitu,p i t u,1 7 1 7,AXBZ,PITY,127.0,127.P.C 127.I.V 127.T.C 127.Y.V,2.0 1.5 1.75 0.8,pitu,0.0,560.0
10594,come,ZAMBOANGUENO,be*i,b e i,1 7 7,AXZ,PEI,129.0,129.P.C 129.E.V 129.I.V,2.0 1.5 0.8,bei,0.0,560.0
10686,come,IMOROD,maji,m a j i,4 7 6 7,AXBZ,MAJI,46.0,46.M.C 46.A.V 46.J.C 46.I.V,2.0 1.5 1.75 0.8,maji,0.0,559.0
10778,come,BABUYAN,aj,a j,7 6,XN,AJ,5.0,5.A.V 5.J.c,1.5 0.8,aj,0.0,559.0
10870,come,BISAYA SABAH,temuloi,t e m u l o i,1 7 4 7 5 7 7,AXBYBYZ,TEMYLUI,14.0,14.T.C 14.E.V 14.M.C 14.Y.V 14.L.C 14.U.V 14.I.V,2.0 1.5 1.75 1.3 1.75 1.3 0.8,temuloi,0.0,562.0
10962,come,CAPIZNON,malakat,m a l a k a t,4 7 5 7 1 7 1,AXBYBYN,MALAKAT,21.0,21.M.C 21.A.V 21.L.C 21.A.V 21.K.C 21.A.V 21.T.c,2.0 1.5 1.75 1.3 1.75 1.3 0.8,malakat,0.0,568.0
11054,come,FINALLIG,omali,o m a l i,7 4 7 5 7,XBYBZ,UMALI,31.0,31.U.V 31.M.C 31.A.V 31.L.C 31.I.V,1.5 1.75 1.3 1.75 0.8,omali,0.0,562.0
11146,come,HILIGAYNON,kadto,k a d t o,1 7 1 1 7,AXMBZ,KATTU,37.0,37.K.C 37.A.V 37.T.c 37.T.C 37.U.V,2.0 1.5 1.1 1.75 0.8,kadto,0.0,580.0
11238,come,INABAKNON,daʔito,d a ʔ i t o,1 7 1 7 1 7,AXBYBZ,TAHITU,47.0,47.T.C 47.A.V 47.H.C 47.I.V 47.T.C 47.U.V,2.0 1.5 1.75 1.3 1.75 0.8,daʔito,0.0,586.0
11422,come,KANKANAEY,omali,o m a l i,7 4 7 5 7,XBYBZ,UMALI,62.0,62.U.V 62.M.C 62.A.V 62.L.C 62.I.V,1.5 1.75 1.3 1.75 0.8,omali,0.0,562.0
11790,come,SOUTHERN KALINGA,Cumatoŋ,u m a t o ŋ,7 4 7 1 7 4,XBYBYN,YMATUN,108.0,108.Y.V 108.M.C 108.A.V 108.T.C 108.U.V 108.N.c,1.5 1.75 1.3 1.75 1.3 0.8,umatoŋ,0.0,563.0
107,die,AKLANON,mataj,m a t a j,4 7 1 7 6,AXBYN,MATAJ,2.0,2.M.C 2.A.V 2.T.C 2.A.V 2.J.c,2.0 1.5 1.75 1.3 0.8,mataj,0.0,624.0
199,die,ARTA,mapatid,m a p a t i d,4 7 1 7 1 7 1,AXBYBYN,MAPATIT,3.0,3.M.C 3.A.V 3.P.C 3.A.V 3.T.C 3.I.V 3.T.c,2.0 1.5 1.75 1.3 1.75 1.3 0.8,mapatid,0.0,624.0
383,die,BAJAU WEST COAST,mataj,m a t a j,4 7 1 7 6,AXBYN,MATAJ,6.0,6.M.C 6.A.V 6.T.C 6.A.V 6.J.c,2.0 1.5 1.75 1.3 0.8,mataj,0.0,624.0
567,die,BALANGINGI SAMA,pataj,p a t a j,1 7 1 7 6,AXBYN,PATAJ,8.0,8.P.C 8.A.V 8.T.C 8.A.V 8.J.c,2.0 1.5 1.75 1.3 0.8,pataj,0.0,624.0
751,die,BASQUE,hil,h i l,3 7 5,AXN,HIL,10.0,10.H.C 10.I.V 10.L.c,2.0 1.5 0.8,hil,0.0,620.0
1119,die,BONGGI,mati,m a t i,4 7 1 7,AXBZ,MATI,15.0,15.M.C 15.A.V 15.T.C 15.I.V,2.0 1.5 1.75 0.8,mati,0.0,624.0
1303,die,BUHI,giraʔan,g i r a ʔ a n,1 7 5 7 1 7 4,AXBYBYN,KIRAHAN,17.0,17.K.C 17.I.V 17.R.C 17.A.V 17.H.C 17.A.V 17.N.c,2.0 1.5 1.75 1.3 1.75 1.3 0.8,giraʔan,0.0,623.0
1395,die,BUKIDNON BINUKID,minataj,m i n a t a j,4 7 4 7 1 7 6,AXBYBYN,MINATAJ,18.0,18.M.C 18.I.V 18.N.C 18.A.V 18.T.C 18.A.V 18.J.c,2.0 1.5 1.75 1.3 1.75 1.3 0.8,minataj,0.0,624.0
1487,die,BUTUANON,pataj,p a t a j,1 7 1 7 6,AXBYN,PATAJ,19.0,19.P.C 19.A.V 19.T.C 19.A.V 19.J.c,2.0 1.5 1.75 1.3 0.8,pataj,0.0,624.0
1579,die,CAIJIA,sr,s r,3 5,AC,SR,20.0,20.S.C 20.R.C,2.0 1.5,sr,0.0,626.0
1671,die,CEBUANO,mataj,m a t a j,4 7 1 7 6,AXBYN,MATAJ,22.0,22.M.C 22.A.V 22.T.C 22.A.V 22.J.c,2.0 1.5 1.75 1.3 0.8,mataj,0.0,624.0
1763,die,CENTRAL TAGBANWA,pataj,p a t a j,1 7 1 7 6,AXBYN,PATAJ,23.0,23.P.C 23.A.V 23.T.C 23.A.V 23.J.c,2.0 1.5 1.75 1.3 0.8,pataj,0.0,624.0
1947,die,DARAGA,giran,g i r a n,1 7 5 7 4,AXBYN,KIRAN,25.0,25.K.C 25.I.V 25.R.C 25.A.V 25.N.c,2.0 1.5 1.75 1.3 0.8,giran,0.0,623.0
2131,die,DUPANINGAN AGTA,malugulug,m a l u g u l u g,4 7 5 7 1 7 5 7 1,AXBYBYBYN,MALYKYLYK,27.0,27.M.C 27.A.V 27.L.C 27.Y.V 27.K.C 27.Y.V 27.L.C 27.Y.V 27.K.c,2.0 1.5 1.75 1.3 1.75 1.3 1.75 1.3 0.8,malugulug,0.0,631.0
2223,die,ENGLISH,dEi,d i,1 7,AX,TI,28.0,28.T.C 28.I.V,2.0 1.5,di,0.0,632.0
2315,die,ESKAYAN,modowati,m o d o w a t i,4 7 1 7 6 7 1 7,AXBYBYBZ,MUTUWATI,29.0,29.M.C 29.U.V 29.T.C 29.U.V 29.W.C 29.A.V 29.T.C 29.I.V,2.0 1.5 1.75 1.3 1.75 1.3 1.75 0.8,modowati,0.0,633.0
2407,die,ESTONIAN,sure,s u r e,3 7 5 7,AXBZ,SYRE,30.0,30.S.C 30.Y.V 30.R.C 30.E.V,2.0 1.5 1.75 0.8,sure,0.0,626.0
2499,die,FINNISH,kuole,k u o l e,1 7 7 5 7,AXYBZ,KYULE,32.0,32.K.C 32.Y.V 32.U.V 32.L.C 32.E.V,2.0 1.5 1.3 1.75 0.8,kuole,0.0,636.0
2591,die,FUZHOU CHINESE,8i,i,7,X,I,33.0,33.I.V,1.5,i,0.0,637.0
2775,die,HANUNOO,mataj,m a t a j,4 7 1 7 6,AXBYN,MATAJ,35.0,35.M.C 35.A.V 35.T.C 35.A.V 35.J.c,2.0 1.5 1.75 1.3 0.8,mataj,0.0,624.0
2867,die,HIGAONON BINUKID,minataj,m i n a t a j,4 7 4 7 1 7 6,AXBYBYN,MINATAJ,36.0,36.M.C 36.I.V 36.N.C 36.A.V 36.T.C 36.A.V 36.J.c,2.0 1.5 1.75 1.3 1.75 1.3 0.8,minataj,0.0,624.0
2959,die,HUNGARIAN,hal,h a l,3 7 5,AXN,HAL,38.0,38.H.C 38.A.V 38.L.c,2.0 1.5 0.8,hal,0.0,620.0
3051,die,IBANAG,mataj,m a t a j,4 7 1 7 6,AXBYN,MATAJ,39.0,39.M.C 39.A.V 39.T.C 39.A.V 39.J.c,2.0 1.5 1.75 1.3 0.8,mataj,0.0,624.0
3143,die,IDAAN,mataj,m a t a j,4 7 1 7 6,AXBYN,MATAJ,40.0,40.M.C 40.A.V 40.T.C 40.A.V 40.J.c,2.0 1.5 1.75 1.3 0.8,mataj,0.0,624.0
3511,die,ILOKANO,mataj,m a t a j,4 7 1 7 6,AXBYN,MATAJ,44.0,44.M.C 44.A.V 44.T.C 44.A.V 44.J.c,2.0 1.5 1.75 1.3 0.8,mataj,0.0,624.0
3787,die,IRANUN,miatai,m i a t a i,4 7 7 1 7 7,AXYBYZ,MIATAI,49.0,49.M.C 49.I.V 49.A.V 49.T.C 49.A.V 49.I.V,2.0 1.5 1.3 1.75 1.3 0.8,miatai,0.0,624.0
3879,die,IRIGA,giraʔan,g i r a ʔ a n,1 7 5 7 1 7 4,AXBYBYN,KIRAHAN,50.0,50.K.C 50.I.V 50.R.C 50.A.V 50.H.C 50.A.V 50.N.c,2.0 1.5 1.75 1.3 1.75 1.3 0.8,giraʔan,0.0,623.0
3971,die,ISNAG,nataj,n a t a j,4 7 1 7 6,AXBYN,NATAJ,51.0,51.N.C 51.A.V 51.T.C 51.A.V 51.J.c,2.0 1.5 1.75 1.3 0.8,nataj,0.0,624.0
4063,die,ITAWIT,metEj,m e t j,4 7 1 6,AXBC,METJ,52.0,52.M.C 52.E.V 52.T.C 52.J.C,2.0 1.5 1.75 1.5,metj,0.0,624.0
4247,die,JAPANESE,Sinu,i n u,7 4 7,XBZ,INY,54.0,54.I.V 54.N.C 54.Y.V,1.5 1.75 0.8,inu,0.0,651.0
4339,die,KADAZAN,matai,m a t a i,4 7 1 7 7,AXBYZ,MATAI,55.0,55.M.C 55.A.V 55.T.C 55.A.V 55.I.V,2.0 1.5 1.75 1.3 0.8,matai,0.0,624.0
4431,die,KAGAYANEN,pataj,p a t a j,1 7 1 7 6,AXBYN,PATAJ,56.0,56.P.C 56.A.V 56.T.C 56.A.V 56.J.c,2.0 1.5 1.75 1.3 0.8,pataj,0.0,624.0
4707,die,KALINGA LIMOS,natoj,n a t o j,4 7 1 7 6,AXBYN,NATUJ,60.0,60.N.C 60.A.V 60.T.C 60.U.V 60.J.c,2.0 1.5 1.75 1.3 0.8,natoj,0.0,624.0
4983,die,KAPAMPANGAN,mate,m a t e,4 7 1 7,AXBZ,MATE,64.0,64.M.C 64.A.V 64.T.C 64.E.V,2.0 1.5 1.75 0.8,mate,0.0,624.0
5075,die,KINARAY A,napataj,n a p a t a j,4 7 1 7 1 7 6,AXBYBYN,NAPATAJ,65.0,65.N.C 65.A.V 65.P.C 65.A.V 65.T.C 65.A.V 65.J.c,2.0 1.5 1.75 1.3 1.75 1.3 0.8,napataj,0.0,624.0
5167,die,KOREAN,Cuk,u k,7 1,XN,YK,66.0,66.Y.V 66.K.c,1.5 0.8,uk,0.0,658.0
5259,die,LEGAZPI,gadan,g a d a n,1 7 1 7 4,AXBYN,KATAN,67.0,67.K.C 67.A.V 67.T.C 67.A.V 67.N.c,2.0 1.5 1.75 1.3 0.8,gadan,0.0,623.0
5351,die,LIBON,goran,g o r a n,1 7 5 7 4,AXBYN,KURAN,68.0,68.K.C 68.U.V 68.R.C 68.A.V 68.N.c,2.0 1.5 1.75 1.3 0.8,goran,0.0,623.0
5443,die,LIVE,kuoljo,k u o l j o,1 7 7 5 6 7,AXYBCZ,KYULJU,69.0,69.K.C 69.Y.V 69.U.V 69.L.C 69.J.C 69.U.V,2.0 1.5 1.3 1.75 1.5 0.8,kuoljo,0.0,636.0
5627,die,MANIDE,palaʔ,p a l a ʔ,1 7 5 7 1,AXBYN,PALAH,73.0,73.P.C 73.A.V 73.L.C 73.A.V 73.H.c,2.0 1.5 1.75 1.3 0.8,palaʔ,0.0,662.0
6455,die,MAPUN,imuwa,i m u w a,7 4 7 6 7,XBYBZ,IMYWA,82.0,82.I.V 82.M.C 82.Y.V 82.W.C 82.A.V,1.5 1.75 1.3 1.75 0.8,imuwa,0.0,663.0
6547,die,MARANAO,mataj,m a t a j,4 7 1 7 6,AXBYN,MATAJ,83.0,83.M.C 83.A.V 83.T.C 83.A.V 83.J.c,2.0 1.5 1.75 1.3 0.8,mataj,0.0,624.0
6639,die,MASBATENYO,mamataj,m a m a t a j,4 7 4 7 1 7 6,AXBYBYN,MAMATAJ,84.0,84.M.C 84.A.V 84.M.C 84.A.V 84.T.C 84.A.V 84.J.c,2.0 1.5 1.75 1.3 1.75 1.3 0.8,mamataj,0.0,624.0
6731,die,MINANGALI LOWER TANUDAN KALINGA,natoj,n a t o j,4 7 1 7 6,AXBYN,NATUJ,85.0,85.N.C 85.A.V 85.T.C 85.U.V 85.J.c,2.0 1.5 1.75 1.3 0.8,natoj,0.0,624.0
6823,die,MOKSHA,kuloms,k u l o ms,1 7 5 7 4,AXBYN,KYLUM,86.0,86.K.C 86.Y.V 86.L.C 86.U.V 86.M.c,2.0 1.5 1.75 1.3 0.8,kuloms,0.0,636.0
6915,die,MOLBOG,patoj,p a t o j,1 7 1 7 6,AXBYN,PATUJ,87.0,87.P.C 87.A.V 87.T.C 87.U.V 87.J.c,2.0 1.5 1.75 1.3 0.8,patoj,0.0,624.0
7099,die,MORO MAGINDANAU,mataj,m a t a j,4 7 1 7 6,AXBYN,MATAJ,89.0,89.M.C 89.A.V 89.T.C 89.A.V 89.J.c,2.0 1.5 1.75 1.3 0.8,mataj,0.0,624.0
7191,die,NORTHERN CATANDUANES,daʔan,d a ʔ a n,1 7 1 7 4,AXBYN,TAHAN,90.0,90.T.C 90.A.V 90.H.C 90.A.V 90.N.c,2.0 1.5 1.75 1.3 0.8,daʔan,0.0,617.0
7283,die,NORTHERN SORSOGON,mataj,m a t a j,4 7 1 7 6,AXBYN,MATAJ,91.0,91.M.C 91.A.V 91.T.C 91.A.V 91.J.c,2.0 1.5 1.75 1.3 0.8,mataj,0.0,624.0
7375,die,OAS,giran,g i r a n,1 7 5 7 4,AXBYN,KIRAN,92.0,92.K.C 92.I.V 92.R.C 92.A.V 92.N.c,2.0 1.5 1.75 1.3 0.8,giran,0.0,623.0
7467,die,PALAWANO BATAK,napataj,n a p a t a j,4 7 1 7 1 7 6,AXBYBYN,NAPATAJ,93.0,93.N.C 93.A.V 93.P.C 93.A.V 93.T.C 93.A.V 93.J.c,2.0 1.5 1.75 1.3 1.75 1.3 0.8,napataj,0.0,624.0
7559,die,PANGASINAN,unpatej,u n p a t e j,7 4 1 7 1 7 6,XMBYBYN,YNPATEJ,94.0,94.Y.V 94.N.c 94.P.C 94.A.V 94.T.C 94.E.V 94.J.c,1.5 1.1 1.75 1.3 1.75 1.3 0.8,unpatej,0.0,624.0
7651,die,PANGUTARAN SAMA,mataj,m a t a j,4 7 1 7 6,AXBYN,MATAJ,95.0,95.M.C 95.A.V 95.T.C 95.A.V 95.J.c,2.0 1.5 1.75 1.3 0.8,mataj,0.0,624.0
7743,die,PROTO PALAWAN,pataj,p a t a j,1 7 1 7 6,AXBYN,PATAJ,96.0,96.P.C 96.A.V 96.T.C 96.A.V 96.J.c,2.0 1.5 1.75 1.3 0.8,pataj,0.0,624.0
7835,die,QUEZON PALAWAN,patəj,p a t ə j,1 7 1 7 6,AXBYN,PATEJ,97.0,97.P.C 97.A.V 97.T.C 97.E.V 97.J.c,2.0 1.5 1.75 1.3 0.8,patəj,0.0,624.0
7927,die,ROMBLOMANON 2,bugtuʔ,b u g t u ʔ,1 7 1 1 7 1,AXMBYN,PYKTYH,98.0,98.P.C 98.Y.V 98.K.c 98.T.C 98.Y.V 98.H.c,2.0 1.5 1.1 1.75 1.3 0.8,bugtuʔ,0.0,678.0
8295,die,SEDANG,hla,h l a,3 5 7,ACX,HLA,102.0,102.H.C 102.L.C 102.A.V,2.0 1.5 1.5,hla,0.0,620.0
8387,die,SIBUTU SOUTHERN SAMA,matej,m a t e j,4 7 1 7 6,AXBYN,MATEJ,103.0,103.M.C 103.A.V 103.T.C 103.E.V 103.J.c,2.0 1.5 1.75 1.3 0.8,matej,0.0,624.0
8479,die,SOGODNIN BORACAY,tigbak,t i g b a k,1 7 1 1 7 1,AXMBYN,TIKPAK,105.0,105.T.C 105.I.V 105.K.c 105.P.C 105.A.V 105.K.c,2.0 1.5 1.1 1.75 1.3 0.8,tigbak,0.0,681.0
8571,die,SOUTH SAAMI,jaemə,j a e m ə,6 7 7 4 7,AXYBZ,JAEME,106.0,106.J.C 106.A.V 106.E.V 106.M.C 106.E.V,2.0 1.5 1.3 1.75 0.8,jaemə,0.0,682.0
8663,die,SOUTHERN CATANDUANES,gadan,g a d a n,1 7 1 7 4,AXBYN,KATAN,107.0,107.K.C 107.A.V 107.T.C 107.A.V 107.N.c,2.0 1.5 1.75 1.3 0.8,gadan,0.0,623.0
8755,die,SOUTHERN SORSOGON,mataj,m a t a j,4 7 1 7 6,AXBYN,MATAJ,109.0,109.M.C 109.A.V 109.T.C 109.A.V 109.J.c,2.0 1.5 1.75 1.3 0.8,mataj,0.0,624.0
8847,die,SOUTHWEST PALAWANO,patej,p a t e j,1 7 1 7 6,AXBYN,PATEJ,110.0,110.P.C 110.A.V 110.T.C 110.E.V 110.J.c,2.0 1.5 1.75 1.3 0.8,patej,0.0,624.0
8939,die,SPANISH,mori,m o r i,4 7 5 7,AXBZ,MURI,111.0,111.M.C 111.U.V 111.R.C 111.I.V,2.0 1.5 1.75 0.8,mori,0.0,687.0
9215,die,SURIGAONON,pataj,p a t a j,1 7 1 7 6,AXBYN,PATAJ,114.0,114.P.C 114.A.V 114.T.C 114.A.V 114.J.c,2.0 1.5 1.75 1.3 0.8,pataj,0.0,624.0
9307,die,TAGABAWA,mate,m a t e,4 7 1 7,AXBZ,MATE,115.0,115.M.C 115.A.V 115.T.C 115.E.V,2.0 1.5 1.75 0.8,mate,0.0,624.0
9491,die,TAGALOG,pataj,p a t a j,1 7 1 7 6,AXBYN,PATAJ,117.0,117.P.C 117.A.V 117.T.C 117.A.V 117.J.c,2.0 1.5 1.75 1.3 0.8,pataj,0.0,624.0
9859,die,TIMUGON MURUT,patoj,p a t o j,1 7 1 7 6,AXBYN,PATUJ,121.0,121.P.C 121.A.V 121.T.C 121.U.V 121.J.c,2.0 1.5 1.75 1.3 0.8,patoj,0.0,624.0
9951,die,TIRURAY,fandus,f a n d u s,3 7 4 1 7 3,AXMBYN,BANTYS,122.0,122.B.C 122.A.V 122.N.c 122.T.C 122.Y.V 122.S.c,2.0 1.5 1.1 1.75 1.3 0.8,fandus,0.0,678.0
10043,die,TURKISH,zar,z a r,3 7 5,AXN,SAR,123.0,123.S.C 123.A.V 123.R.c,2.0 1.5 0.8,zar,0.0,626.0
10135,die,UGARITIC,mt,m t,4 1,AN,MT,124.0,124.M.C 124.T.c,2.0 0.8,mt,0.0,694.0
10319,die,WARAY WARAY,mataj,m a t a j,4 7 1 7 6,AXBYN,MATAJ,126.0,126.M.C 126.A.V 126.T.C 126.A.V 126.J.c,2.0 1.5 1.75 1.3 0.8,mataj,0.0,624.0
10411,die,YAKAN,matej,m a t e j,4 7 1 7 6,AXBYN,MATEJ,127.0,127.M.C 127.A.V 127.T.C 127.E.V 127.J.c,2.0 1.5 1.75 1.3 0.8,matej,0.0,624.0
10503,die,YOGAD,bajandag,b a j a n d a g,1 7 6 7 4 1 7 1,AXBYMBYN,PAJANTAK,128.0,128.P.C 128.A.V 128.J.C 128.A.V 128.N.c 128.T.C 128.A.V 128.K.c,2.0 1.5 1.75 1.3 1.1 1.75 1.3 0.8,bajandag,0.0,697.0
10595,die,ZAMBOANGUENO,mori,m o r i,4 7 5 7,AXBZ,MURI,129.0,129.M.C 129.U.V 129.R.C 129.I.V,2.0 1.5 1.75 0.8,mori,0.0,687.0
10687,die,IMOROD,zakat,z a k a t,3 7 1 7 1,AXBYN,SAKAT,46.0,46.S.C 46.A.V 46.K.C 46.A.V 46.T.c,2.0 1.5 1.75 1.3 0.8,zakat,0.0,645.0
10779,die,BABUYAN,diman,d i m a n,1 7 4 7 4,AXBYN,TIMAN,5.0,5.T.C 5.I.V 5.M.C 5.A.V 5.N.c,2.0 1.5 1.75 1.3 0.8,diman,0.0,617.0
10871,die,BISAYA SABAH,matai,m a t a i,4 7 1 7 7,AXBYZ,MATAI,14.0,14.M.C 14.A.V 14.T.C 14.A.V 14.I.V,2.0 1.5 1.75 1.3 0.8,matai,0.0,624.0
10963,die,CAPIZNON,mapataj,m a p a t a j,4 7 1 7 1 7 6,AXBYBYN,MAPATAJ,21.0,21.M.C 21.A.V 21.P.C 21.A.V 21.T.C 21.A.V 21.J.c,2.0 1.5 1.75 1.3 1.75 1.3 0.8,mapataj,0.0,624.0
11055,die,FINALLIG,matoj,m a t o j,4 7 1 7 6,AXBYN,MATUJ,31.0,31.M.C 31.A.V 31.T.C 31.U.V 31.J.c,2.0 1.5 1.75 1.3 0.8,matoj,0.0,624.0
11147,die,HILIGAYNON,pataj,p a t a j,1 7 1 7 6,AXBYN,PATAJ,37.0,37.P.C 37.A.V 37.T.C 37.A.V 37.J.c,2.0 1.5 1.75 1.3 0.8,pataj,0.0,624.0
11239,die,INABAKNON,mataj,m a t a j,4 7 1 7 6,AXBYN,MATAJ,47.0,47.M.C 47.A.V 47.T.C 47.A.V 47.J.c,2.0 1.5 1.75 1.3 0.8,mataj,0.0,624.0
11423,die,KANKANAEY,matej,m a t e j,4 7 1 7 6,AXBYN,MATEJ,62.0,62.M.C 62.A.V 62.T.C 62.E.V 62.J.c,2.0 1.5 1.75 1.3 0.8,matej,0.0,624.0
11791,die,SOUTHERN KALINGA,matoj,m a t o j,4 7 1 7 6,AXBYN,MATUJ,108.0,108.M.C 108.A.V 108.T.C 108.U.V 108.J.c,2.0 1.5 1.75 1.3 0.8,matoj,0.0,624.0
16,dog,AGTA,otu,o t u,7 1 7,XBZ,UTY,1.0,1.U.V 1.T.C 1.Y.V,1.5 1.75 0.8,otu,0.0,708.0
108,dog,AKLANON,ajam,a j a m,7 6 7 4,XBYN,AJAM,2.0,2.A.V 2.J.C 2.A.V 2.M.c,1.5 1.75 1.3 0.8,ajam,0.0,699.0
200,dog,ARTA,lapul,l a p u l,5 7 1 7 5,AXBYN,LAPYL,3.0,3.L.C 3.A.V 3.P.C 3.Y.V 3.L.c,2.0 1.5 1.75 1.3 0.8,lapul,0.0,700.0
292,dog,ATTA PAMPLONA,itu,i t u,7 1 7,XBZ,ITY,4.0,4.I.V 4.T.C 4.Y.V,1.5 1.75 0.8,itu,0.0,708.0
384,dog,BAJAU WEST COAST,uwaʔ,u w a ʔ,7 6 7 1,XBYN,YWAH,6.0,6.Y.V 6.W.C 6.A.V 6.H.c,1.5 1.75 1.3 0.8,uwaʔ,0.0,703.0
476,dog,BALANGAW,aho,a h o,7 3 7,XBZ,AHU,7.0,7.A.V 7.H.C 7.U.V,1.5 1.75 0.8,aho,0.0,723.0
568,dog,BALANGINGI SAMA,edo,e d o,7 1 7,XBZ,ETU,8.0,8.E.V 8.T.C 8.U.V,1.5 1.75 0.8,edo,0.0,708.0
660,dog,BANTON BANTOANON,iroʔ,i r o ʔ,7 5 7 1,XBYN,IRUH,9.0,9.I.V 9.R.C 9.U.V 9.H.c,1.5 1.75 1.3 0.8,iroʔ,0.0,706.0
752,dog,BASQUE,zakur,z a k u r,3 7 1 7 5,AXBYN,SAKYR,10.0,10.S.C 10.A.V 10.K.C 10.Y.V 10.R.c,2.0 1.5 1.75 1.3 0.8,zakur,0.0,707.0
844,dog,BATAK PALAWAN,kəʔdəŋ,k ə ʔ d ə ŋ,1 7 1 1 7 4,AXMBYN,KEHTEN,11.0,11.K.C 11.E.V 11.H.c 11.T.C 11.E.V 11.N.c,2.0 1.5 1.1 1.75 1.3 0.8,kəʔdəŋ,0.0,708.0
936,dog,BILAAN KORONADAL,ajəm,a j ə m,7 6 7 4,XBYN,AJEM,12.0,12.A.V 12.J.C 12.E.V 12.M.c,1.5 1.75 1.3 0.8,ajəm,0.0,699.0
1028,dog,BILAAN SARANGANI,ajəm,a j ə m,7 6 7 4,XBYN,AJEM,13.0,13.A.V 13.J.C 13.E.V 13.M.c,1.5 1.75 1.3 0.8,ajəm,0.0,699.0
1120,dog,BONGGI,asu,a s u,7 3 7,XBZ,ASY,15.0,15.A.V 15.S.C 15.Y.V,1.5 1.75 0.8,asu,0.0,723.0
1212,dog,BONTOC GUINAANG,aso,a s o,7 3 7,XBZ,ASU,16.0,16.A.V 16.S.C 16.U.V,1.5 1.75 0.8,aso,0.0,723.0
1304,dog,BUHI,ʔajam,ʔ a j a m,1 7 6 7 4,AXBYN,HAJAM,17.0,17.H.C 17.A.V 17.J.C 17.A.V 17.M.c,2.0 1.5 1.75 1.3 0.8,ʔajam,0.0,699.0
1396,dog,BUKIDNON BINUKID,asu,a s u,7 3 7,XBZ,ASY,18.0,18.A.V 18.S.C 18.Y.V,1.5 1.75 0.8,asu,0.0,723.0
1488,dog,BUTUANON,gadja,g a d j a,1 7 1 6 7,AXBCZ,KATJA,19.0,19.K.C 19.A.V 19.T.C 19.J.C 19.A.V,2.0 1.5 1.75 1.5 0.8,gadja,0.0,716.0
1580,dog,CAIJIA,khui,kh u i,1 7 7,AXZ,KYI,20.0,20.K.C 20.Y.V 20.I.V,2.0 1.5 0.8,khui,0.0,717.0
1672,dog,CEBUANO,iroʔ,i r o ʔ,7 5 7 1,XBYN,IRUH,22.0,22.I.V 22.R.C 22.U.V 22.H.c,1.5 1.75 1.3 0.8,iroʔ,0.0,706.0
1764,dog,CENTRAL TAGBANWA,kiriŋ,k i r i ŋ,1 7 5 7 4,AXBYN,KIRIN,23.0,23.K.C 23.I.V 23.R.C 23.I.V 23.N.c,2.0 1.5 1.75 1.3 0.8,kiriŋ,0.0,717.0
1856,dog,CUYONON,tjuʔ,t j u ʔ,1 6 7 1,ACXN,TJYH,24.0,24.T.C 24.J.C 24.Y.V 24.H.c,2.0 1.5 1.5 0.8,tjuʔ,0.0,716.0
1948,dog,DARAGA,ʔajam,ʔ a j a m,1 7 6 7 4,AXBYN,HAJAM,25.0,25.H.C 25.A.V 25.J.C 25.A.V 25.M.c,2.0 1.5 1.75 1.3 0.8,ʔajam,0.0,699.0
2040,dog,DUMAGAT CASIGURAN,asoʔ,a s o ʔ,7 3 7 1,XBYN,ASUH,26.0,26.A.V 26.S.C 26.U.V 26.H.c,1.5 1.75 1.3 0.8,asoʔ,0.0,723.0
2132,dog,DUPANINGAN AGTA,asuʔ,a s u ʔ,7 3 7 1,XBYN,ASYH,27.0,27.A.V 27.S.C 27.Y.V 27.H.c,1.5 1.75 1.3 0.8,asuʔ,0.0,723.0
2224,dog,ENGLISH,dag,d a g,1 7 1,AXN,TAK,28.0,28.T.C 28.A.V 28.K.c,2.0 1.5 0.8,dag,0.0,725.0
2316,dog,ESKAYAN,plodo,p l o d o,1 5 7 1 7,ACXBZ,PLUTU,29.0,29.P.C 29.L.C 29.U.V 29.T.C 29.U.V,2.0 1.5 1.5 1.75 0.8,plodo,0.0,726.0
2408,dog,ESTONIAN,koer,k o e r,1 7 7 5,AXYN,KUER,30.0,30.K.C 30.U.V 30.E.V 30.R.c,2.0 1.5 1.3 0.8,koer,0.0,717.0
2500,dog,FINNISH,koira,k o i r a,1 7 7 5 7,AXYBZ,KUIRA,32.0,32.K.C 32.U.V 32.I.V 32.R.C 32.A.V,2.0 1.5 1.3 1.75 0.8,koira,0.0,717.0
2592,dog,FUZHOU CHINESE,kheiŋ,kh e i ŋ,1 7 7 4,AXYN,KEIN,33.0,33.K.C 33.E.V 33.I.V 33.N.c,2.0 1.5 1.3 0.8,kheiŋ,0.0,717.0
2684,dog,GADDANG,atu,a t u,7 1 7,XBZ,ATY,34.0,34.A.V 34.T.C 34.Y.V,1.5 1.75 0.8,atu,0.0,708.0
2776,dog,HANUNOO,iduʔ,i d u ʔ,7 1 7 1,XBYN,ITYH,35.0,35.I.V 35.T.C 35.Y.V 35.H.c,1.5 1.75 1.3 0.8,iduʔ,0.0,708.0
2868,dog,HIGAONON BINUKID,asu,a s u,7 3 7,XBZ,ASY,36.0,36.A.V 36.S.C 36.Y.V,1.5 1.75 0.8,asu,0.0,723.0
2960,dog,HUNGARIAN,kuTa,k u a,1 7 7,AXZ,KYA,38.0,38.K.C 38.Y.V 38.A.V,2.0 1.5 0.8,kua,0.0,717.0
3052,dog,IBANAG,kitu,k i t u,1 7 1 7,AXBZ,KITY,39.0,39.K.C 39.I.V 39.T.C 39.Y.V,2.0 1.5 1.75 0.8,kitu,0.0,708.0
3144,dog,IDAAN,asu,a s u,7 3 7,XBZ,ASY,40.0,40.A.V 40.S.C 40.Y.V,1.5 1.75 0.8,asu,0.0,723.0
3236,dog,IFUGAO AMGANAD,kahu,k a h u,1 7 3 7,AXBZ,KAHY,41.0,41.K.C 41.A.V 41.H.C 41.Y.V,2.0 1.5 1.75 0.8,kahu,0.0,723.0
3328,dog,IFUGAO BATAD,kahu,k a h u,1 7 3 7,AXBZ,KAHY,42.0,42.K.C 42.A.V 42.H.C 42.Y.V,2.0 1.5 1.75 0.8,kahu,0.0,723.0
3420,dog,IFUGAO BAYNINAN,kahu,k a h u,1 7 3 7,AXBZ,KAHY,43.0,43.K.C 43.A.V 43.H.C 43.Y.V,2.0 1.5 1.75 0.8,kahu,0.0,723.0
3512,dog,ILOKANO,aso,a s o,7 3 7,XBZ,ASU,44.0,44.A.V 44.S.C 44.U.V,1.5 1.75 0.8,aso,0.0,723.0
3604,dog,ILONGOT KAKIDUGEN,atu,a t u,7 1 7,XBZ,ATY,45.0,45.A.V 45.T.C 45.Y.V,1.5 1.75 0.8,atu,0.0,708.0
3696,dog,INIBALOI,aso,a s o,7 3 7,XBZ,ASU,48.0,48.A.V 48.S.C 48.U.V,1.5 1.75 0.8,aso,0.0,723.0
3788,dog,IRANUN,asu,a s u,7 3 7,XBZ,ASY,49.0,49.A.V 49.S.C 49.Y.V,1.5 1.75 0.8,asu,0.0,723.0
3880,dog,IRIGA,ʔajam,ʔ a j a m,1 7 6 7 4,AXBYN,HAJAM,50.0,50.H.C 50.A.V 50.J.C 50.A.V 50.M.c,2.0 1.5 1.75 1.3 0.8,ʔajam,0.0,699.0
3972,dog,ISNAG,atu,a t u,7 1 7,XBZ,ATY,51.0,51.A.V 51.T.C 51.Y.V,1.5 1.75 0.8,atu,0.0,708.0
4064,dog,ITAWIT,Etu,t u,1 7,AX,TY,52.0,52.T.C 52.Y.V,2.0 1.5,tu,0.0,708.0
4156,dog,ITNEG BINONGAN,aso,a s o,7 3 7,XBZ,ASU,53.0,53.A.V 53.S.C 53.U.V,1.5 1.75 0.8,aso,0.0,723.0
4248,dog,JAPANESE,inu,i n u,7 4 7,XBZ,INY,54.0,54.I.V 54.N.C 54.Y.V,1.5 1.75 0.8,inu,1.0,751.0
4340,dog,KADAZAN,tasu,t a s u,1 7 3 7,AXBZ,TASY,55.0,55.T.C 55.A.V 55.S.C 55.Y.V,2.0 1.5 1.75 0.8,tasu,0.0,723.0
4432,dog,KAGAYANEN,ajam,a j a m,7 6 7 4,XBYN,AJAM,56.0,56.A.V 56.J.C 56.A.V 56.M.c,1.5 1.75 1.3 0.8,ajam,0.0,699.0
4524,dog,KALAGAN,iduʔ,i d u ʔ,7 1 7 1,XBYN,ITYH,57.0,57.I.V 57.T.C 57.Y.V 57.H.c,1.5 1.75 1.3 0.8,iduʔ,0.0,708.0
4616,dog,KALINGA GUINAANG,asu,a s u,7 3 7,XBZ,ASY,59.0,59.A.V 59.S.C 59.Y.V,1.5 1.75 0.8,asu,0.0,723.0
4708,dog,KALINGA LIMOS,asu,a s u,7 3 7,XBZ,ASY,60.0,60.A.V 60.S.C 60.Y.V,1.5 1.75 0.8,asu,0.0,723.0
4800,dog,KALLAHAN KAYAPA PROPER,ahhu,a hh u,7 3 7,XBZ,AHY,61.0,61.A.V 61.H.C 61.Y.V,1.5 1.75 0.8,ahhu,0.0,723.0
4892,dog,KANKANAY NORTHERN,aso,a s o,7 3 7,XBZ,ASU,63.0,63.A.V 63.S.C 63.U.V,1.5 1.75 0.8,aso,0.0,723.0
4984,dog,KAPAMPANGAN,asu,a s u,7 3 7,XBZ,ASY,64.0,64.A.V 64.S.C 64.Y.V,1.5 1.75 0.8,asu,0.0,723.0
5076,dog,KINARAY A,ajam,a j a m,7 6 7 4,XBYN,AJAM,65.0,65.A.V 65.J.C 65.A.V 65.M.c,1.5 1.75 1.3 0.8,ajam,0.0,699.0
5168,dog,KOREAN,kE,k,1,A,K,66.0,66.K.C,2.0,k,0.0,763.0
5260,dog,LEGAZPI,ʔajam,ʔ a j a m,1 7 6 7 4,AXBYN,HAJAM,67.0,67.H.C 67.A.V 67.J.C 67.A.V 67.M.c,2.0 1.5 1.75 1.3 0.8,ʔajam,0.0,699.0
5352,dog,LIBON,ʔajam,ʔ a j a m,1 7 6 7 4,AXBYN,HAJAM,68.0,68.H.C 68.A.V 68.J.C 68.A.V 68.M.c,2.0 1.5 1.75 1.3 0.8,ʔajam,0.0,699.0
5444,dog,LIVE,pin,p i n,1 7 4,AXN,PIN,69.0,69.P.C 69.I.V 69.N.c,2.0 1.5 0.8,pin,0.0,751.0
5536,dog,MAMANWA,idoʔ,i d o ʔ,7 1 7 1,XBYN,ITUH,70.0,70.I.V 70.T.C 70.U.V 70.H.c,1.5 1.75 1.3 0.8,idoʔ,0.0,708.0
5628,dog,MANIDE,idiʔ,i d i ʔ,7 1 7 1,XBYN,ITIH,73.0,73.I.V 73.T.C 73.I.V 73.H.c,1.5 1.75 1.3 0.8,idiʔ,0.0,708.0
5720,dog,MANOBO ATA,asu,a s u,7 3 7,XBZ,ASY,74.0,74.A.V 74.S.C 74.Y.V,1.5 1.75 0.8,asu,0.0,723.0
5812,dog,MANOBO DIBABAWON,iduʔ,i d u ʔ,7 1 7 1,XBYN,ITYH,75.0,75.I.V 75.T.C 75.Y.V 75.H.c,1.5 1.75 1.3 0.8,iduʔ,0.0,708.0
5904,dog,MANOBO ILIANEN,asu,a s u,7 3 7,XBZ,ASY,76.0,76.A.V 76.S.C 76.Y.V,1.5 1.75 0.8,asu,0.0,723.0
5996,dog,MANOBO KALAMANSIG COTABATO,tujaŋ,t u j a ŋ,1 7 6 7 4,AXBYN,TYJAN,77.0,77.T.C 77.Y.V 77.J.C 77.A.V 77.N.c,2.0 1.5 1.75 1.3 0.8,tujaŋ,0.0,774.0
6088,dog,MANOBO SARANGANI,tojaŋ,t o j a ŋ,1 7 6 7 4,AXBYN,TUJAN,78.0,78.T.C 78.U.V 78.J.C 78.A.V 78.N.c,2.0 1.5 1.75 1.3 0.8,tojaŋ,0.0,774.0
6180,dog,MANOBO TIGWA,asu,a s u,7 3 7,XBZ,ASY,79.0,79.A.V 79.S.C 79.Y.V,1.5 1.75 0.8,asu,0.0,723.0
6272,dog,MANOBO WESTERN BUKIDNON,asu,a s u,7 3 7,XBZ,ASY,80.0,80.A.V 80.S.C 80.Y.V,1.5 1.75 0.8,asu,0.0,723.0
6364,dog,MANSAKA,iduʔ,i d u ʔ,7 1 7 1,XBYN,ITYH,81.0,81.I.V 81.T.C 81.Y.V 81.H.c,1.5 1.75 1.3 0.8,iduʔ,0.0,708.0
6456,dog,MAPUN,idoʔ,i d o ʔ,7 1 7 1,XBYN,ITUH,82.0,82.I.V 82.T.C 82.U.V 82.H.c,1.5 1.75 1.3 0.8,idoʔ,0.0,708.0
6548,dog,MARANAO,aso,a s o,7 3 7,XBZ,ASU,83.0,83.A.V 83.S.C 83.U.V,1.5 1.75 0.8,aso,0.0,723.0
6640,dog,MASBATENYO,aso,a s o,7 3 7,XBZ,ASU,84.0,84.A.V 84.S.C 84.U.V,1.5 1.75 0.8,aso,0.0,723.0
6732,dog,MINANGALI LOWER TANUDAN KALINGA,asu,a s u,7 3 7,XBZ,ASY,85.0,85.A.V 85.S.C 85.Y.V,1.5 1.75 0.8,asu,0.0,723.0
6824,dog,MOKSHA,pi5e,p i e,1 7 7,AXZ,PIE,86.0,86.P.C 86.I.V 86.E.V,2.0 1.5 0.8,pie,0.0,783.0
6916,dog,MOLBOG,idoŋ,i d o ŋ,7 1 7 4,XBYN,ITUN,87.0,87.I.V 87.T.C 87.U.V 87.N.c,1.5 1.75 1.3 0.8,idoŋ,0.0,708.0
7008,dog,MONGOLIAN,murtux,m u r t u x,4 7 5 1 7 3,AXMBYN,MYRTYG,88.0,88.M.C 88.Y.V 88.R.c 88.T.C 88.Y.V 88.G.c,2.0 1.5 1.1 1.75 1.3 0.8,murtux,0.0,785.0
7100,dog,MORO MAGINDANAU,asu,a s u,7 3 7,XBZ,ASY,89.0,89.A.V 89.S.C 89.Y.V,1.5 1.75 0.8,asu,0.0,723.0
7192,dog,NORTHERN CATANDUANES,ʔajam,ʔ a j a m,1 7 6 7 4,AXBYN,HAJAM,90.0,90.H.C 90.A.V 90.J.C 90.A.V 90.M.c,2.0 1.5 1.75 1.3 0.8,ʔajam,0.0,699.0
7284,dog,NORTHERN SORSOGON,ʔajam,ʔ a j a m,1 7 6 7 4,AXBYN,HAJAM,91.0,91.H.C 91.A.V 91.J.C 91.A.V 91.M.c,2.0 1.5 1.75 1.3 0.8,ʔajam,0.0,699.0
7376,dog,OAS,ʔajam,ʔ a j a m,1 7 6 7 4,AXBYN,HAJAM,92.0,92.H.C 92.A.V 92.J.C 92.A.V 92.M.c,2.0 1.5 1.75 1.3 0.8,ʔajam,0.0,699.0
7468,dog,PALAWANO BATAK,kədəŋ,k ə d ə ŋ,1 7 1 7 4,AXBYN,KETEN,93.0,93.K.C 93.E.V 93.T.C 93.E.V 93.N.c,2.0 1.5 1.75 1.3 0.8,kədəŋ,0.0,708.0
7560,dog,PANGASINAN,aso,a s o,7 3 7,XBZ,ASU,94.0,94.A.V 94.S.C 94.U.V,1.5 1.75 0.8,aso,0.0,723.0
7652,dog,PANGUTARAN SAMA,eroʔ,e r o ʔ,7 5 7 1,XBYN,ERUH,95.0,95.E.V 95.R.C 95.U.V 95.H.c,1.5 1.75 1.3 0.8,eroʔ,0.0,706.0
7744,dog,PROTO PALAWAN,ʔidəŋ,ʔ i d ə ŋ,1 7 1 7 4,AXBYN,HITEN,96.0,96.H.C 96.I.V 96.T.C 96.E.V 96.N.c,2.0 1.5 1.75 1.3 0.8,ʔidəŋ,0.0,708.0
7928,dog,ROMBLOMANON 2,ʔajam,ʔ a j a m,1 7 6 7 4,AXBYN,HAJAM,98.0,98.H.C 98.A.V 98.J.C 98.A.V 98.M.c,2.0 1.5 1.75 1.3 0.8,ʔajam,0.0,699.0
8020,dog,SAMAL,edoʔ,e d o ʔ,7 1 7 1,XBYN,ETUH,99.0,99.E.V 99.T.C 99.U.V 99.H.c,1.5 1.75 1.3 0.8,edoʔ,0.0,708.0
8112,dog,SAMBAL BOTOLAN,ahoʔ,a h o ʔ,7 3 7 1,XBYN,AHUH,100.0,100.A.V 100.H.C 100.U.V 100.H.c,1.5 1.75 1.3 0.8,ahoʔ,0.0,723.0
8204,dog,SANGIL SARANGANI ISLANDS,asu,a s u,7 3 7,XBZ,ASY,101.0,101.A.V 101.S.C 101.Y.V,1.5 1.75 0.8,asu,0.0,723.0
8296,dog,SEDANG,Co,o,7,X,U,102.0,102.U.V,1.5,o,0.0,798.0
8388,dog,SIBUTU SOUTHERN SAMA,eroʔ,e r o ʔ,7 5 7 1,XBYN,ERUH,103.0,103.E.V 103.R.C 103.U.V 103.H.c,1.5 1.75 1.3 0.8,eroʔ,0.0,706.0
8480,dog,SOGODNIN BORACAY,ajam,a j a m,7 6 7 4,XBYN,AJAM,105.0,105.A.V 105.J.C 105.A.V 105.M.c,1.5 1.75 1.3 0.8,ajam,0.0,699.0
8572,dog,SOUTH SAAMI,bəe5ə,b ə e ə,1 7 7 7,AXYZ,PEEE,106.0,106.P.C 106.E.V 106.E.V 106.E.V,2.0 1.5 1.3 0.8,bəeə,0.0,783.0
8664,dog,SOUTHERN CATANDUANES,ʔajam,ʔ a j a m,1 7 6 7 4,AXBYN,HAJAM,107.0,107.H.C 107.A.V 107.J.C 107.A.V 107.M.c,2.0 1.5 1.75 1.3 0.8,ʔajam,0.0,699.0
8756,dog,SOUTHERN SORSOGON,ʔajam,ʔ a j a m,1 7 6 7 4,AXBYN,HAJAM,109.0,109.H.C 109.A.V 109.J.C 109.A.V 109.M.c,2.0 1.5 1.75 1.3 0.8,ʔajam,0.0,699.0
8848,dog,SOUTHWEST PALAWANO,ideŋ,i d e ŋ,7 1 7 4,XBYN,ITEN,110.0,110.I.V 110.T.C 110.E.V 110.N.c,1.5 1.75 1.3 0.8,ideŋ,0.0,708.0
8940,dog,SPANISH,pero,p e r o,1 7 5 7,AXBZ,PERU,111.0,111.P.C 111.E.V 111.R.C 111.U.V,2.0 1.5 1.75 0.8,pero,0.0,706.0
9032,dog,SUBANON SIOCON,gajam,g a j a m,1 7 6 7 4,AXBYN,KAJAM,112.0,112.K.C 112.A.V 112.J.C 112.A.V 112.M.c,2.0 1.5 1.75 1.3 0.8,gajam,0.0,699.0
9124,dog,SUBANUN SINDANGAN,gituʔ,g i t u ʔ,1 7 1 7 1,AXBYN,KITYH,113.0,113.K.C 113.I.V 113.T.C 113.Y.V 113.H.c,2.0 1.5 1.75 1.3 0.8,gituʔ,0.0,708.0
9216,dog,SURIGAONON,ido,i d o,7 1 7,XBZ,ITU,114.0,114.I.V 114.T.C 114.U.V,1.5 1.75 0.8,ido,0.0,708.0
9308,dog,TAGABAWA,asu,a s u,7 3 7,XBZ,ASY,115.0,115.A.V 115.S.C 115.Y.V,1.5 1.75 0.8,asu,0.0,723.0
9400,dog,TAGABILI,ohuh,o h u h,7 3 7 3,XBYN,UHYH,116.0,116.U.V 116.H.C 116.Y.V 116.H.c,1.5 1.75 1.3 0.8,ohuh,0.0,723.0
9492,dog,TAGALOG,aso,a s o,7 3 7,XBZ,ASU,117.0,117.A.V 117.S.C 117.U.V,1.5 1.75 0.8,aso,0.0,723.0
9584,dog,TAGBANWA ABORLAN,kəʔdəŋ,k ə ʔ d ə ŋ,1 7 1 1 7 4,AXMBYN,KEHTEN,118.0,118.K.C 118.E.V 118.H.c 118.T.C 118.E.V 118.N.c,2.0 1.5 1.1 1.75 1.3 0.8,kəʔdəŋ,0.0,708.0
9676,dog,TAGBANWA KALAMIAN,kiruʔ,k i r u ʔ,1 7 5 7 1,AXBYN,KIRYH,119.0,119.K.C 119.I.V 119.R.C 119.Y.V 119.H.c,2.0 1.5 1.75 1.3 0.8,kiruʔ,0.0,706.0
9768,dog,TAUSUG,ʔiruʔ,ʔ i r u ʔ,1 7 5 7 1,AXBYN,HIRYH,120.0,120.H.C 120.I.V 120.R.C 120.Y.V 120.H.c,2.0 1.5 1.75 1.3 0.8,ʔiruʔ,0.0,706.0
9860,dog,TIMUGON MURUT,ukuʔ,u k u ʔ,7 1 7 1,XBYN,YKYH,121.0,121.Y.V 121.K.C 121.Y.V 121.H.c,1.5 1.75 1.3 0.8,ukuʔ,0.0,707.0
9952,dog,TIRURAY,ituʔ,i t u ʔ,7 1 7 1,XBYN,ITYH,122.0,122.I.V 122.T.C 122.Y.V 122.H.c,1.5 1.75 1.3 0.8,ituʔ,0.0,708.0
10044,dog,TURKISH,kəpek,k ə p e k,1 7 1 7 1,AXBYN,KEPEK,123.0,123.K.C 123.E.V 123.P.C 123.E.V 123.K.c,2.0 1.5 1.75 1.3 0.8,kəpek,0.0,819.0
10136,dog,UGARITIC,klb,k l b,1 5 1,AXN,KLP,124.0,124.K.C 124.L.V 124.P.c,2.0 1.5 0.8,klb,0.0,820.0
10320,dog,WARAY WARAY,ajam,a j a m,7 6 7 4,XBYN,AJAM,126.0,126.A.V 126.J.C 126.A.V 126.M.c,1.5 1.75 1.3 0.8,ajam,0.0,699.0
10412,dog,YAKAN,asu,a s u,7 3 7,XBZ,ASY,127.0,127.A.V 127.S.C 127.Y.V,1.5 1.75 0.8,asu,0.0,723.0
10504,dog,YOGAD,atu,a t u,7 1 7,XBZ,ATY,128.0,128.A.V 128.T.C 128.Y.V,1.5 1.75 0.8,atu,0.0,708.0
10596,dog,ZAMBOANGUENO,iru,i r u,7 5 7,XBZ,IRY,129.0,129.I.V 129.R.C 129.Y.V,1.5 1.75 0.8,iru,0.0,706.0
10688,dog,IMOROD,agsa,a gs a,7 1 7,XBZ,AKA,46.0,46.A.V 46.K.C 46.A.V,1.5 1.75 0.8,agsa,0.0,707.0
10780,dog,BABUYAN,Cito,i t o,7 1 7,XBZ,ITU,5.0,5.I.V 5.T.C 5.U.V,1.5 1.75 0.8,ito,0.0,708.0
10872,dog,BISAYA SABAH,asu,a s u,7 3 7,XBZ,ASY,14.0,14.A.V 14.S.C 14.Y.V,1.5 1.75 0.8,asu,0.0,723.0
10964,dog,CAPIZNON,ido,i d o,7 1 7,XBZ,ITU,21.0,21.I.V 21.T.C 21.U.V,1.5 1.75 0.8,ido,0.0,708.0
11056,dog,FINALLIG,aso,a s o,7 3 7,XBZ,ASU,31.0,31.A.V 31.S.C 31.U.V,1.5 1.75 0.8,aso,0.0,723.0
11148,dog,HILIGAYNON,idu,i d u,7 1 7,XBZ,ITY,37.0,37.I.V 37.T.C 37.Y.V,1.5 1.75 0.8,idu,0.0,708.0
11240,dog,INABAKNON,idoʔ,i d o ʔ,7 1 7 1,XBYN,ITUH,47.0,47.I.V 47.T.C 47.U.V 47.H.c,1.5 1.75 1.3 0.8,idoʔ,0.0,708.0
11332,dog,KALAGAN KAAGAN,iduʔ,i d u ʔ,7 1 7 1,XBYN,ITYH,58.0,58.I.V 58.T.C 58.Y.V 58.H.c,1.5 1.75 1.3 0.8,iduʔ,0.0,708.0
11424,dog,KANKANAEY,aso,a s o,7 3 7,XBZ,ASU,62.0,62.A.V 62.S.C 62.U.V,1.5 1.75 0.8,aso,0.0,723.0
11516,dog,MANDAYAN BOSO,iduʔ,i d u ʔ,7 1 7 1,XBYN,ITYH,71.0,71.I.V 71.T.C 71.Y.V 71.H.c,1.5 1.75 1.3 0.8,iduʔ,0.0,708.0
11608,dog,MANDAYAN ISLAM PISO,iduʔ,i d u ʔ,7 1 7 1,XBYN,ITYH,72.0,72.I.V 72.T.C 72.Y.V 72.H.c,1.5 1.75 1.3 0.8,iduʔ,0.0,708.0
11700,dog,SINAUNA,asu,a s u,7 3 7,XBZ,ASY,104.0,104.A.V 104.S.C 104.Y.V,1.5 1.75 0.8,asu,0.0,723.0
11792,dog,SOUTHERN KALINGA,asu,a s u,7 3 7,XBZ,ASY,108.0,108.A.V 108.S.C 108.Y.V,1.5 1.75 0.8,asu,0.0,723.0
17,drink,AGTA,uminum,u m i n u m,7 4 7 4 7 4,XBYBYN,YMINYM,1.0,1.Y.V 1.M.C 1.I.V 1.N.C 1.Y.V 1.M.c,1.5 1.75 1.3 1.75 1.3 0.8,uminum,0.0,834.0
109,drink,AKLANON,inum,i n u m,7 4 7 4,XBYN,INYM,2.0,2.I.V 2.N.C 2.Y.V 2.M.c,1.5 1.75 1.3 0.8,inum,0.0,834.0
201,drink,ARTA,matim,m a t i m,4 7 1 7 4,AXBYN,MATIM,3.0,3.M.C 3.A.V 3.T.C 3.I.V 3.M.c,2.0 1.5 1.75 1.3 0.8,matim,0.0,823.0
293,drink,ATTA PAMPLONA,amminum,a mm i n u m,7 4 7 4 7 4,XBYBYN,AMINYM,4.0,4.A.V 4.M.C 4.I.V 4.N.C 4.Y.V 4.M.c,1.5 1.75 1.3 1.75 1.3 0.8,amminum,0.0,834.0
385,drink,BAJAU WEST COAST,inum,i n u m,7 4 7 4,XBYN,INYM,6.0,6.I.V 6.N.C 6.Y.V 6.M.c,1.5 1.75 1.3 0.8,inum,0.0,834.0
477,drink,BALANGAW,inum,i n u m,7 4 7 4,XBYN,INYM,7.0,7.I.V 7.N.C 7.Y.V 7.M.c,1.5 1.75 1.3 0.8,inum,0.0,834.0
569,drink,BALANGINGI SAMA,inum,i n u m,7 4 7 4,XBYN,INYM,8.0,8.I.V 8.N.C 8.Y.V 8.M.c,1.5 1.75 1.3 0.8,inum,0.0,834.0
753,drink,BASQUE,edan,e d a n,7 1 7 4,XBYN,ETAN,10.0,10.E.V 10.T.C 10.A.V 10.N.c,1.5 1.75 1.3 0.8,edan,0.0,829.0
845,drink,BATAK PALAWAN,inum,i n u m,7 4 7 4,XBYN,INYM,11.0,11.I.V 11.N.C 11.Y.V 11.M.c,1.5 1.75 1.3 0.8,inum,0.0,834.0
937,drink,BILAAN KORONADAL,inum,i n u m,7 4 7 4,XBYN,INYM,12.0,12.I.V 12.N.C 12.Y.V 12.M.c,1.5 1.75 1.3 0.8,inum,0.0,834.0
1029,drink,BILAAN SARANGANI,minum,m i n u m,4 7 4 7 4,AXBYN,MINYM,13.0,13.M.C 13.I.V 13.N.C 13.Y.V 13.M.c,2.0 1.5 1.75 1.3 0.8,minum,0.0,834.0
1121,drink,BONGGI,eŋinum,e ŋ i n u m,7 4 7 4 7 4,XBYBYN,ENINYM,15.0,15.E.V 15.N.C 15.I.V 15.N.C 15.Y.V 15.M.c,1.5 1.75 1.3 1.75 1.3 0.8,eŋinum,0.0,834.0
1213,drink,BONTOC GUINAANG,inom,i n o m,7 4 7 4,XBYN,INUM,16.0,16.I.V 16.N.C 16.U.V 16.M.c,1.5 1.75 1.3 0.8,inom,0.0,834.0
1305,drink,BUHI,ʔinum,ʔ i n u m,1 7 4 7 4,AXBYN,HINYM,17.0,17.H.C 17.I.V 17.N.C 17.Y.V 17.M.c,2.0 1.5 1.75 1.3 0.8,ʔinum,0.0,834.0
1397,drink,BUKIDNON BINUKID,inum,i n u m,7 4 7 4,XBYN,INYM,18.0,18.I.V 18.N.C 18.Y.V 18.M.c,1.5 1.75 1.3 0.8,inum,0.0,834.0
1489,drink,BUTUANON,moinum,m o i n u m,4 7 7 4 7 4,AXYBYN,MUINYM,19.0,19.M.C 19.U.V 19.I.V 19.N.C 19.Y.V 19.M.c,2.0 1.5 1.3 1.75 1.3 0.8,moinum,0.0,834.0
1581,drink,CAIJIA,an,a n,7 4,XN,AN,20.0,20.A.V 20.N.c,1.5 0.8,an,0.0,829.0
1673,drink,CEBUANO,inum,i n u m,7 4 7 4,XBYN,INYM,22.0,22.I.V 22.N.C 22.Y.V 22.M.c,1.5 1.75 1.3 0.8,inum,0.0,834.0
1765,drink,CENTRAL TAGBANWA,inim,i n i m,7 4 7 4,XBYN,INIM,23.0,23.I.V 23.N.C 23.I.V 23.M.c,1.5 1.75 1.3 0.8,inim,0.0,834.0
1857,drink,CUYONON,inom,i n o m,7 4 7 4,XBYN,INUM,24.0,24.I.V 24.N.C 24.U.V 24.M.c,1.5 1.75 1.3 0.8,inom,0.0,834.0
1949,drink,DARAGA,ʔinum,ʔ i n u m,1 7 4 7 4,AXBYN,HINYM,25.0,25.H.C 25.I.V 25.N.C 25.Y.V 25.M.c,2.0 1.5 1.75 1.3 0.8,ʔinum,0.0,834.0
2041,drink,DUMAGAT CASIGURAN,uminom,u m i n o m,7 4 7 4 7 4,XBYBYN,YMINUM,26.0,26.Y.V 26.M.C 26.I.V 26.N.C 26.U.V 26.M.c,1.5 1.75 1.3 1.75 1.3 0.8,uminom,0.0,834.0
2133,drink,DUPANINGAN AGTA,magroŋroŋ,m a g r o ŋ r o ŋ,4 7 1 5 7 4 5 7 4,AXBCYBCYN,MAKRUNRUN,27.0,27.M.C 27.A.V 27.K.C 27.R.C 27.U.V 27.N.C 27.R.C 27.U.V 27.N.c,2.0 1.5 1.75 1.5 1.3 1.75 1.5 1.3 0.8,magroŋroŋ,0.0,846.0
2225,drink,ENGLISH,driŋk,d r i ŋ k,1 5 7 4 1,ACXLN,TRINK,28.0,28.T.C 28.R.C 28.I.V 28.N.c 28.K.c,2.0 1.5 1.5 1.1 0.8,driŋk,0.0,847.0
2317,drink,ESKAYAN,odʒirim,o dʒ i r i m,7 1 7 5 7 4,XBYBYN,UTIRIM,29.0,29.U.V 29.T.C 29.I.V 29.R.C 29.I.V 29.M.c,1.5 1.75 1.3 1.75 1.3 0.8,odʒirim,0.0,848.0
2409,drink,ESTONIAN,dʒo,dʒ o,1 7,AX,TU,30.0,30.T.C 30.U.V,2.0 1.5,dʒo,0.0,849.0
2501,drink,FINNISH,dʒuo,dʒ u o,1 7 7,AXZ,TYU,32.0,32.T.C 32.Y.V 32.U.V,2.0 1.5 0.8,dʒuo,0.0,849.0
2593,drink,FUZHOU CHINESE,tʃiok,tʃ i o k,1 7 7 1,AXYN,TIUK,33.0,33.T.C 33.I.V 33.U.V 33.K.c,2.0 1.5 1.3 0.8,tʃiok,0.0,849.0
2685,drink,GADDANG,minum,m i n u m,4 7 4 7 4,AXBYN,MINYM,34.0,34.M.C 34.I.V 34.N.C 34.Y.V 34.M.c,2.0 1.5 1.75 1.3 0.8,minum,0.0,834.0
2777,drink,HANUNOO,uminum,u m i n u m,7 4 7 4 7 4,XBYBYN,YMINYM,35.0,35.Y.V 35.M.C 35.I.V 35.N.C 35.Y.V 35.M.c,1.5 1.75 1.3 1.75 1.3 0.8,uminum,0.0,834.0
2869,drink,HIGAONON BINUKID,inum,i n u m,7 4 7 4,XBYN,INYM,36.0,36.I.V 36.N.C 36.Y.V 36.M.c,1.5 1.75 1.3 0.8,inum,0.0,834.0
2961,drink,HUNGARIAN,in,i n,7 4,XN,IN,38.0,38.I.V 38.N.c,1.5 0.8,in,0.0,829.0
3053,drink,IBANAG,uminum,u m i n u m,7 4 7 4 7 4,XBYBYN,YMINYM,39.0,39.Y.V 39.M.C 39.I.V 39.N.C 39.Y.V 39.M.c,1.5 1.75 1.3 1.75 1.3 0.8,uminum,0.0,834.0
3145,drink,IDAAN,minum,m i n u m,4 7 4 7 4,AXBYN,MINYM,40.0,40.M.C 40.I.V 40.N.C 40.Y.V 40.M.c,2.0 1.5 1.75 1.3 0.8,minum,0.0,834.0
3237,drink,IFUGAO AMGANAD,uminum,u m i n u m,7 4 7 4 7 4,XBYBYN,YMINYM,41.0,41.Y.V 41.M.C 41.I.V 41.N.C 41.Y.V 41.M.c,1.5 1.75 1.3 1.75 1.3 0.8,uminum,0.0,834.0
3329,drink,IFUGAO BATAD,inum,i n u m,7 4 7 4,XBYN,INYM,42.0,42.I.V 42.N.C 42.Y.V 42.M.c,1.5 1.75 1.3 0.8,inum,0.0,834.0
3421,drink,IFUGAO BAYNINAN,uminum,u m i n u m,7 4 7 4 7 4,XBYBYN,YMINYM,43.0,43.Y.V 43.M.C 43.I.V 43.N.C 43.Y.V 43.M.c,1.5 1.75 1.3 1.75 1.3 0.8,uminum,0.0,834.0
3513,drink,ILOKANO,inom,i n o m,7 4 7 4,XBYN,INUM,44.0,44.I.V 44.N.C 44.U.V 44.M.c,1.5 1.75 1.3 0.8,inom,0.0,834.0
3605,drink,ILONGOT KAKIDUGEN,inum,i n u m,7 4 7 4,XBYN,INYM,45.0,45.I.V 45.N.C 45.Y.V 45.M.c,1.5 1.75 1.3 0.8,inum,0.0,834.0
3697,drink,INIBALOI,inom,i n o m,7 4 7 4,XBYN,INUM,48.0,48.I.V 48.N.C 48.U.V 48.M.c,1.5 1.75 1.3 0.8,inom,0.0,834.0
3789,drink,IRANUN,inem,i n e m,7 4 7 4,XBYN,INEM,49.0,49.I.V 49.N.C 49.E.V 49.M.c,1.5 1.75 1.3 0.8,inem,0.0,834.0
3881,drink,IRIGA,ʔinum,ʔ i n u m,1 7 4 7 4,AXBYN,HINYM,50.0,50.H.C 50.I.V 50.N.C 50.Y.V 50.M.c,2.0 1.5 1.75 1.3 0.8,ʔinum,0.0,834.0
3973,drink,ISNAG,inum,i n u m,7 4 7 4,XBYN,INYM,51.0,51.I.V 51.N.C 51.Y.V 51.M.c,1.5 1.75 1.3 0.8,inum,0.0,834.0
4065,drink,ITAWIT,inum,i n u m,7 4 7 4,XBYN,INYM,52.0,52.I.V 52.N.C 52.Y.V 52.M.c,1.5 1.75 1.3 0.8,inum,0.0,834.0
4157,drink,ITNEG BINONGAN,ominom,o m i n o m,7 4 7 4 7 4,XBYBYN,UMINUM,53.0,53.U.V 53.M.C 53.I.V 53.N.C 53.U.V 53.M.c,1.5 1.75 1.3 1.75 1.3 0.8,ominom,0.0,834.0
4249,drink,JAPANESE,nomu,n o m u,4 7 4 7,AXBZ,NUMY,54.0,54.N.C 54.U.V 54.M.C 54.Y.V,2.0 1.5 1.75 0.8,nomu,0.0,834.0
4341,drink,KADAZAN,inumon,i n u m o n,7 4 7 4 7 4,XBYBYN,INYMUN,55.0,55.I.V 55.N.C 55.Y.V 55.M.C 55.U.V 55.N.c,1.5 1.75 1.3 1.75 1.3 0.8,inumon,0.0,834.0
4433,drink,KAGAYANEN,inəm,i n ə m,7 4 7 4,XBYN,INEM,56.0,56.I.V 56.N.C 56.E.V 56.M.c,1.5 1.75 1.3 0.8,inəm,0.0,834.0
4525,drink,KALAGAN,inəm,i n ə m,7 4 7 4,XBYN,INEM,57.0,57.I.V 57.N.C 57.E.V 57.M.c,1.5 1.75 1.3 0.8,inəm,0.0,834.0
4617,drink,KALINGA GUINAANG,uminum,u m i n u m,7 4 7 4 7 4,XBYBYN,YMINYM,59.0,59.Y.V 59.M.C 59.I.V 59.N.C 59.Y.V 59.M.c,1.5 1.75 1.3 1.75 1.3 0.8,uminum,0.0,834.0
4709,drink,KALINGA LIMOS,inum,i n u m,7 4 7 4,XBYN,INYM,60.0,60.I.V 60.N.C 60.Y.V 60.M.c,1.5 1.75 1.3 0.8,inum,0.0,834.0
4801,drink,KALLAHAN KAYAPA PROPER,manʔinnum,m a n ʔ i nn u m,4 7 4 1 7 4 7 4,AXMBYBYN,MANHINYM,61.0,61.M.C 61.A.V 61.N.c 61.H.C 61.I.V 61.N.C 61.Y.V 61.M.c,2.0 1.5 1.1 1.75 1.3 1.75 1.3 0.8,manʔinnum,0.0,834.0
4893,drink,KANKANAY NORTHERN,ominom,o m i n o m,7 4 7 4 7 4,XBYBYN,UMINUM,63.0,63.U.V 63.M.C 63.I.V 63.N.C 63.U.V 63.M.c,1.5 1.75 1.3 1.75 1.3 0.8,ominom,0.0,834.0
4985,drink,KAPAMPANGAN,inum,i n u m,7 4 7 4,XBYN,INYM,64.0,64.I.V 64.N.C 64.Y.V 64.M.c,1.5 1.75 1.3 0.8,inum,0.0,834.0
5077,drink,KINARAY A,inom,i n o m,7 4 7 4,XBYN,INUM,65.0,65.I.V 65.N.C 65.U.V 65.M.c,1.5 1.75 1.3 0.8,inom,0.0,834.0
5169,drink,KOREAN,masi,m a s i,4 7 3 7,AXBZ,MASI,66.0,66.M.C 66.A.V 66.S.C 66.I.V,2.0 1.5 1.75 0.8,masi,0.0,823.0
5261,drink,LEGAZPI,ʔinum,ʔ i n u m,1 7 4 7 4,AXBYN,HINYM,67.0,67.H.C 67.I.V 67.N.C 67.Y.V 67.M.c,2.0 1.5 1.75 1.3 0.8,ʔinum,0.0,834.0
5353,drink,LIBON,ʔinum,ʔ i n u m,1 7 4 7 4,AXBYN,HINYM,68.0,68.H.C 68.I.V 68.N.C 68.Y.V 68.M.c,2.0 1.5 1.75 1.3 0.8,ʔinum,0.0,834.0
5445,drink,LIVE,dʒuodjo,dʒ u o d j o,1 7 7 1 6 7,AXYBCZ,TYUTJU,69.0,69.T.C 69.Y.V 69.U.V 69.T.C 69.J.C 69.U.V,2.0 1.5 1.3 1.75 1.5 0.8,dʒuodjo,0.0,888.0
5537,drink,MAMANWA,inəm,i n ə m,7 4 7 4,XBYN,INEM,70.0,70.I.V 70.N.C 70.E.V 70.M.c,1.5 1.75 1.3 0.8,inəm,0.0,834.0
5721,drink,MANOBO ATA,inum,i n u m,7 4 7 4,XBYN,INYM,74.0,74.I.V 74.N.C 74.Y.V 74.M.c,1.5 1.75 1.3 0.8,inum,0.0,834.0
5813,drink,MANOBO DIBABAWON,inəm,i n ə m,7 4 7 4,XBYN,INEM,75.0,75.I.V 75.N.C 75.E.V 75.M.c,1.5 1.75 1.3 0.8,inəm,0.0,834.0
5905,drink,MANOBO ILIANEN,inum,i n u m,7 4 7 4,XBYN,INYM,76.0,76.I.V 76.N.C 76.Y.V 76.M.c,1.5 1.75 1.3 0.8,inum,0.0,834.0
5997,drink,MANOBO KALAMANSIG COTABATO,inəm,i n ə m,7 4 7 4,XBYN,INEM,77.0,77.I.V 77.N.C 77.E.V 77.M.c,1.5 1.75 1.3 0.8,inəm,0.0,834.0
6089,drink,MANOBO SARANGANI,inom,i n o m,7 4 7 4,XBYN,INUM,78.0,78.I.V 78.N.C 78.U.V 78.M.c,1.5 1.75 1.3 0.8,inom,0.0,834.0
6181,drink,MANOBO TIGWA,inum,i n u m,7 4 7 4,XBYN,INYM,79.0,79.I.V 79.N.C 79.Y.V 79.M.c,1.5 1.75 1.3 0.8,inum,0.0,834.0
6273,drink,MANOBO WESTERN BUKIDNON,inum,i n u m,7 4 7 4,XBYN,INYM,80.0,80.I.V 80.N.C 80.Y.V 80.M.c,1.5 1.75 1.3 0.8,inum,0.0,834.0
6365,drink,MANSAKA,inəm,i n ə m,7 4 7 4,XBYN,INEM,81.0,81.I.V 81.N.C 81.E.V 81.M.c,1.5 1.75 1.3 0.8,inəm,0.0,834.0
6457,drink,MAPUN,inum,i n u m,7 4 7 4,XBYN,INYM,82.0,82.I.V 82.N.C 82.Y.V 82.M.c,1.5 1.75 1.3 0.8,inum,0.0,834.0
6549,drink,MARANAO,inom,i n o m,7 4 7 4,XBYN,INUM,83.0,83.I.V 83.N.C 83.U.V 83.M.c,1.5 1.75 1.3 0.8,inom,0.0,834.0
6641,drink,MASBATENYO,maginom,m a g i n o m,4 7 1 7 4 7 4,AXBYBYN,MAKINUM,84.0,84.M.C 84.A.V 84.K.C 84.I.V 84.N.C 84.U.V 84.M.c,2.0 1.5 1.75 1.3 1.75 1.3 0.8,maginom,0.0,834.0
6733,drink,MINANGALI LOWER TANUDAN KALINGA,uminum,u m i n u m,7 4 7 4 7 4,XBYBYN,YMINYM,85.0,85.Y.V 85.M.C 85.I.V 85.N.C 85.Y.V 85.M.c,1.5 1.75 1.3 1.75 1.3 0.8,uminum,0.0,834.0
6825,drink,MOKSHA,sjimoms,s j i m o ms,3 6 7 4 7 4,ACXBYN,SJIMUM,86.0,86.S.C 86.J.C 86.I.V 86.M.C 86.U.V 86.M.c,2.0 1.5 1.5 1.75 1.3 0.8,sjimoms,0.0,904.0
6917,drink,MOLBOG,inum,i n u m,7 4 7 4,XBYN,INYM,87.0,87.I.V 87.N.C 87.Y.V 87.M.c,1.5 1.75 1.3 0.8,inum,0.0,834.0
7009,drink,MONGOLIAN,untLa,u n t a,7 4 1 7,XMBZ,YNTA,88.0,88.Y.V 88.N.c 88.T.C 88.A.V,1.5 1.1 1.75 0.8,unta,0.0,829.0
7101,drink,MORO MAGINDANAU,inum,i n u m,7 4 7 4,XBYN,INYM,89.0,89.I.V 89.N.C 89.Y.V 89.M.c,1.5 1.75 1.3 0.8,inum,0.0,834.0
7193,drink,NORTHERN CATANDUANES,ʔinum,ʔ i n u m,1 7 4 7 4,AXBYN,HINYM,90.0,90.H.C 90.I.V 90.N.C 90.Y.V 90.M.c,2.0 1.5 1.75 1.3 0.8,ʔinum,0.0,834.0
7285,drink,NORTHERN SORSOGON,ʔinum,ʔ i n u m,1 7 4 7 4,AXBYN,HINYM,91.0,91.H.C 91.I.V 91.N.C 91.Y.V 91.M.c,2.0 1.5 1.75 1.3 0.8,ʔinum,0.0,834.0
7377,drink,OAS,ʔinum,ʔ i n u m,1 7 4 7 4,AXBYN,HINYM,92.0,92.H.C 92.I.V 92.N.C 92.Y.V 92.M.c,2.0 1.5 1.75 1.3 0.8,ʔinum,0.0,834.0
7469,drink,PALAWANO BATAK,inum,i n u m,7 4 7 4,XBYN,INYM,93.0,93.I.V 93.N.C 93.Y.V 93.M.c,1.5 1.75 1.3 0.8,inum,0.0,834.0
7561,drink,PANGASINAN,inom,i n o m,7 4 7 4,XBYN,INUM,94.0,94.I.V 94.N.C 94.U.V 94.M.c,1.5 1.75 1.3 0.8,inom,0.0,834.0
7653,drink,PANGUTARAN SAMA,inum,i n u m,7 4 7 4,XBYN,INYM,95.0,95.I.V 95.N.C 95.Y.V 95.M.c,1.5 1.75 1.3 0.8,inum,0.0,834.0
7745,drink,PROTO PALAWAN,ʔinum,ʔ i n u m,1 7 4 7 4,AXBYN,HINYM,96.0,96.H.C 96.I.V 96.N.C 96.Y.V 96.M.c,2.0 1.5 1.75 1.3 0.8,ʔinum,0.0,834.0
7837,drink,QUEZON PALAWAN,minum,m i n u m,4 7 4 7 4,AXBYN,MINYM,97.0,97.M.C 97.I.V 97.N.C 97.Y.V 97.M.c,2.0 1.5 1.75 1.3 0.8,minum,0.0,834.0
7929,drink,ROMBLOMANON 2,inum,i n u m,7 4 7 4,XBYN,INYM,98.0,98.I.V 98.N.C 98.Y.V 98.M.c,1.5 1.75 1.3 0.8,inum,0.0,834.0
8021,drink,SAMAL,inum,i n u m,7 4 7 4,XBYN,INYM,99.0,99.I.V 99.N.C 99.Y.V 99.M.c,1.5 1.75 1.3 0.8,inum,0.0,834.0
8113,drink,SAMBAL BOTOLAN,minom,m i n o m,4 7 4 7 4,AXBYN,MINUM,100.0,100.M.C 100.I.V 100.N.C 100.U.V 100.M.c,2.0 1.5 1.75 1.3 0.8,minom,0.0,834.0
8205,drink,SANGIL SARANGANI ISLANDS,maŋinuŋ,m a ŋ i n u ŋ,4 7 4 7 4 7 4,AXBYBYN,MANINYN,101.0,101.M.C 101.A.V 101.N.C 101.I.V 101.N.C 101.Y.V 101.N.c,2.0 1.5 1.75 1.3 1.75 1.3 0.8,maŋinuŋ,0.0,834.0
8297,drink,SEDANG,ou,o u,7 7,XZ,UY,102.0,102.U.V 102.Y.V,1.5 0.8,ou,1.0,920.0
8389,drink,SIBUTU SOUTHERN SAMA,inum,i n u m,7 4 7 4,XBYN,INYM,103.0,103.I.V 103.N.C 103.Y.V 103.M.c,1.5 1.75 1.3 0.8,inum,0.0,834.0
8481,drink,SOGODNIN BORACAY,iʔinom,i ʔ i n o m,7 1 7 4 7 4,XBYBYN,IHINUM,105.0,105.I.V 105.H.C 105.I.V 105.N.C 105.U.V 105.M.c,1.5 1.75 1.3 1.75 1.3 0.8,iʔinom,0.0,834.0
8573,drink,SOUTH SAAMI,jowkə,j o w k ə,6 7 6 1 7,AXMBZ,JUWKE,106.0,106.J.C 106.U.V 106.W.c 106.K.C 106.E.V,2.0 1.5 1.1 1.75 0.8,jowkə,0.0,924.0
8665,drink,SOUTHERN CATANDUANES,ʔinum,ʔ i n u m,1 7 4 7 4,AXBYN,HINYM,107.0,107.H.C 107.I.V 107.N.C 107.Y.V 107.M.c,2.0 1.5 1.75 1.3 0.8,ʔinum,0.0,834.0
8757,drink,SOUTHERN SORSOGON,ʔinum,ʔ i n u m,1 7 4 7 4,AXBYN,HINYM,109.0,109.H.C 109.I.V 109.N.C 109.Y.V 109.M.c,2.0 1.5 1.75 1.3 0.8,ʔinum,0.0,834.0
8849,drink,SOUTHWEST PALAWANO,inom,i n o m,7 4 7 4,XBYN,INUM,110.0,110.I.V 110.N.C 110.U.V 110.M.c,1.5 1.75 1.3 0.8,inom,0.0,834.0
8941,drink,SPANISH,bebe,b e b e,1 7 1 7,AXBZ,PEPE,111.0,111.P.C 111.E.V 111.P.C 111.E.V,2.0 1.5 1.75 0.8,bebe,0.0,929.0
9033,drink,SUBANON SIOCON,minum,m i n u m,4 7 4 7 4,AXBYN,MINYM,112.0,112.M.C 112.I.V 112.N.C 112.Y.V 112.M.c,2.0 1.5 1.75 1.3 0.8,minum,0.0,834.0
9125,drink,SUBANUN SINDANGAN,minum,m i n u m,4 7 4 7 4,AXBYN,MINYM,113.0,113.M.C 113.I.V 113.N.C 113.Y.V 113.M.c,2.0 1.5 1.75 1.3 0.8,minum,0.0,834.0
9217,drink,SURIGAONON,inom,i n o m,7 4 7 4,XBYN,INUM,114.0,114.I.V 114.N.C 114.U.V 114.M.c,1.5 1.75 1.3 0.8,inom,0.0,834.0
9309,drink,TAGABAWA,inam,i n a m,7 4 7 4,XBYN,INAM,115.0,115.I.V 115.N.C 115.A.V 115.M.c,1.5 1.75 1.3 0.8,inam,0.0,834.0
9401,drink,TAGABILI,minum,m i n u m,4 7 4 7 4,AXBYN,MINYM,116.0,116.M.C 116.I.V 116.N.C 116.Y.V 116.M.c,2.0 1.5 1.75 1.3 0.8,minum,0.0,834.0
9493,drink,TAGALOG,inom,i n o m,7 4 7 4,XBYN,INUM,117.0,117.I.V 117.N.C 117.U.V 117.M.c,1.5 1.75 1.3 0.8,inom,0.0,834.0
9585,drink,TAGBANWA ABORLAN,inum,i n u m,7 4 7 4,XBYN,INYM,118.0,118.I.V 118.N.C 118.Y.V 118.M.c,1.5 1.75 1.3 0.8,inum,0.0,834.0
9677,drink,TAGBANWA KALAMIAN,inəm,i n ə m,7 4 7 4,XBYN,INEM,119.0,119.I.V 119.N.C 119.E.V 119.M.c,1.5 1.75 1.3 0.8,inəm,0.0,834.0
9769,drink,TAUSUG,magʔinum,m a g ʔ i n u m,4 7 1 1 7 4 7 4,AXMBYBYN,MAKHINYM,120.0,120.M.C 120.A.V 120.K.c 120.H.C 120.I.V 120.N.C 120.Y.V 120.M.c,2.0 1.5 1.1 1.75 1.3 1.75 1.3 0.8,magʔinum,0.0,834.0
9861,drink,TIMUGON MURUT,inum,i n u m,7 4 7 4,XBYN,INYM,121.0,121.I.V 121.N.C 121.Y.V 121.M.c,1.5 1.75 1.3 0.8,inum,0.0,834.0
9953,drink,TIRURAY,inem,i n e m,7 4 7 4,XBYN,INEM,122.0,122.I.V 122.N.C 122.E.V 122.M.c,1.5 1.75 1.3 0.8,inem,0.0,834.0
10045,drink,TURKISH,iCki,i k i,7 1 7,XBZ,IKI,123.0,123.I.V 123.K.C 123.I.V,1.5 1.75 0.8,iki,0.0,941.0
10137,drink,UGARITIC,Stj,t j,1 6,AC,TJ,124.0,124.T.C 124.J.C,2.0 1.5,tj,0.0,888.0
10229,drink,UMIRAY DUMAGET AGTA,inom,i n o m,7 4 7 4,XBYN,INUM,125.0,125.I.V 125.N.C 125.U.V 125.M.c,1.5 1.75 1.3 0.8,inom,0.0,834.0
10321,drink,WARAY WARAY,inom,i n o m,7 4 7 4,XBYN,INUM,126.0,126.I.V 126.N.C 126.U.V 126.M.c,1.5 1.75 1.3 0.8,inom,0.0,834.0
10413,drink,YAKAN,inum,i n u m,7 4 7 4,XBYN,INYM,127.0,127.I.V 127.N.C 127.Y.V 127.M.c,1.5 1.75 1.3 0.8,inum,0.0,834.0
10505,drink,YOGAD,inum,i n u m,7 4 7 4,XBYN,INYM,128.0,128.I.V 128.N.C 128.Y.V 128.M.c,1.5 1.75 1.3 0.8,inum,0.0,834.0
10597,drink,ZAMBOANGUENO,toma,t o m a,1 7 4 7,AXBZ,TUMA,129.0,129.T.C 129.U.V 129.M.C 129.A.V,2.0 1.5 1.75 0.8,toma,0.0,849.0
10689,drink,IMOROD,inom,i n o m,7 4 7 4,XBYN,INUM,46.0,46.I.V 46.N.C 46.U.V 46.M.c,1.5 1.75 1.3 0.8,inom,0.0,834.0
10781,drink,BABUYAN,inom,i n o m,7 4 7 4,XBYN,INUM,5.0,5.I.V 5.N.C 5.U.V 5.M.c,1.5 1.75 1.3 0.8,inom,0.0,834.0
10873,drink,BISAYA SABAH,inum,i n u m,7 4 7 4,XBYN,INYM,14.0,14.I.V 14.N.C 14.Y.V 14.M.c,1.5 1.75 1.3 0.8,inum,0.0,834.0
10965,drink,CAPIZNON,mainum,m a i n u m,4 7 7 4 7 4,AXYBYN,MAINYM,21.0,21.M.C 21.A.V 21.I.V 21.N.C 21.Y.V 21.M.c,2.0 1.5 1.3 1.75 1.3 0.8,mainum,0.0,834.0
11057,drink,FINALLIG,omenom,o m e n o m,7 4 7 4 7 4,XBYBYN,UMENUM,31.0,31.U.V 31.M.C 31.E.V 31.N.C 31.U.V 31.M.c,1.5 1.75 1.3 1.75 1.3 0.8,omenom,0.0,834.0
11149,drink,HILIGAYNON,ilimnon,i l i m n o n,7 5 7 4 4 7 4,XBYMBYN,ILIMNUN,37.0,37.I.V 37.L.C 37.I.V 37.M.c 37.N.C 37.U.V 37.N.c,1.5 1.75 1.3 1.1 1.75 1.3 0.8,ilimnon,0.0,856.0
11241,drink,INABAKNON,talʔok,t a l ʔ o k,1 7 5 1 7 1,AXMBYN,TALHUK,47.0,47.T.C 47.A.V 47.L.c 47.H.C 47.U.V 47.K.c,2.0 1.5 1.1 1.75 1.3 0.8,talʔok,0.0,866.0
11333,drink,KALAGAN KAAGAN,inim,i n i m,7 4 7 4,XBYN,INIM,58.0,58.I.V 58.N.C 58.I.V 58.M.c,1.5 1.75 1.3 0.8,inim,0.0,834.0
11425,drink,KANKANAEY,maninom,m a n i n o m,4 7 4 7 4 7 4,AXBYBYN,MANINUM,62.0,62.M.C 62.A.V 62.N.C 62.I.V 62.N.C 62.U.V 62.M.c,2.0 1.5 1.75 1.3 1.75 1.3 0.8,maninom,0.0,834.0
11517,drink,MANDAYAN BOSO,iminəm,i m i n ə m,7 4 7 4 7 4,XBYBYN,IMINEM,71.0,71.I.V 71.M.C 71.I.V 71.N.C 71.E.V 71.M.c,1.5 1.75 1.3 1.75 1.3 0.8,iminəm,0.0,834.0
11609,drink,MANDAYAN ISLAM PISO,inim,i n i m,7 4 7 4,XBYN,INIM,72.0,72.I.V 72.N.C 72.I.V 72.M.c,1.5 1.75 1.3 0.8,inim,0.0,834.0
11701,drink,SINAUNA,inum,i n u m,7 4 7 4,XBYN,INYM,104.0,104.I.V 104.N.C 104.Y.V 104.M.c,1.5 1.75 1.3 0.8,inum,0.0,834.0
11793,drink,SOUTHERN KALINGA,uminum,u m i n u m,7 4 7 4 7 4,XBYBYN,YMINYM,108.0,108.Y.V 108.M.C 108.I.V 108.N.C 108.Y.V 108.M.c,1.5 1.75 1.3 1.75 1.3 0.8,uminum,0.0,834.0
754,dry,BASQUE,lehor,l e h o r,5 7 3 7 5,AXBYN,LEHUR,10.0,10.L.C 10.E.V 10.H.C 10.U.V 10.R.c,2.0 1.5 1.75 1.3 0.8,lehor,0.0,942.0
1398,dry,BUKIDNON BINUKID,mamara,m a m a r a,4 7 4 7 5 7,AXBYBZ,MAMARA,18.0,18.M.C 18.A.V 18.M.C 18.A.V 18.R.C 18.A.V,2.0 1.5 1.75 1.3 1.75 0.8,mamara,0.0,943.0
2226,dry,ENGLISH,drEi,d r i,1 5 7,ACX,TRI,28.0,28.T.C 28.R.C 28.I.V,2.0 1.5 1.5,dri,0.0,944.0
2410,dry,ESTONIAN,kuiv,k u i v,1 7 7 3,AXYN,KYIB,30.0,30.K.C 30.Y.V 30.I.V 30.B.c,2.0 1.5 1.3 0.8,kuiv,0.0,945.0
2502,dry,FINNISH,kuiva,k u i v a,1 7 7 3 7,AXYBZ,KYIBA,32.0,32.K.C 32.Y.V 32.I.V 32.B.C 32.A.V,2.0 1.5 1.3 1.75 0.8,kuiva,0.0,945.0
2778,dry,HANUNOO,uga,u g a,7 1 7,XBZ,YKA,35.0,35.Y.V 35.K.C 35.A.V,1.5 1.75 0.8,uga,0.0,947.0
2870,dry,HIGAONON BINUKID,mamara,m a m a r a,4 7 4 7 5 7,AXBYBZ,MAMARA,36.0,36.M.C 36.A.V 36.M.C 36.A.V 36.R.C 36.A.V,2.0 1.5 1.75 1.3 1.75 0.8,mamara,0.0,943.0
2962,dry,HUNGARIAN,saraz,s a r a z,3 7 5 7 3,AXBYN,SARAS,38.0,38.S.C 38.A.V 38.R.C 38.A.V 38.S.c,2.0 1.5 1.75 1.3 0.8,saraz,0.0,949.0
4250,dry,JAPANESE,kawaita,k a w a i t a,1 7 6 7 7 1 7,AXBYYBZ,KAWAITA,54.0,54.K.C 54.A.V 54.W.C 54.A.V 54.I.V 54.T.C 54.A.V,2.0 1.5 1.75 1.3 1.3 1.75 0.8,kawaita,0.0,951.0
4986,dry,KAPAMPANGAN,maliŋiʔ,m a l i ŋ i ʔ,4 7 5 7 4 7 1,AXBYBYN,MALINIH,64.0,64.M.C 64.A.V 64.L.C 64.I.V 64.N.C 64.I.V 64.H.c,2.0 1.5 1.75 1.3 1.75 1.3 0.8,maliŋiʔ,0.0,952.0
5170,dry,KOREAN,marun,m a r u n,4 7 5 7 4,AXBYN,MARYN,66.0,66.M.C 66.A.V 66.R.C 66.Y.V 66.N.c,2.0 1.5 1.75 1.3 0.8,marun,0.0,952.0
6826,dry,MOKSHA,kosjke,k o s j k e,1 7 3 6 1 7,AXBYBZ,KUSJKE,86.0,86.K.C 86.U.V 86.S.C 86.J.V 86.K.C 86.E.V,2.0 1.5 1.75 1.3 1.75 0.8,kosjke,0.0,954.0
8298,dry,SEDANG,koCoh,k o o h,1 7 7 3,AXYN,KUUH,102.0,102.K.C 102.U.V 102.U.V 102.H.c,2.0 1.5 1.3 0.8,kooh,0.0,955.0
8942,dry,SPANISH,seko,s e k o,3 7 1 7,AXBZ,SEKU,111.0,111.S.C 111.E.V 111.K.C 111.U.V,2.0 1.5 1.75 0.8,seko,0.0,947.0
9494,dry,TAGALOG,tujo,t u j o,1 7 6 7,AXBZ,TYJU,117.0,117.T.C 117.Y.V 117.J.C 117.U.V,2.0 1.5 1.75 0.8,tujo,0.0,957.0
10046,dry,TURKISH,kuru,k u r u,1 7 5 7,AXBZ,KYRY,123.0,123.K.C 123.Y.V 123.R.C 123.Y.V,2.0 1.5 1.75 0.8,kuru,0.0,949.0
10690,dry,IMOROD,akdʒit,a k dʒ i t,7 1 1 7 1,XMBYN,AKTIT,46.0,46.A.V 46.K.c 46.T.C 46.I.V 46.T.c,1.5 1.1 1.75 1.3 0.8,akdʒit,0.0,950.0
19,ear,AGTA,boŋboŋ,b o ŋ b o ŋ,1 7 4 1 7 4,AXMBYN,PUNPUN,1.0,1.P.C 1.U.V 1.N.c 1.P.C 1.U.V 1.N.c,2.0 1.5 1.1 1.75 1.3 0.8,boŋboŋ,0.0,958.0
111,ear,AKLANON,duxuŋgan,d u x u ŋ g a n,1 7 3 7 4 1 7 4,AXBYMBYN,TYGYNKAN,2.0,2.T.C 2.Y.V 2.G.C 2.Y.V 2.N.c 2.K.C 2.A.V 2.N.c,2.0 1.5 1.75 1.3 1.1 1.75 1.3 0.8,duxuŋgan,0.0,963.0
295,ear,ATTA PAMPLONA,taliŋa,t a l i ŋ a,1 7 5 7 4 7,AXBYBZ,TALINA,4.0,4.T.C 4.A.V 4.L.C 4.I.V 4.N.C 4.A.V,2.0 1.5 1.75 1.3 1.75 0.8,taliŋa,0.0,963.0
479,ear,BALANGAW,iŋo,i ŋ o,7 4 7,XBZ,INU,7.0,7.I.V 7.N.C 7.U.V,1.5 1.75 0.8,iŋo,0.0,963.0
571,ear,BALANGINGI SAMA,taiŋa,t a i ŋ a,1 7 7 4 7,AXYBZ,TAINA,8.0,8.T.C 8.A.V 8.I.V 8.N.C 8.A.V,2.0 1.5 1.3 1.75 0.8,taiŋa,0.0,963.0
663,ear,BANTON BANTOANON,taliŋa,t a l i ŋ a,1 7 5 7 4 7,AXBYBZ,TALINA,9.0,9.T.C 9.A.V 9.L.C 9.I.V 9.N.C 9.A.V,2.0 1.5 1.75 1.3 1.75 0.8,taliŋa,0.0,963.0
755,ear,BASQUE,belarri,b e l a rr i,1 7 5 7 5 7,AXBYBZ,PELARI,10.0,10.P.C 10.E.V 10.L.C 10.A.V 10.R.C 10.I.V,2.0 1.5 1.75 1.3 1.75 0.8,belarri,0.0,965.0
847,ear,BATAK PALAWAN,taliŋa,t a l i ŋ a,1 7 5 7 4 7,AXBYBZ,TALINA,11.0,11.T.C 11.A.V 11.L.C 11.I.V 11.N.C 11.A.V,2.0 1.5 1.75 1.3 1.75 0.8,taliŋa,0.0,963.0
939,ear,BILAAN KORONADAL,kliŋə,k l i ŋ ə,1 5 7 4 7,ACXBZ,KLINE,12.0,12.K.C 12.L.C 12.I.V 12.N.C 12.E.V,2.0 1.5 1.5 1.75 0.8,kliŋə,0.0,967.0
1031,ear,BILAAN SARANGANI,kliŋə,k l i ŋ ə,1 5 7 4 7,ACXBZ,KLINE,13.0,13.K.C 13.L.C 13.I.V 13.N.C 13.E.V,2.0 1.5 1.5 1.75 0.8,kliŋə,0.0,967.0
1215,ear,BONTOC GUINAANG,koləŋ,k o l ə ŋ,1 7 5 7 4,AXBYN,KULEN,16.0,16.K.C 16.U.V 16.L.C 16.E.V 16.N.c,2.0 1.5 1.75 1.3 0.8,koləŋ,0.0,967.0
1307,ear,BUHI,taliŋa,t a l i ŋ a,1 7 5 7 4 7,AXBYBZ,TALINA,17.0,17.T.C 17.A.V 17.L.C 17.I.V 17.N.C 17.A.V,2.0 1.5 1.75 1.3 1.75 0.8,taliŋa,0.0,963.0
1399,ear,BUKIDNON BINUKID,taliŋa,t a l i ŋ a,1 7 5 7 4 7,AXBYBZ,TALINA,18.0,18.T.C 18.A.V 18.L.C 18.I.V 18.N.C 18.A.V,2.0 1.5 1.75 1.3 1.75 0.8,taliŋa,0.0,963.0
1491,ear,BUTUANON,taliŋa,t a l i ŋ a,1 7 5 7 4 7,AXBYBZ,TALINA,19.0,19.T.C 19.A.V 19.L.C 19.I.V 19.N.C 19.A.V,2.0 1.5 1.75 1.3 1.75 0.8,taliŋa,0.0,963.0
1583,ear,CAIJIA,nikha,n i kh a,4 7 1 7,AXBZ,NIKA,20.0,20.N.C 20.I.V 20.K.C 20.A.V,2.0 1.5 1.75 0.8,nikha,0.0,974.0
1675,ear,CEBUANO,daluŋgan,d a l u ŋ g a n,1 7 5 7 4 1 7 4,AXBYMBYN,TALYNKAN,22.0,22.T.C 22.A.V 22.L.C 22.Y.V 22.N.c 22.K.C 22.A.V 22.N.c,2.0 1.5 1.75 1.3 1.1 1.75 1.3 0.8,daluŋgan,0.0,963.0
1767,ear,CENTRAL TAGBANWA,taliŋa,t a l i ŋ a,1 7 5 7 4 7,AXBYBZ,TALINA,23.0,23.T.C 23.A.V 23.L.C 23.I.V 23.N.C 23.A.V,2.0 1.5 1.75 1.3 1.75 0.8,taliŋa,0.0,963.0
1859,ear,CUYONON,taliŋa,t a l i ŋ a,1 7 5 7 4 7,AXBYBZ,TALINA,24.0,24.T.C 24.A.V 24.L.C 24.I.V 24.N.C 24.A.V,2.0 1.5 1.75 1.3 1.75 0.8,taliŋa,0.0,963.0
1951,ear,DARAGA,taliŋa,t a l i ŋ a,1 7 5 7 4 7,AXBYBZ,TALINA,25.0,25.T.C 25.A.V 25.L.C 25.I.V 25.N.C 25.A.V,2.0 1.5 1.75 1.3 1.75 0.8,taliŋa,0.0,963.0
2043,ear,DUMAGAT CASIGURAN,taliŋaʔ,t a l i ŋ a ʔ,1 7 5 7 4 7 1,AXBYBYN,TALINAH,26.0,26.T.C 26.A.V 26.L.C 26.I.V 26.N.C 26.A.V 26.H.c,2.0 1.5 1.75 1.3 1.75 1.3 0.8,taliŋaʔ,0.0,963.0
2135,ear,DUPANINGAN AGTA,taliŋa,t a l i ŋ a,1 7 5 7 4 7,AXBYBZ,TALINA,27.0,27.T.C 27.A.V 27.L.C 27.I.V 27.N.C 27.A.V,2.0 1.5 1.75 1.3 1.75 0.8,taliŋa,0.0,963.0
2227,ear,ENGLISH,ir,i r,7 5,XN,IR,28.0,28.I.V 28.R.c,1.5 0.8,ir,0.0,982.0
2319,ear,ESKAYAN,klabara,k l a b a r a,1 5 7 1 7 5 7,ACXBYBZ,KLAPARA,29.0,29.K.C 29.L.C 29.A.V 29.P.C 29.A.V 29.R.C 29.A.V,2.0 1.5 1.5 1.75 1.3 1.75 0.8,klabara,0.0,983.0
2411,ear,ESTONIAN,korv,k o r v,1 7 5 3,AXLN,KURB,30.0,30.K.C 30.U.V 30.R.c 30.B.c,2.0 1.5 1.1 0.8,korv,0.0,984.0
2503,ear,FINNISH,korva,k o r v a,1 7 5 3 7,AXMBZ,KURBA,32.0,32.K.C 32.U.V 32.R.c 32.B.C 32.A.V,2.0 1.5 1.1 1.75 0.8,korva,0.0,984.0
2595,ear,FUZHOU CHINESE,ŋai,ŋ a i,4 7 7,AXZ,NAI,33.0,33.N.C 33.A.V 33.I.V,2.0 1.5 0.8,ŋai,0.0,963.0
2687,ear,GADDANG,lajag,l a j a g,5 7 6 7 1,AXBYN,LAJAK,34.0,34.L.C 34.A.V 34.J.C 34.A.V 34.K.c,2.0 1.5 1.75 1.3 0.8,lajag,0.0,988.0
2779,ear,HANUNOO,tuli,t u l i,1 7 5 7,AXBZ,TYLI,35.0,35.T.C 35.Y.V 35.L.C 35.I.V,2.0 1.5 1.75 0.8,tuli,0.0,963.0
2871,ear,HIGAONON BINUKID,taliŋa,t a l i ŋ a,1 7 5 7 4 7,AXBYBZ,TALINA,36.0,36.T.C 36.A.V 36.L.C 36.I.V 36.N.C 36.A.V,2.0 1.5 1.75 1.3 1.75 0.8,taliŋa,0.0,963.0
2963,ear,HUNGARIAN,fil,f i l,3 7 5,AXN,BIL,38.0,38.B.C 38.I.V 38.L.c,2.0 1.5 0.8,fil,0.0,992.0
3055,ear,IBANAG,taliŋa,t a l i ŋ a,1 7 5 7 4 7,AXBYBZ,TALINA,39.0,39.T.C 39.A.V 39.L.C 39.I.V 39.N.C 39.A.V,2.0 1.5 1.75 1.3 1.75 0.8,taliŋa,0.0,963.0
3147,ear,IDAAN,toliŋo,t o l i ŋ o,1 7 5 7 4 7,AXBYBZ,TULINU,40.0,40.T.C 40.U.V 40.L.C 40.I.V 40.N.C 40.U.V,2.0 1.5 1.75 1.3 1.75 0.8,toliŋo,0.0,963.0
3239,ear,IFUGAO AMGANAD,iŋa,i ŋ a,7 4 7,XBZ,INA,41.0,41.I.V 41.N.C 41.A.V,1.5 1.75 0.8,iŋa,0.0,963.0
3331,ear,IFUGAO BATAD,iŋa,i ŋ a,7 4 7,XBZ,INA,42.0,42.I.V 42.N.C 42.A.V,1.5 1.75 0.8,iŋa,0.0,963.0
3423,ear,IFUGAO BAYNINAN,iŋa,i ŋ a,7 4 7,XBZ,INA,43.0,43.I.V 43.N.C 43.A.V,1.5 1.75 0.8,iŋa,0.0,963.0
3515,ear,ILOKANO,lapajag,l a p a j a g,5 7 1 7 6 7 1,AXBYBYN,LAPAJAK,44.0,44.L.C 44.A.V 44.P.C 44.A.V 44.J.C 44.A.V 44.K.c,2.0 1.5 1.75 1.3 1.75 1.3 0.8,lapajag,0.0,988.0
3607,ear,ILONGOT KAKIDUGEN,taliŋa,t a l i ŋ a,1 7 5 7 4 7,AXBYBZ,TALINA,45.0,45.T.C 45.A.V 45.L.C 45.I.V 45.N.C 45.A.V,2.0 1.5 1.75 1.3 1.75 0.8,taliŋa,0.0,963.0
3699,ear,INIBALOI,taŋida,t a ŋ i d a,1 7 4 7 1 7,AXBYBZ,TANITA,48.0,48.T.C 48.A.V 48.N.C 48.I.V 48.T.C 48.A.V,2.0 1.5 1.75 1.3 1.75 0.8,taŋida,0.0,1002.0
3791,ear,IRANUN,taŋila,t a ŋ i l a,1 7 4 7 5 7,AXBYBZ,TANILA,49.0,49.T.C 49.A.V 49.N.C 49.I.V 49.L.C 49.A.V,2.0 1.5 1.75 1.3 1.75 0.8,taŋila,0.0,1002.0
3883,ear,IRIGA,taliŋa,t a l i ŋ a,1 7 5 7 4 7,AXBYBZ,TALINA,50.0,50.T.C 50.A.V 50.L.C 50.I.V 50.N.C 50.A.V,2.0 1.5 1.75 1.3 1.75 0.8,taliŋa,0.0,963.0
3975,ear,ISNAG,taliŋa,t a l i ŋ a,1 7 5 7 4 7,AXBYBZ,TALINA,51.0,51.T.C 51.A.V 51.L.C 51.I.V 51.N.C 51.A.V,2.0 1.5 1.75 1.3 1.75 0.8,taliŋa,0.0,963.0
4067,ear,ITAWIT,dErEŋgEŋ,d r ŋ g ŋ,1 5 4 1 4,AXMBC,TRNKN,52.0,52.T.C 52.R.V 52.N.c 52.K.C 52.N.C,2.0 1.5 1.1 1.75 1.5,drŋgŋ,0.0,1006.0
4159,ear,ITNEG BINONGAN,iŋa,i ŋ a,7 4 7,XBZ,INA,53.0,53.I.V 53.N.C 53.A.V,1.5 1.75 0.8,iŋa,0.0,963.0
4251,ear,JAPANESE,mimi,m i m i,4 7 4 7,AXBZ,MIMI,54.0,54.M.C 54.I.V 54.M.C 54.I.V,2.0 1.5 1.75 0.8,mimi,0.0,1008.0
4343,ear,KADAZAN,tohiŋo,t o h i ŋ o,1 7 3 7 4 7,AXBYBZ,TUHINU,55.0,55.T.C 55.U.V 55.H.C 55.I.V 55.N.C 55.U.V,2.0 1.5 1.75 1.3 1.75 0.8,tohiŋo,0.0,963.0
4435,ear,KAGAYANEN,taliŋa,t a l i ŋ a,1 7 5 7 4 7,AXBYBZ,TALINA,56.0,56.T.C 56.A.V 56.L.C 56.I.V 56.N.C 56.A.V,2.0 1.5 1.75 1.3 1.75 0.8,taliŋa,0.0,963.0
4527,ear,KALAGAN,taliŋa,t a l i ŋ a,1 7 5 7 4 7,AXBYBZ,TALINA,57.0,57.T.C 57.A.V 57.L.C 57.I.V 57.N.C 57.A.V,2.0 1.5 1.75 1.3 1.75 0.8,taliŋa,0.0,963.0
4619,ear,KALINGA GUINAANG,iŋa,i ŋ a,7 4 7,XBZ,INA,59.0,59.I.V 59.N.C 59.A.V,1.5 1.75 0.8,iŋa,0.0,963.0
4711,ear,KALINGA LIMOS,iŋa,i ŋ a,7 4 7,XBZ,INA,60.0,60.I.V 60.N.C 60.A.V,1.5 1.75 0.8,iŋa,0.0,963.0
4803,ear,KALLAHAN KAYAPA PROPER,ŋila,ŋ i l a,4 7 5 7,AXBZ,NILA,61.0,61.N.C 61.I.V 61.L.C 61.A.V,2.0 1.5 1.75 0.8,ŋila,0.0,1002.0
4895,ear,KANKANAY NORTHERN,iŋa,i ŋ a,7 4 7,XBZ,INA,63.0,63.I.V 63.N.C 63.A.V,1.5 1.75 0.8,iŋa,0.0,963.0
4987,ear,KAPAMPANGAN,balugbug,b a l u g b u g,1 7 5 7 1 1 7 1,AXBYMBYN,PALYKPYK,64.0,64.P.C 64.A.V 64.L.C 64.Y.V 64.K.c 64.P.C 64.Y.V 64.K.c,2.0 1.5 1.75 1.3 1.1 1.75 1.3 0.8,balugbug,0.0,1018.0
5079,ear,KINARAY A,taliŋa,t a l i ŋ a,1 7 5 7 4 7,AXBYBZ,TALINA,65.0,65.T.C 65.A.V 65.L.C 65.I.V 65.N.C 65.A.V,2.0 1.5 1.75 1.3 1.75 0.8,taliŋa,0.0,963.0
5171,ear,KOREAN,kwi,kw i,1 7,AX,KI,66.0,66.K.C 66.I.V,2.0 1.5,kwi,0.0,974.0
5263,ear,LEGAZPI,taliŋa,t a l i ŋ a,1 7 5 7 4 7,AXBYBZ,TALINA,67.0,67.T.C 67.A.V 67.L.C 67.I.V 67.N.C 67.A.V,2.0 1.5 1.75 1.3 1.75 0.8,taliŋa,0.0,963.0
5355,ear,LIBON,taliŋa,t a l i ŋ a,1 7 5 7 4 7,AXBYBZ,TALINA,68.0,68.T.C 68.A.V 68.L.C 68.I.V 68.N.C 68.A.V,2.0 1.5 1.75 1.3 1.75 0.8,taliŋa,0.0,963.0
5447,ear,LIVE,kuora,k u o r a,1 7 7 5 7,AXYBZ,KYURA,69.0,69.K.C 69.Y.V 69.U.V 69.R.C 69.A.V,2.0 1.5 1.3 1.75 0.8,kuora,0.0,983.0
5539,ear,MAMANWA,taliŋa,t a l i ŋ a,1 7 5 7 4 7,AXBYBZ,TALINA,70.0,70.T.C 70.A.V 70.L.C 70.I.V 70.N.C 70.A.V,2.0 1.5 1.75 1.3 1.75 0.8,taliŋa,0.0,963.0
5631,ear,MANIDE,seweŋ,s e w e ŋ,3 7 6 7 4,AXBYN,SEWEN,73.0,73.S.C 73.E.V 73.W.C 73.E.V 73.N.c,2.0 1.5 1.75 1.3 0.8,seweŋ,0.0,1016.0
5723,ear,MANOBO ATA,taliŋa,t a l i ŋ a,1 7 5 7 4 7,AXBYBZ,TALINA,74.0,74.T.C 74.A.V 74.L.C 74.I.V 74.N.C 74.A.V,2.0 1.5 1.75 1.3 1.75 0.8,taliŋa,0.0,963.0
5815,ear,MANOBO DIBABAWON,taliŋa,t a l i ŋ a,1 7 5 7 4 7,AXBYBZ,TALINA,75.0,75.T.C 75.A.V 75.L.C 75.I.V 75.N.C 75.A.V,2.0 1.5 1.75 1.3 1.75 0.8,taliŋa,0.0,963.0
5907,ear,MANOBO ILIANEN,təliŋa,t ə l i ŋ a,1 7 5 7 4 7,AXBYBZ,TELINA,76.0,76.T.C 76.E.V 76.L.C 76.I.V 76.N.C 76.A.V,2.0 1.5 1.75 1.3 1.75 0.8,təliŋa,0.0,963.0
5999,ear,MANOBO KALAMANSIG COTABATO,təliŋa,t ə l i ŋ a,1 7 5 7 4 7,AXBYBZ,TELINA,77.0,77.T.C 77.E.V 77.L.C 77.I.V 77.N.C 77.A.V,2.0 1.5 1.75 1.3 1.75 0.8,təliŋa,0.0,963.0
6091,ear,MANOBO SARANGANI,toliŋa,t o l i ŋ a,1 7 5 7 4 7,AXBYBZ,TULINA,78.0,78.T.C 78.U.V 78.L.C 78.I.V 78.N.C 78.A.V,2.0 1.5 1.75 1.3 1.75 0.8,toliŋa,0.0,963.0
6183,ear,MANOBO TIGWA,taliŋa,t a l i ŋ a,1 7 5 7 4 7,AXBYBZ,TALINA,79.0,79.T.C 79.A.V 79.L.C 79.I.V 79.N.C 79.A.V,2.0 1.5 1.75 1.3 1.75 0.8,taliŋa,0.0,963.0
6275,ear,MANOBO WESTERN BUKIDNON,təliŋa,t ə l i ŋ a,1 7 5 7 4 7,AXBYBZ,TELINA,80.0,80.T.C 80.E.V 80.L.C 80.I.V 80.N.C 80.A.V,2.0 1.5 1.75 1.3 1.75 0.8,təliŋa,0.0,963.0
6367,ear,MANSAKA,tariŋa,t a r i ŋ a,1 7 5 7 4 7,AXBYBZ,TARINA,81.0,81.T.C 81.A.V 81.R.C 81.I.V 81.N.C 81.A.V,2.0 1.5 1.75 1.3 1.75 0.8,tariŋa,0.0,963.0
6459,ear,MAPUN,tiŋa,t i ŋ a,1 7 4 7,AXBZ,TINA,82.0,82.T.C 82.I.V 82.N.C 82.A.V,2.0 1.5 1.75 0.8,tiŋa,0.0,963.0
6551,ear,MARANAO,taŋila,t a ŋ i l a,1 7 4 7 5 7,AXBYBZ,TANILA,83.0,83.T.C 83.A.V 83.N.C 83.I.V 83.L.C 83.A.V,2.0 1.5 1.75 1.3 1.75 0.8,taŋila,0.0,1002.0
6643,ear,MASBATENYO,taliŋa,t a l i ŋ a,1 7 5 7 4 7,AXBYBZ,TALINA,84.0,84.T.C 84.A.V 84.L.C 84.I.V 84.N.C 84.A.V,2.0 1.5 1.75 1.3 1.75 0.8,taliŋa,0.0,963.0
6735,ear,MINANGALI LOWER TANUDAN KALINGA,iŋa,i ŋ a,7 4 7,XBZ,INA,85.0,85.I.V 85.N.C 85.A.V,1.5 1.75 0.8,iŋa,0.0,963.0
6827,ear,MOKSHA,pilje,p i l j e,1 7 5 6 7,AXBCZ,PILJE,86.0,86.P.C 86.I.V 86.L.C 86.J.C 86.E.V,2.0 1.5 1.75 1.5 0.8,pilje,0.0,965.0
6919,ear,MOLBOG,toliŋa,t o l i ŋ a,1 7 5 7 4 7,AXBYBZ,TULINA,87.0,87.T.C 87.U.V 87.L.C 87.I.V 87.N.C 87.A.V,2.0 1.5 1.75 1.3 1.75 0.8,toliŋa,0.0,963.0
7011,ear,MONGOLIAN,Chix,i x,7 3,XN,IG,88.0,88.I.V 88.G.c,1.5 0.8,ix,0.0,1042.0
7103,ear,MORO MAGINDANAU,taŋila,t a ŋ i l a,1 7 4 7 5 7,AXBYBZ,TANILA,89.0,89.T.C 89.A.V 89.N.C 89.I.V 89.L.C 89.A.V,2.0 1.5 1.75 1.3 1.75 0.8,taŋila,0.0,1002.0
7195,ear,NORTHERN CATANDUANES,tariŋa,t a r i ŋ a,1 7 5 7 4 7,AXBYBZ,TARINA,90.0,90.T.C 90.A.V 90.R.C 90.I.V 90.N.C 90.A.V,2.0 1.5 1.75 1.3 1.75 0.8,tariŋa,0.0,963.0
7287,ear,NORTHERN SORSOGON,taliŋa,t a l i ŋ a,1 7 5 7 4 7,AXBYBZ,TALINA,91.0,91.T.C 91.A.V 91.L.C 91.I.V 91.N.C 91.A.V,2.0 1.5 1.75 1.3 1.75 0.8,taliŋa,0.0,963.0
7379,ear,OAS,taliŋa,t a l i ŋ a,1 7 5 7 4 7,AXBYBZ,TALINA,92.0,92.T.C 92.A.V 92.L.C 92.I.V 92.N.C 92.A.V,2.0 1.5 1.75 1.3 1.75 0.8,taliŋa,0.0,963.0
7471,ear,PALAWANO BATAK,taliŋa,t a l i ŋ a,1 7 5 7 4 7,AXBYBZ,TALINA,93.0,93.T.C 93.A.V 93.L.C 93.I.V 93.N.C 93.A.V,2.0 1.5 1.75 1.3 1.75 0.8,taliŋa,0.0,963.0
7563,ear,PANGASINAN,lajag,l a j a g,5 7 6 7 1,AXBYN,LAJAK,94.0,94.L.C 94.A.V 94.J.C 94.A.V 94.K.c,2.0 1.5 1.75 1.3 0.8,lajag,0.0,988.0
7655,ear,PANGUTARAN SAMA,taiŋa,t a i ŋ a,1 7 7 4 7,AXYBZ,TAINA,95.0,95.T.C 95.A.V 95.I.V 95.N.C 95.A.V,2.0 1.5 1.3 1.75 0.8,taiŋa,0.0,963.0
7747,ear,PROTO PALAWAN,taliŋa,t a l i ŋ a,1 7 5 7 4 7,AXBYBZ,TALINA,96.0,96.T.C 96.A.V 96.L.C 96.I.V 96.N.C 96.A.V,2.0 1.5 1.75 1.3 1.75 0.8,taliŋa,0.0,963.0
7839,ear,QUEZON PALAWAN,təliŋa,t ə l i ŋ a,1 7 5 7 4 7,AXBYBZ,TELINA,97.0,97.T.C 97.E.V 97.L.C 97.I.V 97.N.C 97.A.V,2.0 1.5 1.75 1.3 1.75 0.8,təliŋa,0.0,963.0
7931,ear,ROMBLOMANON 2,taliŋa,t a l i ŋ a,1 7 5 7 4 7,AXBYBZ,TALINA,98.0,98.T.C 98.A.V 98.L.C 98.I.V 98.N.C 98.A.V,2.0 1.5 1.75 1.3 1.75 0.8,taliŋa,0.0,963.0
8023,ear,SAMAL,taliŋa,t a l i ŋ a,1 7 5 7 4 7,AXBYBZ,TALINA,99.0,99.T.C 99.A.V 99.L.C 99.I.V 99.N.C 99.A.V,2.0 1.5 1.75 1.3 1.75 0.8,taliŋa,0.0,963.0
8115,ear,SAMBAL BOTOLAN,toli,t o l i,1 7 5 7,AXBZ,TULI,100.0,100.T.C 100.U.V 100.L.C 100.I.V,2.0 1.5 1.75 0.8,toli,0.0,963.0
8207,ear,SANGIL SARANGANI ISLANDS,tuli,t u l i,1 7 5 7,AXBZ,TYLI,101.0,101.T.C 101.Y.V 101.L.C 101.I.V,2.0 1.5 1.75 0.8,tuli,0.0,963.0
8299,ear,SEDANG,tuan,t u a n,1 7 7 4,AXYN,TYAN,102.0,102.T.C 102.Y.V 102.A.V 102.N.c,2.0 1.5 1.3 0.8,tuan,0.0,963.0
8391,ear,SIBUTU SOUTHERN SAMA,tejŋa,t e j ŋ a,1 7 6 4 7,AXMBZ,TEJNA,103.0,103.T.C 103.E.V 103.J.c 103.N.C 103.A.V,2.0 1.5 1.1 1.75 0.8,tejŋa,0.0,963.0
8483,ear,SOGODNIN BORACAY,taliŋa,t a l i ŋ a,1 7 5 7 4 7,AXBYBZ,TALINA,105.0,105.T.C 105.A.V 105.L.C 105.I.V 105.N.C 105.A.V,2.0 1.5 1.75 1.3 1.75 0.8,taliŋa,0.0,963.0
8575,ear,SOUTH SAAMI,bieLiə,b i e i ə,1 7 7 7 7,AXYYZ,PIEIE,106.0,106.P.C 106.I.V 106.E.V 106.I.V 106.E.V,2.0 1.5 1.3 1.3 0.8,bieiə,0.0,1060.0
8667,ear,SOUTHERN CATANDUANES,tariŋa,t a r i ŋ a,1 7 5 7 4 7,AXBYBZ,TARINA,107.0,107.T.C 107.A.V 107.R.C 107.I.V 107.N.C 107.A.V,2.0 1.5 1.75 1.3 1.75 0.8,tariŋa,0.0,963.0
8759,ear,SOUTHERN SORSOGON,taliŋa,t a l i ŋ a,1 7 5 7 4 7,AXBYBZ,TALINA,109.0,109.T.C 109.A.V 109.L.C 109.I.V 109.N.C 109.A.V,2.0 1.5 1.75 1.3 1.75 0.8,taliŋa,0.0,963.0
8851,ear,SOUTHWEST PALAWANO,teliŋa,t e l i ŋ a,1 7 5 7 4 7,AXBYBZ,TELINA,110.0,110.T.C 110.E.V 110.L.C 110.I.V 110.N.C 110.A.V,2.0 1.5 1.75 1.3 1.75 0.8,teliŋa,0.0,963.0
8943,ear,SPANISH,oreha,o r e h a,7 5 7 3 7,XBYBZ,UREHA,111.0,111.U.V 111.R.C 111.E.V 111.H.C 111.A.V,1.5 1.75 1.3 1.75 0.8,oreha,0.0,1065.0
9035,ear,SUBANON SIOCON,toliŋa,t o l i ŋ a,1 7 5 7 4 7,AXBYBZ,TULINA,112.0,112.T.C 112.U.V 112.L.C 112.I.V 112.N.C 112.A.V,2.0 1.5 1.75 1.3 1.75 0.8,toliŋa,0.0,963.0
9127,ear,SUBANUN SINDANGAN,təliŋa,t ə l i ŋ a,1 7 5 7 4 7,AXBYBZ,TELINA,113.0,113.T.C 113.E.V 113.L.C 113.I.V 113.N.C 113.A.V,2.0 1.5 1.75 1.3 1.75 0.8,təliŋa,0.0,963.0
9219,ear,SURIGAONON,taliŋa,t a l i ŋ a,1 7 5 7 4 7,AXBYBZ,TALINA,114.0,114.T.C 114.A.V 114.L.C 114.I.V 114.N.C 114.A.V,2.0 1.5 1.75 1.3 1.75 0.8,taliŋa,0.0,963.0
9403,ear,TAGABILI,kliŋuh,k l i ŋ u h,1 5 7 4 7 3,ACXBYN,KLINYH,116.0,116.K.C 116.L.C 116.I.V 116.N.C 116.Y.V 116.H.c,2.0 1.5 1.5 1.75 1.3 0.8,kliŋuh,0.0,967.0
9495,ear,TAGALOG,teŋa,t e ŋ a,1 7 4 7,AXBZ,TENA,117.0,117.T.C 117.E.V 117.N.C 117.A.V,2.0 1.5 1.75 0.8,teŋa,0.0,963.0
9587,ear,TAGBANWA ABORLAN,taliŋa,t a l i ŋ a,1 7 5 7 4 7,AXBYBZ,TALINA,118.0,118.T.C 118.A.V 118.L.C 118.I.V 118.N.C 118.A.V,2.0 1.5 1.75 1.3 1.75 0.8,taliŋa,0.0,963.0
9679,ear,TAGBANWA KALAMIAN,taliŋaʔ,t a l i ŋ a ʔ,1 7 5 7 4 7 1,AXBYBYN,TALINAH,119.0,119.T.C 119.A.V 119.L.C 119.I.V 119.N.C 119.A.V 119.H.c,2.0 1.5 1.75 1.3 1.75 1.3 0.8,taliŋaʔ,0.0,963.0
9771,ear,TAUSUG,taiŋah,t a i ŋ a h,1 7 7 4 7 3,AXYBYN,TAINAH,120.0,120.T.C 120.A.V 120.I.V 120.N.C 120.A.V 120.H.c,2.0 1.5 1.3 1.75 1.3 0.8,taiŋah,0.0,963.0
9863,ear,TIMUGON MURUT,taliŋo,t a l i ŋ o,1 7 5 7 4 7,AXBYBZ,TALINU,121.0,121.T.C 121.A.V 121.L.C 121.I.V 121.N.C 121.U.V,2.0 1.5 1.75 1.3 1.75 0.8,taliŋo,0.0,963.0
9955,ear,TIRURAY,keliŋoʔ,k e l i ŋ o ʔ,1 7 5 7 4 7 1,AXBYBYN,KELINUH,122.0,122.K.C 122.E.V 122.L.C 122.I.V 122.N.C 122.U.V 122.H.c,2.0 1.5 1.75 1.3 1.75 1.3 0.8,keliŋoʔ,0.0,967.0
10047,ear,TURKISH,kulak,k u l a k,1 7 5 7 1,AXBYN,KYLAK,123.0,123.K.C 123.Y.V 123.L.C 123.A.V 123.K.c,2.0 1.5 1.75 1.3 0.8,kulak,0.0,967.0
10139,ear,UGARITIC,udn,u d n,7 1 4,XBC,YTN,124.0,124.Y.V 124.T.C 124.N.C,1.5 1.75 1.5,udn,0.0,1077.0
10323,ear,WARAY WARAY,taliŋa,t a l i ŋ a,1 7 5 7 4 7,AXBYBZ,TALINA,126.0,126.T.C 126.A.V 126.L.C 126.I.V 126.N.C 126.A.V,2.0 1.5 1.75 1.3 1.75 0.8,taliŋa,0.0,963.0
10415,ear,YAKAN,tajiŋe,t a j i ŋ e,1 7 6 7 4 7,AXBYBZ,TAJINE,127.0,127.T.C 127.A.V 127.J.C 127.I.V 127.N.C 127.E.V,2.0 1.5 1.75 1.3 1.75 0.8,tajiŋe,0.0,963.0
10507,ear,YOGAD,bambaŋ,b a m b a ŋ,1 7 4 1 7 4,AXMBYN,PAMPAN,128.0,128.P.C 128.A.V 128.M.c 128.P.C 128.A.V 128.N.c,2.0 1.5 1.1 1.75 1.3 0.8,bambaŋ,0.0,958.0
10599,ear,ZAMBOANGUENO,orehas,o r e h a s,7 5 7 3 7 3,XBYBYN,UREHAS,129.0,129.U.V 129.R.C 129.E.V 129.H.C 129.A.V 129.S.c,1.5 1.75 1.3 1.75 1.3 0.8,orehas,0.0,1065.0
10691,ear,IMOROD,taliŋa,t a l i ŋ a,1 7 5 7 4 7,AXBYBZ,TALINA,46.0,46.T.C 46.A.V 46.L.C 46.I.V 46.N.C 46.A.V,2.0 1.5 1.75 1.3 1.75 0.8,taliŋa,0.0,963.0
10783,ear,BABUYAN,tadʒi5a,t a dʒ i a,1 7 1 7 7,AXBYZ,TATIA,5.0,5.T.C 5.A.V 5.T.C 5.I.V 5.A.V,2.0 1.5 1.75 1.3 0.8,tadʒia,0.0,961.0
10875,ear,BISAYA SABAH,teliŋo,t e l i ŋ o,1 7 5 7 4 7,AXBYBZ,TELINU,14.0,14.T.C 14.E.V 14.L.C 14.I.V 14.N.C 14.U.V,2.0 1.5 1.75 1.3 1.75 0.8,teliŋo,0.0,963.0
10967,ear,CAPIZNON,duluŋan,d u l u ŋ a n,1 7 5 7 4 7 4,AXBYBYN,TYLYNAN,21.0,21.T.C 21.Y.V 21.L.C 21.Y.V 21.N.C 21.A.V 21.N.c,2.0 1.5 1.75 1.3 1.75 1.3 0.8,duluŋan,0.0,963.0
11059,ear,FINALLIG,iŋa,i ŋ a,7 4 7,XBZ,INA,31.0,31.I.V 31.N.C 31.A.V,1.5 1.75 0.8,iŋa,0.0,963.0
11151,ear,HILIGAYNON,duluŋgan,d u l u ŋ g a n,1 7 5 7 4 1 7 4,AXBYMBYN,TYLYNKAN,37.0,37.T.C 37.Y.V 37.L.C 37.Y.V 37.N.c 37.K.C 37.A.V 37.N.c,2.0 1.5 1.75 1.3 1.1 1.75 1.3 0.8,duluŋgan,0.0,963.0
11243,ear,INABAKNON,taliŋa,t a l i ŋ a,1 7 5 7 4 7,AXBYBZ,TALINA,47.0,47.T.C 47.A.V 47.L.C 47.I.V 47.N.C 47.A.V,2.0 1.5 1.75 1.3 1.75 0.8,taliŋa,0.0,963.0
11335,ear,KALAGAN KAAGAN,taliŋa,t a l i ŋ a,1 7 5 7 4 7,AXBYBZ,TALINA,58.0,58.T.C 58.A.V 58.L.C 58.I.V 58.N.C 58.A.V,2.0 1.5 1.75 1.3 1.75 0.8,taliŋa,0.0,963.0
11427,ear,KANKANAEY,keweŋ,k e w e ŋ,1 7 6 7 4,AXBYN,KEWEN,62.0,62.K.C 62.E.V 62.W.C 62.E.V 62.N.c,2.0 1.5 1.75 1.3 0.8,keweŋ,0.0,1016.0
11519,ear,MANDAYAN BOSO,taliŋa,t a l i ŋ a,1 7 5 7 4 7,AXBYBZ,TALINA,71.0,71.T.C 71.A.V 71.L.C 71.I.V 71.N.C 71.A.V,2.0 1.5 1.75 1.3 1.75 0.8,taliŋa,0.0,963.0
11611,ear,MANDAYAN ISLAM PISO,taliŋa,t a l i ŋ a,1 7 5 7 4 7,AXBYBZ,TALINA,72.0,72.T.C 72.A.V 72.L.C 72.I.V 72.N.C 72.A.V,2.0 1.5 1.75 1.3 1.75 0.8,taliŋa,0.0,963.0
11703,ear,SINAUNA,taliŋa,t a l i ŋ a,1 7 5 7 4 7,AXBYBZ,TALINA,104.0,104.T.C 104.A.V 104.L.C 104.I.V 104.N.C 104.A.V,2.0 1.5 1.75 1.3 1.75 0.8,taliŋa,0.0,963.0
11795,ear,SOUTHERN KALINGA,ijaŋa,i j a ŋ a,7 6 7 4 7,XBYBZ,IJANA,108.0,108.I.V 108.J.C 108.A.V 108.N.C 108.A.V,1.5 1.75 1.3 1.75 0.8,ijaŋa,0.0,963.0
756,earth,BASQUE,lurbira,l u r b i r a,5 7 5 1 7 5 7,AXMBYBZ,LYRPIRA,10.0,10.L.C 10.Y.V 10.R.c 10.P.C 10.I.V 10.R.C 10.A.V,2.0 1.5 1.1 1.75 1.3 1.75 0.8,lurbira,0.0,1078.0
1400,earth,BUKIDNON BINUKID,bugtaʔ,b u g t a ʔ,1 7 1 1 7 1,AXMBYN,PYKTAH,18.0,18.P.C 18.Y.V 18.K.c 18.T.C 18.A.V 18.H.c,2.0 1.5 1.1 1.75 1.3 0.8,bugtaʔ,0.0,1079.0
2228,earth,ENGLISH,ər8,ə r,7 5,XN,ER,28.0,28.E.V 28.R.c,1.5 0.8,ər,0.0,1080.0
2412,earth,ESTONIAN,ma,m a,4 7,AX,MA,30.0,30.M.C 30.A.V,2.0 1.5,ma,0.0,1081.0
2504,earth,FINNISH,maa,m aa,4 7,AX,MA,32.0,32.M.C 32.A.V,2.0 1.5,maa,0.0,1081.0
2780,earth,HANUNOO,dagaʔ,d a g a ʔ,1 7 1 7 1,AXBYN,TAKAH,35.0,35.T.C 35.A.V 35.K.C 35.A.V 35.H.c,2.0 1.5 1.75 1.3 0.8,dagaʔ,0.0,1083.0
2872,earth,HIGAONON BINUKID,bugtaʔ,b u g t a ʔ,1 7 1 1 7 1,AXMBYN,PYKTAH,36.0,36.P.C 36.Y.V 36.K.c 36.T.C 36.A.V 36.H.c,2.0 1.5 1.1 1.75 1.3 0.8,bugtaʔ,0.0,1079.0
2964,earth,HUNGARIAN,fild,f i l d,3 7 5 1,AXLN,BILT,38.0,38.B.C 38.I.V 38.L.c 38.T.c,2.0 1.5 1.1 0.8,fild,0.0,1085.0
4252,earth,JAPANESE,Cikju,i k j u,7 1 6 7,XBCZ,IKJY,54.0,54.I.V 54.K.C 54.J.C 54.Y.V,1.5 1.75 1.5 0.8,ikju,0.0,1087.0
4988,earth,KAPAMPANGAN,gabun,g a b u n,1 7 1 7 4,AXBYN,KAPYN,64.0,64.K.C 64.A.V 64.P.C 64.Y.V 64.N.c,2.0 1.5 1.75 1.3 0.8,gabun,0.0,1088.0
5172,earth,KOREAN,Cigu,i g u,7 1 7,XBZ,IKY,66.0,66.I.V 66.K.C 66.Y.V,1.5 1.75 0.8,igu,0.0,1087.0
6828,earth,MOKSHA,moda,m o d a,4 7 1 7,AXBZ,MUTA,86.0,86.M.C 86.U.V 86.T.C 86.A.V,2.0 1.5 1.75 0.8,moda,0.0,1081.0
8300,earth,SEDANG,tonei,t o n e i,1 7 4 7 7,AXBYZ,TUNEI,102.0,102.T.C 102.U.V 102.N.C 102.E.V 102.I.V,2.0 1.5 1.75 1.3 0.8,tonei,0.0,1086.0
8944,earth,SPANISH,tiera,t i e r a,1 7 7 5 7,AXYBZ,TIERA,111.0,111.T.C 111.I.V 111.E.V 111.R.C 111.A.V,2.0 1.5 1.3 1.75 0.8,tiera,0.0,1092.0
9496,earth,TAGALOG,lupa,l u p a,5 7 1 7,AXBZ,LYPA,117.0,117.L.C 117.Y.V 117.P.C 117.A.V,2.0 1.5 1.75 0.8,lupa,0.0,1078.0
10048,earth,TURKISH,toprak,t o p r a k,1 7 1 5 7 1,AXBCYN,TUPRAK,123.0,123.T.C 123.U.V 123.P.C 123.R.C 123.A.V 123.K.c,2.0 1.5 1.75 1.5 1.3 0.8,toprak,0.0,1094.0
10692,earth,IMOROD,tana,t a n a,1 7 4 7,AXBZ,TANA,46.0,46.T.C 46.A.V 46.N.C 46.A.V,2.0 1.5 1.75 0.8,tana,0.0,1086.0
757,eat,BASQUE,janari,j a n a r i,6 7 4 7 5 7,AXBYBZ,JANARI,10.0,10.J.C 10.A.V 10.N.C 10.A.V 10.R.C 10.I.V,2.0 1.5 1.75 1.3 1.75 0.8,janari,0.0,1095.0
1401,eat,BUKIDNON BINUKID,kaʔon,k a ʔ o n,1 7 1 7 4,AXBYN,KAHUN,18.0,18.K.C 18.A.V 18.H.C 18.U.V 18.N.c,2.0 1.5 1.75 1.3 0.8,kaʔon,0.0,1096.0
2229,eat,ENGLISH,it,i t,7 1,XN,IT,28.0,28.I.V 28.T.c,1.5 0.8,it,0.0,1097.0
2413,eat,ESTONIAN,so,s o,3 7,AX,SU,30.0,30.S.C 30.U.V,2.0 1.5,so,0.0,1098.0
2505,eat,FINNISH,sjə,s j ə,3 6 7,ACX,SJE,32.0,32.S.C 32.J.C 32.E.V,2.0 1.5 1.5,sjə,0.0,1099.0
2781,eat,HANUNOO,kumaʔun,k u m a ʔ u n,1 7 4 7 1 7 4,AXBYBYN,KYMAHYN,35.0,35.K.C 35.Y.V 35.M.C 35.A.V 35.H.C 35.Y.V 35.N.c,2.0 1.5 1.75 1.3 1.75 1.3 0.8,kumaʔun,0.0,1096.0
2873,eat,HIGAONON BINUKID,kaʔon,k a ʔ o n,1 7 1 7 4,AXBYN,KAHUN,36.0,36.K.C 36.A.V 36.H.C 36.U.V 36.N.c,2.0 1.5 1.75 1.3 0.8,kaʔon,0.0,1096.0
2965,eat,HUNGARIAN,en,e n,7 4,XN,EN,38.0,38.E.V 38.N.c,1.5 0.8,en,1.0,1102.0
4253,eat,JAPANESE,tabe,t a b e,1 7 1 7,AXBZ,TAPE,54.0,54.T.C 54.A.V 54.P.C 54.E.V,2.0 1.5 1.75 0.8,tabe,0.0,1104.0
4989,eat,KAPAMPANGAN,maŋam,m a ŋ a m,4 7 4 7 4,AXBYN,MANAM,64.0,64.M.C 64.A.V 64.N.C 64.A.V 64.M.c,2.0 1.5 1.75 1.3 0.8,maŋam,0.0,1105.0
5173,eat,KOREAN,mok,m o k,4 7 1,AXN,MUK,66.0,66.M.C 66.U.V 66.K.c,2.0 1.5 0.8,mok,0.0,1106.0
6829,eat,MOKSHA,jarxcams,j a r x c a ms,6 7 5 3 1 7 4,AXLMBYN,JARGCAM,86.0,86.J.C 86.A.V 86.R.c 86.G.c 86.C.C 86.A.V 86.M.c,2.0 1.5 1.1 1.1 1.75 1.3 0.8,jarxcams,0.0,1107.0
8301,eat,SEDANG,ka,k a,1 7,AX,KA,102.0,102.K.C 102.A.V,2.0 1.5,ka,0.0,1096.0
8945,eat,SPANISH,kome,k o m e,1 7 4 7,AXBZ,KUME,111.0,111.K.C 111.U.V 111.M.C 111.E.V,2.0 1.5 1.75 0.8,kome,0.0,1096.0
9497,eat,TAGALOG,kain,k a i n,1 7 7 4,AXYN,KAIN,117.0,117.K.C 117.A.V 117.I.V 117.N.c,2.0 1.5 1.3 0.8,kain,0.0,1096.0
10049,eat,TURKISH,je,j e,6 7,AX,JE,123.0,123.J.C 123.E.V,2.0 1.5,je,0.0,1099.0
10693,eat,IMOROD,kan,k a n,1 7 4,AXN,KAN,46.0,46.K.C 46.A.V 46.N.c,2.0 1.5 0.8,kan,0.0,1096.0
758,egg,BASQUE,arraulca,a rr a u l c a,7 5 7 7 5 1 7,XBYYMBZ,ARAYLCA,10.0,10.A.V 10.R.C 10.A.V 10.Y.V 10.L.c 10.C.C 10.A.V,1.5 1.75 1.3 1.3 1.1 1.75 0.8,arraulca,0.0,1108.0
1402,egg,BUKIDNON BINUKID,impis,i m p i s,7 4 1 7 3,XMBYN,IMPIS,18.0,18.I.V 18.M.c 18.P.C 18.I.V 18.S.c,1.5 1.1 1.75 1.3 0.8,impis,0.0,1109.0
2230,egg,ENGLISH,eg,e g,7 1,XN,EK,28.0,28.E.V 28.K.c,1.5 0.8,eg,0.0,1110.0
2414,egg,ESTONIAN,muna,m u n a,4 7 4 7,AXBZ,MYNA,30.0,30.M.C 30.Y.V 30.N.C 30.A.V,2.0 1.5 1.75 0.8,muna,0.0,1111.0
2506,egg,FINNISH,muna,m u n a,4 7 4 7,AXBZ,MYNA,32.0,32.M.C 32.Y.V 32.N.C 32.A.V,2.0 1.5 1.75 0.8,muna,0.0,1111.0
2782,egg,HANUNOO,itlug,i t l u g,7 1 5 7 1,XBCYN,ITLYK,35.0,35.I.V 35.T.C 35.L.C 35.Y.V 35.K.c,1.5 1.75 1.5 1.3 0.8,itlug,0.0,1113.0
2874,egg,HIGAONON BINUKID,impis,i m p i s,7 4 1 7 3,XMBYN,IMPIS,36.0,36.I.V 36.M.c 36.P.C 36.I.V 36.S.c,1.5 1.1 1.75 1.3 0.8,impis,0.0,1109.0
2966,egg,HUNGARIAN,todʒas,t o dʒ a s,1 7 1 7 3,AXBYN,TUTAS,38.0,38.T.C 38.U.V 38.T.C 38.A.V 38.S.c,2.0 1.5 1.75 1.3 0.8,todʒas,0.0,1115.0
4254,egg,JAPANESE,tamago,t a m a g o,1 7 4 7 1 7,AXBYBZ,TAMAKU,54.0,54.T.C 54.A.V 54.M.C 54.A.V 54.K.C 54.U.V,2.0 1.5 1.75 1.3 1.75 0.8,tamago,0.0,1117.0
4990,egg,KAPAMPANGAN,ebun,e b u n,7 1 7 4,XBYN,EPYN,64.0,64.E.V 64.P.C 64.Y.V 64.N.c,1.5 1.75 1.3 0.8,ebun,0.0,1118.0
5174,egg,KOREAN,al,a l,7 5,XN,AL,66.0,66.A.V 66.L.c,1.5 0.8,al,0.0,1119.0
6830,egg,MOKSHA,al,a l,7 5,XN,AL,86.0,86.A.V 86.L.c,1.5 0.8,al,0.0,1119.0
8302,egg,SEDANG,kota,k o t a,1 7 1 7,AXBZ,KUTA,102.0,102.K.C 102.U.V 102.T.C 102.A.V,2.0 1.5 1.75 0.8,kota,0.0,1115.0
8946,egg,SPANISH,wevo,w e v o,6 7 3 7,AXBZ,WEBU,111.0,111.W.C 111.E.V 111.B.C 111.U.V,2.0 1.5 1.75 0.8,wevo,0.0,1122.0
9498,egg,TAGALOG,itlog,i t l o g,7 1 5 7 1,XBCYN,ITLUK,117.0,117.I.V 117.T.C 117.L.C 117.U.V 117.K.c,1.5 1.75 1.5 1.3 0.8,itlog,0.0,1113.0
10050,egg,TURKISH,jumurta,j u m u r t a,6 7 4 7 5 1 7,AXBYMBZ,JYMYRTA,123.0,123.J.C 123.Y.V 123.M.C 123.Y.V 123.R.c 123.T.C 123.A.V,2.0 1.5 1.75 1.3 1.1 1.75 0.8,jumurta,0.0,1124.0
10694,egg,IMOROD,icjoj,i c j o j,7 1 6 7 6,XBCYN,ICJUJ,46.0,46.I.V 46.C.C 46.J.C 46.U.V 46.J.c,1.5 1.75 1.5 1.3 0.8,icjoj,0.0,1116.0
23,eye,AGTA,moto,m o t o,4 7 1 7,AXBZ,MUTU,1.0,1.M.C 1.U.V 1.T.C 1.U.V,2.0 1.5 1.75 0.8,moto,0.0,1175.0
115,eye,AKLANON,mata,m a t a,4 7 1 7,AXBZ,MATA,2.0,2.M.C 2.A.V 2.T.C 2.A.V,2.0 1.5 1.75 0.8,mata,0.0,1175.0
299,eye,ATTA PAMPLONA,mata,m a t a,4 7 1 7,AXBZ,MATA,4.0,4.M.C 4.A.V 4.T.C 4.A.V,2.0 1.5 1.75 0.8,mata,0.0,1175.0
391,eye,BAJAU WEST COAST,moto,m o t o,4 7 1 7,AXBZ,MUTU,6.0,6.M.C 6.U.V 6.T.C 6.U.V,2.0 1.5 1.75 0.8,moto,0.0,1175.0
483,eye,BALANGAW,mata,m a t a,4 7 1 7,AXBZ,MATA,7.0,7.M.C 7.A.V 7.T.C 7.A.V,2.0 1.5 1.75 0.8,mata,0.0,1175.0
575,eye,BALANGINGI SAMA,mata,m a t a,4 7 1 7,AXBZ,MATA,8.0,8.M.C 8.A.V 8.T.C 8.A.V,2.0 1.5 1.75 0.8,mata,0.0,1175.0
667,eye,BANTON BANTOANON,mata,m a t a,4 7 1 7,AXBZ,MATA,9.0,9.M.C 9.A.V 9.T.C 9.A.V,2.0 1.5 1.75 0.8,mata,0.0,1175.0
759,eye,BASQUE,begi,b e g i,1 7 1 7,AXBZ,PEKI,10.0,10.P.C 10.E.V 10.K.C 10.I.V,2.0 1.5 1.75 0.8,begi,0.0,1133.0
851,eye,BATAK PALAWAN,mata,m a t a,4 7 1 7,AXBZ,MATA,11.0,11.M.C 11.A.V 11.T.C 11.A.V,2.0 1.5 1.75 0.8,mata,0.0,1175.0
943,eye,BILAAN KORONADAL,mato,m a t o,4 7 1 7,AXBZ,MATU,12.0,12.M.C 12.A.V 12.T.C 12.U.V,2.0 1.5 1.75 0.8,mato,0.0,1175.0
1035,eye,BILAAN SARANGANI,mata,m a t a,4 7 1 7,AXBZ,MATA,13.0,13.M.C 13.A.V 13.T.C 13.A.V,2.0 1.5 1.75 0.8,mata,0.0,1175.0
1127,eye,BONGGI,mata,m a t a,4 7 1 7,AXBZ,MATA,15.0,15.M.C 15.A.V 15.T.C 15.A.V,2.0 1.5 1.75 0.8,mata,0.0,1175.0
1219,eye,BONTOC GUINAANG,mata,m a t a,4 7 1 7,AXBZ,MATA,16.0,16.M.C 16.A.V 16.T.C 16.A.V,2.0 1.5 1.75 0.8,mata,0.0,1175.0
1311,eye,BUHI,mata,m a t a,4 7 1 7,AXBZ,MATA,17.0,17.M.C 17.A.V 17.T.C 17.A.V,2.0 1.5 1.75 0.8,mata,0.0,1175.0
1403,eye,BUKIDNON BINUKID,mata,m a t a,4 7 1 7,AXBZ,MATA,18.0,18.M.C 18.A.V 18.T.C 18.A.V,2.0 1.5 1.75 0.8,mata,0.0,1175.0
1495,eye,BUTUANON,mata,m a t a,4 7 1 7,AXBZ,MATA,19.0,19.M.C 19.A.V 19.T.C 19.A.V,2.0 1.5 1.75 0.8,mata,0.0,1175.0
1587,eye,CAIJIA,nicr,n i c r,4 7 1 5,AXBC,NICR,20.0,20.N.C 20.I.V 20.C.C 20.R.C,2.0 1.5 1.75 1.5,nicr,0.0,1143.0
1679,eye,CEBUANO,mata,m a t a,4 7 1 7,AXBZ,MATA,22.0,22.M.C 22.A.V 22.T.C 22.A.V,2.0 1.5 1.75 0.8,mata,0.0,1175.0
1771,eye,CENTRAL TAGBANWA,mata,m a t a,4 7 1 7,AXBZ,MATA,23.0,23.M.C 23.A.V 23.T.C 23.A.V,2.0 1.5 1.75 0.8,mata,0.0,1175.0
1863,eye,CUYONON,mataʔ,m a t a ʔ,4 7 1 7 1,AXBYN,MATAH,24.0,24.M.C 24.A.V 24.T.C 24.A.V 24.H.c,2.0 1.5 1.75 1.3 0.8,mataʔ,0.0,1175.0
1955,eye,DARAGA,mata,m a t a,4 7 1 7,AXBZ,MATA,25.0,25.M.C 25.A.V 25.T.C 25.A.V,2.0 1.5 1.75 0.8,mata,0.0,1175.0
2047,eye,DUMAGAT CASIGURAN,mataʔ,m a t a ʔ,4 7 1 7 1,AXBYN,MATAH,26.0,26.M.C 26.A.V 26.T.C 26.A.V 26.H.c,2.0 1.5 1.75 1.3 0.8,mataʔ,0.0,1175.0
2139,eye,DUPANINGAN AGTA,mataʔ,m a t a ʔ,4 7 1 7 1,AXBYN,MATAH,27.0,27.M.C 27.A.V 27.T.C 27.A.V 27.H.c,2.0 1.5 1.75 1.3 0.8,mataʔ,0.0,1175.0
2231,eye,ENGLISH,Ei,i,7,X,I,28.0,28.I.V,1.5,i,1.0,1151.0
2323,eye,ESKAYAN,sim,s i m,3 7 4,AXN,SIM,29.0,29.S.C 29.I.V 29.M.c,2.0 1.5 0.8,sim,0.0,1152.0
2415,eye,ESTONIAN,silm,s i l m,3 7 5 4,AXLN,SILM,30.0,30.S.C 30.I.V 30.L.c 30.M.c,2.0 1.5 1.1 0.8,silm,0.0,1152.0
2507,eye,FINNISH,silmE,s i l m,3 7 5 4,AXLN,SILM,32.0,32.S.C 32.I.V 32.L.c 32.M.c,2.0 1.5 1.1 0.8,silm,0.0,1152.0
2599,eye,FUZHOU CHINESE,meikciu,m e i k c i u,4 7 7 1 1 7 7,AXYMBYZ,MEIKCIY,33.0,33.M.C 33.E.V 33.I.V 33.K.c 33.C.C 33.I.V 33.Y.V,2.0 1.5 1.3 1.1 1.75 1.3 0.8,meikciu,0.0,1156.0
2691,eye,GADDANG,mata,m a t a,4 7 1 7,AXBZ,MATA,34.0,34.M.C 34.A.V 34.T.C 34.A.V,2.0 1.5 1.75 0.8,mata,0.0,1175.0
2783,eye,HANUNOO,mata,m a t a,4 7 1 7,AXBZ,MATA,35.0,35.M.C 35.A.V 35.T.C 35.A.V,2.0 1.5 1.75 0.8,mata,0.0,1175.0
2875,eye,HIGAONON BINUKID,mata,m a t a,4 7 1 7,AXBZ,MATA,36.0,36.M.C 36.A.V 36.T.C 36.A.V,2.0 1.5 1.75 0.8,mata,0.0,1175.0
2967,eye,HUNGARIAN,sem,s e m,3 7 4,AXN,SEM,38.0,38.S.C 38.E.V 38.M.c,2.0 1.5 0.8,sem,0.0,1152.0
3059,eye,IBANAG,mata,m a t a,4 7 1 7,AXBZ,MATA,39.0,39.M.C 39.A.V 39.T.C 39.A.V,2.0 1.5 1.75 0.8,mata,0.0,1175.0
3151,eye,IDAAN,mato,m a t o,4 7 1 7,AXBZ,MATU,40.0,40.M.C 40.A.V 40.T.C 40.U.V,2.0 1.5 1.75 0.8,mato,0.0,1175.0
3243,eye,IFUGAO AMGANAD,mata,m a t a,4 7 1 7,AXBZ,MATA,41.0,41.M.C 41.A.V 41.T.C 41.A.V,2.0 1.5 1.75 0.8,mata,0.0,1175.0
3335,eye,IFUGAO BATAD,mata,m a t a,4 7 1 7,AXBZ,MATA,42.0,42.M.C 42.A.V 42.T.C 42.A.V,2.0 1.5 1.75 0.8,mata,0.0,1175.0
3427,eye,IFUGAO BAYNINAN,mata,m a t a,4 7 1 7,AXBZ,MATA,43.0,43.M.C 43.A.V 43.T.C 43.A.V,2.0 1.5 1.75 0.8,mata,0.0,1175.0
3519,eye,ILOKANO,mata,m a t a,4 7 1 7,AXBZ,MATA,44.0,44.M.C 44.A.V 44.T.C 44.A.V,2.0 1.5 1.75 0.8,mata,0.0,1175.0
3611,eye,ILONGOT KAKIDUGEN,mata,m a t a,4 7 1 7,AXBZ,MATA,45.0,45.M.C 45.A.V 45.T.C 45.A.V,2.0 1.5 1.75 0.8,mata,0.0,1175.0
3703,eye,INIBALOI,mata,m a t a,4 7 1 7,AXBZ,MATA,48.0,48.M.C 48.A.V 48.T.C 48.A.V,2.0 1.5 1.75 0.8,mata,0.0,1175.0
3795,eye,IRANUN,mata,m a t a,4 7 1 7,AXBZ,MATA,49.0,49.M.C 49.A.V 49.T.C 49.A.V,2.0 1.5 1.75 0.8,mata,0.0,1175.0
3887,eye,IRIGA,mata,m a t a,4 7 1 7,AXBZ,MATA,50.0,50.M.C 50.A.V 50.T.C 50.A.V,2.0 1.5 1.75 0.8,mata,0.0,1175.0
3979,eye,ISNAG,mata,m a t a,4 7 1 7,AXBZ,MATA,51.0,51.M.C 51.A.V 51.T.C 51.A.V,2.0 1.5 1.75 0.8,mata,0.0,1175.0
4071,eye,ITAWIT,mEtE,m t,4 1,AN,MT,52.0,52.M.C 52.T.c,2.0 0.8,mt,0.0,1175.0
4163,eye,ITNEG BINONGAN,ata,a t a,7 1 7,XBZ,ATA,53.0,53.A.V 53.T.C 53.A.V,1.5 1.75 0.8,ata,0.0,1175.0
4255,eye,JAPANESE,me,m e,4 7,AX,ME,54.0,54.M.C 54.E.V,2.0 1.5,me,0.0,1175.0
4347,eye,KADAZAN,mato,m a t o,4 7 1 7,AXBZ,MATU,55.0,55.M.C 55.A.V 55.T.C 55.U.V,2.0 1.5 1.75 0.8,mato,0.0,1175.0
4439,eye,KAGAYANEN,mata,m a t a,4 7 1 7,AXBZ,MATA,56.0,56.M.C 56.A.V 56.T.C 56.A.V,2.0 1.5 1.75 0.8,mata,0.0,1175.0
4531,eye,KALAGAN,mata,m a t a,4 7 1 7,AXBZ,MATA,57.0,57.M.C 57.A.V 57.T.C 57.A.V,2.0 1.5 1.75 0.8,mata,0.0,1175.0
4623,eye,KALINGA GUINAANG,ata,a t a,7 1 7,XBZ,ATA,59.0,59.A.V 59.T.C 59.A.V,1.5 1.75 0.8,ata,0.0,1175.0
4715,eye,KALINGA LIMOS,ata,a t a,7 1 7,XBZ,ATA,60.0,60.A.V 60.T.C 60.A.V,1.5 1.75 0.8,ata,0.0,1175.0
4807,eye,KALLAHAN KAYAPA PROPER,mata,m a t a,4 7 1 7,AXBZ,MATA,61.0,61.M.C 61.A.V 61.T.C 61.A.V,2.0 1.5 1.75 0.8,mata,0.0,1175.0
4899,eye,KANKANAY NORTHERN,mata,m a t a,4 7 1 7,AXBZ,MATA,63.0,63.M.C 63.A.V 63.T.C 63.A.V,2.0 1.5 1.75 0.8,mata,0.0,1175.0
4991,eye,KAPAMPANGAN,mata,m a t a,4 7 1 7,AXBZ,MATA,64.0,64.M.C 64.A.V 64.T.C 64.A.V,2.0 1.5 1.75 0.8,mata,0.0,1175.0
5083,eye,KINARAY A,mata,m a t a,4 7 1 7,AXBZ,MATA,65.0,65.M.C 65.A.V 65.T.C 65.A.V,2.0 1.5 1.75 0.8,mata,0.0,1175.0
5175,eye,KOREAN,nun,n u n,4 7 4,AXN,NYN,66.0,66.N.C 66.Y.V 66.N.c,2.0 1.5 0.8,nun,0.0,1189.0
5267,eye,LEGAZPI,mata,m a t a,4 7 1 7,AXBZ,MATA,67.0,67.M.C 67.A.V 67.T.C 67.A.V,2.0 1.5 1.75 0.8,mata,0.0,1175.0
5359,eye,LIBON,mata,m a t a,4 7 1 7,AXBZ,MATA,68.0,68.M.C 68.A.V 68.T.C 68.A.V,2.0 1.5 1.75 0.8,mata,0.0,1175.0
5543,eye,MAMANWA,mata,m a t a,4 7 1 7,AXBZ,MATA,70.0,70.M.C 70.A.V 70.T.C 70.A.V,2.0 1.5 1.75 0.8,mata,0.0,1175.0
5727,eye,MANOBO ATA,mata,m a t a,4 7 1 7,AXBZ,MATA,74.0,74.M.C 74.A.V 74.T.C 74.A.V,2.0 1.5 1.75 0.8,mata,0.0,1175.0
5819,eye,MANOBO DIBABAWON,mata,m a t a,4 7 1 7,AXBZ,MATA,75.0,75.M.C 75.A.V 75.T.C 75.A.V,2.0 1.5 1.75 0.8,mata,0.0,1175.0
5911,eye,MANOBO ILIANEN,mata,m a t a,4 7 1 7,AXBZ,MATA,76.0,76.M.C 76.A.V 76.T.C 76.A.V,2.0 1.5 1.75 0.8,mata,0.0,1175.0
6003,eye,MANOBO KALAMANSIG COTABATO,mata,m a t a,4 7 1 7,AXBZ,MATA,77.0,77.M.C 77.A.V 77.T.C 77.A.V,2.0 1.5 1.75 0.8,mata,0.0,1175.0
6095,eye,MANOBO SARANGANI,mata,m a t a,4 7 1 7,AXBZ,MATA,78.0,78.M.C 78.A.V 78.T.C 78.A.V,2.0 1.5 1.75 0.8,mata,0.0,1175.0
6187,eye,MANOBO TIGWA,mata,m a t a,4 7 1 7,AXBZ,MATA,79.0,79.M.C 79.A.V 79.T.C 79.A.V,2.0 1.5 1.75 0.8,mata,0.0,1175.0
6279,eye,MANOBO WESTERN BUKIDNON,mata,m a t a,4 7 1 7,AXBZ,MATA,80.0,80.M.C 80.A.V 80.T.C 80.A.V,2.0 1.5 1.75 0.8,mata,0.0,1175.0
6371,eye,MANSAKA,mata,m a t a,4 7 1 7,AXBZ,MATA,81.0,81.M.C 81.A.V 81.T.C 81.A.V,2.0 1.5 1.75 0.8,mata,0.0,1175.0
6463,eye,MAPUN,mata,m a t a,4 7 1 7,AXBZ,MATA,82.0,82.M.C 82.A.V 82.T.C 82.A.V,2.0 1.5 1.75 0.8,mata,0.0,1175.0
6555,eye,MARANAO,mata,m a t a,4 7 1 7,AXBZ,MATA,83.0,83.M.C 83.A.V 83.T.C 83.A.V,2.0 1.5 1.75 0.8,mata,0.0,1175.0
6647,eye,MASBATENYO,mata,m a t a,4 7 1 7,AXBZ,MATA,84.0,84.M.C 84.A.V 84.T.C 84.A.V,2.0 1.5 1.75 0.8,mata,0.0,1175.0
6739,eye,MINANGALI LOWER TANUDAN KALINGA,ata,a t a,7 1 7,XBZ,ATA,85.0,85.A.V 85.T.C 85.A.V,1.5 1.75 0.8,ata,0.0,1175.0
6831,eye,MOKSHA,sjeljmje,s j e l j m j e,3 6 7 5 6 4 6 7,ACXBYBCZ,SJELJMJE,86.0,86.S.C 86.J.C 86.E.V 86.L.C 86.J.V 86.M.C 86.J.C 86.E.V,2.0 1.5 1.5 1.75 1.3 1.75 1.5 0.8,sjeljmje,0.0,1207.0
6923,eye,MOLBOG,mata,m a t a,4 7 1 7,AXBZ,MATA,87.0,87.M.C 87.A.V 87.T.C 87.A.V,2.0 1.5 1.75 0.8,mata,0.0,1175.0
7015,eye,MONGOLIAN,nut,n u t,4 7 1,AXN,NYT,88.0,88.N.C 88.Y.V 88.T.c,2.0 1.5 0.8,nut,0.0,1143.0
7107,eye,MORO MAGINDANAU,mata,m a t a,4 7 1 7,AXBZ,MATA,89.0,89.M.C 89.A.V 89.T.C 89.A.V,2.0 1.5 1.75 0.8,mata,0.0,1175.0
7199,eye,NORTHERN CATANDUANES,mata,m a t a,4 7 1 7,AXBZ,MATA,90.0,90.M.C 90.A.V 90.T.C 90.A.V,2.0 1.5 1.75 0.8,mata,0.0,1175.0
7291,eye,NORTHERN SORSOGON,mata,m a t a,4 7 1 7,AXBZ,MATA,91.0,91.M.C 91.A.V 91.T.C 91.A.V,2.0 1.5 1.75 0.8,mata,0.0,1175.0
7383,eye,OAS,mata,m a t a,4 7 1 7,AXBZ,MATA,92.0,92.M.C 92.A.V 92.T.C 92.A.V,2.0 1.5 1.75 0.8,mata,0.0,1175.0
7475,eye,PALAWANO BATAK,mata,m a t a,4 7 1 7,AXBZ,MATA,93.0,93.M.C 93.A.V 93.T.C 93.A.V,2.0 1.5 1.75 0.8,mata,0.0,1175.0
7567,eye,PANGASINAN,mata,m a t a,4 7 1 7,AXBZ,MATA,94.0,94.M.C 94.A.V 94.T.C 94.A.V,2.0 1.5 1.75 0.8,mata,0.0,1175.0
7659,eye,PANGUTARAN SAMA,mata,m a t a,4 7 1 7,AXBZ,MATA,95.0,95.M.C 95.A.V 95.T.C 95.A.V,2.0 1.5 1.75 0.8,mata,0.0,1175.0
7751,eye,PROTO PALAWAN,mata,m a t a,4 7 1 7,AXBZ,MATA,96.0,96.M.C 96.A.V 96.T.C 96.A.V,2.0 1.5 1.75 0.8,mata,0.0,1175.0
7843,eye,QUEZON PALAWAN,mata,m a t a,4 7 1 7,AXBZ,MATA,97.0,97.M.C 97.A.V 97.T.C 97.A.V,2.0 1.5 1.75 0.8,mata,0.0,1175.0
7935,eye,ROMBLOMANON 2,mata,m a t a,4 7 1 7,AXBZ,MATA,98.0,98.M.C 98.A.V 98.T.C 98.A.V,2.0 1.5 1.75 0.8,mata,0.0,1175.0
8027,eye,SAMAL,mata,m a t a,4 7 1 7,AXBZ,MATA,99.0,99.M.C 99.A.V 99.T.C 99.A.V,2.0 1.5 1.75 0.8,mata,0.0,1175.0
8119,eye,SAMBAL BOTOLAN,mata,m a t a,4 7 1 7,AXBZ,MATA,100.0,100.M.C 100.A.V 100.T.C 100.A.V,2.0 1.5 1.75 0.8,mata,0.0,1175.0
8211,eye,SANGIL SARANGANI ISLANDS,mata,m a t a,4 7 1 7,AXBZ,MATA,101.0,101.M.C 101.A.V 101.T.C 101.A.V,2.0 1.5 1.75 0.8,mata,0.0,1175.0
8303,eye,SEDANG,ma,m a,4 7,AX,MA,102.0,102.M.C 102.A.V,2.0 1.5,ma,0.0,1175.0
8395,eye,SIBUTU SOUTHERN SAMA,mata,m a t a,4 7 1 7,AXBZ,MATA,103.0,103.M.C 103.A.V 103.T.C 103.A.V,2.0 1.5 1.75 0.8,mata,0.0,1175.0
8487,eye,SOGODNIN BORACAY,mata,m a t a,4 7 1 7,AXBZ,MATA,105.0,105.M.C 105.A.V 105.T.C 105.A.V,2.0 1.5 1.75 0.8,mata,0.0,1175.0
8579,eye,SOUTH SAAMI,Cjelmiə,j e l m i ə,6 7 5 4 7 7,AXMBYZ,JELMIE,106.0,106.J.C 106.E.V 106.L.c 106.M.C 106.I.V 106.E.V,2.0 1.5 1.1 1.75 1.3 0.8,jelmiə,0.0,1227.0
8671,eye,SOUTHERN CATANDUANES,mata,m a t a,4 7 1 7,AXBZ,MATA,107.0,107.M.C 107.A.V 107.T.C 107.A.V,2.0 1.5 1.75 0.8,mata,0.0,1175.0
8763,eye,SOUTHERN SORSOGON,mata,m a t a,4 7 1 7,AXBZ,MATA,109.0,109.M.C 109.A.V 109.T.C 109.A.V,2.0 1.5 1.75 0.8,mata,0.0,1175.0
8855,eye,SOUTHWEST PALAWANO,mata,m a t a,4 7 1 7,AXBZ,MATA,110.0,110.M.C 110.A.V 110.T.C 110.A.V,2.0 1.5 1.75 0.8,mata,0.0,1175.0
8947,eye,SPANISH,oho,o h o,7 3 7,XBZ,UHU,111.0,111.U.V 111.H.C 111.U.V,1.5 1.75 0.8,oho,0.0,1232.0
9039,eye,SUBANON SIOCON,mata,m a t a,4 7 1 7,AXBZ,MATA,112.0,112.M.C 112.A.V 112.T.C 112.A.V,2.0 1.5 1.75 0.8,mata,0.0,1175.0
9131,eye,SUBANUN SINDANGAN,mata,m a t a,4 7 1 7,AXBZ,MATA,113.0,113.M.C 113.A.V 113.T.C 113.A.V,2.0 1.5 1.75 0.8,mata,0.0,1175.0
9223,eye,SURIGAONON,mata,m a t a,4 7 1 7,AXBZ,MATA,114.0,114.M.C 114.A.V 114.T.C 114.A.V,2.0 1.5 1.75 0.8,mata,0.0,1175.0
9315,eye,TAGABAWA,mata,m a t a,4 7 1 7,AXBZ,MATA,115.0,115.M.C 115.A.V 115.T.C 115.A.V,2.0 1.5 1.75 0.8,mata,0.0,1175.0
9407,eye,TAGABILI,matah,m a t a h,4 7 1 7 3,AXBYN,MATAH,116.0,116.M.C 116.A.V 116.T.C 116.A.V 116.H.c,2.0 1.5 1.75 1.3 0.8,matah,0.0,1175.0
9499,eye,TAGALOG,mata,m a t a,4 7 1 7,AXBZ,MATA,117.0,117.M.C 117.A.V 117.T.C 117.A.V,2.0 1.5 1.75 0.8,mata,0.0,1175.0
9591,eye,TAGBANWA ABORLAN,mata,m a t a,4 7 1 7,AXBZ,MATA,118.0,118.M.C 118.A.V 118.T.C 118.A.V,2.0 1.5 1.75 0.8,mata,0.0,1175.0
9683,eye,TAGBANWA KALAMIAN,mataʔ,m a t a ʔ,4 7 1 7 1,AXBYN,MATAH,119.0,119.M.C 119.A.V 119.T.C 119.A.V 119.H.c,2.0 1.5 1.75 1.3 0.8,mataʔ,0.0,1175.0
9775,eye,TAUSUG,matah,m a t a h,4 7 1 7 3,AXBYN,MATAH,120.0,120.M.C 120.A.V 120.T.C 120.A.V 120.H.c,2.0 1.5 1.75 1.3 0.8,matah,0.0,1175.0
9867,eye,TIMUGON MURUT,mato,m a t o,4 7 1 7,AXBZ,MATU,121.0,121.M.C 121.A.V 121.T.C 121.U.V,2.0 1.5 1.75 0.8,mato,0.0,1175.0
9959,eye,TIRURAY,moto,m o t o,4 7 1 7,AXBZ,MUTU,122.0,122.M.C 122.U.V 122.T.C 122.U.V,2.0 1.5 1.75 0.8,moto,0.0,1175.0
10051,eye,TURKISH,delik,d e l i k,1 7 5 7 1,AXBYN,TELIK,123.0,123.T.C 123.E.V 123.L.C 123.I.V 123.K.c,2.0 1.5 1.75 1.3 0.8,delik,0.0,1225.0
10143,eye,UGARITIC,Xn,n,4,A,N,124.0,124.N.C,2.0,n,0.0,1189.0
10327,eye,WARAY WARAY,mata,m a t a,4 7 1 7,AXBZ,MATA,126.0,126.M.C 126.A.V 126.T.C 126.A.V,2.0 1.5 1.75 0.8,mata,0.0,1175.0
10419,eye,YAKAN,mata,m a t a,4 7 1 7,AXBZ,MATA,127.0,127.M.C 127.A.V 127.T.C 127.A.V,2.0 1.5 1.75 0.8,mata,0.0,1175.0
10511,eye,YOGAD,mata,m a t a,4 7 1 7,AXBZ,MATA,128.0,128.M.C 128.A.V 128.T.C 128.A.V,2.0 1.5 1.75 0.8,mata,0.0,1175.0
10603,eye,ZAMBOANGUENO,oho,o h o,7 3 7,XBZ,UHU,129.0,129.U.V 129.H.C 129.U.V,1.5 1.75 0.8,oho,0.0,1232.0
10695,eye,IMOROD,mata,m a t a,4 7 1 7,AXBZ,MATA,46.0,46.M.C 46.A.V 46.T.C 46.A.V,2.0 1.5 1.75 0.8,mata,0.0,1175.0
10787,eye,BABUYAN,mata,m a t a,4 7 1 7,AXBZ,MATA,5.0,5.M.C 5.A.V 5.T.C 5.A.V,2.0 1.5 1.75 0.8,mata,0.0,1175.0
10879,eye,BISAYA SABAH,mato,m a t o,4 7 1 7,AXBZ,MATU,14.0,14.M.C 14.A.V 14.T.C 14.U.V,2.0 1.5 1.75 0.8,mato,0.0,1175.0
10971,eye,CAPIZNON,mata,m a t a,4 7 1 7,AXBZ,MATA,21.0,21.M.C 21.A.V 21.T.C 21.A.V,2.0 1.5 1.75 0.8,mata,0.0,1175.0
11063,eye,FINALLIG,mata,m a t a,4 7 1 7,AXBZ,MATA,31.0,31.M.C 31.A.V 31.T.C 31.A.V,2.0 1.5 1.75 0.8,mata,0.0,1175.0
11155,eye,HILIGAYNON,mata,m a t a,4 7 1 7,AXBZ,MATA,37.0,37.M.C 37.A.V 37.T.C 37.A.V,2.0 1.5 1.75 0.8,mata,0.0,1175.0
11247,eye,INABAKNON,mata,m a t a,4 7 1 7,AXBZ,MATA,47.0,47.M.C 47.A.V 47.T.C 47.A.V,2.0 1.5 1.75 0.8,mata,0.0,1175.0
11339,eye,KALAGAN KAAGAN,mata,m a t a,4 7 1 7,AXBZ,MATA,58.0,58.M.C 58.A.V 58.T.C 58.A.V,2.0 1.5 1.75 0.8,mata,0.0,1175.0
11431,eye,KANKANAEY,mata,m a t a,4 7 1 7,AXBZ,MATA,62.0,62.M.C 62.A.V 62.T.C 62.A.V,2.0 1.5 1.75 0.8,mata,0.0,1175.0
11523,eye,MANDAYAN BOSO,mata,m a t a,4 7 1 7,AXBZ,MATA,71.0,71.M.C 71.A.V 71.T.C 71.A.V,2.0 1.5 1.75 0.8,mata,0.0,1175.0
11615,eye,MANDAYAN ISLAM PISO,mata,m a t a,4 7 1 7,AXBZ,MATA,72.0,72.M.C 72.A.V 72.T.C 72.A.V,2.0 1.5 1.75 0.8,mata,0.0,1175.0
11707,eye,SINAUNA,buligaʔ,b u l i g a ʔ,1 7 5 7 1 7 1,AXBYBYN,PYLIKAH,104.0,104.P.C 104.Y.V 104.L.C 104.I.V 104.K.C 104.A.V 104.H.c,2.0 1.5 1.75 1.3 1.75 1.3 0.8,buligaʔ,0.0,1225.0
11799,eye,SOUTHERN KALINGA,ata,a t a,7 1 7,XBZ,ATA,108.0,108.A.V 108.T.C 108.A.V,1.5 1.75 0.8,ata,0.0,1175.0
760,feather,BASQUE,luma,l u m a,5 7 4 7,AXBZ,LYMA,10.0,10.L.C 10.Y.V 10.M.C 10.A.V,2.0 1.5 1.75 0.8,luma,0.0,1233.0
1404,feather,BUKIDNON BINUKID,bulbul,b u l b u l,1 7 5 1 7 5,AXMBYN,PYLPYL,18.0,18.P.C 18.Y.V 18.L.c 18.P.C 18.Y.V 18.L.c,2.0 1.5 1.1 1.75 1.3 0.8,bulbul,0.0,1234.0
2232,feather,ENGLISH,fE8r,f r,3 5,AC,BR,28.0,28.B.C 28.R.C,2.0 1.5,fr,0.0,1235.0
2416,feather,ESTONIAN,sulg,s u l g,3 7 5 1,AXLN,SYLK,30.0,30.S.C 30.Y.V 30.L.c 30.K.c,2.0 1.5 1.1 0.8,sulg,0.0,1236.0
2508,feather,FINNISH,sulka,s u l k a,3 7 5 1 7,AXMBZ,SYLKA,32.0,32.S.C 32.Y.V 32.L.c 32.K.C 32.A.V,2.0 1.5 1.1 1.75 0.8,sulka,0.0,1236.0
2784,feather,HANUNOO,bulbul manuk,b u l b u l # m a n u k,1 7 5 1 7 5 9 4 7 4 7 1,AXMBYN_AXBYN,PYLPYL_MANYK,35.0,35.P.C 35.Y.V 35.L.c 35.P.C 35.Y.V 35.L.c 35._._ 35.M.C 35.A.V 35.N.C 35.Y.V 35.K.c,2.0 1.5 1.1 1.75 1.3 0.8 0.0 2.0 1.5 1.75 1.3 0.8,bulbul#manuk,0.0,1234.0
2876,feather,HIGAONON BINUKID,bulbul,b u l b u l,1 7 5 1 7 5,AXMBYN,PYLPYL,36.0,36.P.C 36.Y.V 36.L.c 36.P.C 36.Y.V 36.L.c,2.0 1.5 1.1 1.75 1.3 0.8,bulbul,0.0,1234.0
2968,feather,HUNGARIAN,tol,t o l,1 7 5,AXN,TUL,38.0,38.T.C 38.U.V 38.L.c,2.0 1.5 0.8,tol,0.0,1236.0
4256,feather,JAPANESE,jumo,j u m o,6 7 4 7,AXBZ,JYMU,54.0,54.J.C 54.Y.V 54.M.C 54.U.V,2.0 1.5 1.75 0.8,jumo,0.0,1233.0
4992,feather,KAPAMPANGAN,bagjus,b a g j u s,1 7 1 6 7 3,AXBCYN,PAKJYS,64.0,64.P.C 64.A.V 64.K.C 64.J.C 64.Y.V 64.S.c,2.0 1.5 1.75 1.5 1.3 0.8,bagjus,0.0,1242.0
5176,feather,KOREAN,kit,k i t,1 7 1,AXN,KIT,66.0,66.K.C 66.I.V 66.T.c,2.0 1.5 0.8,kit,0.0,1243.0
6832,feather,MOKSHA,tolga,t o l g a,1 7 5 1 7,AXMBZ,TULKA,86.0,86.T.C 86.U.V 86.L.c 86.K.C 86.A.V,2.0 1.5 1.1 1.75 0.8,tolga,0.0,1236.0
8948,feather,SPANISH,pluma,p l u m a,1 5 7 4 7,ACXBZ,PLYMA,111.0,111.P.C 111.L.C 111.Y.V 111.M.C 111.A.V,2.0 1.5 1.5 1.75 0.8,pluma,0.0,1233.0
9500,feather,TAGALOG,balahibo,b a l a h i b o,1 7 5 7 3 7 1 7,AXBYBYBZ,PALAHIPU,117.0,117.P.C 117.A.V 117.L.C 117.A.V 117.H.C 117.I.V 117.P.C 117.U.V,2.0 1.5 1.75 1.3 1.75 1.3 1.75 0.8,balahibo,0.0,1246.0
10052,feather,TURKISH,kuS tiji,k u # t i j i,1 7 9 1 7 6 7,AX_AXBZ,KY_TIJI,123.0,123.K.C 123.Y.V 123._._ 123.T.C 123.I.V 123.J.C 123.I.V,2.0 1.5 0.0 2.0 1.5 1.75 0.8,ku#tiji,0.0,1247.0
25,fire,AGTA,opuj,o p u j,7 1 7 6,XBYN,UPYJ,1.0,1.U.V 1.P.C 1.Y.V 1.J.c,1.5 1.75 1.3 0.8,opuj,0.0,1251.0
117,fire,AKLANON,kaxaju,k a x a j u,1 7 3 7 6 7,AXBYBZ,KAGAJY,2.0,2.K.C 2.A.V 2.G.C 2.A.V 2.J.C 2.Y.V,2.0 1.5 1.75 1.3 1.75 0.8,kaxaju,0.0,1249.0
209,fire,ARTA,dut,d u t,1 7 1,AXN,TYT,3.0,3.T.C 3.Y.V 3.T.c,2.0 1.5 0.8,dut,0.0,1250.0
301,fire,ATTA PAMPLONA,api,a p i,7 1 7,XBZ,API,4.0,4.A.V 4.P.C 4.I.V,1.5 1.75 0.8,api,0.0,1251.0
393,fire,BAJAU WEST COAST,api,a p i,7 1 7,XBZ,API,6.0,6.A.V 6.P.C 6.I.V,1.5 1.75 0.8,api,0.0,1251.0
485,fire,BALANGAW,apoj,a p o j,7 1 7 6,XBYN,APUJ,7.0,7.A.V 7.P.C 7.U.V 7.J.c,1.5 1.75 1.3 0.8,apoj,0.0,1251.0
577,fire,BALANGINGI SAMA,api,a p i,7 1 7,XBZ,API,8.0,8.A.V 8.P.C 8.I.V,1.5 1.75 0.8,api,0.0,1251.0
669,fire,BANTON BANTOANON,kajado,k a j a d o,1 7 6 7 1 7,AXBYBZ,KAJATU,9.0,9.K.C 9.A.V 9.J.C 9.A.V 9.T.C 9.U.V,2.0 1.5 1.75 1.3 1.75 0.8,kajado,0.0,1249.0
761,fire,BASQUE,su,s u,3 7,AX,SY,10.0,10.S.C 10.Y.V,2.0 1.5,su,0.0,1257.0
853,fire,BATAK PALAWAN,apuj,a p u j,7 1 7 6,XBYN,APYJ,11.0,11.A.V 11.P.C 11.Y.V 11.J.c,1.5 1.75 1.3 0.8,apuj,0.0,1251.0
945,fire,BILAAN KORONADAL,lifoh,l i f o h,5 7 3 7 3,AXBYN,LIBUH,12.0,12.L.C 12.I.V 12.B.C 12.U.V 12.H.c,2.0 1.5 1.75 1.3 0.8,lifoh,0.0,1259.0
1037,fire,BILAAN SARANGANI,lifo,l i f o,5 7 3 7,AXBZ,LIBU,13.0,13.L.C 13.I.V 13.B.C 13.U.V,2.0 1.5 1.75 0.8,lifo,0.0,1259.0
1129,fire,BONGGI,afi,a f i,7 3 7,XBZ,ABI,15.0,15.A.V 15.B.C 15.I.V,1.5 1.75 0.8,afi,0.0,1251.0
1221,fire,BONTOC GUINAANG,apoj,a p o j,7 1 7 6,XBYN,APUJ,16.0,16.A.V 16.P.C 16.U.V 16.J.c,1.5 1.75 1.3 0.8,apoj,0.0,1251.0
1313,fire,BUHI,kalaju,k a l a j u,1 7 5 7 6 7,AXBYBZ,KALAJY,17.0,17.K.C 17.A.V 17.L.C 17.A.V 17.J.C 17.Y.V,2.0 1.5 1.75 1.3 1.75 0.8,kalaju,0.0,1249.0
1405,fire,BUKIDNON BINUKID,hapuj,h a p u j,3 7 1 7 6,AXBYN,HAPYJ,18.0,18.H.C 18.A.V 18.P.C 18.Y.V 18.J.c,2.0 1.5 1.75 1.3 0.8,hapuj,0.0,1251.0
1497,fire,BUTUANON,kajo,k a j o,1 7 6 7,AXBZ,KAJU,19.0,19.K.C 19.A.V 19.J.C 19.U.V,2.0 1.5 1.75 0.8,kajo,0.0,1249.0
1589,fire,CAIJIA,fai,f a i,3 7 7,AXZ,BAI,20.0,20.B.C 20.A.V 20.I.V,2.0 1.5 0.8,fai,0.0,1267.0
1681,fire,CEBUANO,kalaju,k a l a j u,1 7 5 7 6 7,AXBYBZ,KALAJY,22.0,22.K.C 22.A.V 22.L.C 22.A.V 22.J.C 22.Y.V,2.0 1.5 1.75 1.3 1.75 0.8,kalaju,0.0,1249.0
1773,fire,CENTRAL TAGBANWA,apoj,a p o j,7 1 7 6,XBYN,APUJ,23.0,23.A.V 23.P.C 23.U.V 23.J.c,1.5 1.75 1.3 0.8,apoj,0.0,1251.0
1865,fire,CUYONON,kalajoʔ,k a l a j o ʔ,1 7 5 7 6 7 1,AXBYBYN,KALAJUH,24.0,24.K.C 24.A.V 24.L.C 24.A.V 24.J.C 24.U.V 24.H.c,2.0 1.5 1.75 1.3 1.75 1.3 0.8,kalajoʔ,0.0,1249.0
1957,fire,DARAGA,kalaju,k a l a j u,1 7 5 7 6 7,AXBYBZ,KALAJY,25.0,25.K.C 25.A.V 25.L.C 25.A.V 25.J.C 25.Y.V,2.0 1.5 1.75 1.3 1.75 0.8,kalaju,0.0,1249.0
2049,fire,DUMAGAT CASIGURAN,apoj,a p o j,7 1 7 6,XBYN,APUJ,26.0,26.A.V 26.P.C 26.U.V 26.J.c,1.5 1.75 1.3 0.8,apoj,0.0,1251.0
2141,fire,DUPANINGAN AGTA,gaŋatan,g a ŋ a t a n,1 7 4 7 1 7 4,AXBYBYN,KANATAN,27.0,27.K.C 27.A.V 27.N.C 27.A.V 27.T.C 27.A.V 27.N.c,2.0 1.5 1.75 1.3 1.75 1.3 0.8,gaŋatan,0.0,1274.0
2233,fire,ENGLISH,fEir,f i r,3 7 5,AXN,BIR,28.0,28.B.C 28.I.V 28.R.c,2.0 1.5 0.8,fir,0.0,1267.0
2325,fire,ESKAYAN,poloʔiso,p o l o ʔ i s o,1 7 5 7 1 7 3 7,AXBYBYBZ,PULUHISU,29.0,29.P.C 29.U.V 29.L.C 29.U.V 29.H.C 29.I.V 29.S.C 29.U.V,2.0 1.5 1.75 1.3 1.75 1.3 1.75 0.8,poloʔiso,0.0,1276.0
2417,fire,ESTONIAN,tuli,t u l i,1 7 5 7,AXBZ,TYLI,30.0,30.T.C 30.Y.V 30.L.C 30.I.V,2.0 1.5 1.75 0.8,tuli,0.0,1277.0
2509,fire,FINNISH,tuli,t u l i,1 7 5 7,AXBZ,TYLI,32.0,32.T.C 32.Y.V 32.L.C 32.I.V,2.0 1.5 1.75 0.8,tuli,0.0,1277.0
2601,fire,FUZHOU CHINESE,hui,h u i,3 7 7,AXZ,HYI,33.0,33.H.C 33.Y.V 33.I.V,2.0 1.5 0.8,hui,0.0,1257.0
2693,fire,GADDANG,apuj,a p u j,7 1 7 6,XBYN,APYJ,34.0,34.A.V 34.P.C 34.Y.V 34.J.c,1.5 1.75 1.3 0.8,apuj,0.0,1251.0
2785,fire,HANUNOO,apuj,a p u j,7 1 7 6,XBYN,APYJ,35.0,35.A.V 35.P.C 35.Y.V 35.J.c,1.5 1.75 1.3 0.8,apuj,0.0,1251.0
2877,fire,HIGAONON BINUKID,hapuj,h a p u j,3 7 1 7 6,AXBYN,HAPYJ,36.0,36.H.C 36.A.V 36.P.C 36.Y.V 36.J.c,2.0 1.5 1.75 1.3 0.8,hapuj,0.0,1251.0
2969,fire,HUNGARIAN,tiz,t i z,1 7 3,AXN,TIS,38.0,38.T.C 38.I.V 38.S.c,2.0 1.5 0.8,tiz,0.0,1250.0
3061,fire,IBANAG,afi,a f i,7 3 7,XBZ,ABI,39.0,39.A.V 39.B.C 39.I.V,1.5 1.75 0.8,afi,0.0,1251.0
3153,fire,IDAAN,apuj,a p u j,7 1 7 6,XBYN,APYJ,40.0,40.A.V 40.P.C 40.Y.V 40.J.c,1.5 1.75 1.3 0.8,apuj,0.0,1251.0
3245,fire,IFUGAO AMGANAD,apuj,a p u j,7 1 7 6,XBYN,APYJ,41.0,41.A.V 41.P.C 41.Y.V 41.J.c,1.5 1.75 1.3 0.8,apuj,0.0,1251.0
3337,fire,IFUGAO BATAD,apuj,a p u j,7 1 7 6,XBYN,APYJ,42.0,42.A.V 42.P.C 42.Y.V 42.J.c,1.5 1.75 1.3 0.8,apuj,0.0,1251.0
3429,fire,IFUGAO BAYNINAN,apuj,a p u j,7 1 7 6,XBYN,APYJ,43.0,43.A.V 43.P.C 43.Y.V 43.J.c,1.5 1.75 1.3 0.8,apuj,0.0,1251.0
3521,fire,ILOKANO,apoj,a p o j,7 1 7 6,XBYN,APUJ,44.0,44.A.V 44.P.C 44.U.V 44.J.c,1.5 1.75 1.3 0.8,apoj,0.0,1251.0
3613,fire,ILONGOT KAKIDUGEN,gapuj,g a p u j,1 7 1 7 6,AXBYN,KAPYJ,45.0,45.K.C 45.A.V 45.P.C 45.Y.V 45.J.c,2.0 1.5 1.75 1.3 0.8,gapuj,0.0,1251.0
3705,fire,INIBALOI,apoj,a p o j,7 1 7 6,XBYN,APUJ,48.0,48.A.V 48.P.C 48.U.V 48.J.c,1.5 1.75 1.3 0.8,apoj,0.0,1251.0
3797,fire,IRANUN,apui,a p u i,7 1 7 7,XBYZ,APYI,49.0,49.A.V 49.P.C 49.Y.V 49.I.V,1.5 1.75 1.3 0.8,apui,0.0,1251.0
3889,fire,IRIGA,kalaju,k a l a j u,1 7 5 7 6 7,AXBYBZ,KALAJY,50.0,50.K.C 50.A.V 50.L.C 50.A.V 50.J.C 50.Y.V,2.0 1.5 1.75 1.3 1.75 0.8,kalaju,0.0,1249.0
3981,fire,ISNAG,apuj,a p u j,7 1 7 6,XBYN,APYJ,51.0,51.A.V 51.P.C 51.Y.V 51.J.c,1.5 1.75 1.3 0.8,apuj,0.0,1251.0
4073,fire,ITAWIT,Efi,f i,3 7,AX,BI,52.0,52.B.C 52.I.V,2.0 1.5,fi,0.0,1267.0
4165,fire,ITNEG BINONGAN,apoj,a p o j,7 1 7 6,XBYN,APUJ,53.0,53.A.V 53.P.C 53.U.V 53.J.c,1.5 1.75 1.3 0.8,apoj,0.0,1251.0
4257,fire,JAPANESE,hi,h i,3 7,AX,HI,54.0,54.H.C 54.I.V,2.0 1.5,hi,0.0,1257.0
4349,fire,KADAZAN,tapui,t a p u i,1 7 1 7 7,AXBYZ,TAPYI,55.0,55.T.C 55.A.V 55.P.C 55.Y.V 55.I.V,2.0 1.5 1.75 1.3 0.8,tapui,0.0,1251.0
4441,fire,KAGAYANEN,apuj,a p u j,7 1 7 6,XBYN,APYJ,56.0,56.A.V 56.P.C 56.Y.V 56.J.c,1.5 1.75 1.3 0.8,apuj,0.0,1251.0
4533,fire,KALAGAN,atulun,a t u l u n,7 1 7 5 7 4,XBYBYN,ATYLYN,57.0,57.A.V 57.T.C 57.Y.V 57.L.C 57.Y.V 57.N.c,1.5 1.75 1.3 1.75 1.3 0.8,atulun,0.0,1303.0
4625,fire,KALINGA GUINAANG,apuj,a p u j,7 1 7 6,XBYN,APYJ,59.0,59.A.V 59.P.C 59.Y.V 59.J.c,1.5 1.75 1.3 0.8,apuj,0.0,1251.0
4717,fire,KALINGA LIMOS,apuj,a p u j,7 1 7 6,XBYN,APYJ,60.0,60.A.V 60.P.C 60.Y.V 60.J.c,1.5 1.75 1.3 0.8,apuj,0.0,1251.0
4809,fire,KALLAHAN KAYAPA PROPER,apuj,a p u j,7 1 7 6,XBYN,APYJ,61.0,61.A.V 61.P.C 61.Y.V 61.J.c,1.5 1.75 1.3 0.8,apuj,0.0,1251.0
4901,fire,KANKANAY NORTHERN,apoj,a p o j,7 1 7 6,XBYN,APUJ,63.0,63.A.V 63.P.C 63.U.V 63.J.c,1.5 1.75 1.3 0.8,apoj,0.0,1251.0
4993,fire,KAPAMPANGAN,apiʔ,a p i ʔ,7 1 7 1,XBYN,APIH,64.0,64.A.V 64.P.C 64.I.V 64.H.c,1.5 1.75 1.3 0.8,apiʔ,0.0,1259.0
5085,fire,KINARAY A,kalajo,k a l a j o,1 7 5 7 6 7,AXBYBZ,KALAJU,65.0,65.K.C 65.A.V 65.L.C 65.A.V 65.J.C 65.U.V,2.0 1.5 1.75 1.3 1.75 0.8,kalajo,0.0,1249.0
5177,fire,KOREAN,pul,p u l,1 7 5,AXN,PYL,66.0,66.P.C 66.Y.V 66.L.c,2.0 1.5 0.8,pul,0.0,1312.0
5269,fire,LEGAZPI,kalaju,k a l a j u,1 7 5 7 6 7,AXBYBZ,KALAJY,67.0,67.K.C 67.A.V 67.L.C 67.A.V 67.J.C 67.Y.V,2.0 1.5 1.75 1.3 1.75 0.8,kalaju,0.0,1249.0
5361,fire,LIBON,kalaju,k a l a j u,1 7 5 7 6 7,AXBYBZ,KALAJY,68.0,68.K.C 68.A.V 68.L.C 68.A.V 68.J.C 68.Y.V,2.0 1.5 1.75 1.3 1.75 0.8,kalaju,0.0,1249.0
5453,fire,LIVE,tul,t u l,1 7 5,AXN,TYL,69.0,69.T.C 69.Y.V 69.L.c,2.0 1.5 0.8,tul,0.0,1277.0
5545,fire,MAMANWA,gabok,g a b o k,1 7 1 7 1,AXBYN,KAPUK,70.0,70.K.C 70.A.V 70.P.C 70.U.V 70.K.c,2.0 1.5 1.75 1.3 0.8,gabok,0.0,1316.0
5637,fire,MANIDE,hapuj,h a p u j,3 7 1 7 6,AXBYN,HAPYJ,73.0,73.H.C 73.A.V 73.P.C 73.Y.V 73.J.c,2.0 1.5 1.75 1.3 0.8,hapuj,0.0,1251.0
5729,fire,MANOBO ATA,hapuj,h a p u j,3 7 1 7 6,AXBYN,HAPYJ,74.0,74.H.C 74.A.V 74.P.C 74.Y.V 74.J.c,2.0 1.5 1.75 1.3 0.8,hapuj,0.0,1251.0
5821,fire,MANOBO DIBABAWON,kaju,k a j u,1 7 6 7,AXBZ,KAJY,75.0,75.K.C 75.A.V 75.J.C 75.Y.V,2.0 1.5 1.75 0.8,kaju,0.0,1249.0
5913,fire,MANOBO ILIANEN,apuj,a p u j,7 1 7 6,XBYN,APYJ,76.0,76.A.V 76.P.C 76.Y.V 76.J.c,1.5 1.75 1.3 0.8,apuj,0.0,1251.0
6005,fire,MANOBO KALAMANSIG COTABATO,apuj,a p u j,7 1 7 6,XBYN,APYJ,77.0,77.A.V 77.P.C 77.Y.V 77.J.c,1.5 1.75 1.3 0.8,apuj,0.0,1251.0
6097,fire,MANOBO SARANGANI,apoj,a p o j,7 1 7 6,XBYN,APUJ,78.0,78.A.V 78.P.C 78.U.V 78.J.c,1.5 1.75 1.3 0.8,apoj,0.0,1251.0
6189,fire,MANOBO TIGWA,hapuj,h a p u j,3 7 1 7 6,AXBYN,HAPYJ,79.0,79.H.C 79.A.V 79.P.C 79.Y.V 79.J.c,2.0 1.5 1.75 1.3 0.8,hapuj,0.0,1251.0
6281,fire,MANOBO WESTERN BUKIDNON,hapuj,h a p u j,3 7 1 7 6,AXBYN,HAPYJ,80.0,80.H.C 80.A.V 80.P.C 80.Y.V 80.J.c,2.0 1.5 1.75 1.3 0.8,hapuj,0.0,1251.0
6373,fire,MANSAKA,aturun,a t u r u n,7 1 7 5 7 4,XBYBYN,ATYRYN,81.0,81.A.V 81.T.C 81.Y.V 81.R.C 81.Y.V 81.N.c,1.5 1.75 1.3 1.75 1.3 0.8,aturun,0.0,1303.0
6465,fire,MAPUN,api,a p i,7 1 7,XBZ,API,82.0,82.A.V 82.P.C 82.I.V,1.5 1.75 0.8,api,0.0,1251.0
6557,fire,MARANAO,apoi,a p o i,7 1 7 7,XBYZ,APUI,83.0,83.A.V 83.P.C 83.U.V 83.I.V,1.5 1.75 1.3 0.8,apoi,0.0,1251.0
6649,fire,MASBATENYO,kalajo,k a l a j o,1 7 5 7 6 7,AXBYBZ,KALAJU,84.0,84.K.C 84.A.V 84.L.C 84.A.V 84.J.C 84.U.V,2.0 1.5 1.75 1.3 1.75 0.8,kalajo,0.0,1249.0
6741,fire,MINANGALI LOWER TANUDAN KALINGA,apuj,a p u j,7 1 7 6,XBYN,APYJ,85.0,85.A.V 85.P.C 85.Y.V 85.J.c,1.5 1.75 1.3 0.8,apuj,0.0,1251.0
6833,fire,MOKSHA,tol,t o l,1 7 5,AXN,TUL,86.0,86.T.C 86.U.V 86.L.c,2.0 1.5 0.8,tol,0.0,1277.0
6925,fire,MOLBOG,apuj,a p u j,7 1 7 6,XBYN,APYJ,87.0,87.A.V 87.P.C 87.Y.V 87.J.c,1.5 1.75 1.3 0.8,apuj,0.0,1251.0
7017,fire,MONGOLIAN,GaL,a,7,X,A,88.0,88.A.V,1.5,a,0.0,1334.0
7109,fire,MORO MAGINDANAU,apuj,a p u j,7 1 7 6,XBYN,APYJ,89.0,89.A.V 89.P.C 89.Y.V 89.J.c,1.5 1.75 1.3 0.8,apuj,0.0,1251.0
7201,fire,NORTHERN CATANDUANES,karaju,k a r a j u,1 7 5 7 6 7,AXBYBZ,KARAJY,90.0,90.K.C 90.A.V 90.R.C 90.A.V 90.J.C 90.Y.V,2.0 1.5 1.75 1.3 1.75 0.8,karaju,0.0,1249.0
7293,fire,NORTHERN SORSOGON,kalaju,k a l a j u,1 7 5 7 6 7,AXBYBZ,KALAJY,91.0,91.K.C 91.A.V 91.L.C 91.A.V 91.J.C 91.Y.V,2.0 1.5 1.75 1.3 1.75 0.8,kalaju,0.0,1249.0
7385,fire,OAS,kalaju,k a l a j u,1 7 5 7 6 7,AXBYBZ,KALAJY,92.0,92.K.C 92.A.V 92.L.C 92.A.V 92.J.C 92.Y.V,2.0 1.5 1.75 1.3 1.75 0.8,kalaju,0.0,1249.0
7477,fire,PALAWANO BATAK,apuj,a p u j,7 1 7 6,XBYN,APYJ,93.0,93.A.V 93.P.C 93.Y.V 93.J.c,1.5 1.75 1.3 0.8,apuj,0.0,1251.0
7569,fire,PANGASINAN,poʔol,p o ʔ o l,1 7 1 7 5,AXBYN,PUHUL,94.0,94.P.C 94.U.V 94.H.C 94.U.V 94.L.c,2.0 1.5 1.75 1.3 0.8,poʔol,0.0,1312.0
7661,fire,PANGUTARAN SAMA,api,a p i,7 1 7,XBZ,API,95.0,95.A.V 95.P.C 95.I.V,1.5 1.75 0.8,api,0.0,1251.0
7753,fire,PROTO PALAWAN,ʔapuj,ʔ a p u j,1 7 1 7 6,AXBYN,HAPYJ,96.0,96.H.C 96.A.V 96.P.C 96.Y.V 96.J.c,2.0 1.5 1.75 1.3 0.8,ʔapuj,0.0,1251.0
7845,fire,QUEZON PALAWAN,apuj,a p u j,7 1 7 6,XBYN,APYJ,97.0,97.A.V 97.P.C 97.Y.V 97.J.c,1.5 1.75 1.3 0.8,apuj,0.0,1251.0
7937,fire,ROMBLOMANON 2,kalaju,k a l a j u,1 7 5 7 6 7,AXBYBZ,KALAJY,98.0,98.K.C 98.A.V 98.L.C 98.A.V 98.J.C 98.Y.V,2.0 1.5 1.75 1.3 1.75 0.8,kalaju,0.0,1249.0
8029,fire,SAMAL,api,a p i,7 1 7,XBZ,API,99.0,99.A.V 99.P.C 99.I.V,1.5 1.75 0.8,api,0.0,1251.0
8121,fire,SAMBAL BOTOLAN,apoj,a p o j,7 1 7 6,XBYN,APUJ,100.0,100.A.V 100.P.C 100.U.V 100.J.c,1.5 1.75 1.3 0.8,apoj,0.0,1251.0
8213,fire,SANGIL SARANGANI ISLANDS,putuŋ,p u t u ŋ,1 7 1 7 4,AXBYN,PYTYN,101.0,101.P.C 101.Y.V 101.T.C 101.Y.V 101.N.c,2.0 1.5 1.75 1.3 0.8,putuŋ,0.0,1303.0
8305,fire,SEDANG,on,o n,7 4,XN,UN,102.0,102.U.V 102.N.c,1.5 0.8,on,0.0,1348.0
8489,fire,SOGODNIN BORACAY,jimpon,j i m p o n,6 7 4 1 7 4,AXMBYN,JIMPUN,105.0,105.J.C 105.I.V 105.M.c 105.P.C 105.U.V 105.N.c,2.0 1.5 1.1 1.75 1.3 0.8,jimpon,0.0,1350.0
8581,fire,SOUTH SAAMI,dolə,d o l ə,1 7 5 7,AXBZ,TULE,106.0,106.T.C 106.U.V 106.L.C 106.E.V,2.0 1.5 1.75 0.8,dolə,0.0,1277.0
8673,fire,SOUTHERN CATANDUANES,kalaju,k a l a j u,1 7 5 7 6 7,AXBYBZ,KALAJY,107.0,107.K.C 107.A.V 107.L.C 107.A.V 107.J.C 107.Y.V,2.0 1.5 1.75 1.3 1.75 0.8,kalaju,0.0,1249.0
8765,fire,SOUTHERN SORSOGON,kalaju,k a l a j u,1 7 5 7 6 7,AXBYBZ,KALAJY,109.0,109.K.C 109.A.V 109.L.C 109.A.V 109.J.C 109.Y.V,2.0 1.5 1.75 1.3 1.75 0.8,kalaju,0.0,1249.0
8857,fire,SOUTHWEST PALAWANO,apoj,a p o j,7 1 7 6,XBYN,APUJ,110.0,110.A.V 110.P.C 110.U.V 110.J.c,1.5 1.75 1.3 0.8,apoj,0.0,1251.0
8949,fire,SPANISH,fuego,f u e g o,3 7 7 1 7,AXYBZ,BYEKU,111.0,111.B.C 111.Y.V 111.E.V 111.K.C 111.U.V,2.0 1.5 1.3 1.75 0.8,fuego,0.0,1355.0
9041,fire,SUBANON SIOCON,gapoj,g a p o j,1 7 1 7 6,AXBYN,KAPUJ,112.0,112.K.C 112.A.V 112.P.C 112.U.V 112.J.c,2.0 1.5 1.75 1.3 0.8,gapoj,0.0,1251.0
9133,fire,SUBANUN SINDANGAN,gapuj,g a p u j,1 7 1 7 6,AXBYN,KAPYJ,113.0,113.K.C 113.A.V 113.P.C 113.Y.V 113.J.c,2.0 1.5 1.75 1.3 0.8,gapuj,0.0,1251.0
9225,fire,SURIGAONON,kajadʒo,k a j a dʒ o,1 7 6 7 1 7,AXBYBZ,KAJATU,114.0,114.K.C 114.A.V 114.J.C 114.A.V 114.T.C 114.U.V,2.0 1.5 1.75 1.3 1.75 0.8,kajadʒo,0.0,1249.0
9317,fire,TAGABAWA,apuj,a p u j,7 1 7 6,XBYN,APYJ,115.0,115.A.V 115.P.C 115.Y.V 115.J.c,1.5 1.75 1.3 0.8,apuj,0.0,1251.0
9409,fire,TAGABILI,ofih,o f i h,7 3 7 3,XBYN,UBIH,116.0,116.U.V 116.B.C 116.I.V 116.H.c,1.5 1.75 1.3 0.8,ofih,0.0,1259.0
9501,fire,TAGALOG,apoj,a p o j,7 1 7 6,XBYN,APUJ,117.0,117.A.V 117.P.C 117.U.V 117.J.c,1.5 1.75 1.3 0.8,apoj,0.0,1251.0
9593,fire,TAGBANWA ABORLAN,apuj,a p u j,7 1 7 6,XBYN,APYJ,118.0,118.A.V 118.P.C 118.Y.V 118.J.c,1.5 1.75 1.3 0.8,apuj,0.0,1251.0
9685,fire,TAGBANWA KALAMIAN,apuj,a p u j,7 1 7 6,XBYN,APYJ,119.0,119.A.V 119.P.C 119.Y.V 119.J.c,1.5 1.75 1.3 0.8,apuj,0.0,1251.0
9777,fire,TAUSUG,kajuh,k a j u h,1 7 6 7 3,AXBYN,KAJYH,120.0,120.K.C 120.A.V 120.J.C 120.Y.V 120.H.c,2.0 1.5 1.75 1.3 0.8,kajuh,0.0,1249.0
9869,fire,TIMUGON MURUT,apuj,a p u j,7 1 7 6,XBYN,APYJ,121.0,121.A.V 121.P.C 121.Y.V 121.J.c,1.5 1.75 1.3 0.8,apuj,0.0,1251.0
9961,fire,TIRURAY,afej,a f e j,7 3 7 6,XBYN,ABEJ,122.0,122.A.V 122.B.C 122.E.V 122.J.c,1.5 1.75 1.3 0.8,afej,0.0,1251.0
10053,fire,TURKISH,ateS,a t e,7 1 7,XBZ,ATE,123.0,123.A.V 123.T.C 123.E.V,1.5 1.75 0.8,ate,0.0,1303.0
10145,fire,UGARITIC,iSitu,i i t u,7 7 1 7,XYBZ,IITY,124.0,124.I.V 124.I.V 124.T.C 124.Y.V,1.5 1.3 1.75 0.8,iitu,0.0,1303.0
10237,fire,UMIRAY DUMAGET AGTA,apoj,a p o j,7 1 7 6,XBYN,APUJ,125.0,125.A.V 125.P.C 125.U.V 125.J.c,1.5 1.75 1.3 0.8,apoj,0.0,1251.0
10329,fire,WARAY WARAY,kajo,k a j o,1 7 6 7,AXBZ,KAJU,126.0,126.K.C 126.A.V 126.J.C 126.U.V,2.0 1.5 1.75 0.8,kajo,0.0,1249.0
10421,fire,YAKAN,ebut,e b u t,7 1 7 1,XBYN,EPYT,127.0,127.E.V 127.P.C 127.Y.V 127.T.c,1.5 1.75 1.3 0.8,ebut,0.0,1251.0
10513,fire,YOGAD,afuj,a f u j,7 3 7 6,XBYN,ABYJ,128.0,128.A.V 128.B.C 128.Y.V 128.J.c,1.5 1.75 1.3 0.8,afuj,0.0,1251.0
10605,fire,ZAMBOANGUENO,pwego,pw e g o,1 7 1 7,AXBZ,PEKU,129.0,129.P.C 129.E.V 129.K.C 129.U.V,2.0 1.5 1.75 0.8,pwego,0.0,1355.0
10697,fire,IMOROD,apoj,a p o j,7 1 7 6,XBYN,APUJ,46.0,46.A.V 46.P.C 46.U.V 46.J.c,1.5 1.75 1.3 0.8,apoj,0.0,1251.0
10789,fire,BABUYAN,apoj,a p o j,7 1 7 6,XBYN,APUJ,5.0,5.A.V 5.P.C 5.U.V 5.J.c,1.5 1.75 1.3 0.8,apoj,0.0,1251.0
10881,fire,BISAYA SABAH,apoi,a p o i,7 1 7 7,XBYZ,APUI,14.0,14.A.V 14.P.C 14.U.V 14.I.V,1.5 1.75 1.3 0.8,apoi,0.0,1251.0
10973,fire,CAPIZNON,kalajo,k a l a j o,1 7 5 7 6 7,AXBYBZ,KALAJU,21.0,21.K.C 21.A.V 21.L.C 21.A.V 21.J.C 21.U.V,2.0 1.5 1.75 1.3 1.75 0.8,kalajo,0.0,1249.0
11157,fire,HILIGAYNON,Clajo,l a j o,5 7 6 7,AXBZ,LAJU,37.0,37.L.C 37.A.V 37.J.C 37.U.V,2.0 1.5 1.75 0.8,lajo,0.0,1249.0
11249,fire,INABAKNON,api,a p i,7 1 7,XBZ,API,47.0,47.A.V 47.P.C 47.I.V,1.5 1.75 0.8,api,0.0,1251.0
11341,fire,KALAGAN KAAGAN,atun,a t u n,7 1 7 4,XBYN,ATYN,58.0,58.A.V 58.T.C 58.Y.V 58.N.c,1.5 1.75 1.3 0.8,atun,0.0,1303.0
11433,fire,KANKANAEY,apoj,a p o j,7 1 7 6,XBYN,APUJ,62.0,62.A.V 62.P.C 62.U.V 62.J.c,1.5 1.75 1.3 0.8,apoj,0.0,1251.0
11525,fire,MANDAYAN BOSO,atulun,a t u l u n,7 1 7 5 7 4,XBYBYN,ATYLYN,71.0,71.A.V 71.T.C 71.Y.V 71.L.C 71.Y.V 71.N.c,1.5 1.75 1.3 1.75 1.3 0.8,atulun,0.0,1303.0
11617,fire,MANDAYAN ISLAM PISO,atuun,a t uu n,7 1 7 4,XBYN,ATYN,72.0,72.A.V 72.T.C 72.Y.V 72.N.c,1.5 1.75 1.3 0.8,atuun,0.0,1303.0
11709,fire,SINAUNA,apuj,a p u j,7 1 7 6,XBYN,APYJ,104.0,104.A.V 104.P.C 104.Y.V 104.J.c,1.5 1.75 1.3 0.8,apuj,0.0,1251.0
26,fish,AGTA,ikan,i k a n,7 1 7 4,XBYN,IKAN,1.0,1.I.V 1.K.C 1.A.V 1.N.c,1.5 1.75 1.3 0.8,ikan,0.0,1356.0
118,fish,AKLANON,isdaʔ,i s d a ʔ,7 3 1 7 1,XMBYN,ISTAH,2.0,2.I.V 2.S.c 2.T.C 2.A.V 2.H.c,1.5 1.1 1.75 1.3 0.8,isdaʔ,0.0,1357.0
302,fish,ATTA PAMPLONA,sira,s i r a,3 7 5 7,AXBZ,SIRA,4.0,4.S.C 4.I.V 4.R.C 4.A.V,2.0 1.5 1.75 0.8,sira,0.0,1358.0
394,fish,BAJAU WEST COAST,diŋ,d i ŋ,1 7 4,AXN,TIN,6.0,6.T.C 6.I.V 6.N.c,2.0 1.5 0.8,diŋ,0.0,1360.0
486,fish,BALANGAW,gədiw,g ə d i w,1 7 1 7 6,AXBYN,KETIW,7.0,7.K.C 7.E.V 7.T.C 7.I.V 7.W.c,2.0 1.5 1.75 1.3 0.8,gədiw,0.0,1361.0
578,fish,BALANGINGI SAMA,daiŋ,d a i ŋ,1 7 7 4,AXYN,TAIN,8.0,8.T.C 8.A.V 8.I.V 8.N.c,2.0 1.5 1.3 0.8,daiŋ,0.0,1360.0
670,fish,BANTON BANTOANON,israʔ,i s r a ʔ,7 3 5 7 1,XBCYN,ISRAH,9.0,9.I.V 9.S.C 9.R.C 9.A.V 9.H.c,1.5 1.75 1.5 1.3 0.8,israʔ,0.0,1358.0
762,fish,BASQUE,arrain,a rr a i n,7 5 7 7 4,XBYYN,ARAIN,10.0,10.A.V 10.R.C 10.A.V 10.I.V 10.N.c,1.5 1.75 1.3 1.3 0.8,arrain,0.0,1364.0
854,fish,BATAK PALAWAN,sədaʔ,s ə d a ʔ,3 7 1 7 1,AXBYN,SETAH,11.0,11.S.C 11.E.V 11.T.C 11.A.V 11.H.c,2.0 1.5 1.75 1.3 0.8,sədaʔ,0.0,1357.0
946,fish,BILAAN KORONADAL,nalaf,n a l a f,4 7 5 7 3,AXBYN,NALAB,12.0,12.N.C 12.A.V 12.L.C 12.A.V 12.B.c,2.0 1.5 1.75 1.3 0.8,nalaf,0.0,1366.0
1038,fish,BILAAN SARANGANI,nalaf,n a l a f,4 7 5 7 3,AXBYN,NALAB,13.0,13.N.C 13.A.V 13.L.C 13.A.V 13.B.c,2.0 1.5 1.75 1.3 0.8,nalaf,0.0,1366.0
1130,fish,BONGGI,sadak,s a d a k,3 7 1 7 1,AXBYN,SATAK,15.0,15.S.C 15.A.V 15.T.C 15.A.V 15.K.c,2.0 1.5 1.75 1.3 0.8,sadak,0.0,1357.0
1222,fish,BONTOC GUINAANG,gadəw,g a d ə w,1 7 1 7 6,AXBYN,KATEW,16.0,16.K.C 16.A.V 16.T.C 16.E.V 16.W.c,2.0 1.5 1.75 1.3 0.8,gadəw,0.0,1361.0
1314,fish,BUHI,ʔisraʔ,ʔ i s r a ʔ,1 7 3 5 7 1,AXBCYN,HISRAH,17.0,17.H.C 17.I.V 17.S.C 17.R.C 17.A.V 17.H.c,2.0 1.5 1.75 1.5 1.3 0.8,ʔisraʔ,0.0,1358.0
1406,fish,BUKIDNON BINUKID,isdaʔ,i s d a ʔ,7 3 1 7 1,XMBYN,ISTAH,18.0,18.I.V 18.S.c 18.T.C 18.A.V 18.H.c,1.5 1.1 1.75 1.3 0.8,isdaʔ,0.0,1357.0
1498,fish,BUTUANON,isda,i s d a,7 3 1 7,XMBZ,ISTA,19.0,19.I.V 19.S.c 19.T.C 19.A.V,1.5 1.1 1.75 0.8,isda,0.0,1357.0
1590,fish,CAIJIA,xuŋ,x u ŋ,3 7 4,AXN,GYN,20.0,20.G.C 20.Y.V 20.N.c,2.0 1.5 0.8,xuŋ,0.0,1356.0
1682,fish,CEBUANO,isda,i s d a,7 3 1 7,XMBZ,ISTA,22.0,22.I.V 22.S.c 22.T.C 22.A.V,1.5 1.1 1.75 0.8,isda,0.0,1357.0
1774,fish,CENTRAL TAGBANWA,daiŋ,d a i ŋ,1 7 7 4,AXYN,TAIN,23.0,23.T.C 23.A.V 23.I.V 23.N.c,2.0 1.5 1.3 0.8,daiŋ,0.0,1360.0
1866,fish,CUYONON,isdaʔ,i s d a ʔ,7 3 1 7 1,XMBYN,ISTAH,24.0,24.I.V 24.S.c 24.T.C 24.A.V 24.H.c,1.5 1.1 1.75 1.3 0.8,isdaʔ,0.0,1357.0
1958,fish,DARAGA,siraʔ,s i r a ʔ,3 7 5 7 1,AXBYN,SIRAH,25.0,25.S.C 25.I.V 25.R.C 25.A.V 25.H.c,2.0 1.5 1.75 1.3 0.8,siraʔ,0.0,1358.0
2050,fish,DUMAGAT CASIGURAN,ikan,i k a n,7 1 7 4,XBYN,IKAN,26.0,26.I.V 26.K.C 26.A.V 26.N.c,1.5 1.75 1.3 0.8,ikan,0.0,1356.0
2142,fish,DUPANINGAN AGTA,padut,p a d u t,1 7 1 7 1,AXBYN,PATYT,27.0,27.P.C 27.A.V 27.T.C 27.Y.V 27.T.c,2.0 1.5 1.75 1.3 0.8,padut,0.0,1381.0
2234,fish,ENGLISH,fiS,f i,3 7,AX,BI,28.0,28.B.C 28.I.V,2.0 1.5,fi,0.0,1382.0
2326,fish,ESKAYAN,pir,p i r,1 7 5,AXN,PIR,29.0,29.P.C 29.I.V 29.R.c,2.0 1.5 0.8,pir,0.0,1382.0
2418,fish,ESTONIAN,kala,k a l a,1 7 5 7,AXBZ,KALA,30.0,30.K.C 30.A.V 30.L.C 30.A.V,2.0 1.5 1.75 0.8,kala,0.0,1423.0
2510,fish,FINNISH,kala,k a l a,1 7 5 7,AXBZ,KALA,32.0,32.K.C 32.A.V 32.L.C 32.A.V,2.0 1.5 1.75 0.8,kala,0.0,1423.0
2602,fish,FUZHOU CHINESE,ŋi,ŋ i,4 7,AX,NI,33.0,33.N.C 33.I.V,2.0 1.5,ŋi,0.0,1387.0
2694,fish,GADDANG,koriraw,k o r i r a w,1 7 5 7 5 7 6,AXBYBYN,KURIRAW,34.0,34.K.C 34.U.V 34.R.C 34.I.V 34.R.C 34.A.V 34.W.c,2.0 1.5 1.75 1.3 1.75 1.3 0.8,koriraw,0.0,1388.0
2786,fish,HANUNOO,isdaʔ,i s d a ʔ,7 3 1 7 1,XMBYN,ISTAH,35.0,35.I.V 35.S.c 35.T.C 35.A.V 35.H.c,1.5 1.1 1.75 1.3 0.8,isdaʔ,0.0,1357.0
2878,fish,HIGAONON BINUKID,isdaʔ,i s d a ʔ,7 3 1 7 1,XMBYN,ISTAH,36.0,36.I.V 36.S.c 36.T.C 36.A.V 36.H.c,1.5 1.1 1.75 1.3 0.8,isdaʔ,0.0,1357.0
2970,fish,HUNGARIAN,hal,h a l,3 7 5,AXN,HAL,38.0,38.H.C 38.A.V 38.L.c,2.0 1.5 0.8,hal,1.0,1392.0
3062,fish,IBANAG,sira,s i r a,3 7 5 7,AXBZ,SIRA,39.0,39.S.C 39.I.V 39.R.C 39.A.V,2.0 1.5 1.75 0.8,sira,0.0,1358.0
3154,fish,IDAAN,pait,p a i t,1 7 7 1,AXYN,PAIT,40.0,40.P.C 40.A.V 40.I.V 40.T.c,2.0 1.5 1.3 0.8,pait,0.0,1381.0
3246,fish,IFUGAO AMGANAD,dolog,d o l o g,1 7 5 7 1,AXBYN,TULUK,41.0,41.T.C 41.U.V 41.L.C 41.U.V 41.K.c,2.0 1.5 1.75 1.3 0.8,dolog,0.0,1395.0
3430,fish,IFUGAO BAYNINAN,dolog,d o l o g,1 7 5 7 1,AXBYN,TULUK,43.0,43.T.C 43.U.V 43.L.C 43.U.V 43.K.c,2.0 1.5 1.75 1.3 0.8,dolog,0.0,1395.0
3522,fish,ILOKANO,ikan,i k a n,7 1 7 4,XBYN,IKAN,44.0,44.I.V 44.K.C 44.A.V 44.N.c,1.5 1.75 1.3 0.8,ikan,0.0,1356.0
3614,fish,ILONGOT KAKIDUGEN,guduŋ,g u d u ŋ,1 7 1 7 4,AXBYN,KYTYN,45.0,45.K.C 45.Y.V 45.T.C 45.Y.V 45.N.c,2.0 1.5 1.75 1.3 0.8,guduŋ,0.0,1360.0
3706,fish,INIBALOI,paʔidəŋ,p a ʔ i d ə ŋ,1 7 1 7 1 7 4,AXBYBYN,PAHITEN,48.0,48.P.C 48.A.V 48.H.C 48.I.V 48.T.C 48.E.V 48.N.c,2.0 1.5 1.75 1.3 1.75 1.3 0.8,paʔidəŋ,0.0,1401.0
3798,fish,IRANUN,sedaʔ,s e d a ʔ,3 7 1 7 1,AXBYN,SETAH,49.0,49.S.C 49.E.V 49.T.C 49.A.V 49.H.c,2.0 1.5 1.75 1.3 0.8,sedaʔ,0.0,1357.0
3890,fish,IRIGA,ʔisiraʔ,ʔ i s i r a ʔ,1 7 3 7 5 7 1,AXBYBYN,HISIRAH,50.0,50.H.C 50.I.V 50.S.C 50.I.V 50.R.C 50.A.V 50.H.c,2.0 1.5 1.75 1.3 1.75 1.3 0.8,ʔisiraʔ,0.0,1358.0
3982,fish,ISNAG,sisida,s i s i d a,3 7 3 7 1 7,AXBYBZ,SISITA,51.0,51.S.C 51.I.V 51.S.C 51.I.V 51.T.C 51.A.V,2.0 1.5 1.75 1.3 1.75 0.8,sisida,0.0,1357.0
4074,fish,ITAWIT,dilis,d i l i s,1 7 5 7 3,AXBYN,TILIS,52.0,52.T.C 52.I.V 52.L.C 52.I.V 52.S.c,2.0 1.5 1.75 1.3 0.8,dilis,0.0,1395.0
4166,fish,ITNEG BINONGAN,laməs,l a m ə s,5 7 4 7 3,AXBYN,LAMES,53.0,53.L.C 53.A.V 53.M.C 53.E.V 53.S.c,2.0 1.5 1.75 1.3 0.8,laməs,0.0,1406.0
4258,fish,JAPANESE,uo,u o,7 7,XZ,YU,54.0,54.Y.V 54.U.V,1.5 0.8,uo,0.0,1407.0
4350,fish,KADAZAN,sada,s a d a,3 7 1 7,AXBZ,SATA,55.0,55.S.C 55.A.V 55.T.C 55.A.V,2.0 1.5 1.75 0.8,sada,0.0,1357.0
4442,fish,KAGAYANEN,sidaʔ,s i d a ʔ,3 7 1 7 1,AXBYN,SITAH,56.0,56.S.C 56.I.V 56.T.C 56.A.V 56.H.c,2.0 1.5 1.75 1.3 0.8,sidaʔ,0.0,1357.0
4534,fish,KALAGAN,isdaʔ,i s d a ʔ,7 3 1 7 1,XMBYN,ISTAH,57.0,57.I.V 57.S.c 57.T.C 57.A.V 57.H.c,1.5 1.1 1.75 1.3 0.8,isdaʔ,0.0,1357.0
4626,fish,KALINGA GUINAANG,lamos,l a m o s,5 7 4 7 3,AXBYN,LAMUS,59.0,59.L.C 59.A.V 59.M.C 59.U.V 59.S.c,2.0 1.5 1.75 1.3 0.8,lamos,0.0,1406.0
4718,fish,KALINGA LIMOS,ikan,i k a n,7 1 7 4,XBYN,IKAN,60.0,60.I.V 60.K.C 60.A.V 60.N.c,1.5 1.75 1.3 0.8,ikan,0.0,1356.0
4810,fish,KALLAHAN KAYAPA PROPER,paʔilləŋ,p a ʔ i ll ə ŋ,1 7 1 7 5 7 4,AXBYBYN,PAHILEN,61.0,61.P.C 61.A.V 61.H.C 61.I.V 61.L.C 61.E.V 61.N.c,2.0 1.5 1.75 1.3 1.75 1.3 0.8,paʔilləŋ,0.0,1401.0
4902,fish,KANKANAY NORTHERN,ikan,i k a n,7 1 7 4,XBYN,IKAN,63.0,63.I.V 63.K.C 63.A.V 63.N.c,1.5 1.75 1.3 0.8,ikan,0.0,1356.0
4994,fish,KAPAMPANGAN,asan,a s a n,7 3 7 4,XBYN,ASAN,64.0,64.A.V 64.S.C 64.A.V 64.N.c,1.5 1.75 1.3 0.8,asan,0.0,1356.0
5086,fish,KINARAY A,isda,i s d a,7 3 1 7,XMBZ,ISTA,65.0,65.I.V 65.S.c 65.T.C 65.A.V,1.5 1.1 1.75 0.8,isda,0.0,1357.0
5178,fish,KOREAN,mul kogi,m u l # k o g i,4 7 5 9 1 7 1 7,AXN_AXBZ,MYL_KUKI,66.0,66.M.C 66.Y.V 66.L.c 66._._ 66.K.C 66.U.V 66.K.C 66.I.V,2.0 1.5 0.8 0.0 2.0 1.5 1.75 0.8,mul#kogi,0.0,1418.0
5270,fish,LEGAZPI,siraʔ,s i r a ʔ,3 7 5 7 1,AXBYN,SIRAH,67.0,67.S.C 67.I.V 67.R.C 67.A.V 67.H.c,2.0 1.5 1.75 1.3 0.8,siraʔ,0.0,1358.0
5362,fish,LIBON,ʔisoraʔ,ʔ i s o r a ʔ,1 7 3 7 5 7 1,AXBYBYN,HISURAH,68.0,68.H.C 68.I.V 68.S.C 68.U.V 68.R.C 68.A.V 68.H.c,2.0 1.5 1.75 1.3 1.75 1.3 0.8,ʔisoraʔ,0.0,1358.0
5454,fish,LIVE,kala,k a l a,1 7 5 7,AXBZ,KALA,69.0,69.K.C 69.A.V 69.L.C 69.A.V,2.0 1.5 1.75 0.8,kala,0.0,1423.0
5546,fish,MAMANWA,idaʔ,i d a ʔ,7 1 7 1,XBYN,ITAH,70.0,70.I.V 70.T.C 70.A.V 70.H.c,1.5 1.75 1.3 0.8,idaʔ,0.0,1357.0
5638,fish,MANIDE,kabilihwog,k a b i l i hw o g,1 7 1 7 5 7 3 7 1,AXBYBYBYN,KAPILIHUK,73.0,73.K.C 73.A.V 73.P.C 73.I.V 73.L.C 73.I.V 73.H.C 73.U.V 73.K.c,2.0 1.5 1.75 1.3 1.75 1.3 1.75 1.3 0.8,kabilihwog,0.0,1424.0
5730,fish,MANOBO ATA,ŋalap,ŋ a l a p,4 7 5 7 1,AXBYN,NALAP,74.0,74.N.C 74.A.V 74.L.C 74.A.V 74.P.c,2.0 1.5 1.75 1.3 0.8,ŋalap,0.0,1366.0
5822,fish,MANOBO DIBABAWON,isdaʔ,i s d a ʔ,7 3 1 7 1,XMBYN,ISTAH,75.0,75.I.V 75.S.c 75.T.C 75.A.V 75.H.c,1.5 1.1 1.75 1.3 0.8,isdaʔ,0.0,1357.0
5914,fish,MANOBO ILIANEN,səraʔ,s ə r a ʔ,3 7 5 7 1,AXBYN,SERAH,76.0,76.S.C 76.E.V 76.R.C 76.A.V 76.H.c,2.0 1.5 1.75 1.3 0.8,səraʔ,0.0,1358.0
6006,fish,MANOBO KALAMANSIG COTABATO,uton,u t o n,7 1 7 4,XBYN,YTUN,77.0,77.Y.V 77.T.C 77.U.V 77.N.c,1.5 1.75 1.3 0.8,uton,0.0,1360.0
6098,fish,MANOBO SARANGANI,ikan,i k a n,7 1 7 4,XBYN,IKAN,78.0,78.I.V 78.K.C 78.A.V 78.N.c,1.5 1.75 1.3 0.8,ikan,0.0,1356.0
6190,fish,MANOBO TIGWA,ŋalap,ŋ a l a p,4 7 5 7 1,AXBYN,NALAP,79.0,79.N.C 79.A.V 79.L.C 79.A.V 79.P.c,2.0 1.5 1.75 1.3 0.8,ŋalap,0.0,1366.0
6282,fish,MANOBO WESTERN BUKIDNON,paʔit,p a ʔ i t,1 7 1 7 1,AXBYN,PAHIT,80.0,80.P.C 80.A.V 80.H.C 80.I.V 80.T.c,2.0 1.5 1.75 1.3 0.8,paʔit,0.0,1381.0
6374,fish,MANSAKA,kaja,k a j a,1 7 6 7,AXBZ,KAJA,81.0,81.K.C 81.A.V 81.J.C 81.A.V,2.0 1.5 1.75 0.8,kaja,0.0,1423.0
6466,fish,MAPUN,dajiŋ,d a j i ŋ,1 7 6 7 4,AXBYN,TAJIN,82.0,82.T.C 82.A.V 82.J.C 82.I.V 82.N.c,2.0 1.5 1.75 1.3 0.8,dajiŋ,0.0,1360.0
6558,fish,MARANAO,sedaʔ,s e d a ʔ,3 7 1 7 1,AXBYN,SETAH,83.0,83.S.C 83.E.V 83.T.C 83.A.V 83.H.c,2.0 1.5 1.75 1.3 0.8,sedaʔ,0.0,1357.0
6650,fish,MASBATENYO,isda,i s d a,7 3 1 7,XMBZ,ISTA,84.0,84.I.V 84.S.c 84.T.C 84.A.V,1.5 1.1 1.75 0.8,isda,0.0,1357.0
6742,fish,MINANGALI LOWER TANUDAN KALINGA,ugadiw,u g a d i w,7 1 7 1 7 6,XBYBYN,YKATIW,85.0,85.Y.V 85.K.C 85.A.V 85.T.C 85.I.V 85.W.c,1.5 1.75 1.3 1.75 1.3 0.8,ugadiw,0.0,1361.0
6834,fish,MOKSHA,kal,k a l,1 7 5,AXN,KAL,86.0,86.K.C 86.A.V 86.L.c,2.0 1.5 0.8,kal,0.0,1423.0
6926,fish,MOLBOG,sodaʔ,s o d a ʔ,3 7 1 7 1,AXBYN,SUTAH,87.0,87.S.C 87.U.V 87.T.C 87.A.V 87.H.c,2.0 1.5 1.75 1.3 0.8,sodaʔ,0.0,1357.0
7018,fish,MONGOLIAN,caGas,c a a s,1 7 7 3,AXYN,CAAS,88.0,88.C.C 88.A.V 88.A.V 88.S.c,2.0 1.5 1.3 0.8,caas,0.0,1439.0
7110,fish,MORO MAGINDANAU,seda,s e d a,3 7 1 7,AXBZ,SETA,89.0,89.S.C 89.E.V 89.T.C 89.A.V,2.0 1.5 1.75 0.8,seda,0.0,1357.0
7202,fish,NORTHERN CATANDUANES,ʔisdaʔ,ʔ i s d a ʔ,1 7 3 1 7 1,AXMBYN,HISTAH,90.0,90.H.C 90.I.V 90.S.c 90.T.C 90.A.V 90.H.c,2.0 1.5 1.1 1.75 1.3 0.8,ʔisdaʔ,0.0,1357.0
7294,fish,NORTHERN SORSOGON,siraʔ,s i r a ʔ,3 7 5 7 1,AXBYN,SIRAH,91.0,91.S.C 91.I.V 91.R.C 91.A.V 91.H.c,2.0 1.5 1.75 1.3 0.8,siraʔ,0.0,1358.0
7386,fish,OAS,ʔisraʔ,ʔ i s r a ʔ,1 7 3 5 7 1,AXBCYN,HISRAH,92.0,92.H.C 92.I.V 92.S.C 92.R.C 92.A.V 92.H.c,2.0 1.5 1.75 1.5 1.3 0.8,ʔisraʔ,0.0,1358.0
7478,fish,PALAWANO BATAK,sədaʔ,s ə d a ʔ,3 7 1 7 1,AXBYN,SETAH,93.0,93.S.C 93.E.V 93.T.C 93.A.V 93.H.c,2.0 1.5 1.75 1.3 0.8,sədaʔ,0.0,1357.0
7570,fish,PANGASINAN,sira,s i r a,3 7 5 7,AXBZ,SIRA,94.0,94.S.C 94.I.V 94.R.C 94.A.V,2.0 1.5 1.75 0.8,sira,0.0,1358.0
7662,fish,PANGUTARAN SAMA,daiŋ,d a i ŋ,1 7 7 4,AXYN,TAIN,95.0,95.T.C 95.A.V 95.I.V 95.N.c,2.0 1.5 1.3 0.8,daiŋ,0.0,1360.0
7754,fish,PROTO PALAWAN,sədaʔ,s ə d a ʔ,3 7 1 7 1,AXBYN,SETAH,96.0,96.S.C 96.E.V 96.T.C 96.A.V 96.H.c,2.0 1.5 1.75 1.3 0.8,sədaʔ,0.0,1357.0
7846,fish,QUEZON PALAWAN,sədaʔ,s ə d a ʔ,3 7 1 7 1,AXBYN,SETAH,97.0,97.S.C 97.E.V 97.T.C 97.A.V 97.H.c,2.0 1.5 1.75 1.3 0.8,sədaʔ,0.0,1357.0
7938,fish,ROMBLOMANON 2,isda,i s d a,7 3 1 7,XMBZ,ISTA,98.0,98.I.V 98.S.c 98.T.C 98.A.V,1.5 1.1 1.75 0.8,isda,0.0,1357.0
8030,fish,SAMAL,daiŋ,d a i ŋ,1 7 7 4,AXYN,TAIN,99.0,99.T.C 99.A.V 99.I.V 99.N.c,2.0 1.5 1.3 0.8,daiŋ,0.0,1360.0
8122,fish,SAMBAL BOTOLAN,ikan,i k a n,7 1 7 4,XBYN,IKAN,100.0,100.I.V 100.K.C 100.A.V 100.N.c,1.5 1.75 1.3 0.8,ikan,0.0,1356.0
8214,fish,SANGIL SARANGANI ISLANDS,kinaʔ,k i n a ʔ,1 7 4 7 1,AXBYN,KINAH,101.0,101.K.C 101.I.V 101.N.C 101.A.V 101.H.c,2.0 1.5 1.75 1.3 0.8,kinaʔ,0.0,1452.0
8306,fish,SEDANG,ka,k a,1 7,AX,KA,102.0,102.K.C 102.A.V,2.0 1.5,ka,1.0,1423.0
8398,fish,SIBUTU SOUTHERN SAMA,dejŋ,d e j ŋ,1 7 6 4,AXLN,TEJN,103.0,103.T.C 103.E.V 103.J.c 103.N.c,2.0 1.5 1.1 0.8,dejŋ,0.0,1360.0
8490,fish,SOGODNIN BORACAY,isdaʔ,i s d a ʔ,7 3 1 7 1,XMBYN,ISTAH,105.0,105.I.V 105.S.c 105.T.C 105.A.V 105.H.c,1.5 1.1 1.75 1.3 0.8,isdaʔ,0.0,1357.0
8582,fish,SOUTH SAAMI,gueliə,g u e l i ə,1 7 7 5 7 7,AXYBYZ,KYELIE,106.0,106.K.C 106.Y.V 106.E.V 106.L.C 106.I.V 106.E.V,2.0 1.5 1.3 1.75 1.3 0.8,gueliə,0.0,1423.0
8674,fish,SOUTHERN CATANDUANES,silaʔ,s i l a ʔ,3 7 5 7 1,AXBYN,SILAH,107.0,107.S.C 107.I.V 107.L.C 107.A.V 107.H.c,2.0 1.5 1.75 1.3 0.8,silaʔ,0.0,1358.0
8766,fish,SOUTHERN SORSOGON,ʔisdaʔ,ʔ i s d a ʔ,1 7 3 1 7 1,AXMBYN,HISTAH,109.0,109.H.C 109.I.V 109.S.c 109.T.C 109.A.V 109.H.c,2.0 1.5 1.1 1.75 1.3 0.8,ʔisdaʔ,0.0,1357.0
8858,fish,SOUTHWEST PALAWANO,sedaʔ,s e d a ʔ,3 7 1 7 1,AXBYN,SETAH,110.0,110.S.C 110.E.V 110.T.C 110.A.V 110.H.c,2.0 1.5 1.75 1.3 0.8,sedaʔ,0.0,1357.0
8950,fish,SPANISH,peskado,p e s k a d o,1 7 3 1 7 1 7,AXMBYBZ,PESKATU,111.0,111.P.C 111.E.V 111.S.c 111.K.C 111.A.V 111.T.C 111.U.V,2.0 1.5 1.1 1.75 1.3 1.75 0.8,peskado,0.0,1462.0
9042,fish,SUBANON SIOCON,sodaʔ,s o d a ʔ,3 7 1 7 1,AXBYN,SUTAH,112.0,112.S.C 112.U.V 112.T.C 112.A.V 112.H.c,2.0 1.5 1.75 1.3 0.8,sodaʔ,0.0,1357.0
9134,fish,SUBANUN SINDANGAN,sədaʔ,s ə d a ʔ,3 7 1 7 1,AXBYN,SETAH,113.0,113.S.C 113.E.V 113.T.C 113.A.V 113.H.c,2.0 1.5 1.75 1.3 0.8,sədaʔ,0.0,1357.0
9226,fish,SURIGAONON,isda,i s d a,7 3 1 7,XMBZ,ISTA,114.0,114.I.V 114.S.c 114.T.C 114.A.V,1.5 1.1 1.75 0.8,isda,0.0,1357.0
9410,fish,TAGABILI,uton ʔel,u t o n # ʔ e l,7 1 7 4 9 1 7 5,XBYN_AXN,YTUN_HEL,116.0,116.Y.V 116.T.C 116.U.V 116.N.c 116._._ 116.H.C 116.E.V 116.L.c,1.5 1.75 1.3 0.8 0.0 2.0 1.5 0.8,uton#ʔel,0.0,1360.0
9502,fish,TAGALOG,isda,i s d a,7 3 1 7,XMBZ,ISTA,117.0,117.I.V 117.S.c 117.T.C 117.A.V,1.5 1.1 1.75 0.8,isda,0.0,1357.0
9594,fish,TAGBANWA ABORLAN,sədaʔ,s ə d a ʔ,3 7 1 7 1,AXBYN,SETAH,118.0,118.S.C 118.E.V 118.T.C 118.A.V 118.H.c,2.0 1.5 1.75 1.3 0.8,sədaʔ,0.0,1357.0
9686,fish,TAGBANWA KALAMIAN,ian,i a n,7 7 4,XYN,IAN,119.0,119.I.V 119.A.V 119.N.c,1.5 1.3 0.8,ian,0.0,1356.0
9778,fish,TAUSUG,istaʔ,i s t a ʔ,7 3 1 7 1,XMBYN,ISTAH,120.0,120.I.V 120.S.c 120.T.C 120.A.V 120.H.c,1.5 1.1 1.75 1.3 0.8,istaʔ,0.0,1357.0
9870,fish,TIMUGON MURUT,papait,p a p a i t,1 7 1 7 7 1,AXBYYN,PAPAIT,121.0,121.P.C 121.A.V 121.P.C 121.A.V 121.I.V 121.T.c,2.0 1.5 1.75 1.3 1.3 0.8,papait,0.0,1381.0
9962,fish,TIRURAY,sedoʔ,s e d o ʔ,3 7 1 7 1,AXBYN,SETUH,122.0,122.S.C 122.E.V 122.T.C 122.U.V 122.H.c,2.0 1.5 1.75 1.3 0.8,sedoʔ,0.0,1357.0
10054,fish,TURKISH,balək,b a l ə k,1 7 5 7 1,AXBYN,PALEK,123.0,123.P.C 123.A.V 123.L.C 123.E.V 123.K.c,2.0 1.5 1.75 1.3 0.8,balək,0.0,1395.0
10146,fish,UGARITIC,dg,d g,1 1,AN,TK,124.0,124.T.C 124.K.c,2.0 0.8,dg,0.0,1474.0
10330,fish,WARAY WARAY,isda,i s d a,7 3 1 7,XMBZ,ISTA,126.0,126.I.V 126.S.c 126.T.C 126.A.V,1.5 1.1 1.75 0.8,isda,0.0,1357.0
10422,fish,YAKAN,kena,k e n a,1 7 4 7,AXBZ,KENA,127.0,127.K.C 127.E.V 127.N.C 127.A.V,2.0 1.5 1.75 0.8,kena,0.0,1452.0
10514,fish,YOGAD,ikan,i k a n,7 1 7 4,XBYN,IKAN,128.0,128.I.V 128.K.C 128.A.V 128.N.c,1.5 1.75 1.3 0.8,ikan,0.0,1356.0
10606,fish,ZAMBOANGUENO,peskaw,p e s k a w,1 7 3 1 7 6,AXMBYN,PESKAW,129.0,129.P.C 129.E.V 129.S.c 129.K.C 129.A.V 129.W.c,2.0 1.5 1.1 1.75 1.3 0.8,peskaw,0.0,1462.0
10698,fish,IMOROD,amoŋ,a m o ŋ,7 4 7 4,XBYN,AMUN,46.0,46.A.V 46.M.C 46.U.V 46.N.c,1.5 1.75 1.3 0.8,amoŋ,0.0,1356.0
10790,fish,BABUYAN,amoŋ,a m o ŋ,7 4 7 4,XBYN,AMUN,5.0,5.A.V 5.M.C 5.U.V 5.N.c,1.5 1.75 1.3 0.8,amoŋ,0.0,1356.0
10882,fish,BISAYA SABAH,sada,s a d a,3 7 1 7,AXBZ,SATA,14.0,14.S.C 14.A.V 14.T.C 14.A.V,2.0 1.5 1.75 0.8,sada,0.0,1357.0
10974,fish,CAPIZNON,isda,i s d a,7 3 1 7,XMBZ,ISTA,21.0,21.I.V 21.S.c 21.T.C 21.A.V,1.5 1.1 1.75 0.8,isda,0.0,1357.0
11066,fish,FINALLIG,kiaCiw,k i a i w,1 7 7 7 6,AXYYN,KIAIW,31.0,31.K.C 31.I.V 31.A.V 31.I.V 31.W.c,2.0 1.5 1.3 1.3 0.8,kiaiw,0.0,1361.0
11158,fish,HILIGAYNON,isda,i s d a,7 3 1 7,XMBZ,ISTA,37.0,37.I.V 37.S.c 37.T.C 37.A.V,1.5 1.1 1.75 0.8,isda,0.0,1357.0
11250,fish,INABAKNON,dajiŋ,d a j i ŋ,1 7 6 7 4,AXBYN,TAJIN,47.0,47.T.C 47.A.V 47.J.C 47.I.V 47.N.c,2.0 1.5 1.75 1.3 0.8,dajiŋ,0.0,1360.0
11434,fish,KANKANAEY,nigaj,n i g a j,4 7 1 7 6,AXBYN,NIKAJ,62.0,62.N.C 62.I.V 62.K.C 62.A.V 62.J.c,2.0 1.5 1.75 1.3 0.8,nigaj,0.0,1414.0
11526,fish,MANDAYAN BOSO,kaja,k a j a,1 7 6 7,AXBZ,KAJA,71.0,71.K.C 71.A.V 71.J.C 71.A.V,2.0 1.5 1.75 0.8,kaja,0.0,1423.0
11710,fish,SINAUNA,isdaʔ,i s d a ʔ,7 3 1 7 1,XMBYN,ISTAH,104.0,104.I.V 104.S.c 104.T.C 104.A.V 104.H.c,1.5 1.1 1.75 1.3 0.8,isdaʔ,0.0,1357.0
11802,fish,SOUTHERN KALINGA,ukaCiw,u k a i w,7 1 7 7 6,XBYYN,YKAIW,108.0,108.Y.V 108.K.C 108.A.V 108.I.V 108.W.c,1.5 1.75 1.3 1.3 0.8,ukaiw,0.0,1361.0
763,flesh,BASQUE,haragi,h a r a g i,3 7 5 7 1 7,AXBYBZ,HARAKI,10.0,10.H.C 10.A.V 10.R.C 10.A.V 10.K.C 10.I.V,2.0 1.5 1.75 1.3 1.75 0.8,haragi,0.0,1475.0
1407,flesh,BUKIDNON BINUKID,sapuʔ,s a p u ʔ,3 7 1 7 1,AXBYN,SAPYH,18.0,18.S.C 18.A.V 18.P.C 18.Y.V 18.H.c,2.0 1.5 1.75 1.3 0.8,sapuʔ,0.0,1476.0
2235,flesh,ENGLISH,flES,f l,3 5,AC,BL,28.0,28.B.C 28.L.C,2.0 1.5,fl,0.0,1477.0
2419,flesh,ESTONIAN,liha,l i h a,5 7 3 7,AXBZ,LIHA,30.0,30.L.C 30.I.V 30.H.C 30.A.V,2.0 1.5 1.75 0.8,liha,0.0,1478.0
2511,flesh,FINNISH,liha,l i h a,5 7 3 7,AXBZ,LIHA,32.0,32.L.C 32.I.V 32.H.C 32.A.V,2.0 1.5 1.75 0.8,liha,0.0,1478.0
2787,flesh,HANUNOO,tuban,t u b a n,1 7 1 7 4,AXBYN,TYPAN,35.0,35.T.C 35.Y.V 35.P.C 35.A.V 35.N.c,2.0 1.5 1.75 1.3 0.8,tuban,0.0,1480.0
2879,flesh,HIGAONON BINUKID,sapuʔ,s a p u ʔ,3 7 1 7 1,AXBYN,SAPYH,36.0,36.S.C 36.A.V 36.P.C 36.Y.V 36.H.c,2.0 1.5 1.75 1.3 0.8,sapuʔ,0.0,1476.0
2971,flesh,HUNGARIAN,hus,h u s,3 7 3,AXN,HYS,38.0,38.H.C 38.Y.V 38.S.c,2.0 1.5 0.8,hus,0.0,1482.0
4259,flesh,JAPANESE,niku,n i k u,4 7 1 7,AXBZ,NIKY,54.0,54.N.C 54.I.V 54.K.C 54.Y.V,2.0 1.5 1.75 0.8,niku,0.0,1484.0
4995,flesh,KAPAMPANGAN,katawan,k a t a w a n,1 7 1 7 6 7 4,AXBYBYN,KATAWAN,64.0,64.K.C 64.A.V 64.T.C 64.A.V 64.W.C 64.A.V 64.N.c,2.0 1.5 1.75 1.3 1.75 1.3 0.8,katawan,0.0,1480.0
5179,flesh,KOREAN,kogi,k o g i,1 7 1 7,AXBZ,KUKI,66.0,66.K.C 66.U.V 66.K.C 66.I.V,2.0 1.5 1.75 0.8,kogi,0.0,1484.0
6835,flesh,MOKSHA,pal,p a l,1 7 5,AXN,PAL,86.0,86.P.C 86.A.V 86.L.c,2.0 1.5 0.8,pal,0.0,1487.0
8307,flesh,SEDANG,honeh,h o n e h,3 7 4 7 3,AXBYN,HUNEH,102.0,102.H.C 102.U.V 102.N.C 102.E.V 102.H.c,2.0 1.5 1.75 1.3 0.8,honeh,0.0,1476.0
8951,flesh,SPANISH,karne,k a r n e,1 7 5 4 7,AXMBZ,KARNE,111.0,111.K.C 111.A.V 111.R.c 111.N.C 111.E.V,2.0 1.5 1.1 1.75 0.8,karne,0.0,1489.0
9503,flesh,TAGALOG,karne,k a r n e,1 7 5 4 7,AXMBZ,KARNE,117.0,117.K.C 117.A.V 117.R.c 117.N.C 117.E.V,2.0 1.5 1.1 1.75 0.8,karne,0.0,1489.0
10055,flesh,TURKISH,vidʒut,v i dʒ u t,3 7 1 7 1,AXBYN,BITYT,123.0,123.B.C 123.I.V 123.T.C 123.Y.V 123.T.c,2.0 1.5 1.75 1.3 0.8,vidʒut,0.0,1491.0
10699,flesh,IMOROD,asisi,a s i s i,7 3 7 3 7,XBYBZ,ASISI,46.0,46.A.V 46.S.C 46.I.V 46.S.C 46.I.V,1.5 1.75 1.3 1.75 0.8,asisi,0.0,1482.0
764,fly,BASQUE,hegan,h e g a n,3 7 1 7 4,AXBYN,HEKAN,10.0,10.H.C 10.E.V 10.K.C 10.A.V 10.N.c,2.0 1.5 1.75 1.3 0.8,hegan,0.0,1492.0
1408,fly,BUKIDNON BINUKID,lajaŋ,l a j a ŋ,5 7 6 7 4,AXBYN,LAJAN,18.0,18.L.C 18.A.V 18.J.C 18.A.V 18.N.c,2.0 1.5 1.75 1.3 0.8,lajaŋ,0.0,1493.0
2236,fly,ENGLISH,flEi,f l i,3 5 7,ACX,BLI,28.0,28.B.C 28.L.C 28.I.V,2.0 1.5 1.5,fli,0.0,1494.0
2420,fly,ESTONIAN,lenda,l e n d a,5 7 4 1 7,AXMBZ,LENTA,30.0,30.L.C 30.E.V 30.N.c 30.T.C 30.A.V,2.0 1.5 1.1 1.75 0.8,lenda,0.0,1495.0
2512,fly,FINNISH,lentE,l e n t,5 7 4 1,AXLN,LENT,32.0,32.L.C 32.E.V 32.N.c 32.T.c,2.0 1.5 1.1 0.8,lent,0.0,1495.0
2788,fly,HANUNOO,lumajaŋ,l u m a j a ŋ,5 7 4 7 6 7 4,AXBYBYN,LYMAJAN,35.0,35.L.C 35.Y.V 35.M.C 35.A.V 35.J.C 35.A.V 35.N.c,2.0 1.5 1.75 1.3 1.75 1.3 0.8,lumajaŋ,0.0,1493.0
2880,fly,HIGAONON BINUKID,lajaŋ,l a j a ŋ,5 7 6 7 4,AXBYN,LAJAN,36.0,36.L.C 36.A.V 36.J.C 36.A.V 36.N.c,2.0 1.5 1.75 1.3 0.8,lajaŋ,0.0,1493.0
2972,fly,HUNGARIAN,repil,r e p i l,5 7 1 7 5,AXBYN,REPIL,38.0,38.R.C 38.E.V 38.P.C 38.I.V 38.L.c,2.0 1.5 1.75 1.3 0.8,repil,0.0,1499.0
4260,fly,JAPANESE,tobu,t o b u,1 7 1 7,AXBZ,TUPY,54.0,54.T.C 54.U.V 54.P.C 54.Y.V,2.0 1.5 1.75 0.8,tobu,0.0,1501.0
4996,fly,KAPAMPANGAN,sulapo,s u l a p o,3 7 5 7 1 7,AXBYBZ,SYLAPU,64.0,64.S.C 64.Y.V 64.L.C 64.A.V 64.P.C 64.U.V,2.0 1.5 1.75 1.3 1.75 0.8,sulapo,0.0,1500.0
5180,fly,KOREAN,nal,n a l,4 7 5,AXN,NAL,66.0,66.N.C 66.A.V 66.L.c,2.0 1.5 0.8,nal,0.0,1503.0
6836,fly,MOKSHA,ljijems,l j i j e ms,5 6 7 6 7 4,ACXBYN,LJIJEM,86.0,86.L.C 86.J.C 86.I.V 86.J.C 86.E.V 86.M.c,2.0 1.5 1.5 1.75 1.3 0.8,ljijems,0.0,1493.0
8308,fly,SEDANG,koneaŋ,k o n e a ŋ,1 7 4 7 7 4,AXBYYN,KUNEAN,102.0,102.K.C 102.U.V 102.N.C 102.E.V 102.A.V 102.N.c,2.0 1.5 1.75 1.3 1.3 0.8,koneaŋ,0.0,1505.0
8952,fly,SPANISH,vola,v o l a,3 7 5 7,AXBZ,BULA,111.0,111.B.C 111.U.V 111.L.C 111.A.V,2.0 1.5 1.75 0.8,vola,0.0,1494.0
9504,fly,TAGALOG,lipad,l i p a d,5 7 1 7 1,AXBYN,LIPAT,117.0,117.L.C 117.I.V 117.P.C 117.A.V 117.T.c,2.0 1.5 1.75 1.3 0.8,lipad,0.0,1500.0
10056,fly,TURKISH,uCur,u u r,7 7 5,XYN,YYR,123.0,123.Y.V 123.Y.V 123.R.c,1.5 1.3 0.8,uur,0.0,1508.0
10700,fly,IMOROD,salap,s a l a p,3 7 5 7 1,AXBYN,SALAP,46.0,46.S.C 46.A.V 46.L.C 46.A.V 46.P.c,2.0 1.5 1.75 1.3 0.8,salap,0.0,1500.0
765,foot,BASQUE,oin,o i n,7 7 4,XYN,UIN,10.0,10.U.V 10.I.V 10.N.c,1.5 1.3 0.8,oin,0.0,1509.0
1409,foot,BUKIDNON BINUKID,paʔa,p a ʔ a,1 7 1 7,AXBZ,PAHA,18.0,18.P.C 18.A.V 18.H.C 18.A.V,2.0 1.5 1.75 0.8,paʔa,0.0,1510.0
2237,foot,ENGLISH,fut,f u t,3 7 1,AXN,BYT,28.0,28.B.C 28.Y.V 28.T.c,2.0 1.5 0.8,fut,0.0,1511.0
2421,foot,ESTONIAN,dʒalg,dʒ a l g,1 7 5 1,AXLN,TALK,30.0,30.T.C 30.A.V 30.L.c 30.K.c,2.0 1.5 1.1 0.8,dʒalg,0.0,1512.0
2513,foot,FINNISH,dʒalka,dʒ a l k a,1 7 5 1 7,AXMBZ,TALKA,32.0,32.T.C 32.A.V 32.L.c 32.K.C 32.A.V,2.0 1.5 1.1 1.75 0.8,dʒalka,0.0,1512.0
2789,foot,HANUNOO,raparapa,r a p a r a p a,5 7 1 7 5 7 1 7,AXBYBYBZ,RAPARAPA,35.0,35.R.C 35.A.V 35.P.C 35.A.V 35.R.C 35.A.V 35.P.C 35.A.V,2.0 1.5 1.75 1.3 1.75 1.3 1.75 0.8,raparapa,0.0,1514.0
2881,foot,HIGAONON BINUKID,paʔa,p a ʔ a,1 7 1 7,AXBZ,PAHA,36.0,36.P.C 36.A.V 36.H.C 36.A.V,2.0 1.5 1.75 0.8,paʔa,0.0,1510.0
2973,foot,HUNGARIAN,labfedʒ,l a b f e dʒ,5 7 1 3 7 1,AXBCYN,LAPBET,38.0,38.L.C 38.A.V 38.P.C 38.B.C 38.E.V 38.T.c,2.0 1.5 1.75 1.5 1.3 0.8,labfedʒ,0.0,1511.0
4261,foot,JAPANESE,aSi,a i,7 7,XZ,AI,54.0,54.A.V 54.I.V,1.5 0.8,ai,0.0,1518.0
4997,foot,KAPAMPANGAN,bitis,b i t i s,1 7 1 7 3,AXBYN,PITIS,64.0,64.P.C 64.I.V 64.T.C 64.I.V 64.S.c,2.0 1.5 1.75 1.3 0.8,bitis,0.0,1519.0
5181,foot,KOREAN,pal,p a l,1 7 5,AXN,PAL,66.0,66.P.C 66.A.V 66.L.c,2.0 1.5 0.8,pal,0.0,1510.0
6837,foot,MOKSHA,piljge,p i l j g e,1 7 5 6 1 7,AXBYBZ,PILJKE,86.0,86.P.C 86.I.V 86.L.C 86.J.V 86.K.C 86.E.V,2.0 1.5 1.75 1.3 1.75 0.8,piljge,0.0,1521.0
8309,foot,SEDANG,Ceaŋ,e a ŋ,7 7 4,XYN,EAN,102.0,102.E.V 102.A.V 102.N.c,1.5 1.3 0.8,eaŋ,0.0,1509.0
8953,foot,SPANISH,pie,p i e,1 7 7,AXZ,PIE,111.0,111.P.C 111.I.V 111.E.V,2.0 1.5 0.8,pie,0.0,1510.0
9505,foot,TAGALOG,pa,p a,1 7,AX,PA,117.0,117.P.C 117.A.V,2.0 1.5,pa,0.0,1510.0
10057,foot,TURKISH,ajak,a j a k,7 6 7 1,XBYN,AJAK,123.0,123.A.V 123.J.C 123.A.V 123.K.c,1.5 1.75 1.3 0.8,ajak,0.0,1517.0
10701,foot,IMOROD,aji,a j i,7 6 7,XBZ,AJI,46.0,46.A.V 46.J.C 46.I.V,1.5 1.75 0.8,aji,0.0,1517.0
30,full,AGTA,moponnu,m o p o nn u,4 7 1 7 4 7,AXBYBZ,MUPUNY,1.0,1.M.C 1.U.V 1.P.C 1.U.V 1.N.C 1.Y.V,2.0 1.5 1.75 1.3 1.75 0.8,moponnu,0.0,1549.0
214,full,ARTA,minapano,m i n a p a n o,4 7 4 7 1 7 4 7,AXBYBYBZ,MINAPANU,3.0,3.M.C 3.I.V 3.N.C 3.A.V 3.P.C 3.A.V 3.N.C 3.U.V,2.0 1.5 1.75 1.3 1.75 1.3 1.75 0.8,minapano,0.0,1549.0
306,full,ATTA PAMPLONA,napannu,n a p a nn u,4 7 1 7 4 7,AXBYBZ,NAPANY,4.0,4.N.C 4.A.V 4.P.C 4.A.V 4.N.C 4.Y.V,2.0 1.5 1.75 1.3 1.75 0.8,napannu,0.0,1549.0
490,full,BALANGAW,napno,n a p n o,4 7 1 4 7,AXBCZ,NAPNU,7.0,7.N.C 7.A.V 7.P.C 7.N.C 7.U.V,2.0 1.5 1.75 1.5 0.8,napno,0.0,1549.0
582,full,BALANGINGI SAMA,ponnoʔ,p o nn o ʔ,1 7 4 7 1,AXBYN,PUNUH,8.0,8.P.C 8.U.V 8.N.C 8.U.V 8.H.c,2.0 1.5 1.75 1.3 0.8,ponnoʔ,0.0,1549.0
766,full,BASQUE,beterik,b e t e r i k,1 7 1 7 5 7 1,AXBYBYN,PETERIK,10.0,10.P.C 10.E.V 10.T.C 10.E.V 10.R.C 10.I.V 10.K.c,2.0 1.5 1.75 1.3 1.75 1.3 0.8,beterik,0.0,1527.0
858,full,BATAK PALAWAN,pəgpəg,p ə g p ə g,1 7 1 1 7 1,AXMBYN,PEKPEK,11.0,11.P.C 11.E.V 11.K.c 11.P.C 11.E.V 11.K.c,2.0 1.5 1.1 1.75 1.3 0.8,pəgpəg,0.0,1528.0
950,full,BILAAN KORONADAL,fnoʔ,f n o ʔ,3 4 7 1,ACXN,BNUH,12.0,12.B.C 12.N.C 12.U.V 12.H.c,2.0 1.5 1.5 0.8,fnoʔ,0.0,1549.0
1042,full,BILAAN SARANGANI,fnoʔ,f n o ʔ,3 4 7 1,ACXN,BNUH,13.0,13.B.C 13.N.C 13.U.V 13.H.c,2.0 1.5 1.5 0.8,fnoʔ,0.0,1549.0
1226,full,BONTOC GUINAANG,napno,n a p n o,4 7 1 4 7,AXBCZ,NAPNU,16.0,16.N.C 16.A.V 16.P.C 16.N.C 16.U.V,2.0 1.5 1.75 1.5 0.8,napno,0.0,1549.0
1318,full,BUHI,punuʔ,p u n u ʔ,1 7 4 7 1,AXBYN,PYNYH,17.0,17.P.C 17.Y.V 17.N.C 17.Y.V 17.H.c,2.0 1.5 1.75 1.3 0.8,punuʔ,0.0,1549.0
1410,full,BUKIDNON BINUKID,napunuʔ,n a p u n u ʔ,4 7 1 7 4 7 1,AXBYBYN,NAPYNYH,18.0,18.N.C 18.A.V 18.P.C 18.Y.V 18.N.C 18.Y.V 18.H.c,2.0 1.5 1.75 1.3 1.75 1.3 0.8,napunuʔ,0.0,1549.0
1594,full,CAIJIA,pəu,p ə u,1 7 7,AXZ,PEY,20.0,20.P.C 20.E.V 20.Y.V,2.0 1.5 0.8,pəu,0.0,1534.0
1778,full,CENTRAL TAGBANWA,pigpig,p i g p i g,1 7 1 1 7 1,AXMBYN,PIKPIK,23.0,23.P.C 23.I.V 23.K.c 23.P.C 23.I.V 23.K.c,2.0 1.5 1.1 1.75 1.3 0.8,pigpig,0.0,1528.0
1962,full,DARAGA,punuʔ,p u n u ʔ,1 7 4 7 1,AXBYN,PYNYH,25.0,25.P.C 25.Y.V 25.N.C 25.Y.V 25.H.c,2.0 1.5 1.75 1.3 0.8,punuʔ,0.0,1549.0
2054,full,DUMAGAT CASIGURAN,putat,p u t a t,1 7 1 7 1,AXBYN,PYTAT,26.0,26.P.C 26.Y.V 26.T.C 26.A.V 26.T.c,2.0 1.5 1.75 1.3 0.8,putat,0.0,1527.0
2146,full,DUPANINGAN AGTA,mabijag,m a b i j a g,4 7 1 7 6 7 1,AXBYBYN,MAPIJAK,27.0,27.M.C 27.A.V 27.P.C 27.I.V 27.J.C 27.A.V 27.K.c,2.0 1.5 1.75 1.3 1.75 1.3 0.8,mabijag,0.0,1538.0
2238,full,ENGLISH,ful,f u l,3 7 5,AXN,BYL,28.0,28.B.C 28.Y.V 28.L.c,2.0 1.5 0.8,ful,0.0,1539.0
2422,full,ESTONIAN,tais,t a i s,1 7 7 3,AXYN,TAIS,30.0,30.T.C 30.A.V 30.I.V 30.S.c,2.0 1.5 1.3 0.8,tais,0.0,1540.0
2514,full,FINNISH,tEjsi,t js i,1 6 7,ACX,TJI,32.0,32.T.C 32.J.C 32.I.V,2.0 1.5 1.5,tjsi,0.0,1541.0
2606,full,FUZHOU CHINESE,muaŋ,m u a ŋ,4 7 7 4,AXYN,MYAN,33.0,33.M.C 33.Y.V 33.A.V 33.N.c,2.0 1.5 1.3 0.8,muaŋ,0.0,1542.0
2698,full,GADDANG,napənnwen,n a p ə nn w e n,4 7 1 7 4 6 7 4,AXBYBCYN,NAPENWEN,34.0,34.N.C 34.A.V 34.P.C 34.E.V 34.N.C 34.W.C 34.E.V 34.N.c,2.0 1.5 1.75 1.3 1.75 1.5 1.3 0.8,napənnwen,0.0,1549.0
2882,full,HIGAONON BINUKID,napunuʔ,n a p u n u ʔ,4 7 1 7 4 7 1,AXBYBYN,NAPYNYH,36.0,36.N.C 36.A.V 36.P.C 36.Y.V 36.N.C 36.Y.V 36.H.c,2.0 1.5 1.75 1.3 1.75 1.3 0.8,napunuʔ,0.0,1549.0
2974,full,HUNGARIAN,tele,t e l e,1 7 5 7,AXBZ,TELE,38.0,38.T.C 38.E.V 38.L.C 38.E.V,2.0 1.5 1.75 0.8,tele,0.0,1545.0
3250,full,IFUGAO AMGANAD,napnu,n a p n u,4 7 1 4 7,AXBCZ,NAPNY,41.0,41.N.C 41.A.V 41.P.C 41.N.C 41.Y.V,2.0 1.5 1.75 1.5 0.8,napnu,0.0,1549.0
3342,full,IFUGAO BATAD,napnu,n a p n u,4 7 1 4 7,AXBCZ,NAPNY,42.0,42.N.C 42.A.V 42.P.C 42.N.C 42.Y.V,2.0 1.5 1.75 1.5 0.8,napnu,0.0,1549.0
3434,full,IFUGAO BAYNINAN,napnu,n a p n u,4 7 1 4 7,AXBCZ,NAPNY,43.0,43.N.C 43.A.V 43.P.C 43.N.C 43.Y.V,2.0 1.5 1.75 1.5 0.8,napnu,0.0,1549.0
3618,full,ILONGOT KAKIDUGEN,pənu,p ə n u,1 7 4 7,AXBZ,PENY,45.0,45.P.C 45.E.V 45.N.C 45.Y.V,2.0 1.5 1.75 0.8,pənu,0.0,1549.0
3710,full,INIBALOI,napno,n a p n o,4 7 1 4 7,AXBCZ,NAPNU,48.0,48.N.C 48.A.V 48.P.C 48.N.C 48.U.V,2.0 1.5 1.75 1.5 0.8,napno,0.0,1549.0
3894,full,IRIGA,punuʔ,p u n u ʔ,1 7 4 7 1,AXBYN,PYNYH,50.0,50.P.C 50.Y.V 50.N.C 50.Y.V 50.H.c,2.0 1.5 1.75 1.3 0.8,punuʔ,0.0,1549.0
3986,full,ISNAG,napnu,n a p n u,4 7 1 4 7,AXBCZ,NAPNY,51.0,51.N.C 51.A.V 51.P.C 51.N.C 51.Y.V,2.0 1.5 1.75 1.5 0.8,napnu,0.0,1549.0
4170,full,ITNEG BINONGAN,napno,n a p n o,4 7 1 4 7,AXBCZ,NAPNU,53.0,53.N.C 53.A.V 53.P.C 53.N.C 53.U.V,2.0 1.5 1.75 1.5 0.8,napno,0.0,1549.0
4262,full,JAPANESE,miCita,m i i t a,4 7 7 1 7,AXYBZ,MIITA,54.0,54.M.C 54.I.V 54.I.V 54.T.C 54.A.V,2.0 1.5 1.3 1.75 0.8,miita,0.0,1542.0
4354,full,KADAZAN,noponu,n o p o n u,4 7 1 7 4 7,AXBYBZ,NUPUNY,55.0,55.N.C 55.U.V 55.P.C 55.U.V 55.N.C 55.Y.V,2.0 1.5 1.75 1.3 1.75 0.8,noponu,0.0,1549.0
4446,full,KAGAYANEN,panu,p a n u,1 7 4 7,AXBZ,PANY,56.0,56.P.C 56.A.V 56.N.C 56.Y.V,2.0 1.5 1.75 0.8,panu,0.0,1549.0
4538,full,KALAGAN,njatmoʔ,n j a t m o ʔ,4 6 7 1 4 7 1,ACXBCYN,NJATMUH,57.0,57.N.C 57.J.C 57.A.V 57.T.C 57.M.C 57.U.V 57.H.c,2.0 1.5 1.5 1.75 1.5 1.3 0.8,njatmoʔ,0.0,1557.0
4630,full,KALINGA GUINAANG,napnu,n a p n u,4 7 1 4 7,AXBCZ,NAPNY,59.0,59.N.C 59.A.V 59.P.C 59.N.C 59.Y.V,2.0 1.5 1.75 1.5 0.8,napnu,0.0,1549.0
4722,full,KALINGA LIMOS,napnu,n a p n u,4 7 1 4 7,AXBCZ,NAPNY,60.0,60.N.C 60.A.V 60.P.C 60.N.C 60.Y.V,2.0 1.5 1.75 1.5 0.8,napnu,0.0,1549.0
4814,full,KALLAHAN KAYAPA PROPER,napnu,n a p n u,4 7 1 4 7,AXBCZ,NAPNY,61.0,61.N.C 61.A.V 61.P.C 61.N.C 61.Y.V,2.0 1.5 1.75 1.5 0.8,napnu,0.0,1549.0
4906,full,KANKANAY NORTHERN,napno,n a p n o,4 7 1 4 7,AXBCZ,NAPNU,63.0,63.N.C 63.A.V 63.P.C 63.N.C 63.U.V,2.0 1.5 1.75 1.5 0.8,napno,0.0,1549.0
5182,full,KOREAN,Can,a n,7 4,XN,AN,66.0,66.A.V 66.N.c,1.5 0.8,an,1.0,1563.0
5274,full,LEGAZPI,panuʔ,p a n u ʔ,1 7 4 7 1,AXBYN,PANYH,67.0,67.P.C 67.A.V 67.N.C 67.Y.V 67.H.c,2.0 1.5 1.75 1.3 0.8,panuʔ,0.0,1549.0
5366,full,LIBON,punuʔ,p u n u ʔ,1 7 4 7 1,AXBYN,PYNYH,68.0,68.P.C 68.Y.V 68.N.C 68.Y.V 68.H.c,2.0 1.5 1.75 1.3 0.8,punuʔ,0.0,1549.0
5458,full,LIVE,tEuc,t u c,1 7 1,AXN,TYC,69.0,69.T.C 69.Y.V 69.C.c,2.0 1.5 0.8,tuc,0.0,1540.0
5550,full,MAMANWA,katmoʔ,k a t m o ʔ,1 7 1 4 7 1,AXBCYN,KATMUH,70.0,70.K.C 70.A.V 70.T.C 70.M.C 70.U.V 70.H.c,2.0 1.5 1.75 1.5 1.3 0.8,katmoʔ,0.0,1557.0
5642,full,MANIDE,bagtok,b a g t o k,1 7 1 1 7 1,AXMBYN,PAKTUK,73.0,73.P.C 73.A.V 73.K.c 73.T.C 73.U.V 73.K.c,2.0 1.5 1.1 1.75 1.3 0.8,bagtok,0.0,1528.0
5734,full,MANOBO ATA,kaponuʔ,k a p o n u ʔ,1 7 1 7 4 7 1,AXBYBYN,KAPUNYH,74.0,74.K.C 74.A.V 74.P.C 74.U.V 74.N.C 74.Y.V 74.H.c,2.0 1.5 1.75 1.3 1.75 1.3 0.8,kaponuʔ,0.0,1549.0
5826,full,MANOBO DIBABAWON,napənuʔ,n a p ə n u ʔ,4 7 1 7 4 7 1,AXBYBYN,NAPENYH,75.0,75.N.C 75.A.V 75.P.C 75.E.V 75.N.C 75.Y.V 75.H.c,2.0 1.5 1.75 1.3 1.75 1.3 0.8,napənuʔ,0.0,1549.0
5918,full,MANOBO ILIANEN,nəpənuʔ,n ə p ə n u ʔ,4 7 1 7 4 7 1,AXBYBYN,NEPENYH,76.0,76.N.C 76.E.V 76.P.C 76.E.V 76.N.C 76.Y.V 76.H.c,2.0 1.5 1.75 1.3 1.75 1.3 0.8,nəpənuʔ,0.0,1549.0
6010,full,MANOBO KALAMANSIG COTABATO,nəpənuʔ,n ə p ə n u ʔ,4 7 1 7 4 7 1,AXBYBYN,NEPENYH,77.0,77.N.C 77.E.V 77.P.C 77.E.V 77.N.C 77.Y.V 77.H.c,2.0 1.5 1.75 1.3 1.75 1.3 0.8,nəpənuʔ,0.0,1549.0
6102,full,MANOBO SARANGANI,ponoʔ,p o n o ʔ,1 7 4 7 1,AXBYN,PUNUH,78.0,78.P.C 78.U.V 78.N.C 78.U.V 78.H.c,2.0 1.5 1.75 1.3 0.8,ponoʔ,0.0,1549.0
6194,full,MANOBO TIGWA,napənuʔ,n a p ə n u ʔ,4 7 1 7 4 7 1,AXBYBYN,NAPENYH,79.0,79.N.C 79.A.V 79.P.C 79.E.V 79.N.C 79.Y.V 79.H.c,2.0 1.5 1.75 1.3 1.75 1.3 0.8,napənuʔ,0.0,1549.0
6286,full,MANOBO WESTERN BUKIDNON,pənuʔ,p ə n u ʔ,1 7 4 7 1,AXBYN,PENYH,80.0,80.P.C 80.E.V 80.N.C 80.Y.V 80.H.c,2.0 1.5 1.75 1.3 0.8,pənuʔ,0.0,1549.0
6378,full,MANSAKA,itmuʔ,i t m u ʔ,7 1 4 7 1,XBCYN,ITMYH,81.0,81.I.V 81.T.C 81.M.C 81.Y.V 81.H.c,1.5 1.75 1.5 1.3 0.8,itmuʔ,0.0,1557.0
6838,full,MOKSHA,paSksje,p a ks j e,1 7 1 6 7,AXBCZ,PAKJE,86.0,86.P.C 86.A.V 86.K.C 86.J.C 86.E.V,2.0 1.5 1.75 1.5 0.8,paksje,0.0,1528.0
6930,full,MOLBOG,ponuʔ,p o n u ʔ,1 7 4 7 1,AXBYN,PUNYH,87.0,87.P.C 87.U.V 87.N.C 87.Y.V 87.H.c,2.0 1.5 1.75 1.3 0.8,ponuʔ,0.0,1549.0
7022,full,MONGOLIAN,puthiŋ,p u th i ŋ,1 7 1 7 4,AXBYN,PYTIN,88.0,88.P.C 88.Y.V 88.T.C 88.I.V 88.N.c,2.0 1.5 1.75 1.3 0.8,puthiŋ,0.0,1527.0
7114,full,MORO MAGINDANAU,napunu,n a p u n u,4 7 1 7 4 7,AXBYBZ,NAPYNY,89.0,89.N.C 89.A.V 89.P.C 89.Y.V 89.N.C 89.Y.V,2.0 1.5 1.75 1.3 1.75 0.8,napunu,0.0,1549.0
7206,full,NORTHERN CATANDUANES,buta,b u t a,1 7 1 7,AXBZ,PYTA,90.0,90.P.C 90.Y.V 90.T.C 90.A.V,2.0 1.5 1.75 0.8,buta,0.0,1527.0
7298,full,NORTHERN SORSOGON,punuʔ,p u n u ʔ,1 7 4 7 1,AXBYN,PYNYH,91.0,91.P.C 91.Y.V 91.N.C 91.Y.V 91.H.c,2.0 1.5 1.75 1.3 0.8,punuʔ,0.0,1549.0
7390,full,OAS,punuʔ,p u n u ʔ,1 7 4 7 1,AXBYN,PYNYH,92.0,92.P.C 92.Y.V 92.N.C 92.Y.V 92.H.c,2.0 1.5 1.75 1.3 0.8,punuʔ,0.0,1549.0
7942,full,ROMBLOMANON 2,punuʔ,p u n u ʔ,1 7 4 7 1,AXBYN,PYNYH,98.0,98.P.C 98.Y.V 98.N.C 98.Y.V 98.H.c,2.0 1.5 1.75 1.3 0.8,punuʔ,0.0,1549.0
8034,full,SAMAL,apənnoʔ,a p ə nn o ʔ,7 1 7 4 7 1,XBYBYN,APENUH,99.0,99.A.V 99.P.C 99.E.V 99.N.C 99.U.V 99.H.c,1.5 1.75 1.3 1.75 1.3 0.8,apənnoʔ,0.0,1549.0
8126,full,SAMBAL BOTOLAN,napnoʔ,n a p n o ʔ,4 7 1 4 7 1,AXBCYN,NAPNUH,100.0,100.N.C 100.A.V 100.P.C 100.N.C 100.U.V 100.H.c,2.0 1.5 1.75 1.5 1.3 0.8,napnoʔ,0.0,1549.0
8218,full,SANGIL SARANGANI ISLANDS,mapeneʔ,m a p e n e ʔ,4 7 1 7 4 7 1,AXBYBYN,MAPENEH,101.0,101.M.C 101.A.V 101.P.C 101.E.V 101.N.C 101.E.V 101.H.c,2.0 1.5 1.75 1.3 1.75 1.3 0.8,mapeneʔ,0.0,1549.0
8310,full,SEDANG,peŋ,p e ŋ,1 7 4,AXN,PEN,102.0,102.P.C 102.E.V 102.N.c,2.0 1.5 0.8,peŋ,0.0,1563.0
8586,full,SOUTH SAAMI,dəevəs,d ə e v ə s,1 7 7 3 7 3,AXYBYN,TEEBES,106.0,106.T.C 106.E.V 106.E.V 106.B.C 106.E.V 106.S.c,2.0 1.5 1.3 1.75 1.3 0.8,dəevəs,0.0,1540.0
8678,full,SOUTHERN CATANDUANES,panuʔ,p a n u ʔ,1 7 4 7 1,AXBYN,PANYH,107.0,107.P.C 107.A.V 107.N.C 107.Y.V 107.H.c,2.0 1.5 1.75 1.3 0.8,panuʔ,0.0,1549.0
8770,full,SOUTHERN SORSOGON,punuʔ,p u n u ʔ,1 7 4 7 1,AXBYN,PYNYH,109.0,109.P.C 109.Y.V 109.N.C 109.Y.V 109.H.c,2.0 1.5 1.75 1.3 0.8,punuʔ,0.0,1549.0
8954,full,SPANISH,jeno,j e n o,6 7 4 7,AXBZ,JENU,111.0,111.J.C 111.E.V 111.N.C 111.U.V,2.0 1.5 1.75 0.8,jeno,0.0,1594.0
9046,full,SUBANON SIOCON,omponuʔ,o m p o n u ʔ,7 4 1 7 4 7 1,XMBYBYN,UMPUNYH,112.0,112.U.V 112.M.c 112.P.C 112.U.V 112.N.C 112.Y.V 112.H.c,1.5 1.1 1.75 1.3 1.75 1.3 0.8,omponuʔ,0.0,1549.0
9138,full,SUBANUN SINDANGAN,mpənuʔ,m p ə n u ʔ,4 1 7 4 7 1,ACYBYN,MPENYH,113.0,113.M.C 113.P.C 113.E.V 113.N.C 113.Y.V 113.H.c,2.0 1.5 1.3 1.75 1.3 0.8,mpənuʔ,0.0,1549.0
9322,full,TAGABAWA,panu,p a n u,1 7 4 7,AXBZ,PANY,115.0,115.P.C 115.A.V 115.N.C 115.Y.V,2.0 1.5 1.75 0.8,panu,0.0,1549.0
9414,full,TAGABILI,hnok,h n o k,3 4 7 1,ACXN,HNUK,116.0,116.H.C 116.N.C 116.U.V 116.K.c,2.0 1.5 1.5 0.8,hnok,0.0,1598.0
9506,full,TAGALOG,puno,p u n o,1 7 4 7,AXBZ,PYNU,117.0,117.P.C 117.Y.V 117.N.C 117.U.V,2.0 1.5 1.75 0.8,puno,0.0,1549.0
9598,full,TAGBANWA ABORLAN,punu,p u n u,1 7 4 7,AXBZ,PYNY,118.0,118.P.C 118.Y.V 118.N.C 118.Y.V,2.0 1.5 1.75 0.8,punu,0.0,1549.0
9690,full,TAGBANWA KALAMIAN,punuk,p u n u k,1 7 4 7 1,AXBYN,PYNYK,119.0,119.P.C 119.Y.V 119.N.C 119.Y.V 119.K.c,2.0 1.5 1.75 1.3 0.8,punuk,0.0,1549.0
9782,full,TAUSUG,hipuʔ,h i p u ʔ,3 7 1 7 1,AXBYN,HIPYH,120.0,120.H.C 120.I.V 120.P.C 120.Y.V 120.H.c,2.0 1.5 1.75 1.3 0.8,hipuʔ,0.0,1602.0
9966,full,TIRURAY,besor,b e s o r,1 7 3 7 5,AXBYN,PESUR,122.0,122.P.C 122.E.V 122.S.C 122.U.V 122.R.c,2.0 1.5 1.75 1.3 0.8,besor,0.0,1603.0
10058,full,TURKISH,dolugun,d o l u g u n,1 7 5 7 1 7 4,AXBYBYN,TULYKYN,123.0,123.T.C 123.U.V 123.L.C 123.Y.V 123.K.C 123.Y.V 123.N.c,2.0 1.5 1.75 1.3 1.75 1.3 0.8,dolugun,0.0,1545.0
10242,full,UMIRAY DUMAGET AGTA,pino,p i n o,1 7 4 7,AXBZ,PINU,125.0,125.P.C 125.I.V 125.N.C 125.U.V,2.0 1.5 1.75 0.8,pino,0.0,1549.0
10518,full,YOGAD,pannu,p a nn u,1 7 4 7,AXBZ,PANY,128.0,128.P.C 128.A.V 128.N.C 128.Y.V,2.0 1.5 1.75 0.8,pannu,0.0,1549.0
10610,full,ZAMBOANGUENO,lje*o,l j e o,5 6 7 7,ACXZ,LJEU,129.0,129.L.C 129.J.C 129.E.V 129.U.V,2.0 1.5 1.5 0.8,ljeo,0.0,1607.0
11346,full,KALAGAN KAAGAN,bijag,b i j a g,1 7 6 7 1,AXBYN,PIJAK,58.0,58.P.C 58.I.V 58.J.C 58.A.V 58.K.c,2.0 1.5 1.75 1.3 0.8,bijag,0.0,1538.0
11530,full,MANDAYAN BOSO,jamabijag,j a m a b i j a g,6 7 4 7 1 7 6 7 1,AXBYBYBYN,JAMAPIJAK,71.0,71.J.C 71.A.V 71.M.C 71.A.V 71.P.C 71.I.V 71.J.C 71.A.V 71.K.c,2.0 1.5 1.75 1.3 1.75 1.3 1.75 1.3 0.8,jamabijag,0.0,1538.0
11622,full,MANDAYAN ISLAM PISO,bijag,b i j a g,1 7 6 7 1,AXBYN,PIJAK,72.0,72.P.C 72.I.V 72.J.C 72.A.V 72.K.c,2.0 1.5 1.75 1.3 0.8,bijag,0.0,1538.0
767,good,BASQUE,on,o n,7 4,XN,UN,10.0,10.U.V 10.N.c,1.5 0.8,on,0.0,1608.0
1411,good,BUKIDNON BINUKID,maajad,m aa j a d,4 7 6 7 1,AXBYN,MAJAT,18.0,18.M.C 18.A.V 18.J.C 18.A.V 18.T.c,2.0 1.5 1.75 1.3 0.8,maajad,0.0,1609.0
2239,good,ENGLISH,gud,g u d,1 7 1,AXN,KYT,28.0,28.K.C 28.Y.V 28.T.c,2.0 1.5 0.8,gud,0.0,1610.0
2423,good,ESTONIAN,hea,h e a,3 7 7,AXZ,HEA,30.0,30.H.C 30.E.V 30.A.V,2.0 1.5 0.8,hea,0.0,1611.0
2515,good,FINNISH,hjvE,h j v,3 6 3,AXN,HJB,32.0,32.H.C 32.J.V 32.B.c,2.0 1.5 0.8,hjv,0.0,1612.0
2791,good,HANUNOO,majad,m a j a d,4 7 6 7 1,AXBYN,MAJAT,35.0,35.M.C 35.A.V 35.J.C 35.A.V 35.T.c,2.0 1.5 1.75 1.3 0.8,majad,0.0,1609.0
2883,good,HIGAONON BINUKID,maajad,m aa j a d,4 7 6 7 1,AXBYN,MAJAT,36.0,36.M.C 36.A.V 36.J.C 36.A.V 36.T.c,2.0 1.5 1.75 1.3 0.8,maajad,0.0,1609.0
2975,good,HUNGARIAN,dʒo,dʒ o,1 7,AX,TU,38.0,38.T.C 38.U.V,2.0 1.5,dʒo,0.0,1615.0
4263,good,JAPANESE,joi,j o i,6 7 7,AXZ,JUI,54.0,54.J.C 54.U.V 54.I.V,2.0 1.5 0.8,joi,0.0,1617.0
4999,good,KAPAMPANGAN,makajap,m a k a j a p,4 7 1 7 6 7 1,AXBYBYN,MAKAJAP,64.0,64.M.C 64.A.V 64.K.C 64.A.V 64.J.C 64.A.V 64.P.c,2.0 1.5 1.75 1.3 1.75 1.3 0.8,makajap,0.0,1618.0
5183,good,KOREAN,Cohun,o h u n,7 3 7 4,XBYN,UHYN,66.0,66.U.V 66.H.C 66.Y.V 66.N.c,1.5 1.75 1.3 0.8,ohun,0.0,1608.0
6839,good,MOKSHA,para,p a r a,1 7 5 7,AXBZ,PARA,86.0,86.P.C 86.A.V 86.R.C 86.A.V,2.0 1.5 1.75 0.8,para,0.0,1620.0
8311,good,SEDANG,lem,l e m,5 7 4,AXN,LEM,102.0,102.L.C 102.E.V 102.M.c,2.0 1.5 0.8,lem,0.0,1621.0
8955,good,SPANISH,bweno,bw e n o,1 7 4 7,AXBZ,PENU,111.0,111.P.C 111.E.V 111.N.C 111.U.V,2.0 1.5 1.75 0.8,bweno,0.0,1620.0
9507,good,TAGALOG,mabuti,m a b u t i,4 7 1 7 1 7,AXBYBZ,MAPYTI,117.0,117.M.C 117.A.V 117.P.C 117.Y.V 117.T.C 117.I.V,2.0 1.5 1.75 1.3 1.75 0.8,mabuti,0.0,1609.0
10059,good,TURKISH,iji,i j i,7 6 7,XBZ,IJI,123.0,123.I.V 123.J.C 123.I.V,1.5 1.75 0.8,iji,0.0,1617.0
10703,good,IMOROD,ja pia,j a # p i a,6 7 9 1 7 7,AX_AXZ,JA_PIA,46.0,46.J.C 46.A.V 46._._ 46.P.C 46.I.V 46.A.V,2.0 1.5 0.0 2.0 1.5 0.8,ja#pia,0.0,1616.0
768,grease,BASQUE,gancu,g a n c u,1 7 4 1 7,AXMBZ,KANCY,10.0,10.K.C 10.A.V 10.N.c 10.C.C 10.Y.V,2.0 1.5 1.1 1.75 0.8,gancu,0.0,1622.0
1412,grease,BUKIDNON BINUKID,grasa,g r a s a,1 5 7 3 7,ACXBZ,KRASA,18.0,18.K.C 18.R.C 18.A.V 18.S.C 18.A.V,2.0 1.5 1.5 1.75 0.8,grasa,0.0,1623.0
2240,grease,ENGLISH,gris,g r i s,1 5 7 3,ACXN,KRIS,28.0,28.K.C 28.R.C 28.I.V 28.S.c,2.0 1.5 1.5 0.8,gris,0.0,1623.0
2424,grease,ESTONIAN,rasv,r a s v,5 7 3 3,AXLN,RASB,30.0,30.R.C 30.A.V 30.S.c 30.B.c,2.0 1.5 1.1 0.8,rasv,0.0,1623.0
2516,grease,FINNISH,rasva,r a s v a,5 7 3 3 7,AXMBZ,RASBA,32.0,32.R.C 32.A.V 32.S.c 32.B.C 32.A.V,2.0 1.5 1.1 1.75 0.8,rasva,0.0,1623.0
2792,grease,HANUNOO,tabaʔ,t a b a ʔ,1 7 1 7 1,AXBYN,TAPAH,35.0,35.T.C 35.A.V 35.P.C 35.A.V 35.H.c,2.0 1.5 1.75 1.3 0.8,tabaʔ,0.0,1627.0
2884,grease,HIGAONON BINUKID,grasa,g r a s a,1 5 7 3 7,ACXBZ,KRASA,36.0,36.K.C 36.R.C 36.A.V 36.S.C 36.A.V,2.0 1.5 1.5 1.75 0.8,grasa,0.0,1623.0
2976,grease,HUNGARIAN,Zir,i r,7 5,XN,IR,38.0,38.I.V 38.R.c,1.5 0.8,ir,0.0,1629.0
4264,grease,JAPANESE,dʒuSi,dʒ u i,1 7 7,AXZ,TYI,54.0,54.T.C 54.Y.V 54.I.V,2.0 1.5 0.8,dʒui,0.0,1631.0
5000,grease,KAPAMPANGAN,tabaʔ,t a b a ʔ,1 7 1 7 1,AXBYN,TAPAH,64.0,64.T.C 64.A.V 64.P.C 64.A.V 64.H.c,2.0 1.5 1.75 1.3 0.8,tabaʔ,0.0,1627.0
5184,grease,KOREAN,kirum,k i r u m,1 7 5 7 4,AXBYN,KIRYM,66.0,66.K.C 66.I.V 66.R.C 66.Y.V 66.M.c,2.0 1.5 1.75 1.3 0.8,kirum,0.0,1633.0
6840,grease,MOKSHA,kuja,k u j a,1 7 6 7,AXBZ,KYJA,86.0,86.K.C 86.Y.V 86.J.C 86.A.V,2.0 1.5 1.75 0.8,kuja,0.0,1634.0
8956,grease,SPANISH,grasa,g r a s a,1 5 7 3 7,ACXBZ,KRASA,111.0,111.K.C 111.R.C 111.A.V 111.S.C 111.A.V,2.0 1.5 1.5 1.75 0.8,grasa,0.0,1623.0
9508,grease,TAGALOG,taba,t a b a,1 7 1 7,AXBZ,TAPA,117.0,117.T.C 117.A.V 117.P.C 117.A.V,2.0 1.5 1.75 0.8,taba,0.0,1627.0
10060,grease,TURKISH,ja,j a,6 7,AX,JA,123.0,123.J.C 123.A.V,2.0 1.5,ja,0.0,1634.0
10704,grease,IMOROD,avo,a v o,7 3 7,XBZ,ABU,46.0,46.A.V 46.B.C 46.U.V,1.5 1.75 0.8,avo,1.0,1630.0
769,green,BASQUE,orlegi,o r l e g i,7 5 5 7 1 7,XMBYBZ,URLEKI,10.0,10.U.V 10.R.c 10.L.C 10.E.V 10.K.C 10.I.V,1.5 1.1 1.75 1.3 1.75 0.8,orlegi,0.0,1635.0
1413,green,BUKIDNON BINUKID,mahilaw,m a h i l a w,4 7 3 7 5 7 6,AXBYBYN,MAHILAW,18.0,18.M.C 18.A.V 18.H.C 18.I.V 18.L.C 18.A.V 18.W.c,2.0 1.5 1.75 1.3 1.75 1.3 0.8,mahilaw,0.0,1636.0
2241,green,ENGLISH,grin,g r i n,1 5 7 4,ACXN,KRIN,28.0,28.K.C 28.R.C 28.I.V 28.N.c,2.0 1.5 1.5 0.8,grin,0.0,1637.0
2425,green,ESTONIAN,roheline,r o h e l i n e,5 7 3 7 5 7 4 7,AXBYBYBZ,RUHELINE,30.0,30.R.C 30.U.V 30.H.C 30.E.V 30.L.C 30.I.V 30.N.C 30.E.V,2.0 1.5 1.75 1.3 1.75 1.3 1.75 0.8,roheline,0.0,1636.0
2517,green,FINNISH,vihreE,v i h r e,3 7 3 5 7,AXBCZ,BIHRE,32.0,32.B.C 32.I.V 32.H.C 32.R.C 32.E.V,2.0 1.5 1.75 1.5 0.8,vihre,0.0,1639.0
2793,green,HANUNOO,latuj,l a t u j,5 7 1 7 6,AXBYN,LATYJ,35.0,35.L.C 35.A.V 35.T.C 35.Y.V 35.J.c,2.0 1.5 1.75 1.3 0.8,latuj,0.0,1640.0
2885,green,HIGAONON BINUKID,mahilaw,m a h i l a w,4 7 3 7 5 7 6,AXBYBYN,MAHILAW,36.0,36.M.C 36.A.V 36.H.C 36.I.V 36.L.C 36.A.V 36.W.c,2.0 1.5 1.75 1.3 1.75 1.3 0.8,mahilaw,0.0,1636.0
2977,green,HUNGARIAN,zild,z i l d,3 7 5 1,AXLN,SILT,38.0,38.S.C 38.I.V 38.L.c 38.T.c,2.0 1.5 1.1 0.8,zild,0.0,1642.0
4265,green,JAPANESE,midori,m i d o r i,4 7 1 7 5 7,AXBYBZ,MITURI,54.0,54.M.C 54.I.V 54.T.C 54.U.V 54.R.C 54.I.V,2.0 1.5 1.75 1.3 1.75 0.8,midori,0.0,1644.0
5001,green,KAPAMPANGAN,berde,b e r d e,1 7 5 1 7,AXMBZ,PERTE,64.0,64.P.C 64.E.V 64.R.c 64.T.C 64.E.V,2.0 1.5 1.1 1.75 0.8,berde,0.0,1645.0
5185,green,KOREAN,Corok sEk,o r o k # s k,7 5 7 1 9 3 1,XBYN_AN,URUK_SK,66.0,66.U.V 66.R.C 66.U.V 66.K.c 66._._ 66.S.C 66.K.c,1.5 1.75 1.3 0.8 0.0 2.0 0.8,orok#sk,0.0,1646.0
6841,green,MOKSHA,piZe,p i e,1 7 7,AXZ,PIE,86.0,86.P.C 86.I.V 86.E.V,2.0 1.5 0.8,pie,1.0,1647.0
8313,green,SEDANG,dʒeh,dʒ e h,1 7 3,AXN,TEH,102.0,102.T.C 102.E.V 102.H.c,2.0 1.5 0.8,dʒeh,0.0,1648.0
8957,green,SPANISH,verde,v e r d e,3 7 5 1 7,AXMBZ,BERTE,111.0,111.B.C 111.E.V 111.R.c 111.T.C 111.E.V,2.0 1.5 1.1 1.75 0.8,verde,0.0,1645.0
9509,green,TAGALOG,berde,b e r d e,1 7 5 1 7,AXMBZ,PERTE,117.0,117.P.C 117.E.V 117.R.c 117.T.C 117.E.V,2.0 1.5 1.1 1.75 0.8,berde,0.0,1645.0
10061,green,TURKISH,jeSil,j e i l,6 7 7 5,AXYN,JEIL,123.0,123.J.C 123.E.V 123.I.V 123.L.c,2.0 1.5 1.3 0.8,jeil,0.0,1651.0
10705,green,IMOROD,garaw,g a r a w,1 7 5 7 6,AXBYN,KARAW,46.0,46.K.C 46.A.V 46.R.C 46.A.V 46.W.c,2.0 1.5 1.75 1.3 0.8,garaw,0.0,1643.0
770,hair,BASQUE,ile,i l e,7 5 7,XBZ,ILE,10.0,10.I.V 10.L.C 10.E.V,1.5 1.75 0.8,ile,0.0,1652.0
1414,hair,BUKIDNON BINUKID,buhok,b u h o k,1 7 3 7 1,AXBYN,PYHUK,18.0,18.P.C 18.Y.V 18.H.C 18.U.V 18.K.c,2.0 1.5 1.75 1.3 0.8,buhok,0.0,1660.0
2242,hair,ENGLISH,hEr,h r,3 5,AC,HR,28.0,28.H.C 28.R.C,2.0 1.5,hr,0.0,1654.0
2426,hair,ESTONIAN,dʒuksed,dʒ u ks e d,1 7 1 7 1,AXBYN,TYKET,30.0,30.T.C 30.Y.V 30.K.C 30.E.V 30.T.c,2.0 1.5 1.75 1.3 0.8,dʒuksed,0.0,1655.0
2518,hair,FINNISH,tukka,t u kk a,1 7 1 7,AXBZ,TYKA,32.0,32.T.C 32.Y.V 32.K.C 32.A.V,2.0 1.5 1.75 0.8,tukka,0.0,1655.0
2794,hair,HANUNOO,bukuk,b u k u k,1 7 1 7 1,AXBYN,PYKYK,35.0,35.P.C 35.Y.V 35.K.C 35.Y.V 35.K.c,2.0 1.5 1.75 1.3 0.8,bukuk,0.0,1660.0
2886,hair,HIGAONON BINUKID,buhok,b u h o k,1 7 3 7 1,AXBYN,PYHUK,36.0,36.P.C 36.Y.V 36.H.C 36.U.V 36.K.c,2.0 1.5 1.75 1.3 0.8,buhok,0.0,1660.0
2978,hair,HUNGARIAN,hadʒ,h a dʒ,3 7 1,AXN,HAT,38.0,38.H.C 38.A.V 38.T.c,2.0 1.5 0.8,hadʒ,0.0,1659.0
4266,hair,JAPANESE,ke,k e,1 7,AX,KE,54.0,54.K.C 54.E.V,2.0 1.5,ke,0.0,1661.0
5002,hair,KAPAMPANGAN,bwak,bw a k,1 7 1,AXN,PAK,64.0,64.P.C 64.A.V 64.K.c,2.0 1.5 0.8,bwak,0.0,1660.0
5186,hair,KOREAN,moritol,m o r i t o l,4 7 5 7 1 7 5,AXBYBYN,MURITUL,66.0,66.M.C 66.U.V 66.R.C 66.I.V 66.T.C 66.U.V 66.L.c,2.0 1.5 1.75 1.3 1.75 1.3 0.8,moritol,0.0,1663.0
6842,hair,MOKSHA,Sajarj,a j a r j,7 6 7 5 6,XBYBC,AJARJ,86.0,86.A.V 86.J.C 86.A.V 86.R.C 86.J.C,1.5 1.75 1.3 1.75 1.5,ajarj,0.0,1664.0
8314,hair,SEDANG,Sak,a k,7 1,XN,AK,102.0,102.A.V 102.K.c,1.5 0.8,ak,0.0,1660.0
8958,hair,SPANISH,pelo,p e l o,1 7 5 7,AXBZ,PELU,111.0,111.P.C 111.E.V 111.L.C 111.U.V,2.0 1.5 1.75 0.8,pelo,0.0,1652.0
9510,hair,TAGALOG,buhok,b u h o k,1 7 3 7 1,AXBYN,PYHUK,117.0,117.P.C 117.Y.V 117.H.C 117.U.V 117.K.c,2.0 1.5 1.75 1.3 0.8,buhok,0.0,1660.0
10062,hair,TURKISH,saC,s a,3 7,AX,SA,123.0,123.S.C 123.A.V,2.0 1.5,sa,0.0,1659.0
10706,hair,IMOROD,ovok,o v o k,7 3 7 1,XBYN,UBUK,46.0,46.U.V 46.B.C 46.U.V 46.K.c,1.5 1.75 1.3 0.8,ovok,0.0,1660.0
35,hand,AGTA,komot,k o m o t,1 7 4 7 1,AXBYN,KUMUT,1.0,1.K.C 1.U.V 1.M.C 1.U.V 1.T.c,2.0 1.5 1.75 1.3 0.8,komot,0.0,1672.0
127,hand,AKLANON,alimah,a l i m a h,7 5 7 4 7 3,XBYBYN,ALIMAH,2.0,2.A.V 2.L.C 2.I.V 2.M.C 2.A.V 2.H.c,1.5 1.75 1.3 1.75 1.3 0.8,alimah,0.0,1674.0
311,hand,ATTA PAMPLONA,lima,l i m a,5 7 4 7,AXBZ,LIMA,4.0,4.L.C 4.I.V 4.M.C 4.A.V,2.0 1.5 1.75 0.8,lima,0.0,1674.0
403,hand,BAJAU WEST COAST,taŋan,t a ŋ a n,1 7 4 7 4,AXBYN,TANAN,6.0,6.T.C 6.A.V 6.N.C 6.A.V 6.N.c,2.0 1.5 1.75 1.3 0.8,taŋan,0.0,1669.0
495,hand,BALANGAW,limo,l i m o,5 7 4 7,AXBZ,LIMU,7.0,7.L.C 7.I.V 7.M.C 7.U.V,2.0 1.5 1.75 0.8,limo,0.0,1674.0
587,hand,BALANGINGI SAMA,taŋan,t a ŋ a n,1 7 4 7 4,AXBYN,TANAN,8.0,8.T.C 8.A.V 8.N.C 8.A.V 8.N.c,2.0 1.5 1.75 1.3 0.8,taŋan,0.0,1669.0
679,hand,BANTON BANTOANON,damut,d a m u t,1 7 4 7 1,AXBYN,TAMYT,9.0,9.T.C 9.A.V 9.M.C 9.Y.V 9.T.c,2.0 1.5 1.75 1.3 0.8,damut,0.0,1672.0
771,hand,BASQUE,esku,e s k u,7 3 1 7,XMBZ,ESKY,10.0,10.E.V 10.S.c 10.K.C 10.Y.V,1.5 1.1 1.75 0.8,esku,0.0,1673.0
863,hand,BATAK PALAWAN,alima,a l i m a,7 5 7 4 7,XBYBZ,ALIMA,11.0,11.A.V 11.L.C 11.I.V 11.M.C 11.A.V,1.5 1.75 1.3 1.75 0.8,alima,0.0,1674.0
955,hand,BILAAN KORONADAL,sigal,s i g a l,3 7 1 7 5,AXBYN,SIKAL,12.0,12.S.C 12.I.V 12.K.C 12.A.V 12.L.c,2.0 1.5 1.75 1.3 0.8,sigal,0.0,1675.0
1047,hand,BILAAN SARANGANI,sigal,s i g a l,3 7 1 7 5,AXBYN,SIKAL,13.0,13.S.C 13.I.V 13.K.C 13.A.V 13.L.c,2.0 1.5 1.75 1.3 0.8,sigal,0.0,1675.0
1139,hand,BONGGI,fi,f i,3 7,AX,BI,15.0,15.B.C 15.I.V,2.0 1.5,fi,0.0,1678.0
1231,hand,BONTOC GUINAANG,lima,l i m a,5 7 4 7,AXBZ,LIMA,16.0,16.L.C 16.I.V 16.M.C 16.A.V,2.0 1.5 1.75 0.8,lima,0.0,1674.0
1323,hand,BUHI,kamit,k a m i t,1 7 4 7 1,AXBYN,KAMIT,17.0,17.K.C 17.A.V 17.M.C 17.I.V 17.T.c,2.0 1.5 1.75 1.3 0.8,kamit,0.0,1672.0
1415,hand,BUKIDNON BINUKID,alima,a l i m a,7 5 7 4 7,XBYBZ,ALIMA,18.0,18.A.V 18.L.C 18.I.V 18.M.C 18.A.V,1.5 1.75 1.3 1.75 0.8,alima,0.0,1674.0
1507,hand,BUTUANON,alima,a l i m a,7 5 7 4 7,XBYBZ,ALIMA,19.0,19.A.V 19.L.C 19.I.V 19.M.C 19.A.V,1.5 1.75 1.3 1.75 0.8,alima,0.0,1674.0
1599,hand,CAIJIA,suo,s u o,3 7 7,AXZ,SYU,20.0,20.S.C 20.Y.V 20.U.V,2.0 1.5 0.8,suo,0.0,1683.0
1691,hand,CEBUANO,kamut,k a m u t,1 7 4 7 1,AXBYN,KAMYT,22.0,22.K.C 22.A.V 22.M.C 22.Y.V 22.T.c,2.0 1.5 1.75 1.3 0.8,kamut,0.0,1672.0
1783,hand,CENTRAL TAGBANWA,alima,a l i m a,7 5 7 4 7,XBYBZ,ALIMA,23.0,23.A.V 23.L.C 23.I.V 23.M.C 23.A.V,1.5 1.75 1.3 1.75 0.8,alima,0.0,1674.0
1875,hand,CUYONON,lima,l i m a,5 7 4 7,AXBZ,LIMA,24.0,24.L.C 24.I.V 24.M.C 24.A.V,2.0 1.5 1.75 0.8,lima,0.0,1674.0
1967,hand,DARAGA,kamit,k a m i t,1 7 4 7 1,AXBYN,KAMIT,25.0,25.K.C 25.A.V 25.M.C 25.I.V 25.T.c,2.0 1.5 1.75 1.3 0.8,kamit,0.0,1672.0
2059,hand,DUMAGAT CASIGURAN,kamət,k a m ə t,1 7 4 7 1,AXBYN,KAMET,26.0,26.K.C 26.A.V 26.M.C 26.E.V 26.T.c,2.0 1.5 1.75 1.3 0.8,kamət,0.0,1672.0
2151,hand,DUPANINGAN AGTA,kamat,k a m a t,1 7 4 7 1,AXBYN,KAMAT,27.0,27.K.C 27.A.V 27.M.C 27.A.V 27.T.c,2.0 1.5 1.75 1.3 0.8,kamat,0.0,1672.0
2243,hand,ENGLISH,hEnd,h n d,3 4 1,AXN,HNT,28.0,28.H.C 28.N.V 28.T.c,2.0 1.5 0.8,hnd,0.0,1691.0
2335,hand,ESKAYAN,dapami,d a p a m i,1 7 1 7 4 7,AXBYBZ,TAPAMI,29.0,29.T.C 29.A.V 29.P.C 29.A.V 29.M.C 29.I.V,2.0 1.5 1.75 1.3 1.75 0.8,dapami,0.0,1692.0
2427,hand,ESTONIAN,kasi,k a s i,1 7 3 7,AXBZ,KASI,30.0,30.K.C 30.A.V 30.S.C 30.I.V,2.0 1.5 1.75 0.8,kasi,0.0,1693.0
2519,hand,FINNISH,kEsi,k i,1 7,AX,KI,32.0,32.K.C 32.I.V,2.0 1.5,ki,0.0,1693.0
2611,hand,FUZHOU CHINESE,tʃiu,tʃ i u,1 7 7,AXZ,TIY,33.0,33.T.C 33.I.V 33.Y.V,2.0 1.5 0.8,tʃiu,0.0,1696.0
2703,hand,GADDANG,laŋalaj,l a ŋ a l a j,5 7 4 7 5 7 6,AXBYBYN,LANALAJ,34.0,34.L.C 34.A.V 34.N.C 34.A.V 34.L.C 34.A.V 34.J.c,2.0 1.5 1.75 1.3 1.75 1.3 0.8,laŋalaj,0.0,1697.0
2795,hand,HANUNOO,kamaŋ,k a m a ŋ,1 7 4 7 4,AXBYN,KAMAN,35.0,35.K.C 35.A.V 35.M.C 35.A.V 35.N.c,2.0 1.5 1.75 1.3 0.8,kamaŋ,0.0,1672.0
2887,hand,HIGAONON BINUKID,alima,a l i m a,7 5 7 4 7,XBYBZ,ALIMA,36.0,36.A.V 36.L.C 36.I.V 36.M.C 36.A.V,1.5 1.75 1.3 1.75 0.8,alima,0.0,1674.0
2979,hand,HUNGARIAN,kez,k e z,1 7 3,AXN,KES,38.0,38.K.C 38.E.V 38.S.c,2.0 1.5 0.8,kez,0.0,1693.0
3071,hand,IBANAG,lima,l i m a,5 7 4 7,AXBZ,LIMA,39.0,39.L.C 39.I.V 39.M.C 39.A.V,2.0 1.5 1.75 0.8,lima,0.0,1674.0
3163,hand,IDAAN,opiʔ,o p i ʔ,7 1 7 1,XBYN,UPIH,40.0,40.U.V 40.P.C 40.I.V 40.H.c,1.5 1.75 1.3 0.8,opiʔ,0.0,1703.0
3255,hand,IFUGAO AMGANAD,taʔle,t a ʔ l e,1 7 1 5 7,AXBCZ,TAHLE,41.0,41.T.C 41.A.V 41.H.C 41.L.C 41.E.V,2.0 1.5 1.75 1.5 0.8,taʔle,0.0,1704.0
3347,hand,IFUGAO BATAD,ŋamaj,ŋ a m a j,4 7 4 7 6,AXBYN,NAMAJ,42.0,42.N.C 42.A.V 42.M.C 42.A.V 42.J.c,2.0 1.5 1.75 1.3 0.8,ŋamaj,0.0,1697.0
3439,hand,IFUGAO BAYNINAN,taʔle,t a ʔ l e,1 7 1 5 7,AXBCZ,TAHLE,43.0,43.T.C 43.A.V 43.H.C 43.L.C 43.E.V,2.0 1.5 1.75 1.5 0.8,taʔle,0.0,1704.0
3531,hand,ILOKANO,ima,i m a,7 4 7,XBZ,IMA,44.0,44.I.V 44.M.C 44.A.V,1.5 1.75 0.8,ima,0.0,1674.0
3623,hand,ILONGOT KAKIDUGEN,gima,g i m a,1 7 4 7,AXBZ,KIMA,45.0,45.K.C 45.I.V 45.M.C 45.A.V,2.0 1.5 1.75 0.8,gima,0.0,1672.0
3715,hand,INIBALOI,takdaj,t a k d a j,1 7 1 1 7 6,AXMBYN,TAKTAJ,48.0,48.T.C 48.A.V 48.K.c 48.T.C 48.A.V 48.J.c,2.0 1.5 1.1 1.75 1.3 0.8,takdaj,0.0,1711.0
3807,hand,IRANUN,lima,l i m a,5 7 4 7,AXBZ,LIMA,49.0,49.L.C 49.I.V 49.M.C 49.A.V,2.0 1.5 1.75 0.8,lima,0.0,1674.0
3899,hand,IRIGA,kamit,k a m i t,1 7 4 7 1,AXBYN,KAMIT,50.0,50.K.C 50.A.V 50.M.C 50.I.V 50.T.c,2.0 1.5 1.75 1.3 0.8,kamit,0.0,1672.0
3991,hand,ISNAG,ima,i m a,7 4 7,XBZ,IMA,51.0,51.I.V 51.M.C 51.A.V,1.5 1.75 0.8,ima,0.0,1674.0
4083,hand,ITAWIT,imE,i m,7 4,XN,IM,52.0,52.I.V 52.M.c,1.5 0.8,im,0.0,1715.0
4175,hand,ITNEG BINONGAN,ima,i m a,7 4 7,XBZ,IMA,53.0,53.I.V 53.M.C 53.A.V,1.5 1.75 0.8,ima,0.0,1674.0
4267,hand,JAPANESE,te,t e,1 7,AX,TE,54.0,54.T.C 54.E.V,2.0 1.5,te,0.0,1696.0
4359,hand,KADAZAN,pahad,p a h a d,1 7 3 7 1,AXBYN,PAHAT,55.0,55.P.C 55.A.V 55.H.C 55.A.V 55.T.c,2.0 1.5 1.75 1.3 0.8,pahad,0.0,1718.0
4451,hand,KAGAYANEN,blukan,b l u k a n,1 5 7 1 7 4,ACXBYN,PLYKAN,56.0,56.P.C 56.L.C 56.Y.V 56.K.C 56.A.V 56.N.c,2.0 1.5 1.5 1.75 1.3 0.8,blukan,0.0,1719.0
4543,hand,KALAGAN,biktin,b i k t i n,1 7 1 1 7 4,AXMBYN,PIKTIN,57.0,57.P.C 57.I.V 57.K.c 57.T.C 57.I.V 57.N.c,2.0 1.5 1.1 1.75 1.3 0.8,biktin,0.0,1719.0
4635,hand,KALINGA GUINAANG,ima,i m a,7 4 7,XBZ,IMA,59.0,59.I.V 59.M.C 59.A.V,1.5 1.75 0.8,ima,0.0,1674.0
4727,hand,KALINGA LIMOS,taklaj,t a k l a j,1 7 1 5 7 6,AXBCYN,TAKLAJ,60.0,60.T.C 60.A.V 60.K.C 60.L.C 60.A.V 60.J.c,2.0 1.5 1.75 1.5 1.3 0.8,taklaj,0.0,1711.0
4819,hand,KALLAHAN KAYAPA PROPER,taklaj,t a k l a j,1 7 1 5 7 6,AXBCYN,TAKLAJ,61.0,61.T.C 61.A.V 61.K.C 61.L.C 61.A.V 61.J.c,2.0 1.5 1.75 1.5 1.3 0.8,taklaj,0.0,1711.0
4911,hand,KANKANAY NORTHERN,lədəŋ,l ə d ə ŋ,5 7 1 7 4,AXBYN,LETEN,63.0,63.L.C 63.E.V 63.T.C 63.E.V 63.N.c,2.0 1.5 1.75 1.3 0.8,lədəŋ,0.0,1719.0
5003,hand,KAPAMPANGAN,gamat,g a m a t,1 7 4 7 1,AXBYN,KAMAT,64.0,64.K.C 64.A.V 64.M.C 64.A.V 64.T.c,2.0 1.5 1.75 1.3 0.8,gamat,0.0,1672.0
5095,hand,KINARAY A,alima,a l i m a,7 5 7 4 7,XBYBZ,ALIMA,65.0,65.A.V 65.L.C 65.I.V 65.M.C 65.A.V,1.5 1.75 1.3 1.75 0.8,alima,0.0,1674.0
5187,hand,KOREAN,son,s o n,3 7 4,AXN,SUN,66.0,66.S.C 66.U.V 66.N.c,2.0 1.5 0.8,son,0.0,1729.0
5279,hand,LEGAZPI,kamut,k a m u t,1 7 4 7 1,AXBYN,KAMYT,67.0,67.K.C 67.A.V 67.M.C 67.Y.V 67.T.c,2.0 1.5 1.75 1.3 0.8,kamut,0.0,1672.0
5371,hand,LIBON,kamot,k a m o t,1 7 4 7 1,AXBYN,KAMUT,68.0,68.K.C 68.A.V 68.M.C 68.U.V 68.T.c,2.0 1.5 1.75 1.3 0.8,kamot,0.0,1672.0
5463,hand,LIVE,keic,k e i c,1 7 7 1,AXYN,KEIC,69.0,69.K.C 69.E.V 69.I.V 69.C.c,2.0 1.5 1.3 0.8,keic,0.0,1672.0
5555,hand,MAMANWA,alima,a l i m a,7 5 7 4 7,XBYBZ,ALIMA,70.0,70.A.V 70.L.C 70.I.V 70.M.C 70.A.V,1.5 1.75 1.3 1.75 0.8,alima,0.0,1674.0
5739,hand,MANOBO ATA,bolad,b o l a d,1 7 5 7 1,AXBYN,PULAT,74.0,74.P.C 74.U.V 74.L.C 74.A.V 74.T.c,2.0 1.5 1.75 1.3 0.8,bolad,0.0,1718.0
5831,hand,MANOBO DIBABAWON,bəad,b ə a d,1 7 7 1,AXYN,PEAT,75.0,75.P.C 75.E.V 75.A.V 75.T.c,2.0 1.5 1.3 0.8,bəad,0.0,1718.0
5923,hand,MANOBO ILIANEN,bəlad,b ə l a d,1 7 5 7 1,AXBYN,PELAT,76.0,76.P.C 76.E.V 76.L.C 76.A.V 76.T.c,2.0 1.5 1.75 1.3 0.8,bəlad,0.0,1718.0
6015,hand,MANOBO KALAMANSIG COTABATO,bəlad,b ə l a d,1 7 5 7 1,AXBYN,PELAT,77.0,77.P.C 77.E.V 77.L.C 77.A.V 77.T.c,2.0 1.5 1.75 1.3 0.8,bəlad,0.0,1718.0
6107,hand,MANOBO SARANGANI,bolad,b o l a d,1 7 5 7 1,AXBYN,PULAT,78.0,78.P.C 78.U.V 78.L.C 78.A.V 78.T.c,2.0 1.5 1.75 1.3 0.8,bolad,0.0,1718.0
6199,hand,MANOBO TIGWA,bəlad,b ə l a d,1 7 5 7 1,AXBYN,PELAT,79.0,79.P.C 79.E.V 79.L.C 79.A.V 79.T.c,2.0 1.5 1.75 1.3 0.8,bəlad,0.0,1718.0
6291,hand,MANOBO WESTERN BUKIDNON,bəlad,b ə l a d,1 7 5 7 1,AXBYN,PELAT,80.0,80.P.C 80.E.V 80.L.C 80.A.V 80.T.c,2.0 1.5 1.75 1.3 0.8,bəlad,0.0,1718.0
6383,hand,MANSAKA,bəktən,b ə k t ə n,1 7 1 1 7 4,AXMBYN,PEKTEN,81.0,81.P.C 81.E.V 81.K.c 81.T.C 81.E.V 81.N.c,2.0 1.5 1.1 1.75 1.3 0.8,bəktən,0.0,1719.0
6475,hand,MAPUN,taŋan,t a ŋ a n,1 7 4 7 4,AXBYN,TANAN,82.0,82.T.C 82.A.V 82.N.C 82.A.V 82.N.c,2.0 1.5 1.75 1.3 0.8,taŋan,0.0,1669.0
6567,hand,MARANAO,lima,l i m a,5 7 4 7,AXBZ,LIMA,83.0,83.L.C 83.I.V 83.M.C 83.A.V,2.0 1.5 1.75 0.8,lima,0.0,1674.0
6659,hand,MASBATENYO,kamot,k a m o t,1 7 4 7 1,AXBYN,KAMUT,84.0,84.K.C 84.A.V 84.M.C 84.U.V 84.T.c,2.0 1.5 1.75 1.3 0.8,kamot,0.0,1672.0
6751,hand,MINANGALI LOWER TANUDAN KALINGA,ima,i m a,7 4 7,XBZ,IMA,85.0,85.I.V 85.M.C 85.A.V,1.5 1.75 0.8,ima,0.0,1674.0
6843,hand,MOKSHA,kadj,k a d j,1 7 1 6,AXBC,KATJ,86.0,86.K.C 86.A.V 86.T.C 86.J.C,2.0 1.5 1.75 1.5,kadj,0.0,1748.0
6935,hand,MOLBOG,loŋon,l o ŋ o n,5 7 4 7 4,AXBYN,LUNUN,87.0,87.L.C 87.U.V 87.N.C 87.U.V 87.N.c,2.0 1.5 1.75 1.3 0.8,loŋon,0.0,1669.0
7027,hand,MONGOLIAN,Gar,a r,7 5,XN,AR,88.0,88.A.V 88.R.c,1.5 0.8,ar,0.0,1750.0
7119,hand,MORO MAGINDANAU,lima,l i m a,5 7 4 7,AXBZ,LIMA,89.0,89.L.C 89.I.V 89.M.C 89.A.V,2.0 1.5 1.75 0.8,lima,0.0,1674.0
7211,hand,NORTHERN CATANDUANES,kamut,k a m u t,1 7 4 7 1,AXBYN,KAMYT,90.0,90.K.C 90.A.V 90.M.C 90.Y.V 90.T.c,2.0 1.5 1.75 1.3 0.8,kamut,0.0,1672.0
7303,hand,NORTHERN SORSOGON,kamut,k a m u t,1 7 4 7 1,AXBYN,KAMYT,91.0,91.K.C 91.A.V 91.M.C 91.Y.V 91.T.c,2.0 1.5 1.75 1.3 0.8,kamut,0.0,1672.0
7395,hand,OAS,kamit,k a m i t,1 7 4 7 1,AXBYN,KAMIT,92.0,92.K.C 92.A.V 92.M.C 92.I.V 92.T.c,2.0 1.5 1.75 1.3 0.8,kamit,0.0,1672.0
7487,hand,PALAWANO BATAK,alima,a l i m a,7 5 7 4 7,XBYBZ,ALIMA,93.0,93.A.V 93.L.C 93.I.V 93.M.C 93.A.V,1.5 1.75 1.3 1.75 0.8,alima,0.0,1674.0
7579,hand,PANGASINAN,lima,l i m a,5 7 4 7,AXBZ,LIMA,94.0,94.L.C 94.I.V 94.M.C 94.A.V,2.0 1.5 1.75 0.8,lima,0.0,1674.0
7671,hand,PANGUTARAN SAMA,taŋan,t a ŋ a n,1 7 4 7 4,AXBYN,TANAN,95.0,95.T.C 95.A.V 95.N.C 95.A.V 95.N.c,2.0 1.5 1.75 1.3 0.8,taŋan,0.0,1669.0
7763,hand,PROTO PALAWAN,lima,l i m a,5 7 4 7,AXBZ,LIMA,96.0,96.L.C 96.I.V 96.M.C 96.A.V,2.0 1.5 1.75 0.8,lima,0.0,1674.0
7855,hand,QUEZON PALAWAN,lima,l i m a,5 7 4 7,AXBZ,LIMA,97.0,97.L.C 97.I.V 97.M.C 97.A.V,2.0 1.5 1.75 0.8,lima,0.0,1674.0
7947,hand,ROMBLOMANON 2,kamut,k a m u t,1 7 4 7 1,AXBYN,KAMYT,98.0,98.K.C 98.A.V 98.M.C 98.Y.V 98.T.c,2.0 1.5 1.75 1.3 0.8,kamut,0.0,1672.0
8039,hand,SAMAL,taŋan,t a ŋ a n,1 7 4 7 4,AXBYN,TANAN,99.0,99.T.C 99.A.V 99.N.C 99.A.V 99.N.c,2.0 1.5 1.75 1.3 0.8,taŋan,0.0,1669.0
8131,hand,SAMBAL BOTOLAN,gamət,g a m ə t,1 7 4 7 1,AXBYN,KAMET,100.0,100.K.C 100.A.V 100.M.C 100.E.V 100.T.c,2.0 1.5 1.75 1.3 0.8,gamət,0.0,1672.0
8223,hand,SANGIL SARANGANI ISLANDS,lima,l i m a,5 7 4 7,AXBZ,LIMA,101.0,101.L.C 101.I.V 101.M.C 101.A.V,2.0 1.5 1.75 0.8,lima,0.0,1674.0
8315,hand,SEDANG,koŋ,k o ŋ,1 7 4,AXN,KUN,102.0,102.K.C 102.U.V 102.N.c,2.0 1.5 0.8,koŋ,0.0,1729.0
8407,hand,SIBUTU SOUTHERN SAMA,taŋan,t a ŋ a n,1 7 4 7 4,AXBYN,TANAN,103.0,103.T.C 103.A.V 103.N.C 103.A.V 103.N.c,2.0 1.5 1.75 1.3 0.8,taŋan,0.0,1669.0
8499,hand,SOGODNIN BORACAY,alima,a l i m a,7 5 7 4 7,XBYBZ,ALIMA,105.0,105.A.V 105.L.C 105.I.V 105.M.C 105.A.V,1.5 1.75 1.3 1.75 0.8,alima,0.0,1674.0
8591,hand,SOUTH SAAMI,gəetə,g ə e t ə,1 7 7 1 7,AXYBZ,KEETE,106.0,106.K.C 106.E.V 106.E.V 106.T.C 106.E.V,2.0 1.5 1.3 1.75 0.8,gəetə,0.0,1672.0
8683,hand,SOUTHERN CATANDUANES,kamut,k a m u t,1 7 4 7 1,AXBYN,KAMYT,107.0,107.K.C 107.A.V 107.M.C 107.Y.V 107.T.c,2.0 1.5 1.75 1.3 0.8,kamut,0.0,1672.0
8775,hand,SOUTHERN SORSOGON,kamut,k a m u t,1 7 4 7 1,AXBYN,KAMYT,109.0,109.K.C 109.A.V 109.M.C 109.Y.V 109.T.c,2.0 1.5 1.75 1.3 0.8,kamut,0.0,1672.0
8867,hand,SOUTHWEST PALAWANO,elima,e l i m a,7 5 7 4 7,XBYBZ,ELIMA,110.0,110.E.V 110.L.C 110.I.V 110.M.C 110.A.V,1.5 1.75 1.3 1.75 0.8,elima,0.0,1674.0
8959,hand,SPANISH,mano,m a n o,4 7 4 7,AXBZ,MANU,111.0,111.M.C 111.A.V 111.N.C 111.U.V,2.0 1.5 1.75 0.8,mano,0.0,1773.0
9051,hand,SUBANON SIOCON,komot,k o m o t,1 7 4 7 1,AXBYN,KUMUT,112.0,112.K.C 112.U.V 112.M.C 112.U.V 112.T.c,2.0 1.5 1.75 1.3 0.8,komot,0.0,1672.0
9143,hand,SUBANUN SINDANGAN,beŋkən,b e ŋ k ə n,1 7 4 1 7 4,AXMBYN,PENKEN,113.0,113.P.C 113.E.V 113.N.c 113.K.C 113.E.V 113.N.c,2.0 1.5 1.1 1.75 1.3 0.8,beŋkən,0.0,1719.0
9235,hand,SURIGAONON,alima,a l i m a,7 5 7 4 7,XBYBZ,ALIMA,114.0,114.A.V 114.L.C 114.I.V 114.M.C 114.A.V,1.5 1.75 1.3 1.75 0.8,alima,0.0,1674.0
9327,hand,TAGABAWA,balad,b a l a d,1 7 5 7 1,AXBYN,PALAT,115.0,115.P.C 115.A.V 115.L.C 115.A.V 115.T.c,2.0 1.5 1.75 1.3 0.8,balad,0.0,1718.0
9419,hand,TAGABILI,sigəl,s i g ə l,3 7 1 7 5,AXBYN,SIKEL,116.0,116.S.C 116.I.V 116.K.C 116.E.V 116.L.c,2.0 1.5 1.75 1.3 0.8,sigəl,0.0,1675.0
9511,hand,TAGALOG,kamaj,k a m a j,1 7 4 7 6,AXBYN,KAMAJ,117.0,117.K.C 117.A.V 117.M.C 117.A.V 117.J.c,2.0 1.5 1.75 1.3 0.8,kamaj,0.0,1672.0
9603,hand,TAGBANWA ABORLAN,alima,a l i m a,7 5 7 4 7,XBYBZ,ALIMA,118.0,118.A.V 118.L.C 118.I.V 118.M.C 118.A.V,1.5 1.75 1.3 1.75 0.8,alima,0.0,1674.0
9695,hand,TAGBANWA KALAMIAN,kalimaʔ,k a l i m a ʔ,1 7 5 7 4 7 1,AXBYBYN,KALIMAH,119.0,119.K.C 119.A.V 119.L.C 119.I.V 119.M.C 119.A.V 119.H.c,2.0 1.5 1.75 1.3 1.75 1.3 0.8,kalimaʔ,0.0,1674.0
9787,hand,TAUSUG,limah,l i m a h,5 7 4 7 3,AXBYN,LIMAH,120.0,120.L.C 120.I.V 120.M.C 120.A.V 120.H.c,2.0 1.5 1.75 1.3 0.8,limah,0.0,1674.0
9879,hand,TIMUGON MURUT,kalinduʔ,k a l i n d u ʔ,1 7 5 7 4 1 7 1,AXBYMBYN,KALINTYH,121.0,121.K.C 121.A.V 121.L.C 121.I.V 121.N.c 121.T.C 121.Y.V 121.H.c,2.0 1.5 1.75 1.3 1.1 1.75 1.3 0.8,kalinduʔ,0.0,1783.0
9971,hand,TIRURAY,kuwonon,k u w o n o n,1 7 6 7 4 7 4,AXBYBYN,KYWUNUN,122.0,122.K.C 122.Y.V 122.W.C 122.U.V 122.N.C 122.U.V 122.N.c,2.0 1.5 1.75 1.3 1.75 1.3 0.8,kuwonon,0.0,1669.0
10063,hand,TURKISH,el,e l,7 5,XN,EL,123.0,123.E.V 123.L.c,1.5 0.8,el,0.0,1785.0
10155,hand,UGARITIC,jd,j d,6 1,AN,JT,124.0,124.J.C 124.T.c,2.0 0.8,jd,0.0,1786.0
10247,hand,UMIRAY DUMAGET AGTA,komot,k o m o t,1 7 4 7 1,AXBYN,KUMUT,125.0,125.K.C 125.U.V 125.M.C 125.U.V 125.T.c,2.0 1.5 1.75 1.3 0.8,komot,0.0,1672.0
10339,hand,WARAY WARAY,kamot,k a m o t,1 7 4 7 1,AXBYN,KAMUT,126.0,126.K.C 126.A.V 126.M.C 126.U.V 126.T.c,2.0 1.5 1.75 1.3 0.8,kamot,0.0,1672.0
10431,hand,YAKAN,taŋan,t a ŋ a n,1 7 4 7 4,AXBYN,TANAN,127.0,127.T.C 127.A.V 127.N.C 127.A.V 127.N.c,2.0 1.5 1.75 1.3 0.8,taŋan,0.0,1669.0
10523,hand,YOGAD,kamat,k a m a t,1 7 4 7 1,AXBYN,KAMAT,128.0,128.K.C 128.A.V 128.M.C 128.A.V 128.T.c,2.0 1.5 1.75 1.3 0.8,kamat,0.0,1672.0
10615,hand,ZAMBOANGUENO,ma*o,m a o,4 7 7,AXZ,MAU,129.0,129.M.C 129.A.V 129.U.V,2.0 1.5 0.8,mao,0.0,1773.0
10707,hand,IMOROD,pamamahadan,p a m a m a h a d a n,1 7 4 7 4 7 3 7 1 7 4,AXBYBYBYBYN,PAMAMAHATAN,46.0,46.P.C 46.A.V 46.M.C 46.A.V 46.M.C 46.A.V 46.H.C 46.A.V 46.T.C 46.A.V 46.N.c,2.0 1.5 1.75 1.3 1.75 1.3 1.75 1.3 1.75 1.3 0.8,pamamahadan,0.0,1709.0
10799,hand,BABUYAN,panorowan,p a n o r o w a n,1 7 4 7 5 7 6 7 4,AXBYBYBYN,PANURUWAN,5.0,5.P.C 5.A.V 5.N.C 5.U.V 5.R.C 5.U.V 5.W.C 5.A.V 5.N.c,2.0 1.5 1.75 1.3 1.75 1.3 1.75 1.3 0.8,panorowan,0.0,1668.0
10891,hand,BISAYA SABAH,luŋon,l u ŋ o n,5 7 4 7 4,AXBYN,LYNUN,14.0,14.L.C 14.Y.V 14.N.C 14.U.V 14.N.c,2.0 1.5 1.75 1.3 0.8,luŋon,0.0,1669.0
10983,hand,CAPIZNON,kamot,k a m o t,1 7 4 7 1,AXBYN,KAMUT,21.0,21.K.C 21.A.V 21.M.C 21.U.V 21.T.c,2.0 1.5 1.75 1.3 0.8,kamot,0.0,1672.0
11075,hand,FINALLIG,lima,l i m a,5 7 4 7,AXBZ,LIMA,31.0,31.L.C 31.I.V 31.M.C 31.A.V,2.0 1.5 1.75 0.8,lima,0.0,1674.0
11167,hand,HILIGAYNON,kamut,k a m u t,1 7 4 7 1,AXBYN,KAMYT,37.0,37.K.C 37.A.V 37.M.C 37.Y.V 37.T.c,2.0 1.5 1.75 1.3 0.8,kamut,0.0,1672.0
11259,hand,INABAKNON,kambag,k a m b a g,1 7 4 1 7 1,AXMBYN,KAMPAK,47.0,47.K.C 47.A.V 47.M.c 47.P.C 47.A.V 47.K.c,2.0 1.5 1.1 1.75 1.3 0.8,kambag,0.0,1710.0
11351,hand,KALAGAN KAAGAN,bəktən,b ə k t ə n,1 7 1 1 7 4,AXMBYN,PEKTEN,58.0,58.P.C 58.E.V 58.K.c 58.T.C 58.E.V 58.N.c,2.0 1.5 1.1 1.75 1.3 0.8,bəktən,0.0,1719.0
11443,hand,KANKANAEY,takaj,t a k a j,1 7 1 7 6,AXBYN,TAKAJ,62.0,62.T.C 62.A.V 62.K.C 62.A.V 62.J.c,2.0 1.5 1.75 1.3 0.8,takaj,0.0,1711.0
11535,hand,MANDAYAN BOSO,bəktən,b ə k t ə n,1 7 1 1 7 4,AXMBYN,PEKTEN,71.0,71.P.C 71.E.V 71.K.c 71.T.C 71.E.V 71.N.c,2.0 1.5 1.1 1.75 1.3 0.8,bəktən,0.0,1719.0
11627,hand,MANDAYAN ISLAM PISO,bəktən,b ə k t ə n,1 7 1 1 7 4,AXMBYN,PEKTEN,72.0,72.P.C 72.E.V 72.K.c 72.T.C 72.E.V 72.N.c,2.0 1.5 1.1 1.75 1.3 0.8,bəktən,0.0,1719.0
11719,hand,SINAUNA,alima,a l i m a,7 5 7 4 7,XBYBZ,ALIMA,104.0,104.A.V 104.L.C 104.I.V 104.M.C 104.A.V,1.5 1.75 1.3 1.75 0.8,alima,0.0,1674.0
11811,hand,SOUTHERN KALINGA,ima,i m a,7 4 7,XBZ,IMA,108.0,108.I.V 108.M.C 108.A.V,1.5 1.75 0.8,ima,0.0,1674.0
772,head,BASQUE,buru,b u r u,1 7 5 7,AXBZ,PYRY,10.0,10.P.C 10.Y.V 10.R.C 10.Y.V,2.0 1.5 1.75 0.8,buru,0.0,1787.0
1416,head,BUKIDNON BINUKID,ulo,u l o,7 5 7,XBZ,YLU,18.0,18.Y.V 18.L.C 18.U.V,1.5 1.75 0.8,ulo,0.0,1788.0
2244,head,ENGLISH,hEd,h d,3 1,AN,HT,28.0,28.H.C 28.T.c,2.0 0.8,hd,0.0,1789.0
2428,head,ESTONIAN,pea,p e a,1 7 7,AXZ,PEA,30.0,30.P.C 30.E.V 30.A.V,2.0 1.5 0.8,pea,0.0,1790.0
2520,head,FINNISH,pEE,p,1,A,P,32.0,32.P.C,2.0,p,0.0,1790.0
2796,head,HANUNOO,ulu,u l u,7 5 7,XBZ,YLY,35.0,35.Y.V 35.L.C 35.Y.V,1.5 1.75 0.8,ulu,0.0,1788.0
2888,head,HIGAONON BINUKID,ulo,u l o,7 5 7,XBZ,YLU,36.0,36.Y.V 36.L.C 36.U.V,1.5 1.75 0.8,ulo,0.0,1788.0
2980,head,HUNGARIAN,fedʒ,f e dʒ,3 7 1,AXN,BET,38.0,38.B.C 38.E.V 38.T.c,2.0 1.5 0.8,fedʒ,0.0,1794.0
4268,head,JAPANESE,atama,a t a m a,7 1 7 4 7,XBYBZ,ATAMA,54.0,54.A.V 54.T.C 54.A.V 54.M.C 54.A.V,1.5 1.75 1.3 1.75 0.8,atama,0.0,1796.0
5004,head,KAPAMPANGAN,buntuk,b u n t u k,1 7 4 1 7 1,AXMBYN,PYNTYK,64.0,64.P.C 64.Y.V 64.N.c 64.T.C 64.Y.V 64.K.c,2.0 1.5 1.1 1.75 1.3 0.8,buntuk,0.0,1797.0
5188,head,KOREAN,mori,m o r i,4 7 5 7,AXBZ,MURI,66.0,66.M.C 66.U.V 66.R.C 66.I.V,2.0 1.5 1.75 0.8,mori,0.0,1787.0
6844,head,MOKSHA,prja,p r j a,1 5 6 7,ACCX,PRJA,86.0,86.P.C 86.R.C 86.J.C 86.A.V,2.0 1.5 1.5 1.5,prja,0.0,1799.0
8316,head,SEDANG,ko,k o,1 7,AX,KU,102.0,102.K.C 102.U.V,2.0 1.5,ko,0.0,1800.0
8960,head,SPANISH,kabesa,k a b e s a,1 7 1 7 3 7,AXBYBZ,KAPESA,111.0,111.K.C 111.A.V 111.P.C 111.E.V 111.S.C 111.A.V,2.0 1.5 1.75 1.3 1.75 0.8,kabesa,0.0,1801.0
9512,head,TAGALOG,ulo,u l o,7 5 7,XBZ,YLU,117.0,117.Y.V 117.L.C 117.U.V,1.5 1.75 0.8,ulo,0.0,1788.0
10064,head,TURKISH,baS,b a,1 7,AX,PA,123.0,123.P.C 123.A.V,2.0 1.5,ba,0.0,1790.0
10708,head,IMOROD,oho,o h o,7 3 7,XBZ,UHU,46.0,46.U.V 46.H.C 46.U.V,1.5 1.75 0.8,oho,0.0,1795.0
37,hear,AGTA,modoŋog,m o d o ŋ o g,4 7 1 7 4 7 1,AXBYBYN,MUTUNUK,1.0,1.M.C 1.U.V 1.T.C 1.U.V 1.N.C 1.U.V 1.K.c,2.0 1.5 1.75 1.3 1.75 1.3 0.8,modoŋog,0.0,1804.0
129,hear,AKLANON,nakabatiʔ,n a k a b a t i ʔ,4 7 1 7 1 7 1 7 1,AXBYBYBYN,NAKAPATIH,2.0,2.N.C 2.A.V 2.K.C 2.A.V 2.P.C 2.A.V 2.T.C 2.I.V 2.H.c,2.0 1.5 1.75 1.3 1.75 1.3 1.75 1.3 0.8,nakabatiʔ,0.0,1803.0
221,hear,ARTA,atiŋen,a t i ŋ e n,7 1 7 4 7 4,XBYBYN,ATINEN,3.0,3.A.V 3.T.C 3.I.V 3.N.C 3.E.V 3.N.c,1.5 1.75 1.3 1.75 1.3 0.8,atiŋen,0.0,1804.0
313,hear,ATTA PAMPLONA,maginna,m a g i nn a,4 7 1 7 4 7,AXBYBZ,MAKINA,4.0,4.M.C 4.A.V 4.K.C 4.I.V 4.N.C 4.A.V,2.0 1.5 1.75 1.3 1.75 0.8,maginna,0.0,1805.0
405,hear,BAJAU WEST COAST,kale,k a l e,1 7 5 7,AXBZ,KALE,6.0,6.K.C 6.A.V 6.L.C 6.E.V,2.0 1.5 1.75 0.8,kale,0.0,1807.0
497,hear,BALANGAW,doŋal,d o ŋ a l,1 7 4 7 5,AXBYN,TUNAL,7.0,7.T.C 7.U.V 7.N.C 7.A.V 7.L.c,2.0 1.5 1.75 1.3 0.8,doŋal,0.0,1804.0
589,hear,BALANGINGI SAMA,kale,k a l e,1 7 5 7,AXBZ,KALE,8.0,8.K.C 8.A.V 8.L.C 8.E.V,2.0 1.5 1.75 0.8,kale,0.0,1807.0
773,hear,BASQUE,encun,e n c u n,7 4 1 7 4,XMBYN,ENCYN,10.0,10.E.V 10.N.c 10.C.C 10.Y.V 10.N.c,1.5 1.1 1.75 1.3 0.8,encun,0.0,1810.0
865,hear,BATAK PALAWAN,batiʔ,b a t i ʔ,1 7 1 7 1,AXBYN,PATIH,11.0,11.P.C 11.A.V 11.T.C 11.I.V 11.H.c,2.0 1.5 1.75 1.3 0.8,batiʔ,0.0,1803.0
957,hear,BILAAN KORONADAL,liŋə,l i ŋ ə,5 7 4 7,AXBZ,LINE,12.0,12.L.C 12.I.V 12.N.C 12.E.V,2.0 1.5 1.75 0.8,liŋə,0.0,1812.0
1049,hear,BILAAN SARANGANI,liŋə,l i ŋ ə,5 7 4 7,AXBZ,LINE,13.0,13.L.C 13.I.V 13.N.C 13.E.V,2.0 1.5 1.75 0.8,liŋə,0.0,1812.0
1141,hear,BONGGI,kidoŋor,k i d o ŋ o r,1 7 1 7 4 7 5,AXBYBYN,KITUNUR,15.0,15.K.C 15.I.V 15.T.C 15.U.V 15.N.C 15.U.V 15.R.c,2.0 1.5 1.75 1.3 1.75 1.3 0.8,kidoŋor,0.0,1815.0
1233,hear,BONTOC GUINAANG,dəŋəl,d ə ŋ ə l,1 7 4 7 5,AXBYN,TENEL,16.0,16.T.C 16.E.V 16.N.C 16.E.V 16.L.c,2.0 1.5 1.75 1.3 0.8,dəŋəl,0.0,1804.0
1325,hear,BUHI,riŋig,r i ŋ i g,5 7 4 7 1,AXBYN,RINIK,17.0,17.R.C 17.I.V 17.N.C 17.I.V 17.K.c,2.0 1.5 1.75 1.3 0.8,riŋig,0.0,1804.0
1417,hear,BUKIDNON BINUKID,paliman,p a l i m a n,1 7 5 7 4 7 4,AXBYBYN,PALIMAN,18.0,18.P.C 18.A.V 18.L.C 18.I.V 18.M.C 18.A.V 18.N.c,2.0 1.5 1.75 1.3 1.75 1.3 0.8,paliman,0.0,1818.0
1509,hear,BUTUANON,moduŋog,m o d u ŋ o g,4 7 1 7 4 7 1,AXBYBYN,MUTYNUK,19.0,19.M.C 19.U.V 19.T.C 19.Y.V 19.N.C 19.U.V 19.K.c,2.0 1.5 1.75 1.3 1.75 1.3 0.8,moduŋog,0.0,1804.0
1601,hear,CAIJIA,thi,th i,1 7,AX,TI,20.0,20.T.C 20.I.V,2.0 1.5,thi,0.0,1820.0
1693,hear,CEBUANO,duŋug,d u ŋ u g,1 7 4 7 1,AXBYN,TYNYK,22.0,22.T.C 22.Y.V 22.N.C 22.Y.V 22.K.c,2.0 1.5 1.75 1.3 0.8,duŋug,0.0,1804.0
1785,hear,CENTRAL TAGBANWA,bati,b a t i,1 7 1 7,AXBZ,PATI,23.0,23.P.C 23.A.V 23.T.C 23.I.V,2.0 1.5 1.75 0.8,bati,0.0,1803.0
1877,hear,CUYONON,batiʔ,b a t i ʔ,1 7 1 7 1,AXBYN,PATIH,24.0,24.P.C 24.A.V 24.T.C 24.I.V 24.H.c,2.0 1.5 1.75 1.3 0.8,batiʔ,0.0,1803.0
1969,hear,DARAGA,diŋig,d i ŋ i g,1 7 4 7 1,AXBYN,TINIK,25.0,25.T.C 25.I.V 25.N.C 25.I.V 25.K.c,2.0 1.5 1.75 1.3 0.8,diŋig,0.0,1804.0
2061,hear,DUMAGAT CASIGURAN,batiʔ,b a t i ʔ,1 7 1 7 1,AXBYN,PATIH,26.0,26.P.C 26.A.V 26.T.C 26.I.V 26.H.c,2.0 1.5 1.75 1.3 0.8,batiʔ,0.0,1803.0
2153,hear,DUPANINGAN AGTA,matiman,m a t i m a n,4 7 1 7 4 7 4,AXBYBYN,MATIMAN,27.0,27.M.C 27.A.V 27.T.C 27.I.V 27.M.C 27.A.V 27.N.c,2.0 1.5 1.75 1.3 1.75 1.3 0.8,matiman,0.0,1818.0
2245,hear,ENGLISH,hir,h i r,3 7 5,AXN,HIR,28.0,28.H.C 28.I.V 28.R.c,2.0 1.5 0.8,hir,0.0,1828.0
2337,hear,ESKAYAN,jantisi,j a n t i s i,6 7 4 1 7 3 7,AXMBYBZ,JANTISI,29.0,29.J.C 29.A.V 29.N.c 29.T.C 29.I.V 29.S.C 29.I.V,2.0 1.5 1.1 1.75 1.3 1.75 0.8,jantisi,0.0,1829.0
2429,hear,ESTONIAN,kul,k u l,1 7 5,AXN,KYL,30.0,30.K.C 30.Y.V 30.L.c,2.0 1.5 0.8,kul,0.0,1807.0
2521,hear,FINNISH,kuule,k uu l e,1 7 5 7,AXBZ,KYLE,32.0,32.K.C 32.Y.V 32.L.C 32.E.V,2.0 1.5 1.75 0.8,kuule,0.0,1807.0
2613,hear,FUZHOU CHINESE,thiaŋ,th i a ŋ,1 7 7 4,AXYN,TIAN,33.0,33.T.C 33.I.V 33.A.V 33.N.c,2.0 1.5 1.3 0.8,thiaŋ,0.0,1804.0
2705,hear,GADDANG,madiŋəg,m a d i ŋ ə g,4 7 1 7 4 7 1,AXBYBYN,MATINEK,34.0,34.M.C 34.A.V 34.T.C 34.I.V 34.N.C 34.E.V 34.K.c,2.0 1.5 1.75 1.3 1.75 1.3 0.8,madiŋəg,0.0,1804.0
2797,hear,HANUNOO,dunug,d u n u g,1 7 4 7 1,AXBYN,TYNYK,35.0,35.T.C 35.Y.V 35.N.C 35.Y.V 35.K.c,2.0 1.5 1.75 1.3 0.8,dunug,0.0,1804.0
2889,hear,HIGAONON BINUKID,paliman,p a l i m a n,1 7 5 7 4 7 4,AXBYBYN,PALIMAN,36.0,36.P.C 36.A.V 36.L.C 36.I.V 36.M.C 36.A.V 36.N.c,2.0 1.5 1.75 1.3 1.75 1.3 0.8,paliman,0.0,1818.0
2981,hear,HUNGARIAN,hallan,h a ll a n,3 7 5 7 4,AXBYN,HALAN,38.0,38.H.C 38.A.V 38.L.C 38.A.V 38.N.c,2.0 1.5 1.75 1.3 0.8,hallan,0.0,1812.0
3073,hear,IBANAG,magina,m a g i n a,4 7 1 7 4 7,AXBYBZ,MAKINA,39.0,39.M.C 39.A.V 39.K.C 39.I.V 39.N.C 39.A.V,2.0 1.5 1.75 1.3 1.75 0.8,magina,0.0,1805.0
3165,hear,IDAAN,kiŋog,k i ŋ o g,1 7 4 7 1,AXBYN,KINUK,40.0,40.K.C 40.I.V 40.N.C 40.U.V 40.K.c,2.0 1.5 1.75 1.3 0.8,kiŋog,0.0,1804.0
3257,hear,IFUGAO AMGANAD,doŋol,d o ŋ o l,1 7 4 7 5,AXBYN,TUNUL,41.0,41.T.C 41.U.V 41.N.C 41.U.V 41.L.c,2.0 1.5 1.75 1.3 0.8,doŋol,0.0,1804.0
3349,hear,IFUGAO BATAD,doŋol,d o ŋ o l,1 7 4 7 5,AXBYN,TUNUL,42.0,42.T.C 42.U.V 42.N.C 42.U.V 42.L.c,2.0 1.5 1.75 1.3 0.8,doŋol,0.0,1804.0
3441,hear,IFUGAO BAYNINAN,doŋlon,d o ŋ l o n,1 7 4 5 7 4,AXBCYN,TUNLUN,43.0,43.T.C 43.U.V 43.N.C 43.L.C 43.U.V 43.N.c,2.0 1.5 1.75 1.5 1.3 0.8,doŋlon,0.0,1810.0
3533,hear,ILOKANO,deŋeg,d e ŋ e g,1 7 4 7 1,AXBYN,TENEK,44.0,44.T.C 44.E.V 44.N.C 44.E.V 44.K.c,2.0 1.5 1.75 1.3 0.8,deŋeg,0.0,1804.0
3625,hear,ILONGOT KAKIDUGEN,dəŋəg,d ə ŋ ə g,1 7 4 7 1,AXBYN,TENEK,45.0,45.T.C 45.E.V 45.N.C 45.E.V 45.K.c,2.0 1.5 1.75 1.3 0.8,dəŋəg,0.0,1804.0
3717,hear,INIBALOI,kidəŋ,k i d ə ŋ,1 7 1 7 4,AXBYN,KITEN,48.0,48.K.C 48.I.V 48.T.C 48.E.V 48.N.c,2.0 1.5 1.75 1.3 0.8,kidəŋ,0.0,1815.0
3809,hear,IRANUN,neg,n e g,4 7 1,AXN,NEK,49.0,49.N.C 49.E.V 49.K.c,2.0 1.5 0.8,neg,0.0,1804.0
3901,hear,IRIGA,riŋig,r i ŋ i g,5 7 4 7 1,AXBYN,RINIK,50.0,50.R.C 50.I.V 50.N.C 50.I.V 50.K.c,2.0 1.5 1.75 1.3 0.8,riŋig,0.0,1804.0
3993,hear,ISNAG,magina,m a g i n a,4 7 1 7 4 7,AXBYBZ,MAKINA,51.0,51.M.C 51.A.V 51.K.C 51.I.V 51.N.C 51.A.V,2.0 1.5 1.75 1.3 1.75 0.8,magina,0.0,1805.0
4085,hear,ITAWIT,magina,m a g i n a,4 7 1 7 4 7,AXBYBZ,MAKINA,52.0,52.M.C 52.A.V 52.K.C 52.I.V 52.N.C 52.A.V,2.0 1.5 1.75 1.3 1.75 0.8,magina,0.0,1805.0
4177,hear,ITNEG BINONGAN,manaʔag,m a n a ʔ a g,4 7 4 7 1 7 1,AXBYBYN,MANAHAK,53.0,53.M.C 53.A.V 53.N.C 53.A.V 53.H.C 53.A.V 53.K.c,2.0 1.5 1.75 1.3 1.75 1.3 0.8,manaʔag,0.0,1853.0
4269,hear,JAPANESE,kiku,k i k u,1 7 1 7,AXBZ,KIKY,54.0,54.K.C 54.I.V 54.K.C 54.Y.V,2.0 1.5 1.75 0.8,kiku,0.0,1807.0
4361,hear,KADAZAN,koŋo,k o ŋ o,1 7 4 7,AXBZ,KUNU,55.0,55.K.C 55.U.V 55.N.C 55.U.V,2.0 1.5 1.75 0.8,koŋo,0.0,1804.0
4453,hear,KAGAYANEN,mati,m a t i,4 7 1 7,AXBZ,MATI,56.0,56.M.C 56.A.V 56.T.C 56.I.V,2.0 1.5 1.75 0.8,mati,0.0,1803.0
4545,hear,KALAGAN,dəŋəg,d ə ŋ ə g,1 7 4 7 1,AXBYN,TENEK,57.0,57.T.C 57.E.V 57.N.C 57.E.V 57.K.c,2.0 1.5 1.75 1.3 0.8,dəŋəg,0.0,1804.0
4637,hear,KALINGA GUINAANG,doŋlon,d o ŋ l o n,1 7 4 5 7 4,AXBCYN,TUNLUN,59.0,59.T.C 59.U.V 59.N.C 59.L.C 59.U.V 59.N.c,2.0 1.5 1.75 1.5 1.3 0.8,doŋlon,0.0,1810.0
4729,hear,KALINGA LIMOS,doŋol,d o ŋ o l,1 7 4 7 5,AXBYN,TUNUL,60.0,60.T.C 60.U.V 60.N.C 60.U.V 60.L.c,2.0 1.5 1.75 1.3 0.8,doŋol,0.0,1804.0
4821,hear,KALLAHAN KAYAPA PROPER,dədŋələn,d ə d ŋ ə l ə n,1 7 1 4 7 5 7 4,AXBCYBYN,TETNELEN,61.0,61.T.C 61.E.V 61.T.C 61.N.C 61.E.V 61.L.C 61.E.V 61.N.c,2.0 1.5 1.75 1.5 1.3 1.75 1.3 0.8,dədŋələn,0.0,1810.0
4913,hear,KANKANAY NORTHERN,dəŋŋə,d ə ŋŋ ə,1 7 4 7,AXBZ,TENE,63.0,63.T.C 63.E.V 63.N.C 63.E.V,2.0 1.5 1.75 0.8,dəŋŋə,0.0,1804.0
5005,hear,KAPAMPANGAN,damdaman,d a m d a m a n,1 7 4 1 7 4 7 4,AXMBYBYN,TAMTAMAN,64.0,64.T.C 64.A.V 64.M.c 64.T.C 64.A.V 64.M.C 64.A.V 64.N.c,2.0 1.5 1.1 1.75 1.3 1.75 1.3 0.8,damdaman,0.0,1818.0
5189,hear,KOREAN,tut,t u t,1 7 1,AXN,TYT,66.0,66.T.C 66.Y.V 66.T.c,2.0 1.5 0.8,tut,0.0,1820.0
5281,hear,LEGAZPI,daŋug,d a ŋ u g,1 7 4 7 1,AXBYN,TANYK,67.0,67.T.C 67.A.V 67.N.C 67.Y.V 67.K.c,2.0 1.5 1.75 1.3 0.8,daŋug,0.0,1804.0
5373,hear,LIBON,roŋog,r o ŋ o g,5 7 4 7 1,AXBYN,RUNUK,68.0,68.R.C 68.U.V 68.N.C 68.U.V 68.K.c,2.0 1.5 1.75 1.3 0.8,roŋog,0.0,1804.0
5557,hear,MAMANWA,batiʔ,b a t i ʔ,1 7 1 7 1,AXBYN,PATIH,70.0,70.P.C 70.A.V 70.T.C 70.I.V 70.H.c,2.0 1.5 1.75 1.3 0.8,batiʔ,0.0,1803.0
5649,hear,MANIDE,kalkal,k a l k a l,1 7 5 1 7 5,AXMBYN,KALKAL,73.0,73.K.C 73.A.V 73.L.c 73.K.C 73.A.V 73.L.c,2.0 1.5 1.1 1.75 1.3 0.8,kalkal,0.0,1807.0
5741,hear,MANOBO ATA,dinog,d i n o g,1 7 4 7 1,AXBYN,TINUK,74.0,74.T.C 74.I.V 74.N.C 74.U.V 74.K.c,2.0 1.5 1.75 1.3 0.8,dinog,0.0,1804.0
5833,hear,MANOBO DIBABAWON,dinəg,d i n ə g,1 7 4 7 1,AXBYN,TINEK,75.0,75.T.C 75.I.V 75.N.C 75.E.V 75.K.c,2.0 1.5 1.75 1.3 0.8,dinəg,0.0,1804.0
5925,hear,MANOBO ILIANEN,rinəg,r i n ə g,5 7 4 7 1,AXBYN,RINEK,76.0,76.R.C 76.I.V 76.N.C 76.E.V 76.K.c,2.0 1.5 1.75 1.3 0.8,rinəg,0.0,1804.0
6017,hear,MANOBO KALAMANSIG COTABATO,dinəg,d i n ə g,1 7 4 7 1,AXBYN,TINEK,77.0,77.T.C 77.I.V 77.N.C 77.E.V 77.K.c,2.0 1.5 1.75 1.3 0.8,dinəg,0.0,1804.0
6109,hear,MANOBO SARANGANI,dinog,d i n o g,1 7 4 7 1,AXBYN,TINUK,78.0,78.T.C 78.I.V 78.N.C 78.U.V 78.K.c,2.0 1.5 1.75 1.3 0.8,dinog,0.0,1804.0
6201,hear,MANOBO TIGWA,dinəg,d i n ə g,1 7 4 7 1,AXBYN,TINEK,79.0,79.T.C 79.I.V 79.N.C 79.E.V 79.K.c,2.0 1.5 1.75 1.3 0.8,dinəg,0.0,1804.0
6293,hear,MANOBO WESTERN BUKIDNON,dinəg,d i n ə g,1 7 4 7 1,AXBYN,TINEK,80.0,80.T.C 80.I.V 80.N.C 80.E.V 80.K.c,2.0 1.5 1.75 1.3 0.8,dinəg,0.0,1804.0
6385,hear,MANSAKA,dəŋəg,d ə ŋ ə g,1 7 4 7 1,AXBYN,TENEK,81.0,81.T.C 81.E.V 81.N.C 81.E.V 81.K.c,2.0 1.5 1.75 1.3 0.8,dəŋəg,0.0,1804.0
6477,hear,MAPUN,ke,k e,1 7,AX,KE,82.0,82.K.C 82.E.V,2.0 1.5,ke,0.0,1807.0
6569,hear,MARANAO,makineg,m a k i n e g,4 7 1 7 4 7 1,AXBYBYN,MAKINEK,83.0,83.M.C 83.A.V 83.K.C 83.I.V 83.N.C 83.E.V 83.K.c,2.0 1.5 1.75 1.3 1.75 1.3 0.8,makineg,0.0,1805.0
6661,hear,MASBATENYO,magbati,m a g b a t i,4 7 1 1 7 1 7,AXMBYBZ,MAKPATI,84.0,84.M.C 84.A.V 84.K.c 84.P.C 84.A.V 84.T.C 84.I.V,2.0 1.5 1.1 1.75 1.3 1.75 0.8,magbati,0.0,1803.0
6753,hear,MINANGALI LOWER TANUDAN KALINGA,doŋo8,d o ŋ o,1 7 4 7,AXBZ,TUNU,85.0,85.T.C 85.U.V 85.N.C 85.U.V,2.0 1.5 1.75 0.8,doŋo,0.0,1804.0
6845,hear,MOKSHA,marjams,m a r j a ms,4 7 5 6 7 4,AXBCYN,MARJAM,86.0,86.M.C 86.A.V 86.R.C 86.J.C 86.A.V 86.M.c,2.0 1.5 1.75 1.5 1.3 0.8,marjams,0.0,1884.0
6937,hear,MOLBOG,doŋog,d o ŋ o g,1 7 4 7 1,AXBYN,TUNUK,87.0,87.T.C 87.U.V 87.N.C 87.U.V 87.K.c,2.0 1.5 1.75 1.3 0.8,doŋog,0.0,1804.0
7029,hear,MONGOLIAN,sonso,s o ns o,3 7 4 7,AXBZ,SUNU,88.0,88.S.C 88.U.V 88.N.C 88.U.V,2.0 1.5 1.75 0.8,sonso,0.0,1886.0
7121,hear,MORO MAGINDANAU,kinug,k i n u g,1 7 4 7 1,AXBYN,KINYK,89.0,89.K.C 89.I.V 89.N.C 89.Y.V 89.K.c,2.0 1.5 1.75 1.3 0.8,kinug,0.0,1804.0
7213,hear,NORTHERN CATANDUANES,duŋug,d u ŋ u g,1 7 4 7 1,AXBYN,TYNYK,90.0,90.T.C 90.Y.V 90.N.C 90.Y.V 90.K.c,2.0 1.5 1.75 1.3 0.8,duŋug,0.0,1804.0
7305,hear,NORTHERN SORSOGON,matiʔ,m a t i ʔ,4 7 1 7 1,AXBYN,MATIH,91.0,91.M.C 91.A.V 91.T.C 91.I.V 91.H.c,2.0 1.5 1.75 1.3 0.8,matiʔ,0.0,1803.0
7397,hear,OAS,riŋig,r i ŋ i g,5 7 4 7 1,AXBYN,RINIK,92.0,92.R.C 92.I.V 92.N.C 92.I.V 92.K.c,2.0 1.5 1.75 1.3 0.8,riŋig,0.0,1804.0
7489,hear,PALAWANO BATAK,batiʔ,b a t i ʔ,1 7 1 7 1,AXBYN,PATIH,93.0,93.P.C 93.A.V 93.T.C 93.I.V 93.H.c,2.0 1.5 1.75 1.3 0.8,batiʔ,0.0,1803.0
7581,hear,PANGASINAN,deŋuel,d e ŋ u e l,1 7 4 7 7 5,AXBYYN,TENYEL,94.0,94.T.C 94.E.V 94.N.C 94.Y.V 94.E.V 94.L.c,2.0 1.5 1.75 1.3 1.3 0.8,deŋuel,0.0,1804.0
7673,hear,PANGUTARAN SAMA,ke,k e,1 7,AX,KE,95.0,95.K.C 95.E.V,2.0 1.5,ke,0.0,1807.0
7765,hear,PROTO PALAWAN,eŋeg,e ŋ e g,7 4 7 1,XBYN,ENEK,96.0,96.E.V 96.N.C 96.E.V 96.K.c,1.5 1.75 1.3 0.8,eŋeg,0.0,1804.0
7857,hear,QUEZON PALAWAN,kineg,k i n e g,1 7 4 7 1,AXBYN,KINEK,97.0,97.K.C 97.I.V 97.N.C 97.E.V 97.K.c,2.0 1.5 1.75 1.3 0.8,kineg,0.0,1804.0
7949,hear,ROMBLOMANON 2,banawbanaw,b a n a w b a n a w,1 7 4 7 6 1 7 4 7 6,AXBYMBYBYN,PANAWPANAW,98.0,98.P.C 98.A.V 98.N.C 98.A.V 98.W.c 98.P.C 98.A.V 98.N.C 98.A.V 98.W.c,2.0 1.5 1.75 1.3 1.1 1.75 1.3 1.75 1.3 0.8,banawbanaw,0.0,1896.0
8041,hear,SAMAL,kale,k a l e,1 7 5 7,AXBZ,KALE,99.0,99.K.C 99.A.V 99.L.C 99.E.V,2.0 1.5 1.75 0.8,kale,0.0,1807.0
8133,hear,SAMBAL BOTOLAN,maləŋəʔ,m a l ə ŋ ə ʔ,4 7 5 7 4 7 1,AXBYBYN,MALENEH,100.0,100.M.C 100.A.V 100.L.C 100.E.V 100.N.C 100.E.V 100.H.c,2.0 1.5 1.75 1.3 1.75 1.3 0.8,maləŋəʔ,0.0,1812.0
8225,hear,SANGIL SARANGANI ISLANDS,makadiŋirəʔ,m a k a d i ŋ i r ə ʔ,4 7 1 7 1 7 4 7 5 7 1,AXBYBYBYBYN,MAKATINIREH,101.0,101.M.C 101.A.V 101.K.C 101.A.V 101.T.C 101.I.V 101.N.C 101.I.V 101.R.C 101.E.V 101.H.c,2.0 1.5 1.75 1.3 1.75 1.3 1.75 1.3 1.75 1.3 0.8,makadiŋirəʔ,0.0,1815.0
8317,hear,SEDANG,taŋ,t a ŋ,1 7 4,AXN,TAN,102.0,102.T.C 102.A.V 102.N.c,2.0 1.5 0.8,taŋ,0.0,1804.0
8409,hear,SIBUTU SOUTHERN SAMA,kale,k a l e,1 7 5 7,AXBZ,KALE,103.0,103.K.C 103.A.V 103.L.C 103.E.V,2.0 1.5 1.75 0.8,kale,0.0,1807.0
8501,hear,SOGODNIN BORACAY,batiʔ,b a t i ʔ,1 7 1 7 1,AXBYN,PATIH,105.0,105.P.C 105.A.V 105.T.C 105.I.V 105.H.c,2.0 1.5 1.75 1.3 0.8,batiʔ,0.0,1803.0
8593,hear,SOUTH SAAMI,gowlə,g o w l ə,1 7 6 5 7,AXMBZ,KUWLE,106.0,106.K.C 106.U.V 106.W.c 106.L.C 106.E.V,2.0 1.5 1.1 1.75 0.8,gowlə,0.0,1807.0
8685,hear,SOUTHERN CATANDUANES,daŋug,d a ŋ u g,1 7 4 7 1,AXBYN,TANYK,107.0,107.T.C 107.A.V 107.N.C 107.Y.V 107.K.c,2.0 1.5 1.75 1.3 0.8,daŋug,0.0,1804.0
8777,hear,SOUTHERN SORSOGON,batiʔ,b a t i ʔ,1 7 1 7 1,AXBYN,PATIH,109.0,109.P.C 109.A.V 109.T.C 109.I.V 109.H.c,2.0 1.5 1.75 1.3 0.8,batiʔ,0.0,1803.0
8869,hear,SOUTHWEST PALAWANO,kiŋeg,k i ŋ e g,1 7 4 7 1,AXBYN,KINEK,110.0,110.K.C 110.I.V 110.N.C 110.E.V 110.K.c,2.0 1.5 1.75 1.3 0.8,kiŋeg,0.0,1804.0
8961,hear,SPANISH,oir,o i r,7 7 5,XYN,UIR,111.0,111.U.V 111.I.V 111.R.c,1.5 1.3 0.8,oir,0.0,1909.0
9053,hear,SUBANON SIOCON,mokinoŋog,m o k i n o ŋ o g,4 7 1 7 4 7 4 7 1,AXBYBYBYN,MUKINUNUK,112.0,112.M.C 112.U.V 112.K.C 112.I.V 112.N.C 112.U.V 112.N.C 112.U.V 112.K.c,2.0 1.5 1.75 1.3 1.75 1.3 1.75 1.3 0.8,mokinoŋog,0.0,1805.0
9145,hear,SUBANUN SINDANGAN,mədəŋəg,m ə d ə ŋ ə g,4 7 1 7 4 7 1,AXBYBYN,METENEK,113.0,113.M.C 113.E.V 113.T.C 113.E.V 113.N.C 113.E.V 113.K.c,2.0 1.5 1.75 1.3 1.75 1.3 0.8,mədəŋəg,0.0,1804.0
9237,hear,SURIGAONON,duŋog,d u ŋ o g,1 7 4 7 1,AXBYN,TYNUK,114.0,114.T.C 114.Y.V 114.N.C 114.U.V 114.K.c,2.0 1.5 1.75 1.3 0.8,duŋog,0.0,1804.0
9329,hear,TAGABAWA,dinag,d i n a g,1 7 4 7 1,AXBYN,TINAK,115.0,115.T.C 115.I.V 115.N.C 115.A.V 115.K.c,2.0 1.5 1.75 1.3 0.8,dinag,0.0,1804.0
9421,hear,TAGABILI,muŋol,m u ŋ o l,4 7 4 7 5,AXBYN,MYNUL,116.0,116.M.C 116.Y.V 116.N.C 116.U.V 116.L.c,2.0 1.5 1.75 1.3 0.8,muŋol,0.0,1853.0
9513,hear,TAGALOG,dinig,d i n i g,1 7 4 7 1,AXBYN,TINIK,117.0,117.T.C 117.I.V 117.N.C 117.I.V 117.K.c,2.0 1.5 1.75 1.3 0.8,dinig,0.0,1804.0
9605,hear,TAGBANWA ABORLAN,gənəg,g ə n ə g,1 7 4 7 1,AXBYN,KENEK,118.0,118.K.C 118.E.V 118.N.C 118.E.V 118.K.c,2.0 1.5 1.75 1.3 0.8,gənəg,0.0,1804.0
9697,hear,TAGBANWA KALAMIAN,dəŋəl,d ə ŋ ə l,1 7 4 7 5,AXBYN,TENEL,119.0,119.T.C 119.E.V 119.N.C 119.E.V 119.L.c,2.0 1.5 1.75 1.3 0.8,dəŋəl,0.0,1804.0
9789,hear,TAUSUG,magduŋug,m a g d u ŋ u g,4 7 1 1 7 4 7 1,AXMBYBYN,MAKTYNYK,120.0,120.M.C 120.A.V 120.K.c 120.T.C 120.Y.V 120.N.C 120.Y.V 120.K.c,2.0 1.5 1.1 1.75 1.3 1.75 1.3 0.8,magduŋug,0.0,1804.0
9881,hear,TIMUGON MURUT,doŋog,d o ŋ o g,1 7 4 7 1,AXBYN,TUNUK,121.0,121.T.C 121.U.V 121.N.C 121.U.V 121.K.c,2.0 1.5 1.75 1.3 0.8,doŋog,0.0,1804.0
9973,hear,TIRURAY,bohol,b o h o l,1 7 3 7 5,AXBYN,PUHUL,122.0,122.P.C 122.U.V 122.H.C 122.U.V 122.L.c,2.0 1.5 1.75 1.3 0.8,bohol,0.0,1920.0
10065,hear,TURKISH,iSitmek,i i t m e k,7 7 1 4 7 1,XYBCYN,IITMEK,123.0,123.I.V 123.I.V 123.T.C 123.M.C 123.E.V 123.K.c,1.5 1.3 1.75 1.5 1.3 0.8,iitmek,0.0,1921.0
10157,hear,UGARITIC,SmX,m,4,A,M,124.0,124.M.C,2.0,m,1.0,1922.0
10249,hear,UMIRAY DUMAGET AGTA,ikna,i k n a,7 1 4 7,XBCZ,IKNA,125.0,125.I.V 125.K.C 125.N.C 125.A.V,1.5 1.75 1.5 0.8,ikna,0.0,1805.0
10341,hear,WARAY WARAY,pamati,p a m a t i,1 7 4 7 1 7,AXBYBZ,PAMATI,126.0,126.P.C 126.A.V 126.M.C 126.A.V 126.T.C 126.I.V,2.0 1.5 1.75 1.3 1.75 0.8,pamati,0.0,1803.0
10433,hear,YAKAN,takale,t a k a l e,1 7 1 7 5 7,AXBYBZ,TAKALE,127.0,127.T.C 127.A.V 127.K.C 127.A.V 127.L.C 127.E.V,2.0 1.5 1.75 1.3 1.75 0.8,takale,0.0,1807.0
10525,hear,YOGAD,sim,s i m,3 7 4,AXN,SIM,128.0,128.S.C 128.I.V 128.M.c,2.0 1.5 0.8,sim,0.0,1926.0
10617,hear,ZAMBOANGUENO,si*ti,s i t i,3 7 1 7,AXBZ,SITI,129.0,129.S.C 129.I.V 129.T.C 129.I.V,2.0 1.5 1.75 0.8,siti,0.0,1927.0
10709,hear,IMOROD,mamiziŋ,m a m i z i ŋ,4 7 4 7 3 7 4,AXBYBYN,MAMISIN,46.0,46.M.C 46.A.V 46.M.C 46.I.V 46.S.C 46.I.V 46.N.c,2.0 1.5 1.75 1.3 1.75 1.3 0.8,mamiziŋ,0.0,1846.0
10801,hear,BABUYAN,adŋej,a d ŋ e j,7 1 4 7 6,XBCYN,ATNEJ,5.0,5.A.V 5.T.C 5.N.C 5.E.V 5.J.c,1.5 1.75 1.5 1.3 0.8,adŋej,0.0,1806.0
10893,hear,BISAYA SABAH,kruŋau,k r u ŋ a u,1 5 7 4 7 7,ACXBYZ,KRYNAY,14.0,14.K.C 14.R.C 14.Y.V 14.N.C 14.A.V 14.Y.V,2.0 1.5 1.5 1.75 1.3 0.8,kruŋau,0.0,1814.0
10985,hear,CAPIZNON,mabati,m a b a t i,4 7 1 7 1 7,AXBYBZ,MAPATI,21.0,21.M.C 21.A.V 21.P.C 21.A.V 21.T.C 21.I.V,2.0 1.5 1.75 1.3 1.75 0.8,mabati,0.0,1803.0
11077,hear,FINALLIG,Coŋron,o ŋ r o n,7 4 5 7 4,XBCYN,UNRUN,31.0,31.U.V 31.N.C 31.R.C 31.U.V 31.N.c,1.5 1.75 1.5 1.3 0.8,oŋron,0.0,1810.0
11169,hear,HILIGAYNON,mati,m a t i,4 7 1 7,AXBZ,MATI,37.0,37.M.C 37.A.V 37.T.C 37.I.V,2.0 1.5 1.75 0.8,mati,0.0,1803.0
11261,hear,INABAKNON,kali,k a l i,1 7 5 7,AXBZ,KALI,47.0,47.K.C 47.A.V 47.L.C 47.I.V,2.0 1.5 1.75 0.8,kali,0.0,1807.0
11353,hear,KALAGAN KAAGAN,dəŋəg,d ə ŋ ə g,1 7 4 7 1,AXBYN,TENEK,58.0,58.T.C 58.E.V 58.N.C 58.E.V 58.K.c,2.0 1.5 1.75 1.3 0.8,dəŋəg,0.0,1804.0
11445,hear,KANKANAEY,deŋen,d e ŋ e n,1 7 4 7 4,AXBYN,TENEN,62.0,62.T.C 62.E.V 62.N.C 62.E.V 62.N.c,2.0 1.5 1.75 1.3 0.8,deŋen,0.0,1804.0
11537,hear,MANDAYAN BOSO,jədəŋəg,j ə d ə ŋ ə g,6 7 1 7 4 7 1,AXBYBYN,JETENEK,71.0,71.J.C 71.E.V 71.T.C 71.E.V 71.N.C 71.E.V 71.K.c,2.0 1.5 1.75 1.3 1.75 1.3 0.8,jədəŋəg,0.0,1804.0
11629,hear,MANDAYAN ISLAM PISO,dəŋəg,d ə ŋ ə g,1 7 4 7 1,AXBYN,TENEK,72.0,72.T.C 72.E.V 72.N.C 72.E.V 72.K.c,2.0 1.5 1.75 1.3 0.8,dəŋəg,0.0,1804.0
11721,hear,SINAUNA,landap,l a n d a p,5 7 4 1 7 1,AXMBYN,LANTAP,104.0,104.L.C 104.A.V 104.N.c 104.T.C 104.A.V 104.P.c,2.0 1.5 1.1 1.75 1.3 0.8,landap,0.0,1829.0
11813,hear,SOUTHERN KALINGA,Coŋron,o ŋ r o n,7 4 5 7 4,XBCYN,UNRUN,108.0,108.U.V 108.N.C 108.R.C 108.U.V 108.N.c,1.5 1.75 1.5 1.3 0.8,oŋron,0.0,1810.0
406,horn,BAJAU WEST COAST,tanduk,t a n d u k,1 7 4 1 7 1,AXMBYN,TANTYK,6.0,6.T.C 6.A.V 6.N.c 6.T.C 6.Y.V 6.K.c,2.0 1.5 1.1 1.75 1.3 0.8,tanduk,0.0,1928.0
590,horn,BALANGINGI SAMA,tanduk,t a n d u k,1 7 4 1 7 1,AXMBYN,TANTYK,8.0,8.T.C 8.A.V 8.N.c 8.T.C 8.Y.V 8.K.c,2.0 1.5 1.1 1.75 1.3 0.8,tanduk,0.0,1928.0
774,horn,BASQUE,adar,a d a r,7 1 7 5,XBYN,ATAR,10.0,10.A.V 10.T.C 10.A.V 10.R.c,1.5 1.75 1.3 0.8,adar,0.0,1930.0
1326,horn,BUHI,suŋij,s u ŋ i j,3 7 4 7 6,AXBYN,SYNIJ,17.0,17.S.C 17.Y.V 17.N.C 17.I.V 17.J.c,2.0 1.5 1.75 1.3 0.8,suŋij,0.0,1931.0
1418,horn,BUKIDNON BINUKID,suŋaj,s u ŋ a j,3 7 4 7 6,AXBYN,SYNAJ,18.0,18.S.C 18.Y.V 18.N.C 18.A.V 18.J.c,2.0 1.5 1.75 1.3 0.8,suŋaj,0.0,1931.0
1602,horn,CAIJIA,ko,k o,1 7,AX,KU,20.0,20.K.C 20.U.V,2.0 1.5,ko,0.0,1933.0
1786,horn,CENTRAL TAGBANWA,sirbato,s i r b a t o,3 7 5 1 7 1 7,AXMBYBZ,SIRPATU,23.0,23.S.C 23.I.V 23.R.c 23.P.C 23.A.V 23.T.C 23.U.V,2.0 1.5 1.1 1.75 1.3 1.75 0.8,sirbato,0.0,1934.0
1970,horn,DARAGA,suŋaj,s u ŋ a j,3 7 4 7 6,AXBYN,SYNAJ,25.0,25.S.C 25.Y.V 25.N.C 25.A.V 25.J.c,2.0 1.5 1.75 1.3 0.8,suŋaj,0.0,1931.0
2154,horn,DUPANINGAN AGTA,saduk,s a d u k,3 7 1 7 1,AXBYN,SATYK,27.0,27.S.C 27.A.V 27.T.C 27.Y.V 27.K.c,2.0 1.5 1.75 1.3 0.8,saduk,0.0,1936.0
2246,horn,ENGLISH,horn,h o r n,3 7 5 4,AXLN,HURN,28.0,28.H.C 28.U.V 28.R.c 28.N.c,2.0 1.5 1.1 0.8,horn,0.0,1937.0
2430,horn,ESTONIAN,sarv,s a r v,3 7 5 3,AXLN,SARB,30.0,30.S.C 30.A.V 30.R.c 30.B.c,2.0 1.5 1.1 0.8,sarv,0.0,1934.0
2522,horn,FINNISH,sarvi,s a r v i,3 7 5 3 7,AXMBZ,SARBI,32.0,32.S.C 32.A.V 32.R.c 32.B.C 32.I.V,2.0 1.5 1.1 1.75 0.8,sarvi,0.0,1934.0
2614,horn,FUZHOU CHINESE,koik,k o i k,1 7 7 1,AXYN,KUIK,33.0,33.K.C 33.U.V 33.I.V 33.K.c,2.0 1.5 1.3 0.8,koik,0.0,1933.0
2890,horn,HIGAONON BINUKID,suŋaj,s u ŋ a j,3 7 4 7 6,AXBYN,SYNAJ,36.0,36.S.C 36.Y.V 36.N.C 36.A.V 36.J.c,2.0 1.5 1.75 1.3 0.8,suŋaj,0.0,1931.0
2982,horn,HUNGARIAN,sarv,s a r v,3 7 5 3,AXLN,SARB,38.0,38.S.C 38.A.V 38.R.c 38.B.c,2.0 1.5 1.1 0.8,sarv,0.0,1934.0
3902,horn,IRIGA,suŋuj,s u ŋ u j,3 7 4 7 6,AXBYN,SYNYJ,50.0,50.S.C 50.Y.V 50.N.C 50.Y.V 50.J.c,2.0 1.5 1.75 1.3 0.8,suŋuj,0.0,1931.0
3994,horn,ISNAG,sagud,s a g u d,3 7 1 7 1,AXBYN,SAKYT,51.0,51.S.C 51.A.V 51.K.C 51.Y.V 51.T.c,2.0 1.5 1.75 1.3 0.8,sagud,0.0,1944.0
4270,horn,JAPANESE,cuno,c u n o,1 7 4 7,AXBZ,CYNU,54.0,54.C.C 54.Y.V 54.N.C 54.U.V,2.0 1.5 1.75 0.8,cuno,0.0,1931.0
4362,horn,KADAZAN,saŋau,s a ŋ a u,3 7 4 7 7,AXBYZ,SANAY,55.0,55.S.C 55.A.V 55.N.C 55.A.V 55.Y.V,2.0 1.5 1.75 1.3 0.8,saŋau,0.0,1931.0
4454,horn,KAGAYANEN,suŋaj,s u ŋ a j,3 7 4 7 6,AXBYN,SYNAJ,56.0,56.S.C 56.Y.V 56.N.C 56.A.V 56.J.c,2.0 1.5 1.75 1.3 0.8,suŋaj,0.0,1931.0
4730,horn,KALINGA LIMOS,sakgud,s a k g u d,3 7 1 1 7 1,AXMBYN,SAKKYT,60.0,60.S.C 60.A.V 60.K.c 60.K.C 60.Y.V 60.T.c,2.0 1.5 1.1 1.75 1.3 0.8,sakgud,0.0,1944.0
5098,horn,KINARAY A,busina,b u s i n a,1 7 3 7 4 7,AXBYBZ,PYSINA,65.0,65.P.C 65.Y.V 65.S.C 65.I.V 65.N.C 65.A.V,2.0 1.5 1.75 1.3 1.75 0.8,busina,0.0,1931.0
5190,horn,KOREAN,bul,b u l,1 7 5,AXN,PYL,66.0,66.P.C 66.Y.V 66.L.c,2.0 1.5 0.8,bul,0.0,1950.0
5282,horn,LEGAZPI,suŋaj,s u ŋ a j,3 7 4 7 6,AXBYN,SYNAJ,67.0,67.S.C 67.Y.V 67.N.C 67.A.V 67.J.c,2.0 1.5 1.75 1.3 0.8,suŋaj,0.0,1931.0
5374,horn,LIBON,suŋoj,s u ŋ o j,3 7 4 7 6,AXBYN,SYNUJ,68.0,68.S.C 68.Y.V 68.N.C 68.U.V 68.J.c,2.0 1.5 1.75 1.3 0.8,suŋoj,0.0,1931.0
6846,horn,MOKSHA,sjura,s j u r a,3 6 7 5 7,ACXBZ,SJYRA,86.0,86.S.C 86.J.C 86.Y.V 86.R.C 86.A.V,2.0 1.5 1.5 1.75 0.8,sjura,0.0,1953.0
6938,horn,MOLBOG,tanduk,t a n d u k,1 7 4 1 7 1,AXMBYN,TANTYK,87.0,87.T.C 87.A.V 87.N.c 87.T.C 87.Y.V 87.K.c,2.0 1.5 1.1 1.75 1.3 0.8,tanduk,0.0,1928.0
7030,horn,MONGOLIAN,iwir,i w i r,7 6 7 5,XBYN,IWIR,88.0,88.I.V 88.W.C 88.I.V 88.R.c,1.5 1.75 1.3 0.8,iwir,0.0,1930.0
7122,horn,MORO MAGINDANAU,siduŋ,s i d u ŋ,3 7 1 7 4,AXBYN,SITYN,89.0,89.S.C 89.I.V 89.T.C 89.Y.V 89.N.c,2.0 1.5 1.75 1.3 0.8,siduŋ,0.0,1936.0
7214,horn,NORTHERN CATANDUANES,suŋaj,s u ŋ a j,3 7 4 7 6,AXBYN,SYNAJ,90.0,90.S.C 90.Y.V 90.N.C 90.A.V 90.J.c,2.0 1.5 1.75 1.3 0.8,suŋaj,0.0,1931.0
7306,horn,NORTHERN SORSOGON,suŋaj,s u ŋ a j,3 7 4 7 6,AXBYN,SYNAJ,91.0,91.S.C 91.Y.V 91.N.C 91.A.V 91.J.c,2.0 1.5 1.75 1.3 0.8,suŋaj,0.0,1931.0
7398,horn,OAS,suŋuj,s u ŋ u j,3 7 4 7 6,AXBYN,SYNYJ,92.0,92.S.C 92.Y.V 92.N.C 92.Y.V 92.J.c,2.0 1.5 1.75 1.3 0.8,suŋuj,0.0,1931.0
7950,horn,ROMBLOMANON 2,suŋaj,s u ŋ a j,3 7 4 7 6,AXBYN,SYNAJ,98.0,98.S.C 98.Y.V 98.N.C 98.A.V 98.J.c,2.0 1.5 1.75 1.3 0.8,suŋaj,0.0,1931.0
8594,horn,SOUTH SAAMI,Cjoerviə,j o e r v i ə,6 7 7 5 3 7 7,AXYMBYZ,JUERBIE,106.0,106.J.C 106.U.V 106.E.V 106.R.c 106.B.C 106.I.V 106.E.V,2.0 1.5 1.3 1.1 1.75 1.3 0.8,joerviə,0.0,1961.0
8686,horn,SOUTHERN CATANDUANES,suŋaj,s u ŋ a j,3 7 4 7 6,AXBYN,SYNAJ,107.0,107.S.C 107.Y.V 107.N.C 107.A.V 107.J.c,2.0 1.5 1.75 1.3 0.8,suŋaj,0.0,1931.0
8778,horn,SOUTHERN SORSOGON,suŋaj,s u ŋ a j,3 7 4 7 6,AXBYN,SYNAJ,109.0,109.S.C 109.Y.V 109.N.C 109.A.V 109.J.c,2.0 1.5 1.75 1.3 0.8,suŋaj,0.0,1931.0
8962,horn,SPANISH,kwerno,kw e r n o,1 7 5 4 7,AXMBZ,KERNU,111.0,111.K.C 111.E.V 111.R.c 111.N.C 111.U.V,2.0 1.5 1.1 1.75 0.8,kwerno,0.0,1964.0
9514,horn,TAGALOG,saŋaj,s a ŋ a j,3 7 4 7 6,AXBYN,SANAJ,117.0,117.S.C 117.A.V 117.N.C 117.A.V 117.J.c,2.0 1.5 1.75 1.3 0.8,saŋaj,0.0,1931.0
9974,horn,TIRURAY,siduŋ,s i d u ŋ,3 7 1 7 4,AXBYN,SITYN,122.0,122.S.C 122.I.V 122.T.C 122.Y.V 122.N.c,2.0 1.5 1.75 1.3 0.8,siduŋ,0.0,1936.0
10066,horn,TURKISH,bonuz,b o n u z,1 7 4 7 3,AXBYN,PUNYS,123.0,123.P.C 123.U.V 123.N.C 123.Y.V 123.S.c,2.0 1.5 1.75 1.3 0.8,bonuz,0.0,1967.0
10158,horn,UGARITIC,ʔrn,ʔ r n,1 5 4,AXN,HRN,124.0,124.H.C 124.R.V 124.N.c,2.0 1.5 0.8,ʔrn,0.0,1937.0
10526,horn,YOGAD,tagud,t a g u d,1 7 1 7 1,AXBYN,TAKYT,128.0,128.T.C 128.A.V 128.K.C 128.Y.V 128.T.c,2.0 1.5 1.75 1.3 0.8,tagud,0.0,1944.0
10618,horn,ZAMBOANGUENO,kwerno,kw e r n o,1 7 5 4 7,AXMBZ,KERNU,129.0,129.K.C 129.E.V 129.R.c 129.N.C 129.U.V,2.0 1.5 1.1 1.75 0.8,kwerno,0.0,1964.0
775,hot,BASQUE,bero,b e r o,1 7 5 7,AXBZ,PERU,10.0,10.P.C 10.E.V 10.R.C 10.U.V,2.0 1.5 1.75 0.8,bero,0.0,1968.0
1419,hot,BUKIDNON BINUKID,mainit,m a i n i t,4 7 7 4 7 1,AXYBYN,MAINIT,18.0,18.M.C 18.A.V 18.I.V 18.N.C 18.I.V 18.T.c,2.0 1.5 1.3 1.75 1.3 0.8,mainit,0.0,1969.0
2247,hot,ENGLISH,hat,h a t,3 7 1,AXN,HAT,28.0,28.H.C 28.A.V 28.T.c,2.0 1.5 0.8,hat,0.0,1970.0
2431,hot,ESTONIAN,soe,s o e,3 7 7,AXZ,SUE,30.0,30.S.C 30.U.V 30.E.V,2.0 1.5 0.8,soe,0.0,1971.0
2523,hot,FINNISH,kuuma,k uu m a,1 7 4 7,AXBZ,KYMA,32.0,32.K.C 32.Y.V 32.M.C 32.A.V,2.0 1.5 1.75 0.8,kuuma,0.0,1972.0
2799,hot,HANUNOO,maʔinit,m a ʔ i n i t,4 7 1 7 4 7 1,AXBYBYN,MAHINIT,35.0,35.M.C 35.A.V 35.H.C 35.I.V 35.N.C 35.I.V 35.T.c,2.0 1.5 1.75 1.3 1.75 1.3 0.8,maʔinit,0.0,1969.0
2891,hot,HIGAONON BINUKID,mainit,m a i n i t,4 7 7 4 7 1,AXYBYN,MAINIT,36.0,36.M.C 36.A.V 36.I.V 36.N.C 36.I.V 36.T.c,2.0 1.5 1.3 1.75 1.3 0.8,mainit,0.0,1969.0
2983,hot,HUNGARIAN,meleg,m e l e g,4 7 5 7 1,AXBYN,MELEK,38.0,38.M.C 38.E.V 38.L.C 38.E.V 38.K.c,2.0 1.5 1.75 1.3 0.8,meleg,0.0,1975.0
4271,hot,JAPANESE,acui,a c u i,7 1 7 7,XBYZ,ACYI,54.0,54.A.V 54.C.C 54.Y.V 54.I.V,1.5 1.75 1.3 0.8,acui,0.0,1971.0
5007,hot,KAPAMPANGAN,mapaliʔ,m a p a l i ʔ,4 7 1 7 5 7 1,AXBYBYN,MAPALIH,64.0,64.M.C 64.A.V 64.P.C 64.A.V 64.L.C 64.I.V 64.H.c,2.0 1.5 1.75 1.3 1.75 1.3 0.8,mapaliʔ,0.0,1978.0
5191,hot,KOREAN,dugoun,d u g o u n,1 7 1 7 7 4,AXBYYN,TYKUYN,66.0,66.T.C 66.Y.V 66.K.C 66.U.V 66.Y.V 66.N.c,2.0 1.5 1.75 1.3 1.3 0.8,dugoun,0.0,1979.0
6847,hot,MOKSHA,ljambje,l j a m b j e,5 6 7 4 1 6 7,ACXMBCZ,LJAMPJE,86.0,86.L.C 86.J.C 86.A.V 86.M.c 86.P.C 86.J.C 86.E.V,2.0 1.5 1.5 1.1 1.75 1.5 0.8,ljambje,0.0,1980.0
8319,hot,SEDANG,to,t o,1 7,AX,TU,102.0,102.T.C 102.U.V,2.0 1.5,to,0.0,1981.0
8963,hot,SPANISH,kaliente,k a l i e n t e,1 7 5 7 7 4 1 7,AXBYYMBZ,KALIENTE,111.0,111.K.C 111.A.V 111.L.C 111.I.V 111.E.V 111.N.c 111.T.C 111.E.V,2.0 1.5 1.75 1.3 1.3 1.1 1.75 0.8,kaliente,0.0,1982.0
9515,hot,TAGALOG,mainit,m a i n i t,4 7 7 4 7 1,AXYBYN,MAINIT,117.0,117.M.C 117.A.V 117.I.V 117.N.C 117.I.V 117.T.c,2.0 1.5 1.3 1.75 1.3 0.8,mainit,0.0,1969.0
10067,hot,TURKISH,sədʒak,s ə dʒ a k,3 7 1 7 1,AXBYN,SETAK,123.0,123.S.C 123.E.V 123.T.C 123.A.V 123.K.c,2.0 1.5 1.75 1.3 0.8,sədʒak,0.0,1984.0
10711,hot,IMOROD,anŋet,a n ŋ e t,7 4 4 7 1,XMBYN,ANNET,46.0,46.A.V 46.N.c 46.N.C 46.E.V 46.T.c,1.5 1.1 1.75 1.3 0.8,anŋet,0.0,1969.0
776,kill,BASQUE,hilarazi,h i l a r a z i,3 7 5 7 5 7 3 7,AXBYBYBZ,HILARASI,10.0,10.H.C 10.I.V 10.L.C 10.A.V 10.R.C 10.A.V 10.S.C 10.I.V,2.0 1.5 1.75 1.3 1.75 1.3 1.75 0.8,hilarazi,0.0,1985.0
1420,kill,BUKIDNON BINUKID,himataji,h i m a t a j i,3 7 4 7 1 7 6 7,AXBYBYBZ,HIMATAJI,18.0,18.H.C 18.I.V 18.M.C 18.A.V 18.T.C 18.A.V 18.J.C 18.I.V,2.0 1.5 1.75 1.3 1.75 1.3 1.75 0.8,himataji,0.0,1986.0
2248,kill,ENGLISH,kil,k i l,1 7 5,AXN,KIL,28.0,28.K.C 28.I.V 28.L.c,2.0 1.5 0.8,kil,0.0,1987.0
2432,kill,ESTONIAN,tap,t a p,1 7 1,AXN,TAP,30.0,30.T.C 30.A.V 30.P.c,2.0 1.5 0.8,tap,0.0,1988.0
2524,kill,FINNISH,tappa,t a pp a,1 7 1 7,AXBZ,TAPA,32.0,32.T.C 32.A.V 32.P.C 32.A.V,2.0 1.5 1.75 0.8,tappa,0.0,1988.0
2800,kill,HANUNOO,matjun,m a t j u n,4 7 1 6 7 4,AXBCYN,MATJYN,35.0,35.M.C 35.A.V 35.T.C 35.J.C 35.Y.V 35.N.c,2.0 1.5 1.75 1.5 1.3 0.8,matjun,0.0,1986.0
2892,kill,HIGAONON BINUKID,himataji,h i m a t a j i,3 7 4 7 1 7 6 7,AXBYBYBZ,HIMATAJI,36.0,36.H.C 36.I.V 36.M.C 36.A.V 36.T.C 36.A.V 36.J.C 36.I.V,2.0 1.5 1.75 1.3 1.75 1.3 1.75 0.8,himataji,0.0,1986.0
2984,kill,HUNGARIAN,il,i l,7 5,XN,IL,38.0,38.I.V 38.L.c,1.5 0.8,il,0.0,1987.0
4272,kill,JAPANESE,korosu,k o r o s u,1 7 5 7 3 7,AXBYBZ,KURUSY,54.0,54.K.C 54.U.V 54.R.C 54.U.V 54.S.C 54.Y.V,2.0 1.5 1.75 1.3 1.75 0.8,korosu,0.0,1985.0
5008,kill,KAPAMPANGAN,pate,p a t e,1 7 1 7,AXBZ,PATE,64.0,64.P.C 64.A.V 64.T.C 64.E.V,2.0 1.5 1.75 0.8,pate,0.0,1995.0
5192,kill,KOREAN,Cuki,u k i,7 1 7,XBZ,YKI,66.0,66.Y.V 66.K.C 66.I.V,1.5 1.75 0.8,uki,0.0,1993.0
6848,kill,MOKSHA,Savoms,a v o ms,7 3 7 4,XBYN,ABUM,86.0,86.A.V 86.B.C 86.U.V 86.M.c,1.5 1.75 1.3 0.8,avoms,0.0,1997.0
8964,kill,SPANISH,mata,m a t a,4 7 1 7,AXBZ,MATA,111.0,111.M.C 111.A.V 111.T.C 111.A.V,2.0 1.5 1.75 0.8,mata,0.0,1986.0
9516,kill,TAGALOG,pataj,p a t a j,1 7 1 7 6,AXBYN,PATAJ,117.0,117.P.C 117.A.V 117.T.C 117.A.V 117.J.c,2.0 1.5 1.75 1.3 0.8,pataj,1.0,1995.0
10068,kill,TURKISH,əldir,ə l d i r,7 5 1 7 5,XMBYN,ELTIR,123.0,123.E.V 123.L.c 123.T.C 123.I.V 123.R.c,1.5 1.1 1.75 1.3 0.8,əldir,0.0,2000.0
10712,kill,IMOROD,zakat,z a k a t,3 7 1 7 1,AXBYN,SAKAT,46.0,46.S.C 46.A.V 46.K.C 46.A.V 46.T.c,2.0 1.5 1.75 1.3 0.8,zakat,1.0,1993.0
41,knee,AGTA,tud,t u d,1 7 1,AXN,TYT,1.0,1.T.C 1.Y.V 1.T.c,2.0 1.5 0.8,tud,0.0,2001.0
317,knee,ATTA PAMPLONA,duluŋ,d u l u ŋ,1 7 5 7 4,AXBYN,TYLYN,4.0,4.T.C 4.Y.V 4.L.C 4.Y.V 4.N.c,2.0 1.5 1.75 1.3 0.8,duluŋ,0.0,2002.0
501,knee,BALANGAW,goŋo,g o ŋ o,1 7 4 7,AXBZ,KUNU,7.0,7.K.C 7.U.V 7.N.C 7.U.V,2.0 1.5 1.75 0.8,goŋo,0.0,2003.0
593,knee,BALANGINGI SAMA,tuʔut,t u ʔ u t,1 7 1 7 1,AXBYN,TYHYT,8.0,8.T.C 8.Y.V 8.H.C 8.Y.V 8.T.c,2.0 1.5 1.75 1.3 0.8,tuʔut,0.0,2001.0
777,knee,BASQUE,belaun,b e l a u n,1 7 5 7 7 4,AXBYYN,PELAYN,10.0,10.P.C 10.E.V 10.L.C 10.A.V 10.Y.V 10.N.c,2.0 1.5 1.75 1.3 1.3 0.8,belaun,0.0,2002.0
869,knee,BATAK PALAWAN,tuud,t uu d,1 7 1,AXN,TYT,11.0,11.T.C 11.Y.V 11.T.c,2.0 1.5 0.8,tuud,0.0,2001.0
961,knee,BILAAN KORONADAL,bukal,b u k a l,1 7 1 7 5,AXBYN,PYKAL,12.0,12.P.C 12.Y.V 12.K.C 12.A.V 12.L.c,2.0 1.5 1.75 1.3 0.8,bukal,0.0,2007.0
1053,knee,BILAAN SARANGANI,bukal,b u k a l,1 7 1 7 5,AXBYN,PYKAL,13.0,13.P.C 13.Y.V 13.K.C 13.A.V 13.L.c,2.0 1.5 1.75 1.3 0.8,bukal,0.0,2007.0
1237,knee,BONTOC GUINAANG,powəg,p o w ə g,1 7 6 7 1,AXBYN,PUWEK,16.0,16.P.C 16.U.V 16.W.C 16.E.V 16.K.c,2.0 1.5 1.75 1.3 0.8,powəg,0.0,2009.0
1329,knee,BUHI,tuwud,t u w u d,1 7 6 7 1,AXBYN,TYWYT,17.0,17.T.C 17.Y.V 17.W.C 17.Y.V 17.T.c,2.0 1.5 1.75 1.3 0.8,tuwud,0.0,2001.0
1421,knee,BUKIDNON BINUKID,buʔol,b u ʔ o l,1 7 1 7 5,AXBYN,PYHUL,18.0,18.P.C 18.Y.V 18.H.C 18.U.V 18.L.c,2.0 1.5 1.75 1.3 0.8,buʔol,0.0,2007.0
1789,knee,CENTRAL TAGBANWA,tod,t o d,1 7 1,AXN,TUT,23.0,23.T.C 23.U.V 23.T.c,2.0 1.5 0.8,tod,0.0,2001.0
1973,knee,DARAGA,tuʔud,t u ʔ u d,1 7 1 7 1,AXBYN,TYHYT,25.0,25.T.C 25.Y.V 25.H.C 25.Y.V 25.T.c,2.0 1.5 1.75 1.3 0.8,tuʔud,0.0,2001.0
2065,knee,DUMAGAT CASIGURAN,tod,t o d,1 7 1,AXN,TUT,26.0,26.T.C 26.U.V 26.T.c,2.0 1.5 0.8,tod,0.0,2001.0
2157,knee,DUPANINGAN AGTA,guwalab,g u w a l a b,1 7 6 7 5 7 1,AXBYBYN,KYWALAP,27.0,27.K.C 27.Y.V 27.W.C 27.A.V 27.L.C 27.A.V 27.P.c,2.0 1.5 1.75 1.3 1.75 1.3 0.8,guwalab,0.0,2015.0
2249,knee,ENGLISH,ni,n i,4 7,AX,NI,28.0,28.N.C 28.I.V,2.0 1.5,ni,0.0,2016.0
2341,knee,ESKAYAN,ilkdo,i l k d o,7 5 1 1 7,XLMBZ,ILKTU,29.0,29.I.V 29.L.c 29.K.c 29.T.C 29.U.V,1.5 1.1 1.1 1.75 0.8,ilkdo,0.0,2017.0
2433,knee,ESTONIAN,polv,p o l v,1 7 5 3,AXLN,PULB,30.0,30.P.C 30.U.V 30.L.c 30.B.c,2.0 1.5 1.1 0.8,polv,0.0,2018.0
2525,knee,FINNISH,polvi,p o l v i,1 7 5 3 7,AXMBZ,PULBI,32.0,32.P.C 32.U.V 32.L.c 32.B.C 32.I.V,2.0 1.5 1.1 1.75 0.8,polvi,0.0,2018.0
2617,knee,FUZHOU CHINESE,khakphuthau,kh a k ph u th a u,1 7 1 1 7 1 7 7,AXMBYBYZ,KAKPYTAY,33.0,33.K.C 33.A.V 33.K.c 33.P.C 33.Y.V 33.T.C 33.A.V 33.Y.V,2.0 1.5 1.1 1.75 1.3 1.75 1.3 0.8,khakphuthau,0.0,2020.0
2709,knee,GADDANG,atud,a t u d,7 1 7 1,XBYN,ATYT,34.0,34.A.V 34.T.C 34.Y.V 34.T.c,1.5 1.75 1.3 0.8,atud,0.0,2001.0
2893,knee,HIGAONON BINUKID,buʔol,b u ʔ o l,1 7 1 7 5,AXBYN,PYHUL,36.0,36.P.C 36.Y.V 36.H.C 36.U.V 36.L.c,2.0 1.5 1.75 1.3 0.8,buʔol,0.0,2007.0
2985,knee,HUNGARIAN,terd,t e r d,1 7 5 1,AXLN,TERT,38.0,38.T.C 38.E.V 38.R.c 38.T.c,2.0 1.5 1.1 0.8,terd,0.0,2001.0
3261,knee,IFUGAO AMGANAD,lulug,l u l u g,5 7 5 7 1,AXBYN,LYLYK,41.0,41.L.C 41.Y.V 41.L.C 41.Y.V 41.K.c,2.0 1.5 1.75 1.3 0.8,lulug,0.0,2024.0
3353,knee,IFUGAO BATAD,lulug,l u l u g,5 7 5 7 1,AXBYN,LYLYK,42.0,42.L.C 42.Y.V 42.L.C 42.Y.V 42.K.c,2.0 1.5 1.75 1.3 0.8,lulug,0.0,2024.0
3445,knee,IFUGAO BAYNINAN,lulug,l u l u g,5 7 5 7 1,AXBYN,LYLYK,43.0,43.L.C 43.Y.V 43.L.C 43.Y.V 43.K.c,2.0 1.5 1.75 1.3 0.8,lulug,0.0,2024.0
3721,knee,INIBALOI,powəg,p o w ə g,1 7 6 7 1,AXBYN,PUWEK,48.0,48.P.C 48.U.V 48.W.C 48.E.V 48.K.c,2.0 1.5 1.75 1.3 0.8,powəg,0.0,2009.0
3905,knee,IRIGA,tuwud,t u w u d,1 7 6 7 1,AXBYN,TYWYT,50.0,50.T.C 50.Y.V 50.W.C 50.Y.V 50.T.c,2.0 1.5 1.75 1.3 0.8,tuwud,0.0,2001.0
3997,knee,ISNAG,utud,u t u d,7 1 7 1,XBYN,YTYT,51.0,51.Y.V 51.T.C 51.Y.V 51.T.c,1.5 1.75 1.3 0.8,utud,0.0,2001.0
4181,knee,ITNEG BINONGAN,powəg,p o w ə g,1 7 6 7 1,AXBYN,PUWEK,53.0,53.P.C 53.U.V 53.W.C 53.E.V 53.K.c,2.0 1.5 1.75 1.3 0.8,powəg,0.0,2009.0
4273,knee,JAPANESE,hiza,h i z a,3 7 3 7,AXBZ,HISA,54.0,54.H.C 54.I.V 54.S.C 54.A.V,2.0 1.5 1.75 0.8,hiza,0.0,2031.0
4365,knee,KADAZAN,totud,t o t u d,1 7 1 7 1,AXBYN,TUTYT,55.0,55.T.C 55.U.V 55.T.C 55.Y.V 55.T.c,2.0 1.5 1.75 1.3 0.8,totud,0.0,2001.0
4457,knee,KAGAYANEN,buʔul,b u ʔ u l,1 7 1 7 5,AXBYN,PYHYL,56.0,56.P.C 56.Y.V 56.H.C 56.Y.V 56.L.c,2.0 1.5 1.75 1.3 0.8,buʔul,0.0,2007.0
4549,knee,KALAGAN,bukubuku,b u k u b u k u,1 7 1 7 1 7 1 7,AXBYBYBZ,PYKYPYKY,57.0,57.P.C 57.Y.V 57.K.C 57.Y.V 57.P.C 57.Y.V 57.K.C 57.Y.V,2.0 1.5 1.75 1.3 1.75 1.3 1.75 0.8,bukubuku,0.0,2034.0
4641,knee,KALINGA GUINAANG,puwog,p u w o g,1 7 6 7 1,AXBYN,PYWUK,59.0,59.P.C 59.Y.V 59.W.C 59.U.V 59.K.c,2.0 1.5 1.75 1.3 0.8,puwog,0.0,2009.0
4733,knee,KALINGA LIMOS,puwog,p u w o g,1 7 6 7 1,AXBYN,PYWUK,60.0,60.P.C 60.Y.V 60.W.C 60.U.V 60.K.c,2.0 1.5 1.75 1.3 0.8,puwog,0.0,2009.0
4825,knee,KALLAHAN KAYAPA PROPER,puwəg,p u w ə g,1 7 6 7 1,AXBYN,PYWEK,61.0,61.P.C 61.Y.V 61.W.C 61.E.V 61.K.c,2.0 1.5 1.75 1.3 0.8,puwəg,0.0,2009.0
4917,knee,KANKANAY NORTHERN,powəg,p o w ə g,1 7 6 7 1,AXBYN,PUWEK,63.0,63.P.C 63.U.V 63.W.C 63.E.V 63.K.c,2.0 1.5 1.75 1.3 0.8,powəg,0.0,2009.0
5101,knee,KINARAY A,tuhod,t u h o d,1 7 3 7 1,AXBYN,TYHUT,65.0,65.T.C 65.Y.V 65.H.C 65.U.V 65.T.c,2.0 1.5 1.75 1.3 0.8,tuhod,0.0,2001.0
5193,knee,KOREAN,murup,m u r u p,4 7 5 7 1,AXBYN,MYRYP,66.0,66.M.C 66.Y.V 66.R.C 66.Y.V 66.P.c,2.0 1.5 1.75 1.3 0.8,murup,0.0,2015.0
5285,knee,LEGAZPI,tuhud,t u h u d,1 7 3 7 1,AXBYN,TYHYT,67.0,67.T.C 67.Y.V 67.H.C 67.Y.V 67.T.c,2.0 1.5 1.75 1.3 0.8,tuhud,0.0,2001.0
5377,knee,LIBON,tuwud,t u w u d,1 7 6 7 1,AXBYN,TYWYT,68.0,68.T.C 68.Y.V 68.W.C 68.Y.V 68.T.c,2.0 1.5 1.75 1.3 0.8,tuwud,0.0,2001.0
5469,knee,LIVE,puola,p u o l a,1 7 7 5 7,AXYBZ,PYULA,69.0,69.P.C 69.Y.V 69.U.V 69.L.C 69.A.V,2.0 1.5 1.3 1.75 0.8,puola,0.0,2007.0
5561,knee,MAMANWA,tohod,t o h o d,1 7 3 7 1,AXBYN,TUHUT,70.0,70.T.C 70.U.V 70.H.C 70.U.V 70.T.c,2.0 1.5 1.75 1.3 0.8,tohod,0.0,2001.0
5653,knee,MANIDE,buʔluŋ,b u ʔ l u ŋ,1 7 1 5 7 4,AXBCYN,PYHLYN,73.0,73.P.C 73.Y.V 73.H.C 73.L.C 73.Y.V 73.N.c,2.0 1.5 1.75 1.5 1.3 0.8,buʔluŋ,0.0,2002.0
5745,knee,MANOBO ATA,buʔol,b u ʔ o l,1 7 1 7 5,AXBYN,PYHUL,74.0,74.P.C 74.Y.V 74.H.C 74.U.V 74.L.c,2.0 1.5 1.75 1.3 0.8,buʔol,0.0,2007.0
5837,knee,MANOBO DIBABAWON,aib,a i b,7 7 1,XYN,AIP,75.0,75.A.V 75.I.V 75.P.c,1.5 1.3 0.8,aib,0.0,2049.0
5929,knee,MANOBO ILIANEN,buʔəl,b u ʔ ə l,1 7 1 7 5,AXBYN,PYHEL,76.0,76.P.C 76.Y.V 76.H.C 76.E.V 76.L.c,2.0 1.5 1.75 1.3 0.8,buʔəl,0.0,2007.0
6021,knee,MANOBO KALAMANSIG COTABATO,lulud,l u l u d,5 7 5 7 1,AXBYN,LYLYT,77.0,77.L.C 77.Y.V 77.L.C 77.Y.V 77.T.c,2.0 1.5 1.75 1.3 0.8,lulud,0.0,2024.0
6113,knee,MANOBO SARANGANI,boʔol,b o ʔ o l,1 7 1 7 5,AXBYN,PUHUL,78.0,78.P.C 78.U.V 78.H.C 78.U.V 78.L.c,2.0 1.5 1.75 1.3 0.8,boʔol,0.0,2007.0
6205,knee,MANOBO TIGWA,buʔəl,b u ʔ ə l,1 7 1 7 5,AXBYN,PYHEL,79.0,79.P.C 79.Y.V 79.H.C 79.E.V 79.L.c,2.0 1.5 1.75 1.3 0.8,buʔəl,0.0,2007.0
6297,knee,MANOBO WESTERN BUKIDNON,buʔəl,b u ʔ ə l,1 7 1 7 5,AXBYN,PYHEL,80.0,80.P.C 80.Y.V 80.H.C 80.E.V 80.L.c,2.0 1.5 1.75 1.3 0.8,buʔəl,0.0,2007.0
6389,knee,MANSAKA,tuʔud,t u ʔ u d,1 7 1 7 1,AXBYN,TYHYT,81.0,81.T.C 81.Y.V 81.H.C 81.Y.V 81.T.c,2.0 1.5 1.75 1.3 0.8,tuʔud,0.0,2001.0
6849,knee,MOKSHA,elj,e l j,7 5 6,XBC,ELJ,86.0,86.E.V 86.L.C 86.J.C,1.5 1.75 1.5,elj,0.0,2056.0
6941,knee,MOLBOG,bulanbulan tukud,b u l a n b u l a n # t u k u d,1 7 5 7 4 1 7 5 7 4 9 1 7 1 7 1,AXBYMBYBYN_AXBYN,PYLANPYLAN_TYKYT,87.0,87.P.C 87.Y.V 87.L.C 87.A.V 87.N.c 87.P.C 87.Y.V 87.L.C 87.A.V 87.N.c 87._._ 87.T.C 87.Y.V 87.K.C 87.Y.V 87.T.c,2.0 1.5 1.75 1.3 1.1 1.75 1.3 1.75 1.3 0.8 0.0 2.0 1.5 1.75 1.3 0.8,bulanbulan#tukud,0.0,2057.0
7033,knee,MONGOLIAN,uwtug,u w t u g,7 6 1 7 1,XMBYN,YWTYK,88.0,88.Y.V 88.W.c 88.T.C 88.Y.V 88.K.c,1.5 1.1 1.75 1.3 0.8,uwtug,0.0,2009.0
7125,knee,MORO MAGINDANAU,alub,a l u b,7 5 7 1,XBYN,ALYP,89.0,89.A.V 89.L.C 89.Y.V 89.P.c,1.5 1.75 1.3 0.8,alub,0.0,2015.0
7217,knee,NORTHERN CATANDUANES,tuhud,t u h u d,1 7 3 7 1,AXBYN,TYHYT,90.0,90.T.C 90.Y.V 90.H.C 90.Y.V 90.T.c,2.0 1.5 1.75 1.3 0.8,tuhud,0.0,2001.0
7309,knee,NORTHERN SORSOGON,tuhud,t u h u d,1 7 3 7 1,AXBYN,TYHYT,91.0,91.T.C 91.Y.V 91.H.C 91.Y.V 91.T.c,2.0 1.5 1.75 1.3 0.8,tuhud,0.0,2001.0
7401,knee,OAS,tuʔud,t u ʔ u d,1 7 1 7 1,AXBYN,TYHYT,92.0,92.T.C 92.Y.V 92.H.C 92.Y.V 92.T.c,2.0 1.5 1.75 1.3 0.8,tuʔud,0.0,2001.0
7953,knee,ROMBLOMANON 2,tuhud,t u h u d,1 7 3 7 1,AXBYN,TYHYT,98.0,98.T.C 98.Y.V 98.H.C 98.Y.V 98.T.c,2.0 1.5 1.75 1.3 0.8,tuhud,0.0,2001.0
8045,knee,SAMAL,tuʔut,t u ʔ u t,1 7 1 7 1,AXBYN,TYHYT,99.0,99.T.C 99.Y.V 99.H.C 99.Y.V 99.T.c,2.0 1.5 1.75 1.3 0.8,tuʔut,0.0,2001.0
8137,knee,SAMBAL BOTOLAN,toʔol,t o ʔ o l,1 7 1 7 5,AXBYN,TUHUL,100.0,100.T.C 100.U.V 100.H.C 100.U.V 100.L.c,2.0 1.5 1.75 1.3 0.8,toʔol,0.0,2007.0
8229,knee,SANGIL SARANGANI ISLANDS,buku,b u k u,1 7 1 7,AXBZ,PYKY,101.0,101.P.C 101.Y.V 101.K.C 101.Y.V,2.0 1.5 1.75 0.8,buku,0.0,2007.0
8321,knee,SEDANG,kraŋ,k r a ŋ,1 5 7 4,ACXN,KRAN,102.0,102.K.C 102.R.C 102.A.V 102.N.c,2.0 1.5 1.5 0.8,kraŋ,0.0,2003.0
8597,knee,SOUTH SAAMI,boelvə,b o e l v ə,1 7 7 5 3 7,AXYMBZ,PUELBE,106.0,106.P.C 106.U.V 106.E.V 106.L.c 106.B.C 106.E.V,2.0 1.5 1.3 1.1 1.75 0.8,boelvə,0.0,2018.0
8689,knee,SOUTHERN CATANDUANES,tuhud,t u h u d,1 7 3 7 1,AXBYN,TYHYT,107.0,107.T.C 107.Y.V 107.H.C 107.Y.V 107.T.c,2.0 1.5 1.75 1.3 0.8,tuhud,0.0,2001.0
8781,knee,SOUTHERN SORSOGON,tuhud,t u h u d,1 7 3 7 1,AXBYN,TYHYT,109.0,109.T.C 109.Y.V 109.H.C 109.Y.V 109.T.c,2.0 1.5 1.75 1.3 0.8,tuhud,0.0,2001.0
8965,knee,SPANISH,rodija,r o d i j a,5 7 1 7 6 7,AXBYBZ,RUTIJA,111.0,111.R.C 111.U.V 111.T.C 111.I.V 111.J.C 111.A.V,2.0 1.5 1.75 1.3 1.75 0.8,rodija,0.0,2071.0
9057,knee,SUBANON SIOCON,glulud,g l u l u d,1 5 7 5 7 1,ACXBYN,KLYLYT,112.0,112.K.C 112.L.C 112.Y.V 112.L.C 112.Y.V 112.T.c,2.0 1.5 1.5 1.75 1.3 0.8,glulud,0.0,2024.0
9149,knee,SUBANUN SINDANGAN,dlulud,d l u l u d,1 5 7 5 7 1,ACXBYN,TLYLYT,113.0,113.T.C 113.L.C 113.Y.V 113.L.C 113.Y.V 113.T.c,2.0 1.5 1.5 1.75 1.3 0.8,dlulud,0.0,2024.0
9425,knee,TAGABILI,bukol,b u k o l,1 7 1 7 5,AXBYN,PYKUL,116.0,116.P.C 116.Y.V 116.K.C 116.U.V 116.L.c,2.0 1.5 1.75 1.3 0.8,bukol,0.0,2007.0
9517,knee,TAGALOG,tuhod,t u h o d,1 7 3 7 1,AXBYN,TYHUT,117.0,117.T.C 117.Y.V 117.H.C 117.U.V 117.T.c,2.0 1.5 1.75 1.3 0.8,tuhod,0.0,2001.0
9609,knee,TAGBANWA ABORLAN,tuʔud,t u ʔ u d,1 7 1 7 1,AXBYN,TYHYT,118.0,118.T.C 118.Y.V 118.H.C 118.Y.V 118.T.c,2.0 1.5 1.75 1.3 0.8,tuʔud,0.0,2001.0
9701,knee,TAGBANWA KALAMIAN,tuud,t uu d,1 7 1,AXN,TYT,119.0,119.T.C 119.Y.V 119.T.c,2.0 1.5 0.8,tuud,0.0,2001.0
9793,knee,TAUSUG,tuhud,t u h u d,1 7 3 7 1,AXBYN,TYHYT,120.0,120.T.C 120.Y.V 120.H.C 120.Y.V 120.T.c,2.0 1.5 1.75 1.3 0.8,tuhud,0.0,2001.0
9977,knee,TIRURAY,etur,e t u r,7 1 7 5,XBYN,ETYR,122.0,122.E.V 122.T.C 122.Y.V 122.R.c,1.5 1.75 1.3 0.8,etur,0.0,2079.0
10069,knee,TURKISH,diz,d i z,1 7 3,AXN,TIS,123.0,123.T.C 123.I.V 123.S.c,2.0 1.5 0.8,diz,0.0,2001.0
10161,knee,UGARITIC,brk,b r k,1 5 1,AXN,PRK,124.0,124.P.C 124.R.V 124.K.c,2.0 1.5 0.8,brk,0.0,2081.0
10253,knee,UMIRAY DUMAGET AGTA,tud,t u d,1 7 1,AXN,TYT,125.0,125.T.C 125.Y.V 125.T.c,2.0 1.5 0.8,tud,0.0,2001.0
10529,knee,YOGAD,tud,t u d,1 7 1,AXN,TYT,128.0,128.T.C 128.Y.V 128.T.c,2.0 1.5 0.8,tud,0.0,2001.0
10621,knee,ZAMBOANGUENO,rudilja,r u d i l j a,5 7 1 7 5 6 7,AXBYBCZ,RYTILJA,129.0,129.R.C 129.Y.V 129.T.C 129.I.V 129.L.C 129.J.C 129.A.V,2.0 1.5 1.75 1.3 1.75 1.5 0.8,rudilja,0.0,2071.0
11541,knee,MANDAYAN BOSO,tuʔud,t u ʔ u d,1 7 1 7 1,AXBYN,TYHYT,71.0,71.T.C 71.Y.V 71.H.C 71.Y.V 71.T.c,2.0 1.5 1.75 1.3 0.8,tuʔud,0.0,2001.0
11633,knee,MANDAYAN ISLAM PISO,tuud,t uu d,1 7 1,AXN,TYT,72.0,72.T.C 72.Y.V 72.T.c,2.0 1.5 0.8,tuud,0.0,2001.0
778,know,BASQUE,jakin,j a k i n,6 7 1 7 4,AXBYN,JAKIN,10.0,10.J.C 10.A.V 10.K.C 10.I.V 10.N.c,2.0 1.5 1.75 1.3 0.8,jakin,0.0,2082.0
1422,know,BUKIDNON BINUKID,katuon,k a t u o n,1 7 1 7 7 4,AXBYYN,KATYUN,18.0,18.K.C 18.A.V 18.T.C 18.Y.V 18.U.V 18.N.c,2.0 1.5 1.75 1.3 1.3 0.8,katuon,0.0,2083.0
2250,know,ENGLISH,no,n o,4 7,AX,NU,28.0,28.N.C 28.U.V,2.0 1.5,no,0.0,2084.0
2434,know,ESTONIAN,tead,t e a d,1 7 7 1,AXYN,TEAT,30.0,30.T.C 30.E.V 30.A.V 30.T.c,2.0 1.5 1.3 0.8,tead,0.0,2085.0
2526,know,FINNISH,tietE,t i e t,1 7 7 1,AXYN,TIET,32.0,32.T.C 32.I.V 32.E.V 32.T.c,2.0 1.5 1.3 0.8,tiet,0.0,2085.0
2802,know,HANUNOO,magka,m a g k a,4 7 1 1 7,AXMBZ,MAKKA,35.0,35.M.C 35.A.V 35.K.c 35.K.C 35.A.V,2.0 1.5 1.1 1.75 0.8,magka,0.0,2087.0
2894,know,HIGAONON BINUKID,katuon,k a t u o n,1 7 1 7 7 4,AXBYYN,KATYUN,36.0,36.K.C 36.A.V 36.T.C 36.Y.V 36.U.V 36.N.c,2.0 1.5 1.75 1.3 1.3 0.8,katuon,0.0,2083.0
2986,know,HUNGARIAN,tud,t u d,1 7 1,AXN,TYT,38.0,38.T.C 38.Y.V 38.T.c,2.0 1.5 0.8,tud,0.0,2085.0
4274,know,JAPANESE,Si,i,7,X,I,54.0,54.I.V,1.5,i,1.0,2091.0
5010,know,KAPAMPANGAN,balwan,b a lw a n,1 7 5 7 4,AXBYN,PALAN,64.0,64.P.C 64.A.V 64.L.C 64.A.V 64.N.c,2.0 1.5 1.75 1.3 0.8,balwan,0.0,2092.0
5194,know,KOREAN,al,a l,7 5,XN,AL,66.0,66.A.V 66.L.c,1.5 0.8,al,1.0,2093.0
6850,know,MOKSHA,sodams,s o d a ms,3 7 1 7 4,AXBYN,SUTAM,86.0,86.S.C 86.U.V 86.T.C 86.A.V 86.M.c,2.0 1.5 1.75 1.3 0.8,sodams,0.0,2094.0
8322,know,SEDANG,nai,n a i,4 7 7,AXZ,NAI,102.0,102.N.C 102.A.V 102.I.V,2.0 1.5 0.8,nai,0.0,2084.0
8966,know,SPANISH,sabe,s a b e,3 7 1 7,AXBZ,SAPE,111.0,111.S.C 111.A.V 111.P.C 111.E.V,2.0 1.5 1.75 0.8,sabe,0.0,2096.0
9518,know,TAGALOG,alam,a l a m,7 5 7 4,XBYN,ALAM,117.0,117.A.V 117.L.C 117.A.V 117.M.c,1.5 1.75 1.3 0.8,alam,0.0,2092.0
10070,know,TURKISH,bil,b i l,1 7 5,AXN,PIL,123.0,123.P.C 123.I.V 123.L.c,2.0 1.5 0.8,bil,0.0,2093.0
10714,know,IMOROD,teneŋ,t e n e ŋ,1 7 4 7 4,AXBYN,TENEN,46.0,46.T.C 46.E.V 46.N.C 46.E.V 46.N.c,2.0 1.5 1.75 1.3 0.8,teneŋ,0.0,2083.0
43,leaf,AGTA,don,d o n,1 7 4,AXN,TUN,1.0,1.T.C 1.U.V 1.N.c,2.0 1.5 0.8,don,0.0,2104.0
135,leaf,AKLANON,dahun,d a h u n,1 7 3 7 4,AXBYN,TAHYN,2.0,2.T.C 2.A.V 2.H.C 2.Y.V 2.N.c,2.0 1.5 1.75 1.3 0.8,dahun,0.0,2104.0
227,leaf,ARTA,don,d o n,1 7 4,AXN,TUN,3.0,3.T.C 3.U.V 3.N.c,2.0 1.5 0.8,don,0.0,2104.0
319,leaf,ATTA PAMPLONA,don,d o n,1 7 4,AXN,TUN,4.0,4.T.C 4.U.V 4.N.c,2.0 1.5 0.8,don,0.0,2104.0
503,leaf,BALANGAW,tubu,t u b u,1 7 1 7,AXBZ,TYPY,7.0,7.T.C 7.Y.V 7.P.C 7.Y.V,2.0 1.5 1.75 0.8,tubu,0.0,2125.0
595,leaf,BALANGINGI SAMA,dahun,d a h u n,1 7 3 7 4,AXBYN,TAHYN,8.0,8.T.C 8.A.V 8.H.C 8.Y.V 8.N.c,2.0 1.5 1.75 1.3 0.8,dahun,0.0,2104.0
687,leaf,BANTON BANTOANON,rahon,r a h o n,5 7 3 7 4,AXBYN,RAHUN,9.0,9.R.C 9.A.V 9.H.C 9.U.V 9.N.c,2.0 1.5 1.75 1.3 0.8,rahon,0.0,2104.0
779,leaf,BASQUE,hosto,h o s t o,3 7 3 1 7,AXMBZ,HUSTU,10.0,10.H.C 10.U.V 10.S.c 10.T.C 10.U.V,2.0 1.5 1.1 1.75 0.8,hosto,0.0,2105.0
871,leaf,BATAK PALAWAN,daun,d a u n,1 7 7 4,AXYN,TAYN,11.0,11.T.C 11.A.V 11.Y.V 11.N.c,2.0 1.5 1.3 0.8,daun,0.0,2104.0
963,leaf,BILAAN KORONADAL,doʔon,d o ʔ o n,1 7 1 7 4,AXBYN,TUHUN,12.0,12.T.C 12.U.V 12.H.C 12.U.V 12.N.c,2.0 1.5 1.75 1.3 0.8,doʔon,0.0,2104.0
1055,leaf,BILAAN SARANGANI,doʔon,d o ʔ o n,1 7 1 7 4,AXBYN,TUHUN,13.0,13.T.C 13.U.V 13.H.C 13.U.V 13.N.c,2.0 1.5 1.75 1.3 0.8,doʔon,0.0,2104.0
1147,leaf,BONGGI,doudn,d o u d n,1 7 7 1 4,AXYBC,TUYTN,15.0,15.T.C 15.U.V 15.Y.V 15.T.C 15.N.C,2.0 1.5 1.3 1.75 1.5,doudn,0.0,2110.0
1239,leaf,BONTOC GUINAANG,tobo,t o b o,1 7 1 7,AXBZ,TUPU,16.0,16.T.C 16.U.V 16.P.C 16.U.V,2.0 1.5 1.75 0.8,tobo,0.0,2125.0
1331,leaf,BUHI,dawun,d a w u n,1 7 6 7 4,AXBYN,TAWYN,17.0,17.T.C 17.A.V 17.W.C 17.Y.V 17.N.c,2.0 1.5 1.75 1.3 0.8,dawun,0.0,2104.0
1423,leaf,BUKIDNON BINUKID,dahon,d a h o n,1 7 3 7 4,AXBYN,TAHUN,18.0,18.T.C 18.A.V 18.H.C 18.U.V 18.N.c,2.0 1.5 1.75 1.3 0.8,dahon,0.0,2104.0
1515,leaf,BUTUANON,dahon,d a h o n,1 7 3 7 4,AXBYN,TAHUN,19.0,19.T.C 19.A.V 19.H.C 19.U.V 19.N.c,2.0 1.5 1.75 1.3 0.8,dahon,0.0,2104.0
1699,leaf,CEBUANO,dahun,d a h u n,1 7 3 7 4,AXBYN,TAHYN,22.0,22.T.C 22.A.V 22.H.C 22.Y.V 22.N.c,2.0 1.5 1.75 1.3 0.8,dahun,0.0,2104.0
1791,leaf,CENTRAL TAGBANWA,daon,d a o n,1 7 7 4,AXYN,TAUN,23.0,23.T.C 23.A.V 23.U.V 23.N.c,2.0 1.5 1.3 0.8,daon,0.0,2104.0
1883,leaf,CUYONON,dawn,d a w n,1 7 6 4,AXLN,TAWN,24.0,24.T.C 24.A.V 24.W.c 24.N.c,2.0 1.5 1.1 0.8,dawn,0.0,2104.0
1975,leaf,DARAGA,dawun,d a w u n,1 7 6 7 4,AXBYN,TAWYN,25.0,25.T.C 25.A.V 25.W.C 25.Y.V 25.N.c,2.0 1.5 1.75 1.3 0.8,dawun,0.0,2104.0
2067,leaf,DUMAGAT CASIGURAN,don,d o n,1 7 4,AXN,TUN,26.0,26.T.C 26.U.V 26.N.c,2.0 1.5 0.8,don,0.0,2104.0
2159,leaf,DUPANINGAN AGTA,don,d o n,1 7 4,AXN,TUN,27.0,27.T.C 27.U.V 27.N.c,2.0 1.5 0.8,don,0.0,2104.0
2251,leaf,ENGLISH,lif,l i f,5 7 3,AXN,LIB,28.0,28.L.C 28.I.V 28.B.c,2.0 1.5 0.8,lif,0.0,2122.0
2343,leaf,ESKAYAN,saliti,s a l i t i,3 7 5 7 1 7,AXBYBZ,SALITI,29.0,29.S.C 29.A.V 29.L.C 29.I.V 29.T.C 29.I.V,2.0 1.5 1.75 1.3 1.75 0.8,saliti,0.0,2123.0
2435,leaf,ESTONIAN,let,l e t,5 7 1,AXN,LET,30.0,30.L.C 30.E.V 30.T.c,2.0 1.5 0.8,let,0.0,2123.0
2527,leaf,FINNISH,lehti,l e h t i,5 7 3 1 7,AXMBZ,LEHTI,32.0,32.L.C 32.E.V 32.H.c 32.T.C 32.I.V,2.0 1.5 1.1 1.75 0.8,lehti,0.0,2105.0
2619,leaf,FUZHOU CHINESE,nuok,n u o k,4 7 7 1,AXYN,NYUK,33.0,33.N.C 33.Y.V 33.U.V 33.K.c,2.0 1.5 1.3 0.8,nuok,0.0,2127.0
2711,leaf,GADDANG,adon,a d o n,7 1 7 4,XBYN,ATUN,34.0,34.A.V 34.T.C 34.U.V 34.N.c,1.5 1.75 1.3 0.8,adon,0.0,2104.0
2803,leaf,HANUNOO,labuŋ,l a b u ŋ,5 7 1 7 4,AXBYN,LAPYN,35.0,35.L.C 35.A.V 35.P.C 35.Y.V 35.N.c,2.0 1.5 1.75 1.3 0.8,labuŋ,0.0,2122.0
2895,leaf,HIGAONON BINUKID,dahon,d a h o n,1 7 3 7 4,AXBYN,TAHUN,36.0,36.T.C 36.A.V 36.H.C 36.U.V 36.N.c,2.0 1.5 1.75 1.3 0.8,dahon,0.0,2104.0
2987,leaf,HUNGARIAN,level,l e v e l,5 7 3 7 5,AXBYN,LEBEL,38.0,38.L.C 38.E.V 38.B.C 38.E.V 38.L.c,2.0 1.5 1.75 1.3 0.8,level,0.0,2122.0
3079,leaf,IBANAG,don,d o n,1 7 4,AXN,TUN,39.0,39.T.C 39.U.V 39.N.c,2.0 1.5 0.8,don,0.0,2104.0
3171,leaf,IDAAN,daun,d a u n,1 7 7 4,AXYN,TAYN,40.0,40.T.C 40.A.V 40.Y.V 40.N.c,2.0 1.5 1.3 0.8,daun,0.0,2104.0
3263,leaf,IFUGAO AMGANAD,tubu,t u b u,1 7 1 7,AXBZ,TYPY,41.0,41.T.C 41.Y.V 41.P.C 41.Y.V,2.0 1.5 1.75 0.8,tubu,0.0,2125.0
3355,leaf,IFUGAO BATAD,pajaʔ,p a j a ʔ,1 7 6 7 1,AXBYN,PAJAH,42.0,42.P.C 42.A.V 42.J.C 42.A.V 42.H.c,2.0 1.5 1.75 1.3 0.8,pajaʔ,0.0,2136.0
3447,leaf,IFUGAO BAYNINAN,tubu,t u b u,1 7 1 7,AXBZ,TYPY,43.0,43.T.C 43.Y.V 43.P.C 43.Y.V,2.0 1.5 1.75 0.8,tubu,0.0,2125.0
3539,leaf,ILOKANO,buloŋ,b u l o ŋ,1 7 5 7 4,AXBYN,PYLUN,44.0,44.P.C 44.Y.V 44.L.C 44.U.V 44.N.c,2.0 1.5 1.75 1.3 0.8,buloŋ,0.0,2139.0
3631,leaf,ILONGOT KAKIDUGEN,buŋ,b u ŋ,1 7 4,AXN,PYN,45.0,45.P.C 45.Y.V 45.N.c,2.0 1.5 0.8,buŋ,0.0,2139.0
3723,leaf,INIBALOI,boloŋ,b o l o ŋ,1 7 5 7 4,AXBYN,PULUN,48.0,48.P.C 48.U.V 48.L.C 48.U.V 48.N.c,2.0 1.5 1.75 1.3 0.8,boloŋ,0.0,2139.0
3815,leaf,IRANUN,raun,r a u n,5 7 7 4,AXYN,RAYN,49.0,49.R.C 49.A.V 49.Y.V 49.N.c,2.0 1.5 1.3 0.8,raun,0.0,2104.0
3907,leaf,IRIGA,dawun,d a w u n,1 7 6 7 4,AXBYN,TAWYN,50.0,50.T.C 50.A.V 50.W.C 50.Y.V 50.N.c,2.0 1.5 1.75 1.3 0.8,dawun,0.0,2104.0
3999,leaf,ISNAG,adon,a d o n,7 1 7 4,XBYN,ATUN,51.0,51.A.V 51.T.C 51.U.V 51.N.c,1.5 1.75 1.3 0.8,adon,0.0,2104.0
4091,leaf,ITAWIT,don,d o n,1 7 4,AXN,TUN,52.0,52.T.C 52.U.V 52.N.c,2.0 1.5 0.8,don,0.0,2104.0
4183,leaf,ITNEG BINONGAN,tobo,t o b o,1 7 1 7,AXBZ,TUPU,53.0,53.T.C 53.U.V 53.P.C 53.U.V,2.0 1.5 1.75 0.8,tobo,0.0,2125.0
4275,leaf,JAPANESE,kono ha,k o n o # h a,1 7 4 7 9 3 7,AXBZ_AX,KUNU_HA,54.0,54.K.C 54.U.V 54.N.C 54.U.V 54._._ 54.H.C 54.A.V,2.0 1.5 1.75 0.8 0.0 2.0 1.5,kono#ha,0.0,2148.0
4367,leaf,KADAZAN,lon,l o n,5 7 4,AXN,LUN,55.0,55.L.C 55.U.V 55.N.c,2.0 1.5 0.8,lon,0.0,2139.0
4459,leaf,KAGAYANEN,daun,d a u n,1 7 7 4,AXYN,TAYN,56.0,56.T.C 56.A.V 56.Y.V 56.N.c,2.0 1.5 1.3 0.8,daun,0.0,2104.0
4551,leaf,KALAGAN,dawun,d a w u n,1 7 6 7 4,AXBYN,TAWYN,57.0,57.T.C 57.A.V 57.W.C 57.Y.V 57.N.c,2.0 1.5 1.75 1.3 0.8,dawun,0.0,2104.0
4643,leaf,KALINGA GUINAANG,tubu,t u b u,1 7 1 7,AXBZ,TYPY,59.0,59.T.C 59.Y.V 59.P.C 59.Y.V,2.0 1.5 1.75 0.8,tubu,0.0,2125.0
4735,leaf,KALINGA LIMOS,tubu,t u b u,1 7 1 7,AXBZ,TYPY,60.0,60.T.C 60.Y.V 60.P.C 60.Y.V,2.0 1.5 1.75 0.8,tubu,0.0,2125.0
4827,leaf,KALLAHAN KAYAPA PROPER,buluŋ,b u l u ŋ,1 7 5 7 4,AXBYN,PYLYN,61.0,61.P.C 61.Y.V 61.L.C 61.Y.V 61.N.c,2.0 1.5 1.75 1.3 0.8,buluŋ,0.0,2139.0
4919,leaf,KANKANAY NORTHERN,tobo,t o b o,1 7 1 7,AXBZ,TUPU,63.0,63.T.C 63.U.V 63.P.C 63.U.V,2.0 1.5 1.75 0.8,tobo,0.0,2125.0
5011,leaf,KAPAMPANGAN,buluŋ,b u l u ŋ,1 7 5 7 4,AXBYN,PYLYN,64.0,64.P.C 64.Y.V 64.L.C 64.Y.V 64.N.c,2.0 1.5 1.75 1.3 0.8,buluŋ,0.0,2139.0
5195,leaf,KOREAN,iph,i ph,7 1,XN,IP,66.0,66.I.V 66.P.c,1.5 0.8,iph,0.0,2158.0
5287,leaf,LEGAZPI,dahun,d a h u n,1 7 3 7 4,AXBYN,TAHYN,67.0,67.T.C 67.A.V 67.H.C 67.Y.V 67.N.c,2.0 1.5 1.75 1.3 0.8,dahun,0.0,2104.0
5379,leaf,LIBON,dawun,d a w u n,1 7 6 7 4,AXBYN,TAWYN,68.0,68.T.C 68.A.V 68.W.C 68.Y.V 68.N.c,2.0 1.5 1.75 1.3 0.8,dawun,0.0,2104.0
5471,leaf,LIVE,ljed,l j e d,5 6 7 1,ACXN,LJET,69.0,69.L.C 69.J.C 69.E.V 69.T.c,2.0 1.5 1.5 0.8,ljed,0.0,2123.0
5563,leaf,MAMANWA,dahon,d a h o n,1 7 3 7 4,AXBYN,TAHUN,70.0,70.T.C 70.A.V 70.H.C 70.U.V 70.N.c,2.0 1.5 1.75 1.3 0.8,dahon,0.0,2104.0
5655,leaf,MANIDE,dahun,d a h u n,1 7 3 7 4,AXBYN,TAHYN,73.0,73.T.C 73.A.V 73.H.C 73.Y.V 73.N.c,2.0 1.5 1.75 1.3 0.8,dahun,0.0,2104.0
5747,leaf,MANOBO ATA,doun,d o u n,1 7 7 4,AXYN,TUYN,74.0,74.T.C 74.U.V 74.Y.V 74.N.c,2.0 1.5 1.3 0.8,doun,0.0,2104.0
5839,leaf,MANOBO DIBABAWON,dəhun,d ə h u n,1 7 3 7 4,AXBYN,TEHYN,75.0,75.T.C 75.E.V 75.H.C 75.Y.V 75.N.c,2.0 1.5 1.75 1.3 0.8,dəhun,0.0,2104.0
5931,leaf,MANOBO ILIANEN,dawun,d a w u n,1 7 6 7 4,AXBYN,TAWYN,76.0,76.T.C 76.A.V 76.W.C 76.Y.V 76.N.c,2.0 1.5 1.75 1.3 0.8,dawun,0.0,2104.0
6023,leaf,MANOBO KALAMANSIG COTABATO,daʔun,d a ʔ u n,1 7 1 7 4,AXBYN,TAHYN,77.0,77.T.C 77.A.V 77.H.C 77.Y.V 77.N.c,2.0 1.5 1.75 1.3 0.8,daʔun,0.0,2104.0
6115,leaf,MANOBO SARANGANI,dawon,d a w o n,1 7 6 7 4,AXBYN,TAWUN,78.0,78.T.C 78.A.V 78.W.C 78.U.V 78.N.c,2.0 1.5 1.75 1.3 0.8,dawon,0.0,2104.0
6207,leaf,MANOBO TIGWA,dəun,d ə u n,1 7 7 4,AXYN,TEYN,79.0,79.T.C 79.E.V 79.Y.V 79.N.c,2.0 1.5 1.3 0.8,dəun,0.0,2104.0
6299,leaf,MANOBO WESTERN BUKIDNON,dahun,d a h u n,1 7 3 7 4,AXBYN,TAHYN,80.0,80.T.C 80.A.V 80.H.C 80.Y.V 80.N.c,2.0 1.5 1.75 1.3 0.8,dahun,0.0,2104.0
6391,leaf,MANSAKA,daʔun,d a ʔ u n,1 7 1 7 4,AXBYN,TAHYN,81.0,81.T.C 81.A.V 81.H.C 81.Y.V 81.N.c,2.0 1.5 1.75 1.3 0.8,daʔun,0.0,2104.0
6483,leaf,MAPUN,dawun,d a w u n,1 7 6 7 4,AXBYN,TAWYN,82.0,82.T.C 82.A.V 82.W.C 82.Y.V 82.N.c,2.0 1.5 1.75 1.3 0.8,dawun,0.0,2104.0
6575,leaf,MARANAO,raʔon,r a ʔ o n,5 7 1 7 4,AXBYN,RAHUN,83.0,83.R.C 83.A.V 83.H.C 83.U.V 83.N.c,2.0 1.5 1.75 1.3 0.8,raʔon,0.0,2104.0
6667,leaf,MASBATENYO,dahon,d a h o n,1 7 3 7 4,AXBYN,TAHUN,84.0,84.T.C 84.A.V 84.H.C 84.U.V 84.N.c,2.0 1.5 1.75 1.3 0.8,dahon,0.0,2104.0
6759,leaf,MINANGALI LOWER TANUDAN KALINGA,tubu,t u b u,1 7 1 7,AXBZ,TYPY,85.0,85.T.C 85.Y.V 85.P.C 85.Y.V,2.0 1.5 1.75 0.8,tubu,0.0,2125.0
6851,leaf,MOKSHA,lopa,l o p a,5 7 1 7,AXBZ,LUPA,86.0,86.L.C 86.U.V 86.P.C 86.A.V,2.0 1.5 1.75 0.8,lopa,0.0,2122.0
6943,leaf,MOLBOG,doʔun,d o ʔ u n,1 7 1 7 4,AXBYN,TUHYN,87.0,87.T.C 87.U.V 87.H.C 87.Y.V 87.N.c,2.0 1.5 1.75 1.3 0.8,doʔun,0.0,2104.0
7035,leaf,MONGOLIAN,nawCh,n a w,4 7 6,AXN,NAW,88.0,88.N.C 88.A.V 88.W.c,2.0 1.5 0.8,naw,0.0,2178.0
7127,leaf,MORO MAGINDANAU,laun,l a u n,5 7 7 4,AXYN,LAYN,89.0,89.L.C 89.A.V 89.Y.V 89.N.c,2.0 1.5 1.3 0.8,laun,0.0,2139.0
7219,leaf,NORTHERN CATANDUANES,dahun,d a h u n,1 7 3 7 4,AXBYN,TAHYN,90.0,90.T.C 90.A.V 90.H.C 90.Y.V 90.N.c,2.0 1.5 1.75 1.3 0.8,dahun,0.0,2104.0
7311,leaf,NORTHERN SORSOGON,dahun,d a h u n,1 7 3 7 4,AXBYN,TAHYN,91.0,91.T.C 91.A.V 91.H.C 91.Y.V 91.N.c,2.0 1.5 1.75 1.3 0.8,dahun,0.0,2104.0
7403,leaf,OAS,dawun,d a w u n,1 7 6 7 4,AXBYN,TAWYN,92.0,92.T.C 92.A.V 92.W.C 92.Y.V 92.N.c,2.0 1.5 1.75 1.3 0.8,dawun,0.0,2104.0
7495,leaf,PALAWANO BATAK,daun,d a u n,1 7 7 4,AXYN,TAYN,93.0,93.T.C 93.A.V 93.Y.V 93.N.c,2.0 1.5 1.3 0.8,daun,0.0,2104.0
7587,leaf,PANGASINAN,buloŋ,b u l o ŋ,1 7 5 7 4,AXBYN,PYLUN,94.0,94.P.C 94.Y.V 94.L.C 94.U.V 94.N.c,2.0 1.5 1.75 1.3 0.8,buloŋ,0.0,2139.0
7679,leaf,PANGUTARAN SAMA,daun,d a u n,1 7 7 4,AXYN,TAYN,95.0,95.T.C 95.A.V 95.Y.V 95.N.c,2.0 1.5 1.3 0.8,daun,0.0,2104.0
7771,leaf,PROTO PALAWAN,daʔun,d a ʔ u n,1 7 1 7 4,AXBYN,TAHYN,96.0,96.T.C 96.A.V 96.H.C 96.Y.V 96.N.c,2.0 1.5 1.75 1.3 0.8,daʔun,0.0,2104.0
7863,leaf,QUEZON PALAWAN,dəʔun,d ə ʔ u n,1 7 1 7 4,AXBYN,TEHYN,97.0,97.T.C 97.E.V 97.H.C 97.Y.V 97.N.c,2.0 1.5 1.75 1.3 0.8,dəʔun,0.0,2104.0
7955,leaf,ROMBLOMANON 2,dahun,d a h u n,1 7 3 7 4,AXBYN,TAHYN,98.0,98.T.C 98.A.V 98.H.C 98.Y.V 98.N.c,2.0 1.5 1.75 1.3 0.8,dahun,0.0,2104.0
8047,leaf,SAMAL,daun,d a u n,1 7 7 4,AXYN,TAYN,99.0,99.T.C 99.A.V 99.Y.V 99.N.c,2.0 1.5 1.3 0.8,daun,0.0,2104.0
8139,leaf,SAMBAL BOTOLAN,boloŋ,b o l o ŋ,1 7 5 7 4,AXBYN,PULUN,100.0,100.P.C 100.U.V 100.L.C 100.U.V 100.N.c,2.0 1.5 1.75 1.3 0.8,boloŋ,0.0,2139.0
8231,leaf,SANGIL SARANGANI ISLANDS,dauŋ,d a u ŋ,1 7 7 4,AXYN,TAYN,101.0,101.T.C 101.A.V 101.Y.V 101.N.c,2.0 1.5 1.3 0.8,dauŋ,0.0,2104.0
8323,leaf,SEDANG,hla,h l a,3 5 7,ACX,HLA,102.0,102.H.C 102.L.C 102.A.V,2.0 1.5 1.5,hla,1.0,2192.0
8415,leaf,SIBUTU SOUTHERN SAMA,down,d o w n,1 7 6 4,AXLN,TUWN,103.0,103.T.C 103.U.V 103.W.c 103.N.c,2.0 1.5 1.1 0.8,down,0.0,2104.0
8507,leaf,SOGODNIN BORACAY,dahon,d a h o n,1 7 3 7 4,AXBYN,TAHUN,105.0,105.T.C 105.A.V 105.H.C 105.U.V 105.N.c,2.0 1.5 1.75 1.3 0.8,dahon,0.0,2104.0
8599,leaf,SOUTH SAAMI,lastə,l a s t ə,5 7 3 1 7,AXMBZ,LASTE,106.0,106.L.C 106.A.V 106.S.c 106.T.C 106.E.V,2.0 1.5 1.1 1.75 0.8,lastə,0.0,2105.0
8691,leaf,SOUTHERN CATANDUANES,dahun,d a h u n,1 7 3 7 4,AXBYN,TAHYN,107.0,107.T.C 107.A.V 107.H.C 107.Y.V 107.N.c,2.0 1.5 1.75 1.3 0.8,dahun,0.0,2104.0
8783,leaf,SOUTHERN SORSOGON,dahun,d a h u n,1 7 3 7 4,AXBYN,TAHYN,109.0,109.T.C 109.A.V 109.H.C 109.Y.V 109.N.c,2.0 1.5 1.75 1.3 0.8,dahun,0.0,2104.0
8875,leaf,SOUTHWEST PALAWANO,deon,d e o n,1 7 7 4,AXYN,TEUN,110.0,110.T.C 110.E.V 110.U.V 110.N.c,2.0 1.5 1.3 0.8,deon,0.0,2104.0
8967,leaf,SPANISH,oha,o h a,7 3 7,XBZ,UHA,111.0,111.U.V 111.H.C 111.A.V,1.5 1.75 0.8,oha,0.0,2201.0
9059,leaf,SUBANON SIOCON,daon,d a o n,1 7 7 4,AXYN,TAUN,112.0,112.T.C 112.A.V 112.U.V 112.N.c,2.0 1.5 1.3 0.8,daon,0.0,2104.0
9151,leaf,SUBANUN SINDANGAN,doon,d oo n,1 7 4,AXN,TUN,113.0,113.T.C 113.U.V 113.N.c,2.0 1.5 0.8,doon,0.0,2104.0
9243,leaf,SURIGAONON,dahon,d a h o n,1 7 3 7 4,AXBYN,TAHUN,114.0,114.T.C 114.A.V 114.H.C 114.U.V 114.N.c,2.0 1.5 1.75 1.3 0.8,dahon,0.0,2104.0
9335,leaf,TAGABAWA,daun,d a u n,1 7 7 4,AXYN,TAYN,115.0,115.T.C 115.A.V 115.Y.V 115.N.c,2.0 1.5 1.3 0.8,daun,0.0,2104.0
9427,leaf,TAGABILI,doʔun,d o ʔ u n,1 7 1 7 4,AXBYN,TUHYN,116.0,116.T.C 116.U.V 116.H.C 116.Y.V 116.N.c,2.0 1.5 1.75 1.3 0.8,doʔun,0.0,2104.0
9519,leaf,TAGALOG,dahon,d a h o n,1 7 3 7 4,AXBYN,TAHUN,117.0,117.T.C 117.A.V 117.H.C 117.U.V 117.N.c,2.0 1.5 1.75 1.3 0.8,dahon,0.0,2104.0
9611,leaf,TAGBANWA ABORLAN,daʔun,d a ʔ u n,1 7 1 7 4,AXBYN,TAHYN,118.0,118.T.C 118.A.V 118.H.C 118.Y.V 118.N.c,2.0 1.5 1.75 1.3 0.8,daʔun,0.0,2104.0
9703,leaf,TAGBANWA KALAMIAN,kəlad,k ə l a d,1 7 5 7 1,AXBYN,KELAT,119.0,119.K.C 119.E.V 119.L.C 119.A.V 119.T.c,2.0 1.5 1.75 1.3 0.8,kəlad,0.0,2123.0
9795,leaf,TAUSUG,dahun,d a h u n,1 7 3 7 4,AXBYN,TAHYN,120.0,120.T.C 120.A.V 120.H.C 120.Y.V 120.N.c,2.0 1.5 1.75 1.3 0.8,dahun,0.0,2104.0
9887,leaf,TIMUGON MURUT,daun,d a u n,1 7 7 4,AXYN,TAYN,121.0,121.T.C 121.A.V 121.Y.V 121.N.c,2.0 1.5 1.3 0.8,daun,0.0,2104.0
9979,leaf,TIRURAY,daʔun,d a ʔ u n,1 7 1 7 4,AXBYN,TAHYN,122.0,122.T.C 122.A.V 122.H.C 122.Y.V 122.N.c,2.0 1.5 1.75 1.3 0.8,daʔun,0.0,2104.0
10071,leaf,TURKISH,jeprak,j e p r a k,6 7 1 5 7 1,AXBCYN,JEPRAK,123.0,123.J.C 123.E.V 123.P.C 123.R.C 123.A.V 123.K.c,2.0 1.5 1.75 1.5 1.3 0.8,jeprak,0.0,2213.0
10255,leaf,UMIRAY DUMAGET AGTA,agid,a g i d,7 1 7 1,XBYN,AKIT,125.0,125.A.V 125.K.C 125.I.V 125.T.c,1.5 1.75 1.3 0.8,agid,0.0,2214.0
10347,leaf,WARAY WARAY,dahon,d a h o n,1 7 3 7 4,AXBYN,TAHUN,126.0,126.T.C 126.A.V 126.H.C 126.U.V 126.N.c,2.0 1.5 1.75 1.3 0.8,dahon,0.0,2104.0
10439,leaf,YAKAN,dawen,d a w e n,1 7 6 7 4,AXBYN,TAWEN,127.0,127.T.C 127.A.V 127.W.C 127.E.V 127.N.c,2.0 1.5 1.75 1.3 0.8,dawen,0.0,2104.0
10531,leaf,YOGAD,don,d o n,1 7 4,AXN,TUN,128.0,128.T.C 128.U.V 128.N.c,2.0 1.5 0.8,don,0.0,2104.0
10623,leaf,ZAMBOANGUENO,ohas,o h a s,7 3 7 3,XBYN,UHAS,129.0,129.U.V 129.H.C 129.A.V 129.S.c,1.5 1.75 1.3 0.8,ohas,0.0,2201.0
10715,leaf,IMOROD,vohoŋ,v o h o ŋ,3 7 3 7 4,AXBYN,BUHUN,46.0,46.B.C 46.U.V 46.H.C 46.U.V 46.N.c,2.0 1.5 1.75 1.3 0.8,vohoŋ,0.0,2104.0
10807,leaf,BABUYAN,bohoŋ,b o h o ŋ,1 7 3 7 4,AXBYN,PUHUN,5.0,5.P.C 5.U.V 5.H.C 5.U.V 5.N.c,2.0 1.5 1.75 1.3 0.8,bohoŋ,0.0,2104.0
10899,leaf,BISAYA SABAH,dun,d u n,1 7 4,AXN,TYN,14.0,14.T.C 14.Y.V 14.N.c,2.0 1.5 0.8,dun,0.0,2104.0
10991,leaf,CAPIZNON,dahon,d a h o n,1 7 3 7 4,AXBYN,TAHUN,21.0,21.T.C 21.A.V 21.H.C 21.U.V 21.N.c,2.0 1.5 1.75 1.3 0.8,dahon,0.0,2104.0
11083,leaf,FINALLIG,tofo,t o f o,1 7 3 7,AXBZ,TUBU,31.0,31.T.C 31.U.V 31.B.C 31.U.V,2.0 1.5 1.75 0.8,tofo,0.0,2125.0
11175,leaf,HILIGAYNON,dahon,d a h o n,1 7 3 7 4,AXBYN,TAHUN,37.0,37.T.C 37.A.V 37.H.C 37.U.V 37.N.c,2.0 1.5 1.75 1.3 0.8,dahon,0.0,2104.0
11267,leaf,INABAKNON,dahon,d a h o n,1 7 3 7 4,AXBYN,TAHUN,47.0,47.T.C 47.A.V 47.H.C 47.U.V 47.N.c,2.0 1.5 1.75 1.3 0.8,dahon,0.0,2104.0
11451,leaf,KANKANAEY,tobo,t o b o,1 7 1 7,AXBZ,TUPU,62.0,62.T.C 62.U.V 62.P.C 62.U.V,2.0 1.5 1.75 0.8,tobo,0.0,2125.0
11727,leaf,SINAUNA,hajin,h a j i n,3 7 6 7 4,AXBYN,HAJIN,104.0,104.H.C 104.A.V 104.J.C 104.I.V 104.N.c,2.0 1.5 1.75 1.3 0.8,hajin,0.0,2194.0
11819,leaf,SOUTHERN KALINGA,tufu,t u f u,1 7 3 7,AXBZ,TYBY,108.0,108.T.C 108.Y.V 108.B.C 108.Y.V,2.0 1.5 1.75 0.8,tufu,0.0,2125.0
780,lie,BASQUE,ecan,e c a n,7 1 7 4,XBYN,ECAN,10.0,10.E.V 10.C.C 10.A.V 10.N.c,1.5 1.75 1.3 0.8,ecan,0.0,2215.0
1424,lie,BUKIDNON BINUKID,biduʔ,b i d u ʔ,1 7 1 7 1,AXBYN,PITYH,18.0,18.P.C 18.I.V 18.T.C 18.Y.V 18.H.c,2.0 1.5 1.75 1.3 0.8,biduʔ,0.0,2216.0
2252,lie,ENGLISH,lEi,l i,5 7,AX,LI,28.0,28.L.C 28.I.V,2.0 1.5,li,0.0,2217.0
2436,lie,ESTONIAN,lama,l a m a,5 7 4 7,AXBZ,LAMA,30.0,30.L.C 30.A.V 30.M.C 30.A.V,2.0 1.5 1.75 0.8,lama,0.0,2217.0
2528,lie,FINNISH,makaa,m a k aa,4 7 1 7,AXBZ,MAKA,32.0,32.M.C 32.A.V 32.K.C 32.A.V,2.0 1.5 1.75 0.8,makaa,0.0,2219.0
2804,lie,HANUNOO,igjaʔ,i g j a ʔ,7 1 6 7 1,XBCYN,IKJAH,35.0,35.I.V 35.K.C 35.J.C 35.A.V 35.H.c,1.5 1.75 1.5 1.3 0.8,igjaʔ,0.0,2220.0
2896,lie,HIGAONON BINUKID,biduʔ,b i d u ʔ,1 7 1 7 1,AXBYN,PITYH,36.0,36.P.C 36.I.V 36.T.C 36.Y.V 36.H.c,2.0 1.5 1.75 1.3 0.8,biduʔ,0.0,2216.0
2988,lie,HUNGARIAN,fekid,f e k i d,3 7 1 7 1,AXBYN,BEKIT,38.0,38.B.C 38.E.V 38.K.C 38.I.V 38.T.c,2.0 1.5 1.75 1.3 0.8,fekid,0.0,2222.0
4276,lie,JAPANESE,wokotawa,w o k o t a w a,6 7 1 7 1 7 6 7,AXBYBYBZ,WUKUTAWA,54.0,54.W.C 54.U.V 54.K.C 54.U.V 54.T.C 54.A.V 54.W.C 54.A.V,2.0 1.5 1.75 1.3 1.75 1.3 1.75 0.8,wokotawa,0.0,2222.0
5012,lie,KAPAMPANGAN,kera,k e r a,1 7 5 7,AXBZ,KERA,64.0,64.K.C 64.E.V 64.R.C 64.A.V,2.0 1.5 1.75 0.8,kera,0.0,2223.0
5196,lie,KOREAN,kodʒitmalul ha,k o dʒ i t m a l u l # h a,1 7 1 7 1 4 7 5 7 5 9 3 7,AXBYBCYBYN_AX,KUTITMALYL_HA,66.0,66.K.C 66.U.V 66.T.C 66.I.V 66.T.C 66.M.C 66.A.V 66.L.C 66.Y.V 66.L.c 66._._ 66.H.C 66.A.V,2.0 1.5 1.75 1.3 1.75 1.5 1.3 1.75 1.3 0.8 0.0 2.0 1.5,kodʒitmalul#ha,0.0,2226.0
6852,lie,MOKSHA,madozj aSCjems,m a d o z j # a j e ms,4 7 1 7 3 6 9 7 6 7 4,AXBYBC_XBYN,MATUSJ_AJEM,86.0,86.M.C 86.A.V 86.T.C 86.U.V 86.S.C 86.J.C 86._._ 86.A.V 86.J.C 86.E.V 86.M.c,2.0 1.5 1.75 1.3 1.75 1.5 0.0 1.5 1.75 1.3 0.8,madozj#ajems,0.0,2227.0
8324,lie,SEDANG,koi,k o i,1 7 7,AXZ,KUI,102.0,102.K.C 102.U.V 102.I.V,2.0 1.5 0.8,koi,0.0,2228.0
8968,lie,SPANISH,akosta,a k o s t a,7 1 7 3 1 7,XBYMBZ,AKUSTA,111.0,111.A.V 111.K.C 111.U.V 111.S.c 111.T.C 111.A.V,1.5 1.75 1.3 1.1 1.75 0.8,akosta,0.0,2222.0
9520,lie,TAGALOG,higa,h i g a,3 7 1 7,AXBZ,HIKA,117.0,117.H.C 117.I.V 117.K.C 117.A.V,2.0 1.5 1.75 0.8,higa,0.0,2219.0
10072,lie,TURKISH,jat,j a t,6 7 1,AXN,JAT,123.0,123.J.C 123.A.V 123.T.c,2.0 1.5 0.8,jat,0.0,2231.0
10716,lie,IMOROD,iraj,i r a j,7 5 7 6,XBYN,IRAJ,46.0,46.I.V 46.R.C 46.A.V 46.J.c,1.5 1.75 1.3 0.8,iraj,0.0,2223.0
45,liver,AGTA,ogol,o g o l,7 1 7 5,XBYN,UKUL,1.0,1.U.V 1.K.C 1.U.V 1.L.c,1.5 1.75 1.3 0.8,ogol,0.0,2232.0
137,liver,AKLANON,ataj,a t a j,7 1 7 6,XBYN,ATAJ,2.0,2.A.V 2.T.C 2.A.V 2.J.c,1.5 1.75 1.3 0.8,ataj,0.0,2238.0
229,liver,ARTA,dalem,d a l e m,1 7 5 7 4,AXBYN,TALEM,3.0,3.T.C 3.A.V 3.L.C 3.E.V 3.M.c,2.0 1.5 1.75 1.3 0.8,dalem,0.0,2234.0
321,liver,ATTA PAMPLONA,agal,a g a l,7 1 7 5,XBYN,AKAL,4.0,4.A.V 4.K.C 4.A.V 4.L.c,1.5 1.75 1.3 0.8,agal,0.0,2232.0
413,liver,BAJAU WEST COAST,ataj,a t a j,7 1 7 6,XBYN,ATAJ,6.0,6.A.V 6.T.C 6.A.V 6.J.c,1.5 1.75 1.3 0.8,ataj,0.0,2238.0
505,liver,BALANGAW,agtoj,a g t o j,7 1 1 7 6,XMBYN,AKTUJ,7.0,7.A.V 7.K.c 7.T.C 7.U.V 7.J.c,1.5 1.1 1.75 1.3 0.8,agtoj,0.0,2238.0
597,liver,BALANGINGI SAMA,ataj,a t a j,7 1 7 6,XBYN,ATAJ,8.0,8.A.V 8.T.C 8.A.V 8.J.c,1.5 1.75 1.3 0.8,ataj,0.0,2238.0
689,liver,BANTON BANTOANON,ataj,a t a j,7 1 7 6,XBYN,ATAJ,9.0,9.A.V 9.T.C 9.A.V 9.J.c,1.5 1.75 1.3 0.8,ataj,0.0,2238.0
781,liver,BASQUE,gibel,g i b e l,1 7 1 7 5,AXBYN,KIPEL,10.0,10.K.C 10.I.V 10.P.C 10.E.V 10.L.c,2.0 1.5 1.75 1.3 0.8,gibel,0.0,2241.0
873,liver,BATAK PALAWAN,ataj,a t a j,7 1 7 6,XBYN,ATAJ,11.0,11.A.V 11.T.C 11.A.V 11.J.c,1.5 1.75 1.3 0.8,ataj,0.0,2238.0
965,liver,BILAAN KORONADAL,atoj,a t o j,7 1 7 6,XBYN,ATUJ,12.0,12.A.V 12.T.C 12.U.V 12.J.c,1.5 1.75 1.3 0.8,atoj,0.0,2238.0
1057,liver,BILAAN SARANGANI,ataj,a t a j,7 1 7 6,XBYN,ATAJ,13.0,13.A.V 13.T.C 13.A.V 13.J.c,1.5 1.75 1.3 0.8,ataj,0.0,2238.0
1149,liver,BONGGI,ati,a t i,7 1 7,XBZ,ATI,15.0,15.A.V 15.T.C 15.I.V,1.5 1.75 0.8,ati,0.0,2238.0
1241,liver,BONTOC GUINAANG,agtəj,a g t ə j,7 1 1 7 6,XMBYN,AKTEJ,16.0,16.A.V 16.K.c 16.T.C 16.E.V 16.J.c,1.5 1.1 1.75 1.3 0.8,agtəj,0.0,2238.0
1333,liver,BUHI,ʔataj,ʔ a t a j,1 7 1 7 6,AXBYN,HATAJ,17.0,17.H.C 17.A.V 17.T.C 17.A.V 17.J.c,2.0 1.5 1.75 1.3 0.8,ʔataj,0.0,2238.0
1425,liver,BUKIDNON BINUKID,ataj,a t a j,7 1 7 6,XBYN,ATAJ,18.0,18.A.V 18.T.C 18.A.V 18.J.c,1.5 1.75 1.3 0.8,ataj,0.0,2238.0
1517,liver,BUTUANON,ataj,a t a j,7 1 7 6,XBYN,ATAJ,19.0,19.A.V 19.T.C 19.A.V 19.J.c,1.5 1.75 1.3 0.8,ataj,0.0,2238.0
1609,liver,CAIJIA,sanka,s a n k a,3 7 4 1 7,AXMBZ,SANKA,20.0,20.S.C 20.A.V 20.N.c 20.K.C 20.A.V,2.0 1.5 1.1 1.75 0.8,sanka,0.0,2251.0
1701,liver,CEBUANO,ataj,a t a j,7 1 7 6,XBYN,ATAJ,22.0,22.A.V 22.T.C 22.A.V 22.J.c,1.5 1.75 1.3 0.8,ataj,0.0,2238.0
1793,liver,CENTRAL TAGBANWA,kandat,k a n d a t,1 7 4 1 7 1,AXMBYN,KANTAT,23.0,23.K.C 23.A.V 23.N.c 23.T.C 23.A.V 23.T.c,2.0 1.5 1.1 1.75 1.3 0.8,kandat,0.0,2254.0
1885,liver,CUYONON,ataj,a t a j,7 1 7 6,XBYN,ATAJ,24.0,24.A.V 24.T.C 24.A.V 24.J.c,1.5 1.75 1.3 0.8,ataj,0.0,2238.0
1977,liver,DARAGA,ʔataj,ʔ a t a j,1 7 1 7 6,AXBYN,HATAJ,25.0,25.H.C 25.A.V 25.T.C 25.A.V 25.J.c,2.0 1.5 1.75 1.3 0.8,ʔataj,0.0,2238.0
2069,liver,DUMAGAT CASIGURAN,agteʔ,a g t e ʔ,7 1 1 7 1,XMBYN,AKTEH,26.0,26.A.V 26.K.c 26.T.C 26.E.V 26.H.c,1.5 1.1 1.75 1.3 0.8,agteʔ,0.0,2257.0
2161,liver,DUPANINGAN AGTA,agtaj,a g t a j,7 1 1 7 6,XMBYN,AKTAJ,27.0,27.A.V 27.K.c 27.T.C 27.A.V 27.J.c,1.5 1.1 1.75 1.3 0.8,agtaj,0.0,2238.0
2253,liver,ENGLISH,livər,l i v ə r,5 7 3 7 5,AXBYN,LIBER,28.0,28.L.C 28.I.V 28.B.C 28.E.V 28.R.c,2.0 1.5 1.75 1.3 0.8,livər,0.0,2259.0
2345,liver,ESKAYAN,was,w a s,6 7 3,AXN,WAS,29.0,29.W.C 29.A.V 29.S.c,2.0 1.5 0.8,was,0.0,2260.0
2437,liver,ESTONIAN,maks,m a ks,4 7 1,AXN,MAK,30.0,30.M.C 30.A.V 30.K.c,2.0 1.5 0.8,maks,0.0,2232.0
2529,liver,FINNISH,maksa,m a ks a,4 7 1 7,AXBZ,MAKA,32.0,32.M.C 32.A.V 32.K.C 32.A.V,2.0 1.5 1.75 0.8,maksa,0.0,2232.0
2621,liver,FUZHOU CHINESE,kaŋ,k a ŋ,1 7 4,AXN,KAN,33.0,33.K.C 33.A.V 33.N.c,2.0 1.5 0.8,kaŋ,0.0,2254.0
2713,liver,GADDANG,al,a l,7 5,XN,AL,34.0,34.A.V 34.L.c,1.5 0.8,al,0.0,2265.0
2805,liver,HANUNOO,ataj,a t a j,7 1 7 6,XBYN,ATAJ,35.0,35.A.V 35.T.C 35.A.V 35.J.c,1.5 1.75 1.3 0.8,ataj,0.0,2238.0
2897,liver,HIGAONON BINUKID,ataj,a t a j,7 1 7 6,XBYN,ATAJ,36.0,36.A.V 36.T.C 36.A.V 36.J.c,1.5 1.75 1.3 0.8,ataj,0.0,2238.0
2989,liver,HUNGARIAN,madʒ,m a dʒ,4 7 1,AXN,MAT,38.0,38.M.C 38.A.V 38.T.c,2.0 1.5 0.8,madʒ,0.0,2269.0
3081,liver,IBANAG,agal,a g a l,7 1 7 5,XBYN,AKAL,39.0,39.A.V 39.K.C 39.A.V 39.L.c,1.5 1.75 1.3 0.8,agal,0.0,2232.0
3173,liver,IDAAN,ataj,a t a j,7 1 7 6,XBYN,ATAJ,40.0,40.A.V 40.T.C 40.A.V 40.J.c,1.5 1.75 1.3 0.8,ataj,0.0,2238.0
3265,liver,IFUGAO AMGANAD,alte,a l t e,7 5 1 7,XMBZ,ALTE,41.0,41.A.V 41.L.c 41.T.C 41.E.V,1.5 1.1 1.75 0.8,alte,0.0,2238.0
3357,liver,IFUGAO BATAD,oltaj,o l t a j,7 5 1 7 6,XMBYN,ULTAJ,42.0,42.U.V 42.L.c 42.T.C 42.A.V 42.J.c,1.5 1.1 1.75 1.3 0.8,oltaj,0.0,2238.0
3449,liver,IFUGAO BAYNINAN,olte,o l t e,7 5 1 7,XMBZ,ULTE,43.0,43.U.V 43.L.c 43.T.C 43.E.V,1.5 1.1 1.75 0.8,olte,0.0,2238.0
3541,liver,ILOKANO,dalem,d a l e m,1 7 5 7 4,AXBYN,TALEM,44.0,44.T.C 44.A.V 44.L.C 44.E.V 44.M.c,2.0 1.5 1.75 1.3 0.8,dalem,0.0,2234.0
3633,liver,ILONGOT KAKIDUGEN,agsi,a gs i,7 1 7,XBZ,AKI,45.0,45.A.V 45.K.C 45.I.V,1.5 1.75 0.8,agsi,0.0,2232.0
3725,liver,INIBALOI,altəj,a l t ə j,7 5 1 7 6,XMBYN,ALTEJ,48.0,48.A.V 48.L.c 48.T.C 48.E.V 48.J.c,1.5 1.1 1.75 1.3 0.8,altəj,0.0,2238.0
3817,liver,IRANUN,atai,a t a i,7 1 7 7,XBYZ,ATAI,49.0,49.A.V 49.T.C 49.A.V 49.I.V,1.5 1.75 1.3 0.8,atai,0.0,2238.0
3909,liver,IRIGA,ʔataj,ʔ a t a j,1 7 1 7 6,AXBYN,HATAJ,50.0,50.H.C 50.A.V 50.T.C 50.A.V 50.J.c,2.0 1.5 1.75 1.3 0.8,ʔataj,0.0,2238.0
4001,liver,ISNAG,agtaj,a g t a j,7 1 1 7 6,XMBYN,AKTAJ,51.0,51.A.V 51.K.c 51.T.C 51.A.V 51.J.c,1.5 1.1 1.75 1.3 0.8,agtaj,0.0,2238.0
4093,liver,ITAWIT,EgEl,g l,1 5,AC,KL,52.0,52.K.C 52.L.C,2.0 1.5,gl,0.0,2283.0
4185,liver,ITNEG BINONGAN,agtəj,a g t ə j,7 1 1 7 6,XMBYN,AKTEJ,53.0,53.A.V 53.K.c 53.T.C 53.E.V 53.J.c,1.5 1.1 1.75 1.3 0.8,agtəj,0.0,2238.0
4369,liver,KADAZAN,toŋkovizau,t o ŋ k o v i z a u,1 7 4 1 7 3 7 3 7 7,AXMBYBYBYZ,TUNKUBISAY,55.0,55.T.C 55.U.V 55.N.c 55.K.C 55.U.V 55.B.C 55.I.V 55.S.C 55.A.V 55.Y.V,2.0 1.5 1.1 1.75 1.3 1.75 1.3 1.75 1.3 0.8,toŋkovizau,0.0,2285.0
4461,liver,KAGAYANEN,ataj,a t a j,7 1 7 6,XBYN,ATAJ,56.0,56.A.V 56.T.C 56.A.V 56.J.c,1.5 1.75 1.3 0.8,ataj,0.0,2238.0
4553,liver,KALAGAN,ataj,a t a j,7 1 7 6,XBYN,ATAJ,57.0,57.A.V 57.T.C 57.A.V 57.J.c,1.5 1.75 1.3 0.8,ataj,0.0,2238.0
4645,liver,KALINGA GUINAANG,agtoj,a g t o j,7 1 1 7 6,XMBYN,AKTUJ,59.0,59.A.V 59.K.c 59.T.C 59.U.V 59.J.c,1.5 1.1 1.75 1.3 0.8,agtoj,0.0,2238.0
4737,liver,KALINGA LIMOS,agtoj,a g t o j,7 1 1 7 6,XMBYN,AKTUJ,60.0,60.A.V 60.K.c 60.T.C 60.U.V 60.J.c,1.5 1.1 1.75 1.3 0.8,agtoj,0.0,2238.0
4829,liver,KALLAHAN KAYAPA PROPER,altəj,a l t ə j,7 5 1 7 6,XMBYN,ALTEJ,61.0,61.A.V 61.L.c 61.T.C 61.E.V 61.J.c,1.5 1.1 1.75 1.3 0.8,altəj,0.0,2238.0
4921,liver,KANKANAY NORTHERN,atəj,a t ə j,7 1 7 6,XBYN,ATEJ,63.0,63.A.V 63.T.C 63.E.V 63.J.c,1.5 1.75 1.3 0.8,atəj,0.0,2238.0
5013,liver,KAPAMPANGAN,ate,a t e,7 1 7,XBZ,ATE,64.0,64.A.V 64.T.C 64.E.V,1.5 1.75 0.8,ate,0.0,2238.0
5105,liver,KINARAY A,ataj,a t a j,7 1 7 6,XBYN,ATAJ,65.0,65.A.V 65.T.C 65.A.V 65.J.c,1.5 1.75 1.3 0.8,ataj,0.0,2238.0
5197,liver,KOREAN,kan,k a n,1 7 4,AXN,KAN,66.0,66.K.C 66.A.V 66.N.c,2.0 1.5 0.8,kan,0.0,2254.0
5289,liver,LEGAZPI,katuj,k a t u j,1 7 1 7 6,AXBYN,KATYJ,67.0,67.K.C 67.A.V 67.T.C 67.Y.V 67.J.c,2.0 1.5 1.75 1.3 0.8,katuj,0.0,2238.0
5381,liver,LIBON,ʔataj,ʔ a t a j,1 7 1 7 6,AXBYN,HATAJ,68.0,68.H.C 68.A.V 68.T.C 68.A.V 68.J.c,2.0 1.5 1.75 1.3 0.8,ʔataj,0.0,2238.0
5473,liver,LIVE,maksa,m a ks a,4 7 1 7,AXBZ,MAKA,69.0,69.M.C 69.A.V 69.K.C 69.A.V,2.0 1.5 1.75 0.8,maksa,0.0,2232.0
5565,liver,MAMANWA,pato,p a t o,1 7 1 7,AXBZ,PATU,70.0,70.P.C 70.A.V 70.T.C 70.U.V,2.0 1.5 1.75 0.8,pato,0.0,2238.0
5749,liver,MANOBO ATA,atoj,a t o j,7 1 7 6,XBYN,ATUJ,74.0,74.A.V 74.T.C 74.U.V 74.J.c,1.5 1.75 1.3 0.8,atoj,0.0,2238.0
5841,liver,MANOBO DIBABAWON,atəj,a t ə j,7 1 7 6,XBYN,ATEJ,75.0,75.A.V 75.T.C 75.E.V 75.J.c,1.5 1.75 1.3 0.8,atəj,0.0,2238.0
5933,liver,MANOBO ILIANEN,atəj,a t ə j,7 1 7 6,XBYN,ATEJ,76.0,76.A.V 76.T.C 76.E.V 76.J.c,1.5 1.75 1.3 0.8,atəj,0.0,2238.0
6025,liver,MANOBO KALAMANSIG COTABATO,ataj,a t a j,7 1 7 6,XBYN,ATAJ,77.0,77.A.V 77.T.C 77.A.V 77.J.c,1.5 1.75 1.3 0.8,ataj,0.0,2238.0
6117,liver,MANOBO SARANGANI,ataj,a t a j,7 1 7 6,XBYN,ATAJ,78.0,78.A.V 78.T.C 78.A.V 78.J.c,1.5 1.75 1.3 0.8,ataj,0.0,2238.0
6209,liver,MANOBO TIGWA,atəj,a t ə j,7 1 7 6,XBYN,ATEJ,79.0,79.A.V 79.T.C 79.E.V 79.J.c,1.5 1.75 1.3 0.8,atəj,0.0,2238.0
6301,liver,MANOBO WESTERN BUKIDNON,atəj,a t ə j,7 1 7 6,XBYN,ATEJ,80.0,80.A.V 80.T.C 80.E.V 80.J.c,1.5 1.75 1.3 0.8,atəj,0.0,2238.0
6393,liver,MANSAKA,ataj,a t a j,7 1 7 6,XBYN,ATAJ,81.0,81.A.V 81.T.C 81.A.V 81.J.c,1.5 1.75 1.3 0.8,ataj,0.0,2238.0
6485,liver,MAPUN,ataj,a t a j,7 1 7 6,XBYN,ATAJ,82.0,82.A.V 82.T.C 82.A.V 82.J.c,1.5 1.75 1.3 0.8,ataj,0.0,2238.0
6577,liver,MARANAO,ataj,a t a j,7 1 7 6,XBYN,ATAJ,83.0,83.A.V 83.T.C 83.A.V 83.J.c,1.5 1.75 1.3 0.8,ataj,0.0,2238.0
6669,liver,MASBATENYO,ataj,a t a j,7 1 7 6,XBYN,ATAJ,84.0,84.A.V 84.T.C 84.A.V 84.J.c,1.5 1.75 1.3 0.8,ataj,0.0,2238.0
6761,liver,MINANGALI LOWER TANUDAN KALINGA,agtoj,a g t o j,7 1 1 7 6,XMBYN,AKTUJ,85.0,85.A.V 85.K.c 85.T.C 85.U.V 85.J.c,1.5 1.1 1.75 1.3 0.8,agtoj,0.0,2238.0
6853,liver,MOKSHA,maksa,m a ks a,4 7 1 7,AXBZ,MAKA,86.0,86.M.C 86.A.V 86.K.C 86.A.V,2.0 1.5 1.75 0.8,maksa,0.0,2232.0
6945,liver,MOLBOG,atoj,a t o j,7 1 7 6,XBYN,ATUJ,87.0,87.A.V 87.T.C 87.U.V 87.J.c,1.5 1.75 1.3 0.8,atoj,0.0,2238.0
7037,liver,MONGOLIAN,iLig,i i g,7 7 1,XYN,IIK,88.0,88.I.V 88.I.V 88.K.c,1.5 1.3 0.8,iig,0.0,2317.0
7129,liver,MORO MAGINDANAU,ataj limpa,a t a j # l i m p a,7 1 7 6 9 5 7 4 1 7,XBYN_AXMBZ,ATAJ_LIMPA,89.0,89.A.V 89.T.C 89.A.V 89.J.c 89._._ 89.L.C 89.I.V 89.M.c 89.P.C 89.A.V,1.5 1.75 1.3 0.8 0.0 2.0 1.5 1.1 1.75 0.8,ataj#limpa,0.0,2318.0
7221,liver,NORTHERN CATANDUANES,ʔataj,ʔ a t a j,1 7 1 7 6,AXBYN,HATAJ,90.0,90.H.C 90.A.V 90.T.C 90.A.V 90.J.c,2.0 1.5 1.75 1.3 0.8,ʔataj,0.0,2238.0
7313,liver,NORTHERN SORSOGON,ʔataj,ʔ a t a j,1 7 1 7 6,AXBYN,HATAJ,91.0,91.H.C 91.A.V 91.T.C 91.A.V 91.J.c,2.0 1.5 1.75 1.3 0.8,ʔataj,0.0,2238.0
7405,liver,OAS,ʔataj,ʔ a t a j,1 7 1 7 6,AXBYN,HATAJ,92.0,92.H.C 92.A.V 92.T.C 92.A.V 92.J.c,2.0 1.5 1.75 1.3 0.8,ʔataj,0.0,2238.0
7497,liver,PALAWANO BATAK,ataj,a t a j,7 1 7 6,XBYN,ATAJ,93.0,93.A.V 93.T.C 93.A.V 93.J.c,1.5 1.75 1.3 0.8,ataj,0.0,2238.0
7589,liver,PANGASINAN,altej,a l t e j,7 5 1 7 6,XMBYN,ALTEJ,94.0,94.A.V 94.L.c 94.T.C 94.E.V 94.J.c,1.5 1.1 1.75 1.3 0.8,altej,0.0,2238.0
7681,liver,PANGUTARAN SAMA,ataj,a t a j,7 1 7 6,XBYN,ATAJ,95.0,95.A.V 95.T.C 95.A.V 95.J.c,1.5 1.75 1.3 0.8,ataj,0.0,2238.0
7773,liver,PROTO PALAWAN,ʔataj,ʔ a t a j,1 7 1 7 6,AXBYN,HATAJ,96.0,96.H.C 96.A.V 96.T.C 96.A.V 96.J.c,2.0 1.5 1.75 1.3 0.8,ʔataj,0.0,2238.0
7865,liver,QUEZON PALAWAN,atəj,a t ə j,7 1 7 6,XBYN,ATEJ,97.0,97.A.V 97.T.C 97.E.V 97.J.c,1.5 1.75 1.3 0.8,atəj,0.0,2238.0
7957,liver,ROMBLOMANON 2,ʔataj,ʔ a t a j,1 7 1 7 6,AXBYN,HATAJ,98.0,98.H.C 98.A.V 98.T.C 98.A.V 98.J.c,2.0 1.5 1.75 1.3 0.8,ʔataj,0.0,2238.0
8049,liver,SAMAL,ataj,a t a j,7 1 7 6,XBYN,ATAJ,99.0,99.A.V 99.T.C 99.A.V 99.J.c,1.5 1.75 1.3 0.8,ataj,0.0,2238.0
8141,liver,SAMBAL BOTOLAN,agtaj,a g t a j,7 1 1 7 6,XMBYN,AKTAJ,100.0,100.A.V 100.K.c 100.T.C 100.A.V 100.J.c,1.5 1.1 1.75 1.3 0.8,agtaj,0.0,2238.0
8233,liver,SANGIL SARANGANI ISLANDS,ate,a t e,7 1 7,XBZ,ATE,101.0,101.A.V 101.T.C 101.E.V,1.5 1.75 0.8,ate,0.0,2238.0
8325,liver,SEDANG,kliam,k l i a m,1 5 7 7 4,ACXYN,KLIAM,102.0,102.K.C 102.L.C 102.I.V 102.A.V 102.M.c,2.0 1.5 1.5 1.3 0.8,kliam,0.0,2283.0
8417,liver,SIBUTU SOUTHERN SAMA,atej,a t e j,7 1 7 6,XBYN,ATEJ,103.0,103.A.V 103.T.C 103.E.V 103.J.c,1.5 1.75 1.3 0.8,atej,0.0,2238.0
8509,liver,SOGODNIN BORACAY,ataj,a t a j,7 1 7 6,XBYN,ATAJ,105.0,105.A.V 105.T.C 105.A.V 105.J.c,1.5 1.75 1.3 0.8,ataj,0.0,2238.0
8601,liver,SOUTH SAAMI,libriə,l i b r i ə,5 7 1 5 7 7,AXBCYZ,LIPRIE,106.0,106.L.C 106.I.V 106.P.C 106.R.C 106.I.V 106.E.V,2.0 1.5 1.75 1.5 1.3 0.8,libriə,0.0,2259.0
8693,liver,SOUTHERN CATANDUANES,katuj,k a t u j,1 7 1 7 6,AXBYN,KATYJ,107.0,107.K.C 107.A.V 107.T.C 107.Y.V 107.J.c,2.0 1.5 1.75 1.3 0.8,katuj,0.0,2238.0
8785,liver,SOUTHERN SORSOGON,ʔataj,ʔ a t a j,1 7 1 7 6,AXBYN,HATAJ,109.0,109.H.C 109.A.V 109.T.C 109.A.V 109.J.c,2.0 1.5 1.75 1.3 0.8,ʔataj,0.0,2238.0
8877,liver,SOUTHWEST PALAWANO,atej,a t e j,7 1 7 6,XBYN,ATEJ,110.0,110.A.V 110.T.C 110.E.V 110.J.c,1.5 1.75 1.3 0.8,atej,0.0,2238.0
8969,liver,SPANISH,igado,i g a d o,7 1 7 1 7,XBYBZ,IKATU,111.0,111.I.V 111.K.C 111.A.V 111.T.C 111.U.V,1.5 1.75 1.3 1.75 0.8,igado,0.0,2257.0
9061,liver,SUBANON SIOCON,gatoj,g a t o j,1 7 1 7 6,AXBYN,KATUJ,112.0,112.K.C 112.A.V 112.T.C 112.U.V 112.J.c,2.0 1.5 1.75 1.3 0.8,gatoj,0.0,2238.0
9153,liver,SUBANUN SINDANGAN,gataj,g a t a j,1 7 1 7 6,AXBYN,KATAJ,113.0,113.K.C 113.A.V 113.T.C 113.A.V 113.J.c,2.0 1.5 1.75 1.3 0.8,gataj,0.0,2238.0
9245,liver,SURIGAONON,ataj,a t a j,7 1 7 6,XBYN,ATAJ,114.0,114.A.V 114.T.C 114.A.V 114.J.c,1.5 1.75 1.3 0.8,ataj,0.0,2238.0
9429,liver,TAGABILI,kataj,k a t a j,1 7 1 7 6,AXBYN,KATAJ,116.0,116.K.C 116.A.V 116.T.C 116.A.V 116.J.c,2.0 1.5 1.75 1.3 0.8,kataj,0.0,2238.0
9521,liver,TAGALOG,ataj,a t a j,7 1 7 6,XBYN,ATAJ,117.0,117.A.V 117.T.C 117.A.V 117.J.c,1.5 1.75 1.3 0.8,ataj,0.0,2238.0
9613,liver,TAGBANWA ABORLAN,ataj,a t a j,7 1 7 6,XBYN,ATAJ,118.0,118.A.V 118.T.C 118.A.V 118.J.c,1.5 1.75 1.3 0.8,ataj,0.0,2238.0
9705,liver,TAGBANWA KALAMIAN,kandas,k a n d a s,1 7 4 1 7 3,AXMBYN,KANTAS,119.0,119.K.C 119.A.V 119.N.c 119.T.C 119.A.V 119.S.c,2.0 1.5 1.1 1.75 1.3 0.8,kandas,0.0,2254.0
9797,liver,TAUSUG,ataj,a t a j,7 1 7 6,XBYN,ATAJ,120.0,120.A.V 120.T.C 120.A.V 120.J.c,1.5 1.75 1.3 0.8,ataj,0.0,2238.0
9889,liver,TIMUGON MURUT,aŋkajaw,a ŋ k a j a w,7 4 1 7 6 7 6,XMBYBYN,ANKAJAW,121.0,121.A.V 121.N.c 121.K.C 121.A.V 121.J.C 121.A.V 121.W.c,1.5 1.1 1.75 1.3 1.75 1.3 0.8,aŋkajaw,0.0,2251.0
9981,liver,TIRURAY,tagah,t a g a h,1 7 1 7 3,AXBYN,TAKAH,122.0,122.T.C 122.A.V 122.K.C 122.A.V 122.H.c,2.0 1.5 1.75 1.3 0.8,tagah,0.0,2257.0
10073,liver,TURKISH,karadʒijer,k a r a dʒ i j e r,1 7 5 7 1 7 6 7 5,AXBYBYBYN,KARATIJER,123.0,123.K.C 123.A.V 123.R.C 123.A.V 123.T.C 123.I.V 123.J.C 123.E.V 123.R.c,2.0 1.5 1.75 1.3 1.75 1.3 1.75 1.3 0.8,karadʒijer,0.0,2351.0
10165,liver,UGARITIC,kbd,k b d,1 1 1,ALN,KPT,124.0,124.K.C 124.P.c 124.T.c,2.0 1.1 0.8,kbd,0.0,2352.0
10349,liver,WARAY WARAY,ataj,a t a j,7 1 7 6,XBYN,ATAJ,126.0,126.A.V 126.T.C 126.A.V 126.J.c,1.5 1.75 1.3 0.8,ataj,0.0,2238.0
10441,liver,YAKAN,buaʔ,b u a ʔ,1 7 7 1,AXYN,PYAH,127.0,127.P.C 127.Y.V 127.A.V 127.H.c,2.0 1.5 1.3 0.8,buaʔ,0.0,2354.0
10533,liver,YOGAD,agal,a g a l,7 1 7 5,XBYN,AKAL,128.0,128.A.V 128.K.C 128.A.V 128.L.c,1.5 1.75 1.3 0.8,agal,0.0,2232.0
10625,liver,ZAMBOANGUENO,igaw,i g a w,7 1 7 6,XBYN,IKAW,129.0,129.I.V 129.K.C 129.A.V 129.W.c,1.5 1.75 1.3 0.8,igaw,0.0,2232.0
10717,liver,IMOROD,ataj,a t a j,7 1 7 6,XBYN,ATAJ,46.0,46.A.V 46.T.C 46.A.V 46.J.c,1.5 1.75 1.3 0.8,ataj,0.0,2238.0
10809,liver,BABUYAN,ataji,a t a j i,7 1 7 6 7,XBYBZ,ATAJI,5.0,5.A.V 5.T.C 5.A.V 5.J.C 5.I.V,1.5 1.75 1.3 1.75 0.8,ataji,0.0,2238.0
10901,liver,BISAYA SABAH,lakaiau,l a k a i a u,5 7 1 7 7 7 7,AXBYYYZ,LAKAIAY,14.0,14.L.C 14.A.V 14.K.C 14.A.V 14.I.V 14.A.V 14.Y.V,2.0 1.5 1.75 1.3 1.3 1.3 0.8,lakaiau,0.0,2245.0
10993,liver,CAPIZNON,ataj,a t a j,7 1 7 6,XBYN,ATAJ,21.0,21.A.V 21.T.C 21.A.V 21.J.c,1.5 1.75 1.3 0.8,ataj,0.0,2238.0
11085,liver,FINALLIG,agtoj,a g t o j,7 1 1 7 6,XMBYN,AKTUJ,31.0,31.A.V 31.K.c 31.T.C 31.U.V 31.J.c,1.5 1.1 1.75 1.3 0.8,agtoj,0.0,2238.0
11177,liver,HILIGAYNON,ataj,a t a j,7 1 7 6,XBYN,ATAJ,37.0,37.A.V 37.T.C 37.A.V 37.J.c,1.5 1.75 1.3 0.8,ataj,0.0,2238.0
11269,liver,INABAKNON,ataj,a t a j,7 1 7 6,XBYN,ATAJ,47.0,47.A.V 47.T.C 47.A.V 47.J.c,1.5 1.75 1.3 0.8,ataj,0.0,2238.0
11361,liver,KALAGAN KAAGAN,ataj,a t a j,7 1 7 6,XBYN,ATAJ,58.0,58.A.V 58.T.C 58.A.V 58.J.c,1.5 1.75 1.3 0.8,ataj,0.0,2238.0
11453,liver,KANKANAEY,atej,a t e j,7 1 7 6,XBYN,ATEJ,62.0,62.A.V 62.T.C 62.E.V 62.J.c,1.5 1.75 1.3 0.8,atej,0.0,2238.0
11545,liver,MANDAYAN BOSO,ataj,a t a j,7 1 7 6,XBYN,ATAJ,71.0,71.A.V 71.T.C 71.A.V 71.J.c,1.5 1.75 1.3 0.8,ataj,0.0,2238.0
11637,liver,MANDAYAN ISLAM PISO,ataj,a t a j,7 1 7 6,XBYN,ATAJ,72.0,72.A.V 72.T.C 72.A.V 72.J.c,1.5 1.75 1.3 0.8,ataj,0.0,2238.0
11729,liver,SINAUNA,ataj,a t a j,7 1 7 6,XBYN,ATAJ,104.0,104.A.V 104.T.C 104.A.V 104.J.c,1.5 1.75 1.3 0.8,ataj,0.0,2238.0
11821,liver,SOUTHERN KALINGA,agtoj,a g t o j,7 1 1 7 6,XMBYN,AKTUJ,108.0,108.A.V 108.K.c 108.T.C 108.U.V 108.J.c,1.5 1.1 1.75 1.3 0.8,agtoj,0.0,2238.0
782,long,BASQUE,luze,l u z e,5 7 3 7,AXBZ,LYSE,10.0,10.L.C 10.Y.V 10.S.C 10.E.V,2.0 1.5 1.75 0.8,luze,0.0,2355.0
1426,long,BUKIDNON BINUKID,mataŋkaw,m a t a ŋ k a w,4 7 1 7 4 1 7 6,AXBYMBYN,MATANKAW,18.0,18.M.C 18.A.V 18.T.C 18.A.V 18.N.c 18.K.C 18.A.V 18.W.c,2.0 1.5 1.75 1.3 1.1 1.75 1.3 0.8,mataŋkaw,0.0,2356.0
2254,long,ENGLISH,loŋ,l o ŋ,5 7 4,AXN,LUN,28.0,28.L.C 28.U.V 28.N.c,2.0 1.5 0.8,loŋ,0.0,2357.0
2438,long,ESTONIAN,pikk,p i kk,1 7 1,AXN,PIK,30.0,30.P.C 30.I.V 30.K.c,2.0 1.5 0.8,pikk,0.0,2358.0
2530,long,FINNISH,pitkE,p i t k,1 7 1 1,AXLN,PITK,32.0,32.P.C 32.I.V 32.T.c 32.K.c,2.0 1.5 1.1 0.8,pitk,0.0,2358.0
2806,long,HANUNOO,aba,a b a,7 1 7,XBZ,APA,35.0,35.A.V 35.P.C 35.A.V,1.5 1.75 0.8,aba,0.0,2360.0
2898,long,HIGAONON BINUKID,mataŋkaw,m a t a ŋ k a w,4 7 1 7 4 1 7 6,AXBYMBYN,MATANKAW,36.0,36.M.C 36.A.V 36.T.C 36.A.V 36.N.c 36.K.C 36.A.V 36.W.c,2.0 1.5 1.75 1.3 1.1 1.75 1.3 0.8,mataŋkaw,0.0,2356.0
2990,long,HUNGARIAN,hossu,h o ss u,3 7 3 7,AXBZ,HUSY,38.0,38.H.C 38.U.V 38.S.C 38.Y.V,2.0 1.5 1.75 0.8,hossu,0.0,2355.0
4278,long,JAPANESE,nagai,n a g a i,4 7 1 7 7,AXBYZ,NAKAI,54.0,54.N.C 54.A.V 54.K.C 54.A.V 54.I.V,2.0 1.5 1.75 1.3 0.8,nagai,0.0,2363.0
5014,long,KAPAMPANGAN,makaba,m a k a b a,4 7 1 7 1 7,AXBYBZ,MAKAPA,64.0,64.M.C 64.A.V 64.K.C 64.A.V 64.P.C 64.A.V,2.0 1.5 1.75 1.3 1.75 0.8,makaba,0.0,2360.0
5198,long,KOREAN,kin,k i n,1 7 4,AXN,KIN,66.0,66.K.C 66.I.V 66.N.c,2.0 1.5 0.8,kin,0.0,2357.0
6854,long,MOKSHA,kuvaka,k u v a k a,1 7 3 7 1 7,AXBYBZ,KYBAKA,86.0,86.K.C 86.Y.V 86.B.C 86.A.V 86.K.C 86.A.V,2.0 1.5 1.75 1.3 1.75 0.8,kuvaka,0.0,2367.0
8326,long,SEDANG,Son,o n,7 4,XN,UN,102.0,102.U.V 102.N.c,1.5 0.8,on,1.0,2357.0
8970,long,SPANISH,largo,l a r g o,5 7 5 1 7,AXMBZ,LARKU,111.0,111.L.C 111.A.V 111.R.c 111.K.C 111.U.V,2.0 1.5 1.1 1.75 0.8,largo,0.0,2369.0
9522,long,TAGALOG,mahaba,m a h a b a,4 7 3 7 1 7,AXBYBZ,MAHAPA,117.0,117.M.C 117.A.V 117.H.C 117.A.V 117.P.C 117.A.V,2.0 1.5 1.75 1.3 1.75 0.8,mahaba,0.0,2360.0
10074,long,TURKISH,uzun,u z u n,7 3 7 4,XBYN,YSYN,123.0,123.Y.V 123.S.C 123.Y.V 123.N.c,1.5 1.75 1.3 0.8,uzun,0.0,2355.0
10718,long,IMOROD,naro,n a r o,4 7 5 7,AXBZ,NARU,46.0,46.N.C 46.A.V 46.R.C 46.U.V,2.0 1.5 1.75 0.8,naro,0.0,2363.0
47,louse,AGTA,kutu,k u t u,1 7 1 7,AXBZ,KYTY,1.0,1.K.C 1.Y.V 1.T.C 1.Y.V,2.0 1.5 1.75 0.8,kutu,0.0,2370.0
139,louse,AKLANON,kutuh,k u t u h,1 7 1 7 3,AXBYN,KYTYH,2.0,2.K.C 2.Y.V 2.T.C 2.Y.V 2.H.c,2.0 1.5 1.75 1.3 0.8,kutuh,0.0,2370.0
231,louse,ARTA,utu,u t u,7 1 7,XBZ,YTY,3.0,3.Y.V 3.T.C 3.Y.V,1.5 1.75 0.8,utu,0.0,2370.0
323,louse,ATTA PAMPLONA,kutu,k u t u,1 7 1 7,AXBZ,KYTY,4.0,4.K.C 4.Y.V 4.T.C 4.Y.V,2.0 1.5 1.75 0.8,kutu,0.0,2370.0
507,louse,BALANGAW,oto,o t o,7 1 7,XBZ,UTU,7.0,7.U.V 7.T.C 7.U.V,1.5 1.75 0.8,oto,0.0,2370.0
599,louse,BALANGINGI SAMA,kutu,k u t u,1 7 1 7,AXBZ,KYTY,8.0,8.K.C 8.Y.V 8.T.C 8.Y.V,2.0 1.5 1.75 0.8,kutu,0.0,2370.0
691,louse,BANTON BANTOANON,kuto,k u t o,1 7 1 7,AXBZ,KYTU,9.0,9.K.C 9.Y.V 9.T.C 9.U.V,2.0 1.5 1.75 0.8,kuto,0.0,2370.0
783,louse,BASQUE,zorri,z o rr i,3 7 5 7,AXBZ,SURI,10.0,10.S.C 10.U.V 10.R.C 10.I.V,2.0 1.5 1.75 0.8,zorri,0.0,2378.0
875,louse,BATAK PALAWAN,kutu,k u t u,1 7 1 7,AXBZ,KYTY,11.0,11.K.C 11.Y.V 11.T.C 11.Y.V,2.0 1.5 1.75 0.8,kutu,0.0,2370.0
967,louse,BILAAN KORONADAL,kutuʔ,k u t u ʔ,1 7 1 7 1,AXBYN,KYTYH,12.0,12.K.C 12.Y.V 12.T.C 12.Y.V 12.H.c,2.0 1.5 1.75 1.3 0.8,kutuʔ,0.0,2370.0
1059,louse,BILAAN SARANGANI,kutu,k u t u,1 7 1 7,AXBZ,KYTY,13.0,13.K.C 13.Y.V 13.T.C 13.Y.V,2.0 1.5 1.75 0.8,kutu,0.0,2370.0
1243,louse,BONTOC GUINAANG,koto,k o t o,1 7 1 7,AXBZ,KUTU,16.0,16.K.C 16.U.V 16.T.C 16.U.V,2.0 1.5 1.75 0.8,koto,0.0,2370.0
1335,louse,BUHI,kutu,k u t u,1 7 1 7,AXBZ,KYTY,17.0,17.K.C 17.Y.V 17.T.C 17.Y.V,2.0 1.5 1.75 0.8,kutu,0.0,2370.0
1427,louse,BUKIDNON BINUKID,lisaʔ,l i s a ʔ,5 7 3 7 1,AXBYN,LISAH,18.0,18.L.C 18.I.V 18.S.C 18.A.V 18.H.c,2.0 1.5 1.75 1.3 0.8,lisaʔ,0.0,2384.0
1519,louse,BUTUANON,kujamad,k u j a m a d,1 7 6 7 4 7 1,AXBYBYN,KYJAMAT,19.0,19.K.C 19.Y.V 19.J.C 19.A.V 19.M.C 19.A.V 19.T.c,2.0 1.5 1.75 1.3 1.75 1.3 0.8,kujamad,0.0,2385.0
1611,louse,CAIJIA,sei,s e i,3 7 7,AXZ,SEI,20.0,20.S.C 20.E.V 20.I.V,2.0 1.5 0.8,sei,0.0,2378.0
1703,louse,CEBUANO,kutu,k u t u,1 7 1 7,AXBZ,KYTY,22.0,22.K.C 22.Y.V 22.T.C 22.Y.V,2.0 1.5 1.75 0.8,kutu,0.0,2370.0
1795,louse,CENTRAL TAGBANWA,kajamad,k a j a m a d,1 7 6 7 4 7 1,AXBYBYN,KAJAMAT,23.0,23.K.C 23.A.V 23.J.C 23.A.V 23.M.C 23.A.V 23.T.c,2.0 1.5 1.75 1.3 1.75 1.3 0.8,kajamad,0.0,2385.0
1887,louse,CUYONON,kutoʔ,k u t o ʔ,1 7 1 7 1,AXBYN,KYTUH,24.0,24.K.C 24.Y.V 24.T.C 24.U.V 24.H.c,2.0 1.5 1.75 1.3 0.8,kutoʔ,0.0,2370.0
1979,louse,DARAGA,kutu,k u t u,1 7 1 7,AXBZ,KYTY,25.0,25.K.C 25.Y.V 25.T.C 25.Y.V,2.0 1.5 1.75 0.8,kutu,0.0,2370.0
2071,louse,DUMAGAT CASIGURAN,kutoʔ,k u t o ʔ,1 7 1 7 1,AXBYN,KYTUH,26.0,26.K.C 26.Y.V 26.T.C 26.U.V 26.H.c,2.0 1.5 1.75 1.3 0.8,kutoʔ,0.0,2370.0
2163,louse,DUPANINGAN AGTA,kutuʔ,k u t u ʔ,1 7 1 7 1,AXBYN,KYTYH,27.0,27.K.C 27.Y.V 27.T.C 27.Y.V 27.H.c,2.0 1.5 1.75 1.3 0.8,kutuʔ,0.0,2370.0
2255,louse,ENGLISH,laus,l a u s,5 7 7 3,AXYN,LAYS,28.0,28.L.C 28.A.V 28.Y.V 28.S.c,2.0 1.5 1.3 0.8,laus,0.0,2384.0
2347,louse,ESKAYAN,hoko,h o k o,3 7 1 7,AXBZ,HUKU,29.0,29.H.C 29.U.V 29.K.C 29.U.V,2.0 1.5 1.75 0.8,hoko,0.0,2395.0
2439,louse,ESTONIAN,tai,t a i,1 7 7,AXZ,TAI,30.0,30.T.C 30.A.V 30.I.V,2.0 1.5 0.8,tai,0.0,2411.0
2531,louse,FINNISH,tEi,t i,1 7,AX,TI,32.0,32.T.C 32.I.V,2.0 1.5,ti,0.0,2411.0
2623,louse,FUZHOU CHINESE,8aikmo,a i k m o,7 7 1 4 7,XYBCZ,AIKMU,33.0,33.A.V 33.I.V 33.K.C 33.M.C 33.U.V,1.5 1.3 1.75 1.5 0.8,aikmo,0.0,2399.0
2715,louse,GADDANG,kutu,k u t u,1 7 1 7,AXBZ,KYTY,34.0,34.K.C 34.Y.V 34.T.C 34.Y.V,2.0 1.5 1.75 0.8,kutu,0.0,2370.0
2807,louse,HANUNOO,kutu,k u t u,1 7 1 7,AXBZ,KYTY,35.0,35.K.C 35.Y.V 35.T.C 35.Y.V,2.0 1.5 1.75 0.8,kutu,0.0,2370.0
2899,louse,HIGAONON BINUKID,lisaʔ,l i s a ʔ,5 7 3 7 1,AXBYN,LISAH,36.0,36.L.C 36.I.V 36.S.C 36.A.V 36.H.c,2.0 1.5 1.75 1.3 0.8,lisaʔ,0.0,2384.0
2991,louse,HUNGARIAN,teti,t e t i,1 7 1 7,AXBZ,TETI,38.0,38.T.C 38.E.V 38.T.C 38.I.V,2.0 1.5 1.75 0.8,teti,0.0,2411.0
3083,louse,IBANAG,lita,l i t a,5 7 1 7,AXBZ,LITA,39.0,39.L.C 39.I.V 39.T.C 39.A.V,2.0 1.5 1.75 0.8,lita,0.0,2384.0
3175,louse,IDAAN,kutu,k u t u,1 7 1 7,AXBZ,KYTY,40.0,40.K.C 40.Y.V 40.T.C 40.Y.V,2.0 1.5 1.75 0.8,kutu,0.0,2370.0
3267,louse,IFUGAO AMGANAD,utu,u t u,7 1 7,XBZ,YTY,41.0,41.Y.V 41.T.C 41.Y.V,1.5 1.75 0.8,utu,0.0,2370.0
3359,louse,IFUGAO BATAD,utu,u t u,7 1 7,XBZ,YTY,42.0,42.Y.V 42.T.C 42.Y.V,1.5 1.75 0.8,utu,0.0,2370.0
3451,louse,IFUGAO BAYNINAN,utu,u t u,7 1 7,XBZ,YTY,43.0,43.Y.V 43.T.C 43.Y.V,1.5 1.75 0.8,utu,0.0,2370.0
3543,louse,ILOKANO,kuto,k u t o,1 7 1 7,AXBZ,KYTU,44.0,44.K.C 44.Y.V 44.T.C 44.U.V,2.0 1.5 1.75 0.8,kuto,0.0,2370.0
3635,louse,ILONGOT KAKIDUGEN,kutu,k u t u,1 7 1 7,AXBZ,KYTY,45.0,45.K.C 45.Y.V 45.T.C 45.Y.V,2.0 1.5 1.75 0.8,kutu,0.0,2370.0
3727,louse,INIBALOI,koto,k o t o,1 7 1 7,AXBZ,KUTU,48.0,48.K.C 48.U.V 48.T.C 48.U.V,2.0 1.5 1.75 0.8,koto,0.0,2370.0
3819,louse,IRANUN,kutu,k u t u,1 7 1 7,AXBZ,KYTY,49.0,49.K.C 49.Y.V 49.T.C 49.Y.V,2.0 1.5 1.75 0.8,kutu,0.0,2370.0
3911,louse,IRIGA,kutu,k u t u,1 7 1 7,AXBZ,KYTY,50.0,50.K.C 50.Y.V 50.T.C 50.Y.V,2.0 1.5 1.75 0.8,kutu,0.0,2370.0
4003,louse,ISNAG,kutu,k u t u,1 7 1 7,AXBZ,KYTY,51.0,51.K.C 51.Y.V 51.T.C 51.Y.V,2.0 1.5 1.75 0.8,kutu,0.0,2370.0
4095,louse,ITAWIT,kutu,k u t u,1 7 1 7,AXBZ,KYTY,52.0,52.K.C 52.Y.V 52.T.C 52.Y.V,2.0 1.5 1.75 0.8,kutu,0.0,2370.0
4187,louse,ITNEG BINONGAN,koto,k o t o,1 7 1 7,AXBZ,KUTU,53.0,53.K.C 53.U.V 53.T.C 53.U.V,2.0 1.5 1.75 0.8,koto,0.0,2370.0
4371,louse,KADAZAN,kutu,k u t u,1 7 1 7,AXBZ,KYTY,55.0,55.K.C 55.Y.V 55.T.C 55.Y.V,2.0 1.5 1.75 0.8,kutu,0.0,2370.0
4463,louse,KAGAYANEN,kutu,k u t u,1 7 1 7,AXBZ,KYTY,56.0,56.K.C 56.Y.V 56.T.C 56.Y.V,2.0 1.5 1.75 0.8,kutu,0.0,2370.0
4555,louse,KALAGAN,babəŋ,b a b ə ŋ,1 7 1 7 4,AXBYN,PAPEN,57.0,57.P.C 57.A.V 57.P.C 57.E.V 57.N.c,2.0 1.5 1.75 1.3 0.8,babəŋ,0.0,2421.0
4647,louse,KALINGA GUINAANG,utu,u t u,7 1 7,XBZ,YTY,59.0,59.Y.V 59.T.C 59.Y.V,1.5 1.75 0.8,utu,0.0,2370.0
4739,louse,KALINGA LIMOS,kutu,k u t u,1 7 1 7,AXBZ,KYTY,60.0,60.K.C 60.Y.V 60.T.C 60.Y.V,2.0 1.5 1.75 0.8,kutu,0.0,2370.0
4831,louse,KALLAHAN KAYAPA PROPER,kutu,k u t u,1 7 1 7,AXBZ,KYTY,61.0,61.K.C 61.Y.V 61.T.C 61.Y.V,2.0 1.5 1.75 0.8,kutu,0.0,2370.0
4923,louse,KANKANAY NORTHERN,koto,k o t o,1 7 1 7,AXBZ,KUTU,63.0,63.K.C 63.U.V 63.T.C 63.U.V,2.0 1.5 1.75 0.8,koto,0.0,2370.0
5015,louse,KAPAMPANGAN,kutu,k u t u,1 7 1 7,AXBZ,KYTY,64.0,64.K.C 64.Y.V 64.T.C 64.Y.V,2.0 1.5 1.75 0.8,kutu,0.0,2370.0
5199,louse,KOREAN,i,i,7,X,I,66.0,66.I.V,1.5,i,0.0,2429.0
5291,louse,LEGAZPI,kutu,k u t u,1 7 1 7,AXBZ,KYTY,67.0,67.K.C 67.Y.V 67.T.C 67.Y.V,2.0 1.5 1.75 0.8,kutu,0.0,2370.0
5383,louse,LIBON,kutu,k u t u,1 7 1 7,AXBZ,KYTY,68.0,68.K.C 68.Y.V 68.T.C 68.Y.V,2.0 1.5 1.75 0.8,kutu,0.0,2370.0
5567,louse,MAMANWA,toma,t o m a,1 7 4 7,AXBZ,TUMA,70.0,70.T.C 70.U.V 70.M.C 70.A.V,2.0 1.5 1.75 0.8,toma,0.0,2411.0
5751,louse,MANOBO ATA,kutu,k u t u,1 7 1 7,AXBZ,KYTY,74.0,74.K.C 74.Y.V 74.T.C 74.Y.V,2.0 1.5 1.75 0.8,kutu,0.0,2370.0
5843,louse,MANOBO DIBABAWON,kutu,k u t u,1 7 1 7,AXBZ,KYTY,75.0,75.K.C 75.Y.V 75.T.C 75.Y.V,2.0 1.5 1.75 0.8,kutu,0.0,2370.0
5935,louse,MANOBO ILIANEN,kutu,k u t u,1 7 1 7,AXBZ,KYTY,76.0,76.K.C 76.Y.V 76.T.C 76.Y.V,2.0 1.5 1.75 0.8,kutu,0.0,2370.0
6027,louse,MANOBO KALAMANSIG COTABATO,kutu,k u t u,1 7 1 7,AXBZ,KYTY,77.0,77.K.C 77.Y.V 77.T.C 77.Y.V,2.0 1.5 1.75 0.8,kutu,0.0,2370.0
6119,louse,MANOBO SARANGANI,koto,k o t o,1 7 1 7,AXBZ,KUTU,78.0,78.K.C 78.U.V 78.T.C 78.U.V,2.0 1.5 1.75 0.8,koto,0.0,2370.0
6211,louse,MANOBO TIGWA,kutu,k u t u,1 7 1 7,AXBZ,KYTY,79.0,79.K.C 79.Y.V 79.T.C 79.Y.V,2.0 1.5 1.75 0.8,kutu,0.0,2370.0
6303,louse,MANOBO WESTERN BUKIDNON,kutuʔ,k u t u ʔ,1 7 1 7 1,AXBYN,KYTYH,80.0,80.K.C 80.Y.V 80.T.C 80.Y.V 80.H.c,2.0 1.5 1.75 1.3 0.8,kutuʔ,0.0,2370.0
6395,louse,MANSAKA,kutu,k u t u,1 7 1 7,AXBZ,KYTY,81.0,81.K.C 81.Y.V 81.T.C 81.Y.V,2.0 1.5 1.75 0.8,kutu,0.0,2370.0
6487,louse,MAPUN,kutu,k u t u,1 7 1 7,AXBZ,KYTY,82.0,82.K.C 82.Y.V 82.T.C 82.Y.V,2.0 1.5 1.75 0.8,kutu,0.0,2370.0
6579,louse,MARANAO,koto,k o t o,1 7 1 7,AXBZ,KUTU,83.0,83.K.C 83.U.V 83.T.C 83.U.V,2.0 1.5 1.75 0.8,koto,0.0,2370.0
6671,louse,MASBATENYO,kuto,k u t o,1 7 1 7,AXBZ,KYTU,84.0,84.K.C 84.Y.V 84.T.C 84.U.V,2.0 1.5 1.75 0.8,kuto,0.0,2370.0
6763,louse,MINANGALI LOWER TANUDAN KALINGA,kutu,k u t u,1 7 1 7,AXBZ,KYTY,85.0,85.K.C 85.Y.V 85.T.C 85.Y.V,2.0 1.5 1.75 0.8,kutu,0.0,2370.0
6855,louse,MOKSHA,sji,s j i,3 6 7,ACX,SJI,86.0,86.S.C 86.J.C 86.I.V,2.0 1.5 1.5,sji,0.0,2447.0
6947,louse,MOLBOG,kutu,k u t u,1 7 1 7,AXBZ,KYTY,87.0,87.K.C 87.Y.V 87.T.C 87.Y.V,2.0 1.5 1.75 0.8,kutu,0.0,2370.0
7039,louse,MONGOLIAN,pos,p o s,1 7 3,AXN,PUS,88.0,88.P.C 88.U.V 88.S.c,2.0 1.5 0.8,pos,0.0,2449.0
7223,louse,NORTHERN CATANDUANES,kutu,k u t u,1 7 1 7,AXBZ,KYTY,90.0,90.K.C 90.Y.V 90.T.C 90.Y.V,2.0 1.5 1.75 0.8,kutu,0.0,2370.0
7315,louse,NORTHERN SORSOGON,kutu,k u t u,1 7 1 7,AXBZ,KYTY,91.0,91.K.C 91.Y.V 91.T.C 91.Y.V,2.0 1.5 1.75 0.8,kutu,0.0,2370.0
7407,louse,OAS,kutu,k u t u,1 7 1 7,AXBZ,KYTY,92.0,92.K.C 92.Y.V 92.T.C 92.Y.V,2.0 1.5 1.75 0.8,kutu,0.0,2370.0
7499,louse,PALAWANO BATAK,kutu,k u t u,1 7 1 7,AXBZ,KYTY,93.0,93.K.C 93.Y.V 93.T.C 93.Y.V,2.0 1.5 1.75 0.8,kutu,0.0,2370.0
7591,louse,PANGASINAN,kuto,k u t o,1 7 1 7,AXBZ,KYTU,94.0,94.K.C 94.Y.V 94.T.C 94.U.V,2.0 1.5 1.75 0.8,kuto,0.0,2370.0
7683,louse,PANGUTARAN SAMA,kutu,k u t u,1 7 1 7,AXBZ,KYTY,95.0,95.K.C 95.Y.V 95.T.C 95.Y.V,2.0 1.5 1.75 0.8,kutu,0.0,2370.0
7775,louse,PROTO PALAWAN,kutu,k u t u,1 7 1 7,AXBZ,KYTY,96.0,96.K.C 96.Y.V 96.T.C 96.Y.V,2.0 1.5 1.75 0.8,kutu,0.0,2370.0
7867,louse,QUEZON PALAWAN,kutu,k u t u,1 7 1 7,AXBZ,KYTY,97.0,97.K.C 97.Y.V 97.T.C 97.Y.V,2.0 1.5 1.75 0.8,kutu,0.0,2370.0
7959,louse,ROMBLOMANON 2,tuma,t u m a,1 7 4 7,AXBZ,TYMA,98.0,98.T.C 98.Y.V 98.M.C 98.A.V,2.0 1.5 1.75 0.8,tuma,0.0,2411.0
8051,louse,SAMAL,kutu,k u t u,1 7 1 7,AXBZ,KYTY,99.0,99.K.C 99.Y.V 99.T.C 99.Y.V,2.0 1.5 1.75 0.8,kutu,0.0,2370.0
8143,louse,SAMBAL BOTOLAN,koto,k o t o,1 7 1 7,AXBZ,KUTU,100.0,100.K.C 100.U.V 100.T.C 100.U.V,2.0 1.5 1.75 0.8,koto,0.0,2370.0
8235,louse,SANGIL SARANGANI ISLANDS,kutuʔ,k u t u ʔ,1 7 1 7 1,AXBYN,KYTYH,101.0,101.K.C 101.Y.V 101.T.C 101.Y.V 101.H.c,2.0 1.5 1.75 1.3 0.8,kutuʔ,0.0,2370.0
8327,louse,SEDANG,Sro,r o,5 7,AX,RU,102.0,102.R.C 102.U.V,2.0 1.5,ro,0.0,2462.0
8419,louse,SIBUTU SOUTHERN SAMA,kutu,k u t u,1 7 1 7,AXBZ,KYTY,103.0,103.K.C 103.Y.V 103.T.C 103.Y.V,2.0 1.5 1.75 0.8,kutu,0.0,2370.0
8511,louse,SOGODNIN BORACAY,koto,k o t o,1 7 1 7,AXBZ,KUTU,105.0,105.K.C 105.U.V 105.T.C 105.U.V,2.0 1.5 1.75 0.8,koto,0.0,2370.0
8603,louse,SOUTH SAAMI,dikiə,d i k i ə,1 7 1 7 7,AXBYZ,TIKIE,106.0,106.T.C 106.I.V 106.K.C 106.I.V 106.E.V,2.0 1.5 1.75 1.3 0.8,dikiə,0.0,2466.0
8695,louse,SOUTHERN CATANDUANES,kutu,k u t u,1 7 1 7,AXBZ,KYTY,107.0,107.K.C 107.Y.V 107.T.C 107.Y.V,2.0 1.5 1.75 0.8,kutu,0.0,2370.0
8787,louse,SOUTHERN SORSOGON,kutu,k u t u,1 7 1 7,AXBZ,KYTY,109.0,109.K.C 109.Y.V 109.T.C 109.Y.V,2.0 1.5 1.75 0.8,kutu,0.0,2370.0
8879,louse,SOUTHWEST PALAWANO,kuto,k u t o,1 7 1 7,AXBZ,KYTU,110.0,110.K.C 110.Y.V 110.T.C 110.U.V,2.0 1.5 1.75 0.8,kuto,0.0,2370.0
8971,louse,SPANISH,pioho,p i o h o,1 7 7 3 7,AXYBZ,PIUHU,111.0,111.P.C 111.I.V 111.U.V 111.H.C 111.U.V,2.0 1.5 1.3 1.75 0.8,pioho,0.0,2471.0
9063,louse,SUBANON SIOCON,gotu,g o t u,1 7 1 7,AXBZ,KUTY,112.0,112.K.C 112.U.V 112.T.C 112.Y.V,2.0 1.5 1.75 0.8,gotu,0.0,2370.0
9155,louse,SUBANUN SINDANGAN,gutu,g u t u,1 7 1 7,AXBZ,KYTY,113.0,113.K.C 113.Y.V 113.T.C 113.Y.V,2.0 1.5 1.75 0.8,gutu,0.0,2370.0
9247,louse,SURIGAONON,kuto,k u t o,1 7 1 7,AXBZ,KYTU,114.0,114.K.C 114.Y.V 114.T.C 114.U.V,2.0 1.5 1.75 0.8,kuto,0.0,2370.0
9431,louse,TAGABILI,kutuh,k u t u h,1 7 1 7 3,AXBYN,KYTYH,116.0,116.K.C 116.Y.V 116.T.C 116.Y.V 116.H.c,2.0 1.5 1.75 1.3 0.8,kutuh,0.0,2370.0
9523,louse,TAGALOG,kuto,k u t o,1 7 1 7,AXBZ,KYTU,117.0,117.K.C 117.Y.V 117.T.C 117.U.V,2.0 1.5 1.75 0.8,kuto,0.0,2370.0
9615,louse,TAGBANWA ABORLAN,kutu,k u t u,1 7 1 7,AXBZ,KYTY,118.0,118.K.C 118.Y.V 118.T.C 118.Y.V,2.0 1.5 1.75 0.8,kutu,0.0,2370.0
9707,louse,TAGBANWA KALAMIAN,tutʔ,t u t ʔ,1 7 1 1,AXLN,TYTH,119.0,119.T.C 119.Y.V 119.T.c 119.H.c,2.0 1.5 1.1 0.8,tutʔ,0.0,2478.0
9799,louse,TAUSUG,kutuh,k u t u h,1 7 1 7 3,AXBYN,KYTYH,120.0,120.K.C 120.Y.V 120.T.C 120.Y.V 120.H.c,2.0 1.5 1.75 1.3 0.8,kutuh,0.0,2370.0
9891,louse,TIMUGON MURUT,kutu,k u t u,1 7 1 7,AXBZ,KYTY,121.0,121.K.C 121.Y.V 121.T.C 121.Y.V,2.0 1.5 1.75 0.8,kutu,0.0,2370.0
9983,louse,TIRURAY,kuwor,k u w o r,1 7 6 7 5,AXBYN,KYWUR,122.0,122.K.C 122.Y.V 122.W.C 122.U.V 122.R.c,2.0 1.5 1.75 1.3 0.8,kuwor,0.0,2481.0
10075,louse,TURKISH,bit,b i t,1 7 1,AXN,PIT,123.0,123.P.C 123.I.V 123.T.c,2.0 1.5 0.8,bit,0.0,2449.0
10351,louse,WARAY WARAY,tuma,t u m a,1 7 4 7,AXBZ,TYMA,126.0,126.T.C 126.Y.V 126.M.C 126.A.V,2.0 1.5 1.75 0.8,tuma,0.0,2411.0
10443,louse,YAKAN,kutu,k u t u,1 7 1 7,AXBZ,KYTY,127.0,127.K.C 127.Y.V 127.T.C 127.Y.V,2.0 1.5 1.75 0.8,kutu,0.0,2370.0
10535,louse,YOGAD,tuma,t u m a,1 7 4 7,AXBZ,TYMA,128.0,128.T.C 128.Y.V 128.M.C 128.A.V,2.0 1.5 1.75 0.8,tuma,0.0,2411.0
10627,louse,ZAMBOANGUENO,kutu,k u t u,1 7 1 7,AXBZ,KYTY,129.0,129.K.C 129.Y.V 129.T.C 129.Y.V,2.0 1.5 1.75 0.8,kutu,0.0,2370.0
10719,louse,IMOROD,toma,t o m a,1 7 4 7,AXBZ,TUMA,46.0,46.T.C 46.U.V 46.M.C 46.A.V,2.0 1.5 1.75 0.8,toma,0.0,2411.0
10811,louse,BABUYAN,bigaw,b i g a w,1 7 1 7 6,AXBYN,PIKAW,5.0,5.P.C 5.I.V 5.K.C 5.A.V 5.W.c,2.0 1.5 1.75 1.3 0.8,bigaw,0.0,2374.0
10995,louse,CAPIZNON,kuto,k u t o,1 7 1 7,AXBZ,KYTU,21.0,21.K.C 21.Y.V 21.T.C 21.U.V,2.0 1.5 1.75 0.8,kuto,0.0,2370.0
11087,louse,FINALLIG,koto,k o t o,1 7 1 7,AXBZ,KUTU,31.0,31.K.C 31.U.V 31.T.C 31.U.V,2.0 1.5 1.75 0.8,koto,0.0,2370.0
11271,louse,INABAKNON,kuspad,k u s p a d,1 7 3 1 7 1,AXMBYN,KYSPAT,47.0,47.K.C 47.Y.V 47.S.c 47.P.C 47.A.V 47.T.c,2.0 1.5 1.1 1.75 1.3 0.8,kuspad,0.0,2412.0
11363,louse,KALAGAN KAAGAN,babəŋ,b a b ə ŋ,1 7 1 7 4,AXBYN,PAPEN,58.0,58.P.C 58.A.V 58.P.C 58.E.V 58.N.c,2.0 1.5 1.75 1.3 0.8,babəŋ,0.0,2421.0
11455,louse,KANKANAEY,koto,k o t o,1 7 1 7,AXBZ,KUTU,62.0,62.K.C 62.U.V 62.T.C 62.U.V,2.0 1.5 1.75 0.8,koto,0.0,2370.0
11547,louse,MANDAYAN BOSO,kutu,k u t u,1 7 1 7,AXBZ,KYTY,71.0,71.K.C 71.Y.V 71.T.C 71.Y.V,2.0 1.5 1.75 0.8,kutu,0.0,2370.0
11639,louse,MANDAYAN ISLAM PISO,kutu,k u t u,1 7 1 7,AXBZ,KYTY,72.0,72.K.C 72.Y.V 72.T.C 72.Y.V,2.0 1.5 1.75 0.8,kutu,0.0,2370.0
11731,louse,SINAUNA,kutu,k u t u,1 7 1 7,AXBZ,KYTY,104.0,104.K.C 104.Y.V 104.T.C 104.Y.V,2.0 1.5 1.75 0.8,kutu,0.0,2370.0
11823,louse,SOUTHERN KALINGA,utu,u t u,7 1 7,XBZ,YTY,108.0,108.Y.V 108.T.C 108.Y.V,1.5 1.75 0.8,utu,0.0,2370.0
784,man,BASQUE,gizon,g i z o n,1 7 3 7 4,AXBYN,KISUN,10.0,10.K.C 10.I.V 10.S.C 10.U.V 10.N.c,2.0 1.5 1.75 1.3 0.8,gizon,0.0,2482.0
1428,man,BUKIDNON BINUKID,maʔama,m a ʔ a m a,4 7 1 7 4 7,AXBYBZ,MAHAMA,18.0,18.M.C 18.A.V 18.H.C 18.A.V 18.M.C 18.A.V,2.0 1.5 1.75 1.3 1.75 0.8,maʔama,0.0,2483.0
2256,man,ENGLISH,mEn,m n,4 4,AN,MN,28.0,28.M.C 28.N.c,2.0 0.8,mn,0.0,2484.0
2440,man,ESTONIAN,mes,m e s,4 7 3,AXN,MES,30.0,30.M.C 30.E.V 30.S.c,2.0 1.5 0.8,mes,0.0,2485.0
2532,man,FINNISH,mies,m i e s,4 7 7 3,AXYN,MIES,32.0,32.M.C 32.I.V 32.E.V 32.S.c,2.0 1.5 1.3 0.8,mies,0.0,2485.0
2808,man,HANUNOO,lalaki,l a l a k i,5 7 5 7 1 7,AXBYBZ,LALAKI,35.0,35.L.C 35.A.V 35.L.C 35.A.V 35.K.C 35.I.V,2.0 1.5 1.75 1.3 1.75 0.8,lalaki,0.0,2487.0
2900,man,HIGAONON BINUKID,maʔama,m a ʔ a m a,4 7 1 7 4 7,AXBYBZ,MAHAMA,36.0,36.M.C 36.A.V 36.H.C 36.A.V 36.M.C 36.A.V,2.0 1.5 1.75 1.3 1.75 0.8,maʔama,0.0,2483.0
2992,man,HUNGARIAN,mies,m i e s,4 7 7 3,AXYN,MIES,38.0,38.M.C 38.I.V 38.E.V 38.S.c,2.0 1.5 1.3 0.8,mies,0.0,2485.0
4280,man,JAPANESE,hito,h i t o,3 7 1 7,AXBZ,HITU,54.0,54.H.C 54.I.V 54.T.C 54.U.V,2.0 1.5 1.75 0.8,hito,0.0,2491.0
5016,man,KAPAMPANGAN,lalaki,l a l a k i,5 7 5 7 1 7,AXBYBZ,LALAKI,64.0,64.L.C 64.A.V 64.L.C 64.A.V 64.K.C 64.I.V,2.0 1.5 1.75 1.3 1.75 0.8,lalaki,0.0,2487.0
5200,man,KOREAN,namdʒa,n a m dʒ a,4 7 4 1 7,AXMBZ,NAMTA,66.0,66.N.C 66.A.V 66.M.c 66.T.C 66.A.V,2.0 1.5 1.1 1.75 0.8,namdʒa,0.0,2493.0
6856,man,MOKSHA,alja,a l j a,7 5 6 7,XBCZ,ALJA,86.0,86.A.V 86.L.C 86.J.C 86.A.V,1.5 1.75 1.5 0.8,alja,0.0,2494.0
8328,man,SEDANG,konou,k o n o u,1 7 4 7 7,AXBYZ,KUNUY,102.0,102.K.C 102.U.V 102.N.C 102.U.V 102.Y.V,2.0 1.5 1.75 1.3 0.8,konou,0.0,2495.0
8972,man,SPANISH,ombre,o m b r e,7 4 1 5 7,XMBCZ,UMPRE,111.0,111.U.V 111.M.c 111.P.C 111.R.C 111.E.V,1.5 1.1 1.75 1.5 0.8,ombre,0.0,2496.0
9524,man,TAGALOG,lalaki,l a l a k i,5 7 5 7 1 7,AXBYBZ,LALAKI,117.0,117.L.C 117.A.V 117.L.C 117.A.V 117.K.C 117.I.V,2.0 1.5 1.75 1.3 1.75 0.8,lalaki,0.0,2487.0
10076,man,TURKISH,erkek,e r k e k,7 5 1 7 1,XMBYN,ERKEK,123.0,123.E.V 123.R.c 123.K.C 123.E.V 123.K.c,1.5 1.1 1.75 1.3 0.8,erkek,0.0,2498.0
10720,man,IMOROD,mehakaj,m e h a k a j,4 7 3 7 1 7 6,AXBYBYN,MEHAKAJ,46.0,46.M.C 46.E.V 46.H.C 46.A.V 46.K.C 46.A.V 46.J.c,2.0 1.5 1.75 1.3 1.75 1.3 0.8,mehakaj,0.0,2483.0
785,moon,BASQUE,ilargi,i l a r g i,7 5 7 5 1 7,XBYMBZ,ILARKI,10.0,10.I.V 10.L.C 10.A.V 10.R.c 10.K.C 10.I.V,1.5 1.75 1.3 1.1 1.75 0.8,ilargi,0.0,2499.0
1429,moon,BUKIDNON BINUKID,bulan,b u l a n,1 7 5 7 4,AXBYN,PYLAN,18.0,18.P.C 18.Y.V 18.L.C 18.A.V 18.N.c,2.0 1.5 1.75 1.3 0.8,bulan,0.0,2500.0
2257,moon,ENGLISH,mun,m u n,4 7 4,AXN,MYN,28.0,28.M.C 28.Y.V 28.N.c,2.0 1.5 0.8,mun,0.0,2501.0
2441,moon,ESTONIAN,ku,k u,1 7,AX,KY,30.0,30.K.C 30.Y.V,2.0 1.5,ku,0.0,2502.0
2533,moon,FINNISH,kuu,k uu,1 7,AX,KY,32.0,32.K.C 32.Y.V,2.0 1.5,kuu,0.0,2502.0
2809,moon,HANUNOO,bulan,b u l a n,1 7 5 7 4,AXBYN,PYLAN,35.0,35.P.C 35.Y.V 35.L.C 35.A.V 35.N.c,2.0 1.5 1.75 1.3 0.8,bulan,0.0,2500.0
2901,moon,HIGAONON BINUKID,bulan,b u l a n,1 7 5 7 4,AXBYN,PYLAN,36.0,36.P.C 36.Y.V 36.L.C 36.A.V 36.N.c,2.0 1.5 1.75 1.3 0.8,bulan,0.0,2500.0
2993,moon,HUNGARIAN,hold,h o l d,3 7 5 1,AXLN,HULT,38.0,38.H.C 38.U.V 38.L.c 38.T.c,2.0 1.5 1.1 0.8,hold,0.0,2506.0
4281,moon,JAPANESE,cuki,c u k i,1 7 1 7,AXBZ,CYKI,54.0,54.C.C 54.Y.V 54.K.C 54.I.V,2.0 1.5 1.75 0.8,cuki,0.0,2508.0
5017,moon,KAPAMPANGAN,bulan,b u l a n,1 7 5 7 4,AXBYN,PYLAN,64.0,64.P.C 64.Y.V 64.L.C 64.A.V 64.N.c,2.0 1.5 1.75 1.3 0.8,bulan,0.0,2500.0
5201,moon,KOREAN,tal,t a l,1 7 5,AXN,TAL,66.0,66.T.C 66.A.V 66.L.c,2.0 1.5 0.8,tal,0.0,2510.0
6857,moon,MOKSHA,kov,k o v,1 7 3,AXN,KUB,86.0,86.K.C 86.U.V 86.B.c,2.0 1.5 0.8,kov,0.0,2502.0
8329,moon,SEDANG,ke,k e,1 7,AX,KE,102.0,102.K.C 102.E.V,2.0 1.5,ke,0.0,2502.0
8973,moon,SPANISH,luna,l u n a,5 7 4 7,AXBZ,LYNA,111.0,111.L.C 111.Y.V 111.N.C 111.A.V,2.0 1.5 1.75 0.8,luna,0.0,2513.0
9525,moon,TAGALOG,buwan,b u w a n,1 7 6 7 4,AXBYN,PYWAN,117.0,117.P.C 117.Y.V 117.W.C 117.A.V 117.N.c,2.0 1.5 1.75 1.3 0.8,buwan,0.0,2500.0
10077,moon,TURKISH,aj,a j,7 6,XN,AJ,123.0,123.A.V 123.J.c,1.5 0.8,aj,0.0,2515.0
10721,moon,IMOROD,vehan,v e h a n,3 7 3 7 4,AXBYN,BEHAN,46.0,46.B.C 46.E.V 46.H.C 46.A.V 46.N.c,2.0 1.5 1.75 1.3 0.8,vehan,0.0,2500.0
50,mountain,AGTA,bogetoj,b o g e t o j,1 7 1 7 1 7 6,AXBYBYN,PUKETUJ,1.0,1.P.C 1.U.V 1.K.C 1.E.V 1.T.C 1.U.V 1.J.c,2.0 1.5 1.75 1.3 1.75 1.3 0.8,bogetoj,0.0,2516.0
234,mountain,ARTA,bukid,b u k i d,1 7 1 7 1,AXBYN,PYKIT,3.0,3.P.C 3.Y.V 3.K.C 3.I.V 3.T.c,2.0 1.5 1.75 1.3 0.8,bukid,0.0,2516.0
326,mountain,ATTA PAMPLONA,puddul,p u dd u l,1 7 1 7 5,AXBYN,PYTYL,4.0,4.P.C 4.Y.V 4.T.C 4.Y.V 4.L.c,2.0 1.5 1.75 1.3 0.8,puddul,0.0,2520.0
418,mountain,BAJAU WEST COAST,gunuŋ,g u n u ŋ,1 7 4 7 4,AXBYN,KYNYN,6.0,6.K.C 6.Y.V 6.N.C 6.Y.V 6.N.c,2.0 1.5 1.75 1.3 0.8,gunuŋ,0.0,2519.0
510,mountain,BALANGAW,bilig,b i l i g,1 7 5 7 1,AXBYN,PILIK,7.0,7.P.C 7.I.V 7.L.C 7.I.V 7.K.c,2.0 1.5 1.75 1.3 0.8,bilig,0.0,2520.0
602,mountain,BALANGINGI SAMA,bullud,b u ll u d,1 7 5 7 1,AXBYN,PYLYT,8.0,8.P.C 8.Y.V 8.L.C 8.Y.V 8.T.c,2.0 1.5 1.75 1.3 0.8,bullud,0.0,2516.0
786,mountain,BASQUE,mendi,m e n d i,4 7 4 1 7,AXMBZ,MENTI,10.0,10.M.C 10.E.V 10.N.c 10.T.C 10.I.V,2.0 1.5 1.1 1.75 0.8,mendi,0.0,2522.0
878,mountain,BATAK PALAWAN,bulud,b u l u d,1 7 5 7 1,AXBYN,PYLYT,11.0,11.P.C 11.Y.V 11.L.C 11.Y.V 11.T.c,2.0 1.5 1.75 1.3 0.8,bulud,0.0,2516.0
970,mountain,BILAAN KORONADAL,bulul,b u l u l,1 7 5 7 5,AXBYN,PYLYL,12.0,12.P.C 12.Y.V 12.L.C 12.Y.V 12.L.c,2.0 1.5 1.75 1.3 0.8,bulul,0.0,2520.0
1062,mountain,BILAAN SARANGANI,bulul,b u l u l,1 7 5 7 5,AXBYN,PYLYL,13.0,13.P.C 13.Y.V 13.L.C 13.Y.V 13.L.c,2.0 1.5 1.75 1.3 0.8,bulul,0.0,2520.0
1246,mountain,BONTOC GUINAANG,bilig,b i l i g,1 7 5 7 1,AXBYN,PILIK,16.0,16.P.C 16.I.V 16.L.C 16.I.V 16.K.c,2.0 1.5 1.75 1.3 0.8,bilig,0.0,2520.0
1338,mountain,BUHI,bukid,b u k i d,1 7 1 7 1,AXBYN,PYKIT,17.0,17.P.C 17.Y.V 17.K.C 17.I.V 17.T.c,2.0 1.5 1.75 1.3 0.8,bukid,0.0,2516.0
1430,mountain,BUKIDNON BINUKID,buntod,b u n t o d,1 7 4 1 7 1,AXMBYN,PYNTUT,18.0,18.P.C 18.Y.V 18.N.c 18.T.C 18.U.V 18.T.c,2.0 1.5 1.1 1.75 1.3 0.8,buntod,0.0,2543.0
1614,mountain,CAIJIA,tipəu,t i p ə u,1 7 1 7 7,AXBYZ,TIPEY,20.0,20.T.C 20.I.V 20.P.C 20.E.V 20.Y.V,2.0 1.5 1.75 1.3 0.8,tipəu,0.0,2530.0
1798,mountain,CENTRAL TAGBANWA,bukid,b u k i d,1 7 1 7 1,AXBYN,PYKIT,23.0,23.P.C 23.Y.V 23.K.C 23.I.V 23.T.c,2.0 1.5 1.75 1.3 0.8,bukid,0.0,2516.0
1982,mountain,DARAGA,bulud,b u l u d,1 7 5 7 1,AXBYN,PYLYT,25.0,25.P.C 25.Y.V 25.L.C 25.Y.V 25.T.c,2.0 1.5 1.75 1.3 0.8,bulud,0.0,2516.0
2074,mountain,DUMAGAT CASIGURAN,buked,b u k e d,1 7 1 7 1,AXBYN,PYKET,26.0,26.P.C 26.Y.V 26.K.C 26.E.V 26.T.c,2.0 1.5 1.75 1.3 0.8,buked,0.0,2516.0
2166,mountain,DUPANINGAN AGTA,tagilEtel,t a g i l t e l,1 7 1 7 5 1 7 5,AXBYMBYN,TAKILTEL,27.0,27.T.C 27.A.V 27.K.C 27.I.V 27.L.c 27.T.C 27.E.V 27.L.c,2.0 1.5 1.75 1.3 1.1 1.75 1.3 0.8,tagiltel,0.0,2534.0
2258,mountain,ENGLISH,mauntən,m a u n t ə n,4 7 7 4 1 7 4,AXYMBYN,MAYNTEN,28.0,28.M.C 28.A.V 28.Y.V 28.N.c 28.T.C 28.E.V 28.N.c,2.0 1.5 1.3 1.1 1.75 1.3 0.8,mauntən,0.0,2522.0
2442,mountain,ESTONIAN,magi,m a g i,4 7 1 7,AXBZ,MAKI,30.0,30.M.C 30.A.V 30.K.C 30.I.V,2.0 1.5 1.75 0.8,magi,0.0,2536.0
2534,mountain,FINNISH,vuori,v u o r i,3 7 7 5 7,AXYBZ,BYURI,32.0,32.B.C 32.Y.V 32.U.V 32.R.C 32.I.V,2.0 1.5 1.3 1.75 0.8,vuori,0.0,2537.0
2626,mountain,FUZHOU CHINESE,8aŋ,a ŋ,7 4,XN,AN,33.0,33.A.V 33.N.c,1.5 0.8,aŋ,0.0,2538.0
2718,mountain,GADDANG,kulud,k u l u d,1 7 5 7 1,AXBYN,KYLYT,34.0,34.K.C 34.Y.V 34.L.C 34.Y.V 34.T.c,2.0 1.5 1.75 1.3 0.8,kulud,0.0,2516.0
2902,mountain,HIGAONON BINUKID,buntod,b u n t o d,1 7 4 1 7 1,AXMBYN,PYNTUT,36.0,36.P.C 36.Y.V 36.N.c 36.T.C 36.U.V 36.T.c,2.0 1.5 1.1 1.75 1.3 0.8,buntod,0.0,2543.0
2994,mountain,HUNGARIAN,hegj,h e g j,3 7 1 6,AXBC,HEKJ,38.0,38.H.C 38.E.V 38.K.C 38.J.C,2.0 1.5 1.75 1.5,hegj,0.0,2541.0
3270,mountain,IFUGAO AMGANAD,billid,b i ll i d,1 7 5 7 1,AXBYN,PILIT,41.0,41.P.C 41.I.V 41.L.C 41.I.V 41.T.c,2.0 1.5 1.75 1.3 0.8,billid,0.0,2516.0
3362,mountain,IFUGAO BATAD,duntug,d u n t u g,1 7 4 1 7 1,AXMBYN,TYNTYK,42.0,42.T.C 42.Y.V 42.N.c 42.T.C 42.Y.V 42.K.c,2.0 1.5 1.1 1.75 1.3 0.8,duntug,0.0,2543.0
3454,mountain,IFUGAO BAYNINAN,bilid,b i l i d,1 7 5 7 1,AXBYN,PILIT,43.0,43.P.C 43.I.V 43.L.C 43.I.V 43.T.c,2.0 1.5 1.75 1.3 0.8,bilid,0.0,2516.0
3638,mountain,ILONGOT KAKIDUGEN,bəsilid,b ə s i l i d,1 7 3 7 5 7 1,AXBYBYN,PESILIT,45.0,45.P.C 45.E.V 45.S.C 45.I.V 45.L.C 45.I.V 45.T.c,2.0 1.5 1.75 1.3 1.75 1.3 0.8,bəsilid,0.0,2516.0
3730,mountain,INIBALOI,contog,c o n t o g,1 7 4 1 7 1,AXMBYN,CUNTUK,48.0,48.C.C 48.U.V 48.N.c 48.T.C 48.U.V 48.K.c,2.0 1.5 1.1 1.75 1.3 0.8,contog,0.0,2543.0
3914,mountain,IRIGA,kulud,k u l u d,1 7 5 7 1,AXBYN,KYLYT,50.0,50.K.C 50.Y.V 50.L.C 50.Y.V 50.T.c,2.0 1.5 1.75 1.3 0.8,kulud,0.0,2516.0
4006,mountain,ISNAG,bantaj,b a n t a j,1 7 4 1 7 6,AXMBYN,PANTAJ,51.0,51.P.C 51.A.V 51.N.c 51.T.C 51.A.V 51.J.c,2.0 1.5 1.1 1.75 1.3 0.8,bantaj,0.0,2543.0
4190,mountain,ITNEG BINONGAN,bilig,b i l i g,1 7 5 7 1,AXBYN,PILIK,53.0,53.P.C 53.I.V 53.L.C 53.I.V 53.K.c,2.0 1.5 1.75 1.3 0.8,bilig,0.0,2520.0
4282,mountain,JAPANESE,jama,j a m a,6 7 4 7,AXBZ,JAMA,54.0,54.J.C 54.A.V 54.M.C 54.A.V,2.0 1.5 1.75 0.8,jama,0.0,2550.0
4374,mountain,KADAZAN,nuhu takavas,n u h u # t a k a v a s,4 7 3 7 9 1 7 1 7 3 7 3,AXBZ_AXBYBYN,NYHY_TAKABAS,55.0,55.N.C 55.Y.V 55.H.C 55.Y.V 55._._ 55.T.C 55.A.V 55.K.C 55.A.V 55.B.C 55.A.V 55.S.c,2.0 1.5 1.75 0.8 0.0 2.0 1.5 1.75 1.3 1.75 1.3 0.8,nuhu#takavas,0.0,2551.0
4466,mountain,KAGAYANEN,bukid,b u k i d,1 7 1 7 1,AXBYN,PYKIT,56.0,56.P.C 56.Y.V 56.K.C 56.I.V 56.T.c,2.0 1.5 1.75 1.3 0.8,bukid,0.0,2516.0
4558,mountain,KALAGAN,buntud,b u n t u d,1 7 4 1 7 1,AXMBYN,PYNTYT,57.0,57.P.C 57.Y.V 57.N.c 57.T.C 57.Y.V 57.T.c,2.0 1.5 1.1 1.75 1.3 0.8,buntud,0.0,2543.0
4650,mountain,KALINGA GUINAANG,bilig,b i l i g,1 7 5 7 1,AXBYN,PILIK,59.0,59.P.C 59.I.V 59.L.C 59.I.V 59.K.c,2.0 1.5 1.75 1.3 0.8,bilig,0.0,2520.0
4742,mountain,KALINGA LIMOS,bateled,b a t e l e d,1 7 1 7 5 7 1,AXBYBYN,PATELET,60.0,60.P.C 60.A.V 60.T.C 60.E.V 60.L.C 60.E.V 60.T.c,2.0 1.5 1.75 1.3 1.75 1.3 0.8,bateled,0.0,2516.0
4834,mountain,KALLAHAN KAYAPA PROPER,duntug,d u n t u g,1 7 4 1 7 1,AXMBYN,TYNTYK,61.0,61.T.C 61.Y.V 61.N.c 61.T.C 61.Y.V 61.K.c,2.0 1.5 1.1 1.75 1.3 0.8,duntug,0.0,2543.0
4926,mountain,KANKANAY NORTHERN,bilig,b i l i g,1 7 5 7 1,AXBYN,PILIK,63.0,63.P.C 63.I.V 63.L.C 63.I.V 63.K.c,2.0 1.5 1.75 1.3 0.8,bilig,0.0,2520.0
5110,mountain,KINARAY A,bukid,b u k i d,1 7 1 7 1,AXBYN,PYKIT,65.0,65.P.C 65.Y.V 65.K.C 65.I.V 65.T.c,2.0 1.5 1.75 1.3 0.8,bukid,0.0,2516.0
5202,mountain,KOREAN,san,s a n,3 7 4,AXN,SAN,66.0,66.S.C 66.A.V 66.N.c,2.0 1.5 0.8,san,0.0,2538.0
5294,mountain,LEGAZPI,bulud,b u l u d,1 7 5 7 1,AXBYN,PYLYT,67.0,67.P.C 67.Y.V 67.L.C 67.Y.V 67.T.c,2.0 1.5 1.75 1.3 0.8,bulud,0.0,2516.0
5386,mountain,LIBON,ʔampas,ʔ a m p a s,1 7 4 1 7 3,AXMBYN,HAMPAS,68.0,68.H.C 68.A.V 68.M.c 68.P.C 68.A.V 68.S.c,2.0 1.5 1.1 1.75 1.3 0.8,ʔampas,0.0,2561.0
5478,mountain,LIVE,mEg,m g,4 1,AN,MK,69.0,69.M.C 69.K.c,2.0 0.8,mg,0.0,2562.0
5570,mountain,MAMANWA,boboŋ,b o b o ŋ,1 7 1 7 4,AXBYN,PUPUN,70.0,70.P.C 70.U.V 70.P.C 70.U.V 70.N.c,2.0 1.5 1.75 1.3 0.8,boboŋ,0.0,2563.0
5662,mountain,MANIDE,beŋag,b e ŋ a g,1 7 4 7 1,AXBYN,PENAK,73.0,73.P.C 73.E.V 73.N.C 73.A.V 73.K.c,2.0 1.5 1.75 1.3 0.8,beŋag,0.0,2543.0
5754,mountain,MANOBO ATA,bubuŋan,b u b u ŋ a n,1 7 1 7 4 7 4,AXBYBYN,PYPYNAN,74.0,74.P.C 74.Y.V 74.P.C 74.Y.V 74.N.C 74.A.V 74.N.c,2.0 1.5 1.75 1.3 1.75 1.3 0.8,bubuŋan,0.0,2563.0
5846,mountain,MANOBO DIBABAWON,untud,u n t u d,7 4 1 7 1,XMBYN,YNTYT,75.0,75.Y.V 75.N.c 75.T.C 75.Y.V 75.T.c,1.5 1.1 1.75 1.3 0.8,untud,0.0,2543.0
5938,mountain,MANOBO ILIANEN,bubuŋan,b u b u ŋ a n,1 7 1 7 4 7 4,AXBYBYN,PYPYNAN,76.0,76.P.C 76.Y.V 76.P.C 76.Y.V 76.N.C 76.A.V 76.N.c,2.0 1.5 1.75 1.3 1.75 1.3 0.8,bubuŋan,0.0,2563.0
6030,mountain,MANOBO KALAMANSIG COTABATO,gətan,g ə t a n,1 7 1 7 4,AXBYN,KETAN,77.0,77.K.C 77.E.V 77.T.C 77.A.V 77.N.c,2.0 1.5 1.75 1.3 0.8,gətan,0.0,2519.0
6122,mountain,MANOBO SARANGANI,bontod,b o n t o d,1 7 4 1 7 1,AXMBYN,PUNTUT,78.0,78.P.C 78.U.V 78.N.c 78.T.C 78.U.V 78.T.c,2.0 1.5 1.1 1.75 1.3 0.8,bontod,0.0,2543.0
6214,mountain,MANOBO TIGWA,bubuŋan,b u b u ŋ a n,1 7 1 7 4 7 4,AXBYBYN,PYPYNAN,79.0,79.P.C 79.Y.V 79.P.C 79.Y.V 79.N.C 79.A.V 79.N.c,2.0 1.5 1.75 1.3 1.75 1.3 0.8,bubuŋan,0.0,2563.0
6306,mountain,MANOBO WESTERN BUKIDNON,buntud,b u n t u d,1 7 4 1 7 1,AXMBYN,PYNTYT,80.0,80.P.C 80.Y.V 80.N.c 80.T.C 80.Y.V 80.T.c,2.0 1.5 1.1 1.75 1.3 0.8,buntud,0.0,2543.0
6398,mountain,MANSAKA,bətaj,b ə t a j,1 7 1 7 6,AXBYN,PETAJ,81.0,81.P.C 81.E.V 81.T.C 81.A.V 81.J.c,2.0 1.5 1.75 1.3 0.8,bətaj,0.0,2564.0
6858,mountain,MOKSHA,panda,p a n d a,1 7 4 1 7,AXMBZ,PANTA,86.0,86.P.C 86.A.V 86.N.c 86.T.C 86.A.V,2.0 1.5 1.1 1.75 0.8,panda,0.0,2543.0
6950,mountain,MOLBOG,bukid,b u k i d,1 7 1 7 1,AXBYN,PYKIT,87.0,87.P.C 87.Y.V 87.K.C 87.I.V 87.T.c,2.0 1.5 1.75 1.3 0.8,bukid,0.0,2516.0
7042,mountain,MONGOLIAN,uL,u,7,X,Y,88.0,88.Y.V,1.5,u,0.0,2577.0
7134,mountain,MORO MAGINDANAU,palau,p a l a u,1 7 5 7 7,AXBYZ,PALAY,89.0,89.P.C 89.A.V 89.L.C 89.A.V 89.Y.V,2.0 1.5 1.75 1.3 0.8,palau,0.0,2520.0
7226,mountain,NORTHERN CATANDUANES,burud,b u r u d,1 7 5 7 1,AXBYN,PYRYT,90.0,90.P.C 90.Y.V 90.R.C 90.Y.V 90.T.c,2.0 1.5 1.75 1.3 0.8,burud,0.0,2516.0
7318,mountain,NORTHERN SORSOGON,bulud,b u l u d,1 7 5 7 1,AXBYN,PYLYT,91.0,91.P.C 91.Y.V 91.L.C 91.Y.V 91.T.c,2.0 1.5 1.75 1.3 0.8,bulud,0.0,2516.0
7410,mountain,OAS,bukid,b u k i d,1 7 1 7 1,AXBYN,PYKIT,92.0,92.P.C 92.Y.V 92.K.C 92.I.V 92.T.c,2.0 1.5 1.75 1.3 0.8,bukid,0.0,2516.0
7778,mountain,PROTO PALAWAN,bukid,b u k i d,1 7 1 7 1,AXBYN,PYKIT,96.0,96.P.C 96.Y.V 96.K.C 96.I.V 96.T.c,2.0 1.5 1.75 1.3 0.8,bukid,0.0,2516.0
7870,mountain,QUEZON PALAWAN,bukid,b u k i d,1 7 1 7 1,AXBYN,PYKIT,97.0,97.P.C 97.Y.V 97.K.C 97.I.V 97.T.c,2.0 1.5 1.75 1.3 0.8,bukid,0.0,2516.0
7962,mountain,ROMBLOMANON 2,bakujud,b a k u j u d,1 7 1 7 6 7 1,AXBYBYN,PAKYJYT,98.0,98.P.C 98.A.V 98.K.C 98.Y.V 98.J.C 98.Y.V 98.T.c,2.0 1.5 1.75 1.3 1.75 1.3 0.8,bakujud,0.0,2516.0
8054,mountain,SAMAL,buud,b uu d,1 7 1,AXN,PYT,99.0,99.P.C 99.Y.V 99.T.c,2.0 1.5 0.8,buud,0.0,2564.0
8146,mountain,SAMBAL BOTOLAN,bakil,b a k i l,1 7 1 7 5,AXBYN,PAKIL,100.0,100.P.C 100.A.V 100.K.C 100.I.V 100.L.c,2.0 1.5 1.75 1.3 0.8,bakil,0.0,2516.0
8238,mountain,SANGIL SARANGANI ISLANDS,budəʔ,b u d ə ʔ,1 7 1 7 1,AXBYN,PYTEH,101.0,101.P.C 101.Y.V 101.T.C 101.E.V 101.H.c,2.0 1.5 1.75 1.3 0.8,budəʔ,0.0,2564.0
8330,mountain,SEDANG,ŋo,ŋ o,4 7,AX,NU,102.0,102.N.C 102.U.V,2.0 1.5,ŋo,0.0,2588.0
8606,mountain,SOUTH SAAMI,Cjakə,j a k ə,6 7 1 7,AXBZ,JAKE,106.0,106.J.C 106.A.V 106.K.C 106.E.V,2.0 1.5 1.75 0.8,jakə,0.0,2536.0
8698,mountain,SOUTHERN CATANDUANES,bulud,b u l u d,1 7 5 7 1,AXBYN,PYLYT,107.0,107.P.C 107.Y.V 107.L.C 107.Y.V 107.T.c,2.0 1.5 1.75 1.3 0.8,bulud,0.0,2516.0
8790,mountain,SOUTHERN SORSOGON,bulud,b u l u d,1 7 5 7 1,AXBYN,PYLYT,109.0,109.P.C 109.Y.V 109.L.C 109.Y.V 109.T.c,2.0 1.5 1.75 1.3 0.8,bulud,0.0,2516.0
8974,mountain,SPANISH,sero,s e r o,3 7 5 7,AXBZ,SERU,111.0,111.S.C 111.E.V 111.R.C 111.U.V,2.0 1.5 1.75 0.8,sero,0.0,2592.0
9066,mountain,SUBANON SIOCON,bontod,b o n t o d,1 7 4 1 7 1,AXMBYN,PUNTUT,112.0,112.P.C 112.U.V 112.N.c 112.T.C 112.U.V 112.T.c,2.0 1.5 1.1 1.75 1.3 0.8,bontod,0.0,2543.0
9158,mountain,SUBANUN SINDANGAN,bəntud,b ə n t u d,1 7 4 1 7 1,AXMBYN,PENTYT,113.0,113.P.C 113.E.V 113.N.c 113.T.C 113.Y.V 113.T.c,2.0 1.5 1.1 1.75 1.3 0.8,bəntud,0.0,2543.0
9342,mountain,TAGABAWA,pabuŋan,p a b u ŋ a n,1 7 1 7 4 7 4,AXBYBYN,PAPYNAN,115.0,115.P.C 115.A.V 115.P.C 115.Y.V 115.N.C 115.A.V 115.N.c,2.0 1.5 1.75 1.3 1.75 1.3 0.8,pabuŋan,0.0,2563.0
9434,mountain,TAGABILI,bulul,b u l u l,1 7 5 7 5,AXBYN,PYLYL,116.0,116.P.C 116.Y.V 116.L.C 116.Y.V 116.L.c,2.0 1.5 1.75 1.3 0.8,bulul,0.0,2520.0
9526,mountain,TAGALOG,bundok,b u n d o k,1 7 4 1 7 1,AXMBYN,PYNTUK,117.0,117.P.C 117.Y.V 117.N.c 117.T.C 117.U.V 117.K.c,2.0 1.5 1.1 1.75 1.3 0.8,bundok,0.0,2543.0
9618,mountain,TAGBANWA ABORLAN,bukid,b u k i d,1 7 1 7 1,AXBYN,PYKIT,118.0,118.P.C 118.Y.V 118.K.C 118.I.V 118.T.c,2.0 1.5 1.75 1.3 0.8,bukid,0.0,2516.0
9710,mountain,TAGBANWA KALAMIAN,bukid,b u k i d,1 7 1 7 1,AXBYN,PYKIT,119.0,119.P.C 119.Y.V 119.K.C 119.I.V 119.T.c,2.0 1.5 1.75 1.3 0.8,bukid,0.0,2516.0
9802,mountain,TAUSUG,buud,b uu d,1 7 1,AXN,PYT,120.0,120.P.C 120.Y.V 120.T.c,2.0 1.5 0.8,buud,0.0,2564.0
9986,mountain,TIRURAY,menitej,m e n i t e j,4 7 4 7 1 7 6,AXBYBYN,MENITEJ,122.0,122.M.C 122.E.V 122.N.C 122.I.V 122.T.C 122.E.V 122.J.c,2.0 1.5 1.75 1.3 1.75 1.3 0.8,menitej,0.0,2522.0
10078,mountain,TURKISH,da silsilesi,d a # s i ls i l e s i,1 7 9 3 7 5 7 5 7 3 7,AX_AXBYBYBZ,TA_SILILESI,123.0,123.T.C 123.A.V 123._._ 123.S.C 123.I.V 123.L.C 123.I.V 123.L.C 123.E.V 123.S.C 123.I.V,2.0 1.5 0.0 2.0 1.5 1.75 1.3 1.75 1.3 1.75 0.8,da#silsilesi,0.0,2602.0
10170,mountain,UGARITIC,gbl,g b l,1 1 5,ACC,KPL,124.0,124.K.C 124.P.C 124.L.C,2.0 1.5 1.5,gbl,0.0,2603.0
10538,mountain,YOGAD,bakulud,b a k u l u d,1 7 1 7 5 7 1,AXBYBYN,PAKYLYT,128.0,128.P.C 128.A.V 128.K.C 128.Y.V 128.L.C 128.Y.V 128.T.c,2.0 1.5 1.75 1.3 1.75 1.3 0.8,bakulud,0.0,2516.0
10630,mountain,ZAMBOANGUENO,bu*dak,b u d a k,1 7 1 7 1,AXBYN,PYTAK,129.0,129.P.C 129.Y.V 129.T.C 129.A.V 129.K.c,2.0 1.5 1.75 1.3 0.8,budak,0.0,2543.0
10906,mountain,BISAYA SABAH,bukit,b u k i t,1 7 1 7 1,AXBYN,PYKIT,14.0,14.P.C 14.Y.V 14.K.C 14.I.V 14.T.c,2.0 1.5 1.75 1.3 0.8,bukit,0.0,2516.0
11550,mountain,MANDAYAN BOSO,bətaj,b ə t a j,1 7 1 7 6,AXBYN,PETAJ,71.0,71.P.C 71.E.V 71.T.C 71.A.V 71.J.c,2.0 1.5 1.75 1.3 0.8,bətaj,0.0,2564.0
11642,mountain,MANDAYAN ISLAM PISO,butaj,b u t a j,1 7 1 7 6,AXBYN,PYTAJ,72.0,72.P.C 72.Y.V 72.T.C 72.A.V 72.J.c,2.0 1.5 1.75 1.3 0.8,butaj,0.0,2564.0
787,mouth,BASQUE,aho,a h o,7 3 7,XBZ,AHU,10.0,10.A.V 10.H.C 10.U.V,1.5 1.75 0.8,aho,0.0,2604.0
1431,mouth,BUKIDNON BINUKID,baʔbaʔ,b a ʔ b a ʔ,1 7 1 1 7 1,AXMBYN,PAHPAH,18.0,18.P.C 18.A.V 18.H.c 18.P.C 18.A.V 18.H.c,2.0 1.5 1.1 1.75 1.3 0.8,baʔbaʔ,0.0,2605.0
2259,mouth,ENGLISH,mau8,m a u,4 7 7,AXZ,MAY,28.0,28.M.C 28.A.V 28.Y.V,2.0 1.5 0.8,mau,0.0,2606.0
2443,mouth,ESTONIAN,su,s u,3 7,AX,SY,30.0,30.S.C 30.Y.V,2.0 1.5,su,0.0,2607.0
2535,mouth,FINNISH,suu,s uu,3 7,AX,SY,32.0,32.S.C 32.Y.V,2.0 1.5,suu,0.0,2607.0
2811,mouth,HANUNOO,bibig,b i b i g,1 7 1 7 1,AXBYN,PIPIK,35.0,35.P.C 35.I.V 35.P.C 35.I.V 35.K.c,2.0 1.5 1.75 1.3 0.8,bibig,0.0,2605.0
2903,mouth,HIGAONON BINUKID,baʔbaʔ,b a ʔ b a ʔ,1 7 1 1 7 1,AXMBYN,PAHPAH,36.0,36.P.C 36.A.V 36.H.c 36.P.C 36.A.V 36.H.c,2.0 1.5 1.1 1.75 1.3 0.8,baʔbaʔ,0.0,2605.0
2995,mouth,HUNGARIAN,sadʒ,s a dʒ,3 7 1,AXN,SAT,38.0,38.S.C 38.A.V 38.T.c,2.0 1.5 0.8,sadʒ,0.0,2607.0
4283,mouth,JAPANESE,kuCi,k u i,1 7 7,AXZ,KYI,54.0,54.K.C 54.Y.V 54.I.V,2.0 1.5 0.8,kui,0.0,2613.0
5019,mouth,KAPAMPANGAN,asbuk,a s b u k,7 3 1 7 1,XMBYN,ASPYK,64.0,64.A.V 64.S.c 64.P.C 64.Y.V 64.K.c,1.5 1.1 1.75 1.3 0.8,asbuk,0.0,2605.0
5203,mouth,KOREAN,ip,i p,7 1,XN,IP,66.0,66.I.V 66.P.c,1.5 0.8,ip,0.0,2615.0
6859,mouth,MOKSHA,kurga,k u r g a,1 7 5 1 7,AXMBZ,KYRKA,86.0,86.K.C 86.Y.V 86.R.c 86.K.C 86.A.V,2.0 1.5 1.1 1.75 0.8,kurga,0.0,2616.0
8331,mouth,SEDANG,rokoŋ,r o k o ŋ,5 7 1 7 4,AXBYN,RUKUN,102.0,102.R.C 102.U.V 102.K.C 102.U.V 102.N.c,2.0 1.5 1.75 1.3 0.8,rokoŋ,0.0,2617.0
8975,mouth,SPANISH,boka,b o k a,1 7 1 7,AXBZ,PUKA,111.0,111.P.C 111.U.V 111.K.C 111.A.V,2.0 1.5 1.75 0.8,boka,0.0,2618.0
9527,mouth,TAGALOG,buŋaŋa,b u ŋ a ŋ a,1 7 4 7 4 7,AXBYBZ,PYNANA,117.0,117.P.C 117.Y.V 117.N.C 117.A.V 117.N.C 117.A.V,2.0 1.5 1.75 1.3 1.75 0.8,buŋaŋa,0.0,2612.0
10079,mouth,TURKISH,ajəz,a j ə z,7 6 7 3,XBYN,AJES,123.0,123.A.V 123.J.C 123.E.V 123.S.c,1.5 1.75 1.3 0.8,ajəz,0.0,2620.0
10723,mouth,IMOROD,ŋoŋoj,ŋ o ŋ o j,4 7 4 7 6,AXBYN,NUNUJ,46.0,46.N.C 46.U.V 46.N.C 46.U.V 46.J.c,2.0 1.5 1.75 1.3 0.8,ŋoŋoj,0.0,2612.0
52,name,AGTA,ŋogan,ŋ o g a n,4 7 1 7 4,AXBYN,NUKAN,1.0,1.N.C 1.U.V 1.K.C 1.A.V 1.N.c,2.0 1.5 1.75 1.3 0.8,ŋogan,0.0,2623.0
144,name,AKLANON,ŋaxan,ŋ a x a n,4 7 3 7 4,AXBYN,NAGAN,2.0,2.N.C 2.A.V 2.G.C 2.A.V 2.N.c,2.0 1.5 1.75 1.3 0.8,ŋaxan,0.0,2623.0
236,name,ARTA,ŋadin,ŋ a d i n,4 7 1 7 4,AXBYN,NATIN,3.0,3.N.C 3.A.V 3.T.C 3.I.V 3.N.c,2.0 1.5 1.75 1.3 0.8,ŋadin,0.0,2623.0
328,name,ATTA PAMPLONA,ŋagan,ŋ a g a n,4 7 1 7 4,AXBYN,NAKAN,4.0,4.N.C 4.A.V 4.K.C 4.A.V 4.N.c,2.0 1.5 1.75 1.3 0.8,ŋagan,0.0,2623.0
420,name,BAJAU WEST COAST,oron,o r o n,7 5 7 4,XBYN,URUN,6.0,6.U.V 6.R.C 6.U.V 6.N.c,1.5 1.75 1.3 0.8,oron,0.0,2623.0
512,name,BALANGAW,ŋadon,ŋ a d o n,4 7 1 7 4,AXBYN,NATUN,7.0,7.N.C 7.A.V 7.T.C 7.U.V 7.N.c,2.0 1.5 1.75 1.3 0.8,ŋadon,0.0,2623.0
604,name,BALANGINGI SAMA,on,o n,7 4,XN,UN,8.0,8.U.V 8.N.c,1.5 0.8,on,0.0,2628.0
696,name,BANTON BANTOANON,ŋajan,ŋ a j a n,4 7 6 7 4,AXBYN,NAJAN,9.0,9.N.C 9.A.V 9.J.C 9.A.V 9.N.c,2.0 1.5 1.75 1.3 0.8,ŋajan,0.0,2623.0
788,name,BASQUE,izen,i z e n,7 3 7 4,XBYN,ISEN,10.0,10.I.V 10.S.C 10.E.V 10.N.c,1.5 1.75 1.3 0.8,izen,0.0,2630.0
880,name,BATAK PALAWAN,ŋaran,ŋ a r a n,4 7 5 7 4,AXBYN,NARAN,11.0,11.N.C 11.A.V 11.R.C 11.A.V 11.N.c,2.0 1.5 1.75 1.3 0.8,ŋaran,0.0,2623.0
972,name,BILAAN KORONADAL,dagit,d a g i t,1 7 1 7 1,AXBYN,TAKIT,12.0,12.T.C 12.A.V 12.K.C 12.I.V 12.T.c,2.0 1.5 1.75 1.3 0.8,dagit,0.0,2632.0
1064,name,BILAAN SARANGANI,dagit,d a g i t,1 7 1 7 1,AXBYN,TAKIT,13.0,13.T.C 13.A.V 13.K.C 13.I.V 13.T.c,2.0 1.5 1.75 1.3 0.8,dagit,0.0,2632.0
1156,name,BONGGI,eŋardn,e ŋ a r d n,7 4 7 5 1 4,XBYMBC,ENARTN,15.0,15.E.V 15.N.C 15.A.V 15.R.c 15.T.C 15.N.C,1.5 1.75 1.3 1.1 1.75 1.5,eŋardn,0.0,2635.0
1248,name,BONTOC GUINAANG,ŋadan,ŋ a d a n,4 7 1 7 4,AXBYN,NATAN,16.0,16.N.C 16.A.V 16.T.C 16.A.V 16.N.c,2.0 1.5 1.75 1.3 0.8,ŋadan,0.0,2623.0
1340,name,BUHI,ŋaran,ŋ a r a n,4 7 5 7 4,AXBYN,NARAN,17.0,17.N.C 17.A.V 17.R.C 17.A.V 17.N.c,2.0 1.5 1.75 1.3 0.8,ŋaran,0.0,2623.0
1432,name,BUKIDNON BINUKID,ŋaran,ŋ a r a n,4 7 5 7 4,AXBYN,NARAN,18.0,18.N.C 18.A.V 18.R.C 18.A.V 18.N.c,2.0 1.5 1.75 1.3 0.8,ŋaran,0.0,2623.0
1524,name,BUTUANON,ŋan,ŋ a n,4 7 4,AXN,NAN,19.0,19.N.C 19.A.V 19.N.c,2.0 1.5 0.8,ŋan,0.0,2623.0
1616,name,CAIJIA,mi,m i,4 7,AX,MI,20.0,20.M.C 20.I.V,2.0 1.5,mi,1.0,2640.0
1708,name,CEBUANO,ŋalan,ŋ a l a n,4 7 5 7 4,AXBYN,NALAN,22.0,22.N.C 22.A.V 22.L.C 22.A.V 22.N.c,2.0 1.5 1.75 1.3 0.8,ŋalan,0.0,2623.0
1800,name,CENTRAL TAGBANWA,ŋalan,ŋ a l a n,4 7 5 7 4,AXBYN,NALAN,23.0,23.N.C 23.A.V 23.L.C 23.A.V 23.N.c,2.0 1.5 1.75 1.3 0.8,ŋalan,0.0,2623.0
1892,name,CUYONON,aran,a r a n,7 5 7 4,XBYN,ARAN,24.0,24.A.V 24.R.C 24.A.V 24.N.c,1.5 1.75 1.3 0.8,aran,0.0,2623.0
1984,name,DARAGA,ŋaran,ŋ a r a n,4 7 5 7 4,AXBYN,NARAN,25.0,25.N.C 25.A.V 25.R.C 25.A.V 25.N.c,2.0 1.5 1.75 1.3 0.8,ŋaran,0.0,2623.0
2076,name,DUMAGAT CASIGURAN,ŋahen,ŋ a h e n,4 7 3 7 4,AXBYN,NAHEN,26.0,26.N.C 26.A.V 26.H.C 26.E.V 26.N.c,2.0 1.5 1.75 1.3 0.8,ŋahen,0.0,2623.0
2168,name,DUPANINGAN AGTA,nagEn,n a g n,4 7 1 4,AXBC,NAKN,27.0,27.N.C 27.A.V 27.K.C 27.N.C,2.0 1.5 1.75 1.5,nagn,0.0,2623.0
2260,name,ENGLISH,nem,n e m,4 7 4,AXN,NEM,28.0,28.N.C 28.E.V 28.M.c,2.0 1.5 0.8,nem,0.0,2648.0
2352,name,ESKAYAN,laŋgis,l a ŋ g i s,5 7 4 1 7 3,AXMBYN,LANKIS,29.0,29.L.C 29.A.V 29.N.c 29.K.C 29.I.V 29.S.c,2.0 1.5 1.1 1.75 1.3 0.8,laŋgis,0.0,2649.0
2444,name,ESTONIAN,nimi,n i m i,4 7 4 7,AXBZ,NIMI,30.0,30.N.C 30.I.V 30.M.C 30.I.V,2.0 1.5 1.75 0.8,nimi,0.0,2648.0
2536,name,FINNISH,nimi,n i m i,4 7 4 7,AXBZ,NIMI,32.0,32.N.C 32.I.V 32.M.C 32.I.V,2.0 1.5 1.75 0.8,nimi,0.0,2648.0
2628,name,FUZHOU CHINESE,miaŋcei,m i a ŋ c e i,4 7 7 4 1 7 7,AXYMBYZ,MIANCEI,33.0,33.M.C 33.I.V 33.A.V 33.N.c 33.C.C 33.E.V 33.I.V,2.0 1.5 1.3 1.1 1.75 1.3 0.8,miaŋcei,0.0,2653.0
2720,name,GADDANG,ŋan,ŋ a n,4 7 4,AXN,NAN,34.0,34.N.C 34.A.V 34.N.c,2.0 1.5 0.8,ŋan,0.0,2623.0
2812,name,HANUNOO,ŋaran,ŋ a r a n,4 7 5 7 4,AXBYN,NARAN,35.0,35.N.C 35.A.V 35.R.C 35.A.V 35.N.c,2.0 1.5 1.75 1.3 0.8,ŋaran,0.0,2623.0
2904,name,HIGAONON BINUKID,ŋaran,ŋ a r a n,4 7 5 7 4,AXBYN,NARAN,36.0,36.N.C 36.A.V 36.R.C 36.A.V 36.N.c,2.0 1.5 1.75 1.3 0.8,ŋaran,0.0,2623.0
2996,name,HUNGARIAN,nev,n e v,4 7 3,AXN,NEB,38.0,38.N.C 38.E.V 38.B.c,2.0 1.5 0.8,nev,0.0,2658.0
3088,name,IBANAG,ŋagan,ŋ a g a n,4 7 1 7 4,AXBYN,NAKAN,39.0,39.N.C 39.A.V 39.K.C 39.A.V 39.N.c,2.0 1.5 1.75 1.3 0.8,ŋagan,0.0,2623.0
3180,name,IDAAN,naran,n a r a n,4 7 5 7 4,AXBYN,NARAN,40.0,40.N.C 40.A.V 40.R.C 40.A.V 40.N.c,2.0 1.5 1.75 1.3 0.8,naran,0.0,2623.0
3272,name,IFUGAO AMGANAD,ŋadan,ŋ a d a n,4 7 1 7 4,AXBYN,NATAN,41.0,41.N.C 41.A.V 41.T.C 41.A.V 41.N.c,2.0 1.5 1.75 1.3 0.8,ŋadan,0.0,2623.0
3364,name,IFUGAO BATAD,ŋadan,ŋ a d a n,4 7 1 7 4,AXBYN,NATAN,42.0,42.N.C 42.A.V 42.T.C 42.A.V 42.N.c,2.0 1.5 1.75 1.3 0.8,ŋadan,0.0,2623.0
3456,name,IFUGAO BAYNINAN,ŋadan,ŋ a d a n,4 7 1 7 4,AXBYN,NATAN,43.0,43.N.C 43.A.V 43.T.C 43.A.V 43.N.c,2.0 1.5 1.75 1.3 0.8,ŋadan,0.0,2623.0
3548,name,ILOKANO,nagan,n a g a n,4 7 1 7 4,AXBYN,NAKAN,44.0,44.N.C 44.A.V 44.K.C 44.A.V 44.N.c,2.0 1.5 1.75 1.3 0.8,nagan,0.0,2623.0
3640,name,ILONGOT KAKIDUGEN,ŋadən,ŋ a d ə n,4 7 1 7 4,AXBYN,NATEN,45.0,45.N.C 45.A.V 45.T.C 45.E.V 45.N.c,2.0 1.5 1.75 1.3 0.8,ŋadən,0.0,2623.0
3732,name,INIBALOI,ŋaran,ŋ a r a n,4 7 5 7 4,AXBYN,NARAN,48.0,48.N.C 48.A.V 48.R.C 48.A.V 48.N.c,2.0 1.5 1.75 1.3 0.8,ŋaran,0.0,2623.0
3824,name,IRANUN,ŋaran,ŋ a r a n,4 7 5 7 4,AXBYN,NARAN,49.0,49.N.C 49.A.V 49.R.C 49.A.V 49.N.c,2.0 1.5 1.75 1.3 0.8,ŋaran,0.0,2623.0
3916,name,IRIGA,ŋaran,ŋ a r a n,4 7 5 7 4,AXBYN,NARAN,50.0,50.N.C 50.A.V 50.R.C 50.A.V 50.N.c,2.0 1.5 1.75 1.3 0.8,ŋaran,0.0,2623.0
4008,name,ISNAG,ŋagan,ŋ a g a n,4 7 1 7 4,AXBYN,NAKAN,51.0,51.N.C 51.A.V 51.K.C 51.A.V 51.N.c,2.0 1.5 1.75 1.3 0.8,ŋagan,0.0,2623.0
4100,name,ITAWIT,nEhEn,n n,4 4,AN,NN,52.0,52.N.C 52.N.c,2.0 0.8,nn,0.0,2623.0
4192,name,ITNEG BINONGAN,ŋalan,ŋ a l a n,4 7 5 7 4,AXBYN,NALAN,53.0,53.N.C 53.A.V 53.L.C 53.A.V 53.N.c,2.0 1.5 1.75 1.3 0.8,ŋalan,0.0,2623.0
4284,name,JAPANESE,na,n a,4 7,AX,,54.0,54.N.C 54.A.V,2.0 1.5,na,0.0,2623.0
4376,name,KADAZAN,ŋan,ŋ a n,4 7 4,AXN,NAN,55.0,55.N.C 55.A.V 55.N.c,2.0 1.5 0.8,ŋan,0.0,2623.0
4468,name,KAGAYANEN,ŋaran,ŋ a r a n,4 7 5 7 4,AXBYN,NARAN,56.0,56.N.C 56.A.V 56.R.C 56.A.V 56.N.c,2.0 1.5 1.75 1.3 0.8,ŋaran,0.0,2623.0
4560,name,KALAGAN,ŋalan,ŋ a l a n,4 7 5 7 4,AXBYN,NALAN,57.0,57.N.C 57.A.V 57.L.C 57.A.V 57.N.c,2.0 1.5 1.75 1.3 0.8,ŋalan,0.0,2623.0
4652,name,KALINGA GUINAANG,ŋadan,ŋ a d a n,4 7 1 7 4,AXBYN,NATAN,59.0,59.N.C 59.A.V 59.T.C 59.A.V 59.N.c,2.0 1.5 1.75 1.3 0.8,ŋadan,0.0,2623.0
4744,name,KALINGA LIMOS,ŋadan,ŋ a d a n,4 7 1 7 4,AXBYN,NATAN,60.0,60.N.C 60.A.V 60.T.C 60.A.V 60.N.c,2.0 1.5 1.75 1.3 0.8,ŋadan,0.0,2623.0
4836,name,KALLAHAN KAYAPA PROPER,ŋadan,ŋ a d a n,4 7 1 7 4,AXBYN,NATAN,61.0,61.N.C 61.A.V 61.T.C 61.A.V 61.N.c,2.0 1.5 1.75 1.3 0.8,ŋadan,0.0,2623.0
4928,name,KANKANAY NORTHERN,ŋadan,ŋ a d a n,4 7 1 7 4,AXBYN,NATAN,63.0,63.N.C 63.A.V 63.T.C 63.A.V 63.N.c,2.0 1.5 1.75 1.3 0.8,ŋadan,0.0,2623.0
5020,name,KAPAMPANGAN,lagjuʔ,l a g j u ʔ,5 7 1 6 7 1,AXBCYN,LAKJYH,64.0,64.L.C 64.A.V 64.K.C 64.J.C 64.Y.V 64.H.c,2.0 1.5 1.75 1.5 1.3 0.8,lagjuʔ,0.0,2649.0
5204,name,KOREAN,irum,i r u m,7 5 7 4,XBYN,IRYM,66.0,66.I.V 66.R.C 66.Y.V 66.M.c,1.5 1.75 1.3 0.8,irum,0.0,2685.0
5296,name,LEGAZPI,ŋaran,ŋ a r a n,4 7 5 7 4,AXBYN,NARAN,67.0,67.N.C 67.A.V 67.R.C 67.A.V 67.N.c,2.0 1.5 1.75 1.3 0.8,ŋaran,0.0,2623.0
5388,name,LIBON,ŋaran,ŋ a r a n,4 7 5 7 4,AXBYN,NARAN,68.0,68.N.C 68.A.V 68.R.C 68.A.V 68.N.c,2.0 1.5 1.75 1.3 0.8,ŋaran,0.0,2623.0
5480,name,LIVE,nim,n i m,4 7 4,AXN,NIM,69.0,69.N.C 69.I.V 69.M.c,2.0 1.5 0.8,nim,0.0,2648.0
5572,name,MAMANWA,ŋaran,ŋ a r a n,4 7 5 7 4,AXBYN,NARAN,70.0,70.N.C 70.A.V 70.R.C 70.A.V 70.N.c,2.0 1.5 1.75 1.3 0.8,ŋaran,0.0,2623.0
5664,name,MANIDE,ŋadon,ŋ a d o n,4 7 1 7 4,AXBYN,NATUN,73.0,73.N.C 73.A.V 73.T.C 73.U.V 73.N.c,2.0 1.5 1.75 1.3 0.8,ŋadon,0.0,2623.0
5756,name,MANOBO ATA,ŋadan,ŋ a d a n,4 7 1 7 4,AXBYN,NATAN,74.0,74.N.C 74.A.V 74.T.C 74.A.V 74.N.c,2.0 1.5 1.75 1.3 0.8,ŋadan,0.0,2623.0
5848,name,MANOBO DIBABAWON,ŋadan,ŋ a d a n,4 7 1 7 4,AXBYN,NATAN,75.0,75.N.C 75.A.V 75.T.C 75.A.V 75.N.c,2.0 1.5 1.75 1.3 0.8,ŋadan,0.0,2623.0
5940,name,MANOBO ILIANEN,ŋaran,ŋ a r a n,4 7 5 7 4,AXBYN,NARAN,76.0,76.N.C 76.A.V 76.R.C 76.A.V 76.N.c,2.0 1.5 1.75 1.3 0.8,ŋaran,0.0,2623.0
6032,name,MANOBO KALAMANSIG COTABATO,ŋadan,ŋ a d a n,4 7 1 7 4,AXBYN,NATAN,77.0,77.N.C 77.A.V 77.T.C 77.A.V 77.N.c,2.0 1.5 1.75 1.3 0.8,ŋadan,0.0,2623.0
6124,name,MANOBO SARANGANI,ŋadan,ŋ a d a n,4 7 1 7 4,AXBYN,NATAN,78.0,78.N.C 78.A.V 78.T.C 78.A.V 78.N.c,2.0 1.5 1.75 1.3 0.8,ŋadan,0.0,2623.0
6216,name,MANOBO TIGWA,ŋadan,ŋ a d a n,4 7 1 7 4,AXBYN,NATAN,79.0,79.N.C 79.A.V 79.T.C 79.A.V 79.N.c,2.0 1.5 1.75 1.3 0.8,ŋadan,0.0,2623.0
6308,name,MANOBO WESTERN BUKIDNON,ŋazan,ŋ a z a n,4 7 3 7 4,AXBYN,NASAN,80.0,80.N.C 80.A.V 80.S.C 80.A.V 80.N.c,2.0 1.5 1.75 1.3 0.8,ŋazan,0.0,2623.0
6400,name,MANSAKA,aran,a r a n,7 5 7 4,XBYN,ARAN,81.0,81.A.V 81.R.C 81.A.V 81.N.c,1.5 1.75 1.3 0.8,aran,0.0,2623.0
6492,name,MAPUN,awon,a w o n,7 6 7 4,XBYN,AWUN,82.0,82.A.V 82.W.C 82.U.V 82.N.c,1.5 1.75 1.3 0.8,awon,0.0,2628.0
6584,name,MARANAO,ŋaran,ŋ a r a n,4 7 5 7 4,AXBYN,NARAN,83.0,83.N.C 83.A.V 83.R.C 83.A.V 83.N.c,2.0 1.5 1.75 1.3 0.8,ŋaran,0.0,2623.0
6676,name,MASBATENYO,ŋaran,ŋ a r a n,4 7 5 7 4,AXBYN,NARAN,84.0,84.N.C 84.A.V 84.R.C 84.A.V 84.N.c,2.0 1.5 1.75 1.3 0.8,ŋaran,0.0,2623.0
6768,name,MINANGALI LOWER TANUDAN KALINGA,ŋadan,ŋ a d a n,4 7 1 7 4,AXBYN,NATAN,85.0,85.N.C 85.A.V 85.T.C 85.A.V 85.N.c,2.0 1.5 1.75 1.3 0.8,ŋadan,0.0,2623.0
6860,name,MOKSHA,ljem,l j e m,5 6 7 4,ACXN,LJEM,86.0,86.L.C 86.J.C 86.E.V 86.M.c,2.0 1.5 1.5 0.8,ljem,0.0,2705.0
6952,name,MOLBOG,ŋadan,ŋ a d a n,4 7 1 7 4,AXBYN,NATAN,87.0,87.N.C 87.A.V 87.T.C 87.A.V 87.N.c,2.0 1.5 1.75 1.3 0.8,ŋadan,0.0,2623.0
7044,name,MONGOLIAN,nir,n i r,4 7 5,AXN,NIR,88.0,88.N.C 88.I.V 88.R.c,2.0 1.5 0.8,nir,0.0,2635.0
7136,name,MORO MAGINDANAU,ŋalan,ŋ a l a n,4 7 5 7 4,AXBYN,NALAN,89.0,89.N.C 89.A.V 89.L.C 89.A.V 89.N.c,2.0 1.5 1.75 1.3 0.8,ŋalan,0.0,2623.0
7228,name,NORTHERN CATANDUANES,ŋaran,ŋ a r a n,4 7 5 7 4,AXBYN,NARAN,90.0,90.N.C 90.A.V 90.R.C 90.A.V 90.N.c,2.0 1.5 1.75 1.3 0.8,ŋaran,0.0,2623.0
7320,name,NORTHERN SORSOGON,ŋaran,ŋ a r a n,4 7 5 7 4,AXBYN,NARAN,91.0,91.N.C 91.A.V 91.R.C 91.A.V 91.N.c,2.0 1.5 1.75 1.3 0.8,ŋaran,0.0,2623.0
7412,name,OAS,ŋaran,ŋ a r a n,4 7 5 7 4,AXBYN,NARAN,92.0,92.N.C 92.A.V 92.R.C 92.A.V 92.N.c,2.0 1.5 1.75 1.3 0.8,ŋaran,0.0,2623.0
7504,name,PALAWANO BATAK,ŋaran,ŋ a r a n,4 7 5 7 4,AXBYN,NARAN,93.0,93.N.C 93.A.V 93.R.C 93.A.V 93.N.c,2.0 1.5 1.75 1.3 0.8,ŋaran,0.0,2623.0
7596,name,PANGASINAN,ŋaran,ŋ a r a n,4 7 5 7 4,AXBYN,NARAN,94.0,94.N.C 94.A.V 94.R.C 94.A.V 94.N.c,2.0 1.5 1.75 1.3 0.8,ŋaran,0.0,2623.0
7688,name,PANGUTARAN SAMA,on,o n,7 4,XN,UN,95.0,95.U.V 95.N.c,1.5 0.8,on,0.0,2628.0
7780,name,PROTO PALAWAN,ŋaran,ŋ a r a n,4 7 5 7 4,AXBYN,NARAN,96.0,96.N.C 96.A.V 96.R.C 96.A.V 96.N.c,2.0 1.5 1.75 1.3 0.8,ŋaran,0.0,2623.0
7872,name,QUEZON PALAWAN,ŋaran,ŋ a r a n,4 7 5 7 4,AXBYN,NARAN,97.0,97.N.C 97.A.V 97.R.C 97.A.V 97.N.c,2.0 1.5 1.75 1.3 0.8,ŋaran,0.0,2623.0
7964,name,ROMBLOMANON 2,tawag,t a w a g,1 7 6 7 1,AXBYN,TAWAK,98.0,98.T.C 98.A.V 98.W.C 98.A.V 98.K.c,2.0 1.5 1.75 1.3 0.8,tawag,0.0,2632.0
8056,name,SAMAL,oon,oo n,7 4,XN,UN,99.0,99.U.V 99.N.c,1.5 0.8,oon,0.0,2628.0
8148,name,SAMBAL BOTOLAN,ŋalan,ŋ a l a n,4 7 5 7 4,AXBYN,NALAN,100.0,100.N.C 100.A.V 100.L.C 100.A.V 100.N.c,2.0 1.5 1.75 1.3 0.8,ŋalan,0.0,2623.0
8240,name,SANGIL SARANGANI ISLANDS,aleŋ,a l e ŋ,7 5 7 4,XBYN,ALEN,101.0,101.A.V 101.L.C 101.E.V 101.N.c,1.5 1.75 1.3 0.8,aleŋ,0.0,2623.0
8332,name,SEDANG,inai,i n a i,7 4 7 7,XBYZ,INAI,102.0,102.I.V 102.N.C 102.A.V 102.I.V,1.5 1.75 1.3 0.8,inai,0.0,2721.0
8516,name,SOGODNIN BORACAY,ŋaran,ŋ a r a n,4 7 5 7 4,AXBYN,NARAN,105.0,105.N.C 105.A.V 105.R.C 105.A.V 105.N.c,2.0 1.5 1.75 1.3 0.8,ŋaran,0.0,2623.0
8608,name,SOUTH SAAMI,nomə,n o m ə,4 7 4 7,AXBZ,NUME,106.0,106.N.C 106.U.V 106.M.C 106.E.V,2.0 1.5 1.75 0.8,nomə,0.0,2648.0
8700,name,SOUTHERN CATANDUANES,ŋalan,ŋ a l a n,4 7 5 7 4,AXBYN,NALAN,107.0,107.N.C 107.A.V 107.L.C 107.A.V 107.N.c,2.0 1.5 1.75 1.3 0.8,ŋalan,0.0,2623.0
8792,name,SOUTHERN SORSOGON,ŋaran,ŋ a r a n,4 7 5 7 4,AXBYN,NARAN,109.0,109.N.C 109.A.V 109.R.C 109.A.V 109.N.c,2.0 1.5 1.75 1.3 0.8,ŋaran,0.0,2623.0
8884,name,SOUTHWEST PALAWANO,ŋaran,ŋ a r a n,4 7 5 7 4,AXBYN,NARAN,110.0,110.N.C 110.A.V 110.R.C 110.A.V 110.N.c,2.0 1.5 1.75 1.3 0.8,ŋaran,0.0,2623.0
8976,name,SPANISH,nombre,n o m b r e,4 7 4 1 5 7,AXMBCZ,NUMPRE,111.0,111.N.C 111.U.V 111.M.c 111.P.C 111.R.C 111.E.V,2.0 1.5 1.1 1.75 1.5 0.8,nombre,0.0,2648.0
9068,name,SUBANON SIOCON,ŋalan,ŋ a l a n,4 7 5 7 4,AXBYN,NALAN,112.0,112.N.C 112.A.V 112.L.C 112.A.V 112.N.c,2.0 1.5 1.75 1.3 0.8,ŋalan,0.0,2623.0
9160,name,SUBANUN SINDANGAN,ŋalan,ŋ a l a n,4 7 5 7 4,AXBYN,NALAN,113.0,113.N.C 113.A.V 113.L.C 113.A.V 113.N.c,2.0 1.5 1.75 1.3 0.8,ŋalan,0.0,2623.0
9252,name,SURIGAONON,ŋajan,ŋ a j a n,4 7 6 7 4,AXBYN,NAJAN,114.0,114.N.C 114.A.V 114.J.C 114.A.V 114.N.c,2.0 1.5 1.75 1.3 0.8,ŋajan,0.0,2623.0
9344,name,TAGABAWA,ŋadan,ŋ a d a n,4 7 1 7 4,AXBYN,NATAN,115.0,115.N.C 115.A.V 115.T.C 115.A.V 115.N.c,2.0 1.5 1.75 1.3 0.8,ŋadan,0.0,2623.0
9436,name,TAGABILI,boluj,b o l u j,1 7 5 7 6,AXBYN,PULYJ,116.0,116.P.C 116.U.V 116.L.C 116.Y.V 116.J.c,2.0 1.5 1.75 1.3 0.8,boluj,0.0,2734.0
9528,name,TAGALOG,paŋalan,p a ŋ a l a n,1 7 4 7 5 7 4,AXBYBYN,PANALAN,117.0,117.P.C 117.A.V 117.N.C 117.A.V 117.L.C 117.A.V 117.N.c,2.0 1.5 1.75 1.3 1.75 1.3 0.8,paŋalan,0.0,2623.0
9620,name,TAGBANWA ABORLAN,ŋaran,ŋ a r a n,4 7 5 7 4,AXBYN,NARAN,118.0,118.N.C 118.A.V 118.R.C 118.A.V 118.N.c,2.0 1.5 1.75 1.3 0.8,ŋaran,0.0,2623.0
9712,name,TAGBANWA KALAMIAN,aran,a r a n,7 5 7 4,XBYN,ARAN,119.0,119.A.V 119.R.C 119.A.V 119.N.c,1.5 1.75 1.3 0.8,aran,0.0,2623.0
9804,name,TAUSUG,ŋan,ŋ a n,4 7 4,AXN,NAN,120.0,120.N.C 120.A.V 120.N.c,2.0 1.5 0.8,ŋan,0.0,2623.0
9896,name,TIMUGON MURUT,galan,g a l a n,1 7 5 7 4,AXBYN,KALAN,121.0,121.K.C 121.A.V 121.L.C 121.A.V 121.N.c,2.0 1.5 1.75 1.3 0.8,galan,0.0,2623.0
9988,name,TIRURAY,dawet,d a w e t,1 7 6 7 1,AXBYN,TAWET,122.0,122.T.C 122.A.V 122.W.C 122.E.V 122.T.c,2.0 1.5 1.75 1.3 0.8,dawet,0.0,2632.0
10080,name,TURKISH,isim,i s i m,7 3 7 4,XBYN,ISIM,123.0,123.I.V 123.S.C 123.I.V 123.M.c,1.5 1.75 1.3 0.8,isim,0.0,2630.0
10172,name,UGARITIC,Sm,m,4,A,M,124.0,124.M.C,2.0,m,1.0,2640.0
10264,name,UMIRAY DUMAGET AGTA,ŋalan,ŋ a l a n,4 7 5 7 4,AXBYN,NALAN,125.0,125.N.C 125.A.V 125.L.C 125.A.V 125.N.c,2.0 1.5 1.75 1.3 0.8,ŋalan,0.0,2623.0
10356,name,WARAY WARAY,ŋaran,ŋ a r a n,4 7 5 7 4,AXBYN,NARAN,126.0,126.N.C 126.A.V 126.R.C 126.A.V 126.N.c,2.0 1.5 1.75 1.3 0.8,ŋaran,0.0,2623.0
10448,name,YAKAN,alen,a l e n,7 5 7 4,XBYN,ALEN,127.0,127.A.V 127.L.C 127.E.V 127.N.c,1.5 1.75 1.3 0.8,alen,0.0,2623.0
10540,name,YOGAD,nagan,n a g a n,4 7 1 7 4,AXBYN,NAKAN,128.0,128.N.C 128.A.V 128.K.C 128.A.V 128.N.c,2.0 1.5 1.75 1.3 0.8,nagan,0.0,2623.0
10632,name,ZAMBOANGUENO,nombre,n o m b r e,4 7 4 1 5 7,AXMBCZ,NUMPRE,129.0,129.N.C 129.U.V 129.M.c 129.P.C 129.R.C 129.E.V,2.0 1.5 1.1 1.75 1.5 0.8,nombre,0.0,2648.0
10724,name,IMOROD,ŋaran,ŋ a r a n,4 7 5 7 4,AXBYN,NARAN,46.0,46.N.C 46.A.V 46.R.C 46.A.V 46.N.c,2.0 1.5 1.75 1.3 0.8,ŋaran,0.0,2623.0
10816,name,BABUYAN,ŋaran,ŋ a r a n,4 7 5 7 4,AXBYN,NARAN,5.0,5.N.C 5.A.V 5.R.C 5.A.V 5.N.c,2.0 1.5 1.75 1.3 0.8,ŋaran,0.0,2623.0
10908,name,BISAYA SABAH,naran,n a r a n,4 7 5 7 4,AXBYN,NARAN,14.0,14.N.C 14.A.V 14.R.C 14.A.V 14.N.c,2.0 1.5 1.75 1.3 0.8,naran,0.0,2623.0
11000,name,CAPIZNON,ŋalan,ŋ a l a n,4 7 5 7 4,AXBYN,NALAN,21.0,21.N.C 21.A.V 21.L.C 21.A.V 21.N.c,2.0 1.5 1.75 1.3 0.8,ŋalan,0.0,2623.0
11092,name,FINALLIG,ŋadan,ŋ a d a n,4 7 1 7 4,AXBYN,NATAN,31.0,31.N.C 31.A.V 31.T.C 31.A.V 31.N.c,2.0 1.5 1.75 1.3 0.8,ŋadan,0.0,2623.0
11184,name,HILIGAYNON,ŋalan,ŋ a l a n,4 7 5 7 4,AXBYN,NALAN,37.0,37.N.C 37.A.V 37.L.C 37.A.V 37.N.c,2.0 1.5 1.75 1.3 0.8,ŋalan,0.0,2623.0
11276,name,INABAKNON,aron,a r o n,7 5 7 4,XBYN,ARUN,47.0,47.A.V 47.R.C 47.U.V 47.N.c,1.5 1.75 1.3 0.8,aron,0.0,2623.0
11368,name,KALAGAN KAAGAN,ŋan,ŋ a n,4 7 4,AXN,NAN,58.0,58.N.C 58.A.V 58.N.c,2.0 1.5 0.8,ŋan,0.0,2623.0
11460,name,KANKANAEY,ŋadan,ŋ a d a n,4 7 1 7 4,AXBYN,NATAN,62.0,62.N.C 62.A.V 62.T.C 62.A.V 62.N.c,2.0 1.5 1.75 1.3 0.8,ŋadan,0.0,2623.0
11552,name,MANDAYAN BOSO,galan,g a l a n,1 7 5 7 4,AXBYN,KALAN,71.0,71.K.C 71.A.V 71.L.C 71.A.V 71.N.c,2.0 1.5 1.75 1.3 0.8,galan,0.0,2623.0
11644,name,MANDAYAN ISLAM PISO,gaan,g aa n,1 7 4,AXN,KAN,72.0,72.K.C 72.A.V 72.N.c,2.0 1.5 0.8,gaan,0.0,2628.0
11736,name,SINAUNA,ŋaran,ŋ a r a n,4 7 5 7 4,AXBYN,NARAN,104.0,104.N.C 104.A.V 104.R.C 104.A.V 104.N.c,2.0 1.5 1.75 1.3 0.8,ŋaran,0.0,2623.0
11828,name,SOUTHERN KALINGA,ŋaCan,ŋ a a n,4 7 7 4,AXYN,NAAN,108.0,108.N.C 108.A.V 108.A.V 108.N.c,2.0 1.5 1.3 0.8,ŋaan,0.0,2623.0
789,neck,BASQUE,lepo,l e p o,5 7 1 7,AXBZ,LEPU,10.0,10.L.C 10.E.V 10.P.C 10.U.V,2.0 1.5 1.75 0.8,lepo,0.0,2735.0
1433,neck,BUKIDNON BINUKID,liʔug,l i ʔ u g,5 7 1 7 1,AXBYN,LIHYK,18.0,18.L.C 18.I.V 18.H.C 18.Y.V 18.K.c,2.0 1.5 1.75 1.3 0.8,liʔug,0.0,2736.0
2261,neck,ENGLISH,nEk,n k,4 1,AN,NK,28.0,28.N.C 28.K.c,2.0 0.8,nk,0.0,2737.0
2445,neck,ESTONIAN,kael,k a e l,1 7 7 5,AXYN,KAEL,30.0,30.K.C 30.A.V 30.E.V 30.L.c,2.0 1.5 1.3 0.8,kael,0.0,2738.0
2537,neck,FINNISH,kaula,k a u l a,1 7 7 5 7,AXYBZ,KAYLA,32.0,32.K.C 32.A.V 32.Y.V 32.L.C 32.A.V,2.0 1.5 1.3 1.75 0.8,kaula,0.0,2738.0
2813,neck,HANUNOO,liʔug,l i ʔ u g,5 7 1 7 1,AXBYN,LIHYK,35.0,35.L.C 35.I.V 35.H.C 35.Y.V 35.K.c,2.0 1.5 1.75 1.3 0.8,liʔug,0.0,2736.0
2905,neck,HIGAONON BINUKID,liʔug,l i ʔ u g,5 7 1 7 1,AXBYN,LIHYK,36.0,36.L.C 36.I.V 36.H.C 36.Y.V 36.K.c,2.0 1.5 1.75 1.3 0.8,liʔug,0.0,2736.0
2997,neck,HUNGARIAN,5ak,a k,7 1,XN,AK,38.0,38.A.V 38.K.c,1.5 0.8,ak,0.0,2742.0
4285,neck,JAPANESE,kubi,k u b i,1 7 1 7,AXBZ,KYPI,54.0,54.K.C 54.Y.V 54.P.C 54.I.V,2.0 1.5 1.75 0.8,kubi,0.0,2735.0
5021,neck,KAPAMPANGAN,batal,b a t a l,1 7 1 7 5,AXBYN,PATAL,64.0,64.P.C 64.A.V 64.T.C 64.A.V 64.L.c,2.0 1.5 1.75 1.3 0.8,batal,0.0,2745.0
5205,neck,KOREAN,mok,m o k,4 7 1,AXN,MUK,66.0,66.M.C 66.U.V 66.K.c,2.0 1.5 0.8,mok,1.0,2742.0
6861,neck,MOKSHA,sjaldaz,s j a l d a z,3 6 7 5 1 7 3,ACXMBYN,SJALTAS,86.0,86.S.C 86.J.C 86.A.V 86.L.c 86.T.C 86.A.V 86.S.c,2.0 1.5 1.5 1.1 1.75 1.3 0.8,sjaldaz,0.0,2747.0
8333,neck,SEDANG,ronoŋ,r o n o ŋ,5 7 4 7 4,AXBYN,RUNUN,102.0,102.R.C 102.U.V 102.N.C 102.U.V 102.N.c,2.0 1.5 1.75 1.3 0.8,ronoŋ,0.0,2748.0
8977,neck,SPANISH,kwejo,kw e j o,1 7 6 7,AXBZ,KEJU,111.0,111.K.C 111.E.V 111.J.C 111.U.V,2.0 1.5 1.75 0.8,kwejo,0.0,2749.0
9529,neck,TAGALOG,leg,l e g,5 7 1,AXN,LEK,117.0,117.L.C 117.E.V 117.K.c,2.0 1.5 0.8,leg,0.0,2742.0
10081,neck,TURKISH,bojun,b o j u n,1 7 6 7 4,AXBYN,PUJYN,123.0,123.P.C 123.U.V 123.J.C 123.Y.V 123.N.c,2.0 1.5 1.75 1.3 0.8,bojun,0.0,2751.0
10725,neck,IMOROD,zagaw,z a g a w,3 7 1 7 6,AXBYN,SAKAW,46.0,46.S.C 46.A.V 46.K.C 46.A.V 46.W.c,2.0 1.5 1.75 1.3 0.8,zagaw,0.0,2743.0
54,new,AGTA,bagu,b a g u,1 7 1 7,AXBZ,PAKY,1.0,1.P.C 1.A.V 1.K.C 1.Y.V,2.0 1.5 1.75 0.8,bagu,0.0,2753.0
146,new,AKLANON,bagʔuh,b a g ʔ u h,1 7 1 1 7 3,AXMBYN,PAKHYH,2.0,2.P.C 2.A.V 2.K.c 2.H.C 2.Y.V 2.H.c,2.0 1.5 1.1 1.75 1.3 0.8,bagʔuh,0.0,2753.0
238,new,ARTA,buru,b u r u,1 7 5 7,AXBZ,PYRY,3.0,3.P.C 3.Y.V 3.R.C 3.Y.V,2.0 1.5 1.75 0.8,buru,0.0,2780.0
330,new,ATTA PAMPLONA,bagu,b a g u,1 7 1 7,AXBZ,PAKY,4.0,4.P.C 4.A.V 4.K.C 4.Y.V,2.0 1.5 1.75 0.8,bagu,0.0,2753.0
514,new,BALANGAW,kaʔʔamma,k a a mm a,1 7 7 4 7,AXYBZ,KAAMA,7.0,7.K.C 7.A.V 7.A.V 7.M.C 7.A.V,2.0 1.5 1.3 1.75 0.8,kaamma,0.0,2757.0
606,new,BALANGINGI SAMA,bahaʔu,b a h a ʔ u,1 7 3 7 1 7,AXBYBZ,PAHAHY,8.0,8.P.C 8.A.V 8.H.C 8.A.V 8.H.C 8.Y.V,2.0 1.5 1.75 1.3 1.75 0.8,bahaʔu,0.0,2753.0
698,new,BANTON BANTOANON,bagʔo,b a g ʔ o,1 7 1 1 7,AXMBZ,PAKHU,9.0,9.P.C 9.A.V 9.K.c 9.H.C 9.U.V,2.0 1.5 1.1 1.75 0.8,bagʔo,0.0,2753.0
790,new,BASQUE,berri,b e rr i,1 7 5 7,AXBZ,PERI,10.0,10.P.C 10.E.V 10.R.C 10.I.V,2.0 1.5 1.75 0.8,berri,0.0,2780.0
882,new,BATAK PALAWAN,baʔgu,b a ʔ g u,1 7 1 1 7,AXMBZ,PAHKY,11.0,11.P.C 11.A.V 11.H.c 11.K.C 11.Y.V,2.0 1.5 1.1 1.75 0.8,baʔgu,0.0,2753.0
974,new,BILAAN KORONADAL,falami,f a l a m i,3 7 5 7 4 7,AXBYBZ,BALAMI,12.0,12.B.C 12.A.V 12.L.C 12.A.V 12.M.C 12.I.V,2.0 1.5 1.75 1.3 1.75 0.8,falami,0.0,2762.0
1066,new,BILAAN SARANGANI,falami,f a l a m i,3 7 5 7 4 7,AXBYBZ,BALAMI,13.0,13.B.C 13.A.V 13.L.C 13.A.V 13.M.C 13.I.V,2.0 1.5 1.75 1.3 1.75 0.8,falami,0.0,2762.0
1158,new,BONGGI,baru,b a r u,1 7 5 7,AXBZ,PARY,15.0,15.P.C 15.A.V 15.R.C 15.Y.V,2.0 1.5 1.75 0.8,baru,0.0,2780.0
1250,new,BONTOC GUINAANG,balo,b a l o,1 7 5 7,AXBZ,PALU,16.0,16.P.C 16.A.V 16.L.C 16.U.V,2.0 1.5 1.75 0.8,balo,0.0,2780.0
1342,new,BUHI,bagʔu,b a g ʔ u,1 7 1 1 7,AXMBZ,PAKHY,17.0,17.P.C 17.A.V 17.K.c 17.H.C 17.Y.V,2.0 1.5 1.1 1.75 0.8,bagʔu,0.0,2753.0
1434,new,BUKIDNON BINUKID,bagʔu,b a g ʔ u,1 7 1 1 7,AXMBZ,PAKHY,18.0,18.P.C 18.A.V 18.K.c 18.H.C 18.Y.V,2.0 1.5 1.1 1.75 0.8,bagʔu,0.0,2753.0
1526,new,BUTUANON,bago,b a g o,1 7 1 7,AXBZ,PAKU,19.0,19.P.C 19.A.V 19.K.C 19.U.V,2.0 1.5 1.75 0.8,bago,0.0,2753.0
1618,new,CAIJIA,Sin,i n,7 4,XN,IN,20.0,20.I.V 20.N.c,1.5 0.8,in,0.0,2770.0
1710,new,CEBUANO,bagu,b a g u,1 7 1 7,AXBZ,PAKY,22.0,22.P.C 22.A.V 22.K.C 22.Y.V,2.0 1.5 1.75 0.8,bagu,0.0,2753.0
1802,new,CENTRAL TAGBANWA,bago,b a g o,1 7 1 7,AXBZ,PAKU,23.0,23.P.C 23.A.V 23.K.C 23.U.V,2.0 1.5 1.75 0.8,bago,0.0,2753.0
1894,new,CUYONON,bagoʔ,b a g o ʔ,1 7 1 7 1,AXBYN,PAKUH,24.0,24.P.C 24.A.V 24.K.C 24.U.V 24.H.c,2.0 1.5 1.75 1.3 0.8,bagoʔ,0.0,2753.0
1986,new,DARAGA,baʔgu,b a ʔ g u,1 7 1 1 7,AXMBZ,PAHKY,25.0,25.P.C 25.A.V 25.H.c 25.K.C 25.Y.V,2.0 1.5 1.1 1.75 0.8,baʔgu,0.0,2753.0
2078,new,DUMAGAT CASIGURAN,biguʔ,b i g u ʔ,1 7 1 7 1,AXBYN,PIKYH,26.0,26.P.C 26.I.V 26.K.C 26.Y.V 26.H.c,2.0 1.5 1.75 1.3 0.8,biguʔ,0.0,2753.0
2170,new,DUPANINGAN AGTA,biguʔ,b i g u ʔ,1 7 1 7 1,AXBYN,PIKYH,27.0,27.P.C 27.I.V 27.K.C 27.Y.V 27.H.c,2.0 1.5 1.75 1.3 0.8,biguʔ,0.0,2753.0
2262,new,ENGLISH,nu,n u,4 7,AX,NY,28.0,28.N.C 28.Y.V,2.0 1.5,nu,0.0,2777.0
2354,new,ESKAYAN,tibil,t i b i l,1 7 1 7 5,AXBYN,TIPIL,29.0,29.T.C 29.I.V 29.P.C 29.I.V 29.L.c,2.0 1.5 1.75 1.3 0.8,tibil,0.0,2778.0
2446,new,ESTONIAN,us,u s,7 3,XN,YS,30.0,30.Y.V 30.S.c,1.5 0.8,us,0.0,2779.0
2538,new,FINNISH,uusi,uu s i,7 3 7,XBZ,YSI,32.0,32.Y.V 32.S.C 32.I.V,1.5 1.75 0.8,uusi,0.0,2779.0
2630,new,FUZHOU CHINESE,8iŋ,i ŋ,7 4,XN,IN,33.0,33.I.V 33.N.c,1.5 0.8,iŋ,0.0,2770.0
2722,new,GADDANG,bawu,b a w u,1 7 6 7,AXBZ,PAWY,34.0,34.P.C 34.A.V 34.W.C 34.Y.V,2.0 1.5 1.75 0.8,bawu,0.0,2783.0
2814,new,HANUNOO,badʔu,b a d ʔ u,1 7 1 1 7,AXMBZ,PATHY,35.0,35.P.C 35.A.V 35.T.c 35.H.C 35.Y.V,2.0 1.5 1.1 1.75 0.8,badʔu,0.0,2753.0
2906,new,HIGAONON BINUKID,bagʔu,b a g ʔ u,1 7 1 1 7,AXMBZ,PAKHY,36.0,36.P.C 36.A.V 36.K.c 36.H.C 36.Y.V,2.0 1.5 1.1 1.75 0.8,bagʔu,0.0,2753.0
2998,new,HUNGARIAN,idʒ,i dʒ,7 1,XN,IT,38.0,38.I.V 38.T.c,1.5 0.8,idʒ,0.0,2787.0
3090,new,IBANAG,bagu,b a g u,1 7 1 7,AXBZ,PAKY,39.0,39.P.C 39.A.V 39.K.C 39.Y.V,2.0 1.5 1.75 0.8,bagu,0.0,2753.0
3182,new,IDAAN,bagku,b a g k u,1 7 1 1 7,AXMBZ,PAKKY,40.0,40.P.C 40.A.V 40.K.c 40.K.C 40.Y.V,2.0 1.5 1.1 1.75 0.8,bagku,0.0,2753.0
3274,new,IFUGAO AMGANAD,paʔʔala,p a a l a,1 7 7 5 7,AXYBZ,PAALA,41.0,41.P.C 41.A.V 41.A.V 41.L.C 41.A.V,2.0 1.5 1.3 1.75 0.8,paala,0.0,2780.0
3366,new,IFUGAO BATAD,paʔʔamma,p a a mm a,1 7 7 4 7,AXYBZ,PAAMA,42.0,42.P.C 42.A.V 42.A.V 42.M.C 42.A.V,2.0 1.5 1.3 1.75 0.8,paamma,0.0,2757.0
3458,new,IFUGAO BAYNINAN,balu,b a l u,1 7 5 7,AXBZ,PALY,43.0,43.P.C 43.A.V 43.L.C 43.Y.V,2.0 1.5 1.75 0.8,balu,0.0,2780.0
3550,new,ILOKANO,baro,b a r o,1 7 5 7,AXBZ,PARU,44.0,44.P.C 44.A.V 44.R.C 44.U.V,2.0 1.5 1.75 0.8,baro,0.0,2780.0
3642,new,ILONGOT KAKIDUGEN,bəgu,b ə g u,1 7 1 7,AXBZ,PEKY,45.0,45.P.C 45.E.V 45.K.C 45.Y.V,2.0 1.5 1.75 0.8,bəgu,0.0,2753.0
3734,new,INIBALOI,bado,b a d o,1 7 1 7,AXBZ,PATU,48.0,48.P.C 48.A.V 48.T.C 48.U.V,2.0 1.5 1.75 0.8,bado,0.0,2756.0
3826,new,IRANUN,bagu,b a g u,1 7 1 7,AXBZ,PAKY,49.0,49.P.C 49.A.V 49.K.C 49.Y.V,2.0 1.5 1.75 0.8,bagu,0.0,2753.0
3918,new,IRIGA,bagu,b a g u,1 7 1 7,AXBZ,PAKY,50.0,50.P.C 50.A.V 50.K.C 50.Y.V,2.0 1.5 1.75 0.8,bagu,0.0,2753.0
4010,new,ISNAG,baru,b a r u,1 7 5 7,AXBZ,PARY,51.0,51.P.C 51.A.V 51.R.C 51.Y.V,2.0 1.5 1.75 0.8,baru,0.0,2780.0
4102,new,ITAWIT,bEhu,b u,1 7,AX,PY,52.0,52.P.C 52.Y.V,2.0 1.5,bu,0.0,2780.0
4286,new,JAPANESE,ataraSi,a t a r a i,7 1 7 5 7 7,XBYBYZ,ATARAI,54.0,54.A.V 54.T.C 54.A.V 54.R.C 54.A.V 54.I.V,1.5 1.75 1.3 1.75 1.3 0.8,atarai,0.0,2802.0
4378,new,KADAZAN,vagu,v a g u,3 7 1 7,AXBZ,BAKY,55.0,55.B.C 55.A.V 55.K.C 55.Y.V,2.0 1.5 1.75 0.8,vagu,0.0,2753.0
4470,new,KAGAYANEN,bagʔu,b a g ʔ u,1 7 1 1 7,AXMBZ,PAKHY,56.0,56.P.C 56.A.V 56.K.c 56.H.C 56.Y.V,2.0 1.5 1.1 1.75 0.8,bagʔu,0.0,2753.0
4562,new,KALAGAN,bagu,b a g u,1 7 1 7,AXBZ,PAKY,57.0,57.P.C 57.A.V 57.K.C 57.Y.V,2.0 1.5 1.75 0.8,bagu,0.0,2753.0
4654,new,KALINGA GUINAANG,aʔʔopja,a o p j a,7 7 1 6 7,XYBCZ,AUPJA,59.0,59.A.V 59.U.V 59.P.C 59.J.C 59.A.V,1.5 1.3 1.75 1.5 0.8,aopja,0.0,2807.0
4746,new,KALINGA LIMOS,bagu,b a g u,1 7 1 7,AXBZ,PAKY,60.0,60.P.C 60.A.V 60.K.C 60.Y.V,2.0 1.5 1.75 0.8,bagu,0.0,2753.0
4838,new,KALLAHAN KAYAPA PROPER,ballu,b a ll u,1 7 5 7,AXBZ,PALY,61.0,61.P.C 61.A.V 61.L.C 61.Y.V,2.0 1.5 1.75 0.8,ballu,0.0,2780.0
4930,new,KANKANAY NORTHERN,balo,b a l o,1 7 5 7,AXBZ,PALU,63.0,63.P.C 63.A.V 63.L.C 63.U.V,2.0 1.5 1.75 0.8,balo,0.0,2780.0
5022,new,KAPAMPANGAN,baju,b a j u,1 7 6 7,AXBZ,PAJY,64.0,64.P.C 64.A.V 64.J.C 64.Y.V,2.0 1.5 1.75 0.8,baju,0.0,2756.0
5114,new,KINARAY A,bagʔo,b a g ʔ o,1 7 1 1 7,AXMBZ,PAKHU,65.0,65.P.C 65.A.V 65.K.c 65.H.C 65.U.V,2.0 1.5 1.1 1.75 0.8,bagʔo,0.0,2753.0
5206,new,KOREAN,sEroun,s r o u n,3 5 7 7 4,ACXYN,SRUYN,66.0,66.S.C 66.R.C 66.U.V 66.Y.V 66.N.c,2.0 1.5 1.5 1.3 0.8,sroun,0.0,2814.0
5298,new,LEGAZPI,baʔgu,b a ʔ g u,1 7 1 1 7,AXMBZ,PAHKY,67.0,67.P.C 67.A.V 67.H.c 67.K.C 67.Y.V,2.0 1.5 1.1 1.75 0.8,baʔgu,0.0,2753.0
5390,new,LIBON,bagu,b a g u,1 7 1 7,AXBZ,PAKY,68.0,68.P.C 68.A.V 68.K.C 68.Y.V,2.0 1.5 1.75 0.8,bagu,0.0,2753.0
5482,new,LIVE,uc,u c,7 1,XN,YC,69.0,69.Y.V 69.C.c,1.5 0.8,uc,0.0,2779.0
5574,new,MAMANWA,bagʔo,b a g ʔ o,1 7 1 1 7,AXMBZ,PAKHU,70.0,70.P.C 70.A.V 70.K.c 70.H.C 70.U.V,2.0 1.5 1.1 1.75 0.8,bagʔo,0.0,2753.0
5666,new,MANIDE,beʔgi,b e ʔ g i,1 7 1 1 7,AXMBZ,PEHKI,73.0,73.P.C 73.E.V 73.H.c 73.K.C 73.I.V,2.0 1.5 1.1 1.75 0.8,beʔgi,0.0,2753.0
5758,new,MANOBO ATA,iam,i a m,7 7 4,XYN,IAM,74.0,74.I.V 74.A.V 74.M.c,1.5 1.3 0.8,iam,0.0,2757.0
5850,new,MANOBO DIBABAWON,bajaʔ,b a j a ʔ,1 7 6 7 1,AXBYN,PAJAH,75.0,75.P.C 75.A.V 75.J.C 75.A.V 75.H.c,2.0 1.5 1.75 1.3 0.8,bajaʔ,0.0,2756.0
5942,new,MANOBO ILIANEN,bəhu,b ə h u,1 7 3 7,AXBZ,PEHY,76.0,76.P.C 76.E.V 76.H.C 76.Y.V,2.0 1.5 1.75 0.8,bəhu,0.0,2753.0
6034,new,MANOBO KALAMANSIG COTABATO,magtu,m a g t u,4 7 1 1 7,AXMBZ,MAKTY,77.0,77.M.C 77.A.V 77.K.c 77.T.C 77.Y.V,2.0 1.5 1.1 1.75 0.8,magtu,0.0,2825.0
6126,new,MANOBO SARANGANI,kaliŋ,k a l i ŋ,1 7 5 7 4,AXBYN,KALIN,78.0,78.K.C 78.A.V 78.L.C 78.I.V 78.N.c,2.0 1.5 1.75 1.3 0.8,kaliŋ,0.0,2826.0
6218,new,MANOBO TIGWA,bagʔu,b a g ʔ u,1 7 1 1 7,AXMBZ,PAKHY,79.0,79.P.C 79.A.V 79.K.c 79.H.C 79.Y.V,2.0 1.5 1.1 1.75 0.8,bagʔu,0.0,2753.0
6310,new,MANOBO WESTERN BUKIDNON,bəgu,b ə g u,1 7 1 7,AXBZ,PEKY,80.0,80.P.C 80.E.V 80.K.C 80.Y.V,2.0 1.5 1.75 0.8,bəgu,0.0,2753.0
6402,new,MANSAKA,bagu,b a g u,1 7 1 7,AXBZ,PAKY,81.0,81.P.C 81.A.V 81.K.C 81.Y.V,2.0 1.5 1.75 0.8,bagu,0.0,2753.0
6494,new,MAPUN,bahau,b a h a u,1 7 3 7 7,AXBYZ,PAHAY,82.0,82.P.C 82.A.V 82.H.C 82.A.V 82.Y.V,2.0 1.5 1.75 1.3 0.8,bahau,0.0,2753.0
6586,new,MARANAO,bego,b e g o,1 7 1 7,AXBZ,PEKU,83.0,83.P.C 83.E.V 83.K.C 83.U.V,2.0 1.5 1.75 0.8,bego,0.0,2753.0
6678,new,MASBATENYO,bago,b a g o,1 7 1 7,AXBZ,PAKU,84.0,84.P.C 84.A.V 84.K.C 84.U.V,2.0 1.5 1.75 0.8,bago,0.0,2753.0
6770,new,MINANGALI LOWER TANUDAN KALINGA,kaka8a,k a k a a,1 7 1 7 7,AXBYZ,KAKAA,85.0,85.K.C 85.A.V 85.K.C 85.A.V 85.A.V,2.0 1.5 1.75 1.3 0.8,kakaa,0.0,2833.0
6862,new,MOKSHA,od,o d,7 1,XN,UT,86.0,86.U.V 86.T.c,1.5 0.8,od,0.0,2787.0
6954,new,MOLBOG,bagu,b a g u,1 7 1 7,AXBZ,PAKY,87.0,87.P.C 87.A.V 87.K.C 87.Y.V,2.0 1.5 1.75 0.8,bagu,0.0,2753.0
7046,new,MONGOLIAN,Sin,i n,7 4,XN,IN,88.0,88.I.V 88.N.c,1.5 0.8,in,0.0,2770.0
7138,new,MORO MAGINDANAU,bagu,b a g u,1 7 1 7,AXBZ,PAKY,89.0,89.P.C 89.A.V 89.K.C 89.Y.V,2.0 1.5 1.75 0.8,bagu,0.0,2753.0
7230,new,NORTHERN CATANDUANES,baʔgu,b a ʔ g u,1 7 1 1 7,AXMBZ,PAHKY,90.0,90.P.C 90.A.V 90.H.c 90.K.C 90.Y.V,2.0 1.5 1.1 1.75 0.8,baʔgu,0.0,2753.0
7322,new,NORTHERN SORSOGON,bagʔu,b a g ʔ u,1 7 1 1 7,AXMBZ,PAKHY,91.0,91.P.C 91.A.V 91.K.c 91.H.C 91.Y.V,2.0 1.5 1.1 1.75 0.8,bagʔu,0.0,2753.0
7414,new,OAS,baʔgu,b a ʔ g u,1 7 1 1 7,AXMBZ,PAHKY,92.0,92.P.C 92.A.V 92.H.c 92.K.C 92.Y.V,2.0 1.5 1.1 1.75 0.8,baʔgu,0.0,2753.0
7506,new,PALAWANO BATAK,bagu,b a g u,1 7 1 7,AXBZ,PAKY,93.0,93.P.C 93.A.V 93.K.C 93.Y.V,2.0 1.5 1.75 0.8,bagu,0.0,2753.0
7598,new,PANGASINAN,balo,b a l o,1 7 5 7,AXBZ,PALU,94.0,94.P.C 94.A.V 94.L.C 94.U.V,2.0 1.5 1.75 0.8,balo,0.0,2780.0
7690,new,PANGUTARAN SAMA,bahu,b a h u,1 7 3 7,AXBZ,PAHY,95.0,95.P.C 95.A.V 95.H.C 95.Y.V,2.0 1.5 1.75 0.8,bahu,0.0,2753.0
7782,new,PROTO PALAWAN,baʔgu,b a ʔ g u,1 7 1 1 7,AXMBZ,PAHKY,96.0,96.P.C 96.A.V 96.H.c 96.K.C 96.Y.V,2.0 1.5 1.1 1.75 0.8,baʔgu,0.0,2753.0
7874,new,QUEZON PALAWAN,baʔgu,b a ʔ g u,1 7 1 1 7,AXMBZ,PAHKY,97.0,97.P.C 97.A.V 97.H.c 97.K.C 97.Y.V,2.0 1.5 1.1 1.75 0.8,baʔgu,0.0,2753.0
7966,new,ROMBLOMANON 2,bagʔu,b a g ʔ u,1 7 1 1 7,AXMBZ,PAKHY,98.0,98.P.C 98.A.V 98.K.c 98.H.C 98.Y.V,2.0 1.5 1.1 1.75 0.8,bagʔu,0.0,2753.0
8058,new,SAMAL,bahaʔu,b a h a ʔ u,1 7 3 7 1 7,AXBYBZ,PAHAHY,99.0,99.P.C 99.A.V 99.H.C 99.A.V 99.H.C 99.Y.V,2.0 1.5 1.75 1.3 1.75 0.8,bahaʔu,0.0,2753.0
8150,new,SAMBAL BOTOLAN,bajo,b a j o,1 7 6 7,AXBZ,PAJU,100.0,100.P.C 100.A.V 100.J.C 100.U.V,2.0 1.5 1.75 0.8,bajo,0.0,2756.0
8242,new,SANGIL SARANGANI ISLANDS,buru,b u r u,1 7 5 7,AXBZ,PYRY,101.0,101.P.C 101.Y.V 101.R.C 101.Y.V,2.0 1.5 1.75 0.8,buru,0.0,2780.0
8334,new,SEDANG,neo,n e o,4 7 7,AXZ,NEU,102.0,102.N.C 102.E.V 102.U.V,2.0 1.5 0.8,neo,0.0,2777.0
8426,new,SIBUTU SOUTHERN SAMA,bahau,b a h a u,1 7 3 7 7,AXBYZ,PAHAY,103.0,103.P.C 103.A.V 103.H.C 103.A.V 103.Y.V,2.0 1.5 1.75 1.3 0.8,bahau,0.0,2753.0
8518,new,SOGODNIN BORACAY,badjo,b a d j o,1 7 1 6 7,AXBCZ,PATJU,105.0,105.P.C 105.A.V 105.T.C 105.J.C 105.U.V,2.0 1.5 1.75 1.5 0.8,badjo,0.0,2756.0
8610,new,SOUTH SAAMI,orə,o r ə,7 5 7,XBZ,URE,106.0,106.U.V 106.R.C 106.E.V,1.5 1.75 0.8,orə,0.0,2780.0
8702,new,SOUTHERN CATANDUANES,bagʔu,b a g ʔ u,1 7 1 1 7,AXMBZ,PAKHY,107.0,107.P.C 107.A.V 107.K.c 107.H.C 107.Y.V,2.0 1.5 1.1 1.75 0.8,bagʔu,0.0,2753.0
8794,new,SOUTHERN SORSOGON,bagʔu,b a g ʔ u,1 7 1 1 7,AXMBZ,PAKHY,109.0,109.P.C 109.A.V 109.K.c 109.H.C 109.Y.V,2.0 1.5 1.1 1.75 0.8,bagʔu,0.0,2753.0
8886,new,SOUTHWEST PALAWANO,bago,b a g o,1 7 1 7,AXBZ,PAKU,110.0,110.P.C 110.A.V 110.K.C 110.U.V,2.0 1.5 1.75 0.8,bago,0.0,2753.0
8978,new,SPANISH,nuevo,n u e v o,4 7 7 3 7,AXYBZ,NYEBU,111.0,111.N.C 111.Y.V 111.E.V 111.B.C 111.U.V,2.0 1.5 1.3 1.75 0.8,nuevo,0.0,2777.0
9070,new,SUBANON SIOCON,bogu,b o g u,1 7 1 7,AXBZ,PUKY,112.0,112.P.C 112.U.V 112.K.C 112.Y.V,2.0 1.5 1.75 0.8,bogu,0.0,2753.0
9162,new,SUBANUN SINDANGAN,bəgu,b ə g u,1 7 1 7,AXBZ,PEKY,113.0,113.P.C 113.E.V 113.K.C 113.Y.V,2.0 1.5 1.75 0.8,bəgu,0.0,2753.0
9254,new,SURIGAONON,bago,b a g o,1 7 1 7,AXBZ,PAKU,114.0,114.P.C 114.A.V 114.K.C 114.U.V,2.0 1.5 1.75 0.8,bago,0.0,2753.0
9346,new,TAGABAWA,mantu,m a n t u,4 7 4 1 7,AXMBZ,MANTY,115.0,115.M.C 115.A.V 115.N.c 115.T.C 115.Y.V,2.0 1.5 1.1 1.75 0.8,mantu,0.0,2825.0
9438,new,TAGABILI,lomih,l o m i h,5 7 4 7 3,AXBYN,LUMIH,116.0,116.L.C 116.U.V 116.M.C 116.I.V 116.H.c,2.0 1.5 1.75 1.3 0.8,lomih,0.0,2762.0
9530,new,TAGALOG,bago,b a g o,1 7 1 7,AXBZ,PAKU,117.0,117.P.C 117.A.V 117.K.C 117.U.V,2.0 1.5 1.75 0.8,bago,0.0,2753.0
9622,new,TAGBANWA ABORLAN,baʔgu,b a ʔ g u,1 7 1 1 7,AXMBZ,PAHKY,118.0,118.P.C 118.A.V 118.H.c 118.K.C 118.Y.V,2.0 1.5 1.1 1.75 0.8,baʔgu,0.0,2753.0
9714,new,TAGBANWA KALAMIAN,bakluʔ,b a k l u ʔ,1 7 1 5 7 1,AXBCYN,PAKLYH,119.0,119.P.C 119.A.V 119.K.C 119.L.C 119.Y.V 119.H.c,2.0 1.5 1.75 1.5 1.3 0.8,bakluʔ,0.0,2753.0
9806,new,TAUSUG,baʔguh,b a ʔ g u h,1 7 1 1 7 3,AXMBYN,PAHKYH,120.0,120.P.C 120.A.V 120.H.c 120.K.C 120.Y.V 120.H.c,2.0 1.5 1.1 1.75 1.3 0.8,baʔguh,0.0,2753.0
9898,new,TIMUGON MURUT,agu,a g u,7 1 7,XBZ,AKY,121.0,121.A.V 121.K.C 121.Y.V,1.5 1.75 0.8,agu,0.0,2753.0
9990,new,TIRURAY,antu,a n t u,7 4 1 7,XMBZ,ANTY,122.0,122.A.V 122.N.c 122.T.C 122.Y.V,1.5 1.1 1.75 0.8,antu,0.0,2825.0
10082,new,TURKISH,jeni,j e n i,6 7 4 7,AXBZ,JENI,123.0,123.J.C 123.E.V 123.N.C 123.I.V,2.0 1.5 1.75 0.8,jeni,0.0,2871.0
10174,new,UGARITIC,Xd8,d,1,A,T,124.0,124.T.C,2.0,d,1.0,2787.0
10266,new,UMIRAY DUMAGET AGTA,bowon,b o w o n,1 7 6 7 4,AXBYN,PUWUN,125.0,125.P.C 125.U.V 125.W.C 125.U.V 125.N.c,2.0 1.5 1.75 1.3 0.8,bowon,0.0,2783.0
10358,new,WARAY WARAY,bago,b a g o,1 7 1 7,AXBZ,PAKU,126.0,126.P.C 126.A.V 126.K.C 126.U.V,2.0 1.5 1.75 0.8,bago,0.0,2753.0
10450,new,YAKAN,baʔahu,b a ʔ a h u,1 7 1 7 3 7,AXBYBZ,PAHAHY,127.0,127.P.C 127.A.V 127.H.C 127.A.V 127.H.C 127.Y.V,2.0 1.5 1.75 1.3 1.75 0.8,baʔahu,0.0,2753.0
10542,new,YOGAD,bagu,b a g u,1 7 1 7,AXBZ,PAKY,128.0,128.P.C 128.A.V 128.K.C 128.Y.V,2.0 1.5 1.75 0.8,bagu,0.0,2753.0
10634,new,ZAMBOANGUENO,nwebo,nw e b o,4 7 1 7,AXBZ,NEPU,129.0,129.N.C 129.E.V 129.P.C 129.U.V,2.0 1.5 1.75 0.8,nwebo,0.0,2777.0
10726,new,IMOROD,vajo,v a j o,3 7 6 7,AXBZ,BAJU,46.0,46.B.C 46.A.V 46.J.C 46.U.V,2.0 1.5 1.75 0.8,vajo,0.0,2756.0
10818,new,BABUYAN,bajo,b a j o,1 7 6 7,AXBZ,PAJU,5.0,5.P.C 5.A.V 5.J.C 5.U.V,2.0 1.5 1.75 0.8,bajo,0.0,2756.0
10910,new,BISAYA SABAH,agu,a g u,7 1 7,XBZ,AKY,14.0,14.A.V 14.K.C 14.Y.V,1.5 1.75 0.8,agu,0.0,2753.0
11094,new,FINALLIG,fiaro,f i a r o,3 7 7 5 7,AXYBZ,BIARU,31.0,31.B.C 31.I.V 31.A.V 31.R.C 31.U.V,2.0 1.5 1.3 1.75 0.8,fiaro,0.0,2780.0
11186,new,HILIGAYNON,bago,b a g o,1 7 1 7,AXBZ,PAKU,37.0,37.P.C 37.A.V 37.K.C 37.U.V,2.0 1.5 1.75 0.8,bago,0.0,2753.0
11278,new,INABAKNON,bagʔo,b a g ʔ o,1 7 1 1 7,AXMBZ,PAKHU,47.0,47.P.C 47.A.V 47.K.c 47.H.C 47.U.V,2.0 1.5 1.1 1.75 0.8,bagʔo,0.0,2753.0
11370,new,KALAGAN KAAGAN,bagu,b a g u,1 7 1 7,AXBZ,PAKY,58.0,58.P.C 58.A.V 58.K.C 58.Y.V,2.0 1.5 1.75 0.8,bagu,0.0,2753.0
11462,new,KANKANAEY,balo,b a l o,1 7 5 7,AXBZ,PALU,62.0,62.P.C 62.A.V 62.L.C 62.U.V,2.0 1.5 1.75 0.8,balo,0.0,2780.0
11554,new,MANDAYAN BOSO,bagu,b a g u,1 7 1 7,AXBZ,PAKY,71.0,71.P.C 71.A.V 71.K.C 71.Y.V,2.0 1.5 1.75 0.8,bagu,0.0,2753.0
11646,new,MANDAYAN ISLAM PISO,bagu,b a g u,1 7 1 7,AXBZ,PAKY,72.0,72.P.C 72.A.V 72.K.C 72.Y.V,2.0 1.5 1.75 0.8,bagu,0.0,2753.0
11738,new,SINAUNA,baʔju,b a ʔ j u,1 7 1 6 7,AXBCZ,PAHJY,104.0,104.P.C 104.A.V 104.H.C 104.J.C 104.Y.V,2.0 1.5 1.75 1.5 0.8,baʔju,0.0,2756.0
11830,new,SOUTHERN KALINGA,ara,a r a,7 5 7,XBZ,ARA,108.0,108.A.V 108.R.C 108.A.V,1.5 1.75 0.8,ara,1.0,2780.0
55,night,AGTA,hiklom,h i k l o m,3 7 1 5 7 4,AXBCYN,HIKLUM,1.0,1.H.C 1.I.V 1.K.C 1.L.C 1.U.V 1.M.c,2.0 1.5 1.75 1.5 1.3 0.8,hiklom,0.0,2872.0
147,night,AKLANON,gabiʔih,g a b i ʔ i h,1 7 1 7 1 7 3,AXBYBYN,KAPIHIH,2.0,2.K.C 2.A.V 2.P.C 2.I.V 2.H.C 2.I.V 2.H.c,2.0 1.5 1.75 1.3 1.75 1.3 0.8,gabiʔih,0.0,2905.0
239,night,ARTA,biŋuet,b i ŋ u e t,1 7 4 7 7 1,AXBYYN,PINYET,3.0,3.P.C 3.I.V 3.N.C 3.Y.V 3.E.V 3.T.c,2.0 1.5 1.75 1.3 1.3 0.8,biŋuet,0.0,2874.0
331,night,ATTA PAMPLONA,gabi,g a b i,1 7 1 7,AXBZ,KAPI,4.0,4.K.C 4.A.V 4.P.C 4.I.V,2.0 1.5 1.75 0.8,gabi,0.0,2905.0
423,night,BAJAU WEST COAST,soŋom,s o ŋ o m,3 7 4 7 4,AXBYN,SUNUM,6.0,6.S.C 6.U.V 6.N.C 6.U.V 6.M.c,2.0 1.5 1.75 1.3 0.8,soŋom,0.0,2877.0
515,night,BALANGAW,labi,l a b i,5 7 1 7,AXBZ,LAPI,7.0,7.L.C 7.A.V 7.P.C 7.I.V,2.0 1.5 1.75 0.8,labi,0.0,2905.0
607,night,BALANGINGI SAMA,saŋom,s a ŋ o m,3 7 4 7 4,AXBYN,SANUM,8.0,8.S.C 8.A.V 8.N.C 8.U.V 8.M.c,2.0 1.5 1.75 1.3 0.8,saŋom,0.0,2877.0
699,night,BANTON BANTOANON,gabʔe,g a b ʔ e,1 7 1 1 7,AXMBZ,KAPHE,9.0,9.K.C 9.A.V 9.P.c 9.H.C 9.E.V,2.0 1.5 1.1 1.75 0.8,gabʔe,0.0,2905.0
791,night,BASQUE,gau,g a u,1 7 7,AXZ,KAY,10.0,10.K.C 10.A.V 10.Y.V,2.0 1.5 0.8,gau,0.0,2881.0
883,night,BATAK PALAWAN,dələm,d ə l ə m,1 7 5 7 4,AXBYN,TELEM,11.0,11.T.C 11.E.V 11.L.C 11.E.V 11.M.c,2.0 1.5 1.75 1.3 0.8,dələm,0.0,2872.0
975,night,BILAAN KORONADAL,butaŋ,b u t a ŋ,1 7 1 7 4,AXBYN,PYTAN,12.0,12.P.C 12.Y.V 12.T.C 12.A.V 12.N.c,2.0 1.5 1.75 1.3 0.8,butaŋ,0.0,2883.0
1067,night,BILAAN SARANGANI,butaŋ,b u t a ŋ,1 7 1 7 4,AXBYN,PYTAN,13.0,13.P.C 13.Y.V 13.T.C 13.A.V 13.N.c,2.0 1.5 1.75 1.3 0.8,butaŋ,0.0,2883.0
1159,night,BONGGI,raobi,r a o b i,5 7 7 1 7,AXYBZ,RAUPI,15.0,15.R.C 15.A.V 15.U.V 15.P.C 15.I.V,2.0 1.5 1.3 1.75 0.8,raobi,0.0,2905.0
1251,night,BONTOC GUINAANG,labi,l a b i,5 7 1 7,AXBZ,LAPI,16.0,16.L.C 16.A.V 16.P.C 16.I.V,2.0 1.5 1.75 0.8,labi,0.0,2905.0
1343,night,BUHI,gaʔbi,g a ʔ b i,1 7 1 1 7,AXMBZ,KAHPI,17.0,17.K.C 17.A.V 17.H.c 17.P.C 17.I.V,2.0 1.5 1.1 1.75 0.8,gaʔbi,0.0,2905.0
1435,night,BUKIDNON BINUKID,daluman,d a l u m a n,1 7 5 7 4 7 4,AXBYBYN,TALYMAN,18.0,18.T.C 18.A.V 18.L.C 18.Y.V 18.M.C 18.A.V 18.N.c,2.0 1.5 1.75 1.3 1.75 1.3 0.8,daluman,0.0,2872.0
1527,night,BUTUANON,dum,d u m,1 7 4,AXN,TYM,19.0,19.T.C 19.Y.V 19.M.c,2.0 1.5 0.8,dum,0.0,2890.0
1619,night,CAIJIA,sa,s a,3 7,AX,SA,20.0,20.S.C 20.A.V,2.0 1.5,sa,0.0,2891.0
1711,night,CEBUANO,gabiʔi,g a b i ʔ i,1 7 1 7 1 7,AXBYBZ,KAPIHI,22.0,22.K.C 22.A.V 22.P.C 22.I.V 22.H.C 22.I.V,2.0 1.5 1.75 1.3 1.75 0.8,gabiʔi,0.0,2905.0
1803,night,CENTRAL TAGBANWA,dilim,d i l i m,1 7 5 7 4,AXBYN,TILIM,23.0,23.T.C 23.I.V 23.L.C 23.I.V 23.M.c,2.0 1.5 1.75 1.3 0.8,dilim,0.0,2872.0
1895,night,CUYONON,gabiʔ,g a b i ʔ,1 7 1 7 1,AXBYN,KAPIH,24.0,24.K.C 24.A.V 24.P.C 24.I.V 24.H.c,2.0 1.5 1.75 1.3 0.8,gabiʔ,0.0,2905.0
1987,night,DARAGA,gaʔbi,g a ʔ b i,1 7 1 1 7,AXMBZ,KAHPI,25.0,25.K.C 25.A.V 25.H.c 25.P.C 25.I.V,2.0 1.5 1.1 1.75 0.8,gaʔbi,0.0,2905.0
2079,night,DUMAGAT CASIGURAN,kələp,k ə l ə p,1 7 5 7 1,AXBYN,KELEP,26.0,26.K.C 26.E.V 26.L.C 26.E.V 26.P.c,2.0 1.5 1.75 1.3 0.8,kələp,0.0,2896.0
2171,night,DUPANINGAN AGTA,kalap,k a l a p,1 7 5 7 1,AXBYN,KALAP,27.0,27.K.C 27.A.V 27.L.C 27.A.V 27.P.c,2.0 1.5 1.75 1.3 0.8,kalap,0.0,2896.0
2263,night,ENGLISH,nEit,n i t,4 7 1,AXN,NIT,28.0,28.N.C 28.I.V 28.T.c,2.0 1.5 0.8,nit,0.0,2898.0
2355,night,ESKAYAN,kloper,k l o p e r,1 5 7 1 7 5,ACXBYN,KLUPER,29.0,29.K.C 29.L.C 29.U.V 29.P.C 29.E.V 29.R.c,2.0 1.5 1.5 1.75 1.3 0.8,kloper,0.0,2896.0
2447,night,ESTONIAN,o,o,7,X,U,30.0,30.U.V,1.5,o,0.0,2900.0
2539,night,FINNISH,jə,j ə,6 7,AX,JE,32.0,32.J.C 32.E.V,2.0 1.5,jə,0.0,2902.0
2631,night,FUZHOU CHINESE,maŋmuo,m a ŋ m u o,4 7 4 4 7 7,AXMBYZ,MANMYU,33.0,33.M.C 33.A.V 33.N.c 33.M.C 33.Y.V 33.U.V,2.0 1.5 1.1 1.75 1.3 0.8,maŋmuo,0.0,2903.0
2723,night,GADDANG,gapi,g a p i,1 7 1 7,AXBZ,KAPI,34.0,34.K.C 34.A.V 34.P.C 34.I.V,2.0 1.5 1.75 0.8,gapi,0.0,2905.0
2815,night,HANUNOO,jabi,j a b i,6 7 1 7,AXBZ,JAPI,35.0,35.J.C 35.A.V 35.P.C 35.I.V,2.0 1.5 1.75 0.8,jabi,0.0,2905.0
2907,night,HIGAONON BINUKID,daluman,d a l u m a n,1 7 5 7 4 7 4,AXBYBYN,TALYMAN,36.0,36.T.C 36.A.V 36.L.C 36.Y.V 36.M.C 36.A.V 36.N.c,2.0 1.5 1.75 1.3 1.75 1.3 0.8,daluman,0.0,2872.0
2999,night,HUNGARIAN,edʒ,e dʒ,7 1,XN,ET,38.0,38.E.V 38.T.c,1.5 0.8,edʒ,0.0,2898.0
3091,night,IBANAG,gabi,g a b i,1 7 1 7,AXBZ,KAPI,39.0,39.K.C 39.A.V 39.P.C 39.I.V,2.0 1.5 1.75 0.8,gabi,0.0,2905.0
3183,night,IDAAN,gabpi,g a b p i,1 7 1 1 7,AXMBZ,KAPPI,40.0,40.K.C 40.A.V 40.P.c 40.P.C 40.I.V,2.0 1.5 1.1 1.75 0.8,gabpi,0.0,2905.0
3275,night,IFUGAO AMGANAD,nahadom,n a h a d o m,4 7 3 7 1 7 4,AXBYBYN,NAHATUM,41.0,41.N.C 41.A.V 41.H.C 41.A.V 41.T.C 41.U.V 41.M.c,2.0 1.5 1.75 1.3 1.75 1.3 0.8,nahadom,0.0,2911.0
3367,night,IFUGAO BATAD,mahdom,m a h d o m,4 7 3 1 7 4,AXMBYN,MAHTUM,42.0,42.M.C 42.A.V 42.H.c 42.T.C 42.U.V 42.M.c,2.0 1.5 1.1 1.75 1.3 0.8,mahdom,0.0,2911.0
3459,night,IFUGAO BAYNINAN,labi,l a b i,5 7 1 7,AXBZ,LAPI,43.0,43.L.C 43.A.V 43.P.C 43.I.V,2.0 1.5 1.75 0.8,labi,0.0,2905.0
3551,night,ILOKANO,rabi,r a b i,5 7 1 7,AXBZ,RAPI,44.0,44.R.C 44.A.V 44.P.C 44.I.V,2.0 1.5 1.75 0.8,rabi,0.0,2905.0
3643,night,ILONGOT KAKIDUGEN,masi,m a s i,4 7 3 7,AXBZ,MASI,45.0,45.M.C 45.A.V 45.S.C 45.I.V,2.0 1.5 1.75 0.8,masi,0.0,2876.0
3735,night,INIBALOI,kaləbian,k a l ə b i a n,1 7 5 7 1 7 7 4,AXBYBYYN,KALEPIAN,48.0,48.K.C 48.A.V 48.L.C 48.E.V 48.P.C 48.I.V 48.A.V 48.N.c,2.0 1.5 1.75 1.3 1.75 1.3 1.3 0.8,kaləbian,0.0,2896.0
3827,night,IRANUN,magabi,m a g a b i,4 7 1 7 1 7,AXBYBZ,MAKAPI,49.0,49.M.C 49.A.V 49.K.C 49.A.V 49.P.C 49.I.V,2.0 1.5 1.75 1.3 1.75 0.8,magabi,0.0,2905.0
3919,night,IRIGA,gabʔi,g a b ʔ i,1 7 1 1 7,AXMBZ,KAPHI,50.0,50.K.C 50.A.V 50.P.c 50.H.C 50.I.V,2.0 1.5 1.1 1.75 0.8,gabʔi,0.0,2905.0
4011,night,ISNAG,gabi,g a b i,1 7 1 7,AXBZ,KAPI,51.0,51.K.C 51.A.V 51.P.C 51.I.V,2.0 1.5 1.75 0.8,gabi,0.0,2905.0
4103,night,ITAWIT,gEbi,g b i,1 1 7,ACZ,KPI,52.0,52.K.C 52.P.C 52.I.V,2.0 1.5 0.8,gbi,0.0,2905.0
4195,night,ITNEG BINONGAN,labi,l a b i,5 7 1 7,AXBZ,LAPI,53.0,53.L.C 53.A.V 53.P.C 53.I.V,2.0 1.5 1.75 0.8,labi,0.0,2905.0
4287,night,JAPANESE,jo,j o,6 7,AX,JU,54.0,54.J.C 54.U.V,2.0 1.5,jo,0.0,2902.0
4379,night,KADAZAN,sodop,s o d o p,3 7 1 7 1,AXBYN,SUTUP,55.0,55.S.C 55.U.V 55.T.C 55.U.V 55.P.c,2.0 1.5 1.75 1.3 0.8,sodop,0.0,2925.0
4471,night,KAGAYANEN,kiləm,k i l ə m,1 7 5 7 4,AXBYN,KILEM,56.0,56.K.C 56.I.V 56.L.C 56.E.V 56.M.c,2.0 1.5 1.75 1.3 0.8,kiləm,0.0,2872.0
4563,night,KALAGAN,gabi,g a b i,1 7 1 7,AXBZ,KAPI,57.0,57.K.C 57.A.V 57.P.C 57.I.V,2.0 1.5 1.75 0.8,gabi,0.0,2905.0
4655,night,KALINGA GUINAANG,labi,l a b i,5 7 1 7,AXBZ,LAPI,59.0,59.L.C 59.A.V 59.P.C 59.I.V,2.0 1.5 1.75 0.8,labi,0.0,2905.0
4747,night,KALINGA LIMOS,labi,l a b i,5 7 1 7,AXBZ,LAPI,60.0,60.L.C 60.A.V 60.P.C 60.I.V,2.0 1.5 1.75 0.8,labi,0.0,2905.0
4839,night,KALLAHAN KAYAPA PROPER,malabi,m a l a b i,4 7 5 7 1 7,AXBYBZ,MALAPI,61.0,61.M.C 61.A.V 61.L.C 61.A.V 61.P.C 61.I.V,2.0 1.5 1.75 1.3 1.75 0.8,malabi,0.0,2905.0
4931,night,KANKANAY NORTHERN,labi,l a b i,5 7 1 7,AXBZ,LAPI,63.0,63.L.C 63.A.V 63.P.C 63.I.V,2.0 1.5 1.75 0.8,labi,0.0,2905.0
5023,night,KAPAMPANGAN,beji,b e j i,1 7 6 7,AXBZ,PEJI,64.0,64.P.C 64.E.V 64.J.C 64.I.V,2.0 1.5 1.75 0.8,beji,0.0,2902.0
5115,night,KINARAY A,gabi,g a b i,1 7 1 7,AXBZ,KAPI,65.0,65.K.C 65.A.V 65.P.C 65.I.V,2.0 1.5 1.75 0.8,gabi,0.0,2905.0
5207,night,KOREAN,pam,p a m,1 7 4,AXN,PAM,66.0,66.P.C 66.A.V 66.M.c,2.0 1.5 0.8,pam,0.0,2936.0
5299,night,LEGAZPI,baŋgi,b a ŋ g i,1 7 4 1 7,AXMBZ,PANKI,67.0,67.P.C 67.A.V 67.N.c 67.K.C 67.I.V,2.0 1.5 1.1 1.75 0.8,baŋgi,0.0,2937.0
5391,night,LIBON,gabi,g a b i,1 7 1 7,AXBZ,KAPI,68.0,68.K.C 68.A.V 68.P.C 68.I.V,2.0 1.5 1.75 0.8,gabi,0.0,2905.0
5483,night,LIVE,ie,i e,7 7,XZ,IE,69.0,69.I.V 69.E.V,1.5 0.8,ie,0.0,2939.0
5575,night,MAMANWA,kahabzan,k a h a b z a n,1 7 3 7 1 3 7 4,AXBYBCYN,KAHAPSAN,70.0,70.K.C 70.A.V 70.H.C 70.A.V 70.P.C 70.S.C 70.A.V 70.N.c,2.0 1.5 1.75 1.3 1.75 1.5 1.3 0.8,kahabzan,0.0,2940.0
5667,night,MANIDE,takep,t a k e p,1 7 1 7 1,AXBYN,TAKEP,73.0,73.T.C 73.A.V 73.K.C 73.E.V 73.P.c,2.0 1.5 1.75 1.3 0.8,takep,0.0,2925.0
5759,night,MANOBO ATA,maʔusilom,m a ʔ u s i l o m,4 7 1 7 3 7 5 7 4,AXBYBYBYN,MAHYSILUM,74.0,74.M.C 74.A.V 74.H.C 74.Y.V 74.S.C 74.I.V 74.L.C 74.U.V 74.M.c,2.0 1.5 1.75 1.3 1.75 1.3 1.75 1.3 0.8,maʔusilom,0.0,2872.0
5851,night,MANOBO DIBABAWON,kadukiləm,k a d u k i l ə m,1 7 1 7 1 7 5 7 4,AXBYBYBYN,KATYKILEM,75.0,75.K.C 75.A.V 75.T.C 75.Y.V 75.K.C 75.I.V 75.L.C 75.E.V 75.M.c,2.0 1.5 1.75 1.3 1.75 1.3 1.75 1.3 0.8,kadukiləm,0.0,2872.0
5943,night,MANOBO ILIANEN,mərukiləm,m ə r u k i l ə m,4 7 5 7 1 7 5 7 4,AXBYBYBYN,MERYKILEM,76.0,76.M.C 76.E.V 76.R.C 76.Y.V 76.K.C 76.I.V 76.L.C 76.E.V 76.M.c,2.0 1.5 1.75 1.3 1.75 1.3 1.75 1.3 0.8,mərukiləm,0.0,2872.0
6035,night,MANOBO KALAMANSIG COTABATO,sigəp,s i g ə p,3 7 1 7 1,AXBYN,SIKEP,77.0,77.S.C 77.I.V 77.K.C 77.E.V 77.P.c,2.0 1.5 1.75 1.3 0.8,sigəp,0.0,2925.0
6127,night,MANOBO SARANGANI,dolom,d o l o m,1 7 5 7 4,AXBYN,TULUM,78.0,78.T.C 78.U.V 78.L.C 78.U.V 78.M.c,2.0 1.5 1.75 1.3 0.8,dolom,0.0,2872.0
6219,night,MANOBO TIGWA,madusiləm,m a d u s i l ə m,4 7 1 7 3 7 5 7 4,AXBYBYBYN,MATYSILEM,79.0,79.M.C 79.A.V 79.T.C 79.Y.V 79.S.C 79.I.V 79.L.C 79.E.V 79.M.c,2.0 1.5 1.75 1.3 1.75 1.3 1.75 1.3 0.8,madusiləm,0.0,2872.0
6311,night,MANOBO WESTERN BUKIDNON,dukiləm,d u k i l ə m,1 7 1 7 5 7 4,AXBYBYN,TYKILEM,80.0,80.T.C 80.Y.V 80.K.C 80.I.V 80.L.C 80.E.V 80.M.c,2.0 1.5 1.75 1.3 1.75 1.3 0.8,dukiləm,0.0,2872.0
6403,night,MANSAKA,gabi,g a b i,1 7 1 7,AXBZ,KAPI,81.0,81.K.C 81.A.V 81.P.C 81.I.V,2.0 1.5 1.75 0.8,gabi,0.0,2905.0
6495,night,MAPUN,bahaŋi,b a h a ŋ i,1 7 3 7 4 7,AXBYBZ,PAHANI,82.0,82.P.C 82.A.V 82.H.C 82.A.V 82.N.C 82.I.V,2.0 1.5 1.75 1.3 1.75 0.8,bahaŋi,0.0,2883.0
6587,night,MARANAO,gagaoiʔi,g a g a o i ʔ i,1 7 1 7 7 7 1 7,AXBYYYBZ,KAKAUIHI,83.0,83.K.C 83.A.V 83.K.C 83.A.V 83.U.V 83.I.V 83.H.C 83.I.V,2.0 1.5 1.75 1.3 1.3 1.3 1.75 0.8,gagaoiʔi,0.0,2953.0
6679,night,MASBATENYO,gabi,g a b i,1 7 1 7,AXBZ,KAPI,84.0,84.K.C 84.A.V 84.P.C 84.I.V,2.0 1.5 1.75 0.8,gabi,0.0,2905.0
6771,night,MINANGALI LOWER TANUDAN KALINGA,labi,l a b i,5 7 1 7,AXBZ,LAPI,85.0,85.L.C 85.A.V 85.P.C 85.I.V,2.0 1.5 1.75 0.8,labi,0.0,2905.0
6863,night,MOKSHA,vje,v j e,3 6 7,ACX,BJE,86.0,86.B.C 86.J.C 86.E.V,2.0 1.5 1.5,vje,0.0,2902.0
6955,night,MOLBOG,gobi,g o b i,1 7 1 7,AXBZ,KUPI,87.0,87.K.C 87.U.V 87.P.C 87.I.V,2.0 1.5 1.75 0.8,gobi,0.0,2905.0
7047,night,MONGOLIAN,Sunu,u n u,7 4 7,XBZ,YNY,88.0,88.Y.V 88.N.C 88.Y.V,1.5 1.75 0.8,unu,0.0,2958.0
7139,night,MORO MAGINDANAU,magabi,m a g a b i,4 7 1 7 1 7,AXBYBZ,MAKAPI,89.0,89.M.C 89.A.V 89.K.C 89.A.V 89.P.C 89.I.V,2.0 1.5 1.75 1.3 1.75 0.8,magabi,0.0,2905.0
7231,night,NORTHERN CATANDUANES,gaʔbi,g a ʔ b i,1 7 1 1 7,AXMBZ,KAHPI,90.0,90.K.C 90.A.V 90.H.c 90.P.C 90.I.V,2.0 1.5 1.1 1.75 0.8,gaʔbi,0.0,2905.0
7323,night,NORTHERN SORSOGON,gabʔi,g a b ʔ i,1 7 1 1 7,AXMBZ,KAPHI,91.0,91.K.C 91.A.V 91.P.c 91.H.C 91.I.V,2.0 1.5 1.1 1.75 0.8,gabʔi,0.0,2905.0
7415,night,OAS,gaʔbi,g a ʔ b i,1 7 1 1 7,AXMBZ,KAHPI,92.0,92.K.C 92.A.V 92.H.c 92.P.C 92.I.V,2.0 1.5 1.1 1.75 0.8,gaʔbi,0.0,2905.0
7507,night,PALAWANO BATAK,dələm,d ə l ə m,1 7 5 7 4,AXBYN,TELEM,93.0,93.T.C 93.E.V 93.L.C 93.E.V 93.M.c,2.0 1.5 1.75 1.3 0.8,dələm,0.0,2872.0
7599,night,PANGASINAN,labi,l a b i,5 7 1 7,AXBZ,LAPI,94.0,94.L.C 94.A.V 94.P.C 94.I.V,2.0 1.5 1.75 0.8,labi,0.0,2905.0
7691,night,PANGUTARAN SAMA,saŋom,s a ŋ o m,3 7 4 7 4,AXBYN,SANUM,95.0,95.S.C 95.A.V 95.N.C 95.U.V 95.M.c,2.0 1.5 1.75 1.3 0.8,saŋom,0.0,2877.0
7783,night,PROTO PALAWAN,gebiʔi,g e b i ʔ i,1 7 1 7 1 7,AXBYBZ,KEPIHI,96.0,96.K.C 96.E.V 96.P.C 96.I.V 96.H.C 96.I.V,2.0 1.5 1.75 1.3 1.75 0.8,gebiʔi,0.0,2905.0
7875,night,QUEZON PALAWAN,gebi,g e b i,1 7 1 7,AXBZ,KEPI,97.0,97.K.C 97.E.V 97.P.C 97.I.V,2.0 1.5 1.75 0.8,gebi,0.0,2905.0
7967,night,ROMBLOMANON 2,gabʔi,g a b ʔ i,1 7 1 1 7,AXMBZ,KAPHI,98.0,98.K.C 98.A.V 98.P.c 98.H.C 98.I.V,2.0 1.5 1.1 1.75 0.8,gabʔi,0.0,2905.0
8059,night,SAMAL,saŋom,s a ŋ o m,3 7 4 7 4,AXBYN,SANUM,99.0,99.S.C 99.A.V 99.N.C 99.U.V 99.M.c,2.0 1.5 1.75 1.3 0.8,saŋom,0.0,2877.0
8151,night,SAMBAL BOTOLAN,jabi,j a b i,6 7 1 7,AXBZ,JAPI,100.0,100.J.C 100.A.V 100.P.C 100.I.V,2.0 1.5 1.75 0.8,jabi,0.0,2905.0
8243,night,SANGIL SARANGANI ISLANDS,rəbi,r ə b i,5 7 1 7,AXBZ,REPI,101.0,101.R.C 101.E.V 101.P.C 101.I.V,2.0 1.5 1.75 0.8,rəbi,0.0,2905.0
8335,night,SEDANG,koŋ maŋ,k o ŋ # m a ŋ,1 7 4 9 4 7 4,AXN_AXN,KUN_MAN,102.0,102.K.C 102.U.V 102.N.c 102._._ 102.M.C 102.A.V 102.N.c,2.0 1.5 0.8 0.0 2.0 1.5 0.8,koŋ#maŋ,0.0,2972.0
8427,night,SIBUTU SOUTHERN SAMA,saŋom,s a ŋ o m,3 7 4 7 4,AXBYN,SANUM,103.0,103.S.C 103.A.V 103.N.C 103.U.V 103.M.c,2.0 1.5 1.75 1.3 0.8,saŋom,0.0,2877.0
8519,night,SOGODNIN BORACAY,kalap,k a l a p,1 7 5 7 1,AXBYN,KALAP,105.0,105.K.C 105.A.V 105.L.C 105.A.V 105.P.c,2.0 1.5 1.75 1.3 0.8,kalap,0.0,2896.0
8611,night,SOUTH SAAMI,əjə,ə j ə,7 6 7,XBZ,EJE,106.0,106.E.V 106.J.C 106.E.V,1.5 1.75 0.8,əjə,0.0,2902.0
8703,night,SOUTHERN CATANDUANES,baŋgi,b a ŋ g i,1 7 4 1 7,AXMBZ,PANKI,107.0,107.P.C 107.A.V 107.N.c 107.K.C 107.I.V,2.0 1.5 1.1 1.75 0.8,baŋgi,0.0,2937.0
8795,night,SOUTHERN SORSOGON,gabʔi,g a b ʔ i,1 7 1 1 7,AXMBZ,KAPHI,109.0,109.K.C 109.A.V 109.P.c 109.H.C 109.I.V,2.0 1.5 1.1 1.75 0.8,gabʔi,0.0,2905.0
8887,night,SOUTHWEST PALAWANO,gebi,g e b i,1 7 1 7,AXBZ,KEPI,110.0,110.K.C 110.E.V 110.P.C 110.I.V,2.0 1.5 1.75 0.8,gebi,0.0,2905.0
8979,night,SPANISH,noCe,n o e,4 7 7,AXZ,NUE,111.0,111.N.C 111.U.V 111.E.V,2.0 1.5 0.8,noe,0.0,2958.0
9071,night,SUBANON SIOCON,gobi,g o b i,1 7 1 7,AXBZ,KUPI,112.0,112.K.C 112.U.V 112.P.C 112.I.V,2.0 1.5 1.75 0.8,gobi,0.0,2905.0
9163,night,SUBANUN SINDANGAN,gəbii,g ə b ii,1 7 1 7,AXBZ,KEPI,113.0,113.K.C 113.E.V 113.P.C 113.I.V,2.0 1.5 1.75 0.8,gəbii,0.0,2905.0
9255,night,SURIGAONON,dujom,d u j o m,1 7 6 7 4,AXBYN,TYJUM,114.0,114.T.C 114.Y.V 114.J.C 114.U.V 114.M.c,2.0 1.5 1.75 1.3 0.8,dujom,0.0,2890.0
9347,night,TAGABAWA,dukilam,d u k i l a m,1 7 1 7 5 7 4,AXBYBYN,TYKILAM,115.0,115.T.C 115.Y.V 115.K.C 115.I.V 115.L.C 115.A.V 115.M.c,2.0 1.5 1.75 1.3 1.75 1.3 0.8,dukilam,0.0,2872.0
9439,night,TAGABILI,kifuh,k i f u h,1 7 3 7 3,AXBYN,KIBYH,116.0,116.K.C 116.I.V 116.B.C 116.Y.V 116.H.c,2.0 1.5 1.75 1.3 0.8,kifuh,0.0,2905.0
9531,night,TAGALOG,gabi,g a b i,1 7 1 7,AXBZ,KAPI,117.0,117.K.C 117.A.V 117.P.C 117.I.V,2.0 1.5 1.75 0.8,gabi,0.0,2905.0
9623,night,TAGBANWA ABORLAN,dələm,d ə l ə m,1 7 5 7 4,AXBYN,TELEM,118.0,118.T.C 118.E.V 118.L.C 118.E.V 118.M.c,2.0 1.5 1.75 1.3 0.8,dələm,0.0,2872.0
9715,night,TAGBANWA KALAMIAN,labii,l a b ii,5 7 1 7,AXBZ,LAPI,119.0,119.L.C 119.A.V 119.P.C 119.I.V,2.0 1.5 1.75 0.8,labii,0.0,2905.0
9807,night,TAUSUG,duum,d uu m,1 7 4,AXN,TYM,120.0,120.T.C 120.Y.V 120.M.c,2.0 1.5 0.8,duum,0.0,2890.0
9899,night,TIMUGON MURUT,dondom,d o n d o m,1 7 4 1 7 4,AXMBYN,TUNTUM,121.0,121.T.C 121.U.V 121.N.c 121.T.C 121.U.V 121.M.c,2.0 1.5 1.1 1.75 1.3 0.8,dondom,0.0,2890.0
9991,night,TIRURAY,buteŋ,b u t e ŋ,1 7 1 7 4,AXBYN,PYTEN,122.0,122.P.C 122.Y.V 122.T.C 122.E.V 122.N.c,2.0 1.5 1.75 1.3 0.8,buteŋ,0.0,2883.0
10083,night,TURKISH,gedʒe,g e dʒ e,1 7 1 7,AXBZ,KETE,123.0,123.K.C 123.E.V 123.T.C 123.E.V,2.0 1.5 1.75 0.8,gedʒe,0.0,2881.0
10175,night,UGARITIC,ll,ll,5,A,L,124.0,124.L.C,2.0,ll,0.0,2994.0
10267,night,UMIRAY DUMAGET AGTA,abi,a b i,7 1 7,XBZ,API,125.0,125.A.V 125.P.C 125.I.V,1.5 1.75 0.8,abi,0.0,2905.0
10359,night,WARAY WARAY,gabi,g a b i,1 7 1 7,AXBZ,KAPI,126.0,126.K.C 126.A.V 126.P.C 126.I.V,2.0 1.5 1.75 0.8,gabi,0.0,2905.0
10451,night,YAKAN,saŋem,s a ŋ e m,3 7 4 7 4,AXBYN,SANEM,127.0,127.S.C 127.A.V 127.N.C 127.E.V 127.M.c,2.0 1.5 1.75 1.3 0.8,saŋem,0.0,2877.0
10543,night,YOGAD,gabi,g a b i,1 7 1 7,AXBZ,KAPI,128.0,128.K.C 128.A.V 128.P.C 128.I.V,2.0 1.5 1.75 0.8,gabi,0.0,2905.0
10635,night,ZAMBOANGUENO,noCe,n o e,4 7 7,AXZ,NUE,129.0,129.N.C 129.U.V 129.E.V,2.0 1.5 0.8,noe,0.0,2958.0
10727,night,IMOROD,mahep,m a h e p,4 7 3 7 1,AXBYN,MAHEP,46.0,46.M.C 46.A.V 46.H.C 46.E.V 46.P.c,2.0 1.5 1.75 1.3 0.8,mahep,0.0,2876.0
10819,night,BABUYAN,ahep,a h e p,7 3 7 1,XBYN,AHEP,5.0,5.A.V 5.H.C 5.E.V 5.P.c,1.5 1.75 1.3 0.8,ahep,0.0,2876.0
10911,night,BISAYA SABAH,putoŋ,p u t o ŋ,1 7 1 7 4,AXBYN,PYTUN,14.0,14.P.C 14.Y.V 14.T.C 14.U.V 14.N.c,2.0 1.5 1.75 1.3 0.8,putoŋ,0.0,2883.0
11095,night,FINALLIG,lafi,l a f i,5 7 3 7,AXBZ,LABI,31.0,31.L.C 31.A.V 31.B.C 31.I.V,2.0 1.5 1.75 0.8,lafi,0.0,2905.0
11187,night,HILIGAYNON,gabi,g a b i,1 7 1 7,AXBZ,KAPI,37.0,37.K.C 37.A.V 37.P.C 37.I.V,2.0 1.5 1.75 0.8,gabi,0.0,2905.0
11279,night,INABAKNON,saŋom,s a ŋ o m,3 7 4 7 4,AXBYN,SANUM,47.0,47.S.C 47.A.V 47.N.C 47.U.V 47.M.c,2.0 1.5 1.75 1.3 0.8,saŋom,0.0,2877.0
11371,night,KALAGAN KAAGAN,gabi,g a b i,1 7 1 7,AXBZ,KAPI,58.0,58.K.C 58.A.V 58.P.C 58.I.V,2.0 1.5 1.75 0.8,gabi,0.0,2905.0
11463,night,KANKANAEY,labi,l a b i,5 7 1 7,AXBZ,LAPI,62.0,62.L.C 62.A.V 62.P.C 62.I.V,2.0 1.5 1.75 0.8,labi,0.0,2905.0
11555,night,MANDAYAN BOSO,gabi,g a b i,1 7 1 7,AXBZ,KAPI,71.0,71.K.C 71.A.V 71.P.C 71.I.V,2.0 1.5 1.75 0.8,gabi,0.0,2905.0
11647,night,MANDAYAN ISLAM PISO,gabi,g a b i,1 7 1 7,AXBZ,KAPI,72.0,72.K.C 72.A.V 72.P.C 72.I.V,2.0 1.5 1.75 0.8,gabi,0.0,2905.0
11739,night,SINAUNA,abi,a b i,7 1 7,XBZ,API,104.0,104.A.V 104.P.C 104.I.V,1.5 1.75 0.8,abi,0.0,2905.0
11831,night,SOUTHERN KALINGA,lafi,l a f i,5 7 3 7,AXBZ,LABI,108.0,108.L.C 108.A.V 108.B.C 108.I.V,2.0 1.5 1.75 0.8,lafi,0.0,2905.0
56,nose,AGTA,iguŋ,i g u ŋ,7 1 7 4,XBYN,IKYN,1.0,1.I.V 1.K.C 1.Y.V 1.N.c,1.5 1.75 1.3 0.8,iguŋ,0.0,3029.0
148,nose,AKLANON,iluŋ,i l u ŋ,7 5 7 4,XBYN,ILYN,2.0,2.I.V 2.L.C 2.Y.V 2.N.c,1.5 1.75 1.3 0.8,iluŋ,0.0,3029.0
240,nose,ARTA,aduŋ,a d u ŋ,7 1 7 4,XBYN,ATYN,3.0,3.A.V 3.T.C 3.Y.V 3.N.c,1.5 1.75 1.3 0.8,aduŋ,0.0,3029.0
332,nose,ATTA PAMPLONA,iguŋ,i g u ŋ,7 1 7 4,XBYN,IKYN,4.0,4.I.V 4.K.C 4.Y.V 4.N.c,1.5 1.75 1.3 0.8,iguŋ,0.0,3029.0
424,nose,BAJAU WEST COAST,uruŋ,u r u ŋ,7 5 7 4,XBYN,YRYN,6.0,6.Y.V 6.R.C 6.Y.V 6.N.c,1.5 1.75 1.3 0.8,uruŋ,0.0,3029.0
516,nose,BALANGAW,aŋal,a ŋ a l,7 4 7 5,XBYN,ANAL,7.0,7.A.V 7.N.C 7.A.V 7.L.c,1.5 1.75 1.3 0.8,aŋal,0.0,3001.0
608,nose,BALANGINGI SAMA,uŋ,u ŋ,7 4,XN,YN,8.0,8.Y.V 8.N.c,1.5 0.8,uŋ,0.0,3029.0
700,nose,BANTON BANTOANON,iloŋ,i l o ŋ,7 5 7 4,XBYN,ILUN,9.0,9.I.V 9.L.C 9.U.V 9.N.c,1.5 1.75 1.3 0.8,iloŋ,0.0,3029.0
792,nose,BASQUE,sudur,s u d u r,3 7 1 7 5,AXBYN,SYTYR,10.0,10.S.C 10.Y.V 10.T.C 10.Y.V 10.R.c,2.0 1.5 1.75 1.3 0.8,sudur,0.0,3004.0
884,nose,BATAK PALAWAN,uruŋ,u r u ŋ,7 5 7 4,XBYN,YRYN,11.0,11.Y.V 11.R.C 11.Y.V 11.N.c,1.5 1.75 1.3 0.8,uruŋ,0.0,3029.0
976,nose,BILAAN KORONADAL,iluŋ,i l u ŋ,7 5 7 4,XBYN,ILYN,12.0,12.I.V 12.L.C 12.Y.V 12.N.c,1.5 1.75 1.3 0.8,iluŋ,0.0,3029.0
1068,nose,BILAAN SARANGANI,iluŋ,i l u ŋ,7 5 7 4,XBYN,ILYN,13.0,13.I.V 13.L.C 13.Y.V 13.N.c,1.5 1.75 1.3 0.8,iluŋ,0.0,3029.0
1160,nose,BONGGI,iduŋ,i d u ŋ,7 1 7 4,XBYN,ITYN,15.0,15.I.V 15.T.C 15.Y.V 15.N.c,1.5 1.75 1.3 0.8,iduŋ,0.0,3029.0
1252,nose,BONTOC GUINAANG,əŋəl,ə ŋ ə l,7 4 7 5,XBYN,ENEL,16.0,16.E.V 16.N.C 16.E.V 16.L.c,1.5 1.75 1.3 0.8,əŋəl,0.0,3001.0
1344,nose,BUHI,ʔuruŋ,ʔ u r u ŋ,1 7 5 7 4,AXBYN,HYRYN,17.0,17.H.C 17.Y.V 17.R.C 17.Y.V 17.N.c,2.0 1.5 1.75 1.3 0.8,ʔuruŋ,0.0,3029.0
1436,nose,BUKIDNON BINUKID,iduŋ,i d u ŋ,7 1 7 4,XBYN,ITYN,18.0,18.I.V 18.T.C 18.Y.V 18.N.c,1.5 1.75 1.3 0.8,iduŋ,0.0,3029.0
1528,nose,BUTUANON,iloŋ,i l o ŋ,7 5 7 4,XBYN,ILUN,19.0,19.I.V 19.L.C 19.U.V 19.N.c,1.5 1.75 1.3 0.8,iloŋ,0.0,3029.0
1620,nose,CAIJIA,bikei,b i k e i,1 7 1 7 7,AXBYZ,PIKEI,20.0,20.P.C 20.I.V 20.K.C 20.E.V 20.I.V,2.0 1.5 1.75 1.3 0.8,bikei,0.0,3014.0
1712,nose,CEBUANO,iluŋ,i l u ŋ,7 5 7 4,XBYN,ILYN,22.0,22.I.V 22.L.C 22.Y.V 22.N.c,1.5 1.75 1.3 0.8,iluŋ,0.0,3029.0
1804,nose,CENTRAL TAGBANWA,uroŋ,u r o ŋ,7 5 7 4,XBYN,YRUN,23.0,23.Y.V 23.R.C 23.U.V 23.N.c,1.5 1.75 1.3 0.8,uroŋ,0.0,3029.0
1896,nose,CUYONON,iloŋ,i l o ŋ,7 5 7 4,XBYN,ILUN,24.0,24.I.V 24.L.C 24.U.V 24.N.c,1.5 1.75 1.3 0.8,iloŋ,0.0,3029.0
1988,nose,DARAGA,ʔuruŋ,ʔ u r u ŋ,1 7 5 7 4,AXBYN,HYRYN,25.0,25.H.C 25.Y.V 25.R.C 25.Y.V 25.N.c,2.0 1.5 1.75 1.3 0.8,ʔuruŋ,0.0,3029.0
2080,nose,DUMAGAT CASIGURAN,duŋos,d u ŋ o s,1 7 4 7 3,AXBYN,TYNUS,26.0,26.T.C 26.Y.V 26.N.C 26.U.V 26.S.c,2.0 1.5 1.75 1.3 0.8,duŋos,0.0,3020.0
2172,nose,DUPANINGAN AGTA,duŋas,d u ŋ a s,1 7 4 7 3,AXBYN,TYNAS,27.0,27.T.C 27.Y.V 27.N.C 27.A.V 27.S.c,2.0 1.5 1.75 1.3 0.8,duŋas,0.0,3020.0
2264,nose,ENGLISH,noz,n o z,4 7 3,AXN,NUS,28.0,28.N.C 28.U.V 28.S.c,2.0 1.5 0.8,noz,0.0,3020.0
2356,nose,ESKAYAN,dʒiomintir,dʒ i o m i n t i r,1 7 7 4 7 4 1 7 5,AXYBYMBYN,TIUMINTIR,29.0,29.T.C 29.I.V 29.U.V 29.M.C 29.I.V 29.N.c 29.T.C 29.I.V 29.R.c,2.0 1.5 1.3 1.75 1.3 1.1 1.75 1.3 0.8,dʒiomintir,0.0,3023.0
2448,nose,ESTONIAN,nina,n i n a,4 7 4 7,AXBZ,NINA,30.0,30.N.C 30.I.V 30.N.C 30.A.V,2.0 1.5 1.75 0.8,nina,0.0,3001.0
2540,nose,FINNISH,nenE,n e n,4 7 4,AXN,NEN,32.0,32.N.C 32.E.V 32.N.c,2.0 1.5 0.8,nen,0.0,3001.0
2632,nose,FUZHOU CHINESE,phei,ph e i,1 7 7,AXZ,PEI,33.0,33.P.C 33.E.V 33.I.V,2.0 1.5 0.8,phei,0.0,3027.0
2724,nose,GADDANG,ijoŋ,i j o ŋ,7 6 7 4,XBYN,IJUN,34.0,34.I.V 34.J.C 34.U.V 34.N.c,1.5 1.75 1.3 0.8,ijoŋ,0.0,3029.0
2816,nose,HANUNOO,iruŋ,i r u ŋ,7 5 7 4,XBYN,IRYN,35.0,35.I.V 35.R.C 35.Y.V 35.N.c,1.5 1.75 1.3 0.8,iruŋ,0.0,3029.0
2908,nose,HIGAONON BINUKID,iduŋ,i d u ŋ,7 1 7 4,XBYN,ITYN,36.0,36.I.V 36.T.C 36.Y.V 36.N.c,1.5 1.75 1.3 0.8,iduŋ,0.0,3029.0
3000,nose,HUNGARIAN,or,o r,7 5,XN,UR,38.0,38.U.V 38.R.c,1.5 0.8,or,0.0,3032.0
3092,nose,IBANAG,iguŋ,i g u ŋ,7 1 7 4,XBYN,IKYN,39.0,39.I.V 39.K.C 39.Y.V 39.N.c,1.5 1.75 1.3 0.8,iguŋ,0.0,3029.0
3184,nose,IDAAN,iruŋ,i r u ŋ,7 5 7 4,XBYN,IRYN,40.0,40.I.V 40.R.C 40.Y.V 40.N.c,1.5 1.75 1.3 0.8,iruŋ,0.0,3029.0
3276,nose,IFUGAO AMGANAD,oloŋ,o l o ŋ,7 5 7 4,XBYN,ULUN,41.0,41.U.V 41.L.C 41.U.V 41.N.c,1.5 1.75 1.3 0.8,oloŋ,0.0,3029.0
3368,nose,IFUGAO BATAD,oloŋ,o l o ŋ,7 5 7 4,XBYN,ULUN,42.0,42.U.V 42.L.C 42.U.V 42.N.c,1.5 1.75 1.3 0.8,oloŋ,0.0,3029.0
3460,nose,IFUGAO BAYNINAN,oloŋ,o l o ŋ,7 5 7 4,XBYN,ULUN,43.0,43.U.V 43.L.C 43.U.V 43.N.c,1.5 1.75 1.3 0.8,oloŋ,0.0,3029.0
3552,nose,ILOKANO,agoŋ,a g o ŋ,7 1 7 4,XBYN,AKUN,44.0,44.A.V 44.K.C 44.U.V 44.N.c,1.5 1.75 1.3 0.8,agoŋ,0.0,3029.0
3644,nose,ILONGOT KAKIDUGEN,əgəŋ,ə g ə ŋ,7 1 7 4,XBYN,EKEN,45.0,45.E.V 45.K.C 45.E.V 45.N.c,1.5 1.75 1.3 0.8,əgəŋ,0.0,3029.0
3736,nose,INIBALOI,ədəŋ,ə d ə ŋ,7 1 7 4,XBYN,ETEN,48.0,48.E.V 48.T.C 48.E.V 48.N.c,1.5 1.75 1.3 0.8,ədəŋ,0.0,3029.0
3828,nose,IRANUN,ŋiruŋ,ŋ i r u ŋ,4 7 5 7 4,AXBYN,NIRYN,49.0,49.N.C 49.I.V 49.R.C 49.Y.V 49.N.c,2.0 1.5 1.75 1.3 0.8,ŋiruŋ,0.0,3029.0
3920,nose,IRIGA,ʔuruŋ,ʔ u r u ŋ,1 7 5 7 4,AXBYN,HYRYN,50.0,50.H.C 50.Y.V 50.R.C 50.Y.V 50.N.c,2.0 1.5 1.75 1.3 0.8,ʔuruŋ,0.0,3029.0
4012,nose,ISNAG,iguŋ,i g u ŋ,7 1 7 4,XBYN,IKYN,51.0,51.I.V 51.K.C 51.Y.V 51.N.c,1.5 1.75 1.3 0.8,iguŋ,0.0,3029.0
4104,nose,ITAWIT,ijuŋ,i j u ŋ,7 6 7 4,XBYN,IJYN,52.0,52.I.V 52.J.C 52.Y.V 52.N.c,1.5 1.75 1.3 0.8,ijuŋ,0.0,3029.0
4196,nose,ITNEG BINONGAN,əŋəl,ə ŋ ə l,7 4 7 5,XBYN,ENEL,53.0,53.E.V 53.N.C 53.E.V 53.L.c,1.5 1.75 1.3 0.8,əŋəl,0.0,3001.0
4288,nose,JAPANESE,hana,h a n a,3 7 4 7,AXBZ,HANA,54.0,54.H.C 54.A.V 54.N.C 54.A.V,2.0 1.5 1.75 0.8,hana,0.0,3001.0
4380,nose,KADAZAN,toduŋ,t o d u ŋ,1 7 1 7 4,AXBYN,TUTYN,55.0,55.T.C 55.U.V 55.T.C 55.Y.V 55.N.c,2.0 1.5 1.75 1.3 0.8,toduŋ,0.0,3029.0
4472,nose,KAGAYANEN,iruŋ,i r u ŋ,7 5 7 4,XBYN,IRYN,56.0,56.I.V 56.R.C 56.Y.V 56.N.c,1.5 1.75 1.3 0.8,iruŋ,0.0,3029.0
4564,nose,KALAGAN,iluŋ,i l u ŋ,7 5 7 4,XBYN,ILYN,57.0,57.I.V 57.L.C 57.Y.V 57.N.c,1.5 1.75 1.3 0.8,iluŋ,0.0,3029.0
4656,nose,KALINGA GUINAANG,oŋol,o ŋ o l,7 4 7 5,XBYN,UNUL,59.0,59.U.V 59.N.C 59.U.V 59.L.c,1.5 1.75 1.3 0.8,oŋol,0.0,3001.0
4748,nose,KALINGA LIMOS,oŋol,o ŋ o l,7 4 7 5,XBYN,UNUL,60.0,60.U.V 60.N.C 60.U.V 60.L.c,1.5 1.75 1.3 0.8,oŋol,0.0,3001.0
4840,nose,KALLAHAN KAYAPA PROPER,ələŋ,ə l ə ŋ,7 5 7 4,XBYN,ELEN,61.0,61.E.V 61.L.C 61.E.V 61.N.c,1.5 1.75 1.3 0.8,ələŋ,0.0,3029.0
4932,nose,KANKANAY NORTHERN,əʔəŋ,ə ʔ ə ŋ,7 1 7 4,XBYN,EHEN,63.0,63.E.V 63.H.C 63.E.V 63.N.c,1.5 1.75 1.3 0.8,əʔəŋ,0.0,3029.0
5024,nose,KAPAMPANGAN,aruŋ,a r u ŋ,7 5 7 4,XBYN,ARYN,64.0,64.A.V 64.R.C 64.Y.V 64.N.c,1.5 1.75 1.3 0.8,aruŋ,0.0,3029.0
5116,nose,KINARAY A,iroŋ,i r o ŋ,7 5 7 4,XBYN,IRUN,65.0,65.I.V 65.R.C 65.U.V 65.N.c,1.5 1.75 1.3 0.8,iroŋ,0.0,3029.0
5208,nose,KOREAN,ko,k o,1 7,AX,KU,66.0,66.K.C 66.U.V,2.0 1.5,ko,0.0,3060.0
5300,nose,LEGAZPI,duŋuʔ,d u ŋ u ʔ,1 7 4 7 1,AXBYN,TYNYH,67.0,67.T.C 67.Y.V 67.N.C 67.Y.V 67.H.c,2.0 1.5 1.75 1.3 0.8,duŋuʔ,0.0,3020.0
5392,nose,LIBON,ʔuruŋ,ʔ u r u ŋ,1 7 5 7 4,AXBYN,HYRYN,68.0,68.H.C 68.Y.V 68.R.C 68.Y.V 68.N.c,2.0 1.5 1.75 1.3 0.8,ʔuruŋ,0.0,3029.0
5484,nose,LIVE,nana,n a n a,4 7 4 7,AXBZ,NANA,69.0,69.N.C 69.A.V 69.N.C 69.A.V,2.0 1.5 1.75 0.8,nana,0.0,3001.0
5576,nose,MAMANWA,iroŋ,i r o ŋ,7 5 7 4,XBYN,IRUN,70.0,70.I.V 70.R.C 70.U.V 70.N.c,1.5 1.75 1.3 0.8,iroŋ,0.0,3029.0
5668,nose,MANIDE,haʔduŋ,h a ʔ d u ŋ,3 7 1 1 7 4,AXMBYN,HAHTYN,73.0,73.H.C 73.A.V 73.H.c 73.T.C 73.Y.V 73.N.c,2.0 1.5 1.1 1.75 1.3 0.8,haʔduŋ,0.0,3029.0
5760,nose,MANOBO ATA,iduŋ,i d u ŋ,7 1 7 4,XBYN,ITYN,74.0,74.I.V 74.T.C 74.Y.V 74.N.c,1.5 1.75 1.3 0.8,iduŋ,0.0,3029.0
5852,nose,MANOBO DIBABAWON,simud,s i m u d,3 7 4 7 1,AXBYN,SIMYT,75.0,75.S.C 75.I.V 75.M.C 75.Y.V 75.T.c,2.0 1.5 1.75 1.3 0.8,simud,0.0,3069.0
5944,nose,MANOBO ILIANEN,iruŋ,i r u ŋ,7 5 7 4,XBYN,IRYN,76.0,76.I.V 76.R.C 76.Y.V 76.N.c,1.5 1.75 1.3 0.8,iruŋ,0.0,3029.0
6036,nose,MANOBO KALAMANSIG COTABATO,iduŋ,i d u ŋ,7 1 7 4,XBYN,ITYN,77.0,77.I.V 77.T.C 77.Y.V 77.N.c,1.5 1.75 1.3 0.8,iduŋ,0.0,3029.0
6128,nose,MANOBO SARANGANI,idoŋ,i d o ŋ,7 1 7 4,XBYN,ITUN,78.0,78.I.V 78.T.C 78.U.V 78.N.c,1.5 1.75 1.3 0.8,idoŋ,0.0,3029.0
6220,nose,MANOBO TIGWA,iduŋ,i d u ŋ,7 1 7 4,XBYN,ITYN,79.0,79.I.V 79.T.C 79.Y.V 79.N.c,1.5 1.75 1.3 0.8,iduŋ,0.0,3029.0
6312,nose,MANOBO WESTERN BUKIDNON,izuŋ,i z u ŋ,7 3 7 4,XBYN,ISYN,80.0,80.I.V 80.S.C 80.Y.V 80.N.c,1.5 1.75 1.3 0.8,izuŋ,0.0,3029.0
6404,nose,MANSAKA,iluŋ,i l u ŋ,7 5 7 4,XBYN,ILYN,81.0,81.I.V 81.L.C 81.Y.V 81.N.c,1.5 1.75 1.3 0.8,iluŋ,0.0,3029.0
6496,nose,MAPUN,samo,s a m o,3 7 4 7,AXBZ,SAMU,82.0,82.S.C 82.A.V 82.M.C 82.U.V,2.0 1.5 1.75 0.8,samo,0.0,3069.0
6588,nose,MARANAO,iroŋ,i r o ŋ,7 5 7 4,XBYN,IRUN,83.0,83.I.V 83.R.C 83.U.V 83.N.c,1.5 1.75 1.3 0.8,iroŋ,0.0,3029.0
6680,nose,MASBATENYO,iroŋ,i r o ŋ,7 5 7 4,XBYN,IRUN,84.0,84.I.V 84.R.C 84.U.V 84.N.c,1.5 1.75 1.3 0.8,iroŋ,0.0,3029.0
6772,nose,MINANGALI LOWER TANUDAN KALINGA,oŋo8,o ŋ o,7 4 7,XBZ,UNU,85.0,85.U.V 85.N.C 85.U.V,1.5 1.75 0.8,oŋo,0.0,3001.0
6864,nose,MOKSHA,Salxka,a l x k a,7 5 3 1 7,XLMBZ,ALGKA,86.0,86.A.V 86.L.c 86.G.c 86.K.C 86.A.V,1.5 1.1 1.1 1.75 0.8,alxka,0.0,3080.0
6956,nose,MOLBOG,oduŋ,o d u ŋ,7 1 7 4,XBYN,UTYN,87.0,87.U.V 87.T.C 87.Y.V 87.N.c,1.5 1.75 1.3 0.8,oduŋ,0.0,3029.0
7048,nose,MONGOLIAN,xamar,x a m a r,3 7 4 7 5,AXBYN,GAMAR,88.0,88.G.C 88.A.V 88.M.C 88.A.V 88.R.c,2.0 1.5 1.75 1.3 0.8,xamar,0.0,3069.0
7140,nose,MORO MAGINDANAU,iluŋ,i l u ŋ,7 5 7 4,XBYN,ILYN,89.0,89.I.V 89.L.C 89.Y.V 89.N.c,1.5 1.75 1.3 0.8,iluŋ,0.0,3029.0
7232,nose,NORTHERN CATANDUANES,ʔiluŋ,ʔ i l u ŋ,1 7 5 7 4,AXBYN,HILYN,90.0,90.H.C 90.I.V 90.L.C 90.Y.V 90.N.c,2.0 1.5 1.75 1.3 0.8,ʔiluŋ,0.0,3029.0
7324,nose,NORTHERN SORSOGON,ʔiluŋ,ʔ i l u ŋ,1 7 5 7 4,AXBYN,HILYN,91.0,91.H.C 91.I.V 91.L.C 91.Y.V 91.N.c,2.0 1.5 1.75 1.3 0.8,ʔiluŋ,0.0,3029.0
7416,nose,OAS,ʔuruŋ,ʔ u r u ŋ,1 7 5 7 4,AXBYN,HYRYN,92.0,92.H.C 92.Y.V 92.R.C 92.Y.V 92.N.c,2.0 1.5 1.75 1.3 0.8,ʔuruŋ,0.0,3029.0
7508,nose,PALAWANO BATAK,uruŋ,u r u ŋ,7 5 7 4,XBYN,YRYN,93.0,93.Y.V 93.R.C 93.Y.V 93.N.c,1.5 1.75 1.3 0.8,uruŋ,0.0,3029.0
7600,nose,PANGASINAN,eleŋ,e l e ŋ,7 5 7 4,XBYN,ELEN,94.0,94.E.V 94.L.C 94.E.V 94.N.c,1.5 1.75 1.3 0.8,eleŋ,0.0,3029.0
7784,nose,PROTO PALAWAN,ʔaruŋ,ʔ a r u ŋ,1 7 5 7 4,AXBYN,HARYN,96.0,96.H.C 96.A.V 96.R.C 96.Y.V 96.N.c,2.0 1.5 1.75 1.3 0.8,ʔaruŋ,0.0,3029.0
7876,nose,QUEZON PALAWAN,əduŋ,ə d u ŋ,7 1 7 4,XBYN,ETYN,97.0,97.E.V 97.T.C 97.Y.V 97.N.c,1.5 1.75 1.3 0.8,əduŋ,0.0,3029.0
7968,nose,ROMBLOMANON 2,ʔiluŋ,ʔ i l u ŋ,1 7 5 7 4,AXBYN,HILYN,98.0,98.H.C 98.I.V 98.L.C 98.Y.V 98.N.c,2.0 1.5 1.75 1.3 0.8,ʔiluŋ,0.0,3029.0
8060,nose,SAMAL,uuŋ,uu ŋ,7 4,XN,YN,99.0,99.Y.V 99.N.c,1.5 0.8,uuŋ,0.0,3029.0
8152,nose,SAMBAL BOTOLAN,baloŋo,b a l o ŋ o,1 7 5 7 4 7,AXBYBZ,PALUNU,100.0,100.P.C 100.A.V 100.L.C 100.U.V 100.N.C 100.U.V,2.0 1.5 1.75 1.3 1.75 0.8,baloŋo,0.0,3029.0
8244,nose,SANGIL SARANGANI ISLANDS,iluŋ,i l u ŋ,7 5 7 4,XBYN,ILYN,101.0,101.I.V 101.L.C 101.Y.V 101.N.c,1.5 1.75 1.3 0.8,iluŋ,0.0,3029.0
8336,nose,SEDANG,moh,m o h,4 7 3,AXN,MUH,102.0,102.M.C 102.U.V 102.H.c,2.0 1.5 0.8,moh,0.0,3095.0
8428,nose,SIBUTU SOUTHERN SAMA,uŋ,u ŋ,7 4,XN,YN,103.0,103.Y.V 103.N.c,1.5 0.8,uŋ,0.0,3029.0
8520,nose,SOGODNIN BORACAY,oroŋ,o r o ŋ,7 5 7 4,XBYN,URUN,105.0,105.U.V 105.R.C 105.U.V 105.N.c,1.5 1.75 1.3 0.8,oroŋ,0.0,3029.0
8612,nose,SOUTH SAAMI,5ueniə,u e n i ə,7 7 4 7 7,XYBYZ,YENIE,106.0,106.Y.V 106.E.V 106.N.C 106.I.V 106.E.V,1.5 1.3 1.75 1.3 0.8,ueniə,0.0,3099.0
8704,nose,SOUTHERN CATANDUANES,duŋuʔ,d u ŋ u ʔ,1 7 4 7 1,AXBYN,TYNYH,107.0,107.T.C 107.Y.V 107.N.C 107.Y.V 107.H.c,2.0 1.5 1.75 1.3 0.8,duŋuʔ,0.0,3020.0
8796,nose,SOUTHERN SORSOGON,ʔiruŋ,ʔ i r u ŋ,1 7 5 7 4,AXBYN,HIRYN,109.0,109.H.C 109.I.V 109.R.C 109.Y.V 109.N.c,2.0 1.5 1.75 1.3 0.8,ʔiruŋ,0.0,3029.0
8888,nose,SOUTHWEST PALAWANO,edoŋ,e d o ŋ,7 1 7 4,XBYN,ETUN,110.0,110.E.V 110.T.C 110.U.V 110.N.c,1.5 1.75 1.3 0.8,edoŋ,0.0,3029.0
8980,nose,SPANISH,naris,n a r i s,4 7 5 7 3,AXBYN,NARIS,111.0,111.N.C 111.A.V 111.R.C 111.I.V 111.S.c,2.0 1.5 1.75 1.3 0.8,naris,0.0,3104.0
9072,nose,SUBANON SIOCON,suŋ,s u ŋ,3 7 4,AXN,SYN,112.0,112.S.C 112.Y.V 112.N.c,2.0 1.5 0.8,suŋ,0.0,3029.0
9164,nose,SUBANUN SINDANGAN,suŋ,s u ŋ,3 7 4,AXN,SYN,113.0,113.S.C 113.Y.V 113.N.c,2.0 1.5 0.8,suŋ,0.0,3029.0
9256,nose,SURIGAONON,iloŋ,i l o ŋ,7 5 7 4,XBYN,ILUN,114.0,114.I.V 114.L.C 114.U.V 114.N.c,1.5 1.75 1.3 0.8,iloŋ,0.0,3029.0
9440,nose,TAGABILI,iluŋ,i l u ŋ,7 5 7 4,XBYN,ILYN,116.0,116.I.V 116.L.C 116.Y.V 116.N.c,1.5 1.75 1.3 0.8,iluŋ,0.0,3029.0
9532,nose,TAGALOG,iloŋ,i l o ŋ,7 5 7 4,XBYN,ILUN,117.0,117.I.V 117.L.C 117.U.V 117.N.c,1.5 1.75 1.3 0.8,iloŋ,0.0,3029.0
9624,nose,TAGBANWA ABORLAN,uruŋ,u r u ŋ,7 5 7 4,XBYN,YRYN,118.0,118.Y.V 118.R.C 118.Y.V 118.N.c,1.5 1.75 1.3 0.8,uruŋ,0.0,3029.0
9716,nose,TAGBANWA KALAMIAN,uruŋ,u r u ŋ,7 5 7 4,XBYN,YRYN,119.0,119.Y.V 119.R.C 119.Y.V 119.N.c,1.5 1.75 1.3 0.8,uruŋ,0.0,3029.0
9808,nose,TAUSUG,iluŋ,i l u ŋ,7 5 7 4,XBYN,ILYN,120.0,120.I.V 120.L.C 120.Y.V 120.N.c,1.5 1.75 1.3 0.8,iluŋ,0.0,3029.0
9900,nose,TIMUGON MURUT,aduŋ,a d u ŋ,7 1 7 4,XBYN,ATYN,121.0,121.A.V 121.T.C 121.Y.V 121.N.c,1.5 1.75 1.3 0.8,aduŋ,0.0,3029.0
9992,nose,TIRURAY,iruŋ,i r u ŋ,7 5 7 4,XBYN,IRYN,122.0,122.I.V 122.R.C 122.Y.V 122.N.c,1.5 1.75 1.3 0.8,iruŋ,0.0,3029.0
10084,nose,TURKISH,burun udʒ,b u r u n # u dʒ,1 7 5 7 4 9 7 1,AXBYN_XN,PYRYN_YT,123.0,123.P.C 123.Y.V 123.R.C 123.Y.V 123.N.c 123._._ 123.Y.V 123.T.c,2.0 1.5 1.75 1.3 0.8 0.0 1.5 0.8,burun#udʒ,0.0,3115.0
10176,nose,UGARITIC,apu,a p u,7 1 7,XBZ,APY,124.0,124.A.V 124.P.C 124.Y.V,1.5 1.75 0.8,apu,0.0,3027.0
10268,nose,UMIRAY DUMAGET AGTA,aŋut,a ŋ u t,7 4 7 1,XBYN,ANYT,125.0,125.A.V 125.N.C 125.Y.V 125.T.c,1.5 1.75 1.3 0.8,aŋut,0.0,3001.0
10360,nose,WARAY WARAY,iroŋ,i r o ŋ,7 5 7 4,XBYN,IRUN,126.0,126.I.V 126.R.C 126.U.V 126.N.c,1.5 1.75 1.3 0.8,iroŋ,0.0,3029.0
10452,nose,YAKAN,uŋ,u ŋ,7 4,XN,YN,127.0,127.Y.V 127.N.c,1.5 0.8,uŋ,0.0,3029.0
10544,nose,YOGAD,iguŋ,i g u ŋ,7 1 7 4,XBYN,IKYN,128.0,128.I.V 128.K.C 128.Y.V 128.N.c,1.5 1.75 1.3 0.8,iguŋ,0.0,3029.0
10636,nose,ZAMBOANGUENO,naris,n a r i s,4 7 5 7 3,AXBYN,NARIS,129.0,129.N.C 129.A.V 129.R.C 129.I.V 129.S.c,2.0 1.5 1.75 1.3 0.8,naris,0.0,3104.0
10728,nose,IMOROD,momodan,m o m o d a n,4 7 4 7 1 7 4,AXBYBYN,MUMUTAN,46.0,46.M.C 46.U.V 46.M.C 46.U.V 46.T.C 46.A.V 46.N.c,2.0 1.5 1.75 1.3 1.75 1.3 0.8,momodan,0.0,3029.0
10820,nose,BABUYAN,momodan,m o m o d a n,4 7 4 7 1 7 4,AXBYBYN,MUMUTAN,5.0,5.M.C 5.U.V 5.M.C 5.U.V 5.T.C 5.A.V 5.N.c,2.0 1.5 1.75 1.3 1.75 1.3 0.8,momodan,0.0,3029.0
10912,nose,BISAYA SABAH,adoŋ,a d o ŋ,7 1 7 4,XBYN,ATUN,14.0,14.A.V 14.T.C 14.U.V 14.N.c,1.5 1.75 1.3 0.8,adoŋ,0.0,3029.0
11004,nose,CAPIZNON,iloŋ,i l o ŋ,7 5 7 4,XBYN,ILUN,21.0,21.I.V 21.L.C 21.U.V 21.N.c,1.5 1.75 1.3 0.8,iloŋ,0.0,3029.0
11096,nose,FINALLIG,aŋor,a ŋ o r,7 4 7 5,XBYN,ANUR,31.0,31.A.V 31.N.C 31.U.V 31.R.c,1.5 1.75 1.3 0.8,aŋor,0.0,3001.0
11188,nose,HILIGAYNON,iloŋ,i l o ŋ,7 5 7 4,XBYN,ILUN,37.0,37.I.V 37.L.C 37.U.V 37.N.c,1.5 1.75 1.3 0.8,iloŋ,0.0,3029.0
11280,nose,INABAKNON,uroŋ,u r o ŋ,7 5 7 4,XBYN,YRUN,47.0,47.Y.V 47.R.C 47.U.V 47.N.c,1.5 1.75 1.3 0.8,uroŋ,0.0,3029.0
11372,nose,KALAGAN KAAGAN,iluŋ,i l u ŋ,7 5 7 4,XBYN,ILYN,58.0,58.I.V 58.L.C 58.Y.V 58.N.c,1.5 1.75 1.3 0.8,iluŋ,0.0,3029.0
11464,nose,KANKANAEY,eŋ,e ŋ,7 4,XN,EN,62.0,62.E.V 62.N.c,1.5 0.8,eŋ,0.0,3029.0
11556,nose,MANDAYAN BOSO,iluŋ,i l u ŋ,7 5 7 4,XBYN,ILYN,71.0,71.I.V 71.L.C 71.Y.V 71.N.c,1.5 1.75 1.3 0.8,iluŋ,0.0,3029.0
11648,nose,MANDAYAN ISLAM PISO,iluŋ,i l u ŋ,7 5 7 4,XBYN,ILYN,72.0,72.I.V 72.L.C 72.Y.V 72.N.c,1.5 1.75 1.3 0.8,iluŋ,0.0,3029.0
11740,nose,SINAUNA,aʔdoŋ,a ʔ d o ŋ,7 1 1 7 4,XMBYN,AHTUN,104.0,104.A.V 104.H.c 104.T.C 104.U.V 104.N.c,1.5 1.1 1.75 1.3 0.8,aʔdoŋ,0.0,3029.0
11832,nose,SOUTHERN KALINGA,oŋor,o ŋ o r,7 4 7 5,XBYN,UNUR,108.0,108.U.V 108.N.C 108.U.V 108.R.c,1.5 1.75 1.3 0.8,oŋor,0.0,3001.0
793,not,BASQUE,ez,e z,7 3,XN,ES,10.0,10.E.V 10.S.c,1.5 0.8,ez,0.0,3116.0
1437,not,BUKIDNON BINUKID,hariʔ,h a r i ʔ,3 7 5 7 1,AXBYN,HARIH,18.0,18.H.C 18.A.V 18.R.C 18.I.V 18.H.c,2.0 1.5 1.75 1.3 0.8,hariʔ,0.0,3117.0
2265,not,ENGLISH,nat,n a t,4 7 1,AXN,NAT,28.0,28.N.C 28.A.V 28.T.c,2.0 1.5 0.8,nat,0.0,3118.0
2449,not,ESTONIAN,mitte,m i tt e,4 7 1 7,AXBZ,MITE,30.0,30.M.C 30.I.V 30.T.C 30.E.V,2.0 1.5 1.75 0.8,mitte,0.0,3119.0
2541,not,FINNISH,ei,e i,7 7,XZ,EI,32.0,32.E.V 32.I.V,1.5 0.8,ei,0.0,3120.0
2817,not,HANUNOO,balaw,b a l a w,1 7 5 7 6,AXBYN,PALAW,35.0,35.P.C 35.A.V 35.L.C 35.A.V 35.W.c,2.0 1.5 1.75 1.3 0.8,balaw,0.0,3121.0
2909,not,HIGAONON BINUKID,hariʔ,h a r i ʔ,3 7 5 7 1,AXBYN,HARIH,36.0,36.H.C 36.A.V 36.R.C 36.I.V 36.H.c,2.0 1.5 1.75 1.3 0.8,hariʔ,0.0,3117.0
3001,not,HUNGARIAN,nem,n e m,4 7 4,AXN,NEM,38.0,38.N.C 38.E.V 38.M.c,2.0 1.5 0.8,nem,0.0,3118.0
4289,not,JAPANESE,de nai,d e # n a i,1 7 9 4 7 7,AX_AXZ,TE_NAI,54.0,54.T.C 54.E.V 54._._ 54.N.C 54.A.V 54.I.V,2.0 1.5 0.0 2.0 1.5 0.8,de#nai,0.0,3125.0
5025,not,KAPAMPANGAN,aliʔ,a l i ʔ,7 5 7 1,XBYN,ALIH,64.0,64.A.V 64.L.C 64.I.V 64.H.c,1.5 1.75 1.3 0.8,aliʔ,0.0,3117.0
5209,not,KOREAN,ani,a n i,7 4 7,XBZ,ANI,66.0,66.A.V 66.N.C 66.I.V,1.5 1.75 0.8,ani,0.0,3118.0
6865,not,MOKSHA,af,a f,7 3,XN,AB,86.0,86.A.V 86.B.c,1.5 0.8,af,0.0,3128.0
8337,not,SEDANG,oh ta,o h # t a,7 3 9 1 7,XN_AX,UH_TA,102.0,102.U.V 102.H.c 102._._ 102.T.C 102.A.V,1.5 0.8 0.0 2.0 1.5,oh#ta,0.0,3129.0
8981,not,SPANISH,no,n o,4 7,AX,NU,111.0,111.N.C 111.U.V,2.0 1.5,no,0.0,3118.0
9533,not,TAGALOG,hindi,h i n d i,3 7 4 1 7,AXMBZ,HINTI,117.0,117.H.C 117.I.V 117.N.c 117.T.C 117.I.V,2.0 1.5 1.1 1.75 0.8,hindi,0.0,3131.0
10085,not,TURKISH,dejil,d e j i l,1 7 6 7 5,AXBYN,TEJIL,123.0,123.T.C 123.E.V 123.J.C 123.I.V 123.L.c,2.0 1.5 1.75 1.3 0.8,dejil,0.0,3132.0
10729,not,IMOROD,beken,b e k e n,1 7 1 7 4,AXBYN,PEKEN,46.0,46.P.C 46.E.V 46.K.C 46.E.V 46.N.c,2.0 1.5 1.75 1.3 0.8,beken,0.0,3124.0
58,one,AGTA,tatakdoj,t a t a k d o j,1 7 1 7 1 1 7 6,AXBYMBYN,TATAKTUJ,1.0,1.T.C 1.A.V 1.T.C 1.A.V 1.K.c 1.T.C 1.U.V 1.J.c,2.0 1.5 1.75 1.3 1.1 1.75 1.3 0.8,tatakdoj,0.0,3133.0
150,one,AKLANON,isaxah,i s a x a h,7 3 7 3 7 3,XBYBYN,ISAGAH,2.0,2.I.V 2.S.C 2.A.V 2.G.C 2.A.V 2.H.c,1.5 1.75 1.3 1.75 1.3 0.8,isaxah,0.0,3134.0
242,one,ARTA,sipaŋ,s i p a ŋ,3 7 1 7 4,AXBYN,SIPAN,3.0,3.S.C 3.I.V 3.P.C 3.A.V 3.N.c,2.0 1.5 1.75 1.3 0.8,sipaŋ,0.0,3149.0
334,one,ATTA PAMPLONA,taddaj,t a dd a j,1 7 1 7 6,AXBYN,TATAJ,4.0,4.T.C 4.A.V 4.T.C 4.A.V 4.J.c,2.0 1.5 1.75 1.3 0.8,taddaj,0.0,3133.0
426,one,BAJAU WEST COAST,isaʔ,i s a ʔ,7 3 7 1,XBYN,ISAH,6.0,6.I.V 6.S.C 6.A.V 6.H.c,1.5 1.75 1.3 0.8,isaʔ,0.0,3148.0
518,one,BALANGAW,əho,ə h o,7 3 7,XBZ,EHU,7.0,7.E.V 7.H.C 7.U.V,1.5 1.75 0.8,əho,0.0,3148.0
610,one,BALANGINGI SAMA,isa,i s a,7 3 7,XBZ,ISA,8.0,8.I.V 8.S.C 8.A.V,1.5 1.75 0.8,isa,0.0,3148.0
702,one,BANTON BANTOANON,usa,u s a,7 3 7,XBZ,YSA,9.0,9.Y.V 9.S.C 9.A.V,1.5 1.75 0.8,usa,0.0,3148.0
794,one,BASQUE,bat,b a t,1 7 1,AXN,PAT,10.0,10.P.C 10.A.V 10.T.c,2.0 1.5 0.8,bat,0.0,3142.0
886,one,BATAK PALAWAN,əsa,ə s a,7 3 7,XBZ,ESA,11.0,11.E.V 11.S.C 11.A.V,1.5 1.75 0.8,əsa,0.0,3148.0
978,one,BILAAN KORONADAL,satu,s a t u,3 7 1 7,AXBZ,SATY,12.0,12.S.C 12.A.V 12.T.C 12.Y.V,2.0 1.5 1.75 0.8,satu,0.0,3144.0
1070,one,BILAAN SARANGANI,satu,s a t u,3 7 1 7,AXBZ,SATY,13.0,13.S.C 13.A.V 13.T.C 13.Y.V,2.0 1.5 1.75 0.8,satu,0.0,3144.0
1162,one,BONGGI,isa,i s a,7 3 7,XBZ,ISA,15.0,15.I.V 15.S.C 15.A.V,1.5 1.75 0.8,isa,0.0,3148.0
1254,one,BONTOC GUINAANG,əsa,ə s a,7 3 7,XBZ,ESA,16.0,16.E.V 16.S.C 16.A.V,1.5 1.75 0.8,əsa,0.0,3148.0
1346,one,BUHI,ʔisad,ʔ i s a d,1 7 3 7 1,AXBYN,HISAT,17.0,17.H.C 17.I.V 17.S.C 17.A.V 17.T.c,2.0 1.5 1.75 1.3 0.8,ʔisad,0.0,3148.0
1438,one,BUKIDNON BINUKID,sabuwa,s a b u w a,3 7 1 7 6 7,AXBYBZ,SAPYWA,18.0,18.S.C 18.A.V 18.P.C 18.Y.V 18.W.C 18.A.V,2.0 1.5 1.75 1.3 1.75 0.8,sabuwa,0.0,3149.0
1530,one,BUTUANON,isa,i s a,7 3 7,XBZ,ISA,19.0,19.I.V 19.S.C 19.A.V,1.5 1.75 0.8,isa,0.0,3148.0
1622,one,CAIJIA,ji,j i,6 7,AX,JI,20.0,20.J.C 20.I.V,2.0 1.5,ji,0.0,3151.0
1714,one,CEBUANO,usa,u s a,7 3 7,XBZ,YSA,22.0,22.Y.V 22.S.C 22.A.V,1.5 1.75 0.8,usa,0.0,3148.0
1806,one,CENTRAL TAGBANWA,tam,t a m,1 7 4,AXN,TAM,23.0,23.T.C 23.A.V 23.M.c,2.0 1.5 0.8,tam,0.0,3153.0
1898,one,CUYONON,sakabilog,s a k a b i l o g,3 7 1 7 1 7 5 7 1,AXBYBYBYN,SAKAPILUK,24.0,24.S.C 24.A.V 24.K.C 24.A.V 24.P.C 24.I.V 24.L.C 24.U.V 24.K.c,2.0 1.5 1.75 1.3 1.75 1.3 1.75 1.3 0.8,sakabilog,0.0,3154.0
1990,one,DARAGA,ʔisad,ʔ i s a d,1 7 3 7 1,AXBYN,HISAT,25.0,25.H.C 25.I.V 25.S.C 25.A.V 25.T.c,2.0 1.5 1.75 1.3 0.8,ʔisad,0.0,3148.0
2082,one,DUMAGAT CASIGURAN,Esaʔ,a ʔ,7 1,XN,AH,26.0,26.A.V 26.H.c,1.5 0.8,aʔ,0.0,3148.0
2174,one,DUPANINGAN AGTA,Esa,a,7,X,A,27.0,27.A.V,1.5,a,0.0,3157.0
2266,one,ENGLISH,wən,w ə n,6 7 4,AXN,WEN,28.0,28.W.C 28.E.V 28.N.c,2.0 1.5 0.8,wən,0.0,3158.0
2358,one,ESKAYAN,oj,o j,7 6,XN,UJ,29.0,29.U.V 29.J.c,1.5 0.8,oj,0.0,3159.0
2450,one,ESTONIAN,uks,u ks,7 1,XN,YK,30.0,30.Y.V 30.K.c,1.5 0.8,uks,0.0,3160.0
2542,one,FINNISH,iksi,i ks i,7 1 7,XBZ,IKI,32.0,32.I.V 32.K.C 32.I.V,1.5 1.75 0.8,iksi,0.0,3160.0
2634,one,FUZHOU CHINESE,8uok,u o k,7 7 1,XYN,YUK,33.0,33.Y.V 33.U.V 33.K.c,1.5 1.3 0.8,uok,0.0,3160.0
2726,one,GADDANG,antet,a n t e t,7 4 1 7 1,XMBYN,ANTET,34.0,34.A.V 34.N.c 34.T.C 34.E.V 34.T.c,1.5 1.1 1.75 1.3 0.8,antet,0.0,3164.0
2818,one,HANUNOO,usa,u s a,7 3 7,XBZ,YSA,35.0,35.Y.V 35.S.C 35.A.V,1.5 1.75 0.8,usa,0.0,3148.0
2910,one,HIGAONON BINUKID,sabuwa,s a b u w a,3 7 1 7 6 7,AXBYBZ,SAPYWA,36.0,36.S.C 36.A.V 36.P.C 36.Y.V 36.W.C 36.A.V,2.0 1.5 1.75 1.3 1.75 0.8,sabuwa,0.0,3149.0
3002,one,HUNGARIAN,egj,e g j,7 1 6,XBC,EKJ,38.0,38.E.V 38.K.C 38.J.C,1.5 1.75 1.5,egj,0.0,3168.0
3094,one,IBANAG,tadaj,t a d a j,1 7 1 7 6,AXBYN,TATAJ,39.0,39.T.C 39.A.V 39.T.C 39.A.V 39.J.c,2.0 1.5 1.75 1.3 0.8,tadaj,0.0,3133.0
3186,one,IDAAN,saʔ,s a ʔ,3 7 1,AXN,SAH,40.0,40.S.C 40.A.V 40.H.c,2.0 1.5 0.8,saʔ,0.0,3148.0
3278,one,IFUGAO AMGANAD,oha,o h a,7 3 7,XBZ,UHA,41.0,41.U.V 41.H.C 41.A.V,1.5 1.75 0.8,oha,0.0,3148.0
3370,one,IFUGAO BATAD,goha,g o h a,1 7 3 7,AXBZ,KUHA,42.0,42.K.C 42.U.V 42.H.C 42.A.V,2.0 1.5 1.75 0.8,goha,0.0,3148.0
3462,one,IFUGAO BAYNINAN,goha,g o h a,1 7 3 7,AXBZ,KUHA,43.0,43.K.C 43.U.V 43.H.C 43.A.V,2.0 1.5 1.75 0.8,goha,0.0,3148.0
3554,one,ILOKANO,masa,m a s a,4 7 3 7,AXBZ,MASA,44.0,44.M.C 44.A.V 44.S.C 44.A.V,2.0 1.5 1.75 0.8,masa,0.0,3148.0
3646,one,ILONGOT KAKIDUGEN,sit,s i t,3 7 1,AXN,SIT,45.0,45.S.C 45.I.V 45.T.c,2.0 1.5 0.8,sit,0.0,3144.0
3738,one,INIBALOI,sakəj,s a k ə j,3 7 1 7 6,AXBYN,SAKEJ,48.0,48.S.C 48.A.V 48.K.C 48.E.V 48.J.c,2.0 1.5 1.75 1.3 0.8,sakəj,0.0,3168.0
3830,one,IRANUN,isa,i s a,7 3 7,XBZ,ISA,49.0,49.I.V 49.S.C 49.A.V,1.5 1.75 0.8,isa,0.0,3148.0
3922,one,IRIGA,ʔisad,ʔ i s a d,1 7 3 7 1,AXBYN,HISAT,50.0,50.H.C 50.I.V 50.S.C 50.A.V 50.T.c,2.0 1.5 1.75 1.3 0.8,ʔisad,0.0,3148.0
4014,one,ISNAG,isa,i s a,7 3 7,XBZ,ISA,51.0,51.I.V 51.S.C 51.A.V,1.5 1.75 0.8,isa,0.0,3148.0
4106,one,ITAWIT,isE,i s,7 3,XN,IS,52.0,52.I.V 52.S.c,1.5 0.8,is,0.0,3148.0
4198,one,ITNEG BINONGAN,issa,i ss a,7 3 7,XBZ,ISA,53.0,53.I.V 53.S.C 53.A.V,1.5 1.75 0.8,issa,0.0,3148.0
4290,one,JAPANESE,hitocu,h i t o c u,3 7 1 7 1 7,AXBYBZ,HITUCY,54.0,54.H.C 54.I.V 54.T.C 54.U.V 54.C.C 54.Y.V,2.0 1.5 1.75 1.3 1.75 0.8,hitocu,0.0,3144.0
4382,one,KADAZAN,iso,i s o,7 3 7,XBZ,ISU,55.0,55.I.V 55.S.C 55.U.V,1.5 1.75 0.8,iso,0.0,3148.0
4474,one,KAGAYANEN,isja,i s j a,7 3 6 7,XBCZ,ISJA,56.0,56.I.V 56.S.C 56.J.C 56.A.V,1.5 1.75 1.5 0.8,isja,0.0,3148.0
4566,one,KALAGAN,sambuk,s a m b u k,3 7 4 1 7 1,AXMBYN,SAMPYK,57.0,57.S.C 57.A.V 57.M.c 57.P.C 57.Y.V 57.K.c,2.0 1.5 1.1 1.75 1.3 0.8,sambuk,0.0,3149.0
4658,one,KALINGA GUINAANG,ossaʔan,o ss a ʔ a n,7 3 7 1 7 4,XBYBYN,USAHAN,59.0,59.U.V 59.S.C 59.A.V 59.H.C 59.A.V 59.N.c,1.5 1.75 1.3 1.75 1.3 0.8,ossaʔan,0.0,3187.0
4750,one,KALINGA LIMOS,osa,o s a,7 3 7,XBZ,USA,60.0,60.U.V 60.S.C 60.A.V,1.5 1.75 0.8,osa,0.0,3148.0
4842,one,KALLAHAN KAYAPA PROPER,hakəj,h a k ə j,3 7 1 7 6,AXBYN,HAKEJ,61.0,61.H.C 61.A.V 61.K.C 61.E.V 61.J.c,2.0 1.5 1.75 1.3 0.8,hakəj,0.0,3168.0
4934,one,KANKANAY NORTHERN,əsa,ə s a,7 3 7,XBZ,ESA,63.0,63.E.V 63.S.C 63.A.V,1.5 1.75 0.8,əsa,0.0,3148.0
5026,one,KAPAMPANGAN,metuŋ,m e t u ŋ,4 7 1 7 4,AXBYN,METYN,64.0,64.M.C 64.E.V 64.T.C 64.Y.V 64.N.c,2.0 1.5 1.75 1.3 0.8,metuŋ,0.0,3192.0
5118,one,KINARAY A,sara,s a r a,3 7 5 7,AXBZ,SARA,65.0,65.S.C 65.A.V 65.R.C 65.A.V,2.0 1.5 1.75 0.8,sara,0.0,3134.0
5210,one,KOREAN,han,h a n,3 7 4,AXN,HAN,66.0,66.H.C 66.A.V 66.N.c,2.0 1.5 0.8,han,0.0,3187.0
5302,one,LEGAZPI,saruʔ,s a r u ʔ,3 7 5 7 1,AXBYN,SARYH,67.0,67.S.C 67.A.V 67.R.C 67.Y.V 67.H.c,2.0 1.5 1.75 1.3 0.8,saruʔ,0.0,3134.0
5394,one,LIBON,ʔosad,ʔ o s a d,1 7 3 7 1,AXBYN,HUSAT,68.0,68.H.C 68.U.V 68.S.C 68.A.V 68.T.c,2.0 1.5 1.75 1.3 0.8,ʔosad,0.0,3148.0
5486,one,LIVE,ikS,i k,7 1,XN,IK,69.0,69.I.V 69.K.c,1.5 0.8,ik,0.0,3160.0
5578,one,MAMANWA,isa,i s a,7 3 7,XBZ,ISA,70.0,70.I.V 70.S.C 70.A.V,1.5 1.75 0.8,isa,0.0,3148.0
5670,one,MANIDE,supeg,s u p e g,3 7 1 7 1,AXBYN,SYPEK,73.0,73.S.C 73.Y.V 73.P.C 73.E.V 73.K.c,2.0 1.5 1.75 1.3 0.8,supeg,0.0,3149.0
5762,one,MANOBO ATA,isa,i s a,7 3 7,XBZ,ISA,74.0,74.I.V 74.S.C 74.A.V,1.5 1.75 0.8,isa,0.0,3148.0
5854,one,MANOBO DIBABAWON,sə,s ə,3 7,AX,SE,75.0,75.S.C 75.E.V,2.0 1.5,sə,0.0,3148.0
5946,one,MANOBO ILIANEN,səbəka,s ə b ə k a,3 7 1 7 1 7,AXBYBZ,SEPEKA,76.0,76.S.C 76.E.V 76.P.C 76.E.V 76.K.C 76.A.V,2.0 1.5 1.75 1.3 1.75 0.8,səbəka,0.0,3149.0
6038,one,MANOBO KALAMANSIG COTABATO,səbaʔən,s ə b a ʔ ə n,3 7 1 7 1 7 4,AXBYBYN,SEPAHEN,77.0,77.S.C 77.E.V 77.P.C 77.A.V 77.H.C 77.E.V 77.N.c,2.0 1.5 1.75 1.3 1.75 1.3 0.8,səbaʔən,0.0,3149.0
6130,one,MANOBO SARANGANI,sobad,s o b a d,3 7 1 7 1,AXBYN,SUPAT,78.0,78.S.C 78.U.V 78.P.C 78.A.V 78.T.c,2.0 1.5 1.75 1.3 0.8,sobad,0.0,3149.0
6222,one,MANOBO TIGWA,sabəka,s a b ə k a,3 7 1 7 1 7,AXBYBZ,SAPEKA,79.0,79.S.C 79.A.V 79.P.C 79.E.V 79.K.C 79.A.V,2.0 1.5 1.75 1.3 1.75 0.8,sabəka,0.0,3149.0
6314,one,MANOBO WESTERN BUKIDNON,səvəha,s ə v ə h a,3 7 3 7 3 7,AXBYBZ,SEBEHA,80.0,80.S.C 80.E.V 80.B.C 80.E.V 80.H.C 80.A.V,2.0 1.5 1.75 1.3 1.75 0.8,səvəha,0.0,3149.0
6406,one,MANSAKA,isa,i s a,7 3 7,XBZ,ISA,81.0,81.I.V 81.S.C 81.A.V,1.5 1.75 0.8,isa,0.0,3148.0
6498,one,MAPUN,dambuwaʔ,d a m b u w a ʔ,1 7 4 1 7 6 7 1,AXMBYBYN,TAMPYWAH,82.0,82.T.C 82.A.V 82.M.c 82.P.C 82.Y.V 82.W.C 82.A.V 82.H.c,2.0 1.5 1.1 1.75 1.3 1.75 1.3 0.8,dambuwaʔ,0.0,3210.0
6590,one,MARANAO,isa,i s a,7 3 7,XBZ,ISA,83.0,83.I.V 83.S.C 83.A.V,1.5 1.75 0.8,isa,0.0,3148.0
6682,one,MASBATENYO,isad,i s a d,7 3 7 1,XBYN,ISAT,84.0,84.I.V 84.S.C 84.A.V 84.T.c,1.5 1.75 1.3 0.8,isad,0.0,3148.0
6774,one,MINANGALI LOWER TANUDAN KALINGA,osan,o s a n,7 3 7 4,XBYN,USAN,85.0,85.U.V 85.S.C 85.A.V 85.N.c,1.5 1.75 1.3 0.8,osan,0.0,3148.0
6866,one,MOKSHA,fka,f k a,3 1 7,ACZ,BKA,86.0,86.B.C 86.K.C 86.A.V,2.0 1.5 0.8,fka,0.0,3214.0
6958,one,MOLBOG,isaʔ,i s a ʔ,7 3 7 1,XBYN,ISAH,87.0,87.I.V 87.S.C 87.A.V 87.H.c,1.5 1.75 1.3 0.8,isaʔ,0.0,3148.0
7050,one,MONGOLIAN,nik,n i k,4 7 1,AXN,NIK,88.0,88.N.C 88.I.V 88.K.c,2.0 1.5 0.8,nik,0.0,3160.0
7142,one,MORO MAGINDANAU,isa,i s a,7 3 7,XBZ,ISA,89.0,89.I.V 89.S.C 89.A.V,1.5 1.75 0.8,isa,0.0,3148.0
7234,one,NORTHERN CATANDUANES,saduʔ,s a d u ʔ,3 7 1 7 1,AXBYN,SATYH,90.0,90.S.C 90.A.V 90.T.C 90.Y.V 90.H.c,2.0 1.5 1.75 1.3 0.8,saduʔ,0.0,3144.0
7326,one,NORTHERN SORSOGON,ʔisad,ʔ i s a d,1 7 3 7 1,AXBYN,HISAT,91.0,91.H.C 91.I.V 91.S.C 91.A.V 91.T.c,2.0 1.5 1.75 1.3 0.8,ʔisad,0.0,3148.0
7418,one,OAS,ʔisad,ʔ i s a d,1 7 3 7 1,AXBYN,HISAT,92.0,92.H.C 92.I.V 92.S.C 92.A.V 92.T.c,2.0 1.5 1.75 1.3 0.8,ʔisad,0.0,3148.0
7510,one,PALAWANO BATAK,əsa,ə s a,7 3 7,XBZ,ESA,93.0,93.E.V 93.S.C 93.A.V,1.5 1.75 0.8,əsa,0.0,3148.0
7602,one,PANGASINAN,sakej,s a k e j,3 7 1 7 6,AXBYN,SAKEJ,94.0,94.S.C 94.A.V 94.K.C 94.E.V 94.J.c,2.0 1.5 1.75 1.3 0.8,sakej,0.0,3168.0
7694,one,PANGUTARAN SAMA,dakajoʔ,d a k a j o ʔ,1 7 1 7 6 7 1,AXBYBYN,TAKAJUH,95.0,95.T.C 95.A.V 95.K.C 95.A.V 95.J.C 95.U.V 95.H.c,2.0 1.5 1.75 1.3 1.75 1.3 0.8,dakajoʔ,0.0,3168.0
7786,one,PROTO PALAWAN,ʔisaʔ,ʔ i s a ʔ,1 7 3 7 1,AXBYN,HISAH,96.0,96.H.C 96.I.V 96.S.C 96.A.V 96.H.c,2.0 1.5 1.75 1.3 0.8,ʔisaʔ,0.0,3148.0
7878,one,QUEZON PALAWAN,isa,i s a,7 3 7,XBZ,ISA,97.0,97.I.V 97.S.C 97.A.V,1.5 1.75 0.8,isa,0.0,3148.0
7970,one,ROMBLOMANON 2,ʔisa,ʔ i s a,1 7 3 7,AXBZ,HISA,98.0,98.H.C 98.I.V 98.S.C 98.A.V,2.0 1.5 1.75 0.8,ʔisa,0.0,3148.0
8062,one,SAMAL,isa,i s a,7 3 7,XBZ,ISA,99.0,99.I.V 99.S.C 99.A.V,1.5 1.75 0.8,isa,0.0,3148.0
8154,one,SAMBAL BOTOLAN,miha,m i h a,4 7 3 7,AXBZ,MIHA,100.0,100.M.C 100.I.V 100.H.C 100.A.V,2.0 1.5 1.75 0.8,miha,0.0,3148.0
8246,one,SANGIL SARANGANI ISLANDS,sa,s a,3 7,AX,SA,101.0,101.S.C 101.A.V,2.0 1.5,sa,0.0,3148.0
8338,one,SEDANG,moi,m o i,4 7 7,AXZ,MUI,102.0,102.M.C 102.U.V 102.I.V,2.0 1.5 0.8,moi,0.0,3230.0
8430,one,SIBUTU SOUTHERN SAMA,isa,i s a,7 3 7,XBZ,ISA,103.0,103.I.V 103.S.C 103.A.V,1.5 1.75 0.8,isa,0.0,3148.0
8522,one,SOGODNIN BORACAY,isaŋ,i s a ŋ,7 3 7 4,XBYN,ISAN,105.0,105.I.V 105.S.C 105.A.V 105.N.c,1.5 1.75 1.3 0.8,isaŋ,0.0,3148.0
8614,one,SOUTH SAAMI,aktə,a k t ə,7 1 1 7,XMBZ,AKTE,106.0,106.A.V 106.K.c 106.T.C 106.E.V,1.5 1.1 1.75 0.8,aktə,0.0,3164.0
8706,one,SOUTHERN CATANDUANES,saluʔ,s a l u ʔ,3 7 5 7 1,AXBYN,SALYH,107.0,107.S.C 107.A.V 107.L.C 107.Y.V 107.H.c,2.0 1.5 1.75 1.3 0.8,saluʔ,0.0,3134.0
8798,one,SOUTHERN SORSOGON,sajuʔ,s a j u ʔ,3 7 6 7 1,AXBYN,SAJYH,109.0,109.S.C 109.A.V 109.J.C 109.Y.V 109.H.c,2.0 1.5 1.75 1.3 0.8,sajuʔ,0.0,3134.0
8890,one,SOUTHWEST PALAWANO,isaʔ,i s a ʔ,7 3 7 1,XBYN,ISAH,110.0,110.I.V 110.S.C 110.A.V 110.H.c,1.5 1.75 1.3 0.8,isaʔ,0.0,3148.0
8982,one,SPANISH,uno,u n o,7 4 7,XBZ,YNU,111.0,111.Y.V 111.N.C 111.U.V,1.5 1.75 0.8,uno,0.0,3239.0
9074,one,SUBANON SIOCON,sala bok,s a l a # b o k,3 7 5 7 9 1 7 1,AXBZ_AXN,SALA_PUK,112.0,112.S.C 112.A.V 112.L.C 112.A.V 112._._ 112.P.C 112.U.V 112.K.c,2.0 1.5 1.75 0.8 0.0 2.0 1.5 0.8,sala#bok,0.0,3240.0
9166,one,SUBANUN SINDANGAN,sala,s a l a,3 7 5 7,AXBZ,SALA,113.0,113.S.C 113.A.V 113.L.C 113.A.V,2.0 1.5 1.75 0.8,sala,0.0,3134.0
9258,one,SURIGAONON,isa,i s a,7 3 7,XBZ,ISA,114.0,114.I.V 114.S.C 114.A.V,1.5 1.75 0.8,isa,0.0,3148.0
9350,one,TAGABAWA,sabad,s a b a d,3 7 1 7 1,AXBYN,SAPAT,115.0,115.S.C 115.A.V 115.P.C 115.A.V 115.T.c,2.0 1.5 1.75 1.3 0.8,sabad,0.0,3149.0
9442,one,TAGABILI,sotuh,s o t u h,3 7 1 7 3,AXBYN,SUTYH,116.0,116.S.C 116.U.V 116.T.C 116.Y.V 116.H.c,2.0 1.5 1.75 1.3 0.8,sotuh,0.0,3144.0
9534,one,TAGALOG,isa,i s a,7 3 7,XBZ,ISA,117.0,117.I.V 117.S.C 117.A.V,1.5 1.75 0.8,isa,0.0,3148.0
9626,one,TAGBANWA ABORLAN,əsa,ə s a,7 3 7,XBZ,ESA,118.0,118.E.V 118.S.C 118.A.V,1.5 1.75 0.8,əsa,0.0,3148.0
9718,one,TAGBANWA KALAMIAN,tasaʔ,t a s a ʔ,1 7 3 7 1,AXBYN,TASAH,119.0,119.T.C 119.A.V 119.S.C 119.A.V 119.H.c,2.0 1.5 1.75 1.3 0.8,tasaʔ,0.0,3148.0
9810,one,TAUSUG,hambuʔuk,h a m b u ʔ u k,3 7 4 1 7 1 7 1,AXMBYBYN,HAMPYHYK,120.0,120.H.C 120.A.V 120.M.c 120.P.C 120.Y.V 120.H.C 120.Y.V 120.K.c,2.0 1.5 1.1 1.75 1.3 1.75 1.3 0.8,hambuʔuk,0.0,3248.0
9902,one,TIMUGON MURUT,ditakaw,d i t a k a w,1 7 1 7 1 7 6,AXBYBYN,TITAKAW,121.0,121.T.C 121.I.V 121.T.C 121.A.V 121.K.C 121.A.V 121.W.c,2.0 1.5 1.75 1.3 1.75 1.3 0.8,ditakaw,0.0,3133.0
9994,one,TIRURAY,uno,u n o,7 4 7,XBZ,YNU,122.0,122.Y.V 122.N.C 122.U.V,1.5 1.75 0.8,uno,0.0,3239.0
10086,one,TURKISH,bir,b i r,1 7 5,AXN,PIR,123.0,123.P.C 123.I.V 123.R.c,2.0 1.5 0.8,bir,0.0,3251.0
10178,one,UGARITIC,aXd,a d,7 1,XN,AT,124.0,124.A.V 124.T.c,1.5 0.8,ad,0.0,3142.0
10270,one,UMIRAY DUMAGET AGTA,isin,i s i n,7 3 7 4,XBYN,ISIN,125.0,125.I.V 125.S.C 125.I.V 125.N.c,1.5 1.75 1.3 0.8,isin,0.0,3148.0
10362,one,WARAY WARAY,usa,u s a,7 3 7,XBZ,YSA,126.0,126.Y.V 126.S.C 126.A.V,1.5 1.75 0.8,usa,0.0,3148.0
10454,one,YAKAN,isaʔ,i s a ʔ,7 3 7 1,XBYN,ISAH,127.0,127.I.V 127.S.C 127.A.V 127.H.c,1.5 1.75 1.3 0.8,isaʔ,0.0,3148.0
10546,one,YOGAD,tata,t a t a,1 7 1 7,AXBZ,TATA,128.0,128.T.C 128.A.V 128.T.C 128.A.V,2.0 1.5 1.75 0.8,tata,0.0,3133.0
10638,one,ZAMBOANGUENO,uno,u n o,7 4 7,XBZ,YNU,129.0,129.Y.V 129.N.C 129.U.V,1.5 1.75 0.8,uno,0.0,3239.0
10730,one,IMOROD,asa,a s a,7 3 7,XBZ,ASA,46.0,46.A.V 46.S.C 46.A.V,1.5 1.75 0.8,asa,0.0,3148.0
10822,one,BABUYAN,asa,a s a,7 3 7,XBZ,ASA,5.0,5.A.V 5.S.C 5.A.V,1.5 1.75 0.8,asa,0.0,3148.0
11098,one,FINALLIG,osa,o s a,7 3 7,XBZ,USA,31.0,31.U.V 31.S.C 31.A.V,1.5 1.75 0.8,osa,0.0,3148.0
11190,one,HILIGAYNON,isa,i s a,7 3 7,XBZ,ISA,37.0,37.I.V 37.S.C 37.A.V,1.5 1.75 0.8,isa,0.0,3148.0
11466,one,KANKANAEY,esE,e s,7 3,XN,ES,62.0,62.E.V 62.S.c,1.5 0.8,es,0.0,3148.0
11558,one,MANDAYAN BOSO,isa,i s a,7 3 7,XBZ,ISA,71.0,71.I.V 71.S.C 71.A.V,1.5 1.75 0.8,isa,0.0,3148.0
11650,one,MANDAYAN ISLAM PISO,isa,i s a,7 3 7,XBZ,ISA,72.0,72.I.V 72.S.C 72.A.V,1.5 1.75 0.8,isa,0.0,3148.0
11742,one,SINAUNA,isaʔ,i s a ʔ,7 3 7 1,XBYN,ISAH,104.0,104.I.V 104.S.C 104.A.V 104.H.c,1.5 1.75 1.3 0.8,isaʔ,0.0,3148.0
11834,one,SOUTHERN KALINGA,osa,o s a,7 3 7,XBZ,USA,108.0,108.U.V 108.S.C 108.A.V,1.5 1.75 0.8,osa,0.0,3148.0
59,path,AGTA,dolan,d o l a n,1 7 5 7 4,AXBYN,TULAN,1.0,1.T.C 1.U.V 1.L.C 1.A.V 1.N.c,2.0 1.5 1.75 1.3 0.8,dolan,0.0,3264.0
151,path,AKLANON,daxan,d a x a n,1 7 3 7 4,AXBYN,TAGAN,2.0,2.T.C 2.A.V 2.G.C 2.A.V 2.N.c,2.0 1.5 1.75 1.3 0.8,daxan,0.0,3264.0
243,path,ARTA,didiman,d i d i m a n,1 7 1 7 4 7 4,AXBYBYN,TITIMAN,3.0,3.T.C 3.I.V 3.T.C 3.I.V 3.M.C 3.A.V 3.N.c,2.0 1.5 1.75 1.3 1.75 1.3 0.8,didiman,0.0,3264.0
335,path,ATTA PAMPLONA,dalan,d a l a n,1 7 5 7 4,AXBYN,TALAN,4.0,4.T.C 4.A.V 4.L.C 4.A.V 4.N.c,2.0 1.5 1.75 1.3 0.8,dalan,0.0,3264.0
427,path,BAJAU WEST COAST,lan,l a n,5 7 4,AXN,LAN,6.0,6.L.C 6.A.V 6.N.c,2.0 1.5 0.8,lan,0.0,3264.0
519,path,BALANGAW,dalan,d a l a n,1 7 5 7 4,AXBYN,TALAN,7.0,7.T.C 7.A.V 7.L.C 7.A.V 7.N.c,2.0 1.5 1.75 1.3 0.8,dalan,0.0,3264.0
611,path,BALANGINGI SAMA,lan,l a n,5 7 4,AXN,LAN,8.0,8.L.C 8.A.V 8.N.c,2.0 1.5 0.8,lan,0.0,3264.0
795,path,BASQUE,basabide,b a s a b i d e,1 7 3 7 1 7 1 7,AXBYBYBZ,PASAPITE,10.0,10.P.C 10.A.V 10.S.C 10.A.V 10.P.C 10.I.V 10.T.C 10.E.V,2.0 1.5 1.75 1.3 1.75 1.3 1.75 0.8,basabide,0.0,3260.0
887,path,BATAK PALAWAN,dalan,d a l a n,1 7 5 7 4,AXBYN,TALAN,11.0,11.T.C 11.A.V 11.L.C 11.A.V 11.N.c,2.0 1.5 1.75 1.3 0.8,dalan,0.0,3264.0
979,path,BILAAN KORONADAL,dalon,d a l o n,1 7 5 7 4,AXBYN,TALUN,12.0,12.T.C 12.A.V 12.L.C 12.U.V 12.N.c,2.0 1.5 1.75 1.3 0.8,dalon,0.0,3264.0
1071,path,BILAAN SARANGANI,dalan,d a l a n,1 7 5 7 4,AXBYN,TALAN,13.0,13.T.C 13.A.V 13.L.C 13.A.V 13.N.c,2.0 1.5 1.75 1.3 0.8,dalan,0.0,3264.0
1255,path,BONTOC GUINAANG,dalan,d a l a n,1 7 5 7 4,AXBYN,TALAN,16.0,16.T.C 16.A.V 16.L.C 16.A.V 16.N.c,2.0 1.5 1.75 1.3 0.8,dalan,0.0,3264.0
1347,path,BUHI,dagan,d a g a n,1 7 1 7 4,AXBYN,TAKAN,17.0,17.T.C 17.A.V 17.K.C 17.A.V 17.N.c,2.0 1.5 1.75 1.3 0.8,dagan,0.0,3264.0
1439,path,BUKIDNON BINUKID,dalan,d a l a n,1 7 5 7 4,AXBYN,TALAN,18.0,18.T.C 18.A.V 18.L.C 18.A.V 18.N.c,2.0 1.5 1.75 1.3 0.8,dalan,0.0,3264.0
1531,path,BUTUANON,dan,d a n,1 7 4,AXN,TAN,19.0,19.T.C 19.A.V 19.N.c,2.0 1.5 0.8,dan,0.0,3264.0
1623,path,CAIJIA,ho,h o,3 7,AX,HU,20.0,20.H.C 20.U.V,2.0 1.5,ho,0.0,3269.0
1715,path,CEBUANO,dalan,d a l a n,1 7 5 7 4,AXBYN,TALAN,22.0,22.T.C 22.A.V 22.L.C 22.A.V 22.N.c,2.0 1.5 1.75 1.3 0.8,dalan,0.0,3264.0
1899,path,CUYONON,dalan,d a l a n,1 7 5 7 4,AXBYN,TALAN,24.0,24.T.C 24.A.V 24.L.C 24.A.V 24.N.c,2.0 1.5 1.75 1.3 0.8,dalan,0.0,3264.0
1991,path,DARAGA,dalan,d a l a n,1 7 5 7 4,AXBYN,TALAN,25.0,25.T.C 25.A.V 25.L.C 25.A.V 25.N.c,2.0 1.5 1.75 1.3 0.8,dalan,0.0,3264.0
2083,path,DUMAGAT CASIGURAN,dilan,d i l a n,1 7 5 7 4,AXBYN,TILAN,26.0,26.T.C 26.I.V 26.L.C 26.A.V 26.N.c,2.0 1.5 1.75 1.3 0.8,dilan,0.0,3264.0
2175,path,DUPANINGAN AGTA,dilan,d i l a n,1 7 5 7 4,AXBYN,TILAN,27.0,27.T.C 27.I.V 27.L.C 27.A.V 27.N.c,2.0 1.5 1.75 1.3 0.8,dilan,0.0,3264.0
2267,path,ENGLISH,pE8,p,1,A,P,28.0,28.P.C,2.0,p,0.0,3276.0
2359,path,ESKAYAN,rakilan,r a k i l a n,5 7 1 7 5 7 4,AXBYBYN,RAKILAN,29.0,29.R.C 29.A.V 29.K.C 29.I.V 29.L.C 29.A.V 29.N.c,2.0 1.5 1.75 1.3 1.75 1.3 0.8,rakilan,0.0,3256.0
2451,path,ESTONIAN,te,t e,1 7,AX,TE,30.0,30.T.C 30.E.V,2.0 1.5,te,0.0,3264.0
2543,path,FINNISH,tie,t i e,1 7 7,AXZ,TIE,32.0,32.T.C 32.I.V 32.E.V,2.0 1.5 0.8,tie,0.0,3264.0
2635,path,FUZHOU CHINESE,lou,l o u,5 7 7,AXZ,LUY,33.0,33.L.C 33.U.V 33.Y.V,2.0 1.5 0.8,lou,0.0,3281.0
2727,path,GADDANG,dallan,d a ll a n,1 7 5 7 4,AXBYN,TALAN,34.0,34.T.C 34.A.V 34.L.C 34.A.V 34.N.c,2.0 1.5 1.75 1.3 0.8,dallan,0.0,3264.0
2819,path,HANUNOO,dalan,d a l a n,1 7 5 7 4,AXBYN,TALAN,35.0,35.T.C 35.A.V 35.L.C 35.A.V 35.N.c,2.0 1.5 1.75 1.3 0.8,dalan,0.0,3264.0
2911,path,HIGAONON BINUKID,dalan,d a l a n,1 7 5 7 4,AXBYN,TALAN,36.0,36.T.C 36.A.V 36.L.C 36.A.V 36.N.c,2.0 1.5 1.75 1.3 0.8,dalan,0.0,3264.0
3003,path,HUNGARIAN,it,i t,7 1,XN,IT,38.0,38.I.V 38.T.c,1.5 0.8,it,0.0,3286.0
3095,path,IBANAG,dalan,d a l a n,1 7 5 7 4,AXBYN,TALAN,39.0,39.T.C 39.A.V 39.L.C 39.A.V 39.N.c,2.0 1.5 1.75 1.3 0.8,dalan,0.0,3264.0
3187,path,IDAAN,dalan,d a l a n,1 7 5 7 4,AXBYN,TALAN,40.0,40.T.C 40.A.V 40.L.C 40.A.V 40.N.c,2.0 1.5 1.75 1.3 0.8,dalan,0.0,3264.0
3279,path,IFUGAO AMGANAD,awon,a w o n,7 6 7 4,XBYN,AWUN,41.0,41.A.V 41.W.C 41.U.V 41.N.c,1.5 1.75 1.3 0.8,awon,0.0,3289.0
3371,path,IFUGAO BATAD,wanti,w a n t i,6 7 4 1 7,AXMBZ,WANTI,42.0,42.W.C 42.A.V 42.N.c 42.T.C 42.I.V,2.0 1.5 1.1 1.75 0.8,wanti,0.0,3290.0
3463,path,IFUGAO BAYNINAN,awon,a w o n,7 6 7 4,XBYN,AWUN,43.0,43.A.V 43.W.C 43.U.V 43.N.c,1.5 1.75 1.3 0.8,awon,0.0,3289.0
3555,path,ILOKANO,dalan,d a l a n,1 7 5 7 4,AXBYN,TALAN,44.0,44.T.C 44.A.V 44.L.C 44.A.V 44.N.c,2.0 1.5 1.75 1.3 0.8,dalan,0.0,3264.0
3647,path,ILONGOT KAKIDUGEN,bənuwa,b ə n u w a,1 7 4 7 6 7,AXBYBZ,PENYWA,45.0,45.P.C 45.E.V 45.N.C 45.Y.V 45.W.C 45.A.V,2.0 1.5 1.75 1.3 1.75 0.8,bənuwa,0.0,3293.0
3739,path,INIBALOI,calan,c a l a n,1 7 5 7 4,AXBYN,CALAN,48.0,48.C.C 48.A.V 48.L.C 48.A.V 48.N.c,2.0 1.5 1.75 1.3 0.8,calan,0.0,3264.0
3831,path,IRANUN,lalan,l a l a n,5 7 5 7 4,AXBYN,LALAN,49.0,49.L.C 49.A.V 49.L.C 49.A.V 49.N.c,2.0 1.5 1.75 1.3 0.8,lalan,0.0,3264.0
3923,path,IRIGA,dalan,d a l a n,1 7 5 7 4,AXBYN,TALAN,50.0,50.T.C 50.A.V 50.L.C 50.A.V 50.N.c,2.0 1.5 1.75 1.3 0.8,dalan,0.0,3264.0
4015,path,ISNAG,dalen,d a l e n,1 7 5 7 4,AXBYN,TALEN,51.0,51.T.C 51.A.V 51.L.C 51.E.V 51.N.c,2.0 1.5 1.75 1.3 0.8,dalen,0.0,3264.0
4107,path,ITAWIT,dElEn,d l n,1 5 4,AXN,TLN,52.0,52.T.C 52.L.V 52.N.c,2.0 1.5 0.8,dln,0.0,3264.0
4199,path,ITNEG BINONGAN,dadan,d a d a n,1 7 1 7 4,AXBYN,TATAN,53.0,53.T.C 53.A.V 53.T.C 53.A.V 53.N.c,2.0 1.5 1.75 1.3 0.8,dadan,0.0,3264.0
4291,path,JAPANESE,komiCi,k o m i i,1 7 4 7 7,AXBYZ,KUMII,54.0,54.K.C 54.U.V 54.M.C 54.I.V 54.I.V,2.0 1.5 1.75 1.3 0.8,komii,0.0,3302.0
4383,path,KADAZAN,lahan,l a h a n,5 7 3 7 4,AXBYN,LAHAN,55.0,55.L.C 55.A.V 55.H.C 55.A.V 55.N.c,2.0 1.5 1.75 1.3 0.8,lahan,0.0,3264.0
4475,path,KAGAYANEN,dalan,d a l a n,1 7 5 7 4,AXBYN,TALAN,56.0,56.T.C 56.A.V 56.L.C 56.A.V 56.N.c,2.0 1.5 1.75 1.3 0.8,dalan,0.0,3264.0
4567,path,KALAGAN,dalan,d a l a n,1 7 5 7 4,AXBYN,TALAN,57.0,57.T.C 57.A.V 57.L.C 57.A.V 57.N.c,2.0 1.5 1.75 1.3 0.8,dalan,0.0,3264.0
4659,path,KALINGA GUINAANG,dalan,d a l a n,1 7 5 7 4,AXBYN,TALAN,59.0,59.T.C 59.A.V 59.L.C 59.A.V 59.N.c,2.0 1.5 1.75 1.3 0.8,dalan,0.0,3264.0
4751,path,KALINGA LIMOS,dalan,d a l a n,1 7 5 7 4,AXBYN,TALAN,60.0,60.T.C 60.A.V 60.L.C 60.A.V 60.N.c,2.0 1.5 1.75 1.3 0.8,dalan,0.0,3264.0
4843,path,KALLAHAN KAYAPA PROPER,dalan,d a l a n,1 7 5 7 4,AXBYN,TALAN,61.0,61.T.C 61.A.V 61.L.C 61.A.V 61.N.c,2.0 1.5 1.75 1.3 0.8,dalan,0.0,3264.0
4935,path,KANKANAY NORTHERN,daʔan,d a ʔ a n,1 7 1 7 4,AXBYN,TAHAN,63.0,63.T.C 63.A.V 63.H.C 63.A.V 63.N.c,2.0 1.5 1.75 1.3 0.8,daʔan,0.0,3264.0
5027,path,KAPAMPANGAN,dalan,d a l a n,1 7 5 7 4,AXBYN,TALAN,64.0,64.T.C 64.A.V 64.L.C 64.A.V 64.N.c,2.0 1.5 1.75 1.3 0.8,dalan,0.0,3264.0
5211,path,KOREAN,kil,k i l,1 7 5,AXN,KIL,66.0,66.K.C 66.I.V 66.L.c,2.0 1.5 0.8,kil,0.0,3312.0
5303,path,LEGAZPI,dalan,d a l a n,1 7 5 7 4,AXBYN,TALAN,67.0,67.T.C 67.A.V 67.L.C 67.A.V 67.N.c,2.0 1.5 1.75 1.3 0.8,dalan,0.0,3264.0
5395,path,LIBON,dalan,d a l a n,1 7 5 7 4,AXBYN,TALAN,68.0,68.T.C 68.A.V 68.L.C 68.A.V 68.N.c,2.0 1.5 1.75 1.3 0.8,dalan,0.0,3264.0
5487,path,LIVE,rekriek,r e k r i e k,5 7 1 5 7 7 1,AXBCYYN,REKRIEK,69.0,69.R.C 69.E.V 69.K.C 69.R.C 69.I.V 69.E.V 69.K.c,2.0 1.5 1.75 1.5 1.3 1.3 0.8,rekriek,0.0,3315.0
5579,path,MAMANWA,dalan,d a l a n,1 7 5 7 4,AXBYN,TALAN,70.0,70.T.C 70.A.V 70.L.C 70.A.V 70.N.c,2.0 1.5 1.75 1.3 0.8,dalan,0.0,3264.0
5671,path,MANIDE,kanog,k a n o g,1 7 4 7 1,AXBYN,KANUK,73.0,73.K.C 73.A.V 73.N.C 73.U.V 73.K.c,2.0 1.5 1.75 1.3 0.8,kanog,0.0,3317.0
5763,path,MANOBO ATA,dalan,d a l a n,1 7 5 7 4,AXBYN,TALAN,74.0,74.T.C 74.A.V 74.L.C 74.A.V 74.N.c,2.0 1.5 1.75 1.3 0.8,dalan,0.0,3264.0
5855,path,MANOBO DIBABAWON,daan,d aa n,1 7 4,AXN,TAN,75.0,75.T.C 75.A.V 75.N.c,2.0 1.5 0.8,daan,0.0,3264.0
5947,path,MANOBO ILIANEN,dalan,d a l a n,1 7 5 7 4,AXBYN,TALAN,76.0,76.T.C 76.A.V 76.L.C 76.A.V 76.N.c,2.0 1.5 1.75 1.3 0.8,dalan,0.0,3264.0
6039,path,MANOBO KALAMANSIG COTABATO,dalan,d a l a n,1 7 5 7 4,AXBYN,TALAN,77.0,77.T.C 77.A.V 77.L.C 77.A.V 77.N.c,2.0 1.5 1.75 1.3 0.8,dalan,0.0,3264.0
6131,path,MANOBO SARANGANI,dalan,d a l a n,1 7 5 7 4,AXBYN,TALAN,78.0,78.T.C 78.A.V 78.L.C 78.A.V 78.N.c,2.0 1.5 1.75 1.3 0.8,dalan,0.0,3264.0
6223,path,MANOBO TIGWA,dalan,d a l a n,1 7 5 7 4,AXBYN,TALAN,79.0,79.T.C 79.A.V 79.L.C 79.A.V 79.N.c,2.0 1.5 1.75 1.3 0.8,dalan,0.0,3264.0
6315,path,MANOBO WESTERN BUKIDNON,dalan,d a l a n,1 7 5 7 4,AXBYN,TALAN,80.0,80.T.C 80.A.V 80.L.C 80.A.V 80.N.c,2.0 1.5 1.75 1.3 0.8,dalan,0.0,3264.0
6407,path,MANSAKA,daran,d a r a n,1 7 5 7 4,AXBYN,TARAN,81.0,81.T.C 81.A.V 81.R.C 81.A.V 81.N.c,2.0 1.5 1.75 1.3 0.8,daran,0.0,3264.0
6499,path,MAPUN,lan,l a n,5 7 4,AXN,LAN,82.0,82.L.C 82.A.V 82.N.c,2.0 1.5 0.8,lan,0.0,3264.0
6591,path,MARANAO,lalan,l a l a n,5 7 5 7 4,AXBYN,LALAN,83.0,83.L.C 83.A.V 83.L.C 83.A.V 83.N.c,2.0 1.5 1.75 1.3 0.8,lalan,0.0,3264.0
6683,path,MASBATENYO,dalan,d a l a n,1 7 5 7 4,AXBYN,TALAN,84.0,84.T.C 84.A.V 84.L.C 84.A.V 84.N.c,2.0 1.5 1.75 1.3 0.8,dalan,0.0,3264.0
6775,path,MINANGALI LOWER TANUDAN KALINGA,ka8sa,k a s a,1 7 3 7,AXBZ,KASA,85.0,85.K.C 85.A.V 85.S.C 85.A.V,2.0 1.5 1.75 0.8,kasa,0.0,3329.0
6867,path,MOKSHA,jan,j a n,6 7 4,AXN,JAN,86.0,86.J.C 86.A.V 86.N.c,2.0 1.5 0.8,jan,0.0,3270.0
6959,path,MOLBOG,dalan,d a l a n,1 7 5 7 4,AXBYN,TALAN,87.0,87.T.C 87.A.V 87.L.C 87.A.V 87.N.c,2.0 1.5 1.75 1.3 0.8,dalan,0.0,3264.0
7051,path,MONGOLIAN,cam,c a m,1 7 4,AXN,CAM,88.0,88.C.C 88.A.V 88.M.c,2.0 1.5 0.8,cam,0.0,3302.0
7143,path,MORO MAGINDANAU,lalan,l a l a n,5 7 5 7 4,AXBYN,LALAN,89.0,89.L.C 89.A.V 89.L.C 89.A.V 89.N.c,2.0 1.5 1.75 1.3 0.8,lalan,0.0,3264.0
7235,path,NORTHERN CATANDUANES,daran,d a r a n,1 7 5 7 4,AXBYN,TARAN,90.0,90.T.C 90.A.V 90.R.C 90.A.V 90.N.c,2.0 1.5 1.75 1.3 0.8,daran,0.0,3264.0
7327,path,NORTHERN SORSOGON,dalan,d a l a n,1 7 5 7 4,AXBYN,TALAN,91.0,91.T.C 91.A.V 91.L.C 91.A.V 91.N.c,2.0 1.5 1.75 1.3 0.8,dalan,0.0,3264.0
7419,path,OAS,raran,r a r a n,5 7 5 7 4,AXBYN,RARAN,92.0,92.R.C 92.A.V 92.R.C 92.A.V 92.N.c,2.0 1.5 1.75 1.3 0.8,raran,0.0,3264.0
7511,path,PALAWANO BATAK,dalan,d a l a n,1 7 5 7 4,AXBYN,TALAN,93.0,93.T.C 93.A.V 93.L.C 93.A.V 93.N.c,2.0 1.5 1.75 1.3 0.8,dalan,0.0,3264.0
7787,path,PROTO PALAWAN,dalan,d a l a n,1 7 5 7 4,AXBYN,TALAN,96.0,96.T.C 96.A.V 96.L.C 96.A.V 96.N.c,2.0 1.5 1.75 1.3 0.8,dalan,0.0,3264.0
7879,path,QUEZON PALAWAN,dalan,d a l a n,1 7 5 7 4,AXBYN,TALAN,97.0,97.T.C 97.A.V 97.L.C 97.A.V 97.N.c,2.0 1.5 1.75 1.3 0.8,dalan,0.0,3264.0
7971,path,ROMBLOMANON 2,dajan,d a j a n,1 7 6 7 4,AXBYN,TAJAN,98.0,98.T.C 98.A.V 98.J.C 98.A.V 98.N.c,2.0 1.5 1.75 1.3 0.8,dajan,0.0,3264.0
8063,path,SAMAL,laan,l aa n,5 7 4,AXN,LAN,99.0,99.L.C 99.A.V 99.N.c,2.0 1.5 0.8,laan,0.0,3264.0
8155,path,SAMBAL BOTOLAN,daan,d aa n,1 7 4,AXN,TAN,100.0,100.T.C 100.A.V 100.N.c,2.0 1.5 0.8,daan,0.0,3264.0
8247,path,SANGIL SARANGANI ISLANDS,daleŋ,d a l e ŋ,1 7 5 7 4,AXBYN,TALEN,101.0,101.T.C 101.A.V 101.L.C 101.E.V 101.N.c,2.0 1.5 1.75 1.3 0.8,daleŋ,0.0,3264.0
8339,path,SEDANG,troaŋ,t r o a ŋ,1 5 7 7 4,ACXYN,TRUAN,102.0,102.T.C 102.R.C 102.U.V 102.A.V 102.N.c,2.0 1.5 1.5 1.3 0.8,troaŋ,0.0,3264.0
8431,path,SIBUTU SOUTHERN SAMA,lan,l a n,5 7 4,AXN,LAN,103.0,103.L.C 103.A.V 103.N.c,2.0 1.5 0.8,lan,0.0,3264.0
8523,path,SOGODNIN BORACAY,dalan,d a l a n,1 7 5 7 4,AXBYN,TALAN,105.0,105.T.C 105.A.V 105.L.C 105.A.V 105.N.c,2.0 1.5 1.75 1.3 0.8,dalan,0.0,3264.0
8615,path,SOUTH SAAMI,balka,b a l k a,1 7 5 1 7,AXMBZ,PALKA,106.0,106.P.C 106.A.V 106.L.c 106.K.C 106.A.V,2.0 1.5 1.1 1.75 0.8,balka,0.0,3346.0
8707,path,SOUTHERN CATANDUANES,dalan,d a l a n,1 7 5 7 4,AXBYN,TALAN,107.0,107.T.C 107.A.V 107.L.C 107.A.V 107.N.c,2.0 1.5 1.75 1.3 0.8,dalan,0.0,3264.0
8799,path,SOUTHERN SORSOGON,dalan,d a l a n,1 7 5 7 4,AXBYN,TALAN,109.0,109.T.C 109.A.V 109.L.C 109.A.V 109.N.c,2.0 1.5 1.75 1.3 0.8,dalan,0.0,3264.0
8891,path,SOUTHWEST PALAWANO,dalan,d a l a n,1 7 5 7 4,AXBYN,TALAN,110.0,110.T.C 110.A.V 110.L.C 110.A.V 110.N.c,2.0 1.5 1.75 1.3 0.8,dalan,0.0,3264.0
8983,path,SPANISH,senda,s e n d a,3 7 4 1 7,AXMBZ,SENTA,111.0,111.S.C 111.E.V 111.N.c 111.T.C 111.A.V,2.0 1.5 1.1 1.75 0.8,senda,0.0,3290.0
9075,path,SUBANON SIOCON,dalan,d a l a n,1 7 5 7 4,AXBYN,TALAN,112.0,112.T.C 112.A.V 112.L.C 112.A.V 112.N.c,2.0 1.5 1.75 1.3 0.8,dalan,0.0,3264.0
9167,path,SUBANUN SINDANGAN,dalan,d a l a n,1 7 5 7 4,AXBYN,TALAN,113.0,113.T.C 113.A.V 113.L.C 113.A.V 113.N.c,2.0 1.5 1.75 1.3 0.8,dalan,0.0,3264.0
9259,path,SURIGAONON,dajan,d a j a n,1 7 6 7 4,AXBYN,TAJAN,114.0,114.T.C 114.A.V 114.J.C 114.A.V 114.N.c,2.0 1.5 1.75 1.3 0.8,dajan,0.0,3264.0
9351,path,TAGABAWA,dalan,d a l a n,1 7 5 7 4,AXBYN,TALAN,115.0,115.T.C 115.A.V 115.L.C 115.A.V 115.N.c,2.0 1.5 1.75 1.3 0.8,dalan,0.0,3264.0
9443,path,TAGABILI,lan,l a n,5 7 4,AXN,LAN,116.0,116.L.C 116.A.V 116.N.c,2.0 1.5 0.8,lan,0.0,3264.0
9535,path,TAGALOG,dan,d a n,1 7 4,AXN,TAN,117.0,117.T.C 117.A.V 117.N.c,2.0 1.5 0.8,dan,0.0,3264.0
9627,path,TAGBANWA ABORLAN,dalan,d a l a n,1 7 5 7 4,AXBYN,TALAN,118.0,118.T.C 118.A.V 118.L.C 118.A.V 118.N.c,2.0 1.5 1.75 1.3 0.8,dalan,0.0,3264.0
9719,path,TAGBANWA KALAMIAN,dalan,d a l a n,1 7 5 7 4,AXBYN,TALAN,119.0,119.T.C 119.A.V 119.L.C 119.A.V 119.N.c,2.0 1.5 1.75 1.3 0.8,dalan,0.0,3264.0
9811,path,TAUSUG,daan,d aa n,1 7 4,AXN,TAN,120.0,120.T.C 120.A.V 120.N.c,2.0 1.5 0.8,daan,0.0,3264.0
9903,path,TIMUGON MURUT,dalan,d a l a n,1 7 5 7 4,AXBYN,TALAN,121.0,121.T.C 121.A.V 121.L.C 121.A.V 121.N.c,2.0 1.5 1.75 1.3 0.8,dalan,0.0,3264.0
9995,path,TIRURAY,aguwon,a g u w o n,7 1 7 6 7 4,XBYBYN,AKYWUN,122.0,122.A.V 122.K.C 122.Y.V 122.W.C 122.U.V 122.N.c,1.5 1.75 1.3 1.75 1.3 0.8,aguwon,0.0,3289.0
10087,path,TURKISH,keCi jolu,k e i # j o l u,1 7 7 9 6 7 5 7,AXZ_AXBZ,KEI_JULY,123.0,123.K.C 123.E.V 123.I.V 123._._ 123.J.C 123.U.V 123.L.C 123.Y.V,2.0 1.5 0.8 0.0 2.0 1.5 1.75 0.8,kei#jolu,0.0,3365.0
10179,path,UGARITIC,ntb,n t b,4 1 1,ALN,NTP,124.0,124.N.C 124.T.c 124.P.c,2.0 1.1 0.8,ntb,0.0,3366.0
10271,path,UMIRAY DUMAGET AGTA,bektas,b e k t a s,1 7 1 1 7 3,AXMBYN,PEKTAS,125.0,125.P.C 125.E.V 125.K.c 125.T.C 125.A.V 125.S.c,2.0 1.5 1.1 1.75 1.3 0.8,bektas,0.0,3346.0
10363,path,WARAY WARAY,dalan,d a l a n,1 7 5 7 4,AXBYN,TALAN,126.0,126.T.C 126.A.V 126.L.C 126.A.V 126.N.c,2.0 1.5 1.75 1.3 0.8,dalan,0.0,3264.0
10455,path,YAKAN,lalan,l a l a n,5 7 5 7 4,AXBYN,LALAN,127.0,127.L.C 127.A.V 127.L.C 127.A.V 127.N.c,2.0 1.5 1.75 1.3 0.8,lalan,0.0,3264.0
10547,path,YOGAD,daddaman,d a dd a m a n,1 7 1 7 4 7 4,AXBYBYN,TATAMAN,128.0,128.T.C 128.A.V 128.T.C 128.A.V 128.M.C 128.A.V 128.N.c,2.0 1.5 1.75 1.3 1.75 1.3 0.8,daddaman,0.0,3264.0
10639,path,ZAMBOANGUENO,se*dero,s e d e r o,3 7 1 7 5 7,AXBYBZ,SETERU,129.0,129.S.C 129.E.V 129.T.C 129.E.V 129.R.C 129.U.V,2.0 1.5 1.75 1.3 1.75 0.8,sedero,0.0,3371.0
10731,path,IMOROD,rarahan,r a r a h a n,5 7 5 7 3 7 4,AXBYBYN,RARAHAN,46.0,46.R.C 46.A.V 46.R.C 46.A.V 46.H.C 46.A.V 46.N.c,2.0 1.5 1.75 1.3 1.75 1.3 0.8,rarahan,0.0,3256.0
10823,path,BABUYAN,rarahan,r a r a h a n,5 7 5 7 3 7 4,AXBYBYN,RARAHAN,5.0,5.R.C 5.A.V 5.R.C 5.A.V 5.H.C 5.A.V 5.N.c,2.0 1.5 1.75 1.3 1.75 1.3 0.8,rarahan,0.0,3256.0
10915,path,BISAYA SABAH,teŋaio,t e ŋ a i o,1 7 4 7 7 7,AXBYYZ,TENAIU,14.0,14.T.C 14.E.V 14.N.C 14.A.V 14.I.V 14.U.V,2.0 1.5 1.75 1.3 1.3 0.8,teŋaio,0.0,3264.0
11007,path,CAPIZNON,alagjan,a l a g j a n,7 5 7 1 6 7 4,XBYBCYN,ALAKJAN,21.0,21.A.V 21.L.C 21.A.V 21.K.C 21.J.C 21.A.V 21.N.c,1.5 1.75 1.3 1.75 1.5 1.3 0.8,alagjan,0.0,3270.0
11099,path,FINALLIG,Caran,a r a n,7 5 7 4,XBYN,ARAN,31.0,31.A.V 31.R.C 31.A.V 31.N.c,1.5 1.75 1.3 0.8,aran,0.0,3264.0
11191,path,HILIGAYNON,dalan,d a l a n,1 7 5 7 4,AXBYN,TALAN,37.0,37.T.C 37.A.V 37.L.C 37.A.V 37.N.c,2.0 1.5 1.75 1.3 0.8,dalan,0.0,3264.0
11283,path,INABAKNON,lalan,l a l a n,5 7 5 7 4,AXBYN,LALAN,47.0,47.L.C 47.A.V 47.L.C 47.A.V 47.N.c,2.0 1.5 1.75 1.3 0.8,lalan,0.0,3264.0
11467,path,KANKANAEY,danan,d a n a n,1 7 4 7 4,AXBYN,TANAN,62.0,62.T.C 62.A.V 62.N.C 62.A.V 62.N.c,2.0 1.5 1.75 1.3 0.8,danan,0.0,3264.0
11743,path,SINAUNA,bakas,b a k a s,1 7 1 7 3,AXBYN,PAKAS,104.0,104.P.C 104.A.V 104.K.C 104.A.V 104.S.c,2.0 1.5 1.75 1.3 0.8,bakas,0.0,3346.0
11835,path,SOUTHERN KALINGA,Caran,a r a n,7 5 7 4,XBYN,ARAN,108.0,108.A.V 108.R.C 108.A.V 108.N.c,1.5 1.75 1.3 0.8,aran,0.0,3264.0
60,person,AGTA,toloj,t o l o j,1 7 5 7 6,AXBYN,TULUJ,1.0,1.T.C 1.U.V 1.L.C 1.U.V 1.J.c,2.0 1.5 1.75 1.3 0.8,toloj,0.0,3372.0
152,person,AKLANON,tawuh,t a w u h,1 7 6 7 3,AXBYN,TAWYH,2.0,2.T.C 2.A.V 2.W.C 2.Y.V 2.H.c,2.0 1.5 1.75 1.3 0.8,tawuh,0.0,3378.0
244,person,ARTA,agani,a g a n i,7 1 7 4 7,XBYBZ,AKANI,3.0,3.A.V 3.K.C 3.A.V 3.N.C 3.I.V,1.5 1.75 1.3 1.75 0.8,agani,0.0,3374.0
336,person,ATTA PAMPLONA,tolaj,t o l a j,1 7 5 7 6,AXBYN,TULAJ,4.0,4.T.C 4.U.V 4.L.C 4.A.V 4.J.c,2.0 1.5 1.75 1.3 0.8,tolaj,0.0,3372.0
428,person,BAJAU WEST COAST,dʒomo,dʒ o m o,1 7 4 7,AXBZ,TUMU,6.0,6.T.C 6.U.V 6.M.C 6.U.V,2.0 1.5 1.75 0.8,dʒomo,0.0,3377.0
520,person,BALANGAW,tatagu,t a t a g u,1 7 1 7 1 7,AXBYBZ,TATAKY,7.0,7.T.C 7.A.V 7.T.C 7.A.V 7.K.C 7.Y.V,2.0 1.5 1.75 1.3 1.75 0.8,tatagu,0.0,3378.0
612,person,BALANGINGI SAMA,aʔa,a ʔ a,7 1 7,XBZ,AHA,8.0,8.A.V 8.H.C 8.A.V,1.5 1.75 0.8,aʔa,0.0,3425.0
704,person,BANTON BANTOANON,tawo,t a w o,1 7 6 7,AXBZ,TAWU,9.0,9.T.C 9.A.V 9.W.C 9.U.V,2.0 1.5 1.75 0.8,tawo,0.0,3378.0
796,person,BASQUE,gizaki,g i z a k i,1 7 3 7 1 7,AXBYBZ,KISAKI,10.0,10.K.C 10.I.V 10.S.C 10.A.V 10.K.C 10.I.V,2.0 1.5 1.75 1.3 1.75 0.8,gizaki,0.0,3381.0
888,person,BATAK PALAWAN,taw,t a w,1 7 6,AXN,TAW,11.0,11.T.C 11.A.V 11.W.c,2.0 1.5 0.8,taw,0.0,3378.0
980,person,BILAAN KORONADAL,to,t o,1 7,AX,TU,12.0,12.T.C 12.U.V,2.0 1.5,to,0.0,3378.0
1072,person,BILAAN SARANGANI,to,t o,1 7,AX,TU,13.0,13.T.C 13.U.V,2.0 1.5,to,0.0,3378.0
1164,person,BONGGI,lama,l a m a,5 7 4 7,AXBZ,LAMA,15.0,15.L.C 15.A.V 15.M.C 15.A.V,2.0 1.5 1.75 0.8,lama,0.0,3377.0
1256,person,BONTOC GUINAANG,ipogaw,i p o g a w,7 1 7 1 7 6,XBYBYN,IPUKAW,16.0,16.I.V 16.P.C 16.U.V 16.K.C 16.A.V 16.W.c,1.5 1.75 1.3 1.75 1.3 0.8,ipogaw,0.0,3386.0
1348,person,BUHI,taʔu,t a ʔ u,1 7 1 7,AXBZ,TAHY,17.0,17.T.C 17.A.V 17.H.C 17.Y.V,2.0 1.5 1.75 0.8,taʔu,0.0,3425.0
1440,person,BUKIDNON BINUKID,ətaw,ə t a w,7 1 7 6,XBYN,ETAW,18.0,18.E.V 18.T.C 18.A.V 18.W.c,1.5 1.75 1.3 0.8,ətaw,0.0,3378.0
1532,person,BUTUANON,tao,t a o,1 7 7,AXZ,TAU,19.0,19.T.C 19.A.V 19.U.V,2.0 1.5 0.8,tao,0.0,3378.0
1624,person,CAIJIA,xuotʃuo,x u o tʃ u o,3 7 7 1 7 7,AXYBYZ,GYUTYU,20.0,20.G.C 20.Y.V 20.U.V 20.T.C 20.Y.V 20.U.V,2.0 1.5 1.3 1.75 1.3 0.8,xuotʃuo,0.0,3390.0
1716,person,CEBUANO,tawu,t a w u,1 7 6 7,AXBZ,TAWY,22.0,22.T.C 22.A.V 22.W.C 22.Y.V,2.0 1.5 1.75 0.8,tawu,0.0,3378.0
1808,person,CENTRAL TAGBANWA,katawan,k a t a w a n,1 7 1 7 6 7 4,AXBYBYN,KATAWAN,23.0,23.K.C 23.A.V 23.T.C 23.A.V 23.W.C 23.A.V 23.N.c,2.0 1.5 1.75 1.3 1.75 1.3 0.8,katawan,0.0,3378.0
1900,person,CUYONON,tauʔ,t a u ʔ,1 7 7 1,AXYN,TAYH,24.0,24.T.C 24.A.V 24.Y.V 24.H.c,2.0 1.5 1.3 0.8,tauʔ,0.0,3378.0
1992,person,DARAGA,tawu,t a w u,1 7 6 7,AXBZ,TAWY,25.0,25.T.C 25.A.V 25.W.C 25.Y.V,2.0 1.5 1.75 0.8,tawu,0.0,3378.0
2084,person,DUMAGAT CASIGURAN,tolaj,t o l a j,1 7 5 7 6,AXBYN,TULAJ,26.0,26.T.C 26.U.V 26.L.C 26.A.V 26.J.c,2.0 1.5 1.75 1.3 0.8,tolaj,0.0,3372.0
2176,person,DUPANINGAN AGTA,agtaʔ,a g t a ʔ,7 1 1 7 1,XMBYN,AKTAH,27.0,27.A.V 27.K.c 27.T.C 27.A.V 27.H.c,1.5 1.1 1.75 1.3 0.8,agtaʔ,0.0,3397.0
2268,person,ENGLISH,prsən,p rs ə n,1 5 7 4,ACXN,PREN,28.0,28.P.C 28.R.C 28.E.V 28.N.c,2.0 1.5 1.5 0.8,prsən,0.0,3398.0
2360,person,ESKAYAN,bolto,b o l t o,1 7 5 1 7,AXMBZ,PULTU,29.0,29.P.C 29.U.V 29.L.c 29.T.C 29.U.V,2.0 1.5 1.1 1.75 0.8,bolto,0.0,3399.0
2452,person,ESTONIAN,inimene,i n i m e n e,7 4 7 4 7 4 7,XBYBYBZ,INIMENE,30.0,30.I.V 30.N.C 30.I.V 30.M.C 30.E.V 30.N.C 30.E.V,1.5 1.75 1.3 1.75 1.3 1.75 0.8,inimene,0.0,3400.0
2544,person,FINNISH,ihminen,i h m i n e n,7 3 4 7 4 7 4,XBCYBYN,IHMINEN,32.0,32.I.V 32.H.C 32.M.C 32.I.V 32.N.C 32.E.V 32.N.c,1.5 1.75 1.5 1.3 1.75 1.3 0.8,ihminen,0.0,3400.0
2636,person,FUZHOU CHINESE,neiŋ,n e i ŋ,4 7 7 4,AXYN,NEIN,33.0,33.N.C 33.E.V 33.I.V 33.N.c,2.0 1.5 1.3 0.8,neiŋ,1.0,3403.0
2728,person,GADDANG,tolaj,t o l a j,1 7 5 7 6,AXBYN,TULAJ,34.0,34.T.C 34.U.V 34.L.C 34.A.V 34.J.c,2.0 1.5 1.75 1.3 0.8,tolaj,0.0,3372.0
2820,person,HANUNOO,tawu,t a w u,1 7 6 7,AXBZ,TAWY,35.0,35.T.C 35.A.V 35.W.C 35.Y.V,2.0 1.5 1.75 0.8,tawu,0.0,3378.0
2912,person,HIGAONON BINUKID,ətaw,ə t a w,7 1 7 6,XBYN,ETAW,36.0,36.E.V 36.T.C 36.A.V 36.W.c,1.5 1.75 1.3 0.8,ətaw,0.0,3378.0
3004,person,HUNGARIAN,ember,e m b e r,7 4 1 7 5,XMBYN,EMPER,38.0,38.E.V 38.M.c 38.P.C 38.E.V 38.R.c,1.5 1.1 1.75 1.3 0.8,ember,0.0,3408.0
3096,person,IBANAG,tolaj,t o l a j,1 7 5 7 6,AXBYN,TULAJ,39.0,39.T.C 39.U.V 39.L.C 39.A.V 39.J.c,2.0 1.5 1.75 1.3 0.8,tolaj,0.0,3372.0
3188,person,IDAAN,ulun,u l u n,7 5 7 4,XBYN,YLYN,40.0,40.Y.V 40.L.C 40.Y.V 40.N.c,1.5 1.75 1.3 0.8,ulun,0.0,3410.0
3280,person,IFUGAO AMGANAD,tagu,t a g u,1 7 1 7,AXBZ,TAKY,41.0,41.T.C 41.A.V 41.K.C 41.Y.V,2.0 1.5 1.75 0.8,tagu,0.0,3378.0
3372,person,IFUGAO BATAD,tagu,t a g u,1 7 1 7,AXBZ,TAKY,42.0,42.T.C 42.A.V 42.K.C 42.Y.V,2.0 1.5 1.75 0.8,tagu,0.0,3378.0
3464,person,IFUGAO BAYNINAN,tagu,t a g u,1 7 1 7,AXBZ,TAKY,43.0,43.T.C 43.A.V 43.K.C 43.Y.V,2.0 1.5 1.75 0.8,tagu,0.0,3378.0
3556,person,ILOKANO,tao,t a o,1 7 7,AXZ,TAU,44.0,44.T.C 44.A.V 44.U.V,2.0 1.5 0.8,tao,0.0,3378.0
3648,person,ILONGOT KAKIDUGEN,tuʔu,t u ʔ u,1 7 1 7,AXBZ,TYHY,45.0,45.T.C 45.Y.V 45.H.C 45.Y.V,2.0 1.5 1.75 0.8,tuʔu,0.0,3425.0
3740,person,INIBALOI,toʔo,t o ʔ o,1 7 1 7,AXBZ,TUHU,48.0,48.T.C 48.U.V 48.H.C 48.U.V,2.0 1.5 1.75 0.8,toʔo,0.0,3425.0
3832,person,IRANUN,tau,t a u,1 7 7,AXZ,TAY,49.0,49.T.C 49.A.V 49.Y.V,2.0 1.5 0.8,tau,0.0,3378.0
3924,person,IRIGA,tawu,t a w u,1 7 6 7,AXBZ,TAWY,50.0,50.T.C 50.A.V 50.W.C 50.Y.V,2.0 1.5 1.75 0.8,tawu,0.0,3378.0
4016,person,ISNAG,tolaj,t o l a j,1 7 5 7 6,AXBYN,TULAJ,51.0,51.T.C 51.U.V 51.L.C 51.A.V 51.J.c,2.0 1.5 1.75 1.3 0.8,tolaj,0.0,3372.0
4108,person,ITAWIT,tolEj,t o l j,1 7 5 6,AXBC,TULJ,52.0,52.T.C 52.U.V 52.L.C 52.J.C,2.0 1.5 1.75 1.5,tolj,0.0,3372.0
4200,person,ITNEG BINONGAN,taʔo,t a ʔ o,1 7 1 7,AXBZ,TAHU,53.0,53.T.C 53.A.V 53.H.C 53.U.V,2.0 1.5 1.75 0.8,taʔo,0.0,3425.0
4292,person,JAPANESE,hito,h i t o,3 7 1 7,AXBZ,HITU,54.0,54.H.C 54.I.V 54.T.C 54.U.V,2.0 1.5 1.75 0.8,hito,1.0,3390.0
4384,person,KADAZAN,tuhun,t u h u n,1 7 3 7 4,AXBYN,TYHYN,55.0,55.T.C 55.Y.V 55.H.C 55.Y.V 55.N.c,2.0 1.5 1.75 1.3 0.8,tuhun,0.0,3425.0
4476,person,KAGAYANEN,itaw,i t a w,7 1 7 6,XBYN,ITAW,56.0,56.I.V 56.T.C 56.A.V 56.W.c,1.5 1.75 1.3 0.8,itaw,0.0,3378.0
4568,person,KALAGAN,utaw,u t a w,7 1 7 6,XBYN,YTAW,57.0,57.Y.V 57.T.C 57.A.V 57.W.c,1.5 1.75 1.3 0.8,utaw,0.0,3378.0
4660,person,KALINGA GUINAANG,tagu,t a g u,1 7 1 7,AXBZ,TAKY,59.0,59.T.C 59.A.V 59.K.C 59.Y.V,2.0 1.5 1.75 0.8,tagu,0.0,3378.0
4752,person,KALINGA LIMOS,tagu,t a g u,1 7 1 7,AXBZ,TAKY,60.0,60.T.C 60.A.V 60.K.C 60.Y.V,2.0 1.5 1.75 0.8,tagu,0.0,3378.0
4844,person,KALLAHAN KAYAPA PROPER,tuʔu,t u ʔ u,1 7 1 7,AXBZ,TYHY,61.0,61.T.C 61.Y.V 61.H.C 61.Y.V,2.0 1.5 1.75 0.8,tuʔu,0.0,3425.0
4936,person,KANKANAY NORTHERN,ipogaw,i p o g a w,7 1 7 1 7 6,XBYBYN,IPUKAW,63.0,63.I.V 63.P.C 63.U.V 63.K.C 63.A.V 63.W.c,1.5 1.75 1.3 1.75 1.3 0.8,ipogaw,0.0,3386.0
5028,person,KAPAMPANGAN,tau,t a u,1 7 7,AXZ,TAY,64.0,64.T.C 64.A.V 64.Y.V,2.0 1.5 0.8,tau,0.0,3378.0
5120,person,KINARAY A,tawo,t a w o,1 7 6 7,AXBZ,TAWU,65.0,65.T.C 65.A.V 65.W.C 65.U.V,2.0 1.5 1.75 0.8,tawo,0.0,3378.0
5212,person,KOREAN,saram,s a r a m,3 7 5 7 4,AXBYN,SARAM,66.0,66.S.C 66.A.V 66.R.C 66.A.V 66.M.c,2.0 1.5 1.75 1.3 0.8,saram,0.0,3436.0
5304,person,LEGAZPI,tawu,t a w u,1 7 6 7,AXBZ,TAWY,67.0,67.T.C 67.A.V 67.W.C 67.Y.V,2.0 1.5 1.75 0.8,tawu,0.0,3378.0
5396,person,LIBON,tawu,t a w u,1 7 6 7,AXBZ,TAWY,68.0,68.T.C 68.A.V 68.W.C 68.Y.V,2.0 1.5 1.75 0.8,tawu,0.0,3378.0
5488,person,LIVE,riStiŋ,r i t i ŋ,5 7 1 7 4,AXBYN,RITIN,69.0,69.R.C 69.I.V 69.T.C 69.I.V 69.N.c,2.0 1.5 1.75 1.3 0.8,ritiŋ,0.0,3439.0
5580,person,MAMANWA,taʔo,t a ʔ o,1 7 1 7,AXBZ,TAHU,70.0,70.T.C 70.A.V 70.H.C 70.U.V,2.0 1.5 1.75 0.8,taʔo,0.0,3425.0
5764,person,MANOBO ATA,otow,o t o w,7 1 7 6,XBYN,UTUW,74.0,74.U.V 74.T.C 74.U.V 74.W.c,1.5 1.75 1.3 0.8,otow,0.0,3378.0
5856,person,MANOBO DIBABAWON,ətəw,ə t ə w,7 1 7 6,XBYN,ETEW,75.0,75.E.V 75.T.C 75.E.V 75.W.c,1.5 1.75 1.3 0.8,ətəw,0.0,3378.0
5948,person,MANOBO ILIANEN,ətəw,ə t ə w,7 1 7 6,XBYN,ETEW,76.0,76.E.V 76.T.C 76.E.V 76.W.c,1.5 1.75 1.3 0.8,ətəw,0.0,3378.0
6040,person,MANOBO KALAMANSIG COTABATO,ətaw,ə t a w,7 1 7 6,XBYN,ETAW,77.0,77.E.V 77.T.C 77.A.V 77.W.c,1.5 1.75 1.3 0.8,ətaw,0.0,3378.0
6132,person,MANOBO SARANGANI,otaw,o t a w,7 1 7 6,XBYN,UTAW,78.0,78.U.V 78.T.C 78.A.V 78.W.c,1.5 1.75 1.3 0.8,otaw,0.0,3378.0
6224,person,MANOBO TIGWA,ətəw,ə t ə w,7 1 7 6,XBYN,ETEW,79.0,79.E.V 79.T.C 79.E.V 79.W.c,1.5 1.75 1.3 0.8,ətəw,0.0,3378.0
6316,person,MANOBO WESTERN BUKIDNON,ətəw,ə t ə w,7 1 7 6,XBYN,ETEW,80.0,80.E.V 80.T.C 80.E.V 80.W.c,1.5 1.75 1.3 0.8,ətəw,0.0,3378.0
6408,person,MANSAKA,utaw,u t a w,7 1 7 6,XBYN,YTAW,81.0,81.Y.V 81.T.C 81.A.V 81.W.c,1.5 1.75 1.3 0.8,utaw,0.0,3378.0
6500,person,MAPUN,dʒama,dʒ a m a,1 7 4 7,AXBZ,TAMA,82.0,82.T.C 82.A.V 82.M.C 82.A.V,2.0 1.5 1.75 0.8,dʒama,0.0,3377.0
6592,person,MARANAO,taw,t a w,1 7 6,AXN,TAW,83.0,83.T.C 83.A.V 83.W.c,2.0 1.5 0.8,taw,0.0,3378.0
6684,person,MASBATENYO,tawo,t a w o,1 7 6 7,AXBZ,TAWU,84.0,84.T.C 84.A.V 84.W.C 84.U.V,2.0 1.5 1.75 0.8,tawo,0.0,3378.0
6776,person,MINANGALI LOWER TANUDAN KALINGA,tagu,t a g u,1 7 1 7,AXBZ,TAKY,85.0,85.T.C 85.A.V 85.K.C 85.Y.V,2.0 1.5 1.75 0.8,tagu,0.0,3378.0
6868,person,MOKSHA,loma5,l o m a,5 7 4 7,AXBZ,LUMA,86.0,86.L.C 86.U.V 86.M.C 86.A.V,2.0 1.5 1.75 0.8,loma,0.0,3377.0
6960,person,MOLBOG,dʒolama,dʒ o l a m a,1 7 5 7 4 7,AXBYBZ,TULAMA,87.0,87.T.C 87.U.V 87.L.C 87.A.V 87.M.C 87.A.V,2.0 1.5 1.75 1.3 1.75 0.8,dʒolama,0.0,3377.0
7052,person,MONGOLIAN,xuŋ,x u ŋ,3 7 4,AXN,GYN,88.0,88.G.C 88.Y.V 88.N.c,2.0 1.5 0.8,xuŋ,0.0,3374.0
7144,person,MORO MAGINDANAU,lanas,l a n a s,5 7 4 7 3,AXBYN,LANAS,89.0,89.L.C 89.A.V 89.N.C 89.A.V 89.S.c,2.0 1.5 1.75 1.3 0.8,lanas,0.0,3410.0
7236,person,NORTHERN CATANDUANES,tahu,t a h u,1 7 3 7,AXBZ,TAHY,90.0,90.T.C 90.A.V 90.H.C 90.Y.V,2.0 1.5 1.75 0.8,tahu,0.0,3425.0
7328,person,NORTHERN SORSOGON,tawu,t a w u,1 7 6 7,AXBZ,TAWY,91.0,91.T.C 91.A.V 91.W.C 91.Y.V,2.0 1.5 1.75 0.8,tawu,0.0,3378.0
7420,person,OAS,tawu,t a w u,1 7 6 7,AXBZ,TAWY,92.0,92.T.C 92.A.V 92.W.C 92.Y.V,2.0 1.5 1.75 0.8,tawu,0.0,3378.0
7512,person,PALAWANO BATAK,taw,t a w,1 7 6,AXN,TAW,93.0,93.T.C 93.A.V 93.W.c,2.0 1.5 0.8,taw,0.0,3378.0
7604,person,PANGASINAN,to,t o,1 7,AX,TU,94.0,94.T.C 94.U.V,2.0 1.5,to,0.0,3378.0
7696,person,PANGUTARAN SAMA,aʔa,a ʔ a,7 1 7,XBZ,AHA,95.0,95.A.V 95.H.C 95.A.V,1.5 1.75 0.8,aʔa,0.0,3425.0
7788,person,PROTO PALAWAN,taʔu,t a ʔ u,1 7 1 7,AXBZ,TAHY,96.0,96.T.C 96.A.V 96.H.C 96.Y.V,2.0 1.5 1.75 0.8,taʔu,0.0,3425.0
7880,person,QUEZON PALAWAN,taw,t a w,1 7 6,AXN,TAW,97.0,97.T.C 97.A.V 97.W.c,2.0 1.5 0.8,taw,0.0,3378.0
7972,person,ROMBLOMANON 2,tawu,t a w u,1 7 6 7,AXBZ,TAWY,98.0,98.T.C 98.A.V 98.W.C 98.Y.V,2.0 1.5 1.75 0.8,tawu,0.0,3378.0
8064,person,SAMAL,aʔa,a ʔ a,7 1 7,XBZ,AHA,99.0,99.A.V 99.H.C 99.A.V,1.5 1.75 0.8,aʔa,0.0,3425.0
8156,person,SAMBAL BOTOLAN,tao,t a o,1 7 7,AXZ,TAU,100.0,100.T.C 100.A.V 100.U.V,2.0 1.5 0.8,tao,0.0,3378.0
8248,person,SANGIL SARANGANI ISLANDS,taw,t a w,1 7 6,AXN,TAW,101.0,101.T.C 101.A.V 101.W.c,2.0 1.5 0.8,taw,0.0,3378.0
8340,person,SEDANG,ŋe,ŋ e,4 7,AX,NE,102.0,102.N.C 102.E.V,2.0 1.5,ŋe,0.0,3403.0
8524,person,SOGODNIN BORACAY,tawo,t a w o,1 7 6 7,AXBZ,TAWU,105.0,105.T.C 105.A.V 105.W.C 105.U.V,2.0 1.5 1.75 0.8,tawo,0.0,3378.0
8616,person,SOUTH SAAMI,almeCjə,a l m e j ə,7 5 4 7 6 7,XMBYBZ,ALMEJE,106.0,106.A.V 106.L.c 106.M.C 106.E.V 106.J.C 106.E.V,1.5 1.1 1.75 1.3 1.75 0.8,almejə,0.0,3474.0
8708,person,SOUTHERN CATANDUANES,tawu,t a w u,1 7 6 7,AXBZ,TAWY,107.0,107.T.C 107.A.V 107.W.C 107.Y.V,2.0 1.5 1.75 0.8,tawu,0.0,3378.0
8800,person,SOUTHERN SORSOGON,tawu,t a w u,1 7 6 7,AXBZ,TAWY,109.0,109.T.C 109.A.V 109.W.C 109.Y.V,2.0 1.5 1.75 0.8,tawu,0.0,3378.0
8892,person,SOUTHWEST PALAWANO,taw,t a w,1 7 6,AXN,TAW,110.0,110.T.C 110.A.V 110.W.c,2.0 1.5 0.8,taw,0.0,3378.0
8984,person,SPANISH,persona,p e rs o n a,1 7 5 7 4 7,AXBYBZ,PERUNA,111.0,111.P.C 111.E.V 111.R.C 111.U.V 111.N.C 111.A.V,2.0 1.5 1.75 1.3 1.75 0.8,persona,0.0,3398.0
9076,person,SUBANON SIOCON,gotow,g o t o w,1 7 1 7 6,AXBYN,KUTUW,112.0,112.K.C 112.U.V 112.T.C 112.U.V 112.W.c,2.0 1.5 1.75 1.3 0.8,gotow,0.0,3378.0
9168,person,SUBANUN SINDANGAN,gətau,g ə t a u,1 7 1 7 7,AXBYZ,KETAY,113.0,113.K.C 113.E.V 113.T.C 113.A.V 113.Y.V,2.0 1.5 1.75 1.3 0.8,gətau,0.0,3390.0
9260,person,SURIGAONON,tawo,t a w o,1 7 6 7,AXBZ,TAWU,114.0,114.T.C 114.A.V 114.W.C 114.U.V,2.0 1.5 1.75 0.8,tawo,0.0,3378.0
9352,person,TAGABAWA,manubu,m a n u b u,4 7 4 7 1 7,AXBYBZ,MANYPY,115.0,115.M.C 115.A.V 115.N.C 115.Y.V 115.P.C 115.Y.V,2.0 1.5 1.75 1.3 1.75 0.8,manubu,0.0,3483.0
9444,person,TAGABILI,taʔuh,t a ʔ u h,1 7 1 7 3,AXBYN,TAHYH,116.0,116.T.C 116.A.V 116.H.C 116.Y.V 116.H.c,2.0 1.5 1.75 1.3 0.8,taʔuh,0.0,3425.0
9536,person,TAGALOG,tao,t a o,1 7 7,AXZ,TAU,117.0,117.T.C 117.A.V 117.U.V,2.0 1.5 0.8,tao,0.0,3378.0
9628,person,TAGBANWA ABORLAN,taw,t a w,1 7 6,AXN,TAW,118.0,118.T.C 118.A.V 118.W.c,2.0 1.5 0.8,taw,0.0,3378.0
9720,person,TAGBANWA KALAMIAN,tauʔ,t a u ʔ,1 7 7 1,AXYN,TAYH,119.0,119.T.C 119.A.V 119.Y.V 119.H.c,2.0 1.5 1.3 0.8,tauʔ,0.0,3378.0
9812,person,TAUSUG,taʔuh,t a ʔ u h,1 7 1 7 3,AXBYN,TAHYH,120.0,120.T.C 120.A.V 120.H.C 120.Y.V 120.H.c,2.0 1.5 1.75 1.3 0.8,taʔuh,0.0,3425.0
9904,person,TIMUGON MURUT,ulun,u l u n,7 5 7 4,XBYN,YLYN,121.0,121.Y.V 121.L.C 121.Y.V 121.N.c,1.5 1.75 1.3 0.8,ulun,0.0,3410.0
9996,person,TIRURAY,etew,e t e w,7 1 7 6,XBYN,ETEW,122.0,122.E.V 122.T.C 122.E.V 122.W.c,1.5 1.75 1.3 0.8,etew,0.0,3378.0
10088,person,TURKISH,sahəs,s a h ə s,3 7 3 7 3,AXBYN,SAHES,123.0,123.S.C 123.A.V 123.H.C 123.E.V 123.S.c,2.0 1.5 1.75 1.3 0.8,sahəs,0.0,3425.0
10180,person,UGARITIC,adm,a d m,7 1 4,XBC,ATM,124.0,124.A.V 124.T.C 124.M.C,1.5 1.75 1.5,adm,0.0,3492.0
10272,person,UMIRAY DUMAGET AGTA,agta,a g t a,7 1 1 7,XMBZ,AKTA,125.0,125.A.V 125.K.c 125.T.C 125.A.V,1.5 1.1 1.75 0.8,agta,0.0,3397.0
10364,person,WARAY WARAY,tawo,t a w o,1 7 6 7,AXBZ,TAWU,126.0,126.T.C 126.A.V 126.W.C 126.U.V,2.0 1.5 1.75 0.8,tawo,0.0,3378.0
10456,person,YAKAN,aʔa,a ʔ a,7 1 7,XBZ,AHA,127.0,127.A.V 127.H.C 127.A.V,1.5 1.75 0.8,aʔa,0.0,3425.0
10548,person,YOGAD,tawlaj,t a w l a j,1 7 6 5 7 6,AXMBYN,TAWLAJ,128.0,128.T.C 128.A.V 128.W.c 128.L.C 128.A.V 128.J.c,2.0 1.5 1.1 1.75 1.3 0.8,tawlaj,0.0,3372.0
10640,person,ZAMBOANGUENO,he*te,h e t e,3 7 1 7,AXBZ,HETE,129.0,129.H.C 129.E.V 129.T.C 129.E.V,2.0 1.5 1.75 0.8,hete,0.0,3390.0
10732,person,IMOROD,tao,t a o,1 7 7,AXZ,TAU,46.0,46.T.C 46.A.V 46.U.V,2.0 1.5 0.8,tao,0.0,3378.0
10824,person,BABUYAN,tao,t a o,1 7 7,AXZ,TAU,5.0,5.T.C 5.A.V 5.U.V,2.0 1.5 0.8,tao,0.0,3378.0
11008,person,CAPIZNON,tawo,t a w o,1 7 6 7,AXBZ,TAWU,21.0,21.T.C 21.A.V 21.W.C 21.U.V,2.0 1.5 1.75 0.8,tawo,0.0,3378.0
11100,person,FINALLIG,tako,t a k o,1 7 1 7,AXBZ,TAKU,31.0,31.T.C 31.A.V 31.K.C 31.U.V,2.0 1.5 1.75 0.8,tako,0.0,3378.0
11192,person,HILIGAYNON,tao,t a o,1 7 7,AXZ,TAU,37.0,37.T.C 37.A.V 37.U.V,2.0 1.5 0.8,tao,0.0,3378.0
11284,person,INABAKNON,aʔa,a ʔ a,7 1 7,XBZ,AHA,47.0,47.A.V 47.H.C 47.A.V,1.5 1.75 0.8,aʔa,0.0,3425.0
11376,person,KALAGAN KAAGAN,utaw,u t a w,7 1 7 6,XBYN,YTAW,58.0,58.Y.V 58.T.C 58.A.V 58.W.c,1.5 1.75 1.3 0.8,utaw,0.0,3378.0
11468,person,KANKANAEY,ipogaw,i p o g a w,7 1 7 1 7 6,XBYBYN,IPUKAW,62.0,62.I.V 62.P.C 62.U.V 62.K.C 62.A.V 62.W.c,1.5 1.75 1.3 1.75 1.3 0.8,ipogaw,0.0,3386.0
11560,person,MANDAYAN BOSO,utaw,u t a w,7 1 7 6,XBYN,YTAW,71.0,71.Y.V 71.T.C 71.A.V 71.W.c,1.5 1.75 1.3 0.8,utaw,0.0,3378.0
11652,person,MANDAYAN ISLAM PISO,utaw,u t a w,7 1 7 6,XBYN,YTAW,72.0,72.Y.V 72.T.C 72.A.V 72.W.c,1.5 1.75 1.3 0.8,utaw,0.0,3378.0
11744,person,SINAUNA,ata,a t a,7 1 7,XBZ,ATA,104.0,104.A.V 104.T.C 104.A.V,1.5 1.75 0.8,ata,0.0,3390.0
11836,person,SOUTHERN KALINGA,taku,t a k u,1 7 1 7,AXBZ,TAKY,108.0,108.T.C 108.A.V 108.K.C 108.Y.V,2.0 1.5 1.75 0.8,taku,0.0,3378.0
797,rain,BASQUE,euri,e u r i,7 7 5 7,XYBZ,EYRI,10.0,10.E.V 10.Y.V 10.R.C 10.I.V,1.5 1.3 1.75 0.8,euri,0.0,3493.0
1441,rain,BUKIDNON BINUKID,uran,u r a n,7 5 7 4,XBYN,YRAN,18.0,18.Y.V 18.R.C 18.A.V 18.N.c,1.5 1.75 1.3 0.8,uran,0.0,3493.0
2269,rain,ENGLISH,rein,r e i n,5 7 7 4,AXYN,REIN,28.0,28.R.C 28.E.V 28.I.V 28.N.c,2.0 1.5 1.3 0.8,rein,0.0,3493.0
2453,rain,ESTONIAN,vim,v i m,3 7 4,AXN,BIM,30.0,30.B.C 30.I.V 30.M.c,2.0 1.5 0.8,vim,0.0,3496.0
2545,rain,FINNISH,sata,s a t a,3 7 1 7,AXBZ,SATA,32.0,32.S.C 32.A.V 32.T.C 32.A.V,2.0 1.5 1.75 0.8,sata,0.0,3497.0
2821,rain,HANUNOO,uran,u r a n,7 5 7 4,XBYN,YRAN,35.0,35.Y.V 35.R.C 35.A.V 35.N.c,1.5 1.75 1.3 0.8,uran,0.0,3493.0
2913,rain,HIGAONON BINUKID,uran,u r a n,7 5 7 4,XBYN,YRAN,36.0,36.Y.V 36.R.C 36.A.V 36.N.c,1.5 1.75 1.3 0.8,uran,0.0,3493.0
3005,rain,HUNGARIAN,esi,e s i,7 3 7,XBZ,ESI,38.0,38.E.V 38.S.C 38.I.V,1.5 1.75 0.8,esi,0.0,3500.0
4293,rain,JAPANESE,ame,a m e,7 4 7,XBZ,AME,54.0,54.A.V 54.M.C 54.E.V,1.5 1.75 0.8,ame,0.0,3502.0
5029,rain,KAPAMPANGAN,uran,u r a n,7 5 7 4,XBYN,YRAN,64.0,64.Y.V 64.R.C 64.A.V 64.N.c,1.5 1.75 1.3 0.8,uran,0.0,3493.0
5213,rain,KOREAN,pi,p i,1 7,AX,PI,66.0,66.P.C 66.I.V,2.0 1.5,pi,1.0,3496.0
6869,rain,MOKSHA,pizjem,p i z j e m,1 7 3 6 7 4,AXBCYN,PISJEM,86.0,86.P.C 86.I.V 86.S.C 86.J.C 86.E.V 86.M.c,2.0 1.5 1.75 1.5 1.3 0.8,pizjem,0.0,3505.0
8341,rain,SEDANG,mei,m e i,4 7 7,AXZ,MEI,102.0,102.M.C 102.E.V 102.I.V,2.0 1.5 0.8,mei,0.0,3502.0
8985,rain,SPANISH,juvia,j u v i a,6 7 3 7 7,AXBYZ,JYBIA,111.0,111.J.C 111.Y.V 111.B.C 111.I.V 111.A.V,2.0 1.5 1.75 1.3 0.8,juvia,0.0,3507.0
9537,rain,TAGALOG,ulan,u l a n,7 5 7 4,XBYN,YLAN,117.0,117.Y.V 117.L.C 117.A.V 117.N.c,1.5 1.75 1.3 0.8,ulan,0.0,3493.0
10089,rain,TURKISH,jamur,j a m u r,6 7 4 7 5,AXBYN,JAMYR,123.0,123.J.C 123.A.V 123.M.C 123.Y.V 123.R.c,2.0 1.5 1.75 1.3 0.8,jamur,0.0,3509.0
10733,rain,IMOROD,cimoj,c i m o j,1 7 4 7 6,AXBYN,CIMUJ,46.0,46.C.C 46.I.V 46.M.C 46.U.V 46.J.c,2.0 1.5 1.75 1.3 0.8,cimoj,0.0,3501.0
798,red,BASQUE,gorri,g o rr i,1 7 5 7,AXBZ,KURI,10.0,10.K.C 10.U.V 10.R.C 10.I.V,2.0 1.5 1.75 0.8,gorri,0.0,3510.0
1442,red,BUKIDNON BINUKID,maligaʔ,m a l i g a ʔ,4 7 5 7 1 7 1,AXBYBYN,MALIKAH,18.0,18.M.C 18.A.V 18.L.C 18.I.V 18.K.C 18.A.V 18.H.c,2.0 1.5 1.75 1.3 1.75 1.3 0.8,maligaʔ,0.0,3511.0
2270,red,ENGLISH,rEd,r d,5 1,AN,RT,28.0,28.R.C 28.T.c,2.0 0.8,rd,0.0,3512.0
2454,red,ESTONIAN,punane,p u n a n e,1 7 4 7 4 7,AXBYBZ,PYNANE,30.0,30.P.C 30.Y.V 30.N.C 30.A.V 30.N.C 30.E.V,2.0 1.5 1.75 1.3 1.75 0.8,punane,0.0,3513.0
2546,red,FINNISH,punainen,p u n a i n e n,1 7 4 7 7 4 7 4,AXBYYBYN,PYNAINEN,32.0,32.P.C 32.Y.V 32.N.C 32.A.V 32.I.V 32.N.C 32.E.V 32.N.c,2.0 1.5 1.75 1.3 1.3 1.75 1.3 0.8,punainen,0.0,3513.0
2822,red,HANUNOO,marara,m a r a r a,4 7 5 7 5 7,AXBYBZ,MARARA,35.0,35.M.C 35.A.V 35.R.C 35.A.V 35.R.C 35.A.V,2.0 1.5 1.75 1.3 1.75 0.8,marara,0.0,3515.0
2914,red,HIGAONON BINUKID,maligaʔ,m a l i g a ʔ,4 7 5 7 1 7 1,AXBYBYN,MALIKAH,36.0,36.M.C 36.A.V 36.L.C 36.I.V 36.K.C 36.A.V 36.H.c,2.0 1.5 1.75 1.3 1.75 1.3 0.8,maligaʔ,0.0,3511.0
3006,red,HUNGARIAN,verez,v e r e z,3 7 5 7 3,AXBYN,BERES,38.0,38.B.C 38.E.V 38.R.C 38.E.V 38.S.c,2.0 1.5 1.75 1.3 0.8,verez,0.0,3517.0
4294,red,JAPANESE,akairo no,a k a i r o # n o,7 1 7 7 5 7 9 4 7,XBYYBZ_AX,AKAIRU_NU,54.0,54.A.V 54.K.C 54.A.V 54.I.V 54.R.C 54.U.V 54._._ 54.N.C 54.U.V,1.5 1.75 1.3 1.3 1.75 0.8 0.0 2.0 1.5,akairo#no,0.0,3519.0
5030,red,KAPAMPANGAN,lutuʔ,l u t u ʔ,5 7 1 7 1,AXBYN,LYTYH,64.0,64.L.C 64.Y.V 64.T.C 64.Y.V 64.H.c,2.0 1.5 1.75 1.3 0.8,lutuʔ,0.0,3511.0
5214,red,KOREAN,pulkun,p u l k u n,1 7 5 1 7 4,AXMBYN,PYLKYN,66.0,66.P.C 66.Y.V 66.L.c 66.K.C 66.Y.V 66.N.c,2.0 1.5 1.1 1.75 1.3 0.8,pulkun,0.0,3521.0
6870,red,MOKSHA,jakstjerj,j a ks t j e r j,6 7 1 1 6 7 5 6,AXMBCYBC,JAKTJERJ,86.0,86.J.C 86.A.V 86.K.c 86.T.C 86.J.C 86.E.V 86.R.C 86.J.C,2.0 1.5 1.1 1.75 1.5 1.3 1.75 1.5,jakstjerj,0.0,3522.0
8342,red,SEDANG,kei,k e i,1 7 7,AXZ,KEI,102.0,102.K.C 102.E.V 102.I.V,2.0 1.5 0.8,kei,0.0,3510.0
8986,red,SPANISH,roho,r o h o,5 7 3 7,AXBZ,RUHU,111.0,111.R.C 111.U.V 111.H.C 111.U.V,2.0 1.5 1.75 0.8,roho,0.0,3524.0
9538,red,TAGALOG,pula,p u l a,1 7 5 7,AXBZ,PYLA,117.0,117.P.C 117.Y.V 117.L.C 117.A.V,2.0 1.5 1.75 0.8,pula,0.0,3517.0
10090,red,TURKISH,kərməzə,k ə r m ə z ə,1 7 5 4 7 3 7,AXMBYBZ,KERMESE,123.0,123.K.C 123.E.V 123.R.c 123.M.C 123.E.V 123.S.C 123.E.V,2.0 1.5 1.1 1.75 1.3 1.75 0.8,kərməzə,0.0,3526.0
10734,red,IMOROD,vala,v a l a,3 7 5 7,AXBZ,BALA,46.0,46.B.C 46.A.V 46.L.C 46.A.V,2.0 1.5 1.75 0.8,vala,0.0,3517.0
799,root,BASQUE,erreboil,e rr e b o i l,7 5 7 1 7 7 5,XBYBYYN,EREPUIL,10.0,10.E.V 10.R.C 10.E.V 10.P.C 10.U.V 10.I.V 10.L.c,1.5 1.75 1.3 1.75 1.3 1.3 0.8,erreboil,0.0,3527.0
1443,root,BUKIDNON BINUKID,gamut,g a m u t,1 7 4 7 1,AXBYN,KAMYT,18.0,18.K.C 18.A.V 18.M.C 18.Y.V 18.T.c,2.0 1.5 1.75 1.3 0.8,gamut,0.0,3528.0
2271,root,ENGLISH,rut,r u t,5 7 1,AXN,RYT,28.0,28.R.C 28.Y.V 28.T.c,2.0 1.5 0.8,rut,0.0,3529.0
2455,root,ESTONIAN,dʒur,dʒ u r,1 7 5,AXN,TYR,30.0,30.T.C 30.Y.V 30.R.c,2.0 1.5 0.8,dʒur,0.0,3530.0
2547,root,FINNISH,dʒuuri,dʒ uu r i,1 7 5 7,AXBZ,TYRI,32.0,32.T.C 32.Y.V 32.R.C 32.I.V,2.0 1.5 1.75 0.8,dʒuuri,0.0,3530.0
2823,root,HANUNOO,gamut,g a m u t,1 7 4 7 1,AXBYN,KAMYT,35.0,35.K.C 35.A.V 35.M.C 35.Y.V 35.T.c,2.0 1.5 1.75 1.3 0.8,gamut,0.0,3528.0
2915,root,HIGAONON BINUKID,gamut,g a m u t,1 7 4 7 1,AXBYN,KAMYT,36.0,36.K.C 36.A.V 36.M.C 36.Y.V 36.T.c,2.0 1.5 1.75 1.3 0.8,gamut,0.0,3528.0
3007,root,HUNGARIAN,gjiker,g j i k e r,1 6 7 1 7 5,ACXBYN,KJIKER,38.0,38.K.C 38.J.C 38.I.V 38.K.C 38.E.V 38.R.c,2.0 1.5 1.5 1.75 1.3 0.8,gjiker,0.0,3534.0
4295,root,JAPANESE,ne,n e,4 7,AX,NE,54.0,54.N.C 54.E.V,2.0 1.5,ne,0.0,3536.0
5031,root,KAPAMPANGAN,emut,e m u t,7 4 7 1,XBYN,EMYT,64.0,64.E.V 64.M.C 64.Y.V 64.T.c,1.5 1.75 1.3 0.8,emut,0.0,3528.0
5215,root,KOREAN,buri,b u r i,1 7 5 7,AXBZ,PYRI,66.0,66.P.C 66.Y.V 66.R.C 66.I.V,2.0 1.5 1.75 0.8,buri,0.0,3530.0
6871,root,MOKSHA,jur,j u r,6 7 5,AXN,JYR,86.0,86.J.C 86.Y.V 86.R.c,2.0 1.5 0.8,jur,0.0,3539.0
8343,root,SEDANG,rei,r e i,5 7 7,AXZ,REI,102.0,102.R.C 102.E.V 102.I.V,2.0 1.5 0.8,rei,0.0,3540.0
8987,root,SPANISH,rais,r a i s,5 7 7 3,AXYN,RAIS,111.0,111.R.C 111.A.V 111.I.V 111.S.c,2.0 1.5 1.3 0.8,rais,0.0,3540.0
9539,root,TAGALOG,ugat,u g a t,7 1 7 1,XBYN,YKAT,117.0,117.Y.V 117.K.C 117.A.V 117.T.c,1.5 1.75 1.3 0.8,ugat,0.0,3528.0
10091,root,TURKISH,kək,k ə k,1 7 1,AXN,KEK,123.0,123.K.C 123.E.V 123.K.c,2.0 1.5 0.8,kək,0.0,3543.0
10735,root,IMOROD,jamot,j a m o t,6 7 4 7 1,AXBYN,JAMUT,46.0,46.J.C 46.A.V 46.M.C 46.U.V 46.T.c,2.0 1.5 1.75 1.3 0.8,jamot,0.0,3528.0
800,sand,BASQUE,hondar,h o n d a r,3 7 4 1 7 5,AXMBYN,HUNTAR,10.0,10.H.C 10.U.V 10.N.c 10.T.C 10.A.V 10.R.c,2.0 1.5 1.1 1.75 1.3 0.8,hondar,0.0,3544.0
1444,sand,BUKIDNON BINUKID,grabas,g r a b a s,1 5 7 1 7 3,ACXBYN,KRAPAS,18.0,18.K.C 18.R.C 18.A.V 18.P.C 18.A.V 18.S.c,2.0 1.5 1.5 1.75 1.3 0.8,grabas,0.0,3545.0
2272,sand,ENGLISH,sEnd,s n d,3 4 1,AXN,SNT,28.0,28.S.C 28.N.V 28.T.c,2.0 1.5 0.8,snd,0.0,3546.0
2456,sand,ESTONIAN,liv,l i v,5 7 3,AXN,LIB,30.0,30.L.C 30.I.V 30.B.c,2.0 1.5 0.8,liv,0.0,3547.0
2548,sand,FINNISH,hiekka,h i e kk a,3 7 7 1 7,AXYBZ,HIEKA,32.0,32.H.C 32.I.V 32.E.V 32.K.C 32.A.V,2.0 1.5 1.3 1.75 0.8,hiekka,0.0,3548.0
2824,sand,HANUNOO,baras,b a r a s,1 7 5 7 3,AXBYN,PARAS,35.0,35.P.C 35.A.V 35.R.C 35.A.V 35.S.c,2.0 1.5 1.75 1.3 0.8,baras,0.0,3549.0
2916,sand,HIGAONON BINUKID,grabas,g r a b a s,1 5 7 1 7 3,ACXBYN,KRAPAS,36.0,36.K.C 36.R.C 36.A.V 36.P.C 36.A.V 36.S.c,2.0 1.5 1.5 1.75 1.3 0.8,grabas,0.0,3545.0
3008,sand,HUNGARIAN,homok,h o m o k,3 7 4 7 1,AXBYN,HUMUK,38.0,38.H.C 38.U.V 38.M.C 38.U.V 38.K.c,2.0 1.5 1.75 1.3 0.8,homok,0.0,3548.0
4296,sand,JAPANESE,suna,s u n a,3 7 4 7,AXBZ,SYNA,54.0,54.S.C 54.Y.V 54.N.C 54.A.V,2.0 1.5 1.75 0.8,suna,0.0,3552.0
5032,sand,KAPAMPANGAN,balas,b a l a s,1 7 5 7 3,AXBYN,PALAS,64.0,64.P.C 64.A.V 64.L.C 64.A.V 64.S.c,2.0 1.5 1.75 1.3 0.8,balas,0.0,3549.0
5216,sand,KOREAN,morai,m o r a i,4 7 5 7 7,AXBYZ,MURAI,66.0,66.M.C 66.U.V 66.R.C 66.A.V 66.I.V,2.0 1.5 1.75 1.3 0.8,morai,0.0,3555.0
6872,sand,MOKSHA,Suvar,u v a r,7 3 7 5,XBYN,YBAR,86.0,86.Y.V 86.B.C 86.A.V 86.R.c,1.5 1.75 1.3 0.8,uvar,0.0,3556.0
8344,sand,SEDANG,prei,p r e i,1 5 7 7,ACXZ,PREI,102.0,102.P.C 102.R.C 102.E.V 102.I.V,2.0 1.5 1.5 0.8,prei,0.0,3557.0
8988,sand,SPANISH,arena,a r e n a,7 5 7 4 7,XBYBZ,ARENA,111.0,111.A.V 111.R.C 111.E.V 111.N.C 111.A.V,1.5 1.75 1.3 1.75 0.8,arena,0.0,3552.0
9540,sand,TAGALOG,buhaŋin,b u h a ŋ i n,1 7 3 7 4 7 4,AXBYBYN,PYHANIN,117.0,117.P.C 117.Y.V 117.H.C 117.A.V 117.N.C 117.I.V 117.N.c,2.0 1.5 1.75 1.3 1.75 1.3 0.8,buhaŋin,0.0,3559.0
10092,sand,TURKISH,kum,k u m,1 7 4,AXN,KYM,123.0,123.K.C 123.Y.V 123.M.c,2.0 1.5 0.8,kum,0.0,3560.0
10736,sand,IMOROD,anaj,a n a j,7 4 7 6,XBYN,ANAJ,46.0,46.A.V 46.N.C 46.A.V 46.J.c,1.5 1.75 1.3 0.8,anaj,0.0,3552.0
801,say,BASQUE,esan,e s a n,7 3 7 4,XBYN,ESAN,10.0,10.E.V 10.S.C 10.A.V 10.N.c,1.5 1.75 1.3 0.8,esan,0.0,3561.0
1445,say,BUKIDNON BINUKID,ikagi,i k a g i,7 1 7 1 7,XBYBZ,IKAKI,18.0,18.I.V 18.K.C 18.A.V 18.K.C 18.I.V,1.5 1.75 1.3 1.75 0.8,ikagi,0.0,3562.0
2273,say,ENGLISH,sei,s e i,3 7 7,AXZ,SEI,28.0,28.S.C 28.E.V 28.I.V,2.0 1.5 0.8,sei,0.0,3563.0
2457,say,ESTONIAN,utle,u t l e,7 1 5 7,XBCZ,YTLE,30.0,30.Y.V 30.T.C 30.L.C 30.E.V,1.5 1.75 1.5 0.8,utle,0.0,3564.0
2549,say,FINNISH,sano,s a n o,3 7 4 7,AXBZ,SANU,32.0,32.S.C 32.A.V 32.N.C 32.U.V,2.0 1.5 1.75 0.8,sano,0.0,3561.0
2825,say,HANUNOO,magkun,m a g k u n,4 7 1 1 7 4,AXMBYN,MAKKYN,35.0,35.M.C 35.A.V 35.K.c 35.K.C 35.Y.V 35.N.c,2.0 1.5 1.1 1.75 1.3 0.8,magkun,0.0,3566.0
2917,say,HIGAONON BINUKID,ikagi,i k a g i,7 1 7 1 7,XBYBZ,IKAKI,36.0,36.I.V 36.K.C 36.A.V 36.K.C 36.I.V,1.5 1.75 1.3 1.75 0.8,ikagi,0.0,3562.0
3009,say,HUNGARIAN,monda,m o n d a,4 7 4 1 7,AXMBZ,MUNTA,38.0,38.M.C 38.U.V 38.N.c 38.T.C 38.A.V,2.0 1.5 1.1 1.75 0.8,monda,0.0,3568.0
4297,say,JAPANESE,ju,j u,6 7,AX,JY,54.0,54.J.C 54.Y.V,2.0 1.5,ju,0.0,3569.0
5033,say,KAPAMPANGAN,sabi,s a b i,3 7 1 7,AXBZ,SAPI,64.0,64.S.C 64.A.V 64.P.C 64.I.V,2.0 1.5 1.75 0.8,sabi,0.0,3563.0
5217,say,KOREAN,mal ha,m a l # h a,4 7 5 9 3 7,AXN_AX,MAL_HA,66.0,66.M.C 66.A.V 66.L.c 66._._ 66.H.C 66.A.V,2.0 1.5 0.8 0.0 2.0 1.5,mal#ha,0.0,3571.0
6873,say,MOKSHA,azoms,a z o ms,7 3 7 4,XBYN,ASUM,86.0,86.A.V 86.S.C 86.U.V 86.M.c,1.5 1.75 1.3 0.8,azoms,0.0,3572.0
8989,say,SPANISH,desi,d e s i,1 7 3 7,AXBZ,TESI,111.0,111.T.C 111.E.V 111.S.C 111.I.V,2.0 1.5 1.75 0.8,desi,0.0,3572.0
9541,say,TAGALOG,sabi,s a b i,3 7 1 7,AXBZ,SAPI,117.0,117.S.C 117.A.V 117.P.C 117.I.V,2.0 1.5 1.75 0.8,sabi,0.0,3563.0
10093,say,TURKISH,səl,s ə l,3 7 5,AXN,SEL,123.0,123.S.C 123.E.V 123.L.c,2.0 1.5 0.8,səl,0.0,3575.0
66,see,AGTA,moʔito,m o ʔ i t o,4 7 1 7 1 7,AXBYBZ,MUHITU,1.0,1.M.C 1.U.V 1.H.C 1.I.V 1.T.C 1.U.V,2.0 1.5 1.75 1.3 1.75 0.8,moʔito,0.0,3576.0
158,see,AKLANON,kitaʔ,k i t a ʔ,1 7 1 7 1,AXBYN,KITAH,2.0,2.K.C 2.I.V 2.T.C 2.A.V 2.H.c,2.0 1.5 1.75 1.3 0.8,kitaʔ,0.0,3577.0
250,see,ARTA,ita,i t a,7 1 7,XBZ,ITA,3.0,3.I.V 3.T.C 3.A.V,1.5 1.75 0.8,ita,0.0,3577.0
342,see,ATTA PAMPLONA,masiŋan,m a s i ŋ a n,4 7 3 7 4 7 4,AXBYBYN,MASINAN,4.0,4.M.C 4.A.V 4.S.C 4.I.V 4.N.C 4.A.V 4.N.c,2.0 1.5 1.75 1.3 1.75 1.3 0.8,masiŋan,0.0,3579.0
434,see,BAJAU WEST COAST,ŋendaʔ,ŋ e n d a ʔ,4 7 4 1 7 1,AXMBYN,NENTAH,6.0,6.N.C 6.E.V 6.N.c 6.T.C 6.A.V 6.H.c,2.0 1.5 1.1 1.75 1.3 0.8,ŋendaʔ,0.0,3580.0
526,see,BALANGAW,ilo,i l o,7 5 7,XBZ,ILU,7.0,7.I.V 7.L.C 7.U.V,1.5 1.75 0.8,ilo,0.0,3603.0
618,see,BALANGINGI SAMA,andaʔ,a n d a ʔ,7 4 1 7 1,XMBYN,ANTAH,8.0,8.A.V 8.N.c 8.T.C 8.A.V 8.H.c,1.5 1.1 1.75 1.3 0.8,andaʔ,0.0,3580.0
802,see,BASQUE,ikusi,i k u s i,7 1 7 3 7,XBYBZ,IKYSI,10.0,10.I.V 10.K.C 10.Y.V 10.S.C 10.I.V,1.5 1.75 1.3 1.75 0.8,ikusi,0.0,3583.0
894,see,BATAK PALAWAN,ləʔgan,l ə ʔ g a n,5 7 1 1 7 4,AXMBYN,LEHKAN,11.0,11.L.C 11.E.V 11.H.c 11.K.C 11.A.V 11.N.c,2.0 1.5 1.1 1.75 1.3 0.8,ləʔgan,0.0,3584.0
986,see,BILAAN KORONADAL,təʔən,t ə ʔ ə n,1 7 1 7 4,AXBYN,TEHEN,12.0,12.T.C 12.E.V 12.H.C 12.E.V 12.N.c,2.0 1.5 1.75 1.3 0.8,təʔən,0.0,3585.0
1078,see,BILAAN SARANGANI,təʔən,t ə ʔ ə n,1 7 1 7 4,AXBYN,TEHEN,13.0,13.T.C 13.E.V 13.H.C 13.E.V 13.N.c,2.0 1.5 1.75 1.3 0.8,təʔən,0.0,3585.0
1262,see,BONTOC GUINAANG,ila,i l a,7 5 7,XBZ,ILA,16.0,16.I.V 16.L.C 16.A.V,1.5 1.75 0.8,ila,0.0,3603.0
1354,see,BUHI,kita,k i t a,1 7 1 7,AXBZ,KITA,17.0,17.K.C 17.I.V 17.T.C 17.A.V,2.0 1.5 1.75 0.8,kita,0.0,3577.0
1446,see,BUKIDNON BINUKID,ahaʔ,a h a ʔ,7 3 7 1,XBYN,AHAH,18.0,18.A.V 18.H.C 18.A.V 18.H.c,1.5 1.75 1.3 0.8,ahaʔ,0.0,3590.0
1538,see,BUTUANON,makita,m a k i t a,4 7 1 7 1 7,AXBYBZ,MAKITA,19.0,19.M.C 19.A.V 19.K.C 19.I.V 19.T.C 19.A.V,2.0 1.5 1.75 1.3 1.75 0.8,makita,0.0,3577.0
1630,see,CAIJIA,kien,k i e n,1 7 7 4,AXYN,KIEN,20.0,20.K.C 20.I.V 20.E.V 20.N.c,2.0 1.5 1.3 0.8,kien,0.0,3584.0
1722,see,CEBUANO,tanaw,t a n a w,1 7 4 7 6,AXBYN,TANAW,22.0,22.T.C 22.A.V 22.N.C 22.A.V 22.W.c,2.0 1.5 1.75 1.3 0.8,tanaw,0.0,3594.0
1814,see,CENTRAL TAGBANWA,intul,i n t u l,7 4 1 7 5,XMBYN,INTYL,23.0,23.I.V 23.N.c 23.T.C 23.Y.V 23.L.c,1.5 1.1 1.75 1.3 0.8,intul,0.0,3580.0
1906,see,CUYONON,kitaʔ,k i t a ʔ,1 7 1 7 1,AXBYN,KITAH,24.0,24.K.C 24.I.V 24.T.C 24.A.V 24.H.c,2.0 1.5 1.75 1.3 0.8,kitaʔ,0.0,3577.0
1998,see,DARAGA,kita,k i t a,1 7 1 7,AXBZ,KITA,25.0,25.K.C 25.I.V 25.T.C 25.A.V,2.0 1.5 1.75 0.8,kita,0.0,3577.0
2090,see,DUMAGAT CASIGURAN,metaʔ,m e t a ʔ,4 7 1 7 1,AXBYN,METAH,26.0,26.M.C 26.E.V 26.T.C 26.A.V 26.H.c,2.0 1.5 1.75 1.3 0.8,metaʔ,0.0,3577.0
2182,see,DUPANINGAN AGTA,maʔEnta,m a ʔ n t a,4 7 1 4 1 7,AXBYBZ,MAHNTA,27.0,27.M.C 27.A.V 27.H.C 27.N.V 27.T.C 27.A.V,2.0 1.5 1.75 1.3 1.75 0.8,maʔnta,0.0,3576.0
2274,see,ENGLISH,si,s i,3 7,AX,SI,28.0,28.S.C 28.I.V,2.0 1.5,si,0.0,3600.0
2366,see,ESKAYAN,mosimsati,m o s i ms a t i,4 7 3 7 4 7 1 7,AXBYBYBZ,MUSIMATI,29.0,29.M.C 29.U.V 29.S.C 29.I.V 29.M.C 29.A.V 29.T.C 29.I.V,2.0 1.5 1.75 1.3 1.75 1.3 1.75 0.8,mosimsati,0.0,3576.0
2458,see,ESTONIAN,nage,n a g e,4 7 1 7,AXBZ,NAKE,30.0,30.N.C 30.A.V 30.K.C 30.E.V,2.0 1.5 1.75 0.8,nage,0.0,3602.0
2550,see,FINNISH,nEke,n k e,4 1 7,ACZ,NKE,32.0,32.N.C 32.K.C 32.E.V,2.0 1.5 0.8,nke,0.0,3602.0
2642,see,FUZHOU CHINESE,khaŋ,kh a ŋ,1 7 4,AXN,KAN,33.0,33.K.C 33.A.V 33.N.c,2.0 1.5 0.8,khaŋ,0.0,3584.0
2734,see,GADDANG,itan,i t a n,7 1 7 4,XBYN,ITAN,34.0,34.I.V 34.T.C 34.A.V 34.N.c,1.5 1.75 1.3 0.8,itan,0.0,3587.0
2826,see,HANUNOO,makakit,m a k a k i t,4 7 1 7 1 7 1,AXBYBYN,MAKAKIT,35.0,35.M.C 35.A.V 35.K.C 35.A.V 35.K.C 35.I.V 35.T.c,2.0 1.5 1.75 1.3 1.75 1.3 0.8,makakit,0.0,3577.0
2918,see,HIGAONON BINUKID,ahaʔ,a h a ʔ,7 3 7 1,XBYN,AHAH,36.0,36.A.V 36.H.C 36.A.V 36.H.c,1.5 1.75 1.3 0.8,ahaʔ,0.0,3590.0
3010,see,HUNGARIAN,lat,l a t,5 7 1,AXN,LAT,38.0,38.L.C 38.A.V 38.T.c,2.0 1.5 0.8,lat,0.0,3610.0
3102,see,IBANAG,masiŋan,m a s i ŋ a n,4 7 3 7 4 7 4,AXBYBYN,MASINAN,39.0,39.M.C 39.A.V 39.S.C 39.I.V 39.N.C 39.A.V 39.N.c,2.0 1.5 1.75 1.3 1.75 1.3 0.8,masiŋan,0.0,3579.0
3194,see,IDAAN,mata,m a t a,4 7 1 7,AXBZ,MATA,40.0,40.M.C 40.A.V 40.T.C 40.A.V,2.0 1.5 1.75 0.8,mata,0.0,3577.0
3286,see,IFUGAO AMGANAD,tigo,t i g o,1 7 1 7,AXBZ,TIKU,41.0,41.T.C 41.I.V 41.K.C 41.U.V,2.0 1.5 1.75 0.8,tigo,0.0,3585.0
3378,see,IFUGAO BATAD,tigon,t i g o n,1 7 1 7 4,AXBYN,TIKUN,42.0,42.T.C 42.I.V 42.K.C 42.U.V 42.N.c,2.0 1.5 1.75 1.3 0.8,tigon,0.0,3585.0
3470,see,IFUGAO BAYNINAN,tigon,t i g o n,1 7 1 7 4,AXBYN,TIKUN,43.0,43.T.C 43.I.V 43.K.C 43.U.V 43.N.c,2.0 1.5 1.75 1.3 0.8,tigon,0.0,3585.0
3562,see,ILOKANO,kita,k i t a,1 7 1 7,AXBZ,KITA,44.0,44.K.C 44.I.V 44.T.C 44.A.V,2.0 1.5 1.75 0.8,kita,0.0,3577.0
3654,see,ILONGOT KAKIDUGEN,buja,b u j a,1 7 6 7,AXBZ,PYJA,45.0,45.P.C 45.Y.V 45.J.C 45.A.V,2.0 1.5 1.75 0.8,buja,0.0,3617.0
3746,see,INIBALOI,onʔan,o n ʔ a n,7 4 1 7 4,XMBYN,UNHAN,48.0,48.U.V 48.N.c 48.H.C 48.A.V 48.N.c,1.5 1.1 1.75 1.3 0.8,onʔan,0.0,3620.0
3838,see,IRANUN,ilai,i l a i,7 5 7 7,XBYZ,ILAI,49.0,49.I.V 49.L.C 49.A.V 49.I.V,1.5 1.75 1.3 0.8,ilai,0.0,3603.0
3930,see,IRIGA,bajad,b a j a d,1 7 6 7 1,AXBYN,PAJAT,50.0,50.P.C 50.A.V 50.J.C 50.A.V 50.T.c,2.0 1.5 1.75 1.3 0.8,bajad,0.0,3617.0
4022,see,ISNAG,nasiŋan,n a s i ŋ a n,4 7 3 7 4 7 4,AXBYBYN,NASINAN,51.0,51.N.C 51.A.V 51.S.C 51.I.V 51.N.C 51.A.V 51.N.c,2.0 1.5 1.75 1.3 1.75 1.3 0.8,nasiŋan,0.0,3579.0
4114,see,ITAWIT,mEsiŋEn,m i ŋ n,4 7 4 4,AXLN,MINN,52.0,52.M.C 52.I.V 52.N.c 52.N.c,2.0 1.5 1.1 0.8,miŋn,0.0,3624.0
4206,see,ITNEG BINONGAN,masəŋan,m a s ə ŋ a n,4 7 3 7 4 7 4,AXBYBYN,MASENAN,53.0,53.M.C 53.A.V 53.S.C 53.E.V 53.N.C 53.A.V 53.N.c,2.0 1.5 1.75 1.3 1.75 1.3 0.8,masəŋan,0.0,3579.0
4298,see,JAPANESE,mi,m i,4 7,AX,MI,54.0,54.M.C 54.I.V,2.0 1.5,mi,0.0,3624.0
4390,see,KADAZAN,kokito,k o k i t o,1 7 1 7 1 7,AXBYBZ,KUKITU,55.0,55.K.C 55.U.V 55.K.C 55.I.V 55.T.C 55.U.V,2.0 1.5 1.75 1.3 1.75 0.8,kokito,0.0,3577.0
4482,see,KAGAYANEN,kita,k i t a,1 7 1 7,AXBZ,KITA,56.0,56.K.C 56.I.V 56.T.C 56.A.V,2.0 1.5 1.75 0.8,kita,0.0,3577.0
4574,see,KALAGAN,kitaʔ,k i t a ʔ,1 7 1 7 1,AXBYN,KITAH,57.0,57.K.C 57.I.V 57.T.C 57.A.V 57.H.c,2.0 1.5 1.75 1.3 0.8,kitaʔ,0.0,3577.0
4666,see,KALINGA GUINAANG,ilan,i l a n,7 5 7 4,XBYN,ILAN,59.0,59.I.V 59.L.C 59.A.V 59.N.c,1.5 1.75 1.3 0.8,ilan,0.0,3603.0
4758,see,KALINGA LIMOS,ila,i l a,7 5 7,XBZ,ILA,60.0,60.I.V 60.L.C 60.A.V,1.5 1.75 0.8,ila,0.0,3603.0
4850,see,KALLAHAN KAYAPA PROPER,unʔan,u n ʔ a n,7 4 1 7 4,XMBYN,YNHAN,61.0,61.Y.V 61.N.c 61.H.C 61.A.V 61.N.c,1.5 1.1 1.75 1.3 0.8,unʔan,0.0,3620.0
4942,see,KANKANAY NORTHERN,ila,i l a,7 5 7,XBZ,ILA,63.0,63.I.V 63.L.C 63.A.V,1.5 1.75 0.8,ila,0.0,3603.0
5034,see,KAPAMPANGAN,ikit,i k i t,7 1 7 1,XBYN,IKIT,64.0,64.I.V 64.K.C 64.I.V 64.T.c,1.5 1.75 1.3 0.8,ikit,0.0,3577.0
5218,see,KOREAN,po,p o,1 7,AX,PU,66.0,66.P.C 66.U.V,2.0 1.5,po,0.0,3637.0
5310,see,LEGAZPI,ʔiliŋ,ʔ i l i ŋ,1 7 5 7 4,AXBYN,HILIN,67.0,67.H.C 67.I.V 67.L.C 67.I.V 67.N.c,2.0 1.5 1.75 1.3 0.8,ʔiliŋ,0.0,3603.0
5402,see,LIBON,kita,k i t a,1 7 1 7,AXBZ,KITA,68.0,68.K.C 68.I.V 68.T.C 68.A.V,2.0 1.5 1.75 0.8,kita,0.0,3577.0
5494,see,LIVE,nEdjo,n d j o,4 1 6 7,ACCZ,NTJU,69.0,69.N.C 69.T.C 69.J.C 69.U.V,2.0 1.5 1.5 0.8,ndjo,0.0,3580.0
5586,see,MAMANWA,kita,k i t a,1 7 1 7,AXBZ,KITA,70.0,70.K.C 70.I.V 70.T.C 70.A.V,2.0 1.5 1.75 0.8,kita,0.0,3577.0
5678,see,MANIDE,talu,t a l u,1 7 5 7,AXBZ,TALY,73.0,73.T.C 73.A.V 73.L.C 73.Y.V,2.0 1.5 1.75 0.8,talu,0.0,3603.0
5770,see,MANOBO ATA,pitow,p i t o w,1 7 1 7 6,AXBYN,PITUW,74.0,74.P.C 74.I.V 74.T.C 74.U.V 74.W.c,2.0 1.5 1.75 1.3 0.8,pitow,0.0,3645.0
5862,see,MANOBO DIBABAWON,kita,k i t a,1 7 1 7,AXBZ,KITA,75.0,75.K.C 75.I.V 75.T.C 75.A.V,2.0 1.5 1.75 0.8,kita,0.0,3577.0
5954,see,MANOBO ILIANEN,kita,k i t a,1 7 1 7,AXBZ,KITA,76.0,76.K.C 76.I.V 76.T.C 76.A.V,2.0 1.5 1.75 0.8,kita,0.0,3577.0
6046,see,MANOBO KALAMANSIG COTABATO,ilag,i l a g,7 5 7 1,XBYN,ILAK,77.0,77.I.V 77.L.C 77.A.V 77.K.c,1.5 1.75 1.3 0.8,ilag,0.0,3603.0
6138,see,MANOBO SARANGANI,kitaʔ,k i t a ʔ,1 7 1 7 1,AXBYN,KITAH,78.0,78.K.C 78.I.V 78.T.C 78.A.V 78.H.c,2.0 1.5 1.75 1.3 0.8,kitaʔ,0.0,3577.0
6230,see,MANOBO TIGWA,kita,k i t a,1 7 1 7,AXBZ,KITA,79.0,79.K.C 79.I.V 79.T.C 79.A.V,2.0 1.5 1.75 0.8,kita,0.0,3577.0
6322,see,MANOBO WESTERN BUKIDNON,ahaʔ,a h a ʔ,7 3 7 1,XBYN,AHAH,80.0,80.A.V 80.H.C 80.A.V 80.H.c,1.5 1.75 1.3 0.8,ahaʔ,0.0,3590.0
6414,see,MANSAKA,kitaʔ,k i t a ʔ,1 7 1 7 1,AXBYN,KITAH,81.0,81.K.C 81.I.V 81.T.C 81.A.V 81.H.c,2.0 1.5 1.75 1.3 0.8,kitaʔ,0.0,3577.0
6506,see,MAPUN,kita,k i t a,1 7 1 7,AXBZ,KITA,82.0,82.K.C 82.I.V 82.T.C 82.A.V,2.0 1.5 1.75 0.8,kita,0.0,3577.0
6598,see,MARANAO,ilaj,i l a j,7 5 7 6,XBYN,ILAJ,83.0,83.I.V 83.L.C 83.A.V 83.J.c,1.5 1.75 1.3 0.8,ilaj,0.0,3603.0
6690,see,MASBATENYO,magkita,m a g k i t a,4 7 1 1 7 1 7,AXMBYBZ,MAKKITA,84.0,84.M.C 84.A.V 84.K.c 84.K.C 84.I.V 84.T.C 84.A.V,2.0 1.5 1.1 1.75 1.3 1.75 0.8,magkita,0.0,3577.0
6782,see,MINANGALI LOWER TANUDAN KALINGA,ilan,i l a n,7 5 7 4,XBYN,ILAN,85.0,85.I.V 85.L.C 85.A.V 85.N.c,1.5 1.75 1.3 0.8,ilan,0.0,3603.0
6874,see,MOKSHA,5ajems,a j e ms,7 6 7 4,XBYN,AJEM,86.0,86.A.V 86.J.C 86.E.V 86.M.c,1.5 1.75 1.3 0.8,ajems,0.0,3657.0
6966,see,MOLBOG,lotog,l o t o g,5 7 1 7 1,AXBYN,LUTUK,87.0,87.L.C 87.U.V 87.T.C 87.U.V 87.K.c,2.0 1.5 1.75 1.3 0.8,lotog,0.0,3610.0
7058,see,MONGOLIAN,uci,u c i,7 1 7,XBZ,YCI,88.0,88.Y.V 88.C.C 88.I.V,1.5 1.75 0.8,uci,0.0,3583.0
7150,see,MORO MAGINDANAU,ilaj,i l a j,7 5 7 6,XBYN,ILAJ,89.0,89.I.V 89.L.C 89.A.V 89.J.c,1.5 1.75 1.3 0.8,ilaj,0.0,3603.0
7242,see,NORTHERN CATANDUANES,taʔnaw,t a ʔ n a w,1 7 1 4 7 6,AXBCYN,TAHNAW,90.0,90.T.C 90.A.V 90.H.C 90.N.C 90.A.V 90.W.c,2.0 1.5 1.75 1.5 1.3 0.8,taʔnaw,0.0,3594.0
7334,see,NORTHERN SORSOGON,kita,k i t a,1 7 1 7,AXBZ,KITA,91.0,91.K.C 91.I.V 91.T.C 91.A.V,2.0 1.5 1.75 0.8,kita,0.0,3577.0
7426,see,OAS,kita,k i t a,1 7 1 7,AXBZ,KITA,92.0,92.K.C 92.I.V 92.T.C 92.A.V,2.0 1.5 1.75 0.8,kita,0.0,3577.0
7518,see,PALAWANO BATAK,ləgan,l ə g a n,5 7 1 7 4,AXBYN,LEKAN,93.0,93.L.C 93.E.V 93.K.C 93.A.V 93.N.c,2.0 1.5 1.75 1.3 0.8,ləgan,0.0,3584.0
7610,see,PANGASINAN,neŋneŋ,n e ŋ n e ŋ,4 7 4 4 7 4,AXMBYN,NENNEN,94.0,94.N.C 94.E.V 94.N.c 94.N.C 94.E.V 94.N.c,2.0 1.5 1.1 1.75 1.3 0.8,neŋneŋ,0.0,3620.0
7702,see,PANGUTARAN SAMA,nda,n d a,4 1 7,ACZ,NTA,95.0,95.N.C 95.T.C 95.A.V,2.0 1.5 0.8,nda,0.0,3580.0
7794,see,PROTO PALAWAN,lətəg,l ə t ə g,5 7 1 7 1,AXBYN,LETEK,96.0,96.L.C 96.E.V 96.T.C 96.E.V 96.K.c,2.0 1.5 1.75 1.3 0.8,lətəg,0.0,3610.0
7978,see,ROMBLOMANON 2,batjag,b a t j a g,1 7 1 6 7 1,AXBCYN,PATJAK,98.0,98.P.C 98.A.V 98.T.C 98.J.C 98.A.V 98.K.c,2.0 1.5 1.75 1.5 1.3 0.8,batjag,0.0,3617.0
8070,see,SAMAL,əndaʔ,ə n d a ʔ,7 4 1 7 1,XMBYN,ENTAH,99.0,99.E.V 99.N.c 99.T.C 99.A.V 99.H.c,1.5 1.1 1.75 1.3 0.8,əndaʔ,0.0,3580.0
8162,see,SAMBAL BOTOLAN,makit,m a k i t,4 7 1 7 1,AXBYN,MAKIT,100.0,100.M.C 100.A.V 100.K.C 100.I.V 100.T.c,2.0 1.5 1.75 1.3 0.8,makit,0.0,3577.0
8254,see,SANGIL SARANGANI ISLANDS,makasilaw,m a k a s i l a w,4 7 1 7 3 7 5 7 6,AXBYBYBYN,MAKASILAW,101.0,101.M.C 101.A.V 101.K.C 101.A.V 101.S.C 101.I.V 101.L.C 101.A.V 101.W.c,2.0 1.5 1.75 1.3 1.75 1.3 1.75 1.3 0.8,makasilaw,0.0,3619.0
8346,see,SEDANG,honai,h o n a i,3 7 4 7 7,AXBYZ,HUNAI,102.0,102.H.C 102.U.V 102.N.C 102.A.V 102.I.V,2.0 1.5 1.75 1.3 0.8,honai,0.0,3672.0
8438,see,SIBUTU SOUTHERN SAMA,nda,n d a,4 1 7,ACZ,NTA,103.0,103.N.C 103.T.C 103.A.V,2.0 1.5 0.8,nda,0.0,3580.0
8530,see,SOGODNIN BORACAY,kitaʔ,k i t a ʔ,1 7 1 7 1,AXBYN,KITAH,105.0,105.K.C 105.I.V 105.T.C 105.A.V 105.H.c,2.0 1.5 1.75 1.3 0.8,kitaʔ,0.0,3577.0
8622,see,SOUTH SAAMI,vuenə,v u e n ə,3 7 7 4 7,AXYBZ,BYENE,106.0,106.B.C 106.Y.V 106.E.V 106.N.C 106.E.V,2.0 1.5 1.3 1.75 0.8,vuenə,0.0,3676.0
8714,see,SOUTHERN CATANDUANES,hiliŋ,h i l i ŋ,3 7 5 7 4,AXBYN,HILIN,107.0,107.H.C 107.I.V 107.L.C 107.I.V 107.N.c,2.0 1.5 1.75 1.3 0.8,hiliŋ,0.0,3603.0
8806,see,SOUTHERN SORSOGON,ʔimug,ʔ i m u g,1 7 4 7 1,AXBYN,HIMYK,109.0,109.H.C 109.I.V 109.M.C 109.Y.V 109.K.c,2.0 1.5 1.75 1.3 0.8,ʔimug,0.0,3679.0
8898,see,SOUTHWEST PALAWANO,biriʔ,b i r i ʔ,1 7 5 7 1,AXBYN,PIRIH,110.0,110.P.C 110.I.V 110.R.C 110.I.V 110.H.c,2.0 1.5 1.75 1.3 0.8,biriʔ,0.0,3680.0
8990,see,SPANISH,ve,v e,3 7,AX,BE,111.0,111.B.C 111.E.V,2.0 1.5,ve,0.0,3637.0
9082,see,SUBANON SIOCON,moktoŋow,m o k t o ŋ o w,4 7 1 1 7 4 7 6,AXMBYBYN,MUKTUNUW,112.0,112.M.C 112.U.V 112.K.c 112.T.C 112.U.V 112.N.C 112.U.V 112.W.c,2.0 1.5 1.1 1.75 1.3 1.75 1.3 0.8,moktoŋow,0.0,3594.0
9174,see,SUBANUN SINDANGAN,metaʔ,m e t a ʔ,4 7 1 7 1,AXBYN,METAH,113.0,113.M.C 113.E.V 113.T.C 113.A.V 113.H.c,2.0 1.5 1.75 1.3 0.8,metaʔ,0.0,3577.0
9266,see,SURIGAONON,kita,k i t a,1 7 1 7,AXBZ,KITA,114.0,114.K.C 114.I.V 114.T.C 114.A.V,2.0 1.5 1.75 0.8,kita,0.0,3577.0
9358,see,TAGABAWA,kita,k i t a,1 7 1 7,AXBZ,KITA,115.0,115.K.C 115.I.V 115.T.C 115.A.V,2.0 1.5 1.75 0.8,kita,0.0,3577.0
9450,see,TAGABILI,mton,m t o n,4 1 7 4,ACYN,MTUN,116.0,116.M.C 116.T.C 116.U.V 116.N.c,2.0 1.5 1.3 0.8,mton,0.0,3587.0
9542,see,TAGALOG,tiŋin,t i ŋ i n,1 7 4 7 4,AXBYN,TININ,117.0,117.T.C 117.I.V 117.N.C 117.I.V 117.N.c,2.0 1.5 1.75 1.3 0.8,tiŋin,0.0,3585.0
9634,see,TAGBANWA ABORLAN,lətəg,l ə t ə g,5 7 1 7 1,AXBYN,LETEK,118.0,118.L.C 118.E.V 118.T.C 118.E.V 118.K.c,2.0 1.5 1.75 1.3 0.8,lətəg,0.0,3610.0
9726,see,TAGBANWA KALAMIAN,itaʔ,i t a ʔ,7 1 7 1,XBYN,ITAH,119.0,119.I.V 119.T.C 119.A.V 119.H.c,1.5 1.75 1.3 0.8,itaʔ,0.0,3577.0
9818,see,TAUSUG,kimitaʔ,k i m i t a ʔ,1 7 4 7 1 7 1,AXBYBYN,KIMITAH,120.0,120.K.C 120.I.V 120.M.C 120.I.V 120.T.C 120.A.V 120.H.c,2.0 1.5 1.75 1.3 1.75 1.3 0.8,kimitaʔ,0.0,3577.0
9910,see,TIMUGON MURUT,kito,k i t o,1 7 1 7,AXBZ,KITU,121.0,121.K.C 121.I.V 121.T.C 121.U.V,2.0 1.5 1.75 0.8,kito,0.0,3577.0
10094,see,TURKISH,gər,g ə r,1 7 5,AXN,KER,123.0,123.K.C 123.E.V 123.R.c,2.0 1.5 0.8,gər,0.0,3692.0
10186,see,UGARITIC,amr,a m r,7 4 5,XBC,AMR,124.0,124.A.V 124.M.C 124.R.C,1.5 1.75 1.5,amr,0.0,3693.0
10278,see,UMIRAY DUMAGET AGTA,lawig,l a w i g,5 7 6 7 1,AXBYN,LAWIK,125.0,125.L.C 125.A.V 125.W.C 125.I.V 125.K.c,2.0 1.5 1.75 1.3 0.8,lawig,0.0,3610.0
10370,see,WARAY WARAY,kita,k i t a,1 7 1 7,AXBZ,KITA,126.0,126.K.C 126.I.V 126.T.C 126.A.V,2.0 1.5 1.75 0.8,kita,0.0,3577.0
10462,see,YAKAN,kite,k i t e,1 7 1 7,AXBZ,KITE,127.0,127.K.C 127.I.V 127.T.C 127.E.V,2.0 1.5 1.75 0.8,kite,0.0,3577.0
10554,see,YOGAD,ita,i t a,7 1 7,XBZ,ITA,128.0,128.I.V 128.T.C 128.A.V,1.5 1.75 0.8,ita,0.0,3577.0
10646,see,ZAMBOANGUENO,mira,m i r a,4 7 5 7,AXBZ,MIRA,129.0,129.M.C 129.I.V 129.R.C 129.A.V,2.0 1.5 1.75 0.8,mira,0.0,3678.0
10738,see,IMOROD,cita,c i t a,1 7 1 7,AXBZ,CITA,46.0,46.C.C 46.I.V 46.T.C 46.A.V,2.0 1.5 1.75 0.8,cita,0.0,3577.0
10922,see,BISAYA SABAH,intoŋ,i n t o ŋ,7 4 1 7 4,XMBYN,INTUN,14.0,14.I.V 14.N.c 14.T.C 14.U.V 14.N.c,1.5 1.1 1.75 1.3 0.8,intoŋ,0.0,3587.0
11014,see,CAPIZNON,makita,m a k i t a,4 7 1 7 1 7,AXBYBZ,MAKITA,21.0,21.M.C 21.A.V 21.K.C 21.I.V 21.T.C 21.A.V,2.0 1.5 1.75 1.3 1.75 0.8,makita,0.0,3577.0
11106,see,FINALLIG,ilaon,i l a o n,7 5 7 7 4,XBYYN,ILAUN,31.0,31.I.V 31.L.C 31.A.V 31.U.V 31.N.c,1.5 1.75 1.3 1.3 0.8,ilaon,0.0,3603.0
11198,see,HILIGAYNON,kita,k i t a,1 7 1 7,AXBZ,KITA,37.0,37.K.C 37.I.V 37.T.C 37.A.V,2.0 1.5 1.75 0.8,kita,0.0,3577.0
11290,see,INABAKNON,kulaw,k u l a w,1 7 5 7 6,AXBYN,KYLAW,47.0,47.K.C 47.Y.V 47.L.C 47.A.V 47.W.c,2.0 1.5 1.75 1.3 0.8,kulaw,0.0,3619.0
11382,see,KALAGAN KAAGAN,kitaʔ,k i t a ʔ,1 7 1 7 1,AXBYN,KITAH,58.0,58.K.C 58.I.V 58.T.C 58.A.V 58.H.c,2.0 1.5 1.75 1.3 0.8,kitaʔ,0.0,3577.0
11474,see,KANKANAEY,ilaen,i l a e n,7 5 7 7 4,XBYYN,ILAEN,62.0,62.I.V 62.L.C 62.A.V 62.E.V 62.N.c,1.5 1.75 1.3 1.3 0.8,ilaen,0.0,3603.0
11566,see,MANDAYAN BOSO,jakitaʔ,j a k i t a ʔ,6 7 1 7 1 7 1,AXBYBYN,JAKITAH,71.0,71.J.C 71.A.V 71.K.C 71.I.V 71.T.C 71.A.V 71.H.c,2.0 1.5 1.75 1.3 1.75 1.3 0.8,jakitaʔ,0.0,3577.0
11658,see,MANDAYAN ISLAM PISO,matanaw,m a t a n a w,4 7 1 7 4 7 6,AXBYBYN,MATANAW,72.0,72.M.C 72.A.V 72.T.C 72.A.V 72.N.C 72.A.V 72.W.c,2.0 1.5 1.75 1.3 1.75 1.3 0.8,matanaw,0.0,3594.0
11750,see,SINAUNA,miʔsulʔaŋ,m i ʔs u l ʔ a ŋ,4 7 1 7 5 1 7 4,AXBYMBYN,MIHYLHAN,104.0,104.M.C 104.I.V 104.H.C 104.Y.V 104.L.c 104.H.C 104.A.V 104.N.c,2.0 1.5 1.75 1.3 1.1 1.75 1.3 0.8,miʔsulʔaŋ,0.0,3579.0
11842,see,SOUTHERN KALINGA,umila,u m i l a,7 4 7 5 7,XBYBZ,YMILA,108.0,108.Y.V 108.M.C 108.I.V 108.L.C 108.A.V,1.5 1.75 1.3 1.75 0.8,umila,0.0,3678.0
803,sit,BASQUE,jarri,j a rr i,6 7 5 7,AXBZ,JARI,10.0,10.J.C 10.A.V 10.R.C 10.I.V,2.0 1.5 1.75 0.8,jarri,0.0,3694.0
1447,sit,BUKIDNON BINUKID,pinuʔu,p i n u ʔ u,1 7 4 7 1 7,AXBYBZ,PINYHY,18.0,18.P.C 18.I.V 18.N.C 18.Y.V 18.H.C 18.Y.V,2.0 1.5 1.75 1.3 1.75 0.8,pinuʔu,0.0,3695.0
2275,sit,ENGLISH,sit,s i t,3 7 1,AXN,SIT,28.0,28.S.C 28.I.V 28.T.c,2.0 1.5 0.8,sit,0.0,3696.0
2459,sit,ESTONIAN,istu,i s t u,7 3 1 7,XMBZ,ISTY,30.0,30.I.V 30.S.c 30.T.C 30.Y.V,1.5 1.1 1.75 0.8,istu,0.0,3697.0
2551,sit,FINNISH,istu,i s t u,7 3 1 7,XMBZ,ISTY,32.0,32.I.V 32.S.c 32.T.C 32.Y.V,1.5 1.1 1.75 0.8,istu,0.0,3697.0
2827,sit,HANUNOO,kumukaw,k u m u k a w,1 7 4 7 1 7 6,AXBYBYN,KYMYKAW,35.0,35.K.C 35.Y.V 35.M.C 35.Y.V 35.K.C 35.A.V 35.W.c,2.0 1.5 1.75 1.3 1.75 1.3 0.8,kumukaw,0.0,3699.0
2919,sit,HIGAONON BINUKID,pinuʔu,p i n u ʔ u,1 7 4 7 1 7,AXBYBZ,PINYHY,36.0,36.P.C 36.I.V 36.N.C 36.Y.V 36.H.C 36.Y.V,2.0 1.5 1.75 1.3 1.75 0.8,pinuʔu,0.0,3695.0
3011,sit,HUNGARIAN,il,i l,7 5,XN,IL,38.0,38.I.V 38.L.c,1.5 0.8,il,1.0,3701.0
4299,sit,JAPANESE,suwa,s u w a,3 7 6 7,AXBZ,SYWA,54.0,54.S.C 54.Y.V 54.W.C 54.A.V,2.0 1.5 1.75 0.8,suwa,0.0,3703.0
5035,sit,KAPAMPANGAN,lukluk,l u k l u k,5 7 1 5 7 1,AXBCYN,LYKLYK,64.0,64.L.C 64.Y.V 64.K.C 64.L.C 64.Y.V 64.K.c,2.0 1.5 1.75 1.5 1.3 0.8,lukluk,0.0,3704.0
5219,sit,KOREAN,ant,a n t,7 4 1,XLN,ANT,66.0,66.A.V 66.N.c 66.T.c,1.5 1.1 0.8,ant,0.0,3696.0
6875,sit,MOKSHA,aSCjems ozada,a j e ms # o z a d a,7 6 7 4 9 7 3 7 1 7,XBYN_XBYBZ,AJEM_USATA,86.0,86.A.V 86.J.C 86.E.V 86.M.c 86._._ 86.U.V 86.S.C 86.A.V 86.T.C 86.A.V,1.5 1.75 1.3 0.8 0.0 1.5 1.75 1.3 1.75 0.8,ajems#ozada,0.0,3706.0
8347,sit,SEDANG,oi a taŋ,o i # a # t a ŋ,7 7 9 7 9 1 7 4,XZ_X_AXN,UI_A_TAN,102.0,102.U.V 102.I.V 102._._ 102.A.V 102._._ 102.T.C 102.A.V 102.N.c,1.5 0.8 0.0 1.5 0.0 2.0 1.5 0.8,oi#a#taŋ,0.0,3707.0
8991,sit,SPANISH,senta,s e n t a,3 7 4 1 7,AXMBZ,SENTA,111.0,111.S.C 111.E.V 111.N.c 111.T.C 111.A.V,2.0 1.5 1.1 1.75 0.8,senta,0.0,3696.0
9543,sit,TAGALOG,upo,u p o,7 1 7,XBZ,YPU,117.0,117.Y.V 117.P.C 117.U.V,1.5 1.75 0.8,upo,0.0,3709.0
10095,sit,TURKISH,otur,o t u r,7 1 7 5,XBYN,UTYR,123.0,123.U.V 123.T.C 123.Y.V 123.R.c,1.5 1.75 1.3 0.8,otur,0.0,3710.0
10739,sit,IMOROD,toratod,t o r a t o d,1 7 5 7 1 7 1,AXBYBYN,TURATUT,46.0,46.T.C 46.U.V 46.R.C 46.A.V 46.T.C 46.U.V 46.T.c,2.0 1.5 1.75 1.3 1.75 1.3 0.8,toratod,0.0,3702.0
68,skin,AGTA,tobbit,t o bb i t,1 7 1 7 1,AXBYN,TUPIT,1.0,1.T.C 1.U.V 1.P.C 1.I.V 1.T.c,2.0 1.5 1.75 1.3 0.8,tobbit,0.0,3711.0
160,skin,AKLANON,panit,p a n i t,1 7 4 7 1,AXBYN,PANIT,2.0,2.P.C 2.A.V 2.N.C 2.I.V 2.T.c,2.0 1.5 1.75 1.3 0.8,panit,0.0,3767.0
252,skin,ARTA,gadaŋ,g a d a ŋ,1 7 1 7 4,AXBYN,KATAN,3.0,3.K.C 3.A.V 3.T.C 3.A.V 3.N.c,2.0 1.5 1.75 1.3 0.8,gadaŋ,0.0,3724.0
344,skin,ATTA PAMPLONA,tabbiʔ,t a bb i ʔ,1 7 1 7 1,AXBYN,TAPIH,4.0,4.T.C 4.A.V 4.P.C 4.I.V 4.H.c,2.0 1.5 1.75 1.3 0.8,tabbiʔ,0.0,3711.0
528,skin,BALANGAW,uglet,u g l e t,7 1 5 7 1,XBCYN,YKLET,7.0,7.Y.V 7.K.C 7.L.C 7.E.V 7.T.c,1.5 1.75 1.5 1.3 0.8,uglet,0.0,3717.0
620,skin,BALANGINGI SAMA,kuwit,k u w i t,1 7 6 7 1,AXBYN,KYWIT,8.0,8.K.C 8.Y.V 8.W.C 8.I.V 8.T.c,2.0 1.5 1.75 1.3 0.8,kuwit,0.0,3717.0
712,skin,BANTON BANTOANON,anit,a n i t,7 4 7 1,XBYN,ANIT,9.0,9.A.V 9.N.C 9.I.V 9.T.c,1.5 1.75 1.3 0.8,anit,0.0,3767.0
804,skin,BASQUE,azal,a z a l,7 3 7 5,XBYN,ASAL,10.0,10.A.V 10.S.C 10.A.V 10.L.c,1.5 1.75 1.3 0.8,azal,0.0,3719.0
896,skin,BATAK PALAWAN,kulit,k u l i t,1 7 5 7 1,AXBYN,KYLIT,11.0,11.K.C 11.Y.V 11.L.C 11.I.V 11.T.c,2.0 1.5 1.75 1.3 0.8,kulit,0.0,3717.0
988,skin,BILAAN KORONADAL,kulit,k u l i t,1 7 5 7 1,AXBYN,KYLIT,12.0,12.K.C 12.Y.V 12.L.C 12.I.V 12.T.c,2.0 1.5 1.75 1.3 0.8,kulit,0.0,3717.0
1080,skin,BILAAN SARANGANI,kindal,k i n d a l,1 7 4 1 7 5,AXMBYN,KINTAL,13.0,13.K.C 13.I.V 13.N.c 13.T.C 13.A.V 13.L.c,2.0 1.5 1.1 1.75 1.3 0.8,kindal,0.0,3724.0
1172,skin,BONGGI,kubal,k u b a l,1 7 1 7 5,AXBYN,KYPAL,15.0,15.K.C 15.Y.V 15.P.C 15.A.V 15.L.c,2.0 1.5 1.75 1.3 0.8,kubal,0.0,3724.0
1264,skin,BONTOC GUINAANG,kopkop,k o p k o p,1 7 1 1 7 1,AXMBYN,KUPKUP,16.0,16.K.C 16.U.V 16.P.c 16.K.C 16.U.V 16.P.c,2.0 1.5 1.1 1.75 1.3 0.8,kopkop,0.0,3725.0
1356,skin,BUHI,kublit,k u b l i t,1 7 1 5 7 1,AXBCYN,KYPLIT,17.0,17.K.C 17.Y.V 17.P.C 17.L.C 17.I.V 17.T.c,2.0 1.5 1.75 1.5 1.3 0.8,kublit,0.0,3717.0
1448,skin,BUKIDNON BINUKID,laŋgit,l a ŋ g i t,5 7 4 1 7 1,AXMBYN,LANKIT,18.0,18.L.C 18.A.V 18.N.c 18.K.C 18.I.V 18.T.c,2.0 1.5 1.1 1.75 1.3 0.8,laŋgit,0.0,3727.0
1540,skin,BUTUANON,panit,p a n i t,1 7 4 7 1,AXBYN,PANIT,19.0,19.P.C 19.A.V 19.N.C 19.I.V 19.T.c,2.0 1.5 1.75 1.3 0.8,panit,0.0,3767.0
1632,skin,CAIJIA,pəu,p ə u,1 7 7,AXZ,PEY,20.0,20.P.C 20.E.V 20.Y.V,2.0 1.5 0.8,pəu,1.0,3729.0
1724,skin,CEBUANO,panit,p a n i t,1 7 4 7 1,AXBYN,PANIT,22.0,22.P.C 22.A.V 22.N.C 22.I.V 22.T.c,2.0 1.5 1.75 1.3 0.8,panit,0.0,3767.0
1816,skin,CENTRAL TAGBANWA,kulit,k u l i t,1 7 5 7 1,AXBYN,KYLIT,23.0,23.K.C 23.Y.V 23.L.C 23.I.V 23.T.c,2.0 1.5 1.75 1.3 0.8,kulit,0.0,3717.0
1908,skin,CUYONON,kulit,k u l i t,1 7 5 7 1,AXBYN,KYLIT,24.0,24.K.C 24.Y.V 24.L.C 24.I.V 24.T.c,2.0 1.5 1.75 1.3 0.8,kulit,0.0,3717.0
2000,skin,DARAGA,kulit,k u l i t,1 7 5 7 1,AXBYN,KYLIT,25.0,25.K.C 25.Y.V 25.L.C 25.I.V 25.T.c,2.0 1.5 1.75 1.3 0.8,kulit,0.0,3717.0
2092,skin,DUMAGAT CASIGURAN,kulet,k u l e t,1 7 5 7 1,AXBYN,KYLET,26.0,26.K.C 26.Y.V 26.L.C 26.E.V 26.T.c,2.0 1.5 1.75 1.3 0.8,kulet,0.0,3717.0
2184,skin,DUPANINGAN AGTA,gadaŋ,g a d a ŋ,1 7 1 7 4,AXBYN,KATAN,27.0,27.K.C 27.A.V 27.T.C 27.A.V 27.N.c,2.0 1.5 1.75 1.3 0.8,gadaŋ,0.0,3724.0
2276,skin,ENGLISH,skin,s k i n,3 1 7 4,ACYN,SKIN,28.0,28.S.C 28.K.C 28.I.V 28.N.c,2.0 1.5 1.3 0.8,skin,0.0,3737.0
2368,skin,ESKAYAN,pil,p i l,1 7 5,AXN,PIL,29.0,29.P.C 29.I.V 29.L.c,2.0 1.5 0.8,pil,0.0,3729.0
2460,skin,ESTONIAN,nak,n a k,4 7 1,AXN,NAK,30.0,30.N.C 30.A.V 30.K.c,2.0 1.5 0.8,nak,0.0,3739.0
2552,skin,FINNISH,iho,i h o,7 3 7,XBZ,IHU,32.0,32.I.V 32.H.C 32.U.V,1.5 1.75 0.8,iho,0.0,3741.0
2644,skin,FUZHOU CHINESE,phui,ph u i,1 7 7,AXZ,PYI,33.0,33.P.C 33.Y.V 33.I.V,2.0 1.5 0.8,phui,0.0,3729.0
2736,skin,GADDANG,gaddaŋ,g a dd a ŋ,1 7 1 7 4,AXBYN,KATAN,34.0,34.K.C 34.A.V 34.T.C 34.A.V 34.N.c,2.0 1.5 1.75 1.3 0.8,gaddaŋ,0.0,3724.0
2828,skin,HANUNOO,tarik,t a r i k,1 7 5 7 1,AXBYN,TARIK,35.0,35.T.C 35.A.V 35.R.C 35.I.V 35.K.c,2.0 1.5 1.75 1.3 0.8,tarik,0.0,3744.0
2920,skin,HIGAONON BINUKID,laŋgit,l a ŋ g i t,5 7 4 1 7 1,AXMBYN,LANKIT,36.0,36.L.C 36.A.V 36.N.c 36.K.C 36.I.V 36.T.c,2.0 1.5 1.1 1.75 1.3 0.8,laŋgit,0.0,3727.0
3012,skin,HUNGARIAN,bir,b i r,1 7 5,AXN,PIR,38.0,38.P.C 38.I.V 38.R.c,2.0 1.5 0.8,bir,0.0,3729.0
3104,skin,IBANAG,tabiʔ,t a b i ʔ,1 7 1 7 1,AXBYN,TAPIH,39.0,39.T.C 39.A.V 39.P.C 39.I.V 39.H.c,2.0 1.5 1.75 1.3 0.8,tabiʔ,0.0,3711.0
3196,skin,IDAAN,kulit,k u l i t,1 7 5 7 1,AXBYN,KYLIT,40.0,40.K.C 40.Y.V 40.L.C 40.I.V 40.T.c,2.0 1.5 1.75 1.3 0.8,kulit,0.0,3717.0
3288,skin,IFUGAO AMGANAD,ʔupʔup,ʔ u p ʔ u p,1 7 1 1 7 1,AXMBYN,HYPHYP,41.0,41.H.C 41.Y.V 41.P.c 41.H.C 41.Y.V 41.P.c,2.0 1.5 1.1 1.75 1.3 0.8,ʔupʔup,0.0,3725.0
3380,skin,IFUGAO BATAD,upʔup,u p ʔ u p,7 1 1 7 1,XMBYN,YPHYP,42.0,42.Y.V 42.P.c 42.H.C 42.Y.V 42.P.c,1.5 1.1 1.75 1.3 0.8,upʔup,0.0,3725.0
3472,skin,IFUGAO BAYNINAN,upʔup,u p ʔ u p,7 1 1 7 1,XMBYN,YPHYP,43.0,43.Y.V 43.P.c 43.H.C 43.Y.V 43.P.c,1.5 1.1 1.75 1.3 0.8,upʔup,0.0,3725.0
3564,skin,ILOKANO,kudil,k u d i l,1 7 1 7 5,AXBYN,KYTIL,44.0,44.K.C 44.Y.V 44.T.C 44.I.V 44.L.c,2.0 1.5 1.75 1.3 0.8,kudil,0.0,3724.0
3656,skin,ILONGOT KAKIDUGEN,kalib,k a l i b,1 7 5 7 1,AXBYN,KALIP,45.0,45.K.C 45.A.V 45.L.C 45.I.V 45.P.c,2.0 1.5 1.75 1.3 0.8,kalib,0.0,3717.0
3748,skin,INIBALOI,bidat,b i d a t,1 7 1 7 1,AXBYN,PITAT,48.0,48.P.C 48.I.V 48.T.C 48.A.V 48.T.c,2.0 1.5 1.75 1.3 0.8,bidat,0.0,3767.0
3840,skin,IRANUN,upis,u p i s,7 1 7 3,XBYN,YPIS,49.0,49.Y.V 49.P.C 49.I.V 49.S.c,1.5 1.75 1.3 0.8,upis,0.0,3711.0
3932,skin,IRIGA,kulit,k u l i t,1 7 5 7 1,AXBYN,KYLIT,50.0,50.K.C 50.Y.V 50.L.C 50.I.V 50.T.c,2.0 1.5 1.75 1.3 0.8,kulit,0.0,3717.0
4024,skin,ISNAG,lublub,l u b l u b,5 7 1 5 7 1,AXBCYN,LYPLYP,51.0,51.L.C 51.Y.V 51.P.C 51.L.C 51.Y.V 51.P.c,2.0 1.5 1.75 1.5 1.3 0.8,lublub,0.0,3760.0
4116,skin,ITAWIT,gEdEŋ,g d ŋ,1 1 4,ACC,KTN,52.0,52.K.C 52.T.C 52.N.C,2.0 1.5 1.5,gdŋ,0.0,3761.0
4208,skin,ITNEG BINONGAN,kopsit,k o ps i t,1 7 1 7 1,AXBYN,KUPIT,53.0,53.K.C 53.U.V 53.P.C 53.I.V 53.T.c,2.0 1.5 1.75 1.3 0.8,kopsit,0.0,3717.0
4300,skin,JAPANESE,kawa,k a w a,1 7 6 7,AXBZ,KAWA,54.0,54.K.C 54.A.V 54.W.C 54.A.V,2.0 1.5 1.75 0.8,kawa,0.0,3763.0
4392,skin,KADAZAN,kuhit,k u h i t,1 7 3 7 1,AXBYN,KYHIT,55.0,55.K.C 55.Y.V 55.H.C 55.I.V 55.T.c,2.0 1.5 1.75 1.3 0.8,kuhit,0.0,3717.0
4484,skin,KAGAYANEN,laŋgit,l a ŋ g i t,5 7 4 1 7 1,AXMBYN,LANKIT,56.0,56.L.C 56.A.V 56.N.c 56.K.C 56.I.V 56.T.c,2.0 1.5 1.1 1.75 1.3 0.8,laŋgit,0.0,3727.0
4576,skin,KALAGAN,kindal,k i n d a l,1 7 4 1 7 5,AXMBYN,KINTAL,57.0,57.K.C 57.I.V 57.N.c 57.T.C 57.A.V 57.L.c,2.0 1.5 1.1 1.75 1.3 0.8,kindal,0.0,3724.0
4668,skin,KALINGA GUINAANG,oblit,o b l i t,7 1 5 7 1,XBCYN,UPLIT,59.0,59.U.V 59.P.C 59.L.C 59.I.V 59.T.c,1.5 1.75 1.5 1.3 0.8,oblit,0.0,3717.0
4760,skin,KALINGA LIMOS,kupsit,k u ps i t,1 7 1 7 1,AXBYN,KYPIT,60.0,60.K.C 60.Y.V 60.P.C 60.I.V 60.T.c,2.0 1.5 1.75 1.3 0.8,kupsit,0.0,3717.0
4852,skin,KALLAHAN KAYAPA PROPER,bəlat,b ə l a t,1 7 5 7 1,AXBYN,PELAT,61.0,61.P.C 61.E.V 61.L.C 61.A.V 61.T.c,2.0 1.5 1.75 1.3 0.8,bəlat,0.0,3767.0
4944,skin,KANKANAY NORTHERN,kollop,k o ll o p,1 7 5 7 1,AXBYN,KULUP,63.0,63.K.C 63.U.V 63.L.C 63.U.V 63.P.c,2.0 1.5 1.75 1.3 0.8,kollop,0.0,3717.0
5036,skin,KAPAMPANGAN,balat,b a l a t,1 7 5 7 1,AXBYN,PALAT,64.0,64.P.C 64.A.V 64.L.C 64.A.V 64.T.c,2.0 1.5 1.75 1.3 0.8,balat,0.0,3767.0
5128,skin,KINARAY A,panit,p a n i t,1 7 4 7 1,AXBYN,PANIT,65.0,65.P.C 65.A.V 65.N.C 65.I.V 65.T.c,2.0 1.5 1.75 1.3 0.8,panit,0.0,3767.0
5220,skin,KOREAN,gopdʒil,g o p dʒ i l,1 7 1 1 7 5,AXMBYN,KUPTIL,66.0,66.K.C 66.U.V 66.P.c 66.T.C 66.I.V 66.L.c,2.0 1.5 1.1 1.75 1.3 0.8,gopdʒil,0.0,3724.0
5312,skin,LEGAZPI,ʔunit,ʔ u n i t,1 7 4 7 1,AXBYN,HYNIT,67.0,67.H.C 67.Y.V 67.N.C 67.I.V 67.T.c,2.0 1.5 1.75 1.3 0.8,ʔunit,0.0,3767.0
5404,skin,LIBON,kulit,k u l i t,1 7 5 7 1,AXBYN,KYLIT,68.0,68.K.C 68.Y.V 68.L.C 68.I.V 68.T.c,2.0 1.5 1.75 1.3 0.8,kulit,0.0,3717.0
5496,skin,LIVE,nogjo,n o g j o,4 7 1 6 7,AXBCZ,NUKJU,69.0,69.N.C 69.U.V 69.K.C 69.J.C 69.U.V,2.0 1.5 1.75 1.5 0.8,nogjo,0.0,3739.0
5588,skin,MAMANWA,kindal,k i n d a l,1 7 4 1 7 5,AXMBYN,KINTAL,70.0,70.K.C 70.I.V 70.N.c 70.T.C 70.A.V 70.L.c,2.0 1.5 1.1 1.75 1.3 0.8,kindal,0.0,3724.0
5680,skin,MANIDE,balaʔkis,b a l a ʔ k i s,1 7 5 7 1 1 7 3,AXBYMBYN,PALAHKIS,73.0,73.P.C 73.A.V 73.L.C 73.A.V 73.H.c 73.K.C 73.I.V 73.S.c,2.0 1.5 1.75 1.3 1.1 1.75 1.3 0.8,balaʔkis,0.0,3782.0
5772,skin,MANOBO ATA,laplap,l a p l a p,5 7 1 5 7 1,AXBCYN,LAPLAP,74.0,74.L.C 74.A.V 74.P.C 74.L.C 74.A.V 74.P.c,2.0 1.5 1.75 1.5 1.3 0.8,laplap,0.0,3760.0
5864,skin,MANOBO DIBABAWON,kindaa,k i n d aa,1 7 4 1 7,AXMBZ,KINTA,75.0,75.K.C 75.I.V 75.N.c 75.T.C 75.A.V,2.0 1.5 1.1 1.75 0.8,kindaa,0.0,3724.0
5956,skin,MANOBO ILIANEN,lundis,l u n d i s,5 7 4 1 7 3,AXMBYN,LYNTIS,76.0,76.L.C 76.Y.V 76.N.c 76.T.C 76.I.V 76.S.c,2.0 1.5 1.1 1.75 1.3 0.8,lundis,0.0,3727.0
6048,skin,MANOBO KALAMANSIG COTABATO,kunul,k u n u l,1 7 4 7 5,AXBYN,KYNYL,77.0,77.K.C 77.Y.V 77.N.C 77.Y.V 77.L.c,2.0 1.5 1.75 1.3 0.8,kunul,0.0,3724.0
6140,skin,MANOBO SARANGANI,kindal,k i n d a l,1 7 4 1 7 5,AXMBYN,KINTAL,78.0,78.K.C 78.I.V 78.N.c 78.T.C 78.A.V 78.L.c,2.0 1.5 1.1 1.75 1.3 0.8,kindal,0.0,3724.0
6232,skin,MANOBO TIGWA,laŋgit,l a ŋ g i t,5 7 4 1 7 1,AXMBYN,LANKIT,79.0,79.L.C 79.A.V 79.N.c 79.K.C 79.I.V 79.T.c,2.0 1.5 1.1 1.75 1.3 0.8,laŋgit,0.0,3727.0
6324,skin,MANOBO WESTERN BUKIDNON,lundis,l u n d i s,5 7 4 1 7 3,AXMBYN,LYNTIS,80.0,80.L.C 80.Y.V 80.N.c 80.T.C 80.I.V 80.S.c,2.0 1.5 1.1 1.75 1.3 0.8,lundis,0.0,3727.0
6416,skin,MANSAKA,paris naŋ ʔutaw,p a r i s # n a ŋ # ʔ u t a w,1 7 5 7 3 9 4 7 4 9 1 7 1 7 6,AXBYN_AXN_AXBYN,PARIS_NAN_HYTAW,81.0,81.P.C 81.A.V 81.R.C 81.I.V 81.S.c 81._._ 81.N.C 81.A.V 81.N.c 81._._ 81.H.C 81.Y.V 81.T.C 81.A.V 81.W.c,2.0 1.5 1.75 1.3 0.8 0.0 2.0 1.5 0.8 0.0 2.0 1.5 1.75 1.3 0.8,paris#naŋ#ʔutaw,0.0,3790.0
6508,skin,MAPUN,kuwit,k u w i t,1 7 6 7 1,AXBYN,KYWIT,82.0,82.K.C 82.Y.V 82.W.C 82.I.V 82.T.c,2.0 1.5 1.75 1.3 0.8,kuwit,0.0,3717.0
6600,skin,MARANAO,anit,a n i t,7 4 7 1,XBYN,ANIT,83.0,83.A.V 83.N.C 83.I.V 83.T.c,1.5 1.75 1.3 0.8,anit,0.0,3767.0
6692,skin,MASBATENYO,panit,p a n i t,1 7 4 7 1,AXBYN,PANIT,84.0,84.P.C 84.A.V 84.N.C 84.I.V 84.T.c,2.0 1.5 1.75 1.3 0.8,panit,0.0,3767.0
6784,skin,MINANGALI LOWER TANUDAN KALINGA,kublit,k u b l i t,1 7 1 5 7 1,AXBCYN,KYPLIT,85.0,85.K.C 85.Y.V 85.P.C 85.L.C 85.I.V 85.T.c,2.0 1.5 1.75 1.5 1.3 0.8,kublit,0.0,3717.0
6876,skin,MOKSHA,kisjke,k i s j k e,1 7 3 6 1 7,AXBYBZ,KISJKE,86.0,86.K.C 86.I.V 86.S.C 86.J.V 86.K.C 86.E.V,2.0 1.5 1.75 1.3 1.75 0.8,kisjke,0.0,3795.0
6968,skin,MOLBOG,kulit,k u l i t,1 7 5 7 1,AXBYN,KYLIT,87.0,87.K.C 87.Y.V 87.L.C 87.I.V 87.T.c,2.0 1.5 1.75 1.3 0.8,kulit,0.0,3717.0
7060,skin,MONGOLIAN,Erjs,r js,5 6,AC,RJ,88.0,88.R.C 88.J.C,2.0 1.5,rjs,0.0,3797.0
7152,skin,MORO MAGINDANAU,upis,u p i s,7 1 7 3,XBYN,YPIS,89.0,89.Y.V 89.P.C 89.I.V 89.S.c,1.5 1.75 1.3 0.8,upis,0.0,3711.0
7244,skin,NORTHERN CATANDUANES,panit,p a n i t,1 7 4 7 1,AXBYN,PANIT,90.0,90.P.C 90.A.V 90.N.C 90.I.V 90.T.c,2.0 1.5 1.75 1.3 0.8,panit,0.0,3767.0
7336,skin,NORTHERN SORSOGON,panit,p a n i t,1 7 4 7 1,AXBYN,PANIT,91.0,91.P.C 91.A.V 91.N.C 91.I.V 91.T.c,2.0 1.5 1.75 1.3 0.8,panit,0.0,3767.0
7428,skin,OAS,kulit,k u l i t,1 7 5 7 1,AXBYN,KYLIT,92.0,92.K.C 92.Y.V 92.L.C 92.I.V 92.T.c,2.0 1.5 1.75 1.3 0.8,kulit,0.0,3717.0
7520,skin,PALAWANO BATAK,kulit,k u l i t,1 7 5 7 1,AXBYN,KYLIT,93.0,93.K.C 93.Y.V 93.L.C 93.I.V 93.T.c,2.0 1.5 1.75 1.3 0.8,kulit,0.0,3717.0
7612,skin,PANGASINAN,balat,b a l a t,1 7 5 7 1,AXBYN,PALAT,94.0,94.P.C 94.A.V 94.L.C 94.A.V 94.T.c,2.0 1.5 1.75 1.3 0.8,balat,0.0,3767.0
7704,skin,PANGUTARAN SAMA,kuwit,k u w i t,1 7 6 7 1,AXBYN,KYWIT,95.0,95.K.C 95.Y.V 95.W.C 95.I.V 95.T.c,2.0 1.5 1.75 1.3 0.8,kuwit,0.0,3717.0
7796,skin,PROTO PALAWAN,kubal,k u b a l,1 7 1 7 5,AXBYN,KYPAL,96.0,96.K.C 96.Y.V 96.P.C 96.A.V 96.L.c,2.0 1.5 1.75 1.3 0.8,kubal,0.0,3724.0
7980,skin,ROMBLOMANON 2,panit,p a n i t,1 7 4 7 1,AXBYN,PANIT,98.0,98.P.C 98.A.V 98.N.C 98.I.V 98.T.c,2.0 1.5 1.75 1.3 0.8,panit,0.0,3767.0
8072,skin,SAMAL,kulit,k u l i t,1 7 5 7 1,AXBYN,KYLIT,99.0,99.K.C 99.Y.V 99.L.C 99.I.V 99.T.c,2.0 1.5 1.75 1.3 0.8,kulit,0.0,3717.0
8164,skin,SAMBAL BOTOLAN,katat,k a t a t,1 7 1 7 1,AXBYN,KATAT,100.0,100.K.C 100.A.V 100.T.C 100.A.V 100.T.c,2.0 1.5 1.75 1.3 0.8,katat,0.0,3724.0
8256,skin,SANGIL SARANGANI ISLANDS,pisi,p i s i,1 7 3 7,AXBZ,PISI,101.0,101.P.C 101.I.V 101.S.C 101.I.V,2.0 1.5 1.75 0.8,pisi,0.0,3711.0
8348,skin,SEDANG,kea,k e a,1 7 7,AXZ,KEA,102.0,102.K.C 102.E.V 102.A.V,2.0 1.5 0.8,kea,0.0,3763.0
8440,skin,SIBUTU SOUTHERN SAMA,kulit,k u l i t,1 7 5 7 1,AXBYN,KYLIT,103.0,103.K.C 103.Y.V 103.L.C 103.I.V 103.T.c,2.0 1.5 1.75 1.3 0.8,kulit,0.0,3717.0
8532,skin,SOGODNIN BORACAY,panit,p a n i t,1 7 4 7 1,AXBYN,PANIT,105.0,105.P.C 105.A.V 105.N.C 105.I.V 105.T.c,2.0 1.5 1.75 1.3 0.8,panit,0.0,3767.0
8624,skin,SOUTH SAAMI,5alCja,a l j a,7 5 6 7,XBCZ,ALJA,106.0,106.A.V 106.L.C 106.J.C 106.A.V,1.5 1.75 1.5 0.8,alja,0.0,3814.0
8716,skin,SOUTHERN CATANDUANES,panit,p a n i t,1 7 4 7 1,AXBYN,PANIT,107.0,107.P.C 107.A.V 107.N.C 107.I.V 107.T.c,2.0 1.5 1.75 1.3 0.8,panit,0.0,3767.0
8808,skin,SOUTHERN SORSOGON,panit,p a n i t,1 7 4 7 1,AXBYN,PANIT,109.0,109.P.C 109.A.V 109.N.C 109.I.V 109.T.c,2.0 1.5 1.75 1.3 0.8,panit,0.0,3767.0
8900,skin,SOUTHWEST PALAWANO,kulit,k u l i t,1 7 5 7 1,AXBYN,KYLIT,110.0,110.K.C 110.Y.V 110.L.C 110.I.V 110.T.c,2.0 1.5 1.75 1.3 0.8,kulit,0.0,3717.0
8992,skin,SPANISH,piel,p i e l,1 7 7 5,AXYN,PIEL,111.0,111.P.C 111.I.V 111.E.V 111.L.c,2.0 1.5 1.3 0.8,piel,0.0,3729.0
9084,skin,SUBANON SIOCON,panit,p a n i t,1 7 4 7 1,AXBYN,PANIT,112.0,112.P.C 112.A.V 112.N.C 112.I.V 112.T.c,2.0 1.5 1.75 1.3 0.8,panit,0.0,3767.0
9176,skin,SUBANUN SINDANGAN,panit,p a n i t,1 7 4 7 1,AXBYN,PANIT,113.0,113.P.C 113.A.V 113.N.C 113.I.V 113.T.c,2.0 1.5 1.75 1.3 0.8,panit,0.0,3767.0
9268,skin,SURIGAONON,panit,p a n i t,1 7 4 7 1,AXBYN,PANIT,114.0,114.P.C 114.A.V 114.N.C 114.I.V 114.T.c,2.0 1.5 1.75 1.3 0.8,panit,0.0,3767.0
9452,skin,TAGABILI,kulit,k u l i t,1 7 5 7 1,AXBYN,KYLIT,116.0,116.K.C 116.Y.V 116.L.C 116.I.V 116.T.c,2.0 1.5 1.75 1.3 0.8,kulit,0.0,3717.0
9544,skin,TAGALOG,balat,b a l a t,1 7 5 7 1,AXBYN,PALAT,117.0,117.P.C 117.A.V 117.L.C 117.A.V 117.T.c,2.0 1.5 1.75 1.3 0.8,balat,0.0,3767.0
9636,skin,TAGBANWA ABORLAN,lamilamit,l a m i l a m i t,5 7 4 7 5 7 4 7 1,AXBYBYBYN,LAMILAMIT,118.0,118.L.C 118.A.V 118.M.C 118.I.V 118.L.C 118.A.V 118.M.C 118.I.V 118.T.c,2.0 1.5 1.75 1.3 1.75 1.3 1.75 1.3 0.8,lamilamit,0.0,3825.0
9728,skin,TAGBANWA KALAMIAN,ulit,u l i t,7 5 7 1,XBYN,YLIT,119.0,119.Y.V 119.L.C 119.I.V 119.T.c,1.5 1.75 1.3 0.8,ulit,0.0,3717.0
9820,skin,TAUSUG,paʔis,p a ʔ i s,1 7 1 7 3,AXBYN,PAHIS,120.0,120.P.C 120.A.V 120.H.C 120.I.V 120.S.c,2.0 1.5 1.75 1.3 0.8,paʔis,0.0,3711.0
9912,skin,TIMUGON MURUT,kuŋkuŋ,k u ŋ k u ŋ,1 7 4 1 7 4,AXMBYN,KYNKYN,121.0,121.K.C 121.Y.V 121.N.c 121.K.C 121.Y.V 121.N.c,2.0 1.5 1.1 1.75 1.3 0.8,kuŋkuŋ,0.0,3828.0
10004,skin,TIRURAY,kulit,k u l i t,1 7 5 7 1,AXBYN,KYLIT,122.0,122.K.C 122.Y.V 122.L.C 122.I.V 122.T.c,2.0 1.5 1.75 1.3 0.8,kulit,0.0,3717.0
10096,skin,TURKISH,deri,d e r i,1 7 5 7,AXBZ,TERI,123.0,123.T.C 123.E.V 123.R.C 123.I.V,2.0 1.5 1.75 0.8,deri,0.0,3744.0
10188,skin,UGARITIC,Xoru,o r u,7 5 7,XBZ,URY,124.0,124.U.V 124.R.C 124.Y.V,1.5 1.75 0.8,oru,0.0,3744.0
10280,skin,UMIRAY DUMAGET AGTA,katat,k a t a t,1 7 1 7 1,AXBYN,KATAT,125.0,125.K.C 125.A.V 125.T.C 125.A.V 125.T.c,2.0 1.5 1.75 1.3 0.8,katat,0.0,3724.0
10372,skin,WARAY WARAY,panit,p a n i t,1 7 4 7 1,AXBYN,PANIT,126.0,126.P.C 126.A.V 126.N.C 126.I.V 126.T.c,2.0 1.5 1.75 1.3 0.8,panit,0.0,3767.0
10464,skin,YAKAN,kuit,k u i t,1 7 7 1,AXYN,KYIT,127.0,127.K.C 127.Y.V 127.I.V 127.T.c,2.0 1.5 1.3 0.8,kuit,0.0,3717.0
10556,skin,YOGAD,gaddaŋ,g a dd a ŋ,1 7 1 7 4,AXBYN,KATAN,128.0,128.K.C 128.A.V 128.T.C 128.A.V 128.N.c,2.0 1.5 1.75 1.3 0.8,gaddaŋ,0.0,3724.0
10648,skin,ZAMBOANGUENO,pjel,p j e l,1 6 7 5,ACXN,PJEL,129.0,129.P.C 129.J.C 129.E.V 129.L.c,2.0 1.5 1.5 0.8,pjel,0.0,3729.0
10740,skin,IMOROD,kolit,k o l i t,1 7 5 7 1,AXBYN,KULIT,46.0,46.K.C 46.U.V 46.L.C 46.I.V 46.T.c,2.0 1.5 1.75 1.3 0.8,kolit,0.0,3717.0
10832,skin,BABUYAN,kodit,k o d i t,1 7 1 7 1,AXBYN,KUTIT,5.0,5.K.C 5.U.V 5.T.C 5.I.V 5.T.c,2.0 1.5 1.75 1.3 0.8,kodit,0.0,3724.0
10924,skin,BISAYA SABAH,kulit,k u l i t,1 7 5 7 1,AXBYN,KYLIT,14.0,14.K.C 14.Y.V 14.L.C 14.I.V 14.T.c,2.0 1.5 1.75 1.3 0.8,kulit,0.0,3717.0
11016,skin,CAPIZNON,panit,p a n i t,1 7 4 7 1,AXBYN,PANIT,21.0,21.P.C 21.A.V 21.N.C 21.I.V 21.T.c,2.0 1.5 1.75 1.3 0.8,panit,0.0,3767.0
11108,skin,FINALLIG,koblet,k o b l e t,1 7 1 5 7 1,AXBCYN,KUPLET,31.0,31.K.C 31.U.V 31.P.C 31.L.C 31.E.V 31.T.c,2.0 1.5 1.75 1.5 1.3 0.8,koblet,0.0,3717.0
11200,skin,HILIGAYNON,panit,p a n i t,1 7 4 7 1,AXBYN,PANIT,37.0,37.P.C 37.A.V 37.N.C 37.I.V 37.T.c,2.0 1.5 1.75 1.3 0.8,panit,0.0,3767.0
11292,skin,INABAKNON,anit,a n i t,7 4 7 1,XBYN,ANIT,47.0,47.A.V 47.N.C 47.I.V 47.T.c,1.5 1.75 1.3 0.8,anit,0.0,3767.0
11384,skin,KALAGAN KAAGAN,palis,p a l i s,1 7 5 7 3,AXBYN,PALIS,58.0,58.P.C 58.A.V 58.L.C 58.I.V 58.S.c,2.0 1.5 1.75 1.3 0.8,palis,0.0,3767.0
11476,skin,KANKANAEY,kopkop,k o p k o p,1 7 1 1 7 1,AXMBYN,KUPKUP,62.0,62.K.C 62.U.V 62.P.c 62.K.C 62.U.V 62.P.c,2.0 1.5 1.1 1.75 1.3 0.8,kopkop,0.0,3725.0
11568,skin,MANDAYAN BOSO,palis,p a l i s,1 7 5 7 3,AXBYN,PALIS,71.0,71.P.C 71.A.V 71.L.C 71.I.V 71.S.c,2.0 1.5 1.75 1.3 0.8,palis,0.0,3767.0
11660,skin,MANDAYAN ISLAM PISO,palis,p a l i s,1 7 5 7 3,AXBYN,PALIS,72.0,72.P.C 72.A.V 72.L.C 72.I.V 72.S.c,2.0 1.5 1.75 1.3 0.8,palis,0.0,3767.0
11752,skin,SINAUNA,balat,b a l a t,1 7 5 7 1,AXBYN,PALAT,104.0,104.P.C 104.A.V 104.L.C 104.A.V 104.T.c,2.0 1.5 1.75 1.3 0.8,balat,0.0,3767.0
11844,skin,SOUTHERN KALINGA,uglit,u g l i t,7 1 5 7 1,XBCYN,YKLIT,108.0,108.Y.V 108.K.C 108.L.C 108.I.V 108.T.c,1.5 1.75 1.5 1.3 0.8,uglit,0.0,3717.0
805,sleep,BASQUE,lo,l o,5 7,AX,LU,10.0,10.L.C 10.U.V,2.0 1.5,lo,0.0,3829.0
1449,sleep,BUKIDNON BINUKID,tiruga,t i r u g a,1 7 5 7 1 7,AXBYBZ,TIRYKA,18.0,18.T.C 18.I.V 18.R.C 18.Y.V 18.K.C 18.A.V,2.0 1.5 1.75 1.3 1.75 0.8,tiruga,0.0,3830.0
2277,sleep,ENGLISH,slip,s l i p,3 5 7 1,ACXN,SLIP,28.0,28.S.C 28.L.C 28.I.V 28.P.c,2.0 1.5 1.5 0.8,slip,0.0,3831.0
2461,sleep,ESTONIAN,maga,m a g a,4 7 1 7,AXBZ,MAKA,30.0,30.M.C 30.A.V 30.K.C 30.A.V,2.0 1.5 1.75 0.8,maga,0.0,3832.0
2553,sleep,FINNISH,nukku,n u kk u,4 7 1 7,AXBZ,NYKY,32.0,32.N.C 32.Y.V 32.K.C 32.Y.V,2.0 1.5 1.75 0.8,nukku,0.0,3832.0
2829,sleep,HANUNOO,maturug,m a t u r u g,4 7 1 7 5 7 1,AXBYBYN,MATYRYK,35.0,35.M.C 35.A.V 35.T.C 35.Y.V 35.R.C 35.Y.V 35.K.c,2.0 1.5 1.75 1.3 1.75 1.3 0.8,maturug,0.0,3830.0
2921,sleep,HIGAONON BINUKID,tiruga,t i r u g a,1 7 5 7 1 7,AXBYBZ,TIRYKA,36.0,36.T.C 36.I.V 36.R.C 36.Y.V 36.K.C 36.A.V,2.0 1.5 1.75 1.3 1.75 0.8,tiruga,0.0,3830.0
3013,sleep,HUNGARIAN,alud,a l u d,7 5 7 1,XBYN,ALYT,38.0,38.A.V 38.L.C 38.Y.V 38.T.c,1.5 1.75 1.3 0.8,alud,0.0,3829.0
4301,sleep,JAPANESE,nemu,n e m u,4 7 4 7,AXBZ,NEMY,54.0,54.N.C 54.E.V 54.M.C 54.Y.V,2.0 1.5 1.75 0.8,nemu,0.0,3838.0
5037,sleep,KAPAMPANGAN,tudtud,t u d t u d,1 7 1 1 7 1,AXMBYN,TYTTYT,64.0,64.T.C 64.Y.V 64.T.c 64.T.C 64.Y.V 64.T.c,2.0 1.5 1.1 1.75 1.3 0.8,tudtud,0.0,3839.0
5221,sleep,KOREAN,Ca,a,7,X,A,66.0,66.A.V,1.5,a,0.0,3840.0
6877,sleep,MOKSHA,udoms,u d o ms,7 1 7 4,XBYN,YTUM,86.0,86.Y.V 86.T.C 86.U.V 86.M.c,1.5 1.75 1.3 0.8,udoms,0.0,3841.0
8349,sleep,SEDANG,koi,k o i,1 7 7,AXZ,KUI,102.0,102.K.C 102.U.V 102.I.V,2.0 1.5 0.8,koi,1.0,3842.0
8993,sleep,SPANISH,dormi,d o r m i,1 7 5 4 7,AXMBZ,TURMI,111.0,111.T.C 111.U.V 111.R.c 111.M.C 111.I.V,2.0 1.5 1.1 1.75 0.8,dormi,0.0,3841.0
9545,sleep,TAGALOG,tulog,t u l o g,1 7 5 7 1,AXBYN,TYLUK,117.0,117.T.C 117.Y.V 117.L.C 117.U.V 117.K.c,2.0 1.5 1.75 1.3 0.8,tulog,0.0,3830.0
10097,sleep,TURKISH,uju,u j u,7 6 7,XBZ,YJY,123.0,123.Y.V 123.J.C 123.Y.V,1.5 1.75 0.8,uju,0.0,3845.0
10741,sleep,IMOROD,itkeh,i t k e h,7 1 1 7 3,XMBYN,ITKEH,46.0,46.I.V 46.T.c 46.K.C 46.E.V 46.H.c,1.5 1.1 1.75 1.3 0.8,itkeh,0.0,3837.0
806,small,BASQUE,Ciki,i k i,7 1 7,XBZ,IKI,10.0,10.I.V 10.K.C 10.I.V,1.5 1.75 0.8,iki,0.0,3846.0
1450,small,BUKIDNON BINUKID,aCuʔaj,a u ʔ a j,7 7 1 7 6,XYBYN,AYHAJ,18.0,18.A.V 18.Y.V 18.H.C 18.A.V 18.J.c,1.5 1.3 1.75 1.3 0.8,auʔaj,0.0,3847.0
2278,small,ENGLISH,smal,s m a l,3 4 7 5,ACXN,SMAL,28.0,28.S.C 28.M.C 28.A.V 28.L.c,2.0 1.5 1.5 0.8,smal,0.0,3848.0
2462,small,ESTONIAN,vaike,v a i k e,3 7 7 1 7,AXYBZ,BAIKE,30.0,30.B.C 30.A.V 30.I.V 30.K.C 30.E.V,2.0 1.5 1.3 1.75 0.8,vaike,0.0,3846.0
2554,small,FINNISH,pieni,p i e n i,1 7 7 4 7,AXYBZ,PIENI,32.0,32.P.C 32.I.V 32.E.V 32.N.C 32.I.V,2.0 1.5 1.3 1.75 0.8,pieni,0.0,3850.0
2830,small,HANUNOO,diʔit,d i ʔ i t,1 7 1 7 1,AXBYN,TIHIT,35.0,35.T.C 35.I.V 35.H.C 35.I.V 35.T.c,2.0 1.5 1.75 1.3 0.8,diʔit,0.0,3851.0
2922,small,HIGAONON BINUKID,aCuʔaj,a u ʔ a j,7 7 1 7 6,XYBYN,AYHAJ,36.0,36.A.V 36.Y.V 36.H.C 36.A.V 36.J.c,1.5 1.3 1.75 1.3 0.8,auʔaj,0.0,3847.0
3014,small,HUNGARIAN,kis,k i s,1 7 3,AXN,KIS,38.0,38.K.C 38.I.V 38.S.c,2.0 1.5 0.8,kis,0.0,3853.0
4302,small,JAPANESE,Cisai,i s a i,7 3 7 7,XBYZ,ISAI,54.0,54.I.V 54.S.C 54.A.V 54.I.V,1.5 1.75 1.3 0.8,isai,0.0,3855.0
5038,small,KAPAMPANGAN,malati,m a l a t i,4 7 5 7 1 7,AXBYBZ,MALATI,64.0,64.M.C 64.A.V 64.L.C 64.A.V 64.T.C 64.I.V,2.0 1.5 1.75 1.3 1.75 0.8,malati,0.0,3848.0
5222,small,KOREAN,Cakun,a k u n,7 1 7 4,XBYN,AKYN,66.0,66.A.V 66.K.C 66.Y.V 66.N.c,1.5 1.75 1.3 0.8,akun,0.0,3846.0
6878,small,MOKSHA,jomla,j o m l a,6 7 4 5 7,AXBCZ,JUMLA,86.0,86.J.C 86.U.V 86.M.C 86.L.C 86.A.V,2.0 1.5 1.75 1.5 0.8,jomla,0.0,3858.0
8350,small,SEDANG,toSin,t o i n,1 7 7 4,AXYN,TUIN,102.0,102.T.C 102.U.V 102.I.V 102.N.c,2.0 1.5 1.3 0.8,toin,0.0,3859.0
8994,small,SPANISH,peke5o,p e k e o,1 7 1 7 7,AXBYZ,PEKEU,111.0,111.P.C 111.E.V 111.K.C 111.E.V 111.U.V,2.0 1.5 1.75 1.3 0.8,pekeo,0.0,3846.0
9546,small,TAGALOG,malit,m a l i t,4 7 5 7 1,AXBYN,MALIT,117.0,117.M.C 117.A.V 117.L.C 117.I.V 117.T.c,2.0 1.5 1.75 1.3 0.8,malit,0.0,3848.0
10098,small,TURKISH,kiCik,k i i k,1 7 7 1,AXYN,KIIK,123.0,123.K.C 123.I.V 123.I.V 123.K.c,2.0 1.5 1.3 0.8,kiik,0.0,3862.0
10742,small,IMOROD,likej,l i k e j,5 7 1 7 6,AXBYN,LIKEJ,46.0,46.L.C 46.I.V 46.K.C 46.E.V 46.J.c,2.0 1.5 1.75 1.3 0.8,likej,0.0,3854.0
807,smoke,BASQUE,pipaldi,p i p a l d i,1 7 1 7 5 1 7,AXBYMBZ,PIPALTI,10.0,10.P.C 10.I.V 10.P.C 10.A.V 10.L.c 10.T.C 10.I.V,2.0 1.5 1.75 1.3 1.1 1.75 0.8,pipaldi,0.0,3863.0
1451,smoke,BUKIDNON BINUKID,ubul,u b u l,7 1 7 5,XBYN,YPYL,18.0,18.Y.V 18.P.C 18.Y.V 18.L.c,1.5 1.75 1.3 0.8,ubul,0.0,3863.0
2279,smoke,ENGLISH,smok,s m o k,3 4 7 1,ACXN,SMUK,28.0,28.S.C 28.M.C 28.U.V 28.K.c,2.0 1.5 1.5 0.8,smok,0.0,3865.0
2463,smoke,ESTONIAN,suic,s u i c,3 7 7 1,AXYN,SYIC,30.0,30.S.C 30.Y.V 30.I.V 30.C.c,2.0 1.5 1.3 0.8,suic,0.0,3866.0
2555,smoke,FINNISH,savu,s a v u,3 7 3 7,AXBZ,SABY,32.0,32.S.C 32.A.V 32.B.C 32.Y.V,2.0 1.5 1.75 0.8,savu,0.0,3867.0
2831,smoke,HANUNOO,anus,a n u s,7 4 7 3,XBYN,ANYS,35.0,35.A.V 35.N.C 35.Y.V 35.S.c,1.5 1.75 1.3 0.8,anus,0.0,3868.0
2923,smoke,HIGAONON BINUKID,ubul,u b u l,7 1 7 5,XBYN,YPYL,36.0,36.Y.V 36.P.C 36.Y.V 36.L.c,1.5 1.75 1.3 0.8,ubul,0.0,3863.0
3015,smoke,HUNGARIAN,fist,f i s t,3 7 3 1,AXLN,BIST,38.0,38.B.C 38.I.V 38.S.c 38.T.c,2.0 1.5 1.1 0.8,fist,0.0,3870.0
4303,smoke,JAPANESE,kemuri,k e m u r i,1 7 4 7 5 7,AXBYBZ,KEMYRI,54.0,54.K.C 54.E.V 54.M.C 54.Y.V 54.R.C 54.I.V,2.0 1.5 1.75 1.3 1.75 0.8,kemuri,0.0,3872.0
5039,smoke,KAPAMPANGAN,asu,a s u,7 3 7,XBZ,ASY,64.0,64.A.V 64.S.C 64.Y.V,1.5 1.75 0.8,asu,1.0,3873.0
5223,smoke,KOREAN,joŋi,j o ŋ i,6 7 4 7,AXBZ,JUNI,66.0,66.J.C 66.U.V 66.N.C 66.I.V,2.0 1.5 1.75 0.8,joŋi,0.0,3868.0
6879,smoke,MOKSHA,kaCam,k a a m,1 7 7 4,AXYN,KAAM,86.0,86.K.C 86.A.V 86.A.V 86.M.c,2.0 1.5 1.3 0.8,kaam,0.0,3875.0
8351,smoke,SEDANG,ŋoi,ŋ o i,4 7 7,AXZ,NUI,102.0,102.N.C 102.U.V 102.I.V,2.0 1.5 0.8,ŋoi,0.0,3876.0
8995,smoke,SPANISH,umo,u m o,7 4 7,XBZ,YMU,111.0,111.Y.V 111.M.C 111.U.V,1.5 1.75 0.8,umo,0.0,3877.0
9547,smoke,TAGALOG,usok,u s o k,7 3 7 1,XBYN,YSUK,117.0,117.Y.V 117.S.C 117.U.V 117.K.c,1.5 1.75 1.3 0.8,usok,0.0,3873.0
10099,smoke,TURKISH,duman,d u m a n,1 7 4 7 4,AXBYN,TYMAN,123.0,123.T.C 123.Y.V 123.M.C 123.A.V 123.N.c,2.0 1.5 1.75 1.3 0.8,duman,0.0,3877.0
10743,smoke,IMOROD,aob,a o b,7 7 1,XYN,AUP,46.0,46.A.V 46.U.V 46.P.c,1.5 1.3 0.8,aob,0.0,3871.0
808,stand,BASQUE,zutik,z u t i k,3 7 1 7 1,AXBYN,SYTIK,10.0,10.S.C 10.Y.V 10.T.C 10.I.V 10.K.c,2.0 1.5 1.75 1.3 0.8,zutik,0.0,3878.0
1452,stand,BUKIDNON BINUKID,hitindəg,h i t i n d ə g,3 7 1 7 4 1 7 1,AXBYMBYN,HITINTEK,18.0,18.H.C 18.I.V 18.T.C 18.I.V 18.N.c 18.T.C 18.E.V 18.K.c,2.0 1.5 1.75 1.3 1.1 1.75 1.3 0.8,hitindəg,0.0,3879.0
2280,stand,ENGLISH,stEnd,s t n d,3 1 4 1,ACYN,STNT,28.0,28.S.C 28.T.C 28.N.V 28.T.c,2.0 1.5 1.3 0.8,stnd,0.0,3880.0
2464,stand,ESTONIAN,seis,s e i s,3 7 7 3,AXYN,SEIS,30.0,30.S.C 30.E.V 30.I.V 30.S.c,2.0 1.5 1.3 0.8,seis,0.0,3881.0
2556,stand,FINNISH,seiso,s e i s o,3 7 7 3 7,AXYBZ,SEISU,32.0,32.S.C 32.E.V 32.I.V 32.S.C 32.U.V,2.0 1.5 1.3 1.75 0.8,seiso,0.0,3881.0
2832,stand,HANUNOO,tumindug,t u m i n d u g,1 7 4 7 4 1 7 1,AXBYMBYN,TYMINTYK,35.0,35.T.C 35.Y.V 35.M.C 35.I.V 35.N.c 35.T.C 35.Y.V 35.K.c,2.0 1.5 1.75 1.3 1.1 1.75 1.3 0.8,tumindug,0.0,3879.0
2924,stand,HIGAONON BINUKID,hitindəg,h i t i n d ə g,3 7 1 7 4 1 7 1,AXBYMBYN,HITINTEK,36.0,36.H.C 36.I.V 36.T.C 36.I.V 36.N.c 36.T.C 36.E.V 36.K.c,2.0 1.5 1.75 1.3 1.1 1.75 1.3 0.8,hitindəg,0.0,3879.0
3016,stand,HUNGARIAN,all,a ll,7 5,XN,AL,38.0,38.A.V 38.L.c,1.5 0.8,all,0.0,3885.0
4304,stand,JAPANESE,tacu,t a c u,1 7 1 7,AXBZ,TACY,54.0,54.T.C 54.A.V 54.C.C 54.Y.V,2.0 1.5 1.75 0.8,tacu,0.0,3887.0
5040,stand,KAPAMPANGAN,tikdoʔ,t i k d o ʔ,1 7 1 1 7 1,AXMBYN,TIKTUH,64.0,64.T.C 64.I.V 64.K.c 64.T.C 64.U.V 64.H.c,2.0 1.5 1.1 1.75 1.3 0.8,tikdoʔ,0.0,3888.0
5224,stand,KOREAN,so,s o,3 7,AX,SU,66.0,66.S.C 66.U.V,2.0 1.5,so,0.0,3881.0
6880,stand,MOKSHA,aSCjems stjada,a j e ms # s t j a d a,7 6 7 4 9 3 1 6 7 1 7,XBYN_ACCYBZ,AJEM_STJATA,86.0,86.A.V 86.J.C 86.E.V 86.M.c 86._._ 86.S.C 86.T.C 86.J.C 86.A.V 86.T.C 86.A.V,1.5 1.75 1.3 0.8 0.0 2.0 1.5 1.5 1.3 1.75 0.8,ajems#stjada,0.0,3890.0
8352,stand,SEDANG,Suoŋ,u o ŋ,7 7 4,XYN,YUN,102.0,102.Y.V 102.U.V 102.N.c,1.5 1.3 0.8,uoŋ,0.0,3891.0
8996,stand,SPANISH,esta de pie,e s t a # d e # p i e,7 3 1 7 9 1 7 9 1 7 7,XMBZ_AX_AXZ,ESTA_TE_PIE,111.0,111.E.V 111.S.c 111.T.C 111.A.V 111._._ 111.T.C 111.E.V 111._._ 111.P.C 111.I.V 111.E.V,1.5 1.1 1.75 0.8 0.0 2.0 1.5 0.0 2.0 1.5 0.8,esta#de#pie,0.0,3892.0
9548,stand,TAGALOG,tajo,t a j o,1 7 6 7,AXBZ,TAJU,117.0,117.T.C 117.A.V 117.J.C 117.U.V,2.0 1.5 1.75 0.8,tajo,0.0,3887.0
10100,stand,TURKISH,ajakta dur,a j a k t a # d u r,7 6 7 1 1 7 9 1 7 5,XBYMBZ_AXN,AJAKTA_TYR,123.0,123.A.V 123.J.C 123.A.V 123.K.c 123.T.C 123.A.V 123._._ 123.T.C 123.Y.V 123.R.c,1.5 1.75 1.3 1.1 1.75 0.8 0.0 2.0 1.5 0.8,ajakta#dur,0.0,3894.0
10744,stand,IMOROD,tanek,t a n e k,1 7 4 7 1,AXBYN,TANEK,46.0,46.T.C 46.A.V 46.N.C 46.E.V 46.K.c,2.0 1.5 1.75 1.3 0.8,tanek,0.0,3879.0
73,star,AGTA,bitwon,b i tw o n,1 7 1 7 4,AXBYN,PITUN,1.0,1.P.C 1.I.V 1.T.C 1.U.V 1.N.c,2.0 1.5 1.75 1.3 0.8,bitwon,0.0,3907.0
165,star,AKLANON,bituʔun,b i t u ʔ u n,1 7 1 7 1 7 4,AXBYBYN,PITYHYN,2.0,2.P.C 2.I.V 2.T.C 2.Y.V 2.H.C 2.Y.V 2.N.c,2.0 1.5 1.75 1.3 1.75 1.3 0.8,bituʔun,0.0,3907.0
349,star,ATTA PAMPLONA,bituan,b i t u a n,1 7 1 7 7 4,AXBYYN,PITYAN,4.0,4.P.C 4.I.V 4.T.C 4.Y.V 4.A.V 4.N.c,2.0 1.5 1.75 1.3 1.3 0.8,bituan,0.0,3907.0
533,star,BALANGAW,talaw,t a l a w,1 7 5 7 6,AXBYN,TALAW,7.0,7.T.C 7.A.V 7.L.C 7.A.V 7.W.c,2.0 1.5 1.75 1.3 0.8,talaw,0.0,3899.0
625,star,BALANGINGI SAMA,bituʔun,b i t u ʔ u n,1 7 1 7 1 7 4,AXBYBYN,PITYHYN,8.0,8.P.C 8.I.V 8.T.C 8.Y.V 8.H.C 8.Y.V 8.N.c,2.0 1.5 1.75 1.3 1.75 1.3 0.8,bituʔun,0.0,3907.0
717,star,BANTON BANTOANON,bituʔon,b i t u ʔ o n,1 7 1 7 1 7 4,AXBYBYN,PITYHUN,9.0,9.P.C 9.I.V 9.T.C 9.Y.V 9.H.C 9.U.V 9.N.c,2.0 1.5 1.75 1.3 1.75 1.3 0.8,bituʔon,0.0,3907.0
809,star,BASQUE,izar,i z a r,7 3 7 5,XBYN,ISAR,10.0,10.I.V 10.S.C 10.A.V 10.R.c,1.5 1.75 1.3 0.8,izar,0.0,3902.0
901,star,BATAK PALAWAN,panakunun,p a n a k u n u n,1 7 4 7 1 7 4 7 4,AXBYBYBYN,PANAKYNYN,11.0,11.P.C 11.A.V 11.N.C 11.A.V 11.K.C 11.Y.V 11.N.C 11.Y.V 11.N.c,2.0 1.5 1.75 1.3 1.75 1.3 1.75 1.3 0.8,panakunun,0.0,3903.0
993,star,BILAAN KORONADAL,blotik,b l o t i k,1 5 7 1 7 1,ACXBYN,PLUTIK,12.0,12.P.C 12.L.C 12.U.V 12.T.C 12.I.V 12.K.c,2.0 1.5 1.5 1.75 1.3 0.8,blotik,0.0,3904.0
1085,star,BILAAN SARANGANI,blatik,b l a t i k,1 5 7 1 7 1,ACXBYN,PLATIK,13.0,13.P.C 13.L.C 13.A.V 13.T.C 13.I.V 13.K.c,2.0 1.5 1.5 1.75 1.3 0.8,blatik,0.0,3904.0
1177,star,BONGGI,bitudn,b i t u d n,1 7 1 7 1 4,AXBYBC,PITYTN,15.0,15.P.C 15.I.V 15.T.C 15.Y.V 15.T.C 15.N.C,2.0 1.5 1.75 1.3 1.75 1.5,bitudn,0.0,3907.0
1269,star,BONTOC GUINAANG,talaw,t a l a w,1 7 5 7 6,AXBYN,TALAW,16.0,16.T.C 16.A.V 16.L.C 16.A.V 16.W.c,2.0 1.5 1.75 1.3 0.8,talaw,0.0,3899.0
1361,star,BUHI,bitiʔwin,b i t i ʔw i n,1 7 1 7 1 7 4,AXBYBYN,PITIHIN,17.0,17.P.C 17.I.V 17.T.C 17.I.V 17.H.C 17.I.V 17.N.c,2.0 1.5 1.75 1.3 1.75 1.3 0.8,bitiʔwin,0.0,3907.0
1453,star,BUKIDNON BINUKID,bituon,b i t u o n,1 7 1 7 7 4,AXBYYN,PITYUN,18.0,18.P.C 18.I.V 18.T.C 18.Y.V 18.U.V 18.N.c,2.0 1.5 1.75 1.3 1.3 0.8,bituon,0.0,3907.0
1545,star,BUTUANON,bituon,b i t u o n,1 7 1 7 7 4,AXBYYN,PITYUN,19.0,19.P.C 19.I.V 19.T.C 19.Y.V 19.U.V 19.N.c,2.0 1.5 1.75 1.3 1.3 0.8,bituon,0.0,3907.0
1637,star,CAIJIA,Sisu,i s u,7 3 7,XBZ,ISY,20.0,20.I.V 20.S.C 20.Y.V,1.5 1.75 0.8,isu,0.0,3902.0
1729,star,CEBUANO,bitun,b i t u n,1 7 1 7 4,AXBYN,PITYN,22.0,22.P.C 22.I.V 22.T.C 22.Y.V 22.N.c,2.0 1.5 1.75 1.3 0.8,bitun,0.0,3907.0
1821,star,CENTRAL TAGBANWA,bitukon,b i t u k o n,1 7 1 7 1 7 4,AXBYBYN,PITYKUN,23.0,23.P.C 23.I.V 23.T.C 23.Y.V 23.K.C 23.U.V 23.N.c,2.0 1.5 1.75 1.3 1.75 1.3 0.8,bitukon,0.0,3907.0
1913,star,CUYONON,biton,b i t o n,1 7 1 7 4,AXBYN,PITUN,24.0,24.P.C 24.I.V 24.T.C 24.U.V 24.N.c,2.0 1.5 1.75 1.3 0.8,biton,0.0,3907.0
2005,star,DARAGA,bituʔun,b i t u ʔ u n,1 7 1 7 1 7 4,AXBYBYN,PITYHYN,25.0,25.P.C 25.I.V 25.T.C 25.Y.V 25.H.C 25.Y.V 25.N.c,2.0 1.5 1.75 1.3 1.75 1.3 0.8,bituʔun,0.0,3907.0
2097,star,DUMAGAT CASIGURAN,biton,b i t o n,1 7 1 7 4,AXBYN,PITUN,26.0,26.P.C 26.I.V 26.T.C 26.U.V 26.N.c,2.0 1.5 1.75 1.3 0.8,biton,0.0,3907.0
2189,star,DUPANINGAN AGTA,pusijan,p u s i j a n,1 7 3 7 6 7 4,AXBYBYN,PYSIJAN,27.0,27.P.C 27.Y.V 27.S.C 27.I.V 27.J.C 27.A.V 27.N.c,2.0 1.5 1.75 1.3 1.75 1.3 0.8,pusijan,0.0,3907.0
2281,star,ENGLISH,star,s t a r,3 1 7 5,ACYN,STAR,28.0,28.S.C 28.T.C 28.A.V 28.R.c,2.0 1.5 1.3 0.8,star,0.0,3920.0
2373,star,ESKAYAN,pisakol,p i s a k o l,1 7 3 7 1 7 5,AXBYBYN,PISAKUL,29.0,29.P.C 29.I.V 29.S.C 29.A.V 29.K.C 29.U.V 29.L.c,2.0 1.5 1.75 1.3 1.75 1.3 0.8,pisakol,0.0,3921.0
2465,star,ESTONIAN,tat,t a t,1 7 1,AXN,TAT,30.0,30.T.C 30.A.V 30.T.c,2.0 1.5 0.8,tat,0.0,3922.0
2557,star,FINNISH,tEhti,t t i,1 1 7,ACZ,TTI,32.0,32.T.C 32.T.C 32.I.V,2.0 1.5 0.8,tti,0.0,3924.0
2649,star,FUZHOU CHINESE,8iŋ,i ŋ,7 4,XN,IN,33.0,33.I.V 33.N.c,1.5 0.8,iŋ,1.0,3925.0
2741,star,GADDANG,bitun,b i t u n,1 7 1 7 4,AXBYN,PITYN,34.0,34.P.C 34.I.V 34.T.C 34.Y.V 34.N.c,2.0 1.5 1.75 1.3 0.8,bitun,0.0,3907.0
2833,star,HANUNOO,pamgasan,p a m g a s a n,1 7 4 1 7 3 7 4,AXMBYBYN,PAMKASAN,35.0,35.P.C 35.A.V 35.M.c 35.K.C 35.A.V 35.S.C 35.A.V 35.N.c,2.0 1.5 1.1 1.75 1.3 1.75 1.3 0.8,pamgasan,0.0,3903.0
2925,star,HIGAONON BINUKID,bituon,b i t u o n,1 7 1 7 7 4,AXBYYN,PITYUN,36.0,36.P.C 36.I.V 36.T.C 36.Y.V 36.U.V 36.N.c,2.0 1.5 1.75 1.3 1.3 0.8,bituon,0.0,3907.0
3017,star,HUNGARIAN,Cillag,i ll a g,7 5 7 1,XBYN,ILAK,38.0,38.I.V 38.L.C 38.A.V 38.K.c,1.5 1.75 1.3 0.8,illag,0.0,3930.0
3109,star,IBANAG,bitun,b i t u n,1 7 1 7 4,AXBYN,PITYN,39.0,39.P.C 39.I.V 39.T.C 39.Y.V 39.N.c,2.0 1.5 1.75 1.3 0.8,bitun,0.0,3907.0
3201,star,IDAAN,botun,b o t u n,1 7 1 7 4,AXBYN,PUTYN,40.0,40.P.C 40.U.V 40.T.C 40.Y.V 40.N.c,2.0 1.5 1.75 1.3 0.8,botun,0.0,3907.0
3293,star,IFUGAO AMGANAD,bittuwon,b i tt u w o n,1 7 1 7 6 7 4,AXBYBYN,PITYWUN,41.0,41.P.C 41.I.V 41.T.C 41.Y.V 41.W.C 41.U.V 41.N.c,2.0 1.5 1.75 1.3 1.75 1.3 0.8,bittuwon,0.0,3907.0
3385,star,IFUGAO BATAD,bittuan,b i tt u a n,1 7 1 7 7 4,AXBYYN,PITYAN,42.0,42.P.C 42.I.V 42.T.C 42.Y.V 42.A.V 42.N.c,2.0 1.5 1.75 1.3 1.3 0.8,bittuan,0.0,3907.0
3477,star,IFUGAO BAYNINAN,bittuwon,b i tt u w o n,1 7 1 7 6 7 4,AXBYBYN,PITYWUN,43.0,43.P.C 43.I.V 43.T.C 43.Y.V 43.W.C 43.U.V 43.N.c,2.0 1.5 1.75 1.3 1.75 1.3 0.8,bittuwon,0.0,3907.0
3569,star,ILOKANO,bituen,b i t u e n,1 7 1 7 7 4,AXBYYN,PITYEN,44.0,44.P.C 44.I.V 44.T.C 44.Y.V 44.E.V 44.N.c,2.0 1.5 1.75 1.3 1.3 0.8,bituen,0.0,3907.0
3661,star,ILONGOT KAKIDUGEN,pandək,p a n d ə k,1 7 4 1 7 1,AXMBYN,PANTEK,45.0,45.P.C 45.A.V 45.N.c 45.T.C 45.E.V 45.K.c,2.0 1.5 1.1 1.75 1.3 0.8,pandək,0.0,3904.0
3753,star,INIBALOI,talaw,t a l a w,1 7 5 7 6,AXBYN,TALAW,48.0,48.T.C 48.A.V 48.L.C 48.A.V 48.W.c,2.0 1.5 1.75 1.3 0.8,talaw,0.0,3899.0
3845,star,IRANUN,bituʔun,b i t u ʔ u n,1 7 1 7 1 7 4,AXBYBYN,PITYHYN,49.0,49.P.C 49.I.V 49.T.C 49.Y.V 49.H.C 49.Y.V 49.N.c,2.0 1.5 1.75 1.3 1.75 1.3 0.8,bituʔun,0.0,3907.0
3937,star,IRIGA,bituʔun,b i t u ʔ u n,1 7 1 7 1 7 4,AXBYBYN,PITYHYN,50.0,50.P.C 50.I.V 50.T.C 50.Y.V 50.H.C 50.Y.V 50.N.c,2.0 1.5 1.75 1.3 1.75 1.3 0.8,bituʔun,0.0,3907.0
4029,star,ISNAG,bituwan,b i t u w a n,1 7 1 7 6 7 4,AXBYBYN,PITYWAN,51.0,51.P.C 51.I.V 51.T.C 51.Y.V 51.W.C 51.A.V 51.N.c,2.0 1.5 1.75 1.3 1.75 1.3 0.8,bituwan,0.0,3907.0
4121,star,ITAWIT,bitwEn,b i tw n,1 7 1 4,AXBC,PITN,52.0,52.P.C 52.I.V 52.T.C 52.N.C,2.0 1.5 1.75 1.5,bitwn,0.0,3907.0
4213,star,ITNEG BINONGAN,bitowən,b i t o w ə n,1 7 1 7 6 7 4,AXBYBYN,PITUWEN,53.0,53.P.C 53.I.V 53.T.C 53.U.V 53.W.C 53.E.V 53.N.c,2.0 1.5 1.75 1.3 1.75 1.3 0.8,bitowən,0.0,3907.0
4305,star,JAPANESE,hoSi,h o i,3 7 7,AXZ,HUI,54.0,54.H.C 54.U.V 54.I.V,2.0 1.5 0.8,hoi,0.0,3946.0
4397,star,KADAZAN,tombituon,t o m b i t u o n,1 7 4 1 7 1 7 7 4,AXMBYBYYN,TUMPITYUN,55.0,55.T.C 55.U.V 55.M.c 55.P.C 55.I.V 55.T.C 55.Y.V 55.U.V 55.N.c,2.0 1.5 1.1 1.75 1.3 1.75 1.3 1.3 0.8,tombituon,0.0,3907.0
4489,star,KAGAYANEN,bituʔun,b i t u ʔ u n,1 7 1 7 1 7 4,AXBYBYN,PITYHYN,56.0,56.P.C 56.I.V 56.T.C 56.Y.V 56.H.C 56.Y.V 56.N.c,2.0 1.5 1.75 1.3 1.75 1.3 0.8,bituʔun,0.0,3907.0
4581,star,KALAGAN,bitun,b i t u n,1 7 1 7 4,AXBYN,PITYN,57.0,57.P.C 57.I.V 57.T.C 57.Y.V 57.N.c,2.0 1.5 1.75 1.3 0.8,bitun,0.0,3907.0
4673,star,KALINGA GUINAANG,bituwon,b i t u w o n,1 7 1 7 6 7 4,AXBYBYN,PITYWUN,59.0,59.P.C 59.I.V 59.T.C 59.Y.V 59.W.C 59.U.V 59.N.c,2.0 1.5 1.75 1.3 1.75 1.3 0.8,bituwon,0.0,3907.0
4765,star,KALINGA LIMOS,bituwon,b i t u w o n,1 7 1 7 6 7 4,AXBYBYN,PITYWUN,60.0,60.P.C 60.I.V 60.T.C 60.Y.V 60.W.C 60.U.V 60.N.c,2.0 1.5 1.75 1.3 1.75 1.3 0.8,bituwon,0.0,3907.0
4857,star,KALLAHAN KAYAPA PROPER,talaw,t a l a w,1 7 5 7 6,AXBYN,TALAW,61.0,61.T.C 61.A.V 61.L.C 61.A.V 61.W.c,2.0 1.5 1.75 1.3 0.8,talaw,0.0,3899.0
4949,star,KANKANAY NORTHERN,talaw,t a l a w,1 7 5 7 6,AXBYN,TALAW,63.0,63.T.C 63.A.V 63.L.C 63.A.V 63.W.c,2.0 1.5 1.75 1.3 0.8,talaw,0.0,3899.0
5041,star,KAPAMPANGAN,batwin,b a tw i n,1 7 1 7 4,AXBYN,PATIN,64.0,64.P.C 64.A.V 64.T.C 64.I.V 64.N.c,2.0 1.5 1.75 1.3 0.8,batwin,0.0,3907.0
5133,star,KINARAY A,biton,b i t o n,1 7 1 7 4,AXBYN,PITUN,65.0,65.P.C 65.I.V 65.T.C 65.U.V 65.N.c,2.0 1.5 1.75 1.3 0.8,biton,0.0,3907.0
5225,star,KOREAN,pjol,p j o l,1 6 7 5,ACXN,PJUL,66.0,66.P.C 66.J.C 66.U.V 66.L.c,2.0 1.5 1.5 0.8,pjol,0.0,3958.0
5317,star,LEGAZPI,bituʔun,b i t u ʔ u n,1 7 1 7 1 7 4,AXBYBYN,PITYHYN,67.0,67.P.C 67.I.V 67.T.C 67.Y.V 67.H.C 67.Y.V 67.N.c,2.0 1.5 1.75 1.3 1.75 1.3 0.8,bituʔun,0.0,3907.0
5409,star,LIBON,bituʔun,b i t u ʔ u n,1 7 1 7 1 7 4,AXBYBYN,PITYHYN,68.0,68.P.C 68.I.V 68.T.C 68.Y.V 68.H.C 68.Y.V 68.N.c,2.0 1.5 1.75 1.3 1.75 1.3 0.8,bituʔun,0.0,3907.0
5593,star,MAMANWA,bitoʔon,b i t o ʔ o n,1 7 1 7 1 7 4,AXBYBYN,PITUHUN,70.0,70.P.C 70.I.V 70.T.C 70.U.V 70.H.C 70.U.V 70.N.c,2.0 1.5 1.75 1.3 1.75 1.3 0.8,bitoʔon,0.0,3907.0
5777,star,MANOBO ATA,bituʔon,b i t u ʔ o n,1 7 1 7 1 7 4,AXBYBYN,PITYHUN,74.0,74.P.C 74.I.V 74.T.C 74.Y.V 74.H.C 74.U.V 74.N.c,2.0 1.5 1.75 1.3 1.75 1.3 0.8,bituʔon,0.0,3907.0
5869,star,MANOBO DIBABAWON,bituʔən,b i t u ʔ ə n,1 7 1 7 1 7 4,AXBYBYN,PITYHEN,75.0,75.P.C 75.I.V 75.T.C 75.Y.V 75.H.C 75.E.V 75.N.c,2.0 1.5 1.75 1.3 1.75 1.3 0.8,bituʔən,0.0,3907.0
5961,star,MANOBO ILIANEN,bituʔən,b i t u ʔ ə n,1 7 1 7 1 7 4,AXBYBYN,PITYHEN,76.0,76.P.C 76.I.V 76.T.C 76.Y.V 76.H.C 76.E.V 76.N.c,2.0 1.5 1.75 1.3 1.75 1.3 0.8,bituʔən,0.0,3907.0
6053,star,MANOBO KALAMANSIG COTABATO,bituʔən,b i t u ʔ ə n,1 7 1 7 1 7 4,AXBYBYN,PITYHEN,77.0,77.P.C 77.I.V 77.T.C 77.Y.V 77.H.C 77.E.V 77.N.c,2.0 1.5 1.75 1.3 1.75 1.3 0.8,bituʔən,0.0,3907.0
6145,star,MANOBO SARANGANI,bitoʔon,b i t o ʔ o n,1 7 1 7 1 7 4,AXBYBYN,PITUHUN,78.0,78.P.C 78.I.V 78.T.C 78.U.V 78.H.C 78.U.V 78.N.c,2.0 1.5 1.75 1.3 1.75 1.3 0.8,bitoʔon,0.0,3907.0
6237,star,MANOBO TIGWA,bituʔən,b i t u ʔ ə n,1 7 1 7 1 7 4,AXBYBYN,PITYHEN,79.0,79.P.C 79.I.V 79.T.C 79.Y.V 79.H.C 79.E.V 79.N.c,2.0 1.5 1.75 1.3 1.75 1.3 0.8,bituʔən,0.0,3907.0
6329,star,MANOBO WESTERN BUKIDNON,bituʔən,b i t u ʔ ə n,1 7 1 7 1 7 4,AXBYBYN,PITYHEN,80.0,80.P.C 80.I.V 80.T.C 80.Y.V 80.H.C 80.E.V 80.N.c,2.0 1.5 1.75 1.3 1.75 1.3 0.8,bituʔən,0.0,3907.0
6421,star,MANSAKA,bituʔun,b i t u ʔ u n,1 7 1 7 1 7 4,AXBYBYN,PITYHYN,81.0,81.P.C 81.I.V 81.T.C 81.Y.V 81.H.C 81.Y.V 81.N.c,2.0 1.5 1.75 1.3 1.75 1.3 0.8,bituʔun,0.0,3907.0
6513,star,MAPUN,potean,p o t e a n,1 7 1 7 7 4,AXBYYN,PUTEAN,82.0,82.P.C 82.U.V 82.T.C 82.E.V 82.A.V 82.N.c,2.0 1.5 1.75 1.3 1.3 0.8,potean,0.0,3907.0
6605,star,MARANAO,bitoʔon,b i t o ʔ o n,1 7 1 7 1 7 4,AXBYBYN,PITUHUN,83.0,83.P.C 83.I.V 83.T.C 83.U.V 83.H.C 83.U.V 83.N.c,2.0 1.5 1.75 1.3 1.75 1.3 0.8,bitoʔon,0.0,3907.0
6697,star,MASBATENYO,bituon,b i t u o n,1 7 1 7 7 4,AXBYYN,PITYUN,84.0,84.P.C 84.I.V 84.T.C 84.Y.V 84.U.V 84.N.c,2.0 1.5 1.75 1.3 1.3 0.8,bituon,0.0,3907.0
6789,star,MINANGALI LOWER TANUDAN KALINGA,bituwon,b i t u w o n,1 7 1 7 6 7 4,AXBYBYN,PITYWUN,85.0,85.P.C 85.I.V 85.T.C 85.Y.V 85.W.C 85.U.V 85.N.c,2.0 1.5 1.75 1.3 1.75 1.3 0.8,bituwon,0.0,3907.0
6881,star,MOKSHA,tjaStje,t j a t j e,1 6 7 1 6 7,ACXBCZ,TJATJE,86.0,86.T.C 86.J.C 86.A.V 86.T.C 86.J.C 86.E.V,2.0 1.5 1.5 1.75 1.5 0.8,tjatje,0.0,3976.0
6973,star,MOLBOG,bituʔon,b i t u ʔ o n,1 7 1 7 1 7 4,AXBYBYN,PITYHUN,87.0,87.P.C 87.I.V 87.T.C 87.Y.V 87.H.C 87.U.V 87.N.c,2.0 1.5 1.75 1.3 1.75 1.3 0.8,bituʔon,0.0,3907.0
7065,star,MONGOLIAN,ot,o t,7 1,XN,UT,88.0,88.U.V 88.T.c,1.5 0.8,ot,0.0,3922.0
7157,star,MORO MAGINDANAU,bitu,b i t u,1 7 1 7,AXBZ,PITY,89.0,89.P.C 89.I.V 89.T.C 89.Y.V,2.0 1.5 1.75 0.8,bitu,0.0,3907.0
7249,star,NORTHERN CATANDUANES,bituʔun,b i t u ʔ u n,1 7 1 7 1 7 4,AXBYBYN,PITYHYN,90.0,90.P.C 90.I.V 90.T.C 90.Y.V 90.H.C 90.Y.V 90.N.c,2.0 1.5 1.75 1.3 1.75 1.3 0.8,bituʔun,0.0,3907.0
7341,star,NORTHERN SORSOGON,bituʔun,b i t u ʔ u n,1 7 1 7 1 7 4,AXBYBYN,PITYHYN,91.0,91.P.C 91.I.V 91.T.C 91.Y.V 91.H.C 91.Y.V 91.N.c,2.0 1.5 1.75 1.3 1.75 1.3 0.8,bituʔun,0.0,3907.0
7433,star,OAS,bituʔun,b i t u ʔ u n,1 7 1 7 1 7 4,AXBYBYN,PITYHYN,92.0,92.P.C 92.I.V 92.T.C 92.Y.V 92.H.C 92.Y.V 92.N.c,2.0 1.5 1.75 1.3 1.75 1.3 0.8,bituʔun,0.0,3907.0
7525,star,PALAWANO BATAK,panakonun,p a n a k o n u n,1 7 4 7 1 7 4 7 4,AXBYBYBYN,PANAKUNYN,93.0,93.P.C 93.A.V 93.N.C 93.A.V 93.K.C 93.U.V 93.N.C 93.Y.V 93.N.c,2.0 1.5 1.75 1.3 1.75 1.3 1.75 1.3 0.8,panakonun,0.0,3903.0
7617,star,PANGASINAN,biteuen,b i t e u e n,1 7 1 7 7 7 4,AXBYYYN,PITEYEN,94.0,94.P.C 94.I.V 94.T.C 94.E.V 94.Y.V 94.E.V 94.N.c,2.0 1.5 1.75 1.3 1.3 1.3 0.8,biteuen,0.0,3907.0
7709,star,PANGUTARAN SAMA,bitun,b i t u n,1 7 1 7 4,AXBYN,PITYN,95.0,95.P.C 95.I.V 95.T.C 95.Y.V 95.N.c,2.0 1.5 1.75 1.3 0.8,bitun,0.0,3907.0
7801,star,PROTO PALAWAN,bituʔən,b i t u ʔ ə n,1 7 1 7 1 7 4,AXBYBYN,PITYHEN,96.0,96.P.C 96.I.V 96.T.C 96.Y.V 96.H.C 96.E.V 96.N.c,2.0 1.5 1.75 1.3 1.75 1.3 0.8,bituʔən,0.0,3907.0
7893,star,QUEZON PALAWAN,bituʔən,b i t u ʔ ə n,1 7 1 7 1 7 4,AXBYBYN,PITYHEN,97.0,97.P.C 97.I.V 97.T.C 97.Y.V 97.H.C 97.E.V 97.N.c,2.0 1.5 1.75 1.3 1.75 1.3 0.8,bituʔən,0.0,3907.0
7985,star,ROMBLOMANON 2,bituʔun,b i t u ʔ u n,1 7 1 7 1 7 4,AXBYBYN,PITYHYN,98.0,98.P.C 98.I.V 98.T.C 98.Y.V 98.H.C 98.Y.V 98.N.c,2.0 1.5 1.75 1.3 1.75 1.3 0.8,bituʔun,0.0,3907.0
8077,star,SAMAL,bituʔun,b i t u ʔ u n,1 7 1 7 1 7 4,AXBYBYN,PITYHYN,99.0,99.P.C 99.I.V 99.T.C 99.Y.V 99.H.C 99.Y.V 99.N.c,2.0 1.5 1.75 1.3 1.75 1.3 0.8,bituʔun,0.0,3907.0
8169,star,SAMBAL BOTOLAN,bitoʔən,b i t o ʔ ə n,1 7 1 7 1 7 4,AXBYBYN,PITUHEN,100.0,100.P.C 100.I.V 100.T.C 100.U.V 100.H.C 100.E.V 100.N.c,2.0 1.5 1.75 1.3 1.75 1.3 0.8,bitoʔən,0.0,3907.0
8261,star,SANGIL SARANGANI ISLANDS,bituiŋ,b i t u i ŋ,1 7 1 7 7 4,AXBYYN,PITYIN,101.0,101.P.C 101.I.V 101.T.C 101.Y.V 101.I.V 101.N.c,2.0 1.5 1.75 1.3 1.3 0.8,bituiŋ,0.0,3907.0
8353,star,SEDANG,holoŋ,h o l o ŋ,3 7 5 7 4,AXBYN,HULUN,102.0,102.H.C 102.U.V 102.L.C 102.U.V 102.N.c,2.0 1.5 1.75 1.3 0.8,holoŋ,0.0,3992.0
8445,star,SIBUTU SOUTHERN SAMA,mamahi,m a m a h i,4 7 4 7 3 7,AXBYBZ,MAMAHI,103.0,103.M.C 103.A.V 103.M.C 103.A.V 103.H.C 103.I.V,2.0 1.5 1.75 1.3 1.75 0.8,mamahi,0.0,3993.0
8537,star,SOGODNIN BORACAY,biton,b i t o n,1 7 1 7 4,AXBYN,PITUN,105.0,105.P.C 105.I.V 105.T.C 105.U.V 105.N.c,2.0 1.5 1.75 1.3 0.8,biton,0.0,3907.0
8629,star,SOUTH SAAMI,naestiə,n a e s t i ə,4 7 7 3 1 7 7,AXYMBYZ,NAESTIE,106.0,106.N.C 106.A.V 106.E.V 106.S.c 106.T.C 106.I.V 106.E.V,2.0 1.5 1.3 1.1 1.75 1.3 0.8,naestiə,0.0,3996.0
8721,star,SOUTHERN CATANDUANES,bituʔun,b i t u ʔ u n,1 7 1 7 1 7 4,AXBYBYN,PITYHYN,107.0,107.P.C 107.I.V 107.T.C 107.Y.V 107.H.C 107.Y.V 107.N.c,2.0 1.5 1.75 1.3 1.75 1.3 0.8,bituʔun,0.0,3907.0
8813,star,SOUTHERN SORSOGON,bituʔun,b i t u ʔ u n,1 7 1 7 1 7 4,AXBYBYN,PITYHYN,109.0,109.P.C 109.I.V 109.T.C 109.Y.V 109.H.C 109.Y.V 109.N.c,2.0 1.5 1.75 1.3 1.75 1.3 0.8,bituʔun,0.0,3907.0
8905,star,SOUTHWEST PALAWANO,bituen,b i t u e n,1 7 1 7 7 4,AXBYYN,PITYEN,110.0,110.P.C 110.I.V 110.T.C 110.Y.V 110.E.V 110.N.c,2.0 1.5 1.75 1.3 1.3 0.8,bituen,0.0,3907.0
8997,star,SPANISH,estreja,e s t r e j a,7 3 1 5 7 6 7,XMBCYBZ,ESTREJA,111.0,111.E.V 111.S.c 111.T.C 111.R.C 111.E.V 111.J.C 111.A.V,1.5 1.1 1.75 1.5 1.3 1.75 0.8,estreja,0.0,4001.0
9089,star,SUBANON SIOCON,bitun,b i t u n,1 7 1 7 4,AXBYN,PITYN,112.0,112.P.C 112.I.V 112.T.C 112.Y.V 112.N.c,2.0 1.5 1.75 1.3 0.8,bitun,0.0,3907.0
9181,star,SUBANUN SINDANGAN,bitun,b i t u n,1 7 1 7 4,AXBYN,PITYN,113.0,113.P.C 113.I.V 113.T.C 113.Y.V 113.N.c,2.0 1.5 1.75 1.3 0.8,bitun,0.0,3907.0
9273,star,SURIGAONON,biton,b i t o n,1 7 1 7 4,AXBYN,PITUN,114.0,114.P.C 114.I.V 114.T.C 114.U.V 114.N.c,2.0 1.5 1.75 1.3 0.8,biton,0.0,3907.0
9457,star,TAGABILI,blotik,b l o t i k,1 5 7 1 7 1,ACXBYN,PLUTIK,116.0,116.P.C 116.L.C 116.U.V 116.T.C 116.I.V 116.K.c,2.0 1.5 1.5 1.75 1.3 0.8,blotik,0.0,3904.0
9549,star,TAGALOG,bituin,b i t u i n,1 7 1 7 7 4,AXBYYN,PITYIN,117.0,117.P.C 117.I.V 117.T.C 117.Y.V 117.I.V 117.N.c,2.0 1.5 1.75 1.3 1.3 0.8,bituin,0.0,3907.0
9641,star,TAGBANWA ABORLAN,bituʔun,b i t u ʔ u n,1 7 1 7 1 7 4,AXBYBYN,PITYHYN,118.0,118.P.C 118.I.V 118.T.C 118.Y.V 118.H.C 118.Y.V 118.N.c,2.0 1.5 1.75 1.3 1.75 1.3 0.8,bituʔun,0.0,3907.0
9733,star,TAGBANWA KALAMIAN,bitukun,b i t u k u n,1 7 1 7 1 7 4,AXBYBYN,PITYKYN,119.0,119.P.C 119.I.V 119.T.C 119.Y.V 119.K.C 119.Y.V 119.N.c,2.0 1.5 1.75 1.3 1.75 1.3 0.8,bitukun,0.0,3907.0
9825,star,TAUSUG,bituʔun,b i t u ʔ u n,1 7 1 7 1 7 4,AXBYBYN,PITYHYN,120.0,120.P.C 120.I.V 120.T.C 120.Y.V 120.H.C 120.Y.V 120.N.c,2.0 1.5 1.75 1.3 1.75 1.3 0.8,bituʔun,0.0,3907.0
9917,star,TIMUGON MURUT,butitin,b u t i t i n,1 7 1 7 1 7 4,AXBYBYN,PYTITIN,121.0,121.P.C 121.Y.V 121.T.C 121.I.V 121.T.C 121.I.V 121.N.c,2.0 1.5 1.75 1.3 1.75 1.3 0.8,butitin,0.0,3907.0
10009,star,TIRURAY,gitoʔon,g i t o ʔ o n,1 7 1 7 1 7 4,AXBYBYN,KITUHUN,122.0,122.K.C 122.I.V 122.T.C 122.U.V 122.H.C 122.U.V 122.N.c,2.0 1.5 1.75 1.3 1.75 1.3 0.8,gitoʔon,0.0,3907.0
10101,star,TURKISH,jəldəz,j ə l d ə z,6 7 5 1 7 3,AXMBYN,JELTES,123.0,123.J.C 123.E.V 123.L.c 123.T.C 123.E.V 123.S.c,2.0 1.5 1.1 1.75 1.3 0.8,jəldəz,0.0,4012.0
10193,star,UGARITIC,kbkb,k b k b,1 1 1 1,ALLN,KPKP,124.0,124.K.C 124.P.c 124.K.c 124.P.c,2.0 1.1 1.1 0.8,kbkb,0.0,4013.0
10285,star,UMIRAY DUMAGET AGTA,butatala,b u t a t a l a,1 7 1 7 1 7 5 7,AXBYBYBZ,PYTATALA,125.0,125.P.C 125.Y.V 125.T.C 125.A.V 125.T.C 125.A.V 125.L.C 125.A.V,2.0 1.5 1.75 1.3 1.75 1.3 1.75 0.8,butatala,0.0,3921.0
10377,star,WARAY WARAY,biton,b i t o n,1 7 1 7 4,AXBYN,PITUN,126.0,126.P.C 126.I.V 126.T.C 126.U.V 126.N.c,2.0 1.5 1.75 1.3 0.8,biton,0.0,3907.0
10469,star,YAKAN,bituʔun,b i t u ʔ u n,1 7 1 7 1 7 4,AXBYBYN,PITYHYN,127.0,127.P.C 127.I.V 127.T.C 127.Y.V 127.H.C 127.Y.V 127.N.c,2.0 1.5 1.75 1.3 1.75 1.3 0.8,bituʔun,0.0,3907.0
10561,star,YOGAD,bitun,b i t u n,1 7 1 7 4,AXBYN,PITYN,128.0,128.P.C 128.I.V 128.T.C 128.Y.V 128.N.c,2.0 1.5 1.75 1.3 0.8,bitun,0.0,3907.0
10653,star,ZAMBOANGUENO,estrelja,e s t r e l j a,7 3 1 5 7 5 6 7,XMBCYBCZ,ESTRELJA,129.0,129.E.V 129.S.c 129.T.C 129.R.C 129.E.V 129.L.C 129.J.C 129.A.V,1.5 1.1 1.75 1.5 1.3 1.75 1.5 0.8,estrelja,0.0,4001.0
10745,star,IMOROD,mata no aŋit,m a t a # n o # a ŋ i t,4 7 1 7 9 4 7 9 7 4 7 1,AXBZ_AX_XBYN,MATA_NU_ANIT,46.0,46.M.C 46.A.V 46.T.C 46.A.V 46._._ 46.N.C 46.U.V 46._._ 46.A.V 46.N.C 46.I.V 46.T.c,2.0 1.5 1.75 0.8 0.0 2.0 1.5 0.0 1.5 1.75 1.3 0.8,mata#no#aŋit,0.0,3938.0
10837,star,BABUYAN,bitohen,b i t o h e n,1 7 1 7 3 7 4,AXBYBYN,PITUHEN,5.0,5.P.C 5.I.V 5.T.C 5.U.V 5.H.C 5.E.V 5.N.c,2.0 1.5 1.75 1.3 1.75 1.3 0.8,bitohen,0.0,3907.0
10929,star,BISAYA SABAH,paru,p a r u,1 7 5 7,AXBZ,PARY,14.0,14.P.C 14.A.V 14.R.C 14.Y.V,2.0 1.5 1.75 0.8,paru,0.0,3906.0
11021,star,CAPIZNON,bito,b i t o,1 7 1 7,AXBZ,PITU,21.0,21.P.C 21.I.V 21.T.C 21.U.V,2.0 1.5 1.75 0.8,bito,0.0,3907.0
11113,star,FINALLIG,taraw,t a r a w,1 7 5 7 6,AXBYN,TARAW,31.0,31.T.C 31.A.V 31.R.C 31.A.V 31.W.c,2.0 1.5 1.75 1.3 0.8,taraw,0.0,3899.0
11205,star,HILIGAYNON,bituon,b i t u o n,1 7 1 7 7 4,AXBYYN,PITYUN,37.0,37.P.C 37.I.V 37.T.C 37.Y.V 37.U.V 37.N.c,2.0 1.5 1.75 1.3 1.3 0.8,bituon,0.0,3907.0
11297,star,INABAKNON,bituʔon,b i t u ʔ o n,1 7 1 7 1 7 4,AXBYBYN,PITYHUN,47.0,47.P.C 47.I.V 47.T.C 47.Y.V 47.H.C 47.U.V 47.N.c,2.0 1.5 1.75 1.3 1.75 1.3 0.8,bituʔon,0.0,3907.0
11389,star,KALAGAN KAAGAN,bitun,b i t u n,1 7 1 7 4,AXBYN,PITYN,58.0,58.P.C 58.I.V 58.T.C 58.Y.V 58.N.c,2.0 1.5 1.75 1.3 0.8,bitun,0.0,3907.0
11481,star,KANKANAEY,talaw,t a l a w,1 7 5 7 6,AXBYN,TALAW,62.0,62.T.C 62.A.V 62.L.C 62.A.V 62.W.c,2.0 1.5 1.75 1.3 0.8,talaw,0.0,3899.0
11573,star,MANDAYAN BOSO,bituʔun,b i t u ʔ u n,1 7 1 7 1 7 4,AXBYBYN,PITYHYN,71.0,71.P.C 71.I.V 71.T.C 71.Y.V 71.H.C 71.Y.V 71.N.c,2.0 1.5 1.75 1.3 1.75 1.3 0.8,bituʔun,0.0,3907.0
11665,star,MANDAYAN ISLAM PISO,bituun,b i t uu n,1 7 1 7 4,AXBYN,PITYN,72.0,72.P.C 72.I.V 72.T.C 72.Y.V 72.N.c,2.0 1.5 1.75 1.3 0.8,bituun,0.0,3907.0
11757,star,SINAUNA,bituʔin,b i t u ʔ i n,1 7 1 7 1 7 4,AXBYBYN,PITYHIN,104.0,104.P.C 104.I.V 104.T.C 104.Y.V 104.H.C 104.I.V 104.N.c,2.0 1.5 1.75 1.3 1.75 1.3 0.8,bituʔin,0.0,3907.0
11849,star,SOUTHERN KALINGA,fituwon,f i t u w o n,3 7 1 7 6 7 4,AXBYBYN,BITYWUN,108.0,108.B.C 108.I.V 108.T.C 108.Y.V 108.W.C 108.U.V 108.N.c,2.0 1.5 1.75 1.3 1.75 1.3 0.8,fituwon,0.0,3907.0
74,stone,AGTA,botu,b o t u,1 7 1 7,AXBZ,PUTY,1.0,1.P.C 1.U.V 1.T.C 1.Y.V,2.0 1.5 1.75 0.8,botu,0.0,4122.0
166,stone,AKLANON,batu,b a t u,1 7 1 7,AXBZ,PATY,2.0,2.P.C 2.A.V 2.T.C 2.Y.V,2.0 1.5 1.75 0.8,batu,0.0,4122.0
258,stone,ARTA,karagatan,k a r a g a t a n,1 7 5 7 1 7 1 7 4,AXBYBYBYN,KARAKATAN,3.0,3.K.C 3.A.V 3.R.C 3.A.V 3.K.C 3.A.V 3.T.C 3.A.V 3.N.c,2.0 1.5 1.75 1.3 1.75 1.3 1.75 1.3 0.8,karagatan,0.0,4016.0
350,stone,ATTA PAMPLONA,batu,b a t u,1 7 1 7,AXBZ,PATY,4.0,4.P.C 4.A.V 4.T.C 4.Y.V,2.0 1.5 1.75 0.8,batu,0.0,4122.0
534,stone,BALANGAW,boto,b o t o,1 7 1 7,AXBZ,PUTU,7.0,7.P.C 7.U.V 7.T.C 7.U.V,2.0 1.5 1.75 0.8,boto,0.0,4122.0
626,stone,BALANGINGI SAMA,batu,b a t u,1 7 1 7,AXBZ,PATY,8.0,8.P.C 8.A.V 8.T.C 8.Y.V,2.0 1.5 1.75 0.8,batu,0.0,4122.0
718,stone,BANTON BANTOANON,bEtu,b t u,1 1 7,ACZ,PTY,9.0,9.P.C 9.T.C 9.Y.V,2.0 1.5 0.8,btu,0.0,4122.0
810,stone,BASQUE,harri,h a rr i,3 7 5 7,AXBZ,HARI,10.0,10.H.C 10.A.V 10.R.C 10.I.V,2.0 1.5 1.75 0.8,harri,0.0,4022.0
902,stone,BATAK PALAWAN,batu,b a t u,1 7 1 7,AXBZ,PATY,11.0,11.P.C 11.A.V 11.T.C 11.Y.V,2.0 1.5 1.75 0.8,batu,0.0,4122.0
994,stone,BILAAN KORONADAL,batu,b a t u,1 7 1 7,AXBZ,PATY,12.0,12.P.C 12.A.V 12.T.C 12.Y.V,2.0 1.5 1.75 0.8,batu,0.0,4122.0
1086,stone,BILAAN SARANGANI,batu,b a t u,1 7 1 7,AXBZ,PATY,13.0,13.P.C 13.A.V 13.T.C 13.Y.V,2.0 1.5 1.75 0.8,batu,0.0,4122.0
1178,stone,BONGGI,batu,b a t u,1 7 1 7,AXBZ,PATY,15.0,15.P.C 15.A.V 15.T.C 15.Y.V,2.0 1.5 1.75 0.8,batu,0.0,4122.0
1270,stone,BONTOC GUINAANG,bato,b a t o,1 7 1 7,AXBZ,PATU,16.0,16.P.C 16.A.V 16.T.C 16.U.V,2.0 1.5 1.75 0.8,bato,0.0,4122.0
1362,stone,BUHI,batu,b a t u,1 7 1 7,AXBZ,PATY,17.0,17.P.C 17.A.V 17.T.C 17.Y.V,2.0 1.5 1.75 0.8,batu,0.0,4122.0
1454,stone,BUKIDNON BINUKID,batu,b a t u,1 7 1 7,AXBZ,PATY,18.0,18.P.C 18.A.V 18.T.C 18.Y.V,2.0 1.5 1.75 0.8,batu,0.0,4122.0
1546,stone,BUTUANON,bato,b a t o,1 7 1 7,AXBZ,PATU,19.0,19.P.C 19.A.V 19.T.C 19.U.V,2.0 1.5 1.75 0.8,bato,0.0,4122.0
1638,stone,CAIJIA,ca,c a,1 7,AX,CA,20.0,20.C.C 20.A.V,2.0 1.5,ca,0.0,4026.0
1730,stone,CEBUANO,batu,b a t u,1 7 1 7,AXBZ,PATY,22.0,22.P.C 22.A.V 22.T.C 22.Y.V,2.0 1.5 1.75 0.8,batu,0.0,4122.0
1822,stone,CENTRAL TAGBANWA,bato,b a t o,1 7 1 7,AXBZ,PATU,23.0,23.P.C 23.A.V 23.T.C 23.U.V,2.0 1.5 1.75 0.8,bato,0.0,4122.0
1914,stone,CUYONON,batoʔ,b a t o ʔ,1 7 1 7 1,AXBYN,PATUH,24.0,24.P.C 24.A.V 24.T.C 24.U.V 24.H.c,2.0 1.5 1.75 1.3 0.8,batoʔ,0.0,4122.0
2006,stone,DARAGA,batu,b a t u,1 7 1 7,AXBZ,PATY,25.0,25.P.C 25.A.V 25.T.C 25.Y.V,2.0 1.5 1.75 0.8,batu,0.0,4122.0
2098,stone,DUMAGAT CASIGURAN,bitoʔ,b i t o ʔ,1 7 1 7 1,AXBYN,PITUH,26.0,26.P.C 26.I.V 26.T.C 26.U.V 26.H.c,2.0 1.5 1.75 1.3 0.8,bitoʔ,0.0,4122.0
2190,stone,DUPANINGAN AGTA,rusuʔ,r u s u ʔ,5 7 3 7 1,AXBYN,RYSYH,27.0,27.R.C 27.Y.V 27.S.C 27.Y.V 27.H.c,2.0 1.5 1.75 1.3 0.8,rusuʔ,0.0,4039.0
2282,stone,ENGLISH,ston,s t o n,3 1 7 4,ACYN,STUN,28.0,28.S.C 28.T.C 28.U.V 28.N.c,2.0 1.5 1.3 0.8,ston,0.0,4040.0
2374,stone,ESKAYAN,sabana,s a b a n a,3 7 1 7 4 7,AXBYBZ,SAPANA,29.0,29.S.C 29.A.V 29.P.C 29.A.V 29.N.C 29.A.V,2.0 1.5 1.75 1.3 1.75 0.8,sabana,0.0,4041.0
2466,stone,ESTONIAN,kivi,k i v i,1 7 3 7,AXBZ,KIBI,30.0,30.K.C 30.I.V 30.B.C 30.I.V,2.0 1.5 1.75 0.8,kivi,0.0,4042.0
2558,stone,FINNISH,kivi,k i v i,1 7 3 7,AXBZ,KIBI,32.0,32.K.C 32.I.V 32.B.C 32.I.V,2.0 1.5 1.75 0.8,kivi,0.0,4042.0
2650,stone,FUZHOU CHINESE,8uokthau,u o k th a u,7 7 1 1 7 7,XYMBYZ,YUKTAY,33.0,33.Y.V 33.U.V 33.K.c 33.T.C 33.A.V 33.Y.V,1.5 1.3 1.1 1.75 1.3 0.8,uokthau,0.0,4045.0
2742,stone,GADDANG,batu,b a t u,1 7 1 7,AXBZ,PATY,34.0,34.P.C 34.A.V 34.T.C 34.Y.V,2.0 1.5 1.75 0.8,batu,0.0,4122.0
2834,stone,HANUNOO,batuʔ,b a t u ʔ,1 7 1 7 1,AXBYN,PATYH,35.0,35.P.C 35.A.V 35.T.C 35.Y.V 35.H.c,2.0 1.5 1.75 1.3 0.8,batuʔ,0.0,4122.0
2926,stone,HIGAONON BINUKID,batu,b a t u,1 7 1 7,AXBZ,PATY,36.0,36.P.C 36.A.V 36.T.C 36.Y.V,2.0 1.5 1.75 0.8,batu,0.0,4122.0
3018,stone,HUNGARIAN,ki,k i,1 7,AX,KI,38.0,38.K.C 38.I.V,2.0 1.5,ki,0.0,4042.0
3110,stone,IBANAG,batu,b a t u,1 7 1 7,AXBZ,PATY,39.0,39.P.C 39.A.V 39.T.C 39.Y.V,2.0 1.5 1.75 0.8,batu,0.0,4122.0
3202,stone,IDAAN,batu,b a t u,1 7 1 7,AXBZ,PATY,40.0,40.P.C 40.A.V 40.T.C 40.Y.V,2.0 1.5 1.75 0.8,batu,0.0,4122.0
3294,stone,IFUGAO AMGANAD,batu,b a t u,1 7 1 7,AXBZ,PATY,41.0,41.P.C 41.A.V 41.T.C 41.Y.V,2.0 1.5 1.75 0.8,batu,0.0,4122.0
3386,stone,IFUGAO BATAD,batu,b a t u,1 7 1 7,AXBZ,PATY,42.0,42.P.C 42.A.V 42.T.C 42.Y.V,2.0 1.5 1.75 0.8,batu,0.0,4122.0
3478,stone,IFUGAO BAYNINAN,batu,b a t u,1 7 1 7,AXBZ,PATY,43.0,43.P.C 43.A.V 43.T.C 43.Y.V,2.0 1.5 1.75 0.8,batu,0.0,4122.0
3570,stone,ILOKANO,bato,b a t o,1 7 1 7,AXBZ,PATU,44.0,44.P.C 44.A.V 44.T.C 44.U.V,2.0 1.5 1.75 0.8,bato,0.0,4122.0
3662,stone,ILONGOT KAKIDUGEN,dəpgat,d ə p g a t,1 7 1 1 7 1,AXMBYN,TEPKAT,45.0,45.T.C 45.E.V 45.P.c 45.K.C 45.A.V 45.T.c,2.0 1.5 1.1 1.75 1.3 0.8,dəpgat,0.0,4057.0
3754,stone,INIBALOI,bato,b a t o,1 7 1 7,AXBZ,PATU,48.0,48.P.C 48.A.V 48.T.C 48.U.V,2.0 1.5 1.75 0.8,bato,0.0,4122.0
3846,stone,IRANUN,watu,w a t u,6 7 1 7,AXBZ,WATY,49.0,49.W.C 49.A.V 49.T.C 49.Y.V,2.0 1.5 1.75 0.8,watu,0.0,4122.0
3938,stone,IRIGA,batu,b a t u,1 7 1 7,AXBZ,PATY,50.0,50.P.C 50.A.V 50.T.C 50.Y.V,2.0 1.5 1.75 0.8,batu,0.0,4122.0
4030,stone,ISNAG,batu,b a t u,1 7 1 7,AXBZ,PATY,51.0,51.P.C 51.A.V 51.T.C 51.Y.V,2.0 1.5 1.75 0.8,batu,0.0,4122.0
4122,stone,ITAWIT,bEtu,b t u,1 1 7,ACZ,PTY,52.0,52.P.C 52.T.C 52.Y.V,2.0 1.5 0.8,btu,0.0,4122.0
4214,stone,ITNEG BINONGAN,bato,b a t o,1 7 1 7,AXBZ,PATU,53.0,53.P.C 53.A.V 53.T.C 53.U.V,2.0 1.5 1.75 0.8,bato,0.0,4122.0
4306,stone,JAPANESE,iSi,i i,7 7,XZ,II,54.0,54.I.V 54.I.V,1.5 0.8,ii,0.0,4066.0
4398,stone,KADAZAN,vatu,v a t u,3 7 1 7,AXBZ,BATY,55.0,55.B.C 55.A.V 55.T.C 55.Y.V,2.0 1.5 1.75 0.8,vatu,0.0,4122.0
4490,stone,KAGAYANEN,batu,b a t u,1 7 1 7,AXBZ,PATY,56.0,56.P.C 56.A.V 56.T.C 56.Y.V,2.0 1.5 1.75 0.8,batu,0.0,4122.0
4582,stone,KALAGAN,batu,b a t u,1 7 1 7,AXBZ,PATY,57.0,57.P.C 57.A.V 57.T.C 57.Y.V,2.0 1.5 1.75 0.8,batu,0.0,4122.0
4674,stone,KALINGA GUINAANG,batu,b a t u,1 7 1 7,AXBZ,PATY,59.0,59.P.C 59.A.V 59.T.C 59.Y.V,2.0 1.5 1.75 0.8,batu,0.0,4122.0
4766,stone,KALINGA LIMOS,batu,b a t u,1 7 1 7,AXBZ,PATY,60.0,60.P.C 60.A.V 60.T.C 60.Y.V,2.0 1.5 1.75 0.8,batu,0.0,4122.0
4858,stone,KALLAHAN KAYAPA PROPER,batu,b a t u,1 7 1 7,AXBZ,PATY,61.0,61.P.C 61.A.V 61.T.C 61.Y.V,2.0 1.5 1.75 0.8,batu,0.0,4122.0
4950,stone,KANKANAY NORTHERN,bato,b a t o,1 7 1 7,AXBZ,PATU,63.0,63.P.C 63.A.V 63.T.C 63.U.V,2.0 1.5 1.75 0.8,bato,0.0,4122.0
5042,stone,KAPAMPANGAN,batu,b a t u,1 7 1 7,AXBZ,PATY,64.0,64.P.C 64.A.V 64.T.C 64.Y.V,2.0 1.5 1.75 0.8,batu,0.0,4122.0
5226,stone,KOREAN,tol,t o l,1 7 5,AXN,TUL,66.0,66.T.C 66.U.V 66.L.c,2.0 1.5 0.8,tol,0.0,4026.0
5318,stone,LEGAZPI,gapuʔ,g a p u ʔ,1 7 1 7 1,AXBYN,KAPYH,67.0,67.K.C 67.A.V 67.P.C 67.Y.V 67.H.c,2.0 1.5 1.75 1.3 0.8,gapuʔ,0.0,4042.0
5410,stone,LIBON,batu,b a t u,1 7 1 7,AXBZ,PATY,68.0,68.P.C 68.A.V 68.T.C 68.Y.V,2.0 1.5 1.75 0.8,batu,0.0,4122.0
5502,stone,LIVE,kiuvkiu,k i u v k i u,1 7 7 3 1 7 7,AXYMBYZ,KIYBKIY,69.0,69.K.C 69.I.V 69.Y.V 69.B.c 69.K.C 69.I.V 69.Y.V,2.0 1.5 1.3 1.1 1.75 1.3 0.8,kiuvkiu,0.0,4080.0
5594,stone,MAMANWA,bato,b a t o,1 7 1 7,AXBZ,PATU,70.0,70.P.C 70.A.V 70.T.C 70.U.V,2.0 1.5 1.75 0.8,bato,0.0,4122.0
5686,stone,MANIDE,betuʔ,b e t u ʔ,1 7 1 7 1,AXBYN,PETYH,73.0,73.P.C 73.E.V 73.T.C 73.Y.V 73.H.c,2.0 1.5 1.75 1.3 0.8,betuʔ,0.0,4122.0
5778,stone,MANOBO ATA,batu,b a t u,1 7 1 7,AXBZ,PATY,74.0,74.P.C 74.A.V 74.T.C 74.Y.V,2.0 1.5 1.75 0.8,batu,0.0,4122.0
5870,stone,MANOBO DIBABAWON,batu,b a t u,1 7 1 7,AXBZ,PATY,75.0,75.P.C 75.A.V 75.T.C 75.Y.V,2.0 1.5 1.75 0.8,batu,0.0,4122.0
5962,stone,MANOBO ILIANEN,batu,b a t u,1 7 1 7,AXBZ,PATY,76.0,76.P.C 76.A.V 76.T.C 76.Y.V,2.0 1.5 1.75 0.8,batu,0.0,4122.0
6054,stone,MANOBO KALAMANSIG COTABATO,batu,b a t u,1 7 1 7,AXBZ,PATY,77.0,77.P.C 77.A.V 77.T.C 77.Y.V,2.0 1.5 1.75 0.8,batu,0.0,4122.0
6146,stone,MANOBO SARANGANI,bato,b a t o,1 7 1 7,AXBZ,PATU,78.0,78.P.C 78.A.V 78.T.C 78.U.V,2.0 1.5 1.75 0.8,bato,0.0,4122.0
6238,stone,MANOBO TIGWA,batu,b a t u,1 7 1 7,AXBZ,PATY,79.0,79.P.C 79.A.V 79.T.C 79.Y.V,2.0 1.5 1.75 0.8,batu,0.0,4122.0
6330,stone,MANOBO WESTERN BUKIDNON,batu,b a t u,1 7 1 7,AXBZ,PATY,80.0,80.P.C 80.A.V 80.T.C 80.Y.V,2.0 1.5 1.75 0.8,batu,0.0,4122.0
6422,stone,MANSAKA,batu,b a t u,1 7 1 7,AXBZ,PATY,81.0,81.P.C 81.A.V 81.T.C 81.Y.V,2.0 1.5 1.75 0.8,batu,0.0,4122.0
6514,stone,MAPUN,batu,b a t u,1 7 1 7,AXBZ,PATY,82.0,82.P.C 82.A.V 82.T.C 82.Y.V,2.0 1.5 1.75 0.8,batu,0.0,4122.0
6606,stone,MARANAO,wato,w a t o,6 7 1 7,AXBZ,WATU,83.0,83.W.C 83.A.V 83.T.C 83.U.V,2.0 1.5 1.75 0.8,wato,0.0,4122.0
6698,stone,MASBATENYO,bato,b a t o,1 7 1 7,AXBZ,PATU,84.0,84.P.C 84.A.V 84.T.C 84.U.V,2.0 1.5 1.75 0.8,bato,0.0,4122.0
6790,stone,MINANGALI LOWER TANUDAN KALINGA,batu,b a t u,1 7 1 7,AXBZ,PATY,85.0,85.P.C 85.A.V 85.T.C 85.Y.V,2.0 1.5 1.75 0.8,batu,0.0,4122.0
6882,stone,MOKSHA,kev,k e v,1 7 3,AXN,KEB,86.0,86.K.C 86.E.V 86.B.c,2.0 1.5 0.8,kev,0.0,4042.0
6974,stone,MOLBOG,batu,b a t u,1 7 1 7,AXBZ,PATY,87.0,87.P.C 87.A.V 87.T.C 87.Y.V,2.0 1.5 1.75 0.8,batu,0.0,4122.0
7066,stone,MONGOLIAN,ChuLu,u u,7 7,XZ,YY,88.0,88.Y.V 88.Y.V,1.5 0.8,uu,0.0,4066.0
7158,stone,MORO MAGINDANAU,uatu,u a t u,7 7 1 7,XYBZ,YATY,89.0,89.Y.V 89.A.V 89.T.C 89.Y.V,1.5 1.3 1.75 0.8,uatu,0.0,4122.0
7250,stone,NORTHERN CATANDUANES,batu,b a t u,1 7 1 7,AXBZ,PATY,90.0,90.P.C 90.A.V 90.T.C 90.Y.V,2.0 1.5 1.75 0.8,batu,0.0,4122.0
7342,stone,NORTHERN SORSOGON,batu,b a t u,1 7 1 7,AXBZ,PATY,91.0,91.P.C 91.A.V 91.T.C 91.Y.V,2.0 1.5 1.75 0.8,batu,0.0,4122.0
7434,stone,OAS,batu,b a t u,1 7 1 7,AXBZ,PATY,92.0,92.P.C 92.A.V 92.T.C 92.Y.V,2.0 1.5 1.75 0.8,batu,0.0,4122.0
7526,stone,PALAWANO BATAK,batu,b a t u,1 7 1 7,AXBZ,PATY,93.0,93.P.C 93.A.V 93.T.C 93.Y.V,2.0 1.5 1.75 0.8,batu,0.0,4122.0
7618,stone,PANGASINAN,bato,b a t o,1 7 1 7,AXBZ,PATU,94.0,94.P.C 94.A.V 94.T.C 94.U.V,2.0 1.5 1.75 0.8,bato,0.0,4122.0
7710,stone,PANGUTARAN SAMA,batu,b a t u,1 7 1 7,AXBZ,PATY,95.0,95.P.C 95.A.V 95.T.C 95.Y.V,2.0 1.5 1.75 0.8,batu,0.0,4122.0
7802,stone,PROTO PALAWAN,batu,b a t u,1 7 1 7,AXBZ,PATY,96.0,96.P.C 96.A.V 96.T.C 96.Y.V,2.0 1.5 1.75 0.8,batu,0.0,4122.0
7894,stone,QUEZON PALAWAN,batu,b a t u,1 7 1 7,AXBZ,PATY,97.0,97.P.C 97.A.V 97.T.C 97.Y.V,2.0 1.5 1.75 0.8,batu,0.0,4122.0
7986,stone,ROMBLOMANON 2,batu,b a t u,1 7 1 7,AXBZ,PATY,98.0,98.P.C 98.A.V 98.T.C 98.Y.V,2.0 1.5 1.75 0.8,batu,0.0,4122.0
8078,stone,SAMAL,batu,b a t u,1 7 1 7,AXBZ,PATY,99.0,99.P.C 99.A.V 99.T.C 99.Y.V,2.0 1.5 1.75 0.8,batu,0.0,4122.0
8170,stone,SAMBAL BOTOLAN,bato,b a t o,1 7 1 7,AXBZ,PATU,100.0,100.P.C 100.A.V 100.T.C 100.U.V,2.0 1.5 1.75 0.8,bato,0.0,4122.0
8262,stone,SANGIL SARANGANI ISLANDS,batu,b a t u,1 7 1 7,AXBZ,PATY,101.0,101.P.C 101.A.V 101.T.C 101.Y.V,2.0 1.5 1.75 0.8,batu,0.0,4122.0
8354,stone,SEDANG,hmou,h m o u,3 4 7 7,ACXZ,HMUY,102.0,102.H.C 102.M.C 102.U.V 102.Y.V,2.0 1.5 1.5 0.8,hmou,0.0,4113.0
8446,stone,SIBUTU SOUTHERN SAMA,batu,b a t u,1 7 1 7,AXBZ,PATY,103.0,103.P.C 103.A.V 103.T.C 103.Y.V,2.0 1.5 1.75 0.8,batu,0.0,4122.0
8538,stone,SOGODNIN BORACAY,bato,b a t o,1 7 1 7,AXBZ,PATU,105.0,105.P.C 105.A.V 105.T.C 105.U.V,2.0 1.5 1.75 0.8,bato,0.0,4122.0
8630,stone,SOUTH SAAMI,gierkiə,g i e r k i ə,1 7 7 5 1 7 7,AXYMBYZ,KIERKIE,106.0,106.K.C 106.I.V 106.E.V 106.R.c 106.K.C 106.I.V 106.E.V,2.0 1.5 1.3 1.1 1.75 1.3 0.8,gierkiə,0.0,4080.0
8722,stone,SOUTHERN CATANDUANES,batu,b a t u,1 7 1 7,AXBZ,PATY,107.0,107.P.C 107.A.V 107.T.C 107.Y.V,2.0 1.5 1.75 0.8,batu,0.0,4122.0
8814,stone,SOUTHERN SORSOGON,batu,b a t u,1 7 1 7,AXBZ,PATY,109.0,109.P.C 109.A.V 109.T.C 109.Y.V,2.0 1.5 1.75 0.8,batu,0.0,4122.0
8906,stone,SOUTHWEST PALAWANO,bato,b a t o,1 7 1 7,AXBZ,PATU,110.0,110.P.C 110.A.V 110.T.C 110.U.V,2.0 1.5 1.75 0.8,bato,0.0,4122.0
8998,stone,SPANISH,piedra,p i e d r a,1 7 7 1 5 7,AXYBCZ,PIETRA,111.0,111.P.C 111.I.V 111.E.V 111.T.C 111.R.C 111.A.V,2.0 1.5 1.3 1.75 1.5 0.8,piedra,0.0,4122.0
9090,stone,SUBANON SIOCON,batu,b a t u,1 7 1 7,AXBZ,PATY,112.0,112.P.C 112.A.V 112.T.C 112.Y.V,2.0 1.5 1.75 0.8,batu,0.0,4122.0
9182,stone,SUBANUN SINDANGAN,batu,b a t u,1 7 1 7,AXBZ,PATY,113.0,113.P.C 113.A.V 113.T.C 113.Y.V,2.0 1.5 1.75 0.8,batu,0.0,4122.0
9274,stone,SURIGAONON,bato,b a t o,1 7 1 7,AXBZ,PATU,114.0,114.P.C 114.A.V 114.T.C 114.U.V,2.0 1.5 1.75 0.8,bato,0.0,4122.0
9458,stone,TAGABILI,botuh,b o t u h,1 7 1 7 3,AXBYN,PUTYH,116.0,116.P.C 116.U.V 116.T.C 116.Y.V 116.H.c,2.0 1.5 1.75 1.3 0.8,botuh,0.0,4122.0
9550,stone,TAGALOG,batu,b a t u,1 7 1 7,AXBZ,PATY,117.0,117.P.C 117.A.V 117.T.C 117.Y.V,2.0 1.5 1.75 0.8,batu,0.0,4122.0
9642,stone,TAGBANWA ABORLAN,batu,b a t u,1 7 1 7,AXBZ,PATY,118.0,118.P.C 118.A.V 118.T.C 118.Y.V,2.0 1.5 1.75 0.8,batu,0.0,4122.0
9734,stone,TAGBANWA KALAMIAN,batuʔ,b a t u ʔ,1 7 1 7 1,AXBYN,PATYH,119.0,119.P.C 119.A.V 119.T.C 119.Y.V 119.H.c,2.0 1.5 1.75 1.3 0.8,batuʔ,0.0,4122.0
9826,stone,TAUSUG,batu,b a t u,1 7 1 7,AXBZ,PATY,120.0,120.P.C 120.A.V 120.T.C 120.Y.V,2.0 1.5 1.75 0.8,batu,0.0,4122.0
9918,stone,TIMUGON MURUT,batu,b a t u,1 7 1 7,AXBZ,PATY,121.0,121.P.C 121.A.V 121.T.C 121.Y.V,2.0 1.5 1.75 0.8,batu,0.0,4122.0
10010,stone,TIRURAY,batew,b a t e w,1 7 1 7 6,AXBYN,PATEW,122.0,122.P.C 122.A.V 122.T.C 122.E.V 122.W.c,2.0 1.5 1.75 1.3 0.8,batew,0.0,4122.0
10102,stone,TURKISH,taS,t a,1 7,AX,TA,123.0,123.T.C 123.A.V,2.0 1.5,ta,0.0,4026.0
10194,stone,UGARITIC,abn,a b n,7 1 4,XBC,APN,124.0,124.A.V 124.P.C 124.N.C,1.5 1.75 1.5,abn,0.0,4041.0
10286,stone,UMIRAY DUMAGET AGTA,beto,b e t o,1 7 1 7,AXBZ,PETU,125.0,125.P.C 125.E.V 125.T.C 125.U.V,2.0 1.5 1.75 0.8,beto,0.0,4122.0
10378,stone,WARAY WARAY,bato,b a t o,1 7 1 7,AXBZ,PATU,126.0,126.P.C 126.A.V 126.T.C 126.U.V,2.0 1.5 1.75 0.8,bato,0.0,4122.0
10470,stone,YAKAN,batu,b a t u,1 7 1 7,AXBZ,PATY,127.0,127.P.C 127.A.V 127.T.C 127.Y.V,2.0 1.5 1.75 0.8,batu,0.0,4122.0
10562,stone,YOGAD,batu,b a t u,1 7 1 7,AXBZ,PATY,128.0,128.P.C 128.A.V 128.T.C 128.Y.V,2.0 1.5 1.75 0.8,batu,0.0,4122.0
10654,stone,ZAMBOANGUENO,pjedra,p j e d r a,1 6 7 1 5 7,ACXBCZ,PJETRA,129.0,129.P.C 129.J.C 129.E.V 129.T.C 129.R.C 129.A.V,2.0 1.5 1.5 1.75 1.5 0.8,pjedra,0.0,4122.0
10746,stone,IMOROD,vato,v a t o,3 7 1 7,AXBZ,BATU,46.0,46.B.C 46.A.V 46.T.C 46.U.V,2.0 1.5 1.75 0.8,vato,0.0,4122.0
10838,stone,BABUYAN,bato,b a t o,1 7 1 7,AXBZ,PATU,5.0,5.P.C 5.A.V 5.T.C 5.U.V,2.0 1.5 1.75 0.8,bato,0.0,4122.0
10930,stone,BISAYA SABAH,tali,t a l i,1 7 5 7,AXBZ,TALI,14.0,14.T.C 14.A.V 14.L.C 14.I.V,2.0 1.5 1.75 0.8,tali,0.0,4026.0
11022,stone,CAPIZNON,bato,b a t o,1 7 1 7,AXBZ,PATU,21.0,21.P.C 21.A.V 21.T.C 21.U.V,2.0 1.5 1.75 0.8,bato,0.0,4122.0
11114,stone,FINALLIG,fiato,f i a t o,3 7 7 1 7,AXYBZ,BIATU,31.0,31.B.C 31.I.V 31.A.V 31.T.C 31.U.V,2.0 1.5 1.3 1.75 0.8,fiato,0.0,4122.0
11206,stone,HILIGAYNON,bato,b a t o,1 7 1 7,AXBZ,PATU,37.0,37.P.C 37.A.V 37.T.C 37.U.V,2.0 1.5 1.75 0.8,bato,0.0,4122.0
11298,stone,INABAKNON,bato,b a t o,1 7 1 7,AXBZ,PATU,47.0,47.P.C 47.A.V 47.T.C 47.U.V,2.0 1.5 1.75 0.8,bato,0.0,4122.0
11390,stone,KALAGAN KAAGAN,batu,b a t u,1 7 1 7,AXBZ,PATY,58.0,58.P.C 58.A.V 58.T.C 58.Y.V,2.0 1.5 1.75 0.8,batu,0.0,4122.0
11482,stone,KANKANAEY,bato,b a t o,1 7 1 7,AXBZ,PATU,62.0,62.P.C 62.A.V 62.T.C 62.U.V,2.0 1.5 1.75 0.8,bato,0.0,4122.0
11574,stone,MANDAYAN BOSO,batu,b a t u,1 7 1 7,AXBZ,PATY,71.0,71.P.C 71.A.V 71.T.C 71.Y.V,2.0 1.5 1.75 0.8,batu,0.0,4122.0
11666,stone,MANDAYAN ISLAM PISO,batu,b a t u,1 7 1 7,AXBZ,PATY,72.0,72.P.C 72.A.V 72.T.C 72.Y.V,2.0 1.5 1.75 0.8,batu,0.0,4122.0
11758,stone,SINAUNA,igaŋ,i g a ŋ,7 1 7 4,XBYN,IKAN,104.0,104.I.V 104.K.C 104.A.V 104.N.c,1.5 1.75 1.3 0.8,igaŋ,0.0,4115.0
11850,stone,SOUTHERN KALINGA,fatu,f a t u,3 7 1 7,AXBZ,BATY,108.0,108.B.C 108.A.V 108.T.C 108.Y.V,2.0 1.5 1.75 0.8,fatu,0.0,4122.0
259,sun,ARTA,laŋit,l a ŋ i t,5 7 4 7 1,AXBYN,LANIT,3.0,3.L.C 3.A.V 3.N.C 3.I.V 3.T.c,2.0 1.5 1.75 1.3 0.8,laŋit,0.0,4123.0
627,sun,BALANGINGI SAMA,allaw,a ll a w,7 5 7 6,XBYN,ALAW,8.0,8.A.V 8.L.C 8.A.V 8.W.c,1.5 1.75 1.3 0.8,allaw,0.0,4124.0
811,sun,BASQUE,eguzki,e g u z k i,7 1 7 3 1 7,XBYMBZ,EKYSKI,10.0,10.E.V 10.K.C 10.Y.V 10.S.c 10.K.C 10.I.V,1.5 1.75 1.3 1.1 1.75 0.8,eguzki,0.0,4125.0
1363,sun,BUHI,ʔaldaw,ʔ a l d a w,1 7 5 1 7 6,AXMBYN,HALTAW,17.0,17.H.C 17.A.V 17.L.c 17.T.C 17.A.V 17.W.c,2.0 1.5 1.1 1.75 1.3 0.8,ʔaldaw,0.0,4127.0
1455,sun,BUKIDNON BINUKID,aldaw,a l d a w,7 5 1 7 6,XMBYN,ALTAW,18.0,18.A.V 18.L.c 18.T.C 18.A.V 18.W.c,1.5 1.1 1.75 1.3 0.8,aldaw,0.0,4127.0
1639,sun,CAIJIA,ien,i e n,7 7 4,XYN,IEN,20.0,20.I.V 20.E.V 20.N.c,1.5 1.3 0.8,ien,0.0,4129.0
1823,sun,CENTRAL TAGBANWA,aldaw,a l d a w,7 5 1 7 6,XMBYN,ALTAW,23.0,23.A.V 23.L.c 23.T.C 23.A.V 23.W.c,1.5 1.1 1.75 1.3 0.8,aldaw,0.0,4127.0
2007,sun,DARAGA,ʔaldaw,ʔ a l d a w,1 7 5 1 7 6,AXMBYN,HALTAW,25.0,25.H.C 25.A.V 25.L.c 25.T.C 25.A.V 25.W.c,2.0 1.5 1.1 1.75 1.3 0.8,ʔaldaw,0.0,4127.0
2191,sun,DUPANINGAN AGTA,sEŋgit,s ŋ g i t,3 4 1 7 1,AXBYN,SNKIT,27.0,27.S.C 27.N.V 27.K.C 27.I.V 27.T.c,2.0 1.5 1.75 1.3 0.8,sŋgit,0.0,4132.0
2283,sun,ENGLISH,sən,s ə n,3 7 4,AXN,SEN,28.0,28.S.C 28.E.V 28.N.c,2.0 1.5 0.8,sən,0.0,4133.0
2375,sun,ESKAYAN,astro,a s t r o,7 3 1 5 7,XMBCZ,ASTRU,29.0,29.A.V 29.S.c 29.T.C 29.R.C 29.U.V,1.5 1.1 1.75 1.5 0.8,astro,0.0,4134.0
2467,sun,ESTONIAN,paike,p a i k e,1 7 7 1 7,AXYBZ,PAIKE,30.0,30.P.C 30.A.V 30.I.V 30.K.C 30.E.V,2.0 1.5 1.3 1.75 0.8,paike,0.0,4135.0
2559,sun,FINNISH,aurinko,a u r i n k o,7 7 5 7 4 1 7,XYBYMBZ,AYRINKU,32.0,32.A.V 32.Y.V 32.R.C 32.I.V 32.N.c 32.K.C 32.U.V,1.5 1.3 1.75 1.3 1.1 1.75 0.8,aurinko,0.0,4136.0
2651,sun,FUZHOU CHINESE,likthau,l i k th a u,5 7 1 1 7 7,AXMBYZ,LIKTAY,33.0,33.L.C 33.I.V 33.K.c 33.T.C 33.A.V 33.Y.V,2.0 1.5 1.1 1.75 1.3 0.8,likthau,0.0,4137.0
2927,sun,HIGAONON BINUKID,aldaw,a l d a w,7 5 1 7 6,XMBYN,ALTAW,36.0,36.A.V 36.L.c 36.T.C 36.A.V 36.W.c,1.5 1.1 1.75 1.3 0.8,aldaw,0.0,4127.0
3019,sun,HUNGARIAN,nap,n a p,4 7 1,AXN,NAP,38.0,38.N.C 38.A.V 38.P.c,2.0 1.5 0.8,nap,0.0,4139.0
3939,sun,IRIGA,ʔaldiw,ʔ a l d i w,1 7 5 1 7 6,AXMBYN,HALTIW,50.0,50.H.C 50.A.V 50.L.c 50.T.C 50.I.V 50.W.c,2.0 1.5 1.1 1.75 1.3 0.8,ʔaldiw,0.0,4127.0
4031,sun,ISNAG,mata,m a t a,4 7 1 7,AXBZ,MATA,51.0,51.M.C 51.A.V 51.T.C 51.A.V,2.0 1.5 1.75 0.8,mata,1.0,4126.0
4307,sun,JAPANESE,taijo,t a i j o,1 7 7 6 7,AXYBZ,TAIJU,54.0,54.T.C 54.A.V 54.I.V 54.J.C 54.U.V,2.0 1.5 1.3 1.75 0.8,taijo,0.0,4142.0
4399,sun,KADAZAN,tadau,t a d a u,1 7 1 7 7,AXBYZ,TATAY,55.0,55.T.C 55.A.V 55.T.C 55.A.V 55.Y.V,2.0 1.5 1.75 1.3 0.8,tadau,0.0,4126.0
4491,sun,KAGAYANEN,adlaw,a d l a w,7 1 5 7 6,XBCYN,ATLAW,56.0,56.A.V 56.T.C 56.L.C 56.A.V 56.W.c,1.5 1.75 1.5 1.3 0.8,adlaw,0.0,4127.0
4767,sun,KALINGA LIMOS,init,i n i t,7 4 7 1,XBYN,INIT,60.0,60.I.V 60.N.C 60.I.V 60.T.c,1.5 1.75 1.3 0.8,init,0.0,4123.0
5135,sun,KINARAY A,adlaw,a d l a w,7 1 5 7 6,XBCYN,ATLAW,65.0,65.A.V 65.T.C 65.L.C 65.A.V 65.W.c,1.5 1.75 1.5 1.3 0.8,adlaw,0.0,4127.0
5227,sun,KOREAN,hE,h,3,A,H,66.0,66.H.C,2.0,h,0.0,4147.0
5319,sun,LEGAZPI,ʔaldaw,ʔ a l d a w,1 7 5 1 7 6,AXMBYN,HALTAW,67.0,67.H.C 67.A.V 67.L.c 67.T.C 67.A.V 67.W.c,2.0 1.5 1.1 1.75 1.3 0.8,ʔaldaw,0.0,4127.0
5411,sun,LIBON,ʔaldaw,ʔ a l d a w,1 7 5 1 7 6,AXMBYN,HALTAW,68.0,68.H.C 68.A.V 68.L.c 68.T.C 68.A.V 68.W.c,2.0 1.5 1.1 1.75 1.3 0.8,ʔaldaw,0.0,4127.0
5503,sun,LIVE,pEvaliki,p v a l i k i,1 3 7 5 7 1 7,ACXBYBZ,PBALIKI,69.0,69.P.C 69.B.C 69.A.V 69.L.C 69.I.V 69.K.C 69.I.V,2.0 1.5 1.5 1.75 1.3 1.75 0.8,pvaliki,0.0,4135.0
5687,sun,MANIDE,degow,d e g o w,1 7 1 7 6,AXBYN,TEKUW,73.0,73.T.C 73.E.V 73.K.C 73.U.V 73.W.c,2.0 1.5 1.75 1.3 0.8,degow,0.0,4151.0
6883,sun,MOKSHA,Si,i,7,X,I,86.0,86.I.V,1.5,i,0.0,4152.0
6975,sun,MOLBOG,odow,o d o w,7 1 7 6,XBYN,UTUW,87.0,87.U.V 87.T.C 87.U.V 87.W.c,1.5 1.75 1.3 0.8,odow,0.0,4127.0
7067,sun,MONGOLIAN,nar,n a r,4 7 5,AXN,NAR,88.0,88.N.C 88.A.V 88.R.c,2.0 1.5 0.8,nar,0.0,4139.0
7159,sun,MORO MAGINDANAU,sinaŋ,s i n a ŋ,3 7 4 7 4,AXBYN,SINAN,89.0,89.S.C 89.I.V 89.N.C 89.A.V 89.N.c,2.0 1.5 1.75 1.3 0.8,sinaŋ,0.0,4133.0
7251,sun,NORTHERN CATANDUANES,ʔardaw,ʔ a r d a w,1 7 5 1 7 6,AXMBYN,HARTAW,90.0,90.H.C 90.A.V 90.R.c 90.T.C 90.A.V 90.W.c,2.0 1.5 1.1 1.75 1.3 0.8,ʔardaw,0.0,4127.0
7343,sun,NORTHERN SORSOGON,ʔadlaw,ʔ a d l a w,1 7 1 5 7 6,AXBCYN,HATLAW,91.0,91.H.C 91.A.V 91.T.C 91.L.C 91.A.V 91.W.c,2.0 1.5 1.75 1.5 1.3 0.8,ʔadlaw,0.0,4127.0
7435,sun,OAS,ʔanriw,ʔ a n r i w,1 7 4 5 7 6,AXBCYN,HANRIW,92.0,92.H.C 92.A.V 92.N.C 92.R.C 92.I.V 92.W.c,2.0 1.5 1.75 1.5 1.3 0.8,ʔanriw,0.0,4158.0
7803,sun,PROTO PALAWAN,ʔaldaw,ʔ a l d a w,1 7 5 1 7 6,AXMBYN,HALTAW,96.0,96.H.C 96.A.V 96.L.c 96.T.C 96.A.V 96.W.c,2.0 1.5 1.1 1.75 1.3 0.8,ʔaldaw,0.0,4127.0
7895,sun,QUEZON PALAWAN,əldəw,ə l d ə w,7 5 1 7 6,XMBYN,ELTEW,97.0,97.E.V 97.L.c 97.T.C 97.E.V 97.W.c,1.5 1.1 1.75 1.3 0.8,əldəw,0.0,4127.0
7987,sun,ROMBLOMANON 2,ʔadlaw,ʔ a d l a w,1 7 1 5 7 6,AXBCYN,HATLAW,98.0,98.H.C 98.A.V 98.T.C 98.L.C 98.A.V 98.W.c,2.0 1.5 1.75 1.5 1.3 0.8,ʔadlaw,0.0,4127.0
8355,sun,SEDANG,hai,h a i,3 7 7,AXZ,HAI,102.0,102.H.C 102.A.V 102.I.V,2.0 1.5 0.8,hai,0.0,4147.0
8631,sun,SOUTH SAAMI,biejiə,b i e j i ə,1 7 7 6 7 7,AXYBYZ,PIEJIE,106.0,106.P.C 106.I.V 106.E.V 106.J.C 106.I.V 106.E.V,2.0 1.5 1.3 1.75 1.3 0.8,biejiə,0.0,4142.0
8723,sun,SOUTHERN CATANDUANES,ʔaldaw,ʔ a l d a w,1 7 5 1 7 6,AXMBYN,HALTAW,107.0,107.H.C 107.A.V 107.L.c 107.T.C 107.A.V 107.W.c,2.0 1.5 1.1 1.75 1.3 0.8,ʔaldaw,0.0,4127.0
8815,sun,SOUTHERN SORSOGON,ʔadlaw,ʔ a d l a w,1 7 1 5 7 6,AXBCYN,HATLAW,109.0,109.H.C 109.A.V 109.T.C 109.L.C 109.A.V 109.W.c,2.0 1.5 1.75 1.5 1.3 0.8,ʔadlaw,0.0,4127.0
8999,sun,SPANISH,sol,s o l,3 7 5,AXN,SUL,111.0,111.S.C 111.U.V 111.L.c,2.0 1.5 0.8,sol,0.0,4166.0
9367,sun,TAGABAWA,alo,a l o,7 5 7,XBZ,ALU,115.0,115.A.V 115.L.C 115.U.V,1.5 1.75 0.8,alo,0.0,4124.0
9551,sun,TAGALOG,araw,a r a w,7 5 7 6,XBYN,ARAW,117.0,117.A.V 117.R.C 117.A.V 117.W.c,1.5 1.75 1.3 0.8,araw,0.0,4124.0
10011,sun,TIRURAY,teresaŋ,t e r e s a ŋ,1 7 5 7 3 7 4,AXBYBYN,TERESAN,122.0,122.T.C 122.E.V 122.R.C 122.E.V 122.S.C 122.A.V 122.N.c,2.0 1.5 1.75 1.3 1.75 1.3 0.8,teresaŋ,0.0,4169.0
10103,sun,TURKISH,gineS,g i n e,1 7 4 7,AXBZ,KINE,123.0,123.K.C 123.I.V 123.N.C 123.E.V,2.0 1.5 1.75 0.8,gine,0.0,4123.0
10195,sun,UGARITIC,SapSu,a p u,7 1 7,XBZ,APY,124.0,124.A.V 124.P.C 124.Y.V,1.5 1.75 0.8,apu,1.0,4171.0
10379,sun,WARAY WARAY,adlaw,a d l a w,7 1 5 7 6,XBCYN,ATLAW,126.0,126.A.V 126.T.C 126.L.C 126.A.V 126.W.c,1.5 1.75 1.5 1.3 0.8,adlaw,0.0,4127.0
10563,sun,YOGAD,igaw,i g a w,7 1 7 6,XBYN,IKAW,128.0,128.I.V 128.K.C 128.A.V 128.W.c,1.5 1.75 1.3 0.8,igaw,0.0,4151.0
10655,sun,ZAMBOANGUENO,sol,s o l,3 7 5,AXN,SUL,129.0,129.S.C 129.U.V 129.L.c,2.0 1.5 0.8,sol,0.0,4166.0
10931,sun,BISAYA SABAH,mataŋadau,m a t a ŋ a d a u,4 7 1 7 4 7 1 7 7,AXBYBYBYZ,MATANATAY,14.0,14.M.C 14.A.V 14.T.C 14.A.V 14.N.C 14.A.V 14.T.C 14.A.V 14.Y.V,2.0 1.5 1.75 1.3 1.75 1.3 1.75 1.3 0.8,mataŋadau,0.0,4126.0
812,swim,BASQUE,igerika,i g e r i k a,7 1 7 5 7 1 7,XBYBYBZ,IKERIKA,10.0,10.I.V 10.K.C 10.E.V 10.R.C 10.I.V 10.K.C 10.A.V,1.5 1.75 1.3 1.75 1.3 1.75 0.8,igerika,0.0,4172.0
1456,swim,BUKIDNON BINUKID,sulip,s u l i p,3 7 5 7 1,AXBYN,SYLIP,18.0,18.S.C 18.Y.V 18.L.C 18.I.V 18.P.c,2.0 1.5 1.75 1.3 0.8,sulip,0.0,4173.0
2284,swim,ENGLISH,swim,sw i m,3 7 4,AXN,SIM,28.0,28.S.C 28.I.V 28.M.c,2.0 1.5 0.8,swim,0.0,4174.0
2468,swim,ESTONIAN,udʒu,u dʒ u,7 1 7,XBZ,YTY,30.0,30.Y.V 30.T.C 30.Y.V,1.5 1.75 0.8,udʒu,0.0,4175.0
2560,swim,FINNISH,ui,u i,7 7,XZ,YI,32.0,32.Y.V 32.I.V,1.5 0.8,ui,0.0,4176.0
2836,swim,HANUNOO,lumaŋuj,l u m a ŋ u j,5 7 4 7 4 7 6,AXBYBYN,LYMANYJ,35.0,35.L.C 35.Y.V 35.M.C 35.A.V 35.N.C 35.Y.V 35.J.c,2.0 1.5 1.75 1.3 1.75 1.3 0.8,lumaŋuj,0.0,4177.0
2928,swim,HIGAONON BINUKID,sulip,s u l i p,3 7 5 7 1,AXBYN,SYLIP,36.0,36.S.C 36.Y.V 36.L.C 36.I.V 36.P.c,2.0 1.5 1.75 1.3 0.8,sulip,0.0,4173.0
3020,swim,HUNGARIAN,is,i s,7 3,XN,IS,38.0,38.I.V 38.S.c,1.5 0.8,is,0.0,4179.0
4308,swim,JAPANESE,ojogu,o j o g u,7 6 7 1 7,XBYBZ,UJUKY,54.0,54.U.V 54.J.C 54.U.V 54.K.C 54.Y.V,1.5 1.75 1.3 1.75 0.8,ojogu,0.0,4181.0
5044,swim,KAPAMPANGAN,kawe,k a w e,1 7 6 7,AXBZ,KAWE,64.0,64.K.C 64.A.V 64.W.C 64.E.V,2.0 1.5 1.75 0.8,kawe,0.0,4182.0
5228,swim,KOREAN,heom,h e o m,3 7 7 4,AXYN,HEUM,66.0,66.H.C 66.E.V 66.U.V 66.M.c,2.0 1.5 1.3 0.8,heom,0.0,4174.0
6884,swim,MOKSHA,ujems,u j e ms,7 6 7 4,XBYN,YJEM,86.0,86.Y.V 86.J.C 86.E.V 86.M.c,1.5 1.75 1.3 0.8,ujems,0.0,4181.0
8356,swim,SEDANG,kle tea,k l e # t e a,1 5 7 9 1 7 7,ACX_AXZ,KLE_TEA,102.0,102.K.C 102.L.C 102.E.V 102._._ 102.T.C 102.E.V 102.A.V,2.0 1.5 1.5 0.0 2.0 1.5 0.8,kle#tea,0.0,4185.0
9000,swim,SPANISH,nada,n a d a,4 7 1 7,AXBZ,NATA,111.0,111.N.C 111.A.V 111.T.C 111.A.V,2.0 1.5 1.75 0.8,nada,0.0,4175.0
9552,swim,TAGALOG,laŋoj,l a ŋ o j,5 7 4 7 6,AXBYN,LANUJ,117.0,117.L.C 117.A.V 117.N.C 117.U.V 117.J.c,2.0 1.5 1.75 1.3 0.8,laŋoj,0.0,4177.0
10104,swim,TURKISH,jiz,j i z,6 7 3,AXN,JIS,123.0,123.J.C 123.I.V 123.S.c,2.0 1.5 0.8,jiz,0.0,4179.0
10748,swim,IMOROD,awawat,a w a w a t,7 6 7 6 7 1,XBYBYN,AWAWAT,46.0,46.A.V 46.W.C 46.A.V 46.W.C 46.A.V 46.T.c,1.5 1.75 1.3 1.75 1.3 0.8,awawat,0.0,4180.0
813,tail,BASQUE,buztan,b u z t a n,1 7 3 1 7 4,AXMBYN,PYSTAN,10.0,10.P.C 10.Y.V 10.S.c 10.T.C 10.A.V 10.N.c,2.0 1.5 1.1 1.75 1.3 0.8,buztan,0.0,4186.0
1457,tail,BUKIDNON BINUKID,ikug,i k u g,7 1 7 1,XBYN,IKYK,18.0,18.I.V 18.K.C 18.Y.V 18.K.c,1.5 1.75 1.3 0.8,ikug,0.0,4187.0
2285,tail,ENGLISH,tel,t e l,1 7 5,AXN,TEL,28.0,28.T.C 28.E.V 28.L.c,2.0 1.5 0.8,tel,0.0,4188.0
2469,tail,ESTONIAN,saba,s a b a,3 7 1 7,AXBZ,SAPA,30.0,30.S.C 30.A.V 30.P.C 30.A.V,2.0 1.5 1.75 0.8,saba,0.0,4189.0
2561,tail,FINNISH,hEntE,h n t,3 4 1,AXN,HNT,32.0,32.H.C 32.N.V 32.T.c,2.0 1.5 0.8,hnt,0.0,4190.0
2837,tail,HANUNOO,ikug,i k u g,7 1 7 1,XBYN,IKYK,35.0,35.I.V 35.K.C 35.Y.V 35.K.c,1.5 1.75 1.3 0.8,ikug,0.0,4187.0
2929,tail,HIGAONON BINUKID,ikug,i k u g,7 1 7 1,XBYN,IKYK,36.0,36.I.V 36.K.C 36.Y.V 36.K.c,1.5 1.75 1.3 0.8,ikug,0.0,4187.0
3021,tail,HUNGARIAN,farok,f a r o k,3 7 5 7 1,AXBYN,BARUK,38.0,38.B.C 38.A.V 38.R.C 38.U.V 38.K.c,2.0 1.5 1.75 1.3 0.8,farok,0.0,4193.0
4309,tail,JAPANESE,o,o,7,X,U,54.0,54.U.V,1.5,o,0.0,4195.0
5045,tail,KAPAMPANGAN,ikiʔ,i k i ʔ,7 1 7 1,XBYN,IKIH,64.0,64.I.V 64.K.C 64.I.V 64.H.c,1.5 1.75 1.3 0.8,ikiʔ,0.0,4187.0
5229,tail,KOREAN,gori,g o r i,1 7 5 7,AXBZ,KURI,66.0,66.K.C 66.U.V 66.R.C 66.I.V,2.0 1.5 1.75 0.8,gori,0.0,4197.0
6885,tail,MOKSHA,pula,p u l a,1 7 5 7,AXBZ,PYLA,86.0,86.P.C 86.Y.V 86.L.C 86.A.V,2.0 1.5 1.75 0.8,pula,0.0,4198.0
8357,tail,SEDANG,tiŋ,t i ŋ,1 7 4,AXN,TIN,102.0,102.T.C 102.I.V 102.N.c,2.0 1.5 0.8,tiŋ,0.0,4186.0
9001,tail,SPANISH,kola,k o l a,1 7 5 7,AXBZ,KULA,111.0,111.K.C 111.U.V 111.L.C 111.A.V,2.0 1.5 1.75 0.8,kola,0.0,4197.0
9553,tail,TAGALOG,buntoto,b u n t o t o,1 7 4 1 7 1 7,AXMBYBZ,PYNTUTU,117.0,117.P.C 117.Y.V 117.N.c 117.T.C 117.U.V 117.T.C 117.U.V,2.0 1.5 1.1 1.75 1.3 1.75 0.8,buntoto,0.0,4201.0
10105,tail,TURKISH,kuruk,k u r u k,1 7 5 7 1,AXBYN,KYRYK,123.0,123.K.C 123.Y.V 123.R.C 123.Y.V 123.K.c,2.0 1.5 1.75 1.3 0.8,kuruk,0.0,4197.0
10749,tail,IMOROD,ipos,i p o s,7 1 7 3,XBYN,IPUS,46.0,46.I.V 46.P.C 46.U.V 46.S.c,1.5 1.75 1.3 0.8,ipos,0.0,4189.0
814,that,BASQUE,hori,h o r i,3 7 5 7,AXBZ,HURI,10.0,10.H.C 10.U.V 10.R.C 10.I.V,2.0 1.5 1.75 0.8,hori,0.0,4202.0
1458,that,BUKIDNON BINUKID,hajan,h a j a n,3 7 6 7 4,AXBYN,HAJAN,18.0,18.H.C 18.A.V 18.J.C 18.A.V 18.N.c,2.0 1.5 1.75 1.3 0.8,hajan,0.0,4203.0
2286,that,ENGLISH,8Et,t,1,A,T,28.0,28.T.C,2.0,t,0.0,4204.0
2470,that,ESTONIAN,to,t o,1 7,AX,TU,30.0,30.T.C 30.U.V,2.0 1.5,to,0.0,4204.0
2562,that,FINNISH,tuo,t u o,1 7 7,AXZ,TYU,32.0,32.T.C 32.Y.V 32.U.V,2.0 1.5 0.8,tuo,0.0,4204.0
2838,that,HANUNOO,tunda,t u n d a,1 7 4 1 7,AXMBZ,TYNTA,35.0,35.T.C 35.Y.V 35.N.c 35.T.C 35.A.V,2.0 1.5 1.1 1.75 0.8,tunda,0.0,4207.0
2930,that,HIGAONON BINUKID,hajan,h a j a n,3 7 6 7 4,AXBYN,HAJAN,36.0,36.H.C 36.A.V 36.J.C 36.A.V 36.N.c,2.0 1.5 1.75 1.3 0.8,hajan,0.0,4203.0
3022,that,HUNGARIAN,az,a z,7 3,XN,AS,38.0,38.A.V 38.S.c,1.5 0.8,az,0.0,4209.0
4310,that,JAPANESE,sono,s o n o,3 7 4 7,AXBZ,SUNU,54.0,54.S.C 54.U.V 54.N.C 54.U.V,2.0 1.5 1.75 0.8,sono,0.0,4210.0
5046,that,KAPAMPANGAN,ian,i a n,7 7 4,XYN,IAN,64.0,64.I.V 64.A.V 64.N.c,1.5 1.3 0.8,ian,0.0,4203.0
5230,that,KOREAN,kugot,k u g o t,1 7 1 7 1,AXBYN,KYKUT,66.0,66.K.C 66.Y.V 66.K.C 66.U.V 66.T.c,2.0 1.5 1.75 1.3 0.8,kugot,0.0,4212.0
6886,that,MOKSHA,sja,s j a,3 6 7,ACX,SJA,86.0,86.S.C 86.J.C 86.A.V,2.0 1.5 1.5,sja,0.0,4213.0
8358,that,SEDANG,me,m e,4 7,AX,ME,102.0,102.M.C 102.E.V,2.0 1.5,me,0.0,4214.0
9002,that,SPANISH,ese,e s e,7 3 7,XBZ,ESE,111.0,111.E.V 111.S.C 111.E.V,1.5 1.75 0.8,ese,0.0,4209.0
9554,that,TAGALOG,ijan,i j a n,7 6 7 4,XBYN,IJAN,117.0,117.I.V 117.J.C 117.A.V 117.N.c,1.5 1.75 1.3 0.8,ijan,0.0,4203.0
10106,that,TURKISH,Su,u,7,X,Y,123.0,123.Y.V,1.5,u,0.0,4217.0
815,this,BASQUE,hauSe,h a u e,3 7 7 7,AXYZ,HAYE,10.0,10.H.C 10.A.V 10.Y.V 10.E.V,2.0 1.5 1.3 0.8,haue,0.0,4218.0
1459,this,BUKIDNON BINUKID,ijan,i j a n,7 6 7 4,XBYN,IJAN,18.0,18.I.V 18.J.C 18.A.V 18.N.c,1.5 1.75 1.3 0.8,ijan,0.0,4219.0
2287,this,ENGLISH,8is,i s,7 3,XN,IS,28.0,28.I.V 28.S.c,1.5 0.8,is,0.0,4220.0
2471,this,ESTONIAN,se,s e,3 7,AX,SE,30.0,30.S.C 30.E.V,2.0 1.5,se,0.0,4221.0
2563,this,FINNISH,tEmE,t m,1 4,AC,TM,32.0,32.T.C 32.M.C,2.0 1.5,tm,0.0,4222.0
2839,this,HANUNOO,inda,i n d a,7 4 1 7,XMBZ,INTA,35.0,35.I.V 35.N.c 35.T.C 35.A.V,1.5 1.1 1.75 0.8,inda,0.0,4223.0
2931,this,HIGAONON BINUKID,ijan,i j a n,7 6 7 4,XBYN,IJAN,36.0,36.I.V 36.J.C 36.A.V 36.N.c,1.5 1.75 1.3 0.8,ijan,0.0,4219.0
3023,this,HUNGARIAN,ez,e z,7 3,XN,ES,38.0,38.E.V 38.S.c,1.5 0.8,ez,0.0,4220.0
4311,this,JAPANESE,kono,k o n o,1 7 4 7,AXBZ,KUNU,54.0,54.K.C 54.U.V 54.N.C 54.U.V,2.0 1.5 1.75 0.8,kono,0.0,4226.0
5047,this,KAPAMPANGAN,ini,i n i,7 4 7,XBZ,INI,64.0,64.I.V 64.N.C 64.I.V,1.5 1.75 0.8,ini,0.0,4227.0
5231,this,KOREAN,igot,i g o t,7 1 7 1,XBYN,IKUT,66.0,66.I.V 66.K.C 66.U.V 66.T.c,1.5 1.75 1.3 0.8,igot,0.0,4228.0
6887,this,MOKSHA,tja,t j a,1 6 7,ACX,TJA,86.0,86.T.C 86.J.C 86.A.V,2.0 1.5 1.5,tja,0.0,4229.0
8359,this,SEDANG,ko,k o,1 7,AX,KU,102.0,102.K.C 102.U.V,2.0 1.5,ko,1.0,4226.0
9003,this,SPANISH,este,e s t e,7 3 1 7,XMBZ,ESTE,111.0,111.E.V 111.S.c 111.T.C 111.E.V,1.5 1.1 1.75 0.8,este,0.0,4223.0
9555,this,TAGALOG,ito,i t o,7 1 7,XBZ,ITU,117.0,117.I.V 117.T.C 117.U.V,1.5 1.75 0.8,ito,0.0,4223.0
10107,this,TURKISH,bu,b u,1 7,AX,PY,123.0,123.P.C 123.Y.V,2.0 1.5,bu,0.0,4233.0
80,tongue,AGTA,hilo,h i l o,3 7 5 7,AXBZ,HILU,1.0,1.H.C 1.I.V 1.L.C 1.U.V,2.0 1.5 1.75 0.8,hilo,0.0,4235.0
172,tongue,AKLANON,dilaʔ,d i l a ʔ,1 7 5 7 1,AXBYN,TILAH,2.0,2.T.C 2.I.V 2.L.C 2.A.V 2.H.c,2.0 1.5 1.75 1.3 0.8,dilaʔ,0.0,4235.0
356,tongue,ATTA PAMPLONA,dʒila,dʒ i l a,1 7 5 7,AXBZ,TILA,4.0,4.T.C 4.I.V 4.L.C 4.A.V,2.0 1.5 1.75 0.8,dʒila,0.0,4235.0
540,tongue,BALANGAW,dilo,d i l o,1 7 5 7,AXBZ,TILU,7.0,7.T.C 7.I.V 7.L.C 7.U.V,2.0 1.5 1.75 0.8,dilo,0.0,4235.0
632,tongue,BALANGINGI SAMA,dellaʔ,d e ll a ʔ,1 7 5 7 1,AXBYN,TELAH,8.0,8.T.C 8.E.V 8.L.C 8.A.V 8.H.c,2.0 1.5 1.75 1.3 0.8,dellaʔ,0.0,4235.0
724,tongue,BANTON BANTOANON,rilaʔ,r i l a ʔ,5 7 5 7 1,AXBYN,RILAH,9.0,9.R.C 9.I.V 9.L.C 9.A.V 9.H.c,2.0 1.5 1.75 1.3 0.8,rilaʔ,0.0,4235.0
816,tongue,BASQUE,mihi,m i h i,4 7 3 7,AXBZ,MIHI,10.0,10.M.C 10.I.V 10.H.C 10.I.V,2.0 1.5 1.75 0.8,mihi,0.0,4241.0
908,tongue,BATAK PALAWAN,dilaʔ,d i l a ʔ,1 7 5 7 1,AXBYN,TILAH,11.0,11.T.C 11.I.V 11.L.C 11.A.V 11.H.c,2.0 1.5 1.75 1.3 0.8,dilaʔ,0.0,4235.0
1000,tongue,BILAAN KORONADAL,diloʔ,d i l o ʔ,1 7 5 7 1,AXBYN,TILUH,12.0,12.T.C 12.I.V 12.L.C 12.U.V 12.H.c,2.0 1.5 1.75 1.3 0.8,diloʔ,0.0,4235.0
1092,tongue,BILAAN SARANGANI,dilaʔ,d i l a ʔ,1 7 5 7 1,AXBYN,TILAH,13.0,13.T.C 13.I.V 13.L.C 13.A.V 13.H.c,2.0 1.5 1.75 1.3 0.8,dilaʔ,0.0,4235.0
1184,tongue,BONGGI,dila,d i l a,1 7 5 7,AXBZ,TILA,15.0,15.T.C 15.I.V 15.L.C 15.A.V,2.0 1.5 1.75 0.8,dila,0.0,4235.0
1276,tongue,BONTOC GUINAANG,dila,d i l a,1 7 5 7,AXBZ,TILA,16.0,16.T.C 16.I.V 16.L.C 16.A.V,2.0 1.5 1.75 0.8,dila,0.0,4235.0
1368,tongue,BUHI,dilaʔ,d i l a ʔ,1 7 5 7 1,AXBYN,TILAH,17.0,17.T.C 17.I.V 17.L.C 17.A.V 17.H.c,2.0 1.5 1.75 1.3 0.8,dilaʔ,0.0,4235.0
1460,tongue,BUKIDNON BINUKID,dilaʔ,d i l a ʔ,1 7 5 7 1,AXBYN,TILAH,18.0,18.T.C 18.I.V 18.L.C 18.A.V 18.H.c,2.0 1.5 1.75 1.3 0.8,dilaʔ,0.0,4235.0
1552,tongue,BUTUANON,dila,d i l a,1 7 5 7,AXBZ,TILA,19.0,19.T.C 19.I.V 19.L.C 19.A.V,2.0 1.5 1.75 0.8,dila,0.0,4235.0
1644,tongue,CAIJIA,crta,c r t a,1 5 1 7,AXBZ,CRTA,20.0,20.C.C 20.R.V 20.T.C 20.A.V,2.0 1.5 1.75 0.8,crta,0.0,4251.0
1736,tongue,CEBUANO,dila,d i l a,1 7 5 7,AXBZ,TILA,22.0,22.T.C 22.I.V 22.L.C 22.A.V,2.0 1.5 1.75 0.8,dila,0.0,4235.0
1828,tongue,CENTRAL TAGBANWA,dila,d i l a,1 7 5 7,AXBZ,TILA,23.0,23.T.C 23.I.V 23.L.C 23.A.V,2.0 1.5 1.75 0.8,dila,0.0,4235.0
1920,tongue,CUYONON,dilaʔ,d i l a ʔ,1 7 5 7 1,AXBYN,TILAH,24.0,24.T.C 24.I.V 24.L.C 24.A.V 24.H.c,2.0 1.5 1.75 1.3 0.8,dilaʔ,0.0,4235.0
2012,tongue,DARAGA,dilaʔ,d i l a ʔ,1 7 5 7 1,AXBYN,TILAH,25.0,25.T.C 25.I.V 25.L.C 25.A.V 25.H.c,2.0 1.5 1.75 1.3 0.8,dilaʔ,0.0,4235.0
2104,tongue,DUMAGAT CASIGURAN,dilaʔ,d i l a ʔ,1 7 5 7 1,AXBYN,TILAH,26.0,26.T.C 26.I.V 26.L.C 26.A.V 26.H.c,2.0 1.5 1.75 1.3 0.8,dilaʔ,0.0,4235.0
2196,tongue,DUPANINGAN AGTA,dilaʔ,d i l a ʔ,1 7 5 7 1,AXBYN,TILAH,27.0,27.T.C 27.I.V 27.L.C 27.A.V 27.H.c,2.0 1.5 1.75 1.3 0.8,dilaʔ,0.0,4235.0
2288,tongue,ENGLISH,təŋ,t ə ŋ,1 7 4,AXN,TEN,28.0,28.T.C 28.E.V 28.N.c,2.0 1.5 0.8,təŋ,0.0,4259.0
2380,tongue,ESKAYAN,golitas,g o l i t a s,1 7 5 7 1 7 3,AXBYBYN,KULITAS,29.0,29.K.C 29.U.V 29.L.C 29.I.V 29.T.C 29.A.V 29.S.c,2.0 1.5 1.75 1.3 1.75 1.3 0.8,golitas,0.0,4260.0
2472,tongue,ESTONIAN,kel,k e l,1 7 5,AXN,KEL,30.0,30.K.C 30.E.V 30.L.c,2.0 1.5 0.8,kel,0.0,4261.0
2564,tongue,FINNISH,kieli,k i e l i,1 7 7 5 7,AXYBZ,KIELI,32.0,32.K.C 32.I.V 32.E.V 32.L.C 32.I.V,2.0 1.5 1.3 1.75 0.8,kieli,0.0,4261.0
2656,tongue,FUZHOU CHINESE,tʃuiliek,tʃ u i l i e k,1 7 7 5 7 7 1,AXYBYYN,TYILIEK,33.0,33.T.C 33.Y.V 33.I.V 33.L.C 33.I.V 33.E.V 33.K.c,2.0 1.5 1.3 1.75 1.3 1.3 0.8,tʃuiliek,0.0,4235.0
2748,tongue,GADDANG,dila,d i l a,1 7 5 7,AXBZ,TILA,34.0,34.T.C 34.I.V 34.L.C 34.A.V,2.0 1.5 1.75 0.8,dila,0.0,4235.0
2840,tongue,HANUNOO,dilaʔ,d i l a ʔ,1 7 5 7 1,AXBYN,TILAH,35.0,35.T.C 35.I.V 35.L.C 35.A.V 35.H.c,2.0 1.5 1.75 1.3 0.8,dilaʔ,0.0,4235.0
2932,tongue,HIGAONON BINUKID,dilaʔ,d i l a ʔ,1 7 5 7 1,AXBYN,TILAH,36.0,36.T.C 36.I.V 36.L.C 36.A.V 36.H.c,2.0 1.5 1.75 1.3 0.8,dilaʔ,0.0,4235.0
3024,tongue,HUNGARIAN,5elv,e l v,7 5 3,XLN,ELB,38.0,38.E.V 38.L.c 38.B.c,1.5 1.1 0.8,elv,0.0,4269.0
3116,tongue,IBANAG,zila,z i l a,3 7 5 7,AXBZ,SILA,39.0,39.S.C 39.I.V 39.L.C 39.A.V,2.0 1.5 1.75 0.8,zila,0.0,4235.0
3208,tongue,IDAAN,dilaʔ,d i l a ʔ,1 7 5 7 1,AXBYN,TILAH,40.0,40.T.C 40.I.V 40.L.C 40.A.V 40.H.c,2.0 1.5 1.75 1.3 0.8,dilaʔ,0.0,4235.0
3300,tongue,IFUGAO AMGANAD,dila,d i l a,1 7 5 7,AXBZ,TILA,41.0,41.T.C 41.I.V 41.L.C 41.A.V,2.0 1.5 1.75 0.8,dila,0.0,4235.0
3392,tongue,IFUGAO BATAD,dila,d i l a,1 7 5 7,AXBZ,TILA,42.0,42.T.C 42.I.V 42.L.C 42.A.V,2.0 1.5 1.75 0.8,dila,0.0,4235.0
3484,tongue,IFUGAO BAYNINAN,dila,d i l a,1 7 5 7,AXBZ,TILA,43.0,43.T.C 43.I.V 43.L.C 43.A.V,2.0 1.5 1.75 0.8,dila,0.0,4235.0
3576,tongue,ILOKANO,dila,d i l a,1 7 5 7,AXBZ,TILA,44.0,44.T.C 44.I.V 44.L.C 44.A.V,2.0 1.5 1.75 0.8,dila,0.0,4235.0
3668,tongue,ILONGOT KAKIDUGEN,limut,l i m u t,5 7 4 7 1,AXBYN,LIMYT,45.0,45.L.C 45.I.V 45.M.C 45.Y.V 45.T.c,2.0 1.5 1.75 1.3 0.8,limut,0.0,4276.0
3760,tongue,INIBALOI,Cila,i l a,7 5 7,XBZ,ILA,48.0,48.I.V 48.L.C 48.A.V,1.5 1.75 0.8,ila,0.0,4235.0
3852,tongue,IRANUN,dilaʔ,d i l a ʔ,1 7 5 7 1,AXBYN,TILAH,49.0,49.T.C 49.I.V 49.L.C 49.A.V 49.H.c,2.0 1.5 1.75 1.3 0.8,dilaʔ,0.0,4235.0
3944,tongue,IRIGA,riraʔ,r i r a ʔ,5 7 5 7 1,AXBYN,RIRAH,50.0,50.R.C 50.I.V 50.R.C 50.A.V 50.H.c,2.0 1.5 1.75 1.3 0.8,riraʔ,0.0,4235.0
4036,tongue,ISNAG,dila,d i l a,1 7 5 7,AXBZ,TILA,51.0,51.T.C 51.I.V 51.L.C 51.A.V,2.0 1.5 1.75 0.8,dila,0.0,4235.0
4128,tongue,ITAWIT,hilE,h i l,3 7 5,AXN,HIL,52.0,52.H.C 52.I.V 52.L.c,2.0 1.5 0.8,hil,0.0,4235.0
4220,tongue,ITNEG BINONGAN,dila,d i l a,1 7 5 7,AXBZ,TILA,53.0,53.T.C 53.I.V 53.L.C 53.A.V,2.0 1.5 1.75 0.8,dila,0.0,4235.0
4312,tongue,JAPANESE,Sita,i t a,7 1 7,XBZ,ITA,54.0,54.I.V 54.T.C 54.A.V,1.5 1.75 0.8,ita,0.0,4237.0
4404,tongue,KADAZAN,diha,d i h a,1 7 3 7,AXBZ,TIHA,55.0,55.T.C 55.I.V 55.H.C 55.A.V,2.0 1.5 1.75 0.8,diha,0.0,4241.0
4496,tongue,KAGAYANEN,dilaʔ,d i l a ʔ,1 7 5 7 1,AXBYN,TILAH,56.0,56.T.C 56.I.V 56.L.C 56.A.V 56.H.c,2.0 1.5 1.75 1.3 0.8,dilaʔ,0.0,4235.0
4588,tongue,KALAGAN,dilaʔ,d i l a ʔ,1 7 5 7 1,AXBYN,TILAH,57.0,57.T.C 57.I.V 57.L.C 57.A.V 57.H.c,2.0 1.5 1.75 1.3 0.8,dilaʔ,0.0,4235.0
4680,tongue,KALINGA GUINAANG,dila,d i l a,1 7 5 7,AXBZ,TILA,59.0,59.T.C 59.I.V 59.L.C 59.A.V,2.0 1.5 1.75 0.8,dila,0.0,4235.0
4772,tongue,KALINGA LIMOS,dila,d i l a,1 7 5 7,AXBZ,TILA,60.0,60.T.C 60.I.V 60.L.C 60.A.V,2.0 1.5 1.75 0.8,dila,0.0,4235.0
4864,tongue,KALLAHAN KAYAPA PROPER,dila,d i l a,1 7 5 7,AXBZ,TILA,61.0,61.T.C 61.I.V 61.L.C 61.A.V,2.0 1.5 1.75 0.8,dila,0.0,4235.0
4956,tongue,KANKANAY NORTHERN,dila,d i l a,1 7 5 7,AXBZ,TILA,63.0,63.T.C 63.I.V 63.L.C 63.A.V,2.0 1.5 1.75 0.8,dila,0.0,4235.0
5048,tongue,KAPAMPANGAN,dilaʔ,d i l a ʔ,1 7 5 7 1,AXBYN,TILAH,64.0,64.T.C 64.I.V 64.L.C 64.A.V 64.H.c,2.0 1.5 1.75 1.3 0.8,dilaʔ,0.0,4235.0
5140,tongue,KINARAY A,dila,d i l a,1 7 5 7,AXBZ,TILA,65.0,65.T.C 65.I.V 65.L.C 65.A.V,2.0 1.5 1.75 0.8,dila,0.0,4235.0
5232,tongue,KOREAN,hjo,h j o,3 6 7,ACX,HJU,66.0,66.H.C 66.J.C 66.U.V,2.0 1.5 1.5,hjo,0.0,4297.0
5324,tongue,LEGAZPI,dilaʔ,d i l a ʔ,1 7 5 7 1,AXBYN,TILAH,67.0,67.T.C 67.I.V 67.L.C 67.A.V 67.H.c,2.0 1.5 1.75 1.3 0.8,dilaʔ,0.0,4235.0
5416,tongue,LIBON,riraʔ,r i r a ʔ,5 7 5 7 1,AXBYN,RIRAH,68.0,68.R.C 68.I.V 68.R.C 68.A.V 68.H.c,2.0 1.5 1.75 1.3 0.8,riraʔ,0.0,4235.0
5508,tongue,LIVE,kjel,k j e l,1 6 7 5,ACXN,KJEL,69.0,69.K.C 69.J.C 69.E.V 69.L.c,2.0 1.5 1.5 0.8,kjel,0.0,4261.0
5600,tongue,MAMANWA,dilaʔ,d i l a ʔ,1 7 5 7 1,AXBYN,TILAH,70.0,70.T.C 70.I.V 70.L.C 70.A.V 70.H.c,2.0 1.5 1.75 1.3 0.8,dilaʔ,0.0,4235.0
5692,tongue,MANIDE,katlub,k a t l u b,1 7 1 5 7 1,AXBCYN,KATLYP,73.0,73.K.C 73.A.V 73.T.C 73.L.C 73.Y.V 73.P.c,2.0 1.5 1.75 1.5 1.3 0.8,katlub,0.0,4304.0
5784,tongue,MANOBO ATA,diloʔ,d i l o ʔ,1 7 5 7 1,AXBYN,TILUH,74.0,74.T.C 74.I.V 74.L.C 74.U.V 74.H.c,2.0 1.5 1.75 1.3 0.8,diloʔ,0.0,4235.0
5876,tongue,MANOBO DIBABAWON,dilaʔ,d i l a ʔ,1 7 5 7 1,AXBYN,TILAH,75.0,75.T.C 75.I.V 75.L.C 75.A.V 75.H.c,2.0 1.5 1.75 1.3 0.8,dilaʔ,0.0,4235.0
5968,tongue,MANOBO ILIANEN,dilaʔ,d i l a ʔ,1 7 5 7 1,AXBYN,TILAH,76.0,76.T.C 76.I.V 76.L.C 76.A.V 76.H.c,2.0 1.5 1.75 1.3 0.8,dilaʔ,0.0,4235.0
6060,tongue,MANOBO KALAMANSIG COTABATO,dilaʔ,d i l a ʔ,1 7 5 7 1,AXBYN,TILAH,77.0,77.T.C 77.I.V 77.L.C 77.A.V 77.H.c,2.0 1.5 1.75 1.3 0.8,dilaʔ,0.0,4235.0
6152,tongue,MANOBO SARANGANI,dilaʔ,d i l a ʔ,1 7 5 7 1,AXBYN,TILAH,78.0,78.T.C 78.I.V 78.L.C 78.A.V 78.H.c,2.0 1.5 1.75 1.3 0.8,dilaʔ,0.0,4235.0
6244,tongue,MANOBO TIGWA,diləʔ,d i l ə ʔ,1 7 5 7 1,AXBYN,TILEH,79.0,79.T.C 79.I.V 79.L.C 79.E.V 79.H.c,2.0 1.5 1.75 1.3 0.8,diləʔ,0.0,4235.0
6336,tongue,MANOBO WESTERN BUKIDNON,dilaʔ,d i l a ʔ,1 7 5 7 1,AXBYN,TILAH,80.0,80.T.C 80.I.V 80.L.C 80.A.V 80.H.c,2.0 1.5 1.75 1.3 0.8,dilaʔ,0.0,4235.0
6428,tongue,MANSAKA,dilaʔ,d i l a ʔ,1 7 5 7 1,AXBYN,TILAH,81.0,81.T.C 81.I.V 81.L.C 81.A.V 81.H.c,2.0 1.5 1.75 1.3 0.8,dilaʔ,0.0,4235.0
6520,tongue,MAPUN,dalaʔ,d a l a ʔ,1 7 5 7 1,AXBYN,TALAH,82.0,82.T.C 82.A.V 82.L.C 82.A.V 82.H.c,2.0 1.5 1.75 1.3 0.8,dalaʔ,0.0,4235.0
6612,tongue,MARANAO,dilaʔ,d i l a ʔ,1 7 5 7 1,AXBYN,TILAH,83.0,83.T.C 83.I.V 83.L.C 83.A.V 83.H.c,2.0 1.5 1.75 1.3 0.8,dilaʔ,0.0,4235.0
6704,tongue,MASBATENYO,dila,d i l a,1 7 5 7,AXBZ,TILA,84.0,84.T.C 84.I.V 84.L.C 84.A.V,2.0 1.5 1.75 0.8,dila,0.0,4235.0
6796,tongue,MINANGALI LOWER TANUDAN KALINGA,dela,d e l a,1 7 5 7,AXBZ,TELA,85.0,85.T.C 85.E.V 85.L.C 85.A.V,2.0 1.5 1.75 0.8,dela,0.0,4235.0
6888,tongue,MOKSHA,kalj,k a l j,1 7 5 6,AXBC,KALJ,86.0,86.K.C 86.A.V 86.L.C 86.J.C,2.0 1.5 1.75 1.5,kalj,0.0,4261.0
6980,tongue,MOLBOG,dilaʔ,d i l a ʔ,1 7 5 7 1,AXBYN,TILAH,87.0,87.T.C 87.I.V 87.L.C 87.A.V 87.H.c,2.0 1.5 1.75 1.3 0.8,dilaʔ,0.0,4235.0
7072,tongue,MONGOLIAN,xiL,x i,3 7,AX,GI,88.0,88.G.C 88.I.V,2.0 1.5,xi,0.0,4319.0
7164,tongue,MORO MAGINDANAU,dila,d i l a,1 7 5 7,AXBZ,TILA,89.0,89.T.C 89.I.V 89.L.C 89.A.V,2.0 1.5 1.75 0.8,dila,0.0,4235.0
7256,tongue,NORTHERN CATANDUANES,dilaʔ,d i l a ʔ,1 7 5 7 1,AXBYN,TILAH,90.0,90.T.C 90.I.V 90.L.C 90.A.V 90.H.c,2.0 1.5 1.75 1.3 0.8,dilaʔ,0.0,4235.0
7348,tongue,NORTHERN SORSOGON,dilaʔ,d i l a ʔ,1 7 5 7 1,AXBYN,TILAH,91.0,91.T.C 91.I.V 91.L.C 91.A.V 91.H.c,2.0 1.5 1.75 1.3 0.8,dilaʔ,0.0,4235.0
7440,tongue,OAS,dilaʔ,d i l a ʔ,1 7 5 7 1,AXBYN,TILAH,92.0,92.T.C 92.I.V 92.L.C 92.A.V 92.H.c,2.0 1.5 1.75 1.3 0.8,dilaʔ,0.0,4235.0
7532,tongue,PALAWANO BATAK,dilaʔ,d i l a ʔ,1 7 5 7 1,AXBYN,TILAH,93.0,93.T.C 93.I.V 93.L.C 93.A.V 93.H.c,2.0 1.5 1.75 1.3 0.8,dilaʔ,0.0,4235.0
7624,tongue,PANGASINAN,dila,d i l a,1 7 5 7,AXBZ,TILA,94.0,94.T.C 94.I.V 94.L.C 94.A.V,2.0 1.5 1.75 0.8,dila,0.0,4235.0
7808,tongue,PROTO PALAWAN,dilaʔ,d i l a ʔ,1 7 5 7 1,AXBYN,TILAH,96.0,96.T.C 96.I.V 96.L.C 96.A.V 96.H.c,2.0 1.5 1.75 1.3 0.8,dilaʔ,0.0,4235.0
7900,tongue,QUEZON PALAWAN,dilaʔ,d i l a ʔ,1 7 5 7 1,AXBYN,TILAH,97.0,97.T.C 97.I.V 97.L.C 97.A.V 97.H.c,2.0 1.5 1.75 1.3 0.8,dilaʔ,0.0,4235.0
7992,tongue,ROMBLOMANON 2,dilaʔ,d i l a ʔ,1 7 5 7 1,AXBYN,TILAH,98.0,98.T.C 98.I.V 98.L.C 98.A.V 98.H.c,2.0 1.5 1.75 1.3 0.8,dilaʔ,0.0,4235.0
8084,tongue,SAMAL,dəllaʔ,d ə ll a ʔ,1 7 5 7 1,AXBYN,TELAH,99.0,99.T.C 99.E.V 99.L.C 99.A.V 99.H.c,2.0 1.5 1.75 1.3 0.8,dəllaʔ,0.0,4235.0
8176,tongue,SAMBAL BOTOLAN,dilaʔ,d i l a ʔ,1 7 5 7 1,AXBYN,TILAH,100.0,100.T.C 100.I.V 100.L.C 100.A.V 100.H.c,2.0 1.5 1.75 1.3 0.8,dilaʔ,0.0,4235.0
8268,tongue,SANGIL SARANGANI ISLANDS,dila,d i l a,1 7 5 7,AXBZ,TILA,101.0,101.T.C 101.I.V 101.L.C 101.A.V,2.0 1.5 1.75 0.8,dila,0.0,4235.0
8360,tongue,SEDANG,rope,r o p e,5 7 1 7,AXBZ,RUPE,102.0,102.R.C 102.U.V 102.P.C 102.E.V,2.0 1.5 1.75 0.8,rope,0.0,4332.0
8452,tongue,SIBUTU SOUTHERN SAMA,delaʔ,d e l a ʔ,1 7 5 7 1,AXBYN,TELAH,103.0,103.T.C 103.E.V 103.L.C 103.A.V 103.H.c,2.0 1.5 1.75 1.3 0.8,delaʔ,0.0,4235.0
8544,tongue,SOGODNIN BORACAY,dilaʔ,d i l a ʔ,1 7 5 7 1,AXBYN,TILAH,105.0,105.T.C 105.I.V 105.L.C 105.A.V 105.H.c,2.0 1.5 1.75 1.3 0.8,dilaʔ,0.0,4235.0
8636,tongue,SOUTH SAAMI,5oekCjemə,o e k j e m ə,7 7 1 6 7 4 7,XYBCYBZ,UEKJEME,106.0,106.U.V 106.E.V 106.K.C 106.J.C 106.E.V 106.M.C 106.E.V,1.5 1.3 1.75 1.5 1.3 1.75 0.8,oekjemə,0.0,4336.0
8728,tongue,SOUTHERN CATANDUANES,dilaʔ,d i l a ʔ,1 7 5 7 1,AXBYN,TILAH,107.0,107.T.C 107.I.V 107.L.C 107.A.V 107.H.c,2.0 1.5 1.75 1.3 0.8,dilaʔ,0.0,4235.0
8820,tongue,SOUTHERN SORSOGON,dilaʔ,d i l a ʔ,1 7 5 7 1,AXBYN,TILAH,109.0,109.T.C 109.I.V 109.L.C 109.A.V 109.H.c,2.0 1.5 1.75 1.3 0.8,dilaʔ,0.0,4235.0
8912,tongue,SOUTHWEST PALAWANO,dilaʔ,d i l a ʔ,1 7 5 7 1,AXBYN,TILAH,110.0,110.T.C 110.I.V 110.L.C 110.A.V 110.H.c,2.0 1.5 1.75 1.3 0.8,dilaʔ,0.0,4235.0
9004,tongue,SPANISH,leŋwa,l e ŋw a,5 7 4 7,AXBZ,LENA,111.0,111.L.C 111.E.V 111.N.C 111.A.V,2.0 1.5 1.75 0.8,leŋwa,0.0,4341.0
9096,tongue,SUBANON SIOCON,dilaʔ,d i l a ʔ,1 7 5 7 1,AXBYN,TILAH,112.0,112.T.C 112.I.V 112.L.C 112.A.V 112.H.c,2.0 1.5 1.75 1.3 0.8,dilaʔ,0.0,4235.0
9188,tongue,SUBANUN SINDANGAN,dilaʔ,d i l a ʔ,1 7 5 7 1,AXBYN,TILAH,113.0,113.T.C 113.I.V 113.L.C 113.A.V 113.H.c,2.0 1.5 1.75 1.3 0.8,dilaʔ,0.0,4235.0
9280,tongue,SURIGAONON,dila,d i l a,1 7 5 7,AXBZ,TILA,114.0,114.T.C 114.I.V 114.L.C 114.A.V,2.0 1.5 1.75 0.8,dila,0.0,4235.0
9464,tongue,TAGABILI,dilak,d i l a k,1 7 5 7 1,AXBYN,TILAK,116.0,116.T.C 116.I.V 116.L.C 116.A.V 116.K.c,2.0 1.5 1.75 1.3 0.8,dilak,0.0,4235.0
9556,tongue,TAGALOG,dila,d i l a,1 7 5 7,AXBZ,TILA,117.0,117.T.C 117.I.V 117.L.C 117.A.V,2.0 1.5 1.75 0.8,dila,0.0,4235.0
9648,tongue,TAGBANWA ABORLAN,dila,d i l a,1 7 5 7,AXBZ,TILA,118.0,118.T.C 118.I.V 118.L.C 118.A.V,2.0 1.5 1.75 0.8,dila,0.0,4235.0
9740,tongue,TAGBANWA KALAMIAN,dilak,d i l a k,1 7 5 7 1,AXBYN,TILAK,119.0,119.T.C 119.I.V 119.L.C 119.A.V 119.K.c,2.0 1.5 1.75 1.3 0.8,dilak,0.0,4235.0
9832,tongue,TAUSUG,dilaʔ,d i l a ʔ,1 7 5 7 1,AXBYN,TILAH,120.0,120.T.C 120.I.V 120.L.C 120.A.V 120.H.c,2.0 1.5 1.75 1.3 0.8,dilaʔ,0.0,4235.0
9924,tongue,TIMUGON MURUT,dilaʔ,d i l a ʔ,1 7 5 7 1,AXBYN,TILAH,121.0,121.T.C 121.I.V 121.L.C 121.A.V 121.H.c,2.0 1.5 1.75 1.3 0.8,dilaʔ,0.0,4235.0
10016,tongue,TIRURAY,dilaʔ,d i l a ʔ,1 7 5 7 1,AXBYN,TILAH,122.0,122.T.C 122.I.V 122.L.C 122.A.V 122.H.c,2.0 1.5 1.75 1.3 0.8,dilaʔ,0.0,4235.0
10108,tongue,TURKISH,dil,d i l,1 7 5,AXN,TIL,123.0,123.T.C 123.I.V 123.L.c,2.0 1.5 0.8,dil,0.0,4235.0
10200,tongue,UGARITIC,laSanu,l a a n u,5 7 7 4 7,AXYBZ,LAANY,124.0,124.L.C 124.A.V 124.A.V 124.N.C 124.Y.V,2.0 1.5 1.3 1.75 0.8,laanu,0.0,4341.0
10292,tongue,UMIRAY DUMAGET AGTA,dila,d i l a,1 7 5 7,AXBZ,TILA,125.0,125.T.C 125.I.V 125.L.C 125.A.V,2.0 1.5 1.75 0.8,dila,0.0,4235.0
10384,tongue,WARAY WARAY,dila,d i l a,1 7 5 7,AXBZ,TILA,126.0,126.T.C 126.I.V 126.L.C 126.A.V,2.0 1.5 1.75 0.8,dila,0.0,4235.0
10476,tongue,YAKAN,delaʔ,d e l a ʔ,1 7 5 7 1,AXBYN,TELAH,127.0,127.T.C 127.E.V 127.L.C 127.A.V 127.H.c,2.0 1.5 1.75 1.3 0.8,delaʔ,0.0,4235.0
10568,tongue,YOGAD,dila,d i l a,1 7 5 7,AXBZ,TILA,128.0,128.T.C 128.I.V 128.L.C 128.A.V,2.0 1.5 1.75 0.8,dila,0.0,4235.0
10660,tongue,ZAMBOANGUENO,le*ŋwa,l e ŋw a,5 7 4 7,AXBZ,LENA,129.0,129.L.C 129.E.V 129.N.C 129.A.V,2.0 1.5 1.75 0.8,leŋwa,0.0,4341.0
10752,tongue,IMOROD,lila,l i l a,5 7 5 7,AXBZ,LILA,46.0,46.L.C 46.I.V 46.L.C 46.A.V,2.0 1.5 1.75 0.8,lila,0.0,4235.0
10844,tongue,BABUYAN,rida,r i d a,5 7 1 7,AXBZ,RITA,5.0,5.R.C 5.I.V 5.T.C 5.A.V,2.0 1.5 1.75 0.8,rida,0.0,4237.0
10936,tongue,BISAYA SABAH,dilo,d i l o,1 7 5 7,AXBZ,TILU,14.0,14.T.C 14.I.V 14.L.C 14.U.V,2.0 1.5 1.75 0.8,dilo,0.0,4235.0
11028,tongue,CAPIZNON,dila,d i l a,1 7 5 7,AXBZ,TILA,21.0,21.T.C 21.I.V 21.L.C 21.A.V,2.0 1.5 1.75 0.8,dila,0.0,4235.0
11120,tongue,FINALLIG,Cila,i l a,7 5 7,XBZ,ILA,31.0,31.I.V 31.L.C 31.A.V,1.5 1.75 0.8,ila,0.0,4235.0
11212,tongue,HILIGAYNON,dilaʔ,d i l a ʔ,1 7 5 7 1,AXBYN,TILAH,37.0,37.T.C 37.I.V 37.L.C 37.A.V 37.H.c,2.0 1.5 1.75 1.3 0.8,dilaʔ,0.0,4235.0
11304,tongue,INABAKNON,dalaʔ,d a l a ʔ,1 7 5 7 1,AXBYN,TALAH,47.0,47.T.C 47.A.V 47.L.C 47.A.V 47.H.c,2.0 1.5 1.75 1.3 0.8,dalaʔ,0.0,4235.0
11396,tongue,KALAGAN KAAGAN,dilaʔ,d i l a ʔ,1 7 5 7 1,AXBYN,TILAH,58.0,58.T.C 58.I.V 58.L.C 58.A.V 58.H.c,2.0 1.5 1.75 1.3 0.8,dilaʔ,0.0,4235.0
11488,tongue,KANKANAEY,dila,d i l a,1 7 5 7,AXBZ,TILA,62.0,62.T.C 62.I.V 62.L.C 62.A.V,2.0 1.5 1.75 0.8,dila,0.0,4235.0
11580,tongue,MANDAYAN BOSO,dilaʔ,d i l a ʔ,1 7 5 7 1,AXBYN,TILAH,71.0,71.T.C 71.I.V 71.L.C 71.A.V 71.H.c,2.0 1.5 1.75 1.3 0.8,dilaʔ,0.0,4235.0
11672,tongue,MANDAYAN ISLAM PISO,dilaʔ,d i l a ʔ,1 7 5 7 1,AXBYN,TILAH,72.0,72.T.C 72.I.V 72.L.C 72.A.V 72.H.c,2.0 1.5 1.75 1.3 0.8,dilaʔ,0.0,4235.0
11764,tongue,SINAUNA,dilaʔ,d i l a ʔ,1 7 5 7 1,AXBYN,TILAH,104.0,104.T.C 104.I.V 104.L.C 104.A.V 104.H.c,2.0 1.5 1.75 1.3 0.8,dilaʔ,0.0,4235.0
11856,tongue,SOUTHERN KALINGA,Cila,i l a,7 5 7,XBZ,ILA,108.0,108.I.V 108.L.C 108.A.V,1.5 1.75 0.8,ila,0.0,4235.0
81,tooth,AGTA,ŋipon,ŋ i p o n,4 7 1 7 4,AXBYN,NIPUN,1.0,1.N.C 1.I.V 1.P.C 1.U.V 1.N.c,2.0 1.5 1.75 1.3 0.8,ŋipon,0.0,4352.0
173,tooth,AKLANON,ŋipun,ŋ i p u n,4 7 1 7 4,AXBYN,NIPYN,2.0,2.N.C 2.I.V 2.P.C 2.Y.V 2.N.c,2.0 1.5 1.75 1.3 0.8,ŋipun,0.0,4352.0
357,tooth,ATTA PAMPLONA,ŋipan,ŋ i p a n,4 7 1 7 4,AXBYN,NIPAN,4.0,4.N.C 4.I.V 4.P.C 4.A.V 4.N.c,2.0 1.5 1.75 1.3 0.8,ŋipan,0.0,4352.0
449,tooth,BAJAU WEST COAST,impon,i m p o n,7 4 1 7 4,XMBYN,IMPUN,6.0,6.I.V 6.M.c 6.P.C 6.U.V 6.N.c,1.5 1.1 1.75 1.3 0.8,impon,0.0,4352.0
541,tooth,BALANGAW,bubʔo,b u b ʔ o,1 7 1 1 7,AXMBZ,PYPHU,7.0,7.P.C 7.Y.V 7.P.c 7.H.C 7.U.V,2.0 1.5 1.1 1.75 0.8,bubʔo,0.0,4347.0
633,tooth,BALANGINGI SAMA,empon,e m p o n,7 4 1 7 4,XMBYN,EMPUN,8.0,8.E.V 8.M.c 8.P.C 8.U.V 8.N.c,1.5 1.1 1.75 1.3 0.8,empon,0.0,4352.0
725,tooth,BANTON BANTOANON,ŋisih,ŋ i s i h,4 7 3 7 3,AXBYN,NISIH,9.0,9.N.C 9.I.V 9.S.C 9.I.V 9.H.c,2.0 1.5 1.75 1.3 0.8,ŋisih,0.0,4349.0
817,tooth,BASQUE,horc,h o r c,3 7 5 1,AXLN,HURC,10.0,10.H.C 10.U.V 10.R.c 10.C.c,2.0 1.5 1.1 0.8,horc,0.0,4350.0
909,tooth,BATAK PALAWAN,nipən,n i p ə n,4 7 1 7 4,AXBYN,NIPEN,11.0,11.N.C 11.I.V 11.P.C 11.E.V 11.N.c,2.0 1.5 1.75 1.3 0.8,nipən,0.0,4352.0
1001,tooth,BILAAN KORONADAL,kifan,k i f a n,1 7 3 7 4,AXBYN,KIBAN,12.0,12.K.C 12.I.V 12.B.C 12.A.V 12.N.c,2.0 1.5 1.75 1.3 0.8,kifan,0.0,4352.0
1093,tooth,BILAAN SARANGANI,kifan,k i f a n,1 7 3 7 4,AXBYN,KIBAN,13.0,13.K.C 13.I.V 13.B.C 13.A.V 13.N.c,2.0 1.5 1.75 1.3 0.8,kifan,0.0,4352.0
1185,tooth,BONGGI,kuhud,k u h u d,1 7 3 7 1,AXBYN,KYHYT,15.0,15.K.C 15.Y.V 15.H.C 15.Y.V 15.T.c,2.0 1.5 1.75 1.3 0.8,kuhud,0.0,4355.0
1277,tooth,BONTOC GUINAANG,babʔa,b a b ʔ a,1 7 1 1 7,AXMBZ,PAPHA,16.0,16.P.C 16.A.V 16.P.c 16.H.C 16.A.V,2.0 1.5 1.1 1.75 0.8,babʔa,0.0,4347.0
1369,tooth,BUHI,ŋipin,ŋ i p i n,4 7 1 7 4,AXBYN,NIPIN,17.0,17.N.C 17.I.V 17.P.C 17.I.V 17.N.c,2.0 1.5 1.75 1.3 0.8,ŋipin,0.0,4352.0
1461,tooth,BUKIDNON BINUKID,ŋipun,ŋ i p u n,4 7 1 7 4,AXBYN,NIPYN,18.0,18.N.C 18.I.V 18.P.C 18.Y.V 18.N.c,2.0 1.5 1.75 1.3 0.8,ŋipun,0.0,4352.0
1553,tooth,BUTUANON,ŋipon,ŋ i p o n,4 7 1 7 4,AXBYN,NIPUN,19.0,19.N.C 19.I.V 19.P.C 19.U.V 19.N.c,2.0 1.5 1.75 1.3 0.8,ŋipon,0.0,4352.0
1645,tooth,CAIJIA,tʃeipei,tʃ e i p e i,1 7 7 1 7 7,AXYBYZ,TEIPEI,20.0,20.T.C 20.E.V 20.I.V 20.P.C 20.E.V 20.I.V,2.0 1.5 1.3 1.75 1.3 0.8,tʃeipei,0.0,4360.0
1737,tooth,CEBUANO,ŋipun,ŋ i p u n,4 7 1 7 4,AXBYN,NIPYN,22.0,22.N.C 22.I.V 22.P.C 22.Y.V 22.N.c,2.0 1.5 1.75 1.3 0.8,ŋipun,0.0,4352.0
1829,tooth,CENTRAL TAGBANWA,ŋiti,ŋ i t i,4 7 1 7,AXBZ,NITI,23.0,23.N.C 23.I.V 23.T.C 23.I.V,2.0 1.5 1.75 0.8,ŋiti,0.0,4361.0
1921,tooth,CUYONON,ipən,i p ə n,7 1 7 4,XBYN,IPEN,24.0,24.I.V 24.P.C 24.E.V 24.N.c,1.5 1.75 1.3 0.8,ipən,0.0,4352.0
2013,tooth,DARAGA,ŋipin,ŋ i p i n,4 7 1 7 4,AXBYN,NIPIN,25.0,25.N.C 25.I.V 25.P.C 25.I.V 25.N.c,2.0 1.5 1.75 1.3 0.8,ŋipin,0.0,4352.0
2105,tooth,DUMAGAT CASIGURAN,ŋipən,ŋ i p ə n,4 7 1 7 4,AXBYN,NIPEN,26.0,26.N.C 26.I.V 26.P.C 26.E.V 26.N.c,2.0 1.5 1.75 1.3 0.8,ŋipən,0.0,4352.0
2197,tooth,DUPANINGAN AGTA,ŋipan,ŋ i p a n,4 7 1 7 4,AXBYN,NIPAN,27.0,27.N.C 27.I.V 27.P.C 27.A.V 27.N.c,2.0 1.5 1.75 1.3 0.8,ŋipan,0.0,4352.0
2289,tooth,ENGLISH,tu8,t u,1 7,AX,TY,28.0,28.T.C 28.Y.V,2.0 1.5,tu,0.0,4368.0
2381,tooth,ESKAYAN,prindido,p r i n d i d o,1 5 7 4 1 7 1 7,ACXMBYBZ,PRINTITU,29.0,29.P.C 29.R.C 29.I.V 29.N.c 29.T.C 29.I.V 29.T.C 29.U.V,2.0 1.5 1.5 1.1 1.75 1.3 1.75 0.8,prindido,0.0,4361.0
2473,tooth,ESTONIAN,hammas,h a mm a s,3 7 4 7 3,AXBYN,HAMAS,30.0,30.H.C 30.A.V 30.M.C 30.A.V 30.S.c,2.0 1.5 1.75 1.3 0.8,hammas,0.0,4370.0
2565,tooth,FINNISH,hammas,h a mm a s,3 7 4 7 3,AXBYN,HAMAS,32.0,32.H.C 32.A.V 32.M.C 32.A.V 32.S.c,2.0 1.5 1.75 1.3 0.8,hammas,0.0,4370.0
2657,tooth,FUZHOU CHINESE,ŋai,ŋ a i,4 7 7,AXZ,NAI,33.0,33.N.C 33.A.V 33.I.V,2.0 1.5 0.8,ŋai,1.0,4373.0
2749,tooth,GADDANG,ŋipan,ŋ i p a n,4 7 1 7 4,AXBYN,NIPAN,34.0,34.N.C 34.I.V 34.P.C 34.A.V 34.N.c,2.0 1.5 1.75 1.3 0.8,ŋipan,0.0,4352.0
2841,tooth,HANUNOO,ŋipun,ŋ i p u n,4 7 1 7 4,AXBYN,NIPYN,35.0,35.N.C 35.I.V 35.P.C 35.Y.V 35.N.c,2.0 1.5 1.75 1.3 0.8,ŋipun,0.0,4352.0
2933,tooth,HIGAONON BINUKID,ŋipun,ŋ i p u n,4 7 1 7 4,AXBYN,NIPYN,36.0,36.N.C 36.I.V 36.P.C 36.Y.V 36.N.c,2.0 1.5 1.75 1.3 0.8,ŋipun,0.0,4352.0
3025,tooth,HUNGARIAN,fog,f o g,3 7 1,AXN,BUK,38.0,38.B.C 38.U.V 38.K.c,2.0 1.5 0.8,fog,0.0,4378.0
3117,tooth,IBANAG,ŋipan,ŋ i p a n,4 7 1 7 4,AXBYN,NIPAN,39.0,39.N.C 39.I.V 39.P.C 39.A.V 39.N.c,2.0 1.5 1.75 1.3 0.8,ŋipan,0.0,4352.0
3209,tooth,IDAAN,nipon,n i p o n,4 7 1 7 4,AXBYN,NIPUN,40.0,40.N.C 40.I.V 40.P.C 40.U.V 40.N.c,2.0 1.5 1.75 1.3 0.8,nipon,0.0,4352.0
3301,tooth,IFUGAO AMGANAD,boba,b o b a,1 7 1 7,AXBZ,PUPA,41.0,41.P.C 41.U.V 41.P.C 41.A.V,2.0 1.5 1.75 0.8,boba,0.0,4347.0
3393,tooth,IFUGAO BATAD,baba,b a b a,1 7 1 7,AXBZ,PAPA,42.0,42.P.C 42.A.V 42.P.C 42.A.V,2.0 1.5 1.75 0.8,baba,0.0,4347.0
3485,tooth,IFUGAO BAYNINAN,buba,b u b a,1 7 1 7,AXBZ,PYPA,43.0,43.P.C 43.Y.V 43.P.C 43.A.V,2.0 1.5 1.75 0.8,buba,0.0,4347.0
3577,tooth,ILOKANO,ŋipen,ŋ i p e n,4 7 1 7 4,AXBYN,NIPEN,44.0,44.N.C 44.I.V 44.P.C 44.E.V 44.N.c,2.0 1.5 1.75 1.3 0.8,ŋipen,0.0,4352.0
3669,tooth,ILONGOT KAKIDUGEN,bəʔbə,b ə ʔ b ə,1 7 1 1 7,AXMBZ,PEHPE,45.0,45.P.C 45.E.V 45.H.c 45.P.C 45.E.V,2.0 1.5 1.1 1.75 0.8,bəʔbə,0.0,4347.0
3761,tooth,INIBALOI,saŋi,s a ŋ i,3 7 4 7,AXBZ,SANI,48.0,48.S.C 48.A.V 48.N.C 48.I.V,2.0 1.5 1.75 0.8,saŋi,0.0,4388.0
3853,tooth,IRANUN,ŋipen,ŋ i p e n,4 7 1 7 4,AXBYN,NIPEN,49.0,49.N.C 49.I.V 49.P.C 49.E.V 49.N.c,2.0 1.5 1.75 1.3 0.8,ŋipen,0.0,4352.0
3945,tooth,IRIGA,ŋipin,ŋ i p i n,4 7 1 7 4,AXBYN,NIPIN,50.0,50.N.C 50.I.V 50.P.C 50.I.V 50.N.c,2.0 1.5 1.75 1.3 0.8,ŋipin,0.0,4352.0
4037,tooth,ISNAG,ŋipan,ŋ i p a n,4 7 1 7 4,AXBYN,NIPAN,51.0,51.N.C 51.I.V 51.P.C 51.A.V 51.N.c,2.0 1.5 1.75 1.3 0.8,ŋipan,0.0,4352.0
4129,tooth,ITAWIT,ŋipEn,ŋ i p n,4 7 1 4,AXBC,NIPN,52.0,52.N.C 52.I.V 52.P.C 52.N.C,2.0 1.5 1.75 1.5,ŋipn,0.0,4352.0
4221,tooth,ITNEG BINONGAN,ŋipən,ŋ i p ə n,4 7 1 7 4,AXBYN,NIPEN,53.0,53.N.C 53.I.V 53.P.C 53.E.V 53.N.c,2.0 1.5 1.75 1.3 0.8,ŋipən,0.0,4352.0
4313,tooth,JAPANESE,ha,h a,3 7,AX,HA,54.0,54.H.C 54.A.V,2.0 1.5,ha,0.0,4350.0
4405,tooth,KADAZAN,nipon,n i p o n,4 7 1 7 4,AXBYN,NIPUN,55.0,55.N.C 55.I.V 55.P.C 55.U.V 55.N.c,2.0 1.5 1.75 1.3 0.8,nipon,0.0,4352.0
4497,tooth,KAGAYANEN,ŋipən,ŋ i p ə n,4 7 1 7 4,AXBYN,NIPEN,56.0,56.N.C 56.I.V 56.P.C 56.E.V 56.N.c,2.0 1.5 1.75 1.3 0.8,ŋipən,0.0,4352.0
4589,tooth,KALAGAN,untu,u n t u,7 4 1 7,XMBZ,YNTY,57.0,57.Y.V 57.N.c 57.T.C 57.Y.V,1.5 1.1 1.75 0.8,untu,0.0,4361.0
4681,tooth,KALINGA GUINAANG,5ipon,i p o n,7 1 7 4,XBYN,IPUN,59.0,59.I.V 59.P.C 59.U.V 59.N.c,1.5 1.75 1.3 0.8,ipon,0.0,4352.0
4773,tooth,KALINGA LIMOS,ŋipon,ŋ i p o n,4 7 1 7 4,AXBYN,NIPUN,60.0,60.N.C 60.I.V 60.P.C 60.U.V 60.N.c,2.0 1.5 1.75 1.3 0.8,ŋipon,0.0,4352.0
4865,tooth,KALLAHAN KAYAPA PROPER,haŋi,h a ŋ i,3 7 4 7,AXBZ,HANI,61.0,61.H.C 61.A.V 61.N.C 61.I.V,2.0 1.5 1.75 0.8,haŋi,0.0,4388.0
4957,tooth,KANKANAY NORTHERN,babʔa,b a b ʔ a,1 7 1 1 7,AXMBZ,PAPHA,63.0,63.P.C 63.A.V 63.P.c 63.H.C 63.A.V,2.0 1.5 1.1 1.75 0.8,babʔa,0.0,4347.0
5049,tooth,KAPAMPANGAN,ipan,i p a n,7 1 7 4,XBYN,IPAN,64.0,64.I.V 64.P.C 64.A.V 64.N.c,1.5 1.75 1.3 0.8,ipan,0.0,4352.0
5141,tooth,KINARAY A,ŋipon,ŋ i p o n,4 7 1 7 4,AXBYN,NIPUN,65.0,65.N.C 65.I.V 65.P.C 65.U.V 65.N.c,2.0 1.5 1.75 1.3 0.8,ŋipon,0.0,4352.0
5233,tooth,KOREAN,i,i,7,X,I,66.0,66.I.V,1.5,i,1.0,4406.0
5325,tooth,LEGAZPI,ŋipun,ŋ i p u n,4 7 1 7 4,AXBYN,NIPYN,67.0,67.N.C 67.I.V 67.P.C 67.Y.V 67.N.c,2.0 1.5 1.75 1.3 0.8,ŋipun,0.0,4352.0
5417,tooth,LIBON,ŋipon,ŋ i p o n,4 7 1 7 4,AXBYN,NIPUN,68.0,68.N.C 68.I.V 68.P.C 68.U.V 68.N.c,2.0 1.5 1.75 1.3 0.8,ŋipon,0.0,4352.0
5509,tooth,LIVE,ambaz,a m b a z,7 4 1 7 3,XMBYN,AMPAS,69.0,69.A.V 69.M.c 69.P.C 69.A.V 69.S.c,1.5 1.1 1.75 1.3 0.8,ambaz,0.0,4352.0
5601,tooth,MAMANWA,ŋipən,ŋ i p ə n,4 7 1 7 4,AXBYN,NIPEN,70.0,70.N.C 70.I.V 70.P.C 70.E.V 70.N.c,2.0 1.5 1.75 1.3 0.8,ŋipən,0.0,4352.0
5693,tooth,MANIDE,ŋipen,ŋ i p e n,4 7 1 7 4,AXBYN,NIPEN,73.0,73.N.C 73.I.V 73.P.C 73.E.V 73.N.c,2.0 1.5 1.75 1.3 0.8,ŋipen,0.0,4352.0
5785,tooth,MANOBO ATA,ŋipon,ŋ i p o n,4 7 1 7 4,AXBYN,NIPUN,74.0,74.N.C 74.I.V 74.P.C 74.U.V 74.N.c,2.0 1.5 1.75 1.3 0.8,ŋipon,0.0,4352.0
5877,tooth,MANOBO DIBABAWON,ŋipən,ŋ i p ə n,4 7 1 7 4,AXBYN,NIPEN,75.0,75.N.C 75.I.V 75.P.C 75.E.V 75.N.c,2.0 1.5 1.75 1.3 0.8,ŋipən,0.0,4352.0
5969,tooth,MANOBO ILIANEN,ŋipən,ŋ i p ə n,4 7 1 7 4,AXBYN,NIPEN,76.0,76.N.C 76.I.V 76.P.C 76.E.V 76.N.c,2.0 1.5 1.75 1.3 0.8,ŋipən,0.0,4352.0
6061,tooth,MANOBO KALAMANSIG COTABATO,ŋipən,ŋ i p ə n,4 7 1 7 4,AXBYN,NIPEN,77.0,77.N.C 77.I.V 77.P.C 77.E.V 77.N.c,2.0 1.5 1.75 1.3 0.8,ŋipən,0.0,4352.0
6153,tooth,MANOBO SARANGANI,ŋipon,ŋ i p o n,4 7 1 7 4,AXBYN,NIPUN,78.0,78.N.C 78.I.V 78.P.C 78.U.V 78.N.c,2.0 1.5 1.75 1.3 0.8,ŋipon,0.0,4352.0
6245,tooth,MANOBO TIGWA,ŋipən,ŋ i p ə n,4 7 1 7 4,AXBYN,NIPEN,79.0,79.N.C 79.I.V 79.P.C 79.E.V 79.N.c,2.0 1.5 1.75 1.3 0.8,ŋipən,0.0,4352.0
6337,tooth,MANOBO WESTERN BUKIDNON,ŋipən,ŋ i p ə n,4 7 1 7 4,AXBYN,NIPEN,80.0,80.N.C 80.I.V 80.P.C 80.E.V 80.N.c,2.0 1.5 1.75 1.3 0.8,ŋipən,0.0,4352.0
6429,tooth,MANSAKA,untu,u n t u,7 4 1 7,XMBZ,YNTY,81.0,81.Y.V 81.N.c 81.T.C 81.Y.V,1.5 1.1 1.75 0.8,untu,0.0,4361.0
6521,tooth,MAPUN,impon,i m p o n,7 4 1 7 4,XMBYN,IMPUN,82.0,82.I.V 82.M.c 82.P.C 82.U.V 82.N.c,1.5 1.1 1.75 1.3 0.8,impon,0.0,4352.0
6613,tooth,MARANAO,ŋipen,ŋ i p e n,4 7 1 7 4,AXBYN,NIPEN,83.0,83.N.C 83.I.V 83.P.C 83.E.V 83.N.c,2.0 1.5 1.75 1.3 0.8,ŋipen,0.0,4352.0
6705,tooth,MASBATENYO,ŋipon,ŋ i p o n,4 7 1 7 4,AXBYN,NIPUN,84.0,84.N.C 84.I.V 84.P.C 84.U.V 84.N.c,2.0 1.5 1.75 1.3 0.8,ŋipon,0.0,4352.0
6797,tooth,MINANGALI LOWER TANUDAN KALINGA,baba,b a b a,1 7 1 7,AXBZ,PAPA,85.0,85.P.C 85.A.V 85.P.C 85.A.V,2.0 1.5 1.75 0.8,baba,0.0,4347.0
6889,tooth,MOKSHA,pej,p e j,1 7 6,AXN,PEJ,86.0,86.P.C 86.E.V 86.J.c,2.0 1.5 0.8,pej,0.0,4426.0
6981,tooth,MOLBOG,nipon,n i p o n,4 7 1 7 4,AXBYN,NIPUN,87.0,87.N.C 87.I.V 87.P.C 87.U.V 87.N.c,2.0 1.5 1.75 1.3 0.8,nipon,0.0,4352.0
7073,tooth,MONGOLIAN,Sut,u t,7 1,XN,YT,88.0,88.Y.V 88.T.c,1.5 0.8,ut,0.0,4428.0
7165,tooth,MORO MAGINDANAU,ŋipun,ŋ i p u n,4 7 1 7 4,AXBYN,NIPYN,89.0,89.N.C 89.I.V 89.P.C 89.Y.V 89.N.c,2.0 1.5 1.75 1.3 0.8,ŋipun,0.0,4352.0
7257,tooth,NORTHERN CATANDUANES,tiŋu,t i ŋ u,1 7 4 7,AXBZ,TINY,90.0,90.T.C 90.I.V 90.N.C 90.Y.V,2.0 1.5 1.75 0.8,tiŋu,0.0,4368.0
7349,tooth,NORTHERN SORSOGON,ŋipun,ŋ i p u n,4 7 1 7 4,AXBYN,NIPYN,91.0,91.N.C 91.I.V 91.P.C 91.Y.V 91.N.c,2.0 1.5 1.75 1.3 0.8,ŋipun,0.0,4352.0
7441,tooth,OAS,ŋipin,ŋ i p i n,4 7 1 7 4,AXBYN,NIPIN,92.0,92.N.C 92.I.V 92.P.C 92.I.V 92.N.c,2.0 1.5 1.75 1.3 0.8,ŋipin,0.0,4352.0
7533,tooth,PALAWANO BATAK,nipən,n i p ə n,4 7 1 7 4,AXBYN,NIPEN,93.0,93.N.C 93.I.V 93.P.C 93.E.V 93.N.c,2.0 1.5 1.75 1.3 0.8,nipən,0.0,4352.0
7625,tooth,PANGASINAN,ŋipen,ŋ i p e n,4 7 1 7 4,AXBYN,NIPEN,94.0,94.N.C 94.I.V 94.P.C 94.E.V 94.N.c,2.0 1.5 1.75 1.3 0.8,ŋipen,0.0,4352.0
7809,tooth,PROTO PALAWAN,nipən,n i p ə n,4 7 1 7 4,AXBYN,NIPEN,96.0,96.N.C 96.I.V 96.P.C 96.E.V 96.N.c,2.0 1.5 1.75 1.3 0.8,nipən,0.0,4352.0
7901,tooth,QUEZON PALAWAN,nipən,n i p ə n,4 7 1 7 4,AXBYN,NIPEN,97.0,97.N.C 97.I.V 97.P.C 97.E.V 97.N.c,2.0 1.5 1.75 1.3 0.8,nipən,0.0,4352.0
7993,tooth,ROMBLOMANON 2,ŋipun,ŋ i p u n,4 7 1 7 4,AXBYN,NIPYN,98.0,98.N.C 98.I.V 98.P.C 98.Y.V 98.N.c,2.0 1.5 1.75 1.3 0.8,ŋipun,0.0,4352.0
8085,tooth,SAMAL,empon,e m p o n,7 4 1 7 4,XMBYN,EMPUN,99.0,99.E.V 99.M.c 99.P.C 99.U.V 99.N.c,1.5 1.1 1.75 1.3 0.8,empon,0.0,4352.0
8177,tooth,SAMBAL BOTOLAN,ŋipən,ŋ i p ə n,4 7 1 7 4,AXBYN,NIPEN,100.0,100.N.C 100.I.V 100.P.C 100.E.V 100.N.c,2.0 1.5 1.75 1.3 0.8,ŋipən,0.0,4352.0
8269,tooth,SANGIL SARANGANI ISLANDS,isi,i s i,7 3 7,XBZ,ISI,101.0,101.I.V 101.S.C 101.I.V,1.5 1.75 0.8,isi,0.0,4349.0
8361,tooth,SEDANG,honeŋ,h o n e ŋ,3 7 4 7 4,AXBYN,HUNEN,102.0,102.H.C 102.U.V 102.N.C 102.E.V 102.N.c,2.0 1.5 1.75 1.3 0.8,honeŋ,0.0,4388.0
8453,tooth,SIBUTU SOUTHERN SAMA,empon,e m p o n,7 4 1 7 4,XMBYN,EMPUN,103.0,103.E.V 103.M.c 103.P.C 103.U.V 103.N.c,1.5 1.1 1.75 1.3 0.8,empon,0.0,4352.0
8545,tooth,SOGODNIN BORACAY,hipon,h i p o n,3 7 1 7 4,AXBYN,HIPUN,105.0,105.H.C 105.I.V 105.P.C 105.U.V 105.N.c,2.0 1.5 1.75 1.3 0.8,hipon,0.0,4352.0
8637,tooth,SOUTH SAAMI,baeniə,b a e n i ə,1 7 7 4 7 7,AXYBYZ,PAENIE,106.0,106.P.C 106.A.V 106.E.V 106.N.C 106.I.V 106.E.V,2.0 1.5 1.3 1.75 1.3 0.8,baeniə,0.0,4445.0
8729,tooth,SOUTHERN CATANDUANES,tiŋu,t i ŋ u,1 7 4 7,AXBZ,TINY,107.0,107.T.C 107.I.V 107.N.C 107.Y.V,2.0 1.5 1.75 0.8,tiŋu,0.0,4368.0
8821,tooth,SOUTHERN SORSOGON,ŋipun,ŋ i p u n,4 7 1 7 4,AXBYN,NIPYN,109.0,109.N.C 109.I.V 109.P.C 109.Y.V 109.N.c,2.0 1.5 1.75 1.3 0.8,ŋipun,0.0,4352.0
8913,tooth,SOUTHWEST PALAWANO,nipen,n i p e n,4 7 1 7 4,AXBYN,NIPEN,110.0,110.N.C 110.I.V 110.P.C 110.E.V 110.N.c,2.0 1.5 1.75 1.3 0.8,nipen,0.0,4352.0
9005,tooth,SPANISH,diente,d i e n t e,1 7 7 4 1 7,AXYMBZ,TIENTE,111.0,111.T.C 111.I.V 111.E.V 111.N.c 111.T.C 111.E.V,2.0 1.5 1.3 1.1 1.75 0.8,diente,0.0,4361.0
9097,tooth,SUBANON SIOCON,ŋisi,ŋ i s i,4 7 3 7,AXBZ,NISI,112.0,112.N.C 112.I.V 112.S.C 112.I.V,2.0 1.5 1.75 0.8,ŋisi,0.0,4349.0
9189,tooth,SUBANUN SINDANGAN,ŋisi,ŋ i s i,4 7 3 7,AXBZ,NISI,113.0,113.N.C 113.I.V 113.S.C 113.I.V,2.0 1.5 1.75 0.8,ŋisi,0.0,4349.0
9281,tooth,SURIGAONON,ŋipon,ŋ i p o n,4 7 1 7 4,AXBYN,NIPUN,114.0,114.N.C 114.I.V 114.P.C 114.U.V 114.N.c,2.0 1.5 1.75 1.3 0.8,ŋipon,0.0,4352.0
9373,tooth,TAGABAWA,ŋipan,ŋ i p a n,4 7 1 7 4,AXBYN,NIPAN,115.0,115.N.C 115.I.V 115.P.C 115.A.V 115.N.c,2.0 1.5 1.75 1.3 0.8,ŋipan,0.0,4352.0
9465,tooth,TAGABILI,nihih,n i h i h,4 7 3 7 3,AXBYN,NIHIH,116.0,116.N.C 116.I.V 116.H.C 116.I.V 116.H.c,2.0 1.5 1.75 1.3 0.8,nihih,0.0,4349.0
9557,tooth,TAGALOG,ŋipin,ŋ i p i n,4 7 1 7 4,AXBYN,NIPIN,117.0,117.N.C 117.I.V 117.P.C 117.I.V 117.N.c,2.0 1.5 1.75 1.3 0.8,ŋipin,0.0,4352.0
9649,tooth,TAGBANWA ABORLAN,nipən,n i p ə n,4 7 1 7 4,AXBYN,NIPEN,118.0,118.N.C 118.I.V 118.P.C 118.E.V 118.N.c,2.0 1.5 1.75 1.3 0.8,nipən,0.0,4352.0
9833,tooth,TAUSUG,ipun,i p u n,7 1 7 4,XBYN,IPYN,120.0,120.I.V 120.P.C 120.Y.V 120.N.c,1.5 1.75 1.3 0.8,ipun,0.0,4352.0
9925,tooth,TIMUGON MURUT,dipon,d i p o n,1 7 1 7 4,AXBYN,TIPUN,121.0,121.T.C 121.I.V 121.P.C 121.U.V 121.N.c,2.0 1.5 1.75 1.3 0.8,dipon,0.0,4352.0
10017,tooth,TIRURAY,kifen,k i f e n,1 7 3 7 4,AXBYN,KIBEN,122.0,122.K.C 122.I.V 122.B.C 122.E.V 122.N.c,2.0 1.5 1.75 1.3 0.8,kifen,0.0,4352.0
10109,tooth,TURKISH,diS,d i,1 7,AX,TI,123.0,123.T.C 123.I.V,2.0 1.5,di,0.0,4368.0
10201,tooth,UGARITIC,Sn,n,4,A,N,124.0,124.N.C,2.0,n,1.0,4373.0
10293,tooth,UMIRAY DUMAGET AGTA,ŋipon,ŋ i p o n,4 7 1 7 4,AXBYN,NIPUN,125.0,125.N.C 125.I.V 125.P.C 125.U.V 125.N.c,2.0 1.5 1.75 1.3 0.8,ŋipon,0.0,4352.0
10385,tooth,WARAY WARAY,ŋipon,ŋ i p o n,4 7 1 7 4,AXBYN,NIPUN,126.0,126.N.C 126.I.V 126.P.C 126.U.V 126.N.c,2.0 1.5 1.75 1.3 0.8,ŋipon,0.0,4352.0
10477,tooth,YAKAN,impen,i m p e n,7 4 1 7 4,XMBYN,IMPEN,127.0,127.I.V 127.M.c 127.P.C 127.E.V 127.N.c,1.5 1.1 1.75 1.3 0.8,impen,0.0,4352.0
10569,tooth,YOGAD,ŋipan,ŋ i p a n,4 7 1 7 4,AXBYN,NIPAN,128.0,128.N.C 128.I.V 128.P.C 128.A.V 128.N.c,2.0 1.5 1.75 1.3 0.8,ŋipan,0.0,4352.0
10661,tooth,ZAMBOANGUENO,dje*te,d j e t e,1 6 7 1 7,ACXBZ,TJETE,129.0,129.T.C 129.J.C 129.E.V 129.T.C 129.E.V,2.0 1.5 1.5 1.75 0.8,djete,0.0,4467.0
10753,tooth,IMOROD,ŋepen,ŋ e p e n,4 7 1 7 4,AXBYN,NEPEN,46.0,46.N.C 46.E.V 46.P.C 46.E.V 46.N.c,2.0 1.5 1.75 1.3 0.8,ŋepen,0.0,4352.0
10845,tooth,BABUYAN,5ipen,i p e n,7 1 7 4,XBYN,IPEN,5.0,5.I.V 5.P.C 5.E.V 5.N.c,1.5 1.75 1.3 0.8,ipen,0.0,4352.0
10937,tooth,BISAYA SABAH,ipan,i p a n,7 1 7 4,XBYN,IPAN,14.0,14.I.V 14.P.C 14.A.V 14.N.c,1.5 1.75 1.3 0.8,ipan,0.0,4352.0
11029,tooth,CAPIZNON,unto,u n t o,7 4 1 7,XMBZ,YNTU,21.0,21.Y.V 21.N.c 21.T.C 21.U.V,1.5 1.1 1.75 0.8,unto,0.0,4361.0
11121,tooth,FINALLIG,fiab,f i a b,3 7 7 1,AXYN,BIAP,31.0,31.B.C 31.I.V 31.A.V 31.P.c,2.0 1.5 1.3 0.8,fiab,0.0,4371.0
11213,tooth,HILIGAYNON,ŋipon,ŋ i p o n,4 7 1 7 4,AXBYN,NIPUN,37.0,37.N.C 37.I.V 37.P.C 37.U.V 37.N.c,2.0 1.5 1.75 1.3 0.8,ŋipon,0.0,4352.0
11305,tooth,INABAKNON,impon,i m p o n,7 4 1 7 4,XMBYN,IMPUN,47.0,47.I.V 47.M.c 47.P.C 47.U.V 47.N.c,1.5 1.1 1.75 1.3 0.8,impon,0.0,4352.0
11397,tooth,KALAGAN KAAGAN,untu,u n t u,7 4 1 7,XMBZ,YNTY,58.0,58.Y.V 58.N.c 58.T.C 58.Y.V,1.5 1.1 1.75 0.8,untu,0.0,4361.0
11489,tooth,KANKANAEY,baba,b a b a,1 7 1 7,AXBZ,PAPA,62.0,62.P.C 62.A.V 62.P.C 62.A.V,2.0 1.5 1.75 0.8,baba,0.0,4347.0
11581,tooth,MANDAYAN BOSO,untu,u n t u,7 4 1 7,XMBZ,YNTY,71.0,71.Y.V 71.N.c 71.T.C 71.Y.V,1.5 1.1 1.75 0.8,untu,0.0,4361.0
11673,tooth,MANDAYAN ISLAM PISO,untu,u n t u,7 4 1 7,XMBZ,YNTY,72.0,72.Y.V 72.N.c 72.T.C 72.Y.V,1.5 1.1 1.75 0.8,untu,0.0,4361.0
11765,tooth,SINAUNA,ŋipən,ŋ i p ə n,4 7 1 7 4,AXBYN,NIPEN,104.0,104.N.C 104.I.V 104.P.C 104.E.V 104.N.c,2.0 1.5 1.75 1.3 0.8,ŋipən,0.0,4352.0
11857,tooth,SOUTHERN KALINGA,fafa,f a f a,3 7 3 7,AXBZ,BABA,108.0,108.B.C 108.A.V 108.B.C 108.A.V,2.0 1.5 1.75 0.8,fafa,0.0,4347.0
82,tree,AGTA,koju,k o j u,1 7 6 7,AXBZ,KUJY,1.0,1.K.C 1.U.V 1.J.C 1.Y.V,2.0 1.5 1.75 0.8,koju,0.0,4494.0
266,tree,ARTA,aju,a j u,7 6 7,XBZ,AJY,3.0,3.A.V 3.J.C 3.Y.V,1.5 1.75 0.8,aju,0.0,4494.0
358,tree,ATTA PAMPLONA,kaju,k a j u,1 7 6 7,AXBZ,KAJY,4.0,4.K.C 4.A.V 4.J.C 4.Y.V,2.0 1.5 1.75 0.8,kaju,0.0,4494.0
450,tree,BAJAU WEST COAST,pon,p o n,1 7 4,AXN,PUN,6.0,6.P.C 6.U.V 6.N.c,2.0 1.5 0.8,pon,0.0,4471.0
542,tree,BALANGAW,awoj,a w o j,7 6 7 6,XBYN,AWUJ,7.0,7.A.V 7.W.C 7.U.V 7.J.c,1.5 1.75 1.3 0.8,awoj,0.0,4479.0
634,tree,BALANGINGI SAMA,kaju,k a j u,1 7 6 7,AXBZ,KAJY,8.0,8.K.C 8.A.V 8.J.C 8.Y.V,2.0 1.5 1.75 0.8,kaju,0.0,4494.0
818,tree,BASQUE,zuhaic,z u h a i c,3 7 3 7 7 1,AXBYYN,SYHAIC,10.0,10.S.C 10.Y.V 10.H.C 10.A.V 10.I.V 10.C.c,2.0 1.5 1.75 1.3 1.3 0.8,zuhaic,0.0,4474.0
910,tree,BATAK PALAWAN,kaju,k a j u,1 7 6 7,AXBZ,KAJY,11.0,11.K.C 11.A.V 11.J.C 11.Y.V,2.0 1.5 1.75 0.8,kaju,0.0,4494.0
1002,tree,BILAAN KORONADAL,kaju,k a j u,1 7 6 7,AXBZ,KAJY,12.0,12.K.C 12.A.V 12.J.C 12.Y.V,2.0 1.5 1.75 0.8,kaju,0.0,4494.0
1094,tree,BILAAN SARANGANI,kajo,k a j o,1 7 6 7,AXBZ,KAJU,13.0,13.K.C 13.A.V 13.J.C 13.U.V,2.0 1.5 1.75 0.8,kajo,0.0,4494.0
1278,tree,BONTOC GUINAANG,kaʔəw,k a ʔ ə w,1 7 1 7 6,AXBYN,KAHEW,16.0,16.K.C 16.A.V 16.H.C 16.E.V 16.W.c,2.0 1.5 1.75 1.3 0.8,kaʔəw,0.0,4479.0
1370,tree,BUHI,kawuj,k a w u j,1 7 6 7 6,AXBYN,KAWYJ,17.0,17.K.C 17.A.V 17.W.C 17.Y.V 17.J.c,2.0 1.5 1.75 1.3 0.8,kawuj,0.0,4479.0
1462,tree,BUKIDNON BINUKID,kaju,k a j u,1 7 6 7,AXBZ,KAJY,18.0,18.K.C 18.A.V 18.J.C 18.Y.V,2.0 1.5 1.75 0.8,kaju,0.0,4494.0
1646,tree,CAIJIA,so,s o,3 7,AX,SU,20.0,20.S.C 20.U.V,2.0 1.5,so,0.0,4482.0
1830,tree,CENTRAL TAGBANWA,kajo,k a j o,1 7 6 7,AXBZ,KAJU,23.0,23.K.C 23.A.V 23.J.C 23.U.V,2.0 1.5 1.75 0.8,kajo,0.0,4494.0
2014,tree,DARAGA,kawuj,k a w u j,1 7 6 7 6,AXBYN,KAWYJ,25.0,25.K.C 25.A.V 25.W.C 25.Y.V 25.J.c,2.0 1.5 1.75 1.3 0.8,kawuj,0.0,4479.0
2106,tree,DUMAGAT CASIGURAN,kajoʔ,k a j o ʔ,1 7 6 7 1,AXBYN,KAJUH,26.0,26.K.C 26.A.V 26.J.C 26.U.V 26.H.c,2.0 1.5 1.75 1.3 0.8,kajoʔ,0.0,4494.0
2198,tree,DUPANINGAN AGTA,kajuʔ,k a j u ʔ,1 7 6 7 1,AXBYN,KAJYH,27.0,27.K.C 27.A.V 27.J.C 27.Y.V 27.H.c,2.0 1.5 1.75 1.3 0.8,kajuʔ,0.0,4494.0
2290,tree,ENGLISH,tri,t r i,1 5 7,ACX,TRI,28.0,28.T.C 28.R.C 28.I.V,2.0 1.5 1.5,tri,0.0,4487.0
2474,tree,ESTONIAN,pu,p u,1 7,AX,PY,30.0,30.P.C 30.Y.V,2.0 1.5,pu,0.0,4471.0
2566,tree,FINNISH,puu,p uu,1 7,AX,PY,32.0,32.P.C 32.Y.V,2.0 1.5,puu,0.0,4471.0
2658,tree,FUZHOU CHINESE,tʃiu,tʃ i u,1 7 7,AXZ,TIY,33.0,33.T.C 33.I.V 33.Y.V,2.0 1.5 0.8,tʃiu,1.0,4487.0
2750,tree,GADDANG,kajo,k a j o,1 7 6 7,AXBZ,KAJU,34.0,34.K.C 34.A.V 34.J.C 34.U.V,2.0 1.5 1.75 0.8,kajo,0.0,4494.0
2934,tree,HIGAONON BINUKID,kaju,k a j u,1 7 6 7,AXBZ,KAJY,36.0,36.K.C 36.A.V 36.J.C 36.Y.V,2.0 1.5 1.75 0.8,kaju,0.0,4494.0
3026,tree,HUNGARIAN,fa,f a,3 7,AX,BA,38.0,38.B.C 38.A.V,2.0 1.5,fa,0.0,4471.0
3302,tree,IFUGAO AMGANAD,kajiw,k a j i w,1 7 6 7 6,AXBYN,KAJIW,41.0,41.K.C 41.A.V 41.J.C 41.I.V 41.W.c,2.0 1.5 1.75 1.3 0.8,kajiw,0.0,4494.0
3394,tree,IFUGAO BATAD,ajiw,a j i w,7 6 7 6,XBYN,AJIW,42.0,42.A.V 42.J.C 42.I.V 42.W.c,1.5 1.75 1.3 0.8,ajiw,0.0,4494.0
3486,tree,IFUGAO BAYNINAN,kajiw,k a j i w,1 7 6 7 6,AXBYN,KAJIW,43.0,43.K.C 43.A.V 43.J.C 43.I.V 43.W.c,2.0 1.5 1.75 1.3 0.8,kajiw,0.0,4494.0
3670,tree,ILONGOT KAKIDUGEN,kiju,k i j u,1 7 6 7,AXBZ,KIJY,45.0,45.K.C 45.I.V 45.J.C 45.Y.V,2.0 1.5 1.75 0.8,kiju,0.0,4494.0
3762,tree,INIBALOI,kijəw,k i j ə w,1 7 6 7 6,AXBYN,KIJEW,48.0,48.K.C 48.I.V 48.J.C 48.E.V 48.W.c,2.0 1.5 1.75 1.3 0.8,kijəw,0.0,4494.0
3946,tree,IRIGA,kawuj,k a w u j,1 7 6 7 6,AXBYN,KAWYJ,50.0,50.K.C 50.A.V 50.W.C 50.Y.V 50.J.c,2.0 1.5 1.75 1.3 0.8,kawuj,0.0,4479.0
4038,tree,ISNAG,kaju,k a j u,1 7 6 7,AXBZ,KAJY,51.0,51.K.C 51.A.V 51.J.C 51.Y.V,2.0 1.5 1.75 0.8,kaju,0.0,4494.0
4222,tree,ITNEG BINONGAN,kajo,k a j o,1 7 6 7,AXBZ,KAJU,53.0,53.K.C 53.A.V 53.J.C 53.U.V,2.0 1.5 1.75 0.8,kajo,0.0,4494.0
4314,tree,JAPANESE,ki,k i,1 7,AX,KI,54.0,54.K.C 54.I.V,2.0 1.5,ki,0.0,4494.0
4406,tree,KADAZAN,kazu,k a z u,1 7 3 7,AXBZ,KASY,55.0,55.K.C 55.A.V 55.S.C 55.Y.V,2.0 1.5 1.75 0.8,kazu,0.0,4479.0
4498,tree,KAGAYANEN,kauj,k a u j,1 7 7 6,AXYN,KAYJ,56.0,56.K.C 56.A.V 56.Y.V 56.J.c,2.0 1.5 1.3 0.8,kauj,0.0,4479.0
4590,tree,KALAGAN,kawuj,k a w u j,1 7 6 7 6,AXBYN,KAWYJ,57.0,57.K.C 57.A.V 57.W.C 57.Y.V 57.J.c,2.0 1.5 1.75 1.3 0.8,kawuj,0.0,4479.0
4682,tree,KALINGA GUINAANG,kaju,k a j u,1 7 6 7,AXBZ,KAJY,59.0,59.K.C 59.A.V 59.J.C 59.Y.V,2.0 1.5 1.75 0.8,kaju,0.0,4494.0
4774,tree,KALINGA LIMOS,kaju,k a j u,1 7 6 7,AXBZ,KAJY,60.0,60.K.C 60.A.V 60.J.C 60.Y.V,2.0 1.5 1.75 0.8,kaju,0.0,4494.0
4866,tree,KALLAHAN KAYAPA PROPER,kallahan,k a ll a h a n,1 7 5 7 3 7 4,AXBYBYN,KALAHAN,61.0,61.K.C 61.A.V 61.L.C 61.A.V 61.H.C 61.A.V 61.N.c,2.0 1.5 1.75 1.3 1.75 1.3 0.8,kallahan,0.0,4509.0
4958,tree,KANKANAY NORTHERN,kaʔiw,k a ʔ i w,1 7 1 7 6,AXBYN,KAHIW,63.0,63.K.C 63.A.V 63.H.C 63.I.V 63.W.c,2.0 1.5 1.75 1.3 0.8,kaʔiw,0.0,4479.0
5142,tree,KINARAY A,kahoj,k a h o j,1 7 3 7 6,AXBYN,KAHUJ,65.0,65.K.C 65.A.V 65.H.C 65.U.V 65.J.c,2.0 1.5 1.75 1.3 0.8,kahoj,0.0,4479.0
5234,tree,KOREAN,namu,n a m u,4 7 4 7,AXBZ,NAMY,66.0,66.N.C 66.A.V 66.M.C 66.Y.V,2.0 1.5 1.75 0.8,namu,0.0,4512.0
5326,tree,LEGAZPI,kahuj,k a h u j,1 7 3 7 6,AXBYN,KAHYJ,67.0,67.K.C 67.A.V 67.H.C 67.Y.V 67.J.c,2.0 1.5 1.75 1.3 0.8,kahuj,0.0,4479.0
5418,tree,LIBON,kawuj,k a w u j,1 7 6 7 6,AXBYN,KAWYJ,68.0,68.K.C 68.A.V 68.W.C 68.Y.V 68.J.c,2.0 1.5 1.75 1.3 0.8,kawuj,0.0,4479.0
5510,tree,LIVE,pu,p u,1 7,AX,PY,69.0,69.P.C 69.Y.V,2.0 1.5,pu,0.0,4471.0
5602,tree,MAMANWA,liwaʔan,l i w a ʔ a n,5 7 6 7 1 7 4,AXBYBYN,LIWAHAN,70.0,70.L.C 70.I.V 70.W.C 70.A.V 70.H.C 70.A.V 70.N.c,2.0 1.5 1.75 1.3 1.75 1.3 0.8,liwaʔan,0.0,4509.0
5694,tree,MANIDE,kahew,k a h e w,1 7 3 7 6,AXBYN,KAHEW,73.0,73.K.C 73.A.V 73.H.C 73.E.V 73.W.c,2.0 1.5 1.75 1.3 0.8,kahew,0.0,4479.0
5786,tree,MANOBO ATA,kaju,k a j u,1 7 6 7,AXBZ,KAJY,74.0,74.K.C 74.A.V 74.J.C 74.Y.V,2.0 1.5 1.75 0.8,kaju,0.0,4494.0
5878,tree,MANOBO DIBABAWON,kaju,k a j u,1 7 6 7,AXBZ,KAJY,75.0,75.K.C 75.A.V 75.J.C 75.Y.V,2.0 1.5 1.75 0.8,kaju,1.0,4494.0
5970,tree,MANOBO ILIANEN,kaju,k a j u,1 7 6 7,AXBZ,KAJY,76.0,76.K.C 76.A.V 76.J.C 76.Y.V,2.0 1.5 1.75 0.8,kaju,0.0,4494.0
6062,tree,MANOBO KALAMANSIG COTABATO,kaju,k a j u,1 7 6 7,AXBZ,KAJY,77.0,77.K.C 77.A.V 77.J.C 77.Y.V,2.0 1.5 1.75 0.8,kaju,0.0,4494.0
6154,tree,MANOBO SARANGANI,kajo,k a j o,1 7 6 7,AXBZ,KAJU,78.0,78.K.C 78.A.V 78.J.C 78.U.V,2.0 1.5 1.75 0.8,kajo,0.0,4494.0
6246,tree,MANOBO TIGWA,kaju,k a j u,1 7 6 7,AXBZ,KAJY,79.0,79.K.C 79.A.V 79.J.C 79.Y.V,2.0 1.5 1.75 0.8,kaju,0.0,4494.0
6338,tree,MANOBO WESTERN BUKIDNON,kuju,k u j u,1 7 6 7,AXBZ,KYJY,80.0,80.K.C 80.Y.V 80.J.C 80.Y.V,2.0 1.5 1.75 0.8,kuju,0.0,4494.0
6430,tree,MANSAKA,kaʔuj,k a ʔ u j,1 7 1 7 6,AXBYN,KAHYJ,81.0,81.K.C 81.A.V 81.H.C 81.Y.V 81.J.c,2.0 1.5 1.75 1.3 0.8,kaʔuj,0.0,4479.0
6890,tree,MOKSHA,Sufta,u f t a,7 3 1 7,XMBZ,YBTA,86.0,86.Y.V 86.B.c 86.T.C 86.A.V,1.5 1.1 1.75 0.8,ufta,0.0,4528.0
6982,tree,MOLBOG,kaju,k a j u,1 7 6 7,AXBZ,KAJY,87.0,87.K.C 87.A.V 87.J.C 87.Y.V,2.0 1.5 1.75 0.8,kaju,0.0,4494.0
7074,tree,MONGOLIAN,mot,m o t,4 7 1,AXN,MUT,88.0,88.M.C 88.U.V 88.T.c,2.0 1.5 0.8,mot,0.0,4530.0
7166,tree,MORO MAGINDANAU,kaju,k a j u,1 7 6 7,AXBZ,KAJY,89.0,89.K.C 89.A.V 89.J.C 89.Y.V,2.0 1.5 1.75 0.8,kaju,0.0,4494.0
7258,tree,NORTHERN CATANDUANES,kahuj,k a h u j,1 7 3 7 6,AXBYN,KAHYJ,90.0,90.K.C 90.A.V 90.H.C 90.Y.V 90.J.c,2.0 1.5 1.75 1.3 0.8,kahuj,0.0,4479.0
7350,tree,NORTHERN SORSOGON,kahuj,k a h u j,1 7 3 7 6,AXBYN,KAHYJ,91.0,91.K.C 91.A.V 91.H.C 91.Y.V 91.J.c,2.0 1.5 1.75 1.3 0.8,kahuj,0.0,4479.0
7442,tree,OAS,kawuj,k a w u j,1 7 6 7 6,AXBYN,KAWYJ,92.0,92.K.C 92.A.V 92.W.C 92.Y.V 92.J.c,2.0 1.5 1.75 1.3 0.8,kawuj,0.0,4479.0
7810,tree,PROTO PALAWAN,kaju,k a j u,1 7 6 7,AXBZ,KAJY,96.0,96.K.C 96.A.V 96.J.C 96.Y.V,2.0 1.5 1.75 0.8,kaju,0.0,4494.0
7902,tree,QUEZON PALAWAN,kaju,k a j u,1 7 6 7,AXBZ,KAJY,97.0,97.K.C 97.A.V 97.J.C 97.Y.V,2.0 1.5 1.75 0.8,kaju,0.0,4494.0
7994,tree,ROMBLOMANON 2,kahuj,k a h u j,1 7 3 7 6,AXBYN,KAHYJ,98.0,98.K.C 98.A.V 98.H.C 98.Y.V 98.J.c,2.0 1.5 1.75 1.3 0.8,kahuj,0.0,4479.0
8086,tree,SAMAL,kaju,k a j u,1 7 6 7,AXBZ,KAJY,99.0,99.K.C 99.A.V 99.J.C 99.Y.V,2.0 1.5 1.75 0.8,kaju,0.0,4494.0
8178,tree,SAMBAL BOTOLAN,kajo,k a j o,1 7 6 7,AXBZ,KAJU,100.0,100.K.C 100.A.V 100.J.C 100.U.V,2.0 1.5 1.75 0.8,kajo,0.0,4494.0
8270,tree,SANGIL SARANGANI ISLANDS,kaju,k a j u,1 7 6 7,AXBZ,KAJY,101.0,101.K.C 101.A.V 101.J.C 101.Y.V,2.0 1.5 1.75 0.8,kaju,0.0,4494.0
8362,tree,SEDANG,loaŋ,l o a ŋ,5 7 7 4,AXYN,LUAN,102.0,102.L.C 102.U.V 102.A.V 102.N.c,2.0 1.5 1.3 0.8,loaŋ,0.0,4509.0
8638,tree,SOUTH SAAMI,moerə,m o e r ə,4 7 7 5 7,AXYBZ,MUERE,106.0,106.M.C 106.U.V 106.E.V 106.R.C 106.E.V,2.0 1.5 1.3 1.75 0.8,moerə,0.0,4542.0
8730,tree,SOUTHERN CATANDUANES,kahuj,k a h u j,1 7 3 7 6,AXBYN,KAHYJ,107.0,107.K.C 107.A.V 107.H.C 107.Y.V 107.J.c,2.0 1.5 1.75 1.3 0.8,kahuj,0.0,4479.0
8822,tree,SOUTHERN SORSOGON,kahuj,k a h u j,1 7 3 7 6,AXBYN,KAHYJ,109.0,109.K.C 109.A.V 109.H.C 109.Y.V 109.J.c,2.0 1.5 1.75 1.3 0.8,kahuj,0.0,4479.0
9006,tree,SPANISH,arbol,a r b o l,7 5 1 7 5,XMBYN,ARPUL,111.0,111.A.V 111.R.c 111.P.C 111.U.V 111.L.c,1.5 1.1 1.75 1.3 0.8,arbol,0.0,4545.0
9098,tree,SUBANON SIOCON,kaju,k a j u,1 7 6 7,AXBZ,KAJY,112.0,112.K.C 112.A.V 112.J.C 112.Y.V,2.0 1.5 1.75 0.8,kaju,0.0,4494.0
9190,tree,SUBANUN SINDANGAN,gaju,g a j u,1 7 6 7,AXBZ,KAJY,113.0,113.K.C 113.A.V 113.J.C 113.Y.V,2.0 1.5 1.75 0.8,gaju,0.0,4494.0
9374,tree,TAGABAWA,kaju,k a j u,1 7 6 7,AXBZ,KAJY,115.0,115.K.C 115.A.V 115.J.C 115.Y.V,2.0 1.5 1.75 0.8,kaju,0.0,4494.0
9466,tree,TAGABILI,kojuh,k o j u h,1 7 6 7 3,AXBYN,KUJYH,116.0,116.K.C 116.U.V 116.J.C 116.Y.V 116.H.c,2.0 1.5 1.75 1.3 0.8,kojuh,0.0,4494.0
9558,tree,TAGALOG,punuŋkahoj,p u n u ŋ k a h o j,1 7 4 7 4 1 7 3 7 6,AXBYMBYBYN,PYNYNKAHUJ,117.0,117.P.C 117.Y.V 117.N.C 117.Y.V 117.N.c 117.K.C 117.A.V 117.H.C 117.U.V 117.J.c,2.0 1.5 1.75 1.3 1.1 1.75 1.3 1.75 1.3 0.8,punuŋkahoj,0.0,4550.0
9650,tree,TAGBANWA ABORLAN,kaju,k a j u,1 7 6 7,AXBZ,KAJY,118.0,118.K.C 118.A.V 118.J.C 118.Y.V,2.0 1.5 1.75 0.8,kaju,0.0,4494.0
9742,tree,TAGBANWA KALAMIAN,ajuʔ,a j u ʔ,7 6 7 1,XBYN,AJYH,119.0,119.A.V 119.J.C 119.Y.V 119.H.c,1.5 1.75 1.3 0.8,ajuʔ,0.0,4494.0
9834,tree,TAUSUG,kahuj,k a h u j,1 7 3 7 6,AXBYN,KAHYJ,120.0,120.K.C 120.A.V 120.H.C 120.Y.V 120.J.c,2.0 1.5 1.75 1.3 0.8,kahuj,0.0,4479.0
10018,tree,TIRURAY,kajew,k a j e w,1 7 6 7 6,AXBYN,KAJEW,122.0,122.K.C 122.A.V 122.J.C 122.E.V 122.W.c,2.0 1.5 1.75 1.3 0.8,kajew,0.0,4494.0
10110,tree,TURKISH,ajaC Sedʒere,a j a # e dʒ e r e,7 6 7 9 7 1 7 5 7,XBZ_XBYBZ,AJA_ETERE,123.0,123.A.V 123.J.C 123.A.V 123._._ 123.E.V 123.T.C 123.E.V 123.R.C 123.E.V,1.5 1.75 0.8 0.0 1.5 1.75 1.3 1.75 0.8,aja#edʒere,0.0,4555.0
10570,tree,YOGAD,kaju,k a j u,1 7 6 7,AXBZ,KAJY,128.0,128.K.C 128.A.V 128.J.C 128.Y.V,2.0 1.5 1.75 0.8,kaju,0.0,4494.0
10662,tree,ZAMBOANGUENO,pu*o,p u o,1 7 7,AXZ,PYU,129.0,129.P.C 129.Y.V 129.U.V,2.0 1.5 0.8,puo,0.0,4471.0
10938,tree,BISAYA SABAH,kaju,k a j u,1 7 6 7,AXBZ,KAJY,14.0,14.K.C 14.A.V 14.J.C 14.Y.V,2.0 1.5 1.75 0.8,kaju,0.0,4494.0
11398,tree,KALAGAN KAAGAN,kawuj,k a w u j,1 7 6 7 6,AXBYN,KAWYJ,58.0,58.K.C 58.A.V 58.W.C 58.Y.V 58.J.c,2.0 1.5 1.75 1.3 0.8,kawuj,0.0,4479.0
11582,tree,MANDAYAN BOSO,kauj,k a u j,1 7 7 6,AXYN,KAYJ,71.0,71.K.C 71.A.V 71.Y.V 71.J.c,2.0 1.5 1.3 0.8,kauj,0.0,4479.0
11674,tree,MANDAYAN ISLAM PISO,kauj,k a u j,1 7 7 6,AXYN,KAYJ,72.0,72.K.C 72.A.V 72.Y.V 72.J.c,2.0 1.5 1.3 0.8,kauj,0.0,4479.0
83,two,AGTA,duwo,d u w o,1 7 6 7,AXBZ,TYWU,1.0,1.T.C 1.Y.V 1.W.C 1.U.V,2.0 1.5 1.75 0.8,duwo,0.0,4575.0
175,two,AKLANON,dawah,d a w a h,1 7 6 7 3,AXBYN,TAWAH,2.0,2.T.C 2.A.V 2.W.C 2.A.V 2.H.c,2.0 1.5 1.75 1.3 0.8,dawah,0.0,4575.0
267,two,ARTA,talip,t a l i p,1 7 5 7 1,AXBYN,TALIP,3.0,3.T.C 3.A.V 3.L.C 3.I.V 3.P.c,2.0 1.5 1.75 1.3 0.8,talip,0.0,4558.0
359,two,ATTA PAMPLONA,dua,d u a,1 7 7,AXZ,TYA,4.0,4.T.C 4.Y.V 4.A.V,2.0 1.5 0.8,dua,0.0,4575.0
451,two,BAJAU WEST COAST,duo,d u o,1 7 7,AXZ,TYU,6.0,6.T.C 6.Y.V 6.U.V,2.0 1.5 0.8,duo,0.0,4575.0
543,two,BALANGAW,duwo,d u w o,1 7 6 7,AXBZ,TYWU,7.0,7.T.C 7.Y.V 7.W.C 7.U.V,2.0 1.5 1.75 0.8,duwo,0.0,4575.0
635,two,BALANGINGI SAMA,duwa,d u w a,1 7 6 7,AXBZ,TYWA,8.0,8.T.C 8.Y.V 8.W.C 8.A.V,2.0 1.5 1.75 0.8,duwa,0.0,4575.0
727,two,BANTON BANTOANON,ruha,r u h a,5 7 3 7,AXBZ,RYHA,9.0,9.R.C 9.Y.V 9.H.C 9.A.V,2.0 1.5 1.75 0.8,ruha,0.0,4564.0
819,two,BASQUE,bi,b i,1 7,AX,PI,10.0,10.P.C 10.I.V,2.0 1.5,bi,0.0,4565.0
911,two,BATAK PALAWAN,dua,d u a,1 7 7,AXZ,TYA,11.0,11.T.C 11.Y.V 11.A.V,2.0 1.5 0.8,dua,0.0,4575.0
1003,two,BILAAN KORONADAL,lwə,lw ə,5 7,AX,LE,12.0,12.L.C 12.E.V,2.0 1.5,lwə,0.0,4567.0
1095,two,BILAAN SARANGANI,lwə,lw ə,5 7,AX,LE,13.0,13.L.C 13.E.V,2.0 1.5,lwə,0.0,4567.0
1187,two,BONGGI,dua,d u a,1 7 7,AXZ,TYA,15.0,15.T.C 15.Y.V 15.A.V,2.0 1.5 0.8,dua,0.0,4575.0
1279,two,BONTOC GUINAANG,dowa,d o w a,1 7 6 7,AXBZ,TUWA,16.0,16.T.C 16.U.V 16.W.C 16.A.V,2.0 1.5 1.75 0.8,dowa,0.0,4575.0
1371,two,BUHI,duwa,d u w a,1 7 6 7,AXBZ,TYWA,17.0,17.T.C 17.Y.V 17.W.C 17.A.V,2.0 1.5 1.75 0.8,duwa,0.0,4575.0
1463,two,BUKIDNON BINUKID,daruwa,d a r u w a,1 7 5 7 6 7,AXBYBZ,TARYWA,18.0,18.T.C 18.A.V 18.R.C 18.Y.V 18.W.C 18.A.V,2.0 1.5 1.75 1.3 1.75 0.8,daruwa,0.0,4575.0
1555,two,BUTUANON,duwa,d u w a,1 7 6 7,AXBZ,TYWA,19.0,19.T.C 19.Y.V 19.W.C 19.A.V,2.0 1.5 1.75 0.8,duwa,0.0,4575.0
1647,two,CAIJIA,ta,t a,1 7,AX,TA,20.0,20.T.C 20.A.V,2.0 1.5,ta,0.0,4575.0
1739,two,CEBUANO,duha,d u h a,1 7 3 7,AXBZ,TYHA,22.0,22.T.C 22.Y.V 22.H.C 22.A.V,2.0 1.5 1.75 0.8,duha,0.0,4575.0
1831,two,CENTRAL TAGBANWA,dua,d u a,1 7 7,AXZ,TYA,23.0,23.T.C 23.Y.V 23.A.V,2.0 1.5 0.8,dua,0.0,4575.0
1923,two,CUYONON,darwa,d a rw a,1 7 5 7,AXBZ,TARA,24.0,24.T.C 24.A.V 24.R.C 24.A.V,2.0 1.5 1.75 0.8,darwa,0.0,4558.0
2015,two,DARAGA,duwa,d u w a,1 7 6 7,AXBZ,TYWA,25.0,25.T.C 25.Y.V 25.W.C 25.A.V,2.0 1.5 1.75 0.8,duwa,0.0,4575.0
2107,two,DUMAGAT CASIGURAN,əduwaʔ,ə d u w a ʔ,7 1 7 6 7 1,XBYBYN,ETYWAH,26.0,26.E.V 26.T.C 26.Y.V 26.W.C 26.A.V 26.H.c,1.5 1.75 1.3 1.75 1.3 0.8,əduwaʔ,0.0,4575.0
2199,two,DUPANINGAN AGTA,duwa,d u w a,1 7 6 7,AXBZ,TYWA,27.0,27.T.C 27.Y.V 27.W.C 27.A.V,2.0 1.5 1.75 0.8,duwa,0.0,4575.0
2291,two,ENGLISH,tu,t u,1 7,AX,TY,28.0,28.T.C 28.Y.V,2.0 1.5,tu,1.0,4575.0
2383,two,ESKAYAN,tri,t r i,1 5 7,ACX,TRI,29.0,29.T.C 29.R.C 29.I.V,2.0 1.5 1.5,tri,0.0,4558.0
2475,two,ESTONIAN,kaks,k a ks,1 7 1,AXN,KAK,30.0,30.K.C 30.A.V 30.K.c,2.0 1.5 0.8,kaks,0.0,4583.0
2567,two,FINNISH,kaksi,k a ks i,1 7 1 7,AXBZ,KAKI,32.0,32.K.C 32.A.V 32.K.C 32.I.V,2.0 1.5 1.75 0.8,kaksi,0.0,4583.0
2659,two,FUZHOU CHINESE,naŋ,n a ŋ,4 7 4,AXN,NAN,33.0,33.N.C 33.A.V 33.N.c,2.0 1.5 0.8,naŋ,0.0,4586.0
2751,two,GADDANG,addwa,a dd w a,7 1 6 7,XBCZ,ATWA,34.0,34.A.V 34.T.C 34.W.C 34.A.V,1.5 1.75 1.5 0.8,addwa,0.0,4575.0
2843,two,HANUNOO,duwa,d u w a,1 7 6 7,AXBZ,TYWA,35.0,35.T.C 35.Y.V 35.W.C 35.A.V,2.0 1.5 1.75 0.8,duwa,0.0,4575.0
2935,two,HIGAONON BINUKID,daruwa,d a r u w a,1 7 5 7 6 7,AXBYBZ,TARYWA,36.0,36.T.C 36.A.V 36.R.C 36.Y.V 36.W.C 36.A.V,2.0 1.5 1.75 1.3 1.75 0.8,daruwa,0.0,4575.0
3027,two,HUNGARIAN,ketti,k e tt i,1 7 1 7,AXBZ,KETI,38.0,38.K.C 38.E.V 38.T.C 38.I.V,2.0 1.5 1.75 0.8,ketti,0.0,4590.0
3119,two,IBANAG,duwa,d u w a,1 7 6 7,AXBZ,TYWA,39.0,39.T.C 39.Y.V 39.W.C 39.A.V,2.0 1.5 1.75 0.8,duwa,0.0,4575.0
3211,two,IDAAN,duo,d u o,1 7 7,AXZ,TYU,40.0,40.T.C 40.Y.V 40.U.V,2.0 1.5 0.8,duo,0.0,4575.0
3303,two,IFUGAO AMGANAD,duwa,d u w a,1 7 6 7,AXBZ,TYWA,41.0,41.T.C 41.Y.V 41.W.C 41.A.V,2.0 1.5 1.75 0.8,duwa,0.0,4575.0
3395,two,IFUGAO BATAD,duwa,d u w a,1 7 6 7,AXBZ,TYWA,42.0,42.T.C 42.Y.V 42.W.C 42.A.V,2.0 1.5 1.75 0.8,duwa,0.0,4575.0
3487,two,IFUGAO BAYNINAN,duwa,d u w a,1 7 6 7,AXBZ,TYWA,43.0,43.T.C 43.Y.V 43.W.C 43.A.V,2.0 1.5 1.75 0.8,duwa,0.0,4575.0
3579,two,ILOKANO,dua,d u a,1 7 7,AXZ,TYA,44.0,44.T.C 44.Y.V 44.A.V,2.0 1.5 0.8,dua,0.0,4575.0
3671,two,ILONGOT KAKIDUGEN,duwa,d u w a,1 7 6 7,AXBZ,TYWA,45.0,45.T.C 45.Y.V 45.W.C 45.A.V,2.0 1.5 1.75 0.8,duwa,0.0,4575.0
3763,two,INIBALOI,Cowa,o w a,7 6 7,XBZ,UWA,48.0,48.U.V 48.W.C 48.A.V,1.5 1.75 0.8,owa,0.0,4575.0
3855,two,IRANUN,dua,d u a,1 7 7,AXZ,TYA,49.0,49.T.C 49.Y.V 49.A.V,2.0 1.5 0.8,dua,0.0,4575.0
3947,two,IRIGA,darawa,d a r a w a,1 7 5 7 6 7,AXBYBZ,TARAWA,50.0,50.T.C 50.A.V 50.R.C 50.A.V 50.W.C 50.A.V,2.0 1.5 1.75 1.3 1.75 0.8,darawa,0.0,4575.0
4039,two,ISNAG,duwa,d u w a,1 7 6 7,AXBZ,TYWA,51.0,51.T.C 51.Y.V 51.W.C 51.A.V,2.0 1.5 1.75 0.8,duwa,0.0,4575.0
4131,two,ITAWIT,duE,d u,1 7,AX,TY,52.0,52.T.C 52.Y.V,2.0 1.5,du,0.0,4575.0
4223,two,ITNEG BINONGAN,dowa,d o w a,1 7 6 7,AXBZ,TUWA,53.0,53.T.C 53.U.V 53.W.C 53.A.V,2.0 1.5 1.75 0.8,dowa,0.0,4575.0
4315,two,JAPANESE,futacu,f u t a c u,3 7 1 7 1 7,AXBYBZ,BYTACY,54.0,54.B.C 54.Y.V 54.T.C 54.A.V 54.C.C 54.Y.V,2.0 1.5 1.75 1.3 1.75 0.8,futacu,0.0,4605.0
4407,two,KADAZAN,duvo,d u v o,1 7 3 7,AXBZ,TYBU,55.0,55.T.C 55.Y.V 55.B.C 55.U.V,2.0 1.5 1.75 0.8,duvo,0.0,4575.0
4499,two,KAGAYANEN,darawa,d a r a w a,1 7 5 7 6 7,AXBYBZ,TARAWA,56.0,56.T.C 56.A.V 56.R.C 56.A.V 56.W.C 56.A.V,2.0 1.5 1.75 1.3 1.75 0.8,darawa,0.0,4575.0
4591,two,KALAGAN,duwa,d u w a,1 7 6 7,AXBZ,TYWA,57.0,57.T.C 57.Y.V 57.W.C 57.A.V,2.0 1.5 1.75 0.8,duwa,0.0,4575.0
4683,two,KALINGA GUINAANG,duwa,d u w a,1 7 6 7,AXBZ,TYWA,59.0,59.T.C 59.Y.V 59.W.C 59.A.V,2.0 1.5 1.75 0.8,duwa,0.0,4575.0
4775,two,KALINGA LIMOS,duwa,d u w a,1 7 6 7,AXBZ,TYWA,60.0,60.T.C 60.Y.V 60.W.C 60.A.V,2.0 1.5 1.75 0.8,duwa,0.0,4575.0
4867,two,KALLAHAN KAYAPA PROPER,duwa,d u w a,1 7 6 7,AXBZ,TYWA,61.0,61.T.C 61.Y.V 61.W.C 61.A.V,2.0 1.5 1.75 0.8,duwa,0.0,4575.0
4959,two,KANKANAY NORTHERN,dowa,d o w a,1 7 6 7,AXBZ,TUWA,63.0,63.T.C 63.U.V 63.W.C 63.A.V,2.0 1.5 1.75 0.8,dowa,0.0,4575.0
5051,two,KAPAMPANGAN,adwaʔ,a dw a ʔ,7 1 7 1,XBYN,ATAH,64.0,64.A.V 64.T.C 64.A.V 64.H.c,1.5 1.75 1.3 0.8,adwaʔ,0.0,4615.0
5235,two,KOREAN,tul,t u l,1 7 5,AXN,TYL,66.0,66.T.C 66.Y.V 66.L.c,2.0 1.5 0.8,tul,0.0,4558.0
5327,two,LEGAZPI,duwa,d u w a,1 7 6 7,AXBZ,TYWA,67.0,67.T.C 67.Y.V 67.W.C 67.A.V,2.0 1.5 1.75 0.8,duwa,0.0,4575.0
5419,two,LIBON,duwa,d u w a,1 7 6 7,AXBZ,TYWA,68.0,68.T.C 68.Y.V 68.W.C 68.A.V,2.0 1.5 1.75 0.8,duwa,0.0,4575.0
5511,two,LIVE,kakS,k a k,1 7 1,AXN,KAK,69.0,69.K.C 69.A.V 69.K.c,2.0 1.5 0.8,kak,0.0,4583.0
5603,two,MAMANWA,dowa,d o w a,1 7 6 7,AXBZ,TUWA,70.0,70.T.C 70.U.V 70.W.C 70.A.V,2.0 1.5 1.75 0.8,dowa,0.0,4575.0
5787,two,MANOBO ATA,dadawa,d a d a w a,1 7 1 7 6 7,AXBYBZ,TATAWA,74.0,74.T.C 74.A.V 74.T.C 74.A.V 74.W.C 74.A.V,2.0 1.5 1.75 1.3 1.75 0.8,dadawa,0.0,4575.0
5879,two,MANOBO DIBABAWON,dadua,d a d u a,1 7 1 7 7,AXBYZ,TATYA,75.0,75.T.C 75.A.V 75.T.C 75.Y.V 75.A.V,2.0 1.5 1.75 1.3 0.8,dadua,0.0,4575.0
5971,two,MANOBO ILIANEN,dəruwa,d ə r u w a,1 7 5 7 6 7,AXBYBZ,TERYWA,76.0,76.T.C 76.E.V 76.R.C 76.Y.V 76.W.C 76.A.V,2.0 1.5 1.75 1.3 1.75 0.8,dəruwa,0.0,4575.0
6063,two,MANOBO KALAMANSIG COTABATO,duwa,d u w a,1 7 6 7,AXBZ,TYWA,77.0,77.T.C 77.Y.V 77.W.C 77.A.V,2.0 1.5 1.75 0.8,duwa,0.0,4575.0
6155,two,MANOBO SARANGANI,dowa,d o w a,1 7 6 7,AXBZ,TUWA,78.0,78.T.C 78.U.V 78.W.C 78.A.V,2.0 1.5 1.75 0.8,dowa,0.0,4575.0
6247,two,MANOBO TIGWA,dadua,d a d u a,1 7 1 7 7,AXBYZ,TATYA,79.0,79.T.C 79.A.V 79.T.C 79.Y.V 79.A.V,2.0 1.5 1.75 1.3 0.8,dadua,0.0,4575.0
6339,two,MANOBO WESTERN BUKIDNON,dəzuwa,d ə z u w a,1 7 3 7 6 7,AXBYBZ,TESYWA,80.0,80.T.C 80.E.V 80.S.C 80.Y.V 80.W.C 80.A.V,2.0 1.5 1.75 1.3 1.75 0.8,dəzuwa,0.0,4575.0
6431,two,MANSAKA,duwa,d u w a,1 7 6 7,AXBZ,TYWA,81.0,81.T.C 81.Y.V 81.W.C 81.A.V,2.0 1.5 1.75 0.8,duwa,0.0,4575.0
6523,two,MAPUN,duwa,d u w a,1 7 6 7,AXBZ,TYWA,82.0,82.T.C 82.Y.V 82.W.C 82.A.V,2.0 1.5 1.75 0.8,duwa,0.0,4575.0
6615,two,MARANAO,doa,d o a,1 7 7,AXZ,TUA,83.0,83.T.C 83.U.V 83.A.V,2.0 1.5 0.8,doa,0.0,4575.0
6707,two,MASBATENYO,duha,d u h a,1 7 3 7,AXBZ,TYHA,84.0,84.T.C 84.Y.V 84.H.C 84.A.V,2.0 1.5 1.75 0.8,duha,0.0,4575.0
6799,two,MINANGALI LOWER TANUDAN KALINGA,duwa,d u w a,1 7 6 7,AXBZ,TYWA,85.0,85.T.C 85.Y.V 85.W.C 85.A.V,2.0 1.5 1.75 0.8,duwa,0.0,4575.0
6891,two,MOKSHA,kafta,k a f t a,1 7 3 1 7,AXMBZ,KABTA,86.0,86.K.C 86.A.V 86.B.c 86.T.C 86.A.V,2.0 1.5 1.1 1.75 0.8,kafta,0.0,4590.0
6983,two,MOLBOG,dua,d u a,1 7 7,AXZ,TYA,87.0,87.T.C 87.Y.V 87.A.V,2.0 1.5 0.8,dua,0.0,4575.0
7075,two,MONGOLIAN,xojor,x o j o r,3 7 6 7 5,AXBYN,GUJUR,88.0,88.G.C 88.U.V 88.J.C 88.U.V 88.R.c,2.0 1.5 1.75 1.3 0.8,xojor,0.0,4637.0
7167,two,MORO MAGINDANAU,dua,d u a,1 7 7,AXZ,TYA,89.0,89.T.C 89.Y.V 89.A.V,2.0 1.5 0.8,dua,0.0,4575.0
7259,two,NORTHERN CATANDUANES,dawha,d a wh a,1 7 6 7,AXBZ,TAWA,90.0,90.T.C 90.A.V 90.W.C 90.A.V,2.0 1.5 1.75 0.8,dawha,0.0,4575.0
7351,two,NORTHERN SORSOGON,duwa,d u w a,1 7 6 7,AXBZ,TYWA,91.0,91.T.C 91.Y.V 91.W.C 91.A.V,2.0 1.5 1.75 0.8,duwa,0.0,4575.0
7443,two,OAS,duwa,d u w a,1 7 6 7,AXBZ,TYWA,92.0,92.T.C 92.Y.V 92.W.C 92.A.V,2.0 1.5 1.75 0.8,duwa,0.0,4575.0
7535,two,PALAWANO BATAK,dua,d u a,1 7 7,AXZ,TYA,93.0,93.T.C 93.Y.V 93.A.V,2.0 1.5 0.8,dua,0.0,4575.0
7627,two,PANGASINAN,duara,d u a r a,1 7 7 5 7,AXYBZ,TYARA,94.0,94.T.C 94.Y.V 94.A.V 94.R.C 94.A.V,2.0 1.5 1.3 1.75 0.8,duara,0.0,4558.0
7719,two,PANGUTARAN SAMA,duwa,d u w a,1 7 6 7,AXBZ,TYWA,95.0,95.T.C 95.Y.V 95.W.C 95.A.V,2.0 1.5 1.75 0.8,duwa,0.0,4575.0
7811,two,PROTO PALAWAN,dua,d u a,1 7 7,AXZ,TYA,96.0,96.T.C 96.Y.V 96.A.V,2.0 1.5 0.8,dua,0.0,4575.0
7903,two,QUEZON PALAWAN,dua,d u a,1 7 7,AXZ,TYA,97.0,97.T.C 97.Y.V 97.A.V,2.0 1.5 0.8,dua,0.0,4575.0
7995,two,ROMBLOMANON 2,duha,d u h a,1 7 3 7,AXBZ,TYHA,98.0,98.T.C 98.Y.V 98.H.C 98.A.V,2.0 1.5 1.75 0.8,duha,0.0,4575.0
8087,two,SAMAL,dua,d u a,1 7 7,AXZ,TYA,99.0,99.T.C 99.Y.V 99.A.V,2.0 1.5 0.8,dua,0.0,4575.0
8179,two,SAMBAL BOTOLAN,loa,l o a,5 7 7,AXZ,LUA,100.0,100.L.C 100.U.V 100.A.V,2.0 1.5 0.8,loa,0.0,4567.0
8271,two,SANGIL SARANGANI ISLANDS,dalua,d a l u a,1 7 5 7 7,AXBYZ,TALYA,101.0,101.T.C 101.A.V 101.L.C 101.Y.V 101.A.V,2.0 1.5 1.75 1.3 0.8,dalua,0.0,4558.0
8363,two,SEDANG,pea,p e a,1 7 7,AXZ,PEA,102.0,102.P.C 102.E.V 102.A.V,2.0 1.5 0.8,pea,0.0,4565.0
8455,two,SIBUTU SOUTHERN SAMA,duwa,d u w a,1 7 6 7,AXBZ,TYWA,103.0,103.T.C 103.Y.V 103.W.C 103.A.V,2.0 1.5 1.75 0.8,duwa,0.0,4575.0
8547,two,SOGODNIN BORACAY,darwa,d a rw a,1 7 5 7,AXBZ,TARA,105.0,105.T.C 105.A.V 105.R.C 105.A.V,2.0 1.5 1.75 0.8,darwa,0.0,4558.0
8639,two,SOUTH SAAMI,gektə,g e k t ə,1 7 1 1 7,AXMBZ,KEKTE,106.0,106.K.C 106.E.V 106.K.c 106.T.C 106.E.V,2.0 1.5 1.1 1.75 0.8,gektə,0.0,4590.0
8731,two,SOUTHERN CATANDUANES,duwa,d u w a,1 7 6 7,AXBZ,TYWA,107.0,107.T.C 107.Y.V 107.W.C 107.A.V,2.0 1.5 1.75 0.8,duwa,0.0,4575.0
8823,two,SOUTHERN SORSOGON,duwa,d u w a,1 7 6 7,AXBZ,TYWA,109.0,109.T.C 109.Y.V 109.W.C 109.A.V,2.0 1.5 1.75 0.8,duwa,0.0,4575.0
8915,two,SOUTHWEST PALAWANO,dua,d u a,1 7 7,AXZ,TYA,110.0,110.T.C 110.Y.V 110.A.V,2.0 1.5 0.8,dua,0.0,4575.0
9007,two,SPANISH,dos,d o s,1 7 3,AXN,TUS,111.0,111.T.C 111.U.V 111.S.c,2.0 1.5 0.8,dos,0.0,4615.0
9099,two,SUBANON SIOCON,duaʔ,d u a ʔ,1 7 7 1,AXYN,TYAH,112.0,112.T.C 112.Y.V 112.A.V 112.H.c,2.0 1.5 1.3 0.8,duaʔ,0.0,4575.0
9191,two,SUBANUN SINDANGAN,duaʔ,d u a ʔ,1 7 7 1,AXYN,TYAH,113.0,113.T.C 113.Y.V 113.A.V 113.H.c,2.0 1.5 1.3 0.8,duaʔ,0.0,4575.0
9283,two,SURIGAONON,duha,d u h a,1 7 3 7,AXBZ,TYHA,114.0,114.T.C 114.Y.V 114.H.C 114.A.V,2.0 1.5 1.75 0.8,duha,0.0,4575.0
9375,two,TAGABAWA,duwa,d u w a,1 7 6 7,AXBZ,TYWA,115.0,115.T.C 115.Y.V 115.W.C 115.A.V,2.0 1.5 1.75 0.8,duwa,0.0,4575.0
9467,two,TAGABILI,ləwuh,l ə w u h,5 7 6 7 3,AXBYN,LEWYH,116.0,116.L.C 116.E.V 116.W.C 116.Y.V 116.H.c,2.0 1.5 1.75 1.3 0.8,ləwuh,0.0,4665.0
9559,two,TAGALOG,dalawa,d a l a w a,1 7 5 7 6 7,AXBYBZ,TALAWA,117.0,117.T.C 117.A.V 117.L.C 117.A.V 117.W.C 117.A.V,2.0 1.5 1.75 1.3 1.75 0.8,dalawa,0.0,4575.0
9651,two,TAGBANWA ABORLAN,dua,d u a,1 7 7,AXZ,TYA,118.0,118.T.C 118.Y.V 118.A.V,2.0 1.5 0.8,dua,0.0,4575.0
9743,two,TAGBANWA KALAMIAN,duruaʔ,d u r u a ʔ,1 7 5 7 7 1,AXBYYN,TYRYAH,119.0,119.T.C 119.Y.V 119.R.C 119.Y.V 119.A.V 119.H.c,2.0 1.5 1.75 1.3 1.3 0.8,duruaʔ,0.0,4558.0
9835,two,TAUSUG,duah,d u a h,1 7 7 3,AXYN,TYAH,120.0,120.T.C 120.Y.V 120.A.V 120.H.c,2.0 1.5 1.3 0.8,duah,0.0,4575.0
9927,two,TIMUGON MURUT,dondoʔ,d o n d o ʔ,1 7 4 1 7 1,AXMBYN,TUNTUH,121.0,121.T.C 121.U.V 121.N.c 121.T.C 121.U.V 121.H.c,2.0 1.5 1.1 1.75 1.3 0.8,dondoʔ,0.0,4670.0
10019,two,TIRURAY,dos,d o s,1 7 3,AXN,TUS,122.0,122.T.C 122.U.V 122.S.c,2.0 1.5 0.8,dos,0.0,4615.0
10111,two,TURKISH,iki,i k i,7 1 7,XBZ,IKI,123.0,123.I.V 123.K.C 123.I.V,1.5 1.75 0.8,iki,1.0,4583.0
10203,two,UGARITIC,8n,n,4,A,N,124.0,124.N.C,2.0,n,1.0,4586.0
10295,two,UMIRAY DUMAGET AGTA,aduwa,a d u w a,7 1 7 6 7,XBYBZ,ATYWA,125.0,125.A.V 125.T.C 125.Y.V 125.W.C 125.A.V,1.5 1.75 1.3 1.75 0.8,aduwa,0.0,4575.0
10387,two,WARAY WARAY,duha,d u h a,1 7 3 7,AXBZ,TYHA,126.0,126.T.C 126.Y.V 126.H.C 126.A.V,2.0 1.5 1.75 0.8,duha,0.0,4575.0
10479,two,YAKAN,duwe,d u w e,1 7 6 7,AXBZ,TYWE,127.0,127.T.C 127.Y.V 127.W.C 127.E.V,2.0 1.5 1.75 0.8,duwe,0.0,4575.0
10571,two,YOGAD,addu,a dd u,7 1 7,XBZ,ATY,128.0,128.A.V 128.T.C 128.Y.V,1.5 1.75 0.8,addu,0.0,4615.0
10663,two,ZAMBOANGUENO,dos,d o s,1 7 3,AXN,TUS,129.0,129.T.C 129.U.V 129.S.c,2.0 1.5 0.8,dos,0.0,4615.0
10755,two,IMOROD,dowa,d o w a,1 7 6 7,AXBZ,TUWA,46.0,46.T.C 46.U.V 46.W.C 46.A.V,2.0 1.5 1.75 0.8,dowa,0.0,4575.0
10847,two,BABUYAN,dowa,d o w a,1 7 6 7,AXBZ,TUWA,5.0,5.T.C 5.U.V 5.W.C 5.A.V,2.0 1.5 1.75 0.8,dowa,0.0,4575.0
11123,two,FINALLIG,Cowa,o w a,7 6 7,XBZ,UWA,31.0,31.U.V 31.W.C 31.A.V,1.5 1.75 0.8,owa,0.0,4575.0
11399,two,KALAGAN KAAGAN,duwa,d u w a,1 7 6 7,AXBZ,TYWA,58.0,58.T.C 58.Y.V 58.W.C 58.A.V,2.0 1.5 1.75 0.8,duwa,0.0,4575.0
11491,two,KANKANAEY,dowE,d o w,1 7 6,AXN,TUW,62.0,62.T.C 62.U.V 62.W.c,2.0 1.5 0.8,dow,0.0,4575.0
11583,two,MANDAYAN BOSO,duwa,d u w a,1 7 6 7,AXBZ,TYWA,71.0,71.T.C 71.Y.V 71.W.C 71.A.V,2.0 1.5 1.75 0.8,duwa,0.0,4575.0
11675,two,MANDAYAN ISLAM PISO,duwa,d u w a,1 7 6 7,AXBZ,TYWA,72.0,72.T.C 72.Y.V 72.W.C 72.A.V,2.0 1.5 1.75 0.8,duwa,0.0,4575.0
11767,two,SINAUNA,darʔa,d a r ʔ a,1 7 5 1 7,AXMBZ,TARHA,104.0,104.T.C 104.A.V 104.R.c 104.H.C 104.A.V,2.0 1.5 1.1 1.75 0.8,darʔa,0.0,4575.0
11859,two,SOUTHERN KALINGA,Cuwa,u w a,7 6 7,XBZ,YWA,108.0,108.Y.V 108.W.C 108.A.V,1.5 1.75 0.8,uwa,0.0,4575.0
820,walk,BASQUE,ibili,i b i l i,7 1 7 5 7,XBYBZ,IPILI,10.0,10.I.V 10.P.C 10.I.V 10.L.C 10.I.V,1.5 1.75 1.3 1.75 0.8,ibili,0.0,4671.0
1464,walk,BUKIDNON BINUKID,hipanaw,h i p a n a w,3 7 1 7 4 7 6,AXBYBYN,HIPANAW,18.0,18.H.C 18.I.V 18.P.C 18.A.V 18.N.C 18.A.V 18.W.c,2.0 1.5 1.75 1.3 1.75 1.3 0.8,hipanaw,0.0,4672.0
2292,walk,ENGLISH,wok,w o k,6 7 1,AXN,WUK,28.0,28.W.C 28.U.V 28.K.c,2.0 1.5 0.8,wok,0.0,4673.0
2476,walk,ESTONIAN,kondi,k o n d i,1 7 4 1 7,AXMBZ,KUNTI,30.0,30.K.C 30.U.V 30.N.c 30.T.C 30.I.V,2.0 1.5 1.1 1.75 0.8,kondi,0.0,4674.0
2568,walk,FINNISH,kEvele,k v e l e,1 3 7 5 7,ACXBZ,KBELE,32.0,32.K.C 32.B.C 32.E.V 32.L.C 32.E.V,2.0 1.5 1.5 1.75 0.8,kvele,0.0,4675.0
2844,walk,HANUNOO,lumakaw,l u m a k a w,5 7 4 7 1 7 6,AXBYBYN,LYMAKAW,35.0,35.L.C 35.Y.V 35.M.C 35.A.V 35.K.C 35.A.V 35.W.c,2.0 1.5 1.75 1.3 1.75 1.3 0.8,lumakaw,0.0,4676.0
2936,walk,HIGAONON BINUKID,hipanaw,h i p a n a w,3 7 1 7 4 7 6,AXBYBYN,HIPANAW,36.0,36.H.C 36.I.V 36.P.C 36.A.V 36.N.C 36.A.V 36.W.c,2.0 1.5 1.75 1.3 1.75 1.3 0.8,hipanaw,0.0,4672.0
3028,walk,HUNGARIAN,men,m e n,4 7 4,AXN,MEN,38.0,38.M.C 38.E.V 38.N.c,2.0 1.5 0.8,men,0.0,4678.0
4316,walk,JAPANESE,aruku,a r u k u,7 5 7 1 7,XBYBZ,ARYKY,54.0,54.A.V 54.R.C 54.Y.V 54.K.C 54.Y.V,1.5 1.75 1.3 1.75 0.8,aruku,0.0,4680.0
5052,walk,KAPAMPANGAN,lakad,l a k a d,5 7 1 7 1,AXBYN,LAKAT,64.0,64.L.C 64.A.V 64.K.C 64.A.V 64.T.c,2.0 1.5 1.75 1.3 0.8,lakad,0.0,4681.0
5236,walk,KOREAN,koro,k o r o,1 7 5 7,AXBZ,KURU,66.0,66.K.C 66.U.V 66.R.C 66.U.V,2.0 1.5 1.75 0.8,koro,0.0,4675.0
6892,walk,MOKSHA,jakams,j a k a ms,6 7 1 7 4,AXBYN,JAKAM,86.0,86.J.C 86.A.V 86.K.C 86.A.V 86.M.c,2.0 1.5 1.75 1.3 0.8,jakams,0.0,4683.0
8364,walk,SEDANG,lam Ceaŋ,l a m # e a ŋ,5 7 4 9 7 7 4,AXN_XYN,LAM_EAN,102.0,102.L.C 102.A.V 102.M.c 102._._ 102.E.V 102.A.V 102.N.c,2.0 1.5 0.8 0.0 1.5 1.3 0.8,lam#eaŋ,0.0,4679.0
9008,walk,SPANISH,anda,a n d a,7 4 1 7,XMBZ,ANTA,111.0,111.A.V 111.N.c 111.T.C 111.A.V,1.5 1.1 1.75 0.8,anda,0.0,4674.0
9560,walk,TAGALOG,lakad,l a k a d,5 7 1 7 1,AXBYN,LAKAT,117.0,117.L.C 117.A.V 117.K.C 117.A.V 117.T.c,2.0 1.5 1.75 1.3 0.8,lakad,0.0,4681.0
10112,walk,TURKISH,jiri,j i r i,6 7 5 7,AXBZ,JIRI,123.0,123.J.C 123.I.V 123.R.C 123.I.V,2.0 1.5 1.75 0.8,jiri,0.0,4687.0
10756,walk,IMOROD,alam,a l a m,7 5 7 4,XBYN,ALAM,46.0,46.A.V 46.L.C 46.A.V 46.M.c,1.5 1.75 1.3 0.8,alam,0.0,4679.0
85,water,AGTA,donum,d o n u m,1 7 4 7 4,AXBYN,TUNYM,1.0,1.T.C 1.U.V 1.N.C 1.Y.V 1.M.c,2.0 1.5 1.75 1.3 0.8,donum,0.0,4703.0
177,water,AKLANON,tubiʔ,t u b i ʔ,1 7 1 7 1,AXBYN,TYPIH,2.0,2.T.C 2.Y.V 2.P.C 2.I.V 2.H.c,2.0 1.5 1.75 1.3 0.8,tubiʔ,0.0,4689.0
269,water,ARTA,wagat,w a g a t,6 7 1 7 1,AXBYN,WAKAT,3.0,3.W.C 3.A.V 3.K.C 3.A.V 3.T.c,2.0 1.5 1.75 1.3 0.8,wagat,0.0,4690.0
361,water,ATTA PAMPLONA,danum,d a n u m,1 7 4 7 4,AXBYN,TANYM,4.0,4.T.C 4.A.V 4.N.C 4.Y.V 4.M.c,2.0 1.5 1.75 1.3 0.8,danum,0.0,4703.0
453,water,BAJAU WEST COAST,buweʔ,b u w e ʔ,1 7 6 7 1,AXBYN,PYWEH,6.0,6.P.C 6.Y.V 6.W.C 6.E.V 6.H.c,2.0 1.5 1.75 1.3 0.8,buweʔ,0.0,4693.0
545,water,BALANGAW,dənum,d ə n u m,1 7 4 7 4,AXBYN,TENYM,7.0,7.T.C 7.E.V 7.N.C 7.Y.V 7.M.c,2.0 1.5 1.75 1.3 0.8,dənum,0.0,4703.0
637,water,BALANGINGI SAMA,boheʔ,b o h e ʔ,1 7 3 7 1,AXBYN,PUHEH,8.0,8.P.C 8.U.V 8.H.C 8.E.V 8.H.c,2.0 1.5 1.75 1.3 0.8,boheʔ,0.0,4693.0
729,water,BANTON BANTOANON,tubiʔ,t u b i ʔ,1 7 1 7 1,AXBYN,TYPIH,9.0,9.T.C 9.Y.V 9.P.C 9.I.V 9.H.c,2.0 1.5 1.75 1.3 0.8,tubiʔ,0.0,4689.0
821,water,BASQUE,ur,u r,7 5,XN,YR,10.0,10.Y.V 10.R.c,1.5 0.8,ur,0.0,4697.0
913,water,BATAK PALAWAN,danum,d a n u m,1 7 4 7 4,AXBYN,TANYM,11.0,11.T.C 11.A.V 11.N.C 11.Y.V 11.M.c,2.0 1.5 1.75 1.3 0.8,danum,0.0,4703.0
1005,water,BILAAN KORONADAL,eʔel,e ʔ e l,7 1 7 5,XBYN,EHEL,12.0,12.E.V 12.H.C 12.E.V 12.L.c,1.5 1.75 1.3 0.8,eʔel,0.0,4699.0
1097,water,BILAAN SARANGANI,jeʔel,j e ʔ e l,6 7 1 7 5,AXBYN,JEHEL,13.0,13.J.C 13.E.V 13.H.C 13.E.V 13.L.c,2.0 1.5 1.75 1.3 0.8,jeʔel,0.0,4699.0
1189,water,BONGGI,beig,b e i g,1 7 7 1,AXYN,PEIK,15.0,15.P.C 15.E.V 15.I.V 15.K.c,2.0 1.5 1.3 0.8,beig,0.0,4702.0
1281,water,BONTOC GUINAANG,danom,d a n o m,1 7 4 7 4,AXBYN,TANUM,16.0,16.T.C 16.A.V 16.N.C 16.U.V 16.M.c,2.0 1.5 1.75 1.3 0.8,danom,0.0,4703.0
1373,water,BUHI,tubig,t u b i g,1 7 1 7 1,AXBYN,TYPIK,17.0,17.T.C 17.Y.V 17.P.C 17.I.V 17.K.c,2.0 1.5 1.75 1.3 0.8,tubig,0.0,4689.0
1465,water,BUKIDNON BINUKID,wahig,w a h i g,6 7 3 7 1,AXBYN,WAHIK,18.0,18.W.C 18.A.V 18.H.C 18.I.V 18.K.c,2.0 1.5 1.75 1.3 0.8,wahig,0.0,4702.0
1557,water,BUTUANON,tubig,t u b i g,1 7 1 7 1,AXBYN,TYPIK,19.0,19.T.C 19.Y.V 19.P.C 19.I.V 19.K.c,2.0 1.5 1.75 1.3 0.8,tubig,0.0,4689.0
1649,water,CAIJIA,sr,s r,3 5,AC,SR,20.0,20.S.C 20.R.C,2.0 1.5,sr,1.0,4707.0
1741,water,CEBUANO,tubig,t u b i g,1 7 1 7 1,AXBYN,TYPIK,22.0,22.T.C 22.Y.V 22.P.C 22.I.V 22.K.c,2.0 1.5 1.75 1.3 0.8,tubig,0.0,4689.0
1833,water,CENTRAL TAGBANWA,wai,w a i,6 7 7,AXZ,WAI,23.0,23.W.C 23.A.V 23.I.V,2.0 1.5 0.8,wai,0.0,4710.0
1925,water,CUYONON,tubig,t u b i g,1 7 1 7 1,AXBYN,TYPIK,24.0,24.T.C 24.Y.V 24.P.C 24.I.V 24.K.c,2.0 1.5 1.75 1.3 0.8,tubig,0.0,4689.0
2017,water,DARAGA,tubig,t u b i g,1 7 1 7 1,AXBYN,TYPIK,25.0,25.T.C 25.Y.V 25.P.C 25.I.V 25.K.c,2.0 1.5 1.75 1.3 0.8,tubig,0.0,4689.0
2109,water,DUMAGAT CASIGURAN,dinom,d i n o m,1 7 4 7 4,AXBYN,TINUM,26.0,26.T.C 26.I.V 26.N.C 26.U.V 26.M.c,2.0 1.5 1.75 1.3 0.8,dinom,0.0,4703.0
2201,water,DUPANINGAN AGTA,dinom,d i n o m,1 7 4 7 4,AXBYN,TINUM,27.0,27.T.C 27.I.V 27.N.C 27.U.V 27.M.c,2.0 1.5 1.75 1.3 0.8,dinom,0.0,4703.0
2293,water,ENGLISH,watər,w a t ə r,6 7 1 7 5,AXBYN,WATER,28.0,28.W.C 28.A.V 28.T.C 28.E.V 28.R.c,2.0 1.5 1.75 1.3 0.8,watər,0.0,4715.0
2385,water,ESKAYAN,koljar,k o l j a r,1 7 5 6 7 5,AXBCYN,KULJAR,29.0,29.K.C 29.U.V 29.L.C 29.J.C 29.A.V 29.R.c,2.0 1.5 1.75 1.5 1.3 0.8,koljar,0.0,4716.0
2477,water,ESTONIAN,vesi,v e s i,3 7 3 7,AXBZ,BESI,30.0,30.B.C 30.E.V 30.S.C 30.I.V,2.0 1.5 1.75 0.8,vesi,0.0,4717.0
2569,water,FINNISH,vesi,v e s i,3 7 3 7,AXBZ,BESI,32.0,32.B.C 32.E.V 32.S.C 32.I.V,2.0 1.5 1.75 0.8,vesi,0.0,4717.0
2661,water,FUZHOU CHINESE,cui,c u i,1 7 7,AXZ,CYI,33.0,33.C.C 33.Y.V 33.I.V,2.0 1.5 0.8,cui,0.0,4720.0
2753,water,GADDANG,danum,d a n u m,1 7 4 7 4,AXBYN,TANYM,34.0,34.T.C 34.A.V 34.N.C 34.Y.V 34.M.c,2.0 1.5 1.75 1.3 0.8,danum,0.0,4703.0
2845,water,HANUNOO,danum,d a n u m,1 7 4 7 4,AXBYN,TANYM,35.0,35.T.C 35.A.V 35.N.C 35.Y.V 35.M.c,2.0 1.5 1.75 1.3 0.8,danum,0.0,4703.0
2937,water,HIGAONON BINUKID,wahig,w a h i g,6 7 3 7 1,AXBYN,WAHIK,36.0,36.W.C 36.A.V 36.H.C 36.I.V 36.K.c,2.0 1.5 1.75 1.3 0.8,wahig,0.0,4702.0
3029,water,HUNGARIAN,viz,v i z,3 7 3,AXN,BIS,38.0,38.B.C 38.I.V 38.S.c,2.0 1.5 0.8,viz,0.0,4717.0
3121,water,IBANAG,danum,d a n u m,1 7 4 7 4,AXBYN,TANYM,39.0,39.T.C 39.A.V 39.N.C 39.Y.V 39.M.c,2.0 1.5 1.75 1.3 0.8,danum,0.0,4703.0
3213,water,IDAAN,sapaʔ,s a p a ʔ,3 7 1 7 1,AXBYN,SAPAH,40.0,40.S.C 40.A.V 40.P.C 40.A.V 40.H.c,2.0 1.5 1.75 1.3 0.8,sapaʔ,0.0,4727.0
3305,water,IFUGAO AMGANAD,litiŋ,l i t i ŋ,5 7 1 7 4,AXBYN,LITIN,41.0,41.L.C 41.I.V 41.T.C 41.I.V 41.N.c,2.0 1.5 1.75 1.3 0.8,litiŋ,0.0,4728.0
3397,water,IFUGAO BATAD,danum,d a n u m,1 7 4 7 4,AXBYN,TANYM,42.0,42.T.C 42.A.V 42.N.C 42.Y.V 42.M.c,2.0 1.5 1.75 1.3 0.8,danum,0.0,4703.0
3489,water,IFUGAO BAYNINAN,leteŋ,l e t e ŋ,5 7 1 7 4,AXBYN,LETEN,43.0,43.L.C 43.E.V 43.T.C 43.E.V 43.N.c,2.0 1.5 1.75 1.3 0.8,leteŋ,0.0,4728.0
3581,water,ILOKANO,danum,d a n u m,1 7 4 7 4,AXBYN,TANYM,44.0,44.T.C 44.A.V 44.N.C 44.Y.V 44.M.c,2.0 1.5 1.75 1.3 0.8,danum,0.0,4703.0
3673,water,ILONGOT KAKIDUGEN,dənum,d ə n u m,1 7 4 7 4,AXBYN,TENYM,45.0,45.T.C 45.E.V 45.N.C 45.Y.V 45.M.c,2.0 1.5 1.75 1.3 0.8,dənum,0.0,4703.0
3765,water,INIBALOI,Canom,a n o m,7 4 7 4,XBYN,ANUM,48.0,48.A.V 48.N.C 48.U.V 48.M.c,1.5 1.75 1.3 0.8,anom,0.0,4703.0
3857,water,IRANUN,aig,a i g,7 7 1,XYN,AIK,49.0,49.A.V 49.I.V 49.K.c,1.5 1.3 0.8,aig,0.0,4702.0
3949,water,IRIGA,tubig,t u b i g,1 7 1 7 1,AXBYN,TYPIK,50.0,50.T.C 50.Y.V 50.P.C 50.I.V 50.K.c,2.0 1.5 1.75 1.3 0.8,tubig,0.0,4689.0
4041,water,ISNAG,danum,d a n u m,1 7 4 7 4,AXBYN,TANYM,51.0,51.T.C 51.A.V 51.N.C 51.Y.V 51.M.c,2.0 1.5 1.75 1.3 0.8,danum,0.0,4703.0
4133,water,ITAWIT,dEnum,d n u m,1 4 7 4,ACXN,TNYM,52.0,52.T.C 52.N.C 52.Y.V 52.M.c,2.0 1.5 1.5 0.8,dnum,0.0,4703.0
4225,water,ITNEG BINONGAN,danom,d a n o m,1 7 4 7 4,AXBYN,TANUM,53.0,53.T.C 53.A.V 53.N.C 53.U.V 53.M.c,2.0 1.5 1.75 1.3 0.8,danom,0.0,4703.0
4317,water,JAPANESE,mizu,m i z u,4 7 3 7,AXBZ,MISY,54.0,54.M.C 54.I.V 54.S.C 54.Y.V,2.0 1.5 1.75 0.8,mizu,0.0,4741.0
4409,water,KADAZAN,vaig,v a i g,3 7 7 1,AXYN,BAIK,55.0,55.B.C 55.A.V 55.I.V 55.K.c,2.0 1.5 1.3 0.8,vaig,0.0,4702.0
4501,water,KAGAYANEN,waig,w a i g,6 7 7 1,AXYN,WAIK,56.0,56.W.C 56.A.V 56.I.V 56.K.c,2.0 1.5 1.3 0.8,waig,0.0,4702.0
4593,water,KALAGAN,tubig,t u b i g,1 7 1 7 1,AXBYN,TYPIK,57.0,57.T.C 57.Y.V 57.P.C 57.I.V 57.K.c,2.0 1.5 1.75 1.3 0.8,tubig,0.0,4689.0
4685,water,KALINGA GUINAANG,danum,d a n u m,1 7 4 7 4,AXBYN,TANYM,59.0,59.T.C 59.A.V 59.N.C 59.Y.V 59.M.c,2.0 1.5 1.75 1.3 0.8,danum,0.0,4703.0
4777,water,KALINGA LIMOS,danum,d a n u m,1 7 4 7 4,AXBYN,TANYM,60.0,60.T.C 60.A.V 60.N.C 60.Y.V 60.M.c,2.0 1.5 1.75 1.3 0.8,danum,0.0,4703.0
4869,water,KALLAHAN KAYAPA PROPER,danum,d a n u m,1 7 4 7 4,AXBYN,TANYM,61.0,61.T.C 61.A.V 61.N.C 61.Y.V 61.M.c,2.0 1.5 1.75 1.3 0.8,danum,0.0,4703.0
4961,water,KANKANAY NORTHERN,danom,d a n o m,1 7 4 7 4,AXBYN,TANUM,63.0,63.T.C 63.A.V 63.N.C 63.U.V 63.M.c,2.0 1.5 1.75 1.3 0.8,danom,0.0,4703.0
5053,water,KAPAMPANGAN,danum,d a n u m,1 7 4 7 4,AXBYN,TANYM,64.0,64.T.C 64.A.V 64.N.C 64.Y.V 64.M.c,2.0 1.5 1.75 1.3 0.8,danum,0.0,4703.0
5145,water,KINARAY A,tubig,t u b i g,1 7 1 7 1,AXBYN,TYPIK,65.0,65.T.C 65.Y.V 65.P.C 65.I.V 65.K.c,2.0 1.5 1.75 1.3 0.8,tubig,0.0,4689.0
5237,water,KOREAN,mul,m u l,4 7 5,AXN,MYL,66.0,66.M.C 66.Y.V 66.L.c,2.0 1.5 0.8,mul,1.0,4753.0
5329,water,LEGAZPI,tubig,t u b i g,1 7 1 7 1,AXBYN,TYPIK,67.0,67.T.C 67.Y.V 67.P.C 67.I.V 67.K.c,2.0 1.5 1.75 1.3 0.8,tubig,0.0,4689.0
5421,water,LIBON,tubig,t u b i g,1 7 1 7 1,AXBYN,TYPIK,68.0,68.T.C 68.Y.V 68.P.C 68.I.V 68.K.c,2.0 1.5 1.75 1.3 0.8,tubig,0.0,4689.0
5513,water,LIVE,veic,v e i c,3 7 7 1,AXYN,BEIC,69.0,69.B.C 69.E.V 69.I.V 69.C.c,2.0 1.5 1.3 0.8,veic,0.0,4702.0
5605,water,MAMANWA,sapaʔ,s a p a ʔ,3 7 1 7 1,AXBYN,SAPAH,70.0,70.S.C 70.A.V 70.P.C 70.A.V 70.H.c,2.0 1.5 1.75 1.3 0.8,sapaʔ,0.0,4727.0
5789,water,MANOBO ATA,woig,w o i g,6 7 7 1,AXYN,WUIK,74.0,74.W.C 74.U.V 74.I.V 74.K.c,2.0 1.5 1.3 0.8,woig,0.0,4702.0
5881,water,MANOBO DIBABAWON,wəhig,w ə h i g,6 7 3 7 1,AXBYN,WEHIK,75.0,75.W.C 75.E.V 75.H.C 75.I.V 75.K.c,2.0 1.5 1.75 1.3 0.8,wəhig,0.0,4702.0
5973,water,MANOBO ILIANEN,wajig,w a j i g,6 7 6 7 1,AXBYN,WAJIK,76.0,76.W.C 76.A.V 76.J.C 76.I.V 76.K.c,2.0 1.5 1.75 1.3 0.8,wajig,0.0,4702.0
6065,water,MANOBO KALAMANSIG COTABATO,wajəg,w a j ə g,6 7 6 7 1,AXBYN,WAJEK,77.0,77.W.C 77.A.V 77.J.C 77.E.V 77.K.c,2.0 1.5 1.75 1.3 0.8,wajəg,0.0,4702.0
6157,water,MANOBO SARANGANI,wajog,w a j o g,6 7 6 7 1,AXBYN,WAJUK,78.0,78.W.C 78.A.V 78.J.C 78.U.V 78.K.c,2.0 1.5 1.75 1.3 0.8,wajog,0.0,4702.0
6249,water,MANOBO TIGWA,wəig,w ə i g,6 7 7 1,AXYN,WEIK,79.0,79.W.C 79.E.V 79.I.V 79.K.c,2.0 1.5 1.3 0.8,wəig,0.0,4702.0
6341,water,MANOBO WESTERN BUKIDNON,wahig,w a h i g,6 7 3 7 1,AXBYN,WAHIK,80.0,80.W.C 80.A.V 80.H.C 80.I.V 80.K.c,2.0 1.5 1.75 1.3 0.8,wahig,0.0,4702.0
6433,water,MANSAKA,tubig,t u b i g,1 7 1 7 1,AXBYN,TYPIK,81.0,81.T.C 81.Y.V 81.P.C 81.I.V 81.K.c,2.0 1.5 1.75 1.3 0.8,tubig,0.0,4689.0
6525,water,MAPUN,boheʔ,b o h e ʔ,1 7 3 7 1,AXBYN,PUHEH,82.0,82.P.C 82.U.V 82.H.C 82.E.V 82.H.c,2.0 1.5 1.75 1.3 0.8,boheʔ,0.0,4693.0
6617,water,MARANAO,ig,i g,7 1,XN,IK,83.0,83.I.V 83.K.c,1.5 0.8,ig,0.0,4702.0
6709,water,MASBATENYO,tubig,t u b i g,1 7 1 7 1,AXBYN,TYPIK,84.0,84.T.C 84.Y.V 84.P.C 84.I.V 84.K.c,2.0 1.5 1.75 1.3 0.8,tubig,0.0,4689.0
6801,water,MINANGALI LOWER TANUDAN KALINGA,danum,d a n u m,1 7 4 7 4,AXBYN,TANYM,85.0,85.T.C 85.A.V 85.N.C 85.Y.V 85.M.c,2.0 1.5 1.75 1.3 0.8,danum,0.0,4703.0
6893,water,MOKSHA,vjedj,v j e d j,3 6 7 1 6,ACXBC,BJETJ,86.0,86.B.C 86.J.C 86.E.V 86.T.C 86.J.C,2.0 1.5 1.5 1.75 1.5,vjedj,0.0,4772.0
6985,water,MOLBOG,danum,d a n u m,1 7 4 7 4,AXBYN,TANYM,87.0,87.T.C 87.A.V 87.N.C 87.Y.V 87.M.c,2.0 1.5 1.75 1.3 0.8,danum,0.0,4703.0
7077,water,MONGOLIAN,us,u s,7 3,XN,YS,88.0,88.Y.V 88.S.c,1.5 0.8,us,0.0,4717.0
7169,water,MORO MAGINDANAU,ig,i g,7 1,XN,IK,89.0,89.I.V 89.K.c,1.5 0.8,ig,0.0,4702.0
7261,water,NORTHERN CATANDUANES,tubig,t u b i g,1 7 1 7 1,AXBYN,TYPIK,90.0,90.T.C 90.Y.V 90.P.C 90.I.V 90.K.c,2.0 1.5 1.75 1.3 0.8,tubig,0.0,4689.0
7353,water,NORTHERN SORSOGON,tubig,t u b i g,1 7 1 7 1,AXBYN,TYPIK,91.0,91.T.C 91.Y.V 91.P.C 91.I.V 91.K.c,2.0 1.5 1.75 1.3 0.8,tubig,0.0,4689.0
7445,water,OAS,tubig,t u b i g,1 7 1 7 1,AXBYN,TYPIK,92.0,92.T.C 92.Y.V 92.P.C 92.I.V 92.K.c,2.0 1.5 1.75 1.3 0.8,tubig,0.0,4689.0
7537,water,PALAWANO BATAK,danum,d a n u m,1 7 4 7 4,AXBYN,TANYM,93.0,93.T.C 93.A.V 93.N.C 93.Y.V 93.M.c,2.0 1.5 1.75 1.3 0.8,danum,0.0,4703.0
7629,water,PANGASINAN,danom,d a n o m,1 7 4 7 4,AXBYN,TANUM,94.0,94.T.C 94.A.V 94.N.C 94.U.V 94.M.c,2.0 1.5 1.75 1.3 0.8,danom,0.0,4703.0
7721,water,PANGUTARAN SAMA,boheʔ,b o h e ʔ,1 7 3 7 1,AXBYN,PUHEH,95.0,95.P.C 95.U.V 95.H.C 95.E.V 95.H.c,2.0 1.5 1.75 1.3 0.8,boheʔ,0.0,4693.0
7813,water,PROTO PALAWAN,danum,d a n u m,1 7 4 7 4,AXBYN,TANYM,96.0,96.T.C 96.A.V 96.N.C 96.Y.V 96.M.c,2.0 1.5 1.75 1.3 0.8,danum,0.0,4703.0
7905,water,QUEZON PALAWAN,danum,d a n u m,1 7 4 7 4,AXBYN,TANYM,97.0,97.T.C 97.A.V 97.N.C 97.Y.V 97.M.c,2.0 1.5 1.75 1.3 0.8,danum,0.0,4703.0
7997,water,ROMBLOMANON 2,tubiʔ,t u b i ʔ,1 7 1 7 1,AXBYN,TYPIH,98.0,98.T.C 98.Y.V 98.P.C 98.I.V 98.H.c,2.0 1.5 1.75 1.3 0.8,tubiʔ,0.0,4689.0
8089,water,SAMAL,boheʔ,b o h e ʔ,1 7 3 7 1,AXBYN,PUHEH,99.0,99.P.C 99.U.V 99.H.C 99.E.V 99.H.c,2.0 1.5 1.75 1.3 0.8,boheʔ,0.0,4693.0
8181,water,SAMBAL BOTOLAN,lanom,l a n o m,5 7 4 7 4,AXBYN,LANUM,100.0,100.L.C 100.A.V 100.N.C 100.U.V 100.M.c,2.0 1.5 1.75 1.3 0.8,lanom,0.0,4703.0
8273,water,SANGIL SARANGANI ISLANDS,akeʔ,a k e ʔ,7 1 7 1,XBYN,AKEH,101.0,101.A.V 101.K.C 101.E.V 101.H.c,1.5 1.75 1.3 0.8,akeʔ,0.0,4690.0
8365,water,SEDANG,tea,t e a,1 7 7,AXZ,TEA,102.0,102.T.C 102.E.V 102.A.V,2.0 1.5 0.8,tea,0.0,4720.0
8457,water,SIBUTU SOUTHERN SAMA,boheʔ,b o h e ʔ,1 7 3 7 1,AXBYN,PUHEH,103.0,103.P.C 103.U.V 103.H.C 103.E.V 103.H.c,2.0 1.5 1.75 1.3 0.8,boheʔ,0.0,4693.0
8549,water,SOGODNIN BORACAY,awad,a w a d,7 6 7 1,XBYN,AWAT,105.0,105.A.V 105.W.C 105.A.V 105.T.c,1.5 1.75 1.3 0.8,awad,0.0,4791.0
8641,water,SOUTH SAAMI,Cjaeciə,j a e c i ə,6 7 7 1 7 7,AXYBYZ,JAECIE,106.0,106.J.C 106.A.V 106.E.V 106.C.C 106.I.V 106.E.V,2.0 1.5 1.3 1.75 1.3 0.8,jaeciə,0.0,4792.0
8733,water,SOUTHERN CATANDUANES,tubig,t u b i g,1 7 1 7 1,AXBYN,TYPIK,107.0,107.T.C 107.Y.V 107.P.C 107.I.V 107.K.c,2.0 1.5 1.75 1.3 0.8,tubig,0.0,4689.0
8825,water,SOUTHERN SORSOGON,tubig,t u b i g,1 7 1 7 1,AXBYN,TYPIK,109.0,109.T.C 109.Y.V 109.P.C 109.I.V 109.K.c,2.0 1.5 1.75 1.3 0.8,tubig,0.0,4689.0
8917,water,SOUTHWEST PALAWANO,danom,d a n o m,1 7 4 7 4,AXBYN,TANUM,110.0,110.T.C 110.A.V 110.N.C 110.U.V 110.M.c,2.0 1.5 1.75 1.3 0.8,danom,0.0,4703.0
9009,water,SPANISH,agwa,a gw a,7 1 7,XBZ,AKA,111.0,111.A.V 111.K.C 111.A.V,1.5 1.75 0.8,agwa,0.0,4690.0
9101,water,SUBANON SIOCON,tubig,t u b i g,1 7 1 7 1,AXBYN,TYPIK,112.0,112.T.C 112.Y.V 112.P.C 112.I.V 112.K.c,2.0 1.5 1.75 1.3 0.8,tubig,0.0,4689.0
9193,water,SUBANUN SINDANGAN,tubig,t u b i g,1 7 1 7 1,AXBYN,TYPIK,113.0,113.T.C 113.Y.V 113.P.C 113.I.V 113.K.c,2.0 1.5 1.75 1.3 0.8,tubig,0.0,4689.0
9285,water,SURIGAONON,tubig,t u b i g,1 7 1 7 1,AXBYN,TYPIK,114.0,114.T.C 114.Y.V 114.P.C 114.I.V 114.K.c,2.0 1.5 1.75 1.3 0.8,tubig,0.0,4689.0
9377,water,TAGABAWA,wajig,w a j i g,6 7 6 7 1,AXBYN,WAJIK,115.0,115.W.C 115.A.V 115.J.C 115.I.V 115.K.c,2.0 1.5 1.75 1.3 0.8,wajig,0.0,4702.0
9469,water,TAGABILI,el,e l,7 5,XN,EL,116.0,116.E.V 116.L.c,1.5 0.8,el,0.0,4753.0
9561,water,TAGALOG,tubig,t u b i g,1 7 1 7 1,AXBYN,TYPIK,117.0,117.T.C 117.Y.V 117.P.C 117.I.V 117.K.c,2.0 1.5 1.75 1.3 0.8,tubig,0.0,4689.0
9653,water,TAGBANWA ABORLAN,danum,d a n u m,1 7 4 7 4,AXBYN,TANYM,118.0,118.T.C 118.A.V 118.N.C 118.Y.V 118.M.c,2.0 1.5 1.75 1.3 0.8,danum,0.0,4703.0
9745,water,TAGBANWA KALAMIAN,waiʔ,w a i ʔ,6 7 7 1,AXYN,WAIH,119.0,119.W.C 119.A.V 119.I.V 119.H.c,2.0 1.5 1.3 0.8,waiʔ,0.0,4710.0
9837,water,TAUSUG,tubig,t u b i g,1 7 1 7 1,AXBYN,TYPIK,120.0,120.T.C 120.Y.V 120.P.C 120.I.V 120.K.c,2.0 1.5 1.75 1.3 0.8,tubig,0.0,4689.0
9929,water,TIMUGON MURUT,timug,t i m u g,1 7 4 7 1,AXBYN,TIMYK,121.0,121.T.C 121.I.V 121.M.C 121.Y.V 121.K.c,2.0 1.5 1.75 1.3 0.8,timug,0.0,4689.0
10021,water,TIRURAY,reguwas,r e g u w a s,5 7 1 7 6 7 3,AXBYBYN,REKYWAS,122.0,122.R.C 122.E.V 122.K.C 122.Y.V 122.W.C 122.A.V 122.S.c,2.0 1.5 1.75 1.3 1.75 1.3 0.8,reguwas,0.0,4808.0
10113,water,TURKISH,su,s u,3 7,AX,SY,123.0,123.S.C 123.Y.V,2.0 1.5,su,0.0,4741.0
10205,water,UGARITIC,mj,m j,4 6,AC,MJ,124.0,124.M.C 124.J.C,2.0 1.5,mj,0.0,4810.0
10297,water,UMIRAY DUMAGET AGTA,orat,o r a t,7 5 7 1,XBYN,URAT,125.0,125.U.V 125.R.C 125.A.V 125.T.c,1.5 1.75 1.3 0.8,orat,0.0,4791.0
10389,water,WARAY WARAY,tubig,t u b i g,1 7 1 7 1,AXBYN,TYPIK,126.0,126.T.C 126.Y.V 126.P.C 126.I.V 126.K.c,2.0 1.5 1.75 1.3 0.8,tubig,0.0,4689.0
10481,water,YAKAN,boheʔ,b o h e ʔ,1 7 3 7 1,AXBYN,PUHEH,127.0,127.P.C 127.U.V 127.H.C 127.E.V 127.H.c,2.0 1.5 1.75 1.3 0.8,boheʔ,0.0,4693.0
10573,water,YOGAD,danum,d a n u m,1 7 4 7 4,AXBYN,TANYM,128.0,128.T.C 128.A.V 128.N.C 128.Y.V 128.M.c,2.0 1.5 1.75 1.3 0.8,danum,0.0,4703.0
10665,water,ZAMBOANGUENO,agwa,a gw a,7 1 7,XBZ,AKA,129.0,129.A.V 129.K.C 129.A.V,1.5 1.75 0.8,agwa,0.0,4690.0
10757,water,IMOROD,ranom,r a n o m,5 7 4 7 4,AXBYN,RANUM,46.0,46.R.C 46.A.V 46.N.C 46.U.V 46.M.c,2.0 1.5 1.75 1.3 0.8,ranom,0.0,4703.0
10849,water,BABUYAN,ranom,r a n o m,5 7 4 7 4,AXBYN,RANUM,5.0,5.R.C 5.A.V 5.N.C 5.U.V 5.M.c,2.0 1.5 1.75 1.3 0.8,ranom,0.0,4703.0
10941,water,BISAYA SABAH,aiek,a i e k,7 7 7 1,XYYN,AIEK,14.0,14.A.V 14.I.V 14.E.V 14.K.c,1.5 1.3 1.3 0.8,aiek,0.0,4702.0
11033,water,CAPIZNON,tubi,t u b i,1 7 1 7,AXBZ,TYPI,21.0,21.T.C 21.Y.V 21.P.C 21.I.V,2.0 1.5 1.75 0.8,tubi,0.0,4689.0
11125,water,FINALLIG,Canom,a n o m,7 4 7 4,XBYN,ANUM,31.0,31.A.V 31.N.C 31.U.V 31.M.c,1.5 1.75 1.3 0.8,anom,0.0,4703.0
11217,water,HILIGAYNON,tubig,t u b i g,1 7 1 7 1,AXBYN,TYPIK,37.0,37.T.C 37.Y.V 37.P.C 37.I.V 37.K.c,2.0 1.5 1.75 1.3 0.8,tubig,0.0,4689.0
11309,water,INABAKNON,buwahiʔ,b u w a h i ʔ,1 7 6 7 3 7 1,AXBYBYN,PYWAHIH,47.0,47.P.C 47.Y.V 47.W.C 47.A.V 47.H.C 47.I.V 47.H.c,2.0 1.5 1.75 1.3 1.75 1.3 0.8,buwahiʔ,0.0,4693.0
11401,water,KALAGAN KAAGAN,tubig,t u b i g,1 7 1 7 1,AXBYN,TYPIK,58.0,58.T.C 58.Y.V 58.P.C 58.I.V 58.K.c,2.0 1.5 1.75 1.3 0.8,tubig,0.0,4689.0
11493,water,KANKANAEY,danom,d a n o m,1 7 4 7 4,AXBYN,TANUM,62.0,62.T.C 62.A.V 62.N.C 62.U.V 62.M.c,2.0 1.5 1.75 1.3 0.8,danom,0.0,4703.0
11585,water,MANDAYAN BOSO,tubig,t u b i g,1 7 1 7 1,AXBYN,TYPIK,71.0,71.T.C 71.Y.V 71.P.C 71.I.V 71.K.c,2.0 1.5 1.75 1.3 0.8,tubig,0.0,4689.0
11677,water,MANDAYAN ISLAM PISO,tubig,t u b i g,1 7 1 7 1,AXBYN,TYPIK,72.0,72.T.C 72.Y.V 72.P.C 72.I.V 72.K.c,2.0 1.5 1.75 1.3 0.8,tubig,0.0,4689.0
11769,water,SINAUNA,laʔu,l a ʔ u,5 7 1 7,AXBZ,LAHY,104.0,104.L.C 104.A.V 104.H.C 104.Y.V,2.0 1.5 1.75 0.8,laʔu,0.0,4790.0
11861,water,SOUTHERN KALINGA,Canum,a n u m,7 4 7 4,XBYN,ANYM,108.0,108.A.V 108.N.C 108.Y.V 108.M.c,1.5 1.75 1.3 0.8,anum,0.0,4703.0
86,we,AGTA,ikitam,i k i t a m,7 1 7 1 7 4,XBYBYN,IKITAM,1.0,1.I.V 1.K.C 1.I.V 1.T.C 1.A.V 1.M.c,1.5 1.75 1.3 1.75 1.3 0.8,ikitam,0.0,4862.0
178,we,AKLANON,kitah,k i t a h,1 7 1 7 3,AXBYN,KITAH,2.0,2.K.C 2.I.V 2.T.C 2.A.V 2.H.c,2.0 1.5 1.75 1.3 0.8,kitah,0.0,4862.0
270,we,ARTA,meʔaduami,m e ʔ a d u a m i,4 7 1 7 1 7 7 4 7,AXBYBYYBZ,MEHATYAMI,3.0,3.M.C 3.E.V 3.H.C 3.A.V 3.T.C 3.Y.V 3.A.V 3.M.C 3.I.V,2.0 1.5 1.75 1.3 1.75 1.3 1.3 1.75 0.8,meʔaduami,0.0,4813.0
362,we,ATTA PAMPLONA,sittam,s i tt a m,3 7 1 7 4,AXBYN,SITAM,4.0,4.S.C 4.I.V 4.T.C 4.A.V 4.M.c,2.0 1.5 1.75 1.3 0.8,sittam,0.0,4862.0
454,we,BAJAU WEST COAST,kiti,k i t i,1 7 1 7,AXBZ,KITI,6.0,6.K.C 6.I.V 6.T.C 6.I.V,2.0 1.5 1.75 0.8,kiti,0.0,4862.0
546,we,BALANGAW,ditaw,d i t a w,1 7 1 7 6,AXBYN,TITAW,7.0,7.T.C 7.I.V 7.T.C 7.A.V 7.W.c,2.0 1.5 1.75 1.3 0.8,ditaw,0.0,4816.0
638,we,BALANGINGI SAMA,kitabi,k i t a b i,1 7 1 7 1 7,AXBYBZ,KITAPI,8.0,8.K.C 8.I.V 8.T.C 8.A.V 8.P.C 8.I.V,2.0 1.5 1.75 1.3 1.75 0.8,kitabi,0.0,4862.0
730,we,BANTON BANTOANON,kita,k i t a,1 7 1 7,AXBZ,KITA,9.0,9.K.C 9.I.V 9.T.C 9.A.V,2.0 1.5 1.75 0.8,kita,0.0,4862.0
822,we,BASQUE,gu,g u,1 7,AX,KY,10.0,10.K.C 10.Y.V,2.0 1.5,gu,0.0,4819.0
914,we,BATAK PALAWAN,kitami,k i t a m i,1 7 1 7 4 7,AXBYBZ,KITAMI,11.0,11.K.C 11.I.V 11.T.C 11.A.V 11.M.C 11.I.V,2.0 1.5 1.75 1.3 1.75 0.8,kitami,0.0,4862.0
1006,we,BILAAN KORONADAL,ato,a t o,7 1 7,XBZ,ATU,12.0,12.A.V 12.T.C 12.U.V,1.5 1.75 0.8,ato,0.0,4862.0
1098,we,BILAAN SARANGANI,ito,i t o,7 1 7,XBZ,ITU,13.0,13.I.V 13.T.C 13.U.V,1.5 1.75 0.8,ito,0.0,4862.0
1190,we,BONGGI,sesia,s e s i a,3 7 3 7 7,AXBYZ,SESIA,15.0,15.S.C 15.E.V 15.S.C 15.I.V 15.A.V,2.0 1.5 1.75 1.3 0.8,sesia,0.0,4823.0
1282,we,BONTOC GUINAANG,datako,d a t a k o,1 7 1 7 1 7,AXBYBZ,TATAKU,16.0,16.T.C 16.A.V 16.T.C 16.A.V 16.K.C 16.U.V,2.0 1.5 1.75 1.3 1.75 0.8,datako,0.0,4816.0
1374,we,BUHI,kita,k i t a,1 7 1 7,AXBZ,KITA,17.0,17.K.C 17.I.V 17.T.C 17.A.V,2.0 1.5 1.75 0.8,kita,1.0,4862.0
1466,we,BUKIDNON BINUKID,jaŋkuj,j a ŋ k u j,6 7 4 1 7 6,AXMBYN,JANKYJ,18.0,18.J.C 18.A.V 18.N.c 18.K.C 18.Y.V 18.J.c,2.0 1.5 1.1 1.75 1.3 0.8,jaŋkuj,0.0,4826.0
1558,we,BUTUANON,kita,k i t a,1 7 1 7,AXBZ,KITA,19.0,19.K.C 19.I.V 19.T.C 19.A.V,2.0 1.5 1.75 0.8,kita,0.0,4862.0
1650,we,CAIJIA,ŋuo,ŋ u o,4 7 7,AXZ,NYU,20.0,20.N.C 20.Y.V 20.U.V,2.0 1.5 0.8,ŋuo,1.0,4828.0
1742,we,CEBUANO,kita,k i t a,1 7 1 7,AXBZ,KITA,22.0,22.K.C 22.I.V 22.T.C 22.A.V,2.0 1.5 1.75 0.8,kita,0.0,4862.0
1834,we,CENTRAL TAGBANWA,kita,k i t a,1 7 1 7,AXBZ,KITA,23.0,23.K.C 23.I.V 23.T.C 23.A.V,2.0 1.5 1.75 0.8,kita,0.0,4862.0
1926,we,CUYONON,kita,k i t a,1 7 1 7,AXBZ,KITA,24.0,24.K.C 24.I.V 24.T.C 24.A.V,2.0 1.5 1.75 0.8,kita,0.0,4862.0
2018,we,DARAGA,kita,k i t a,1 7 1 7,AXBZ,KITA,25.0,25.K.C 25.I.V 25.T.C 25.A.V,2.0 1.5 1.75 0.8,kita,1.0,4862.0
2110,we,DUMAGAT CASIGURAN,sikitam,s i k i t a m,3 7 1 7 1 7 4,AXBYBYN,SIKITAM,26.0,26.S.C 26.I.V 26.K.C 26.I.V 26.T.C 26.A.V 26.M.c,2.0 1.5 1.75 1.3 1.75 1.3 0.8,sikitam,0.0,4862.0
2202,we,DUPANINGAN AGTA,hikitam,h i k i t a m,3 7 1 7 1 7 4,AXBYBYN,HIKITAM,27.0,27.H.C 27.I.V 27.K.C 27.I.V 27.T.C 27.A.V 27.M.c,2.0 1.5 1.75 1.3 1.75 1.3 0.8,hikitam,0.0,4862.0
2294,we,ENGLISH,wi,w i,6 7,AX,WI,28.0,28.W.C 28.I.V,2.0 1.5,wi,0.0,4835.0
2386,we,ESKAYAN,arhitika,a rh i t i k a,7 5 7 1 7 1 7,XBYBYBZ,ARITIKA,29.0,29.A.V 29.R.C 29.I.V 29.T.C 29.I.V 29.K.C 29.A.V,1.5 1.75 1.3 1.75 1.3 1.75 0.8,arhitika,0.0,4836.0
2478,we,ESTONIAN,meie,m e i e,4 7 7 7,AXYZ,MEIE,30.0,30.M.C 30.E.V 30.I.V 30.E.V,2.0 1.5 1.3 0.8,meie,0.0,4837.0
2570,we,FINNISH,me,m e,4 7,AX,ME,32.0,32.M.C 32.E.V,2.0 1.5,me,0.0,4837.0
2662,we,FUZHOU CHINESE,ŋuaikoneiŋ,ŋ u a i k o n e i ŋ,4 7 7 7 1 7 4 7 7 4,AXYYBYBYYN,NYAIKUNEIN,33.0,33.N.C 33.Y.V 33.A.V 33.I.V 33.K.C 33.U.V 33.N.C 33.E.V 33.I.V 33.N.c,2.0 1.5 1.3 1.3 1.75 1.3 1.75 1.3 1.3 0.8,ŋuaikoneiŋ,0.0,4839.0
2754,we,GADDANG,ikkanetam,i kk a n e t a m,7 1 7 4 7 1 7 4,XBYBYBYN,IKANETAM,34.0,34.I.V 34.K.C 34.A.V 34.N.C 34.E.V 34.T.C 34.A.V 34.M.c,1.5 1.75 1.3 1.75 1.3 1.75 1.3 0.8,ikkanetam,0.0,4862.0
2846,we,HANUNOO,kita,k i t a,1 7 1 7,AXBZ,KITA,35.0,35.K.C 35.I.V 35.T.C 35.A.V,2.0 1.5 1.75 0.8,kita,0.0,4862.0
2938,we,HIGAONON BINUKID,jaŋkuj,j a ŋ k u j,6 7 4 1 7 6,AXMBYN,JANKYJ,36.0,36.J.C 36.A.V 36.N.c 36.K.C 36.Y.V 36.J.c,2.0 1.5 1.1 1.75 1.3 0.8,jaŋkuj,0.0,4826.0
3030,we,HUNGARIAN,mi,m i,4 7,AX,MI,38.0,38.M.C 38.I.V,2.0 1.5,mi,0.0,4837.0
3122,we,IBANAG,sitam,s i t a m,3 7 1 7 4,AXBYN,SITAM,39.0,39.S.C 39.I.V 39.T.C 39.A.V 39.M.c,2.0 1.5 1.75 1.3 0.8,sitam,0.0,4862.0
3214,we,IDAAN,kito,k i t o,1 7 1 7,AXBZ,KITU,40.0,40.K.C 40.I.V 40.T.C 40.U.V,2.0 1.5 1.75 0.8,kito,0.0,4862.0
3306,we,IFUGAO AMGANAD,ditaʔʔu,d i t a u,1 7 1 7 7,AXBYZ,TITAY,41.0,41.T.C 41.I.V 41.T.C 41.A.V 41.Y.V,2.0 1.5 1.75 1.3 0.8,ditau,0.0,4816.0
3398,we,IFUGAO BATAD,dituʔu,d i t u ʔ u,1 7 1 7 1 7,AXBYBZ,TITYHY,42.0,42.T.C 42.I.V 42.T.C 42.Y.V 42.H.C 42.Y.V,2.0 1.5 1.75 1.3 1.75 0.8,dituʔu,0.0,4816.0
3490,we,IFUGAO BAYNINAN,dituʔu,d i t u ʔ u,1 7 1 7 1 7,AXBYBZ,TITYHY,43.0,43.T.C 43.I.V 43.T.C 43.Y.V 43.H.C 43.Y.V,2.0 1.5 1.75 1.3 1.75 0.8,dituʔu,0.0,4816.0
3582,we,ILOKANO,datajo,d a t a j o,1 7 1 7 6 7,AXBYBZ,TATAJU,44.0,44.T.C 44.A.V 44.T.C 44.A.V 44.J.C 44.U.V,2.0 1.5 1.75 1.3 1.75 0.8,datajo,0.0,4816.0
3674,we,ILONGOT KAKIDUGEN,sikisi,s i k i s i,3 7 1 7 3 7,AXBYBZ,SIKISI,45.0,45.S.C 45.I.V 45.K.C 45.I.V 45.S.C 45.I.V,2.0 1.5 1.75 1.3 1.75 0.8,sikisi,0.0,4862.0
3766,we,INIBALOI,siʔkito,s i ʔ k i t o,3 7 1 1 7 1 7,AXMBYBZ,SIHKITU,48.0,48.S.C 48.I.V 48.H.c 48.K.C 48.I.V 48.T.C 48.U.V,2.0 1.5 1.1 1.75 1.3 1.75 0.8,siʔkito,0.0,4862.0
3858,we,IRANUN,sekita,s e k i t a,3 7 1 7 1 7,AXBYBZ,SEKITA,49.0,49.S.C 49.E.V 49.K.C 49.I.V 49.T.C 49.A.V,2.0 1.5 1.75 1.3 1.75 0.8,sekita,0.0,4862.0
3950,we,IRIGA,kita,k i t a,1 7 1 7,AXBZ,KITA,50.0,50.K.C 50.I.V 50.T.C 50.A.V,2.0 1.5 1.75 0.8,kita,0.0,4862.0
4042,we,ISNAG,dakami,d a k a m i,1 7 1 7 4 7,AXBYBZ,TAKAMI,51.0,51.T.C 51.A.V 51.K.C 51.A.V 51.M.C 51.I.V,2.0 1.5 1.75 1.3 1.75 0.8,dakami,0.0,4852.0
4134,we,ITAWIT,ikEmi,i k m i,7 1 4 7,XBCZ,IKMI,52.0,52.I.V 52.K.C 52.M.C 52.I.V,1.5 1.75 1.5 0.8,ikmi,0.0,4852.0
4226,we,ITNEG BINONGAN,ditajo,d i t a j o,1 7 1 7 6 7,AXBYBZ,TITAJU,53.0,53.T.C 53.I.V 53.T.C 53.A.V 53.J.C 53.U.V,2.0 1.5 1.75 1.3 1.75 0.8,ditajo,0.0,4816.0
4318,we,JAPANESE,wareware,w a r e w a r e,6 7 5 7 6 7 5 7,AXBYBYBZ,WAREWARE,54.0,54.W.C 54.A.V 54.R.C 54.E.V 54.W.C 54.A.V 54.R.C 54.E.V,2.0 1.5 1.75 1.3 1.75 1.3 1.75 0.8,wareware,0.0,4859.0
4410,we,KADAZAN,toko,t o k o,1 7 1 7,AXBZ,TUKU,55.0,55.T.C 55.U.V 55.K.C 55.U.V,2.0 1.5 1.75 0.8,toko,0.0,4836.0
4502,we,KAGAYANEN,kaj,k a j,1 7 6,AXN,KAJ,56.0,56.K.C 56.A.V 56.J.c,2.0 1.5 0.8,kaj,0.0,4819.0
4594,we,KALAGAN,kitadun,k i t a d u n,1 7 1 7 1 7 4,AXBYBYN,KITATYN,57.0,57.K.C 57.I.V 57.T.C 57.A.V 57.T.C 57.Y.V 57.N.c,2.0 1.5 1.75 1.3 1.75 1.3 0.8,kitadun,0.0,4862.0
4686,we,KALINGA GUINAANG,ditaʔo,d i t a ʔ o,1 7 1 7 1 7,AXBYBZ,TITAHU,59.0,59.T.C 59.I.V 59.T.C 59.A.V 59.H.C 59.U.V,2.0 1.5 1.75 1.3 1.75 0.8,ditaʔo,0.0,4816.0
4778,we,KALINGA LIMOS,dikami,d i k a m i,1 7 1 7 4 7,AXBYBZ,TIKAMI,60.0,60.T.C 60.I.V 60.K.C 60.A.V 60.M.C 60.I.V,2.0 1.5 1.75 1.3 1.75 0.8,dikami,0.0,4852.0
4870,we,KALLAHAN KAYAPA PROPER,hiʔgataju,h i ʔ g a t a j u,3 7 1 1 7 1 7 6 7,AXMBYBYBZ,HIHKATAJY,61.0,61.H.C 61.I.V 61.H.c 61.K.C 61.A.V 61.T.C 61.A.V 61.J.C 61.Y.V,2.0 1.5 1.1 1.75 1.3 1.75 1.3 1.75 0.8,hiʔgataju,0.0,4862.0
4962,we,KANKANAY NORTHERN,datako,d a t a k o,1 7 1 7 1 7,AXBYBZ,TATAKU,63.0,63.T.C 63.A.V 63.T.C 63.A.V 63.K.C 63.U.V,2.0 1.5 1.75 1.3 1.75 0.8,datako,0.0,4816.0
5054,we,KAPAMPANGAN,itamu,i t a m u,7 1 7 4 7,XBYBZ,ITAMY,64.0,64.I.V 64.T.C 64.A.V 64.M.C 64.Y.V,1.5 1.75 1.3 1.75 0.8,itamu,0.0,4862.0
5146,we,KINARAY A,kita,k i t a,1 7 1 7,AXBZ,KITA,65.0,65.K.C 65.I.V 65.T.C 65.A.V,2.0 1.5 1.75 0.8,kita,0.0,4862.0
5238,we,KOREAN,uri,u r i,7 5 7,XBZ,YRI,66.0,66.Y.V 66.R.C 66.I.V,1.5 1.75 0.8,uri,0.0,4869.0
5330,we,LEGAZPI,kita,k i t a,1 7 1 7,AXBZ,KITA,67.0,67.K.C 67.I.V 67.T.C 67.A.V,2.0 1.5 1.75 0.8,kita,0.0,4862.0
5422,we,LIBON,kita,k i t a,1 7 1 7,AXBZ,KITA,68.0,68.K.C 68.I.V 68.T.C 68.A.V,2.0 1.5 1.75 0.8,kita,1.0,4862.0
5514,we,LIVE,meg,m e g,4 7 1,AXN,MEK,69.0,69.M.C 69.E.V 69.K.c,2.0 1.5 0.8,meg,0.0,4837.0
5606,we,MAMANWA,kita,k i t a,1 7 1 7,AXBZ,KITA,70.0,70.K.C 70.I.V 70.T.C 70.A.V,2.0 1.5 1.75 0.8,kita,1.0,4862.0
5698,we,MANIDE,kita,k i t a,1 7 1 7,AXBZ,KITA,73.0,73.K.C 73.I.V 73.T.C 73.A.V,2.0 1.5 1.75 0.8,kita,0.0,4862.0
5790,we,MANOBO ATA,sikanta,s i k a n t a,3 7 1 7 4 1 7,AXBYMBZ,SIKANTA,74.0,74.S.C 74.I.V 74.K.C 74.A.V 74.N.c 74.T.C 74.A.V,2.0 1.5 1.75 1.3 1.1 1.75 0.8,sikanta,0.0,4862.0
5882,we,MANOBO DIBABAWON,kinəw,k i n ə w,1 7 4 7 6,AXBYN,KINEW,75.0,75.K.C 75.I.V 75.N.C 75.E.V 75.W.c,2.0 1.5 1.75 1.3 0.8,kinəw,0.0,4876.0
5974,we,MANOBO ILIANEN,sikita,s i k i t a,3 7 1 7 1 7,AXBYBZ,SIKITA,76.0,76.S.C 76.I.V 76.K.C 76.I.V 76.T.C 76.A.V,2.0 1.5 1.75 1.3 1.75 0.8,sikita,0.0,4862.0
6066,we,MANOBO KALAMANSIG COTABATO,kita,k i t a,1 7 1 7,AXBZ,KITA,77.0,77.K.C 77.I.V 77.T.C 77.A.V,2.0 1.5 1.75 0.8,kita,0.0,4862.0
6158,we,MANOBO SARANGANI,sikitadon,s i k i t a d o n,3 7 1 7 1 7 1 7 4,AXBYBYBYN,SIKITATUN,78.0,78.S.C 78.I.V 78.K.C 78.I.V 78.T.C 78.A.V 78.T.C 78.U.V 78.N.c,2.0 1.5 1.75 1.3 1.75 1.3 1.75 1.3 0.8,sikitadon,0.0,4862.0
6250,we,MANOBO TIGWA,sikanta,s i k a n t a,3 7 1 7 4 1 7,AXBYMBZ,SIKANTA,79.0,79.S.C 79.I.V 79.K.C 79.A.V 79.N.c 79.T.C 79.A.V,2.0 1.5 1.75 1.3 1.1 1.75 0.8,sikanta,0.0,4862.0
6342,we,MANOBO WESTERN BUKIDNON,sikitəw,s i k i t ə w,3 7 1 7 1 7 6,AXBYBYN,SIKITEW,80.0,80.S.C 80.I.V 80.K.C 80.I.V 80.T.C 80.E.V 80.W.c,2.0 1.5 1.75 1.3 1.75 1.3 0.8,sikitəw,0.0,4862.0
6434,we,MANSAKA,kita,k i t a,1 7 1 7,AXBZ,KITA,81.0,81.K.C 81.I.V 81.T.C 81.A.V,2.0 1.5 1.75 0.8,kita,0.0,4862.0
6526,we,MAPUN,kitabi,k i t a b i,1 7 1 7 1 7,AXBYBZ,KITAPI,82.0,82.K.C 82.I.V 82.T.C 82.A.V 82.P.C 82.I.V,2.0 1.5 1.75 1.3 1.75 0.8,kitabi,0.0,4862.0
6618,we,MARANAO,kita,k i t a,1 7 1 7,AXBZ,KITA,83.0,83.K.C 83.I.V 83.T.C 83.A.V,2.0 1.5 1.75 0.8,kita,0.0,4862.0
6710,we,MASBATENYO,kita,k i t a,1 7 1 7,AXBZ,KITA,84.0,84.K.C 84.I.V 84.T.C 84.A.V,2.0 1.5 1.75 0.8,kita,0.0,4862.0
6802,we,MINANGALI LOWER TANUDAN KALINGA,ditaku,d i t a k u,1 7 1 7 1 7,AXBYBZ,TITAKY,85.0,85.T.C 85.I.V 85.T.C 85.A.V 85.K.C 85.Y.V,2.0 1.5 1.75 1.3 1.75 0.8,ditaku,0.0,4816.0
6894,we,MOKSHA,mji5,m j i,4 6 7,ACX,MJI,86.0,86.M.C 86.J.C 86.I.V,2.0 1.5 1.5,mji,0.0,4887.0
6986,we,MOLBOG,kaj,k a j,1 7 6,AXN,KAJ,87.0,87.K.C 87.A.V 87.J.c,2.0 1.5 0.8,kaj,0.0,4819.0
7078,we,MONGOLIAN,pjit,p j i t,1 6 7 1,ACXN,PJIT,88.0,88.P.C 88.J.C 88.I.V 88.T.c,2.0 1.5 1.5 0.8,pjit,0.0,4889.0
7170,we,MORO MAGINDANAU,ta,t a,1 7,AX,TA,89.0,89.T.C 89.A.V,2.0 1.5,ta,0.0,4890.0
7262,we,NORTHERN CATANDUANES,kita,k i t a,1 7 1 7,AXBZ,KITA,90.0,90.K.C 90.I.V 90.T.C 90.A.V,2.0 1.5 1.75 0.8,kita,0.0,4862.0
7354,we,NORTHERN SORSOGON,kita,k i t a,1 7 1 7,AXBZ,KITA,91.0,91.K.C 91.I.V 91.T.C 91.A.V,2.0 1.5 1.75 0.8,kita,1.0,4862.0
7446,we,OAS,kita,k i t a,1 7 1 7,AXBZ,KITA,92.0,92.K.C 92.I.V 92.T.C 92.A.V,2.0 1.5 1.75 0.8,kita,1.0,4862.0
7538,we,PALAWANO BATAK,kitami,k i t a m i,1 7 1 7 4 7,AXBYBZ,KITAMI,93.0,93.K.C 93.I.V 93.T.C 93.A.V 93.M.C 93.I.V,2.0 1.5 1.75 1.3 1.75 0.8,kitami,0.0,4862.0
7630,we,PANGASINAN,sikami,s i k a m i,3 7 1 7 4 7,AXBYBZ,SIKAMI,94.0,94.S.C 94.I.V 94.K.C 94.A.V 94.M.C 94.I.V,2.0 1.5 1.75 1.3 1.75 0.8,sikami,0.0,4852.0
7722,we,PANGUTARAN SAMA,kita,k i t a,1 7 1 7,AXBZ,KITA,95.0,95.K.C 95.I.V 95.T.C 95.A.V,2.0 1.5 1.75 0.8,kita,0.0,4862.0
7814,we,PROTO PALAWAN,kami,k a m i,1 7 4 7,AXBZ,KAMI,96.0,96.K.C 96.A.V 96.M.C 96.I.V,2.0 1.5 1.75 0.8,kami,0.0,4852.0
7906,we,QUEZON PALAWAN,kami,k a m i,1 7 4 7,AXBZ,KAMI,97.0,97.K.C 97.A.V 97.M.C 97.I.V,2.0 1.5 1.75 0.8,kami,0.0,4852.0
7998,we,ROMBLOMANON 2,kita,k i t a,1 7 1 7,AXBZ,KITA,98.0,98.K.C 98.I.V 98.T.C 98.A.V,2.0 1.5 1.75 0.8,kita,0.0,4862.0
8090,we,SAMAL,kitam,k i t a m,1 7 1 7 4,AXBYN,KITAM,99.0,99.K.C 99.I.V 99.T.C 99.A.V 99.M.c,2.0 1.5 1.75 1.3 0.8,kitam,0.0,4862.0
8182,we,SAMBAL BOTOLAN,hitamo,h i t a m o,3 7 1 7 4 7,AXBYBZ,HITAMU,100.0,100.H.C 100.I.V 100.T.C 100.A.V 100.M.C 100.U.V,2.0 1.5 1.75 1.3 1.75 0.8,hitamo,0.0,4862.0
8274,we,SANGIL SARANGANI ISLANDS,ikame,i k a m e,7 1 7 4 7,XBYBZ,IKAME,101.0,101.I.V 101.K.C 101.A.V 101.M.C 101.E.V,1.5 1.75 1.3 1.75 0.8,ikame,0.0,4852.0
8366,we,SEDANG,pa,p a,1 7,AX,PA,102.0,102.P.C 102.A.V,2.0 1.5,pa,0.0,4903.0
8458,we,SIBUTU SOUTHERN SAMA,kita,k i t a,1 7 1 7,AXBZ,KITA,103.0,103.K.C 103.I.V 103.T.C 103.A.V,2.0 1.5 1.75 0.8,kita,0.0,4862.0
8550,we,SOGODNIN BORACAY,ikam,i k a m,7 1 7 4,XBYN,IKAM,105.0,105.I.V 105.K.C 105.A.V 105.M.c,1.5 1.75 1.3 0.8,ikam,0.0,4852.0
8642,we,SOUTH SAAMI,mijieh,m i j i e h,4 7 6 7 7 3,AXBYYN,MIJIEH,106.0,106.M.C 106.I.V 106.J.C 106.I.V 106.E.V 106.H.c,2.0 1.5 1.75 1.3 1.3 0.8,mijieh,0.0,4887.0
8734,we,SOUTHERN CATANDUANES,kita,k i t a,1 7 1 7,AXBZ,KITA,107.0,107.K.C 107.I.V 107.T.C 107.A.V,2.0 1.5 1.75 0.8,kita,0.0,4862.0
8826,we,SOUTHERN SORSOGON,kita,k i t a,1 7 1 7,AXBZ,KITA,109.0,109.K.C 109.I.V 109.T.C 109.A.V,2.0 1.5 1.75 0.8,kita,0.0,4862.0
8918,we,SOUTHWEST PALAWANO,kami,k a m i,1 7 4 7,AXBZ,KAMI,110.0,110.K.C 110.A.V 110.M.C 110.I.V,2.0 1.5 1.75 0.8,kami,0.0,4852.0
9010,we,SPANISH,nosotros,n o s o t r o s,4 7 3 7 1 5 7 3,AXBYBCYN,NUSUTRUS,111.0,111.N.C 111.U.V 111.S.C 111.U.V 111.T.C 111.R.C 111.U.V 111.S.c,2.0 1.5 1.75 1.3 1.75 1.5 1.3 0.8,nosotros,0.0,4910.0
9102,we,SUBANON SIOCON,ita,i t a,7 1 7,XBZ,ITA,112.0,112.I.V 112.T.C 112.A.V,1.5 1.75 0.8,ita,0.0,4862.0
9194,we,SUBANUN SINDANGAN,ita,i t a,7 1 7,XBZ,ITA,113.0,113.I.V 113.T.C 113.A.V,1.5 1.75 0.8,ita,0.0,4862.0
9286,we,SURIGAONON,kita,k i t a,1 7 1 7,AXBZ,KITA,114.0,114.K.C 114.I.V 114.T.C 114.A.V,2.0 1.5 1.75 0.8,kita,1.0,4862.0
9378,we,TAGABAWA,ki,k i,1 7,AX,KI,115.0,115.K.C 115.I.V,2.0 1.5,ki,0.0,4819.0
9470,we,TAGABILI,təkuj,t ə k u j,1 7 1 7 6,AXBYN,TEKYJ,116.0,116.T.C 116.E.V 116.K.C 116.Y.V 116.J.c,2.0 1.5 1.75 1.3 0.8,təkuj,0.0,4836.0
9562,we,TAGALOG,tajo,t a j o,1 7 6 7,AXBZ,TAJU,117.0,117.T.C 117.A.V 117.J.C 117.U.V,2.0 1.5 1.75 0.8,tajo,1.0,4890.0
9654,we,TAGBANWA ABORLAN,tami,t a m i,1 7 4 7,AXBZ,TAMI,118.0,118.T.C 118.A.V 118.M.C 118.I.V,2.0 1.5 1.75 0.8,tami,0.0,4862.0
9746,we,TAGBANWA KALAMIAN,ita,i t a,7 1 7,XBZ,ITA,119.0,119.I.V 119.T.C 119.A.V,1.5 1.75 0.8,ita,0.0,4862.0
9838,we,TAUSUG,kitaniuh,k i t a n i u h,1 7 1 7 4 7 7 3,AXBYBYYN,KITANIYH,120.0,120.K.C 120.I.V 120.T.C 120.A.V 120.N.C 120.I.V 120.Y.V 120.H.c,2.0 1.5 1.75 1.3 1.75 1.3 1.3 0.8,kitaniuh,0.0,4862.0
9930,we,TIMUGON MURUT,to,t o,1 7,AX,TU,121.0,121.T.C 121.U.V,2.0 1.5,to,0.0,4890.0
10022,we,TIRURAY,betom,b e t o m,1 7 1 7 4,AXBYN,PETUM,122.0,122.P.C 122.E.V 122.T.C 122.U.V 122.M.c,2.0 1.5 1.75 1.3 0.8,betom,0.0,4862.0
10114,we,TURKISH,biz,b i z,1 7 3,AXN,PIS,123.0,123.P.C 123.I.V 123.S.c,2.0 1.5 0.8,biz,0.0,4903.0
10298,we,UMIRAY DUMAGET AGTA,ikami,i k a m i,7 1 7 4 7,XBYBZ,IKAMI,125.0,125.I.V 125.K.C 125.A.V 125.M.C 125.I.V,1.5 1.75 1.3 1.75 0.8,ikami,0.0,4852.0
10390,we,WARAY WARAY,kita,k i t a,1 7 1 7,AXBZ,KITA,126.0,126.K.C 126.I.V 126.T.C 126.A.V,2.0 1.5 1.75 0.8,kita,1.0,4862.0
10482,we,YAKAN,kita,k i t a,1 7 1 7,AXBZ,KITA,127.0,127.K.C 127.I.V 127.T.C 127.A.V,2.0 1.5 1.75 0.8,kita,0.0,4862.0
10666,we,ZAMBOANGUENO,kita,k i t a,1 7 1 7,AXBZ,KITA,129.0,129.K.C 129.I.V 129.T.C 129.A.V,2.0 1.5 1.75 0.8,kita,0.0,4862.0
11218,we,HILIGAYNON,kita,k i t a,1 7 1 7,AXBZ,KITA,37.0,37.K.C 37.I.V 37.T.C 37.A.V,2.0 1.5 1.75 0.8,kita,1.0,4862.0
11310,we,INABAKNON,kamiʔ,k a m i ʔ,1 7 4 7 1,AXBYN,KAMIH,47.0,47.K.C 47.A.V 47.M.C 47.I.V 47.H.c,2.0 1.5 1.75 1.3 0.8,kamiʔ,0.0,4852.0
823,what,BASQUE,zer,z e r,3 7 5,AXN,SER,10.0,10.S.C 10.E.V 10.R.c,2.0 1.5 0.8,zer,0.0,4911.0
1467,what,BUKIDNON BINUKID,inu,i n u,7 4 7,XBZ,INY,18.0,18.I.V 18.N.C 18.Y.V,1.5 1.75 0.8,inu,0.0,4912.0
2295,what,ENGLISH,what,wh a t,6 7 1,AXN,WAT,28.0,28.W.C 28.A.V 28.T.c,2.0 1.5 0.8,what,0.0,4913.0
2479,what,ESTONIAN,mis,m i s,4 7 3,AXN,MIS,30.0,30.M.C 30.I.V 30.S.c,2.0 1.5 0.8,mis,0.0,4914.0
2571,what,FINNISH,mikE,m i k,4 7 1,AXN,MIK,32.0,32.M.C 32.I.V 32.K.c,2.0 1.5 0.8,mik,0.0,4914.0
2847,what,HANUNOO,hintaj,h i n t a j,3 7 4 1 7 6,AXMBYN,HINTAJ,35.0,35.H.C 35.I.V 35.N.c 35.T.C 35.A.V 35.J.c,2.0 1.5 1.1 1.75 1.3 0.8,hintaj,0.0,4916.0
2939,what,HIGAONON BINUKID,inu,i n u,7 4 7,XBZ,INY,36.0,36.I.V 36.N.C 36.Y.V,1.5 1.75 0.8,inu,0.0,4912.0
3031,what,HUNGARIAN,ami,a m i,7 4 7,XBZ,AMI,38.0,38.A.V 38.M.C 38.I.V,1.5 1.75 0.8,ami,0.0,4914.0
4319,what,JAPANESE,nan no,n a n # n o,4 7 4 9 4 7,AXN_AX,NAN_NU,54.0,54.N.C 54.A.V 54.N.c 54._._ 54.N.C 54.U.V,2.0 1.5 0.8 0.0 2.0 1.5,nan#no,0.0,4920.0
5055,what,KAPAMPANGAN,naŋ,n a ŋ,4 7 4,AXN,NAN,64.0,64.N.C 64.A.V 64.N.c,2.0 1.5 0.8,naŋ,0.0,4920.0
5239,what,KOREAN,oton,o t o n,7 1 7 4,XBYN,UTUN,66.0,66.U.V 66.T.C 66.U.V 66.N.c,1.5 1.75 1.3 0.8,oton,0.0,4922.0
6895,what,MOKSHA,mjezje,m j e z j e,4 6 7 3 6 7,ACXBCZ,MJESJE,86.0,86.M.C 86.J.C 86.E.V 86.S.C 86.J.C 86.E.V,2.0 1.5 1.5 1.75 1.5 0.8,mjezje,0.0,4923.0
8367,what,SEDANG,ki klai,k i # k l a i,1 7 9 1 5 7 7,AX_ACXZ,KI_KLAI,102.0,102.K.C 102.I.V 102._._ 102.K.C 102.L.C 102.A.V 102.I.V,2.0 1.5 0.0 2.0 1.5 1.5 0.8,ki#klai,0.0,4924.0
9011,what,SPANISH,ke,k e,1 7,AX,KE,111.0,111.K.C 111.E.V,2.0 1.5,ke,0.0,4925.0
9563,what,TAGALOG,ano,a n o,7 4 7,XBZ,ANU,117.0,117.A.V 117.N.C 117.U.V,1.5 1.75 0.8,ano,0.0,4912.0
10115,what,TURKISH,ne,n e,4 7,AX,NE,123.0,123.N.C 123.E.V,2.0 1.5,ne,0.0,4912.0
10759,what,IMOROD,ikoŋo,i k o ŋ o,7 1 7 4 7,XBYBZ,IKUNU,46.0,46.I.V 46.K.C 46.U.V 46.N.C 46.U.V,1.5 1.75 1.3 1.75 0.8,ikoŋo,0.0,4912.0
824,white,BASQUE,zuri,z u r i,3 7 5 7,AXBZ,SYRI,10.0,10.S.C 10.Y.V 10.R.C 10.I.V,2.0 1.5 1.75 0.8,zuri,0.0,4926.0
1468,white,BUKIDNON BINUKID,maputi,m a p u t i,4 7 1 7 1 7,AXBYBZ,MAPYTI,18.0,18.M.C 18.A.V 18.P.C 18.Y.V 18.T.C 18.I.V,2.0 1.5 1.75 1.3 1.75 0.8,maputi,0.0,4927.0
2296,white,ENGLISH,whEit,wh i t,6 7 1,AXN,WIT,28.0,28.W.C 28.I.V 28.T.c,2.0 1.5 0.8,whit,0.0,4928.0
2480,white,ESTONIAN,valge,v a l g e,3 7 5 1 7,AXMBZ,BALKE,30.0,30.B.C 30.A.V 30.L.c 30.K.C 30.E.V,2.0 1.5 1.1 1.75 0.8,valge,0.0,4929.0
2572,white,FINNISH,valkoinen,v a l k o i n e n,3 7 5 1 7 7 4 7 4,AXMBYYBYN,BALKUINEN,32.0,32.B.C 32.A.V 32.L.c 32.K.C 32.U.V 32.I.V 32.N.C 32.E.V 32.N.c,2.0 1.5 1.1 1.75 1.3 1.3 1.75 1.3 0.8,valkoinen,0.0,4929.0
2848,white,HANUNOO,abukaj,a b u k a j,7 1 7 1 7 6,XBYBYN,APYKAJ,35.0,35.A.V 35.P.C 35.Y.V 35.K.C 35.A.V 35.J.c,1.5 1.75 1.3 1.75 1.3 0.8,abukaj,0.0,4931.0
2940,white,HIGAONON BINUKID,maputi,m a p u t i,4 7 1 7 1 7,AXBYBZ,MAPYTI,36.0,36.M.C 36.A.V 36.P.C 36.Y.V 36.T.C 36.I.V,2.0 1.5 1.75 1.3 1.75 0.8,maputi,0.0,4927.0
3032,white,HUNGARIAN,feher,f e h e r,3 7 3 7 5,AXBYN,BEHER,38.0,38.B.C 38.E.V 38.H.C 38.E.V 38.R.c,2.0 1.5 1.75 1.3 0.8,feher,0.0,4933.0
4320,white,JAPANESE,Siroi,i r o i,7 5 7 7,XBYZ,IRUI,54.0,54.I.V 54.R.C 54.U.V 54.I.V,1.5 1.75 1.3 0.8,iroi,0.0,4926.0
5056,white,KAPAMPANGAN,maputiʔ,m a p u t i ʔ,4 7 1 7 1 7 1,AXBYBYN,MAPYTIH,64.0,64.M.C 64.A.V 64.P.C 64.Y.V 64.T.C 64.I.V 64.H.c,2.0 1.5 1.75 1.3 1.75 1.3 0.8,maputiʔ,0.0,4927.0
5240,white,KOREAN,huin,h u i n,3 7 7 4,AXYN,HYIN,66.0,66.H.C 66.Y.V 66.I.V 66.N.c,2.0 1.5 1.3 0.8,huin,0.0,4937.0
6896,white,MOKSHA,akSa,a k a,7 1 7,XBZ,AKA,86.0,86.A.V 86.K.C 86.A.V,1.5 1.75 0.8,aka,0.0,4931.0
8368,white,SEDANG,boŋ,b o ŋ,1 7 4,AXN,PUN,102.0,102.P.C 102.U.V 102.N.c,2.0 1.5 0.8,boŋ,0.0,4934.0
9012,white,SPANISH,blanko,b l a n k o,1 5 7 4 1 7,ACXMBZ,PLANKU,111.0,111.P.C 111.L.C 111.A.V 111.N.c 111.K.C 111.U.V,2.0 1.5 1.5 1.1 1.75 0.8,blanko,0.0,4940.0
9564,white,TAGALOG,puti,p u t i,1 7 1 7,AXBZ,PYTI,117.0,117.P.C 117.Y.V 117.T.C 117.I.V,2.0 1.5 1.75 0.8,puti,0.0,4927.0
10116,white,TURKISH,bejaz,b e j a z,1 7 6 7 3,AXBYN,PEJAS,123.0,123.P.C 123.E.V 123.J.C 123.A.V 123.S.c,2.0 1.5 1.75 1.3 0.8,bejaz,0.0,4942.0
10760,white,IMOROD,lavaŋ,l a v a ŋ,5 7 3 7 4,AXBYN,LABAN,46.0,46.L.C 46.A.V 46.B.C 46.A.V 46.N.c,2.0 1.5 1.75 1.3 0.8,lavaŋ,0.0,4934.0
825,who,BASQUE,nork,n o r k,4 7 5 1,AXLN,NURK,10.0,10.N.C 10.U.V 10.R.c 10.K.c,2.0 1.5 1.1 0.8,nork,0.0,4943.0
1469,who,BUKIDNON BINUKID,sinʔu,s i n ʔ u,3 7 4 1 7,AXMBZ,SINHY,18.0,18.S.C 18.I.V 18.N.c 18.H.C 18.Y.V,2.0 1.5 1.1 1.75 0.8,sinʔu,0.0,4944.0
2297,who,ENGLISH,hu,h u,3 7,AX,HY,28.0,28.H.C 28.Y.V,2.0 1.5,hu,0.0,4945.0
2481,who,ESTONIAN,kes,k e s,1 7 3,AXN,KES,30.0,30.K.C 30.E.V 30.S.c,2.0 1.5 0.8,kes,0.0,4946.0
2573,who,FINNISH,kuka,k u k a,1 7 1 7,AXBZ,KYKA,32.0,32.K.C 32.Y.V 32.K.C 32.A.V,2.0 1.5 1.75 0.8,kuka,0.0,4947.0
2849,who,HANUNOO,sintaj,s i n t a j,3 7 4 1 7 6,AXMBYN,SINTAJ,35.0,35.S.C 35.I.V 35.N.c 35.T.C 35.A.V 35.J.c,2.0 1.5 1.1 1.75 1.3 0.8,sintaj,0.0,4944.0
2941,who,HIGAONON BINUKID,sinʔu,s i n ʔ u,3 7 4 1 7,AXMBZ,SINHY,36.0,36.S.C 36.I.V 36.N.c 36.H.C 36.Y.V,2.0 1.5 1.1 1.75 0.8,sinʔu,0.0,4944.0
3033,who,HUNGARIAN,aki,a k i,7 1 7,XBZ,AKI,38.0,38.A.V 38.K.C 38.I.V,1.5 1.75 0.8,aki,0.0,4947.0
4321,who,JAPANESE,tare,t a r e,1 7 5 7,AXBZ,TARE,54.0,54.T.C 54.A.V 54.R.C 54.E.V,2.0 1.5 1.75 0.8,tare,0.0,4952.0
5057,who,KAPAMPANGAN,ninu,n i n u,4 7 4 7,AXBZ,NINY,64.0,64.N.C 64.I.V 64.N.C 64.Y.V,2.0 1.5 1.75 0.8,ninu,0.0,4953.0
5241,who,KOREAN,nuga,n u g a,4 7 1 7,AXBZ,NYKA,66.0,66.N.C 66.Y.V 66.K.C 66.A.V,2.0 1.5 1.75 0.8,nuga,0.0,4947.0
6897,who,MOKSHA,kije,k i j e,1 7 6 7,AXBZ,KIJE,86.0,86.K.C 86.I.V 86.J.C 86.E.V,2.0 1.5 1.75 0.8,kije,0.0,4955.0
8369,who,SEDANG,kobo,k o b o,1 7 1 7,AXBZ,KUPU,102.0,102.K.C 102.U.V 102.P.C 102.U.V,2.0 1.5 1.75 0.8,kobo,0.0,4955.0
9013,who,SPANISH,kien,k i e n,1 7 7 4,AXYN,KIEN,111.0,111.K.C 111.I.V 111.E.V 111.N.c,2.0 1.5 1.3 0.8,kien,0.0,4957.0
9565,who,TAGALOG,sino,s i n o,3 7 4 7,AXBZ,SINU,117.0,117.S.C 117.I.V 117.N.C 117.U.V,2.0 1.5 1.75 0.8,sino,0.0,4944.0
10117,who,TURKISH,kim,k i m,1 7 4,AXN,KIM,123.0,123.K.C 123.I.V 123.M.c,2.0 1.5 0.8,kim,0.0,4946.0
10761,who,IMOROD,sino,s i n o,3 7 4 7,AXBZ,SINU,46.0,46.S.C 46.I.V 46.N.C 46.U.V,2.0 1.5 1.75 0.8,sino,0.0,4944.0
826,woman,BASQUE,andre,a n d r e,7 4 1 5 7,XMBCZ,ANTRE,10.0,10.A.V 10.N.c 10.T.C 10.R.C 10.E.V,1.5 1.1 1.75 1.5 0.8,andre,0.0,4958.0
1470,woman,BUKIDNON BINUKID,bahi,b a h i,1 7 3 7,AXBZ,PAHI,18.0,18.P.C 18.A.V 18.H.C 18.I.V,2.0 1.5 1.75 0.8,bahi,0.0,4959.0
2298,woman,ENGLISH,wumən,w u m ə n,6 7 4 7 4,AXBYN,WYMEN,28.0,28.W.C 28.Y.V 28.M.C 28.E.V 28.N.c,2.0 1.5 1.75 1.3 0.8,wumən,0.0,4960.0
2482,woman,ESTONIAN,naine,n a i n e,4 7 7 4 7,AXYBZ,NAINE,30.0,30.N.C 30.A.V 30.I.V 30.N.C 30.E.V,2.0 1.5 1.3 1.75 0.8,naine,0.0,4961.0
2574,woman,FINNISH,nainen,n a i n e n,4 7 7 4 7 4,AXYBYN,NAINEN,32.0,32.N.C 32.A.V 32.I.V 32.N.C 32.E.V 32.N.c,2.0 1.5 1.3 1.75 1.3 0.8,nainen,0.0,4961.0
2850,woman,HANUNOO,babaji,b a b a j i,1 7 1 7 6 7,AXBYBZ,PAPAJI,35.0,35.P.C 35.A.V 35.P.C 35.A.V 35.J.C 35.I.V,2.0 1.5 1.75 1.3 1.75 0.8,babaji,0.0,4963.0
2942,woman,HIGAONON BINUKID,bahi,b a h i,1 7 3 7,AXBZ,PAHI,36.0,36.P.C 36.A.V 36.H.C 36.I.V,2.0 1.5 1.75 0.8,bahi,0.0,4959.0
3034,woman,HUNGARIAN,ni,n i,4 7,AX,NI,38.0,38.N.C 38.I.V,2.0 1.5,ni,0.0,4965.0
4322,woman,JAPANESE,onna,o nn a,7 4 7,XBZ,UNA,54.0,54.U.V 54.N.C 54.A.V,1.5 1.75 0.8,onna,0.0,4965.0
5058,woman,KAPAMPANGAN,babai,b a b a i,1 7 1 7 7,AXBYZ,PAPAI,64.0,64.P.C 64.A.V 64.P.C 64.A.V 64.I.V,2.0 1.5 1.75 1.3 0.8,babai,0.0,4963.0
5242,woman,KOREAN,jodʒa,j o dʒ a,6 7 1 7,AXBZ,JUTA,66.0,66.J.C 66.U.V 66.T.C 66.A.V,2.0 1.5 1.75 0.8,jodʒa,0.0,4969.0
6898,woman,MOKSHA,ava,a v a,7 3 7,XBZ,ABA,86.0,86.A.V 86.B.C 86.A.V,1.5 1.75 0.8,ava,0.0,4970.0
8370,woman,SEDANG,kodrai,k o d r a i,1 7 1 5 7 7,AXBCYZ,KUTRAI,102.0,102.K.C 102.U.V 102.T.C 102.R.C 102.A.V 102.I.V,2.0 1.5 1.75 1.5 1.3 0.8,kodrai,0.0,4958.0
9014,woman,SPANISH,muher,m u h e r,4 7 3 7 5,AXBYN,MYHER,111.0,111.M.C 111.Y.V 111.H.C 111.E.V 111.R.c,2.0 1.5 1.75 1.3 0.8,muher,0.0,4972.0
9566,woman,TAGALOG,babae,b a b a e,1 7 1 7 7,AXBYZ,PAPAE,117.0,117.P.C 117.A.V 117.P.C 117.A.V 117.E.V,2.0 1.5 1.75 1.3 0.8,babae,0.0,4963.0
10118,woman,TURKISH,kadən,k a d ə n,1 7 1 7 4,AXBYN,KATEN,123.0,123.K.C 123.A.V 123.T.C 123.E.V 123.N.c,2.0 1.5 1.75 1.3 0.8,kadən,0.0,4974.0
10762,woman,IMOROD,mavakes,m a v a k e s,4 7 3 7 1 7 3,AXBYBYN,MABAKES,46.0,46.M.C 46.A.V 46.B.C 46.A.V 46.K.C 46.E.V 46.S.c,2.0 1.5 1.75 1.3 1.75 1.3 0.8,mavakes,0.0,4966.0
827,yellow,BASQUE,hori,h o r i,3 7 5 7,AXBZ,HURI,10.0,10.H.C 10.U.V 10.R.C 10.I.V,2.0 1.5 1.75 0.8,hori,1.0,4975.0
1471,yellow,BUKIDNON BINUKID,makalawag,m a k a l a w a g,4 7 1 7 5 7 6 7 1,AXBYBYBYN,MAKALAWAK,18.0,18.M.C 18.A.V 18.K.C 18.A.V 18.L.C 18.A.V 18.W.C 18.A.V 18.K.c,2.0 1.5 1.75 1.3 1.75 1.3 1.75 1.3 0.8,makalawag,0.0,4976.0
2299,yellow,ENGLISH,jElo,j l o,6 5 7,ACZ,JLU,28.0,28.J.C 28.L.C 28.U.V,2.0 1.5 0.8,jlo,0.0,4977.0
2483,yellow,ESTONIAN,kollane,k o ll a n e,1 7 5 7 4 7,AXBYBZ,KULANE,30.0,30.K.C 30.U.V 30.L.C 30.A.V 30.N.C 30.E.V,2.0 1.5 1.75 1.3 1.75 0.8,kollane,0.0,4978.0
2575,yellow,FINNISH,keltainen,k e l t a i n e n,1 7 5 1 7 7 4 7 4,AXMBYYBYN,KELTAINEN,32.0,32.K.C 32.E.V 32.L.c 32.T.C 32.A.V 32.I.V 32.N.C 32.E.V 32.N.c,2.0 1.5 1.1 1.75 1.3 1.3 1.75 1.3 0.8,keltainen,0.0,4978.0
2851,yellow,HANUNOO,dilaw,d i l a w,1 7 5 7 6,AXBYN,TILAW,35.0,35.T.C 35.I.V 35.L.C 35.A.V 35.W.c,2.0 1.5 1.75 1.3 0.8,dilaw,0.0,4980.0
2943,yellow,HIGAONON BINUKID,makalawag,m a k a l a w a g,4 7 1 7 5 7 6 7 1,AXBYBYBYN,MAKALAWAK,36.0,36.M.C 36.A.V 36.K.C 36.A.V 36.L.C 36.A.V 36.W.C 36.A.V 36.K.c,2.0 1.5 1.75 1.3 1.75 1.3 1.75 1.3 0.8,makalawag,0.0,4976.0
3035,yellow,HUNGARIAN,sarga,s a r g a,3 7 5 1 7,AXMBZ,SARKA,38.0,38.S.C 38.A.V 38.R.c 38.K.C 38.A.V,2.0 1.5 1.1 1.75 0.8,sarga,0.0,4975.0
4323,yellow,JAPANESE,kiro,k i r o,1 7 5 7,AXBZ,KIRU,54.0,54.K.C 54.I.V 54.R.C 54.U.V,2.0 1.5 1.75 0.8,kiro,0.0,4984.0
5059,yellow,KAPAMPANGAN,dilo,d i l o,1 7 5 7,AXBZ,TILU,64.0,64.T.C 64.I.V 64.L.C 64.U.V,2.0 1.5 1.75 0.8,dilo,0.0,4980.0
5243,yellow,KOREAN,nurun,n u r u n,4 7 5 7 4,AXBYN,NYRYN,66.0,66.N.C 66.Y.V 66.R.C 66.Y.V 66.N.c,2.0 1.5 1.75 1.3 0.8,nurun,0.0,4986.0
6899,yellow,MOKSHA,tjuZa,t j u a,1 6 7 7,ACXZ,TJYA,86.0,86.T.C 86.J.C 86.Y.V 86.A.V,2.0 1.5 1.5 0.8,tjua,0.0,4987.0
8371,yellow,SEDANG,triŋ,t r i ŋ,1 5 7 4,ACXN,TRIN,102.0,102.T.C 102.R.C 102.I.V 102.N.c,2.0 1.5 1.5 0.8,triŋ,0.0,4988.0
9015,yellow,SPANISH,amarijo,a m a r i j o,7 4 7 5 7 6 7,XBYBYBZ,AMARIJU,111.0,111.A.V 111.M.C 111.A.V 111.R.C 111.I.V 111.J.C 111.U.V,1.5 1.75 1.3 1.75 1.3 1.75 0.8,amarijo,0.0,4983.0
9567,yellow,TAGALOG,dilaw,d i l a w,1 7 5 7 6,AXBYN,TILAW,117.0,117.T.C 117.I.V 117.L.C 117.A.V 117.W.c,2.0 1.5 1.75 1.3 0.8,dilaw,0.0,4980.0
10119,yellow,TURKISH,sarə,s a r ə,3 7 5 7,AXBZ,SARE,123.0,123.S.C 123.A.V 123.R.C 123.E.V,2.0 1.5 1.75 0.8,sarə,0.0,4975.0
10763,yellow,IMOROD,araj,a r a j,7 5 7 6,XBYN,ARAJ,46.0,46.A.V 46.R.C 46.A.V 46.J.c,1.5 1.75 1.3 0.8,araj,0.0,4983.0
92,you,AGTA,iko,i k o,7 1 7,XBZ,IKU,1.0,1.I.V 1.K.C 1.U.V,1.5 1.75 0.8,iko,0.0,5051.0
184,you,AKLANON,ikaw,i k a w,7 1 7 6,XBYN,IKAW,2.0,2.I.V 2.K.C 2.A.V 2.W.c,1.5 1.75 1.3 0.8,ikaw,0.0,5051.0
276,you,ARTA,taw,t a w,1 7 6,AXN,TAW,3.0,3.T.C 3.A.V 3.W.c,2.0 1.5 0.8,taw,0.0,4991.0
368,you,ATTA PAMPLONA,sikaw,s i k a w,3 7 1 7 6,AXBYN,SIKAW,4.0,4.S.C 4.I.V 4.K.C 4.A.V 4.W.c,2.0 1.5 1.75 1.3 0.8,sikaw,0.0,5051.0
460,you,BAJAU WEST COAST,kau,k a u,1 7 7,AXZ,KAY,6.0,6.K.C 6.A.V 6.Y.V,2.0 1.5 0.8,kau,0.0,4993.0
552,you,BALANGAW,heʔa,h e ʔ a,3 7 1 7,AXBZ,HEHA,7.0,7.H.C 7.E.V 7.H.C 7.A.V,2.0 1.5 1.75 0.8,heʔa,0.0,4994.0
644,you,BALANGINGI SAMA,kaʔa,k a ʔ a,1 7 1 7,AXBZ,KAHA,8.0,8.K.C 8.A.V 8.H.C 8.A.V,2.0 1.5 1.75 0.8,kaʔa,0.0,4993.0
736,you,BANTON BANTOANON,ikaw,i k a w,7 1 7 6,XBYN,IKAW,9.0,9.I.V 9.K.C 9.A.V 9.W.c,1.5 1.75 1.3 0.8,ikaw,0.0,5051.0
828,you,BASQUE,zuek,z u e k,3 7 7 1,AXYN,SYEK,10.0,10.S.C 10.Y.V 10.E.V 10.K.c,2.0 1.5 1.3 0.8,zuek,0.0,4997.0
920,you,BATAK PALAWAN,ikaw,i k a w,7 1 7 6,XBYN,IKAW,11.0,11.I.V 11.K.C 11.A.V 11.W.c,1.5 1.75 1.3 0.8,ikaw,0.0,5051.0
1012,you,BILAAN KORONADAL,gə,g ə,1 7,AX,KE,12.0,12.K.C 12.E.V,2.0 1.5,gə,0.0,4993.0
1104,you,BILAAN SARANGANI,gə,g ə,1 7,AX,KE,13.0,13.K.C 13.E.V,2.0 1.5,gə,0.0,4993.0
1288,you,BONTOC GUINAANG,sikʔa,s i k ʔ a,3 7 1 1 7,AXMBZ,SIKHA,16.0,16.S.C 16.I.V 16.K.c 16.H.C 16.A.V,2.0 1.5 1.1 1.75 0.8,sikʔa,0.0,4994.0
1380,you,BUHI,kamu,k a m u,1 7 4 7,AXBZ,KAMY,17.0,17.K.C 17.A.V 17.M.C 17.Y.V,2.0 1.5 1.75 0.8,kamu,0.0,4993.0
1472,you,BUKIDNON BINUKID,jaŋka,j a ŋ k a,6 7 4 1 7,AXMBZ,JANKA,18.0,18.J.C 18.A.V 18.N.c 18.K.C 18.A.V,2.0 1.5 1.1 1.75 0.8,jaŋka,0.0,5003.0
1564,you,BUTUANON,ikaw,i k a w,7 1 7 6,XBYN,IKAW,19.0,19.I.V 19.K.C 19.A.V 19.W.c,1.5 1.75 1.3 0.8,ikaw,0.0,5051.0
1656,you,CAIJIA,nu,n u,4 7,AX,NY,20.0,20.N.C 20.Y.V,2.0 1.5,nu,0.0,5005.0
1748,you,CEBUANO,ikaw,i k a w,7 1 7 6,XBYN,IKAW,22.0,22.I.V 22.K.C 22.A.V 22.W.c,1.5 1.75 1.3 0.8,ikaw,0.0,5051.0
1840,you,CENTRAL TAGBANWA,ka,k a,1 7,AX,KA,23.0,23.K.C 23.A.V,2.0 1.5,ka,0.0,4993.0
1932,you,CUYONON,ikaw,i k a w,7 1 7 6,XBYN,IKAW,24.0,24.I.V 24.K.C 24.A.V 24.W.c,1.5 1.75 1.3 0.8,ikaw,0.0,5051.0
2024,you,DARAGA,kamu,k a m u,1 7 4 7,AXBZ,KAMY,25.0,25.K.C 25.A.V 25.M.C 25.Y.V,2.0 1.5 1.75 0.8,kamu,0.0,4993.0
2116,you,DUMAGAT CASIGURAN,siko,s i k o,3 7 1 7,AXBZ,SIKU,26.0,26.S.C 26.I.V 26.K.C 26.U.V,2.0 1.5 1.75 0.8,siko,0.0,5051.0
2208,you,DUPANINGAN AGTA,hikaw,h i k a w,3 7 1 7 6,AXBYN,HIKAW,27.0,27.H.C 27.I.V 27.K.C 27.A.V 27.W.c,2.0 1.5 1.75 1.3 0.8,hikaw,0.0,5051.0
2300,you,ENGLISH,ju,j u,6 7,AX,JY,28.0,28.J.C 28.Y.V,2.0 1.5,ju,0.0,5012.0
2392,you,ESKAYAN,samo,s a m o,3 7 4 7,AXBZ,SAMU,29.0,29.S.C 29.A.V 29.M.C 29.U.V,2.0 1.5 1.75 0.8,samo,0.0,4993.0
2484,you,ESTONIAN,sina,s i n a,3 7 4 7,AXBZ,SINA,30.0,30.S.C 30.I.V 30.N.C 30.A.V,2.0 1.5 1.75 0.8,sina,0.0,5052.0
2576,you,FINNISH,sinE,s i n,3 7 4,AXN,SIN,32.0,32.S.C 32.I.V 32.N.c,2.0 1.5 0.8,sin,0.0,5052.0
2668,you,FUZHOU CHINESE,ne,n e,4 7,AX,NE,33.0,33.N.C 33.E.V,2.0 1.5,ne,0.0,5005.0
2760,you,GADDANG,ikka,i kk a,7 1 7,XBZ,IKA,34.0,34.I.V 34.K.C 34.A.V,1.5 1.75 0.8,ikka,0.0,5051.0
2852,you,HANUNOO,kawu,k a w u,1 7 6 7,AXBZ,KAWY,35.0,35.K.C 35.A.V 35.W.C 35.Y.V,2.0 1.5 1.75 0.8,kawu,0.0,5051.0
2944,you,HIGAONON BINUKID,jaŋka,j a ŋ k a,6 7 4 1 7,AXMBZ,JANKA,36.0,36.J.C 36.A.V 36.N.c 36.K.C 36.A.V,2.0 1.5 1.1 1.75 0.8,jaŋka,0.0,5003.0
3036,you,HUNGARIAN,te,t e,1 7,AX,TE,38.0,38.T.C 38.E.V,2.0 1.5,te,0.0,4991.0
3128,you,IBANAG,sikaw,s i k a w,3 7 1 7 6,AXBYN,SIKAW,39.0,39.S.C 39.I.V 39.K.C 39.A.V 39.W.c,2.0 1.5 1.75 1.3 0.8,sikaw,0.0,5051.0
3220,you,IDAAN,ikaw,i k a w,7 1 7 6,XBYN,IKAW,40.0,40.I.V 40.K.C 40.A.V 40.W.c,1.5 1.75 1.3 0.8,ikaw,0.0,5051.0
3312,you,IFUGAO AMGANAD,heʔʔa,h e a,3 7 7,AXZ,HEA,41.0,41.H.C 41.E.V 41.A.V,2.0 1.5 0.8,hea,0.0,5024.0
3404,you,IFUGAO BATAD,heʔʔa,h e a,3 7 7,AXZ,HEA,42.0,42.H.C 42.E.V 42.A.V,2.0 1.5 0.8,hea,0.0,5024.0
3496,you,IFUGAO BAYNINAN,heʔʔa,h e a,3 7 7,AXZ,HEA,43.0,43.H.C 43.E.V 43.A.V,2.0 1.5 0.8,hea,0.0,5024.0
3588,you,ILOKANO,sika,s i k a,3 7 1 7,AXBZ,SIKA,44.0,44.S.C 44.I.V 44.K.C 44.A.V,2.0 1.5 1.75 0.8,sika,0.0,5051.0
3680,you,ILONGOT KAKIDUGEN,sika,s i k a,3 7 1 7,AXBZ,SIKA,45.0,45.S.C 45.I.V 45.K.C 45.A.V,2.0 1.5 1.75 0.8,sika,0.0,5051.0
3772,you,INIBALOI,siʔkam,s i ʔ k a m,3 7 1 1 7 4,AXMBYN,SIHKAM,48.0,48.S.C 48.I.V 48.H.c 48.K.C 48.A.V 48.M.c,2.0 1.5 1.1 1.75 1.3 0.8,siʔkam,0.0,5029.0
3864,you,IRANUN,ta,t a,1 7,AX,TA,49.0,49.T.C 49.A.V,2.0 1.5,ta,0.0,4991.0
3956,you,IRIGA,kamu,k a m u,1 7 4 7,AXBZ,KAMY,50.0,50.K.C 50.A.V 50.M.C 50.Y.V,2.0 1.5 1.75 0.8,kamu,0.0,4993.0
4048,you,ISNAG,ikaw,i k a w,7 1 7 6,XBYN,IKAW,51.0,51.I.V 51.K.C 51.A.V 51.W.c,1.5 1.75 1.3 0.8,ikaw,0.0,5051.0
4140,you,ITAWIT,ikEw,i k,7 1,XN,IK,52.0,52.I.V 52.K.c,1.5 0.8,ik,0.0,4997.0
4232,you,ITNEG BINONGAN,dika,d i k a,1 7 1 7,AXBZ,TIKA,53.0,53.T.C 53.I.V 53.K.C 53.A.V,2.0 1.5 1.75 0.8,dika,0.0,5051.0
4324,you,JAPANESE,anata,a n a t a,7 4 7 1 7,XBYBZ,ANATA,54.0,54.A.V 54.N.C 54.A.V 54.T.C 54.A.V,1.5 1.75 1.3 1.75 0.8,anata,0.0,5035.0
4416,you,KADAZAN,ko,k o,1 7,AX,KU,55.0,55.K.C 55.U.V,2.0 1.5,ko,0.0,4993.0
4508,you,KAGAYANEN,ka,k a,1 7,AX,KA,56.0,56.K.C 56.A.V,2.0 1.5,ka,0.0,4993.0
4600,you,KALAGAN,ikaw,i k a w,7 1 7 6,XBYN,IKAW,57.0,57.I.V 57.K.C 57.A.V 57.W.c,1.5 1.75 1.3 0.8,ikaw,0.0,5051.0
4692,you,KALINGA GUINAANG,siʔa,s i ʔ a,3 7 1 7,AXBZ,SIHA,59.0,59.S.C 59.I.V 59.H.C 59.A.V,2.0 1.5 1.75 0.8,siʔa,0.0,4994.0
4784,you,KALINGA LIMOS,sika,s i k a,3 7 1 7,AXBZ,SIKA,60.0,60.S.C 60.I.V 60.K.C 60.A.V,2.0 1.5 1.75 0.8,sika,0.0,5051.0
4876,you,KALLAHAN KAYAPA PROPER,hiʔgam,h i ʔ g a m,3 7 1 1 7 4,AXMBYN,HIHKAM,61.0,61.H.C 61.I.V 61.H.c 61.K.C 61.A.V 61.M.c,2.0 1.5 1.1 1.75 1.3 0.8,hiʔgam,0.0,5029.0
4968,you,KANKANAY NORTHERN,sikʔa,s i k ʔ a,3 7 1 1 7,AXMBZ,SIKHA,63.0,63.S.C 63.I.V 63.K.c 63.H.C 63.A.V,2.0 1.5 1.1 1.75 0.8,sikʔa,0.0,4994.0
5060,you,KAPAMPANGAN,ika,i k a,7 1 7,XBZ,IKA,64.0,64.I.V 64.K.C 64.A.V,1.5 1.75 0.8,ika,0.0,5051.0
5152,you,KINARAY A,ikaw,i k a w,7 1 7 6,XBYN,IKAW,65.0,65.I.V 65.K.C 65.A.V 65.W.c,1.5 1.75 1.3 0.8,ikaw,0.0,5051.0
5244,you,KOREAN,taŋsin,t a ŋs i n,1 7 4 7 4,AXBYN,TANIN,66.0,66.T.C 66.A.V 66.N.C 66.I.V 66.N.c,2.0 1.5 1.75 1.3 0.8,taŋsin,0.0,5045.0
5336,you,LEGAZPI,kamu,k a m u,1 7 4 7,AXBZ,KAMY,67.0,67.K.C 67.A.V 67.M.C 67.Y.V,2.0 1.5 1.75 0.8,kamu,0.0,4993.0
5428,you,LIBON,kamu,k a m u,1 7 4 7,AXBZ,KAMY,68.0,68.K.C 68.A.V 68.M.C 68.Y.V,2.0 1.5 1.75 0.8,kamu,0.0,4993.0
5520,you,LIVE,sinasa,s i n a s a,3 7 4 7 3 7,AXBYBZ,SINASA,69.0,69.S.C 69.I.V 69.N.C 69.A.V 69.S.C 69.A.V,2.0 1.5 1.75 1.3 1.75 0.8,sinasa,0.0,5052.0
5612,you,MAMANWA,iko,i k o,7 1 7,XBZ,IKU,70.0,70.I.V 70.K.C 70.U.V,1.5 1.75 0.8,iko,0.0,5051.0
5704,you,MANIDE,hika,h i k a,3 7 1 7,AXBZ,HIKA,73.0,73.H.C 73.I.V 73.K.C 73.A.V,2.0 1.5 1.75 0.8,hika,0.0,5051.0
5796,you,MANOBO ATA,sikojkow,s i k o j k o w,3 7 1 7 6 1 7 6,AXBYMBYN,SIKUJKUW,74.0,74.S.C 74.I.V 74.K.C 74.U.V 74.J.c 74.K.C 74.U.V 74.W.c,2.0 1.5 1.75 1.3 1.1 1.75 1.3 0.8,sikojkow,0.0,5051.0
5888,you,MANOBO DIBABAWON,sikuna,s i k u n a,3 7 1 7 4 7,AXBYBZ,SIKYNA,75.0,75.S.C 75.I.V 75.K.C 75.Y.V 75.N.C 75.A.V,2.0 1.5 1.75 1.3 1.75 0.8,sikuna,0.0,5052.0
5980,you,MANOBO ILIANEN,sikuna,s i k u n a,3 7 1 7 4 7,AXBYBZ,SIKYNA,76.0,76.S.C 76.I.V 76.K.C 76.Y.V 76.N.C 76.A.V,2.0 1.5 1.75 1.3 1.75 0.8,sikuna,0.0,5052.0
6072,you,MANOBO KALAMANSIG COTABATO,kuna,k u n a,1 7 4 7,AXBZ,KYNA,77.0,77.K.C 77.Y.V 77.N.C 77.A.V,2.0 1.5 1.75 0.8,kuna,0.0,5052.0
6164,you,MANOBO SARANGANI,sikona,s i k o n a,3 7 1 7 4 7,AXBYBZ,SIKUNA,78.0,78.S.C 78.I.V 78.K.C 78.U.V 78.N.C 78.A.V,2.0 1.5 1.75 1.3 1.75 0.8,sikona,0.0,5052.0
6256,you,MANOBO TIGWA,sikəikəw,s i k ə i k ə w,3 7 1 7 7 1 7 6,AXBYYBYN,SIKEIKEW,79.0,79.S.C 79.I.V 79.K.C 79.E.V 79.I.V 79.K.C 79.E.V 79.W.c,2.0 1.5 1.75 1.3 1.3 1.75 1.3 0.8,sikəikəw,0.0,5051.0
6348,you,MANOBO WESTERN BUKIDNON,sikəw,s i k ə w,3 7 1 7 6,AXBYN,SIKEW,80.0,80.S.C 80.I.V 80.K.C 80.E.V 80.W.c,2.0 1.5 1.75 1.3 0.8,sikəw,0.0,5051.0
6440,you,MANSAKA,ikaw,i k a w,7 1 7 6,XBYN,IKAW,81.0,81.I.V 81.K.C 81.A.V 81.W.c,1.5 1.75 1.3 0.8,ikaw,0.0,5051.0
6532,you,MAPUN,ko,k o,1 7,AX,KU,82.0,82.K.C 82.U.V,2.0 1.5,ko,0.0,4993.0
6624,you,MARANAO,ka,k a,1 7,AX,KA,83.0,83.K.C 83.A.V,2.0 1.5,ka,0.0,4993.0
6716,you,MASBATENYO,ikaw,i k a w,7 1 7 6,XBYN,IKAW,84.0,84.I.V 84.K.C 84.A.V 84.W.c,1.5 1.75 1.3 0.8,ikaw,0.0,5051.0
6808,you,MINANGALI LOWER TANUDAN KALINGA,sika,s i k a,3 7 1 7,AXBZ,SIKA,85.0,85.S.C 85.I.V 85.K.C 85.A.V,2.0 1.5 1.75 0.8,sika,0.0,5051.0
6900,you,MOKSHA,ton,t o n,1 7 4,AXN,TUN,86.0,86.T.C 86.U.V 86.N.c,2.0 1.5 0.8,ton,0.0,5045.0
6992,you,MOLBOG,ko,k o,1 7,AX,KU,87.0,87.K.C 87.U.V,2.0 1.5,ko,0.0,4993.0
7084,you,MONGOLIAN,Chi,i,7,X,I,88.0,88.I.V,1.5,i,0.0,5065.0
7176,you,MORO MAGINDANAU,ka,k a,1 7,AX,KA,89.0,89.K.C 89.A.V,2.0 1.5,ka,0.0,4993.0
7268,you,NORTHERN CATANDUANES,kamu,k a m u,1 7 4 7,AXBZ,KAMY,90.0,90.K.C 90.A.V 90.M.C 90.Y.V,2.0 1.5 1.75 0.8,kamu,0.0,4993.0
7360,you,NORTHERN SORSOGON,kamu,k a m u,1 7 4 7,AXBZ,KAMY,91.0,91.K.C 91.A.V 91.M.C 91.Y.V,2.0 1.5 1.75 0.8,kamu,0.0,4993.0
7452,you,OAS,kamu,k a m u,1 7 4 7,AXBZ,KAMY,92.0,92.K.C 92.A.V 92.M.C 92.Y.V,2.0 1.5 1.75 0.8,kamu,0.0,4993.0
7544,you,PALAWANO BATAK,ikaw,i k a w,7 1 7 6,XBYN,IKAW,93.0,93.I.V 93.K.C 93.A.V 93.W.c,1.5 1.75 1.3 0.8,ikaw,0.0,5051.0
7636,you,PANGASINAN,sika,s i k a,3 7 1 7,AXBZ,SIKA,94.0,94.S.C 94.I.V 94.K.C 94.A.V,2.0 1.5 1.75 0.8,sika,0.0,5051.0
7728,you,PANGUTARAN SAMA,kaʔu,k a ʔ u,1 7 1 7,AXBZ,KAHY,95.0,95.K.C 95.A.V 95.H.C 95.Y.V,2.0 1.5 1.75 0.8,kaʔu,0.0,4993.0
7820,you,PROTO PALAWAN,ka,k a,1 7,AX,KA,96.0,96.K.C 96.A.V,2.0 1.5,ka,0.0,4993.0
7912,you,QUEZON PALAWAN,kə,k ə,1 7,AX,KE,97.0,97.K.C 97.E.V,2.0 1.5,kə,0.0,4993.0
8004,you,ROMBLOMANON 2,ʔikaw,ʔ i k a w,1 7 1 7 6,AXBYN,HIKAW,98.0,98.H.C 98.I.V 98.K.C 98.A.V 98.W.c,2.0 1.5 1.75 1.3 0.8,ʔikaw,0.0,5051.0
8096,you,SAMAL,kaʔa,k a ʔ a,1 7 1 7,AXBZ,KAHA,99.0,99.K.C 99.A.V 99.H.C 99.A.V,2.0 1.5 1.75 0.8,kaʔa,0.0,4993.0
8188,you,SAMBAL BOTOLAN,hika,h i k a,3 7 1 7,AXBZ,HIKA,100.0,100.H.C 100.I.V 100.K.C 100.A.V,2.0 1.5 1.75 0.8,hika,0.0,5051.0
8280,you,SANGIL SARANGANI ISLANDS,ikaw,i k a w,7 1 7 6,XBYN,IKAW,101.0,101.I.V 101.K.C 101.A.V 101.W.c,1.5 1.75 1.3 0.8,ikaw,0.0,5051.0
8372,you,SEDANG,eh,e h,7 3,XN,EH,102.0,102.E.V 102.H.c,1.5 0.8,eh,0.0,5079.0
8464,you,SIBUTU SOUTHERN SAMA,kow,k o w,1 7 6,AXN,KUW,103.0,103.K.C 103.U.V 103.W.c,2.0 1.5 0.8,kow,0.0,5051.0
8648,you,SOUTH SAAMI,datnə,d a t n ə,1 7 1 4 7,AXBCZ,TATNE,106.0,106.T.C 106.A.V 106.T.C 106.N.C 106.E.V,2.0 1.5 1.75 1.5 0.8,datnə,0.0,5045.0
8740,you,SOUTHERN CATANDUANES,kamu,k a m u,1 7 4 7,AXBZ,KAMY,107.0,107.K.C 107.A.V 107.M.C 107.Y.V,2.0 1.5 1.75 0.8,kamu,0.0,4993.0
8832,you,SOUTHERN SORSOGON,kamu,k a m u,1 7 4 7,AXBZ,KAMY,109.0,109.K.C 109.A.V 109.M.C 109.Y.V,2.0 1.5 1.75 0.8,kamu,0.0,4993.0
8924,you,SOUTHWEST PALAWANO,ikew,i k e w,7 1 7 6,XBYN,IKEW,110.0,110.I.V 110.K.C 110.E.V 110.W.c,1.5 1.75 1.3 0.8,ikew,0.0,5051.0
9016,you,SPANISH,ustet,u s t e t,7 3 1 7 1,XMBYN,YSTET,111.0,111.Y.V 111.S.c 111.T.C 111.E.V 111.T.c,1.5 1.1 1.75 1.3 0.8,ustet,0.0,5085.0
9108,you,SUBANON SIOCON,ika,i k a,7 1 7,XBZ,IKA,112.0,112.I.V 112.K.C 112.A.V,1.5 1.75 0.8,ika,0.0,5051.0
9200,you,SUBANUN SINDANGAN,jaʔa,j a ʔ a,6 7 1 7,AXBZ,JAHA,113.0,113.J.C 113.A.V 113.H.C 113.A.V,2.0 1.5 1.75 0.8,jaʔa,0.0,5012.0
9292,you,SURIGAONON,ikaw,i k a w,7 1 7 6,XBYN,IKAW,114.0,114.I.V 114.K.C 114.A.V 114.W.c,1.5 1.75 1.3 0.8,ikaw,0.0,5051.0
9384,you,TAGABAWA,nu,n u,4 7,AX,NY,115.0,115.N.C 115.Y.V,2.0 1.5,nu,0.0,5005.0
9476,you,TAGABILI,uʔuh,u ʔ u h,7 1 7 3,XBYN,YHYH,116.0,116.Y.V 116.H.C 116.Y.V 116.H.c,1.5 1.75 1.3 0.8,uʔuh,0.0,5079.0
9568,you,TAGALOG,ikaw,i k a w,7 1 7 6,XBYN,IKAW,117.0,117.I.V 117.K.C 117.A.V 117.W.c,1.5 1.75 1.3 0.8,ikaw,0.0,5051.0
9660,you,TAGBANWA ABORLAN,ka,k a,1 7,AX,KA,118.0,118.K.C 118.A.V,2.0 1.5,ka,0.0,4993.0
9752,you,TAGBANWA KALAMIAN,jawa,j a w a,6 7 6 7,AXBZ,JAWA,119.0,119.J.C 119.A.V 119.W.C 119.A.V,2.0 1.5 1.75 0.8,jawa,0.0,5012.0
9844,you,TAUSUG,kaw,k a w,1 7 6,AXN,KAW,120.0,120.K.C 120.A.V 120.W.c,2.0 1.5 0.8,kaw,0.0,5051.0
9936,you,TIMUGON MURUT,kow,k o w,1 7 6,AXN,KUW,121.0,121.K.C 121.U.V 121.W.c,2.0 1.5 0.8,kow,0.0,5051.0
10028,you,TIRURAY,beʔem,b e ʔ e m,1 7 1 7 4,AXBYN,PEHEM,122.0,122.P.C 122.E.V 122.H.C 122.E.V 122.M.c,2.0 1.5 1.75 1.3 0.8,beʔem,0.0,5096.0
10120,you,TURKISH,sen,s e n,3 7 4,AXN,SEN,123.0,123.S.C 123.E.V 123.N.c,2.0 1.5 0.8,sen,0.0,5052.0
10212,you,UGARITIC,ata,a t a,7 1 7,XBZ,ATA,124.0,124.A.V 124.T.C 124.A.V,1.5 1.75 0.8,ata,0.0,4991.0
10304,you,UMIRAY DUMAGET AGTA,ikaw,i k a w,7 1 7 6,XBYN,IKAW,125.0,125.I.V 125.K.C 125.A.V 125.W.c,1.5 1.75 1.3 0.8,ikaw,0.0,5051.0
10396,you,WARAY WARAY,ikaw,i k a w,7 1 7 6,XBYN,IKAW,126.0,126.I.V 126.K.C 126.A.V 126.W.c,1.5 1.75 1.3 0.8,ikaw,0.0,5051.0
10488,you,YAKAN,kaʔu,k a ʔ u,1 7 1 7,AXBZ,KAHY,127.0,127.K.C 127.A.V 127.H.C 127.Y.V,2.0 1.5 1.75 0.8,kaʔu,0.0,4993.0
10672,you,ZAMBOANGUENO,ebos,e b o s,7 1 7 3,XBYN,EPUS,129.0,129.E.V 129.P.C 129.U.V 129.S.c,1.5 1.75 1.3 0.8,ebos,0.0,5102.0
11224,you,HILIGAYNON,ikaw,i k a w,7 1 7 6,XBYN,IKAW,37.0,37.I.V 37.K.C 37.A.V 37.W.c,1.5 1.75 1.3 0.8,ikaw,0.0,5051.0
# Created using the LexStat class of LingPy-2.6.13,,,,,,,,,,,,,
# Cluster: sca_upgma_0.45,,,,,,,,,,,,,
