"","cent2084","agut1237","akla1241","alan1249","arta1239","pamp1244","aben1249","amba1267","maga1263","magi1241","babu1242","bala1310","bant1288","bata1301","buhi1245","cent2087","buhi1243","irig1242","koro1310","sara1326","binu1244","boli1256","cent2292","guin1256","boto1242","butu1244","capi1239","cebu1242","cuyo1237","casi1235","dupa1235","gadd1244","gian1241","hanu1241","hili1240","ibal1244","iban1267","amga1235","bata1298","kele1259","ilok1237","ilon1239","ivat1242","alab1246","atii1237","iray1237","isin1239","isna1241","itaw1240","bino1237","kaga1256","kala1388","lowe1412","lubu1243","limo1248","sout2908","kaya1320","kama1363","kank1243","nort2877","pamp1243","kina1250","magu1243","mama1275","cama1250","atam1240","diba1242","ilia1236","cota1241","sara1327","mati1250","west2555","mans1262","mara1404","taga1270","masb1238","pang1290","rata1245","romb1245","sout2916","wara1300","tina1248","sang1337","remo1247","west2557","cent2089","suri1273","tady1237","tbol1240","cent2090","cala1258","taus1251","tiru1241","yoga1237"
"cent2084",0,3831.65682960882,2268.99130050275,1630.66043115007,1467.27387195573,655.067555860116,1082.8173405246,1073.8023051807,1283.6120095841,1107.06391503805,653.240804899896,505.132744179592,1781.34191818308,3924.03281588653,1863.99974694058,2226.01425128432,1955.70112827553,2044.79802482331,3763.82365970724,3869.48512822344,2808.12481876924,891.910287648688,1001.59917265085,1026.88652220237,1060.62422416751,2517.34114027427,2445.41500672173,2712.82499475682,3854.9828202137,858.859192374637,326.945176714694,1241.67699762342,3401.56607840721,1973.74844418526,2674.73851142158,1125.31862348109,265.602154644382,1092.75576676772,1189.42171512113,1139.11303117741,1511.51773947053,1435.01729096054,779.809682028604,1665.57651586156,2920.99312074756,1500.51968043729,1327.2872673108,350.822021286201,170.87450470755,951.038323407868,3793.62459913784,3488.31048107905,396.957471518774,477.431701439054,282.425286847775,495.103869515579,1222.90727099355,3070.20124629268,947.551156055899,936.967536144252,1348.721573353,2965.87535353711,3435.76685937477,2487.37911755057,2030.7932746762,3052.29782099294,3105.62386720938,3213.77896065133,3201.28076867932,3906.52349657364,3021.6647681919,3051.4997879949,3619.4642622593,3047.94229729384,1641.68952394233,2046.71149181073,1165.65650971587,2038.77852050306,1810.50496802798,3423.40260995286,2492.31834108785,1049.12819066888,4102.21997454015,1411.79761051098,2724.66983135048,2691.05522317277,2682.51287638202,1699.01243582074,3399.11729336258,3989.39992881118,1879.30412871107,3726.76780360991,3252.72767264492,623.349303434291
"agut1237",3831.65682960882,0,476.460460380814,498.498460069063,1916.07289296345,3466.68870504915,824.732245551812,655.51261653929,943.773112997876,603.909191403872,3464.86195408892,3638.02451575486,374.12769113146,493.109293253015,423.774504637032,760.740824588248,683.097246835201,678.25550522697,3165.32537138826,3270.98683990446,904.667106384345,819.668486138574,3476.41048145338,3501.6978310049,729.705850616089,1918.84285195529,795.793432607635,623.662705909073,201.839916696568,1495.96153857569,4048.566469563,1622.04526269535,2803.06779008823,349.596475822318,494.687076050684,1570.98837455837,3907.14668263338,3567.56707557025,1755.90133692906,1731.03887651062,1298.41540717002,1891.92609253254,3591.43083121763,872.52626805315,584.526867394024,500.66247068817,1511.40424495784,3579.51368413984,3760.40301106887,3425.8496322104,66.0040373768228,2889.81219276007,3639.92696165526,3508.39531513744,3663.66055869262,3527.44909613659,1551.01270727946,2471.7029579737,3422.36246485843,3411.77884494678,902.443843149846,522.570306243246,1128.57078285931,1888.88082923159,1063.34054137791,2453.79953267396,2507.1255788904,2615.28067233235,1891.32411848017,3308.02520825466,2423.16647987292,2453.00149967592,3020.96597394033,1972.79040032622,834.607767775784,737.914717174153,1117.50279138689,290.934470723445,414.167685450094,969.957359861948,1986.53586297293,830.510120766852,1537.74045891028,1120.05990887441,504.915534685821,505.175686430591,2084.01458806304,593.113801136251,2089.16064316342,164.69248431093,316.858457065228,1273.322553519,1942.77102244577,3901.34318205071
"akla1241",2268.99130050275,476.460460380814,0,966.307029732316,996.700929337966,1904.02317594308,1485.2471240866,1315.67408207706,1525.48378648046,1348.93569193441,1902.19642498286,2075.35898664879,271.44012696339,665.873844678391,470.785812855587,761.08663345338,490.773510444597,579.870406992377,2190.90821858603,2296.56968710223,1235.20937764803,1484.83125783703,1913.74495234732,1939.03230189883,1463.05400772951,944.42569915306,298.651089284429,1139.90955363562,694.824906604029,782.372411400562,2485.90094045693,2153.82277731989,1828.650637286,418.580375559859,538.857563536033,1718.23959366943,2344.48115352732,2004.90154646418,2101.56749481759,2051.25881087387,1913.94752303253,940.517810453838,2028.76530211157,881.195405931354,211.958437530899,915.842656980206,1920.20823749914,2016.84815503377,2197.7374819628,1863.18410310433,411.278051912883,1915.39503995784,2077.26143254919,1945.72978603137,2100.99502958655,1964.78356703052,1815.82824118189,1497.28580517148,1859.69693575236,1849.11331584071,1438.16847826565,366.974936396359,1862.85141825356,914.463676429357,959.599382054213,1479.38237987174,1532.70842608817,1640.86351953012,1628.36532755812,2333.60805545243,1448.74932707069,1478.58434687369,2046.5488211381,1475.02685617264,857.308414012121,473.796050689521,1758.57747990421,377.986466404982,182.411620209741,1850.48716883165,919.402899966639,1451.55797423089,2529.30453341895,1380.07473151838,1151.75439022927,1118.13978205156,1109.59743526082,458.839686221029,1826.20185224137,556.879322409199,436.702886774572,2153.8523624887,1679.81223152371,1132.28699768122
"alan1249",1630.66043115007,498.498460069063,966.307029732316,0,1741.08878229951,1265.69230659039,846.916254733918,677.343212724372,887.152917127775,710.604822581721,1263.86555563017,1437.02811729611,478.657647412641,945.33014146053,243.825179752561,923.329980513877,653.016857505095,742.113754052875,2461.1393889368,2566.800857453,1505.4405479988,846.500388484349,1275.41408299463,1300.70143254614,824.723138376825,1214.65686950383,1142.73073595129,1410.14072398638,728.659057486579,1263.71707730912,1847.57007110425,1515.4919079672,2098.88180763677,671.064173414825,1372.05424065114,1079.90872431675,1706.15028417463,1366.5706771115,1463.23662546491,1412.92794152119,1275.61665367985,1708.83220130431,1390.43443275888,362.89224509112,1618.30884997713,277.511787627522,1281.87736814646,1378.51728568109,1559.40661261012,1224.85323375165,536.870719692021,2185.62621030861,1438.93056319651,1307.39891667869,1462.66416023387,1326.45269767783,1177.49737182921,1767.51697552224,1221.36606639968,1210.78244648803,799.837608912968,785.24916581475,2133.08258860433,1184.69484678013,728.10900390576,1749.6135502225,1802.93959643894,1911.09468988089,1898.59649790889,2603.8392258032,1718.98049742146,1748.81551722446,2316.77999148886,1745.25802652341,339.005253171887,744.02722104029,1120.24661055153,736.094249732625,507.820697257544,2120.71833918242,1189.63407031741,813.227104878201,2799.53570376971,741.743862165699,1421.98556058004,1388.37095240233,1379.82860561158,141.327686987187,2096.43302259214,674.286885360271,576.619857940628,2424.08353283947,1950.04340187448,1700.34678359196
"arta1239",1467.27387195573,1916.07289296345,996.700929337966,1741.08878229951,0,1102.30574739605,1193.24569167404,1184.23065633013,1394.04036073354,1217.49226618748,1100.47899643583,382.046586645554,805.797054822622,4034.46116703597,1974.42809809002,563.490499866433,916.832773522434,836.112285256062,3874.25201085667,3979.91347937288,2918.55316991868,1002.33863879813,477.208116267667,449.932697720696,1171.05257531694,2627.7694914237,1040.71081604997,2823.25334590626,3965.41117136314,144.575946969926,534.849854020381,235.447526516471,3511.99442955665,2084.1767953347,2785.16686257102,455.111611028065,506.800614433594,375.798494431885,284.971524645524,327.193676796859,394.395084896458,55.2731731879471,1227.04787356454,541.878093779424,1206.12145223936,1610.94803158672,257.634011984613,1215.13072648675,649.917923264721,1061.46667455731,1900.846601992,3598.73883222849,485.170426401315,560.973121479732,601.49057817358,513.659830066497,361.332216189138,3180.62959744212,505.607260434364,1047.39588729369,1459.14992450244,1433.35443595882,3546.19521052421,2597.8074687,473.66196936105,3162.72617214238,3216.05221835882,3324.20731180076,3311.70911982876,4016.95184772308,3132.09311934134,3161.92813914434,3729.89261340874,3158.37064844328,499.77546704624,2157.13984296017,1276.08486086531,2149.2068716525,824.610100196251,3533.8309611023,2602.74669223728,1159.55654181832,4212.64832568959,630.968394719054,2835.09818249992,2801.48357432221,2792.94122753146,1809.44078697017,3509.54564451202,1935.68282240935,1989.7324798605,3837.19615475935,3363.15602379436,142.766257570553
"pamp1244",655.067555860116,3466.68870504915,1904.02317594308,1265.69230659039,1102.30574739605,0,717.849215964922,708.834180621019,918.643885024423,742.095790478369,288.272680340219,798.245082392654,1416.3737936234,3559.06469132685,1499.03162238091,1861.04612672464,1590.73300371586,1679.82990026364,3398.85553514756,3504.51700366376,2443.15669420957,526.942163089011,636.631048091178,661.918397642689,695.656099607829,2152.37301571459,2080.44688216205,2347.85687019715,3490.01469565402,1568.80270109473,1208.78703620079,876.708873063746,3036.59795384753,1608.78031962559,2309.7703868619,760.350498921411,1067.36724927118,727.787642208045,824.453590561454,774.144906617732,1146.54961491085,1070.04916640086,414.841557468927,1300.60839130188,2556.02499618789,1135.55155587761,962.319142751118,144.113714447884,388.669952203341,586.070198848191,3428.65647457817,3123.34235651938,800.147528293052,668.615881775232,823.881125330412,687.66966277438,857.93914643387,2705.23312173301,582.583031496222,571.999411584575,983.753448793321,2600.90722897743,3070.79873481509,2122.41099299089,1665.82515011652,2687.32969643327,2740.6557426497,2848.81083609165,2836.31264411965,3541.55537201397,2656.69664363222,2686.53166343522,3254.49613769963,2682.97417273417,1276.72139938265,1681.74336725105,800.688385156192,1673.81039594339,1445.53684346831,3058.43448539318,2127.35021652817,684.160066109205,3737.25184998048,1046.8294859513,2359.7017067908,2326.08709861309,2317.54475182235,1334.04431126106,3034.1491688029,3624.4318042515,1514.33600415139,3361.79967905023,2887.75954808525,1061.5637486885
"aben1249",1082.8173405246,824.732245551812,1485.2471240866,846.916254733918,1193.24569167404,717.849215964922,0,290.058128764544,163.595564905389,323.319738621893,716.022465004701,889.185026670637,997.597741766928,924.292444583077,1080.25557052443,1442.27007486816,1171.95695185938,1261.05384840716,2980.07948329109,3085.74095180729,2024.38064235309,298.657297858877,727.570992369161,752.858341920672,91.2810153799003,1733.59696385812,1661.67083030558,1929.08081834067,1178.786263646,1150.02664923825,1299.72698047877,967.648817341729,2617.82190199106,1190.00426776911,1890.99433500543,532.065633691277,1158.30719354916,818.727586486028,915.393534839437,865.084850895715,727.773563054378,1160.98911067884,842.59134213341,881.832339445407,2137.24894433141,716.775504021134,734.034277520984,830.674195055616,1011.56352198464,677.010143126174,1026.18177236498,2704.5663046629,891.087472571035,759.555826053215,914.821069608395,778.609607052363,629.654281203736,2286.45706987653,673.522975774205,662.939355862558,265.85627419852,2182.13117712096,2652.02268295862,1703.63494113441,1247.04909826005,2268.55364457679,2321.87969079323,2430.03478423517,2417.53659226317,3122.77932015749,2237.92059177575,2267.75561157875,2835.72008584315,2264.19812087769,857.945347526173,1262.96731539458,270.613400427981,1255.03434408691,1026.76079161183,990.166592881464,1708.57416467169,96.2328877659232,3318.475798124,628.053434094828,1940.92565493433,1907.31104675662,1898.76869996587,915.268259404585,2615.37311694643,992.672659381025,1095.55995229492,2943.02362719376,2468.98349622877,1152.50369296649
"amba1267",1073.8023051807,655.51261653929,1315.67408207706,677.343212724372,1184.23065633013,708.834180621019,290.058128764544,0,330.294791158401,153.746696612347,707.007429660799,880.169991326735,828.024699757382,678.549752228283,910.682528514884,1272.69703285862,1002.38390984984,1091.48080639762,2810.50644128154,2916.16790979774,1854.80760034354,289.642262514975,718.555957025258,743.84330657677,267.865012407451,1564.02392184857,1492.09778829603,1759.50777633112,937.012130466772,980.453607228708,1290.71194513487,958.633781997826,2448.24885998151,1020.43122575957,1721.42129299588,523.050598347374,1149.29215820526,809.712551142126,906.378499495535,856.069815551812,718.758527710475,1151.97407533494,833.576306789507,712.25929743586,1967.67590232187,547.202462011588,725.019242177081,821.659159711713,1002.54848664074,667.995107782272,795.945176721377,2534.99326265335,882.072437227133,750.540790709312,905.806034264492,769.59457170846,620.639245859833,2116.88402786698,664.507940430303,653.924320518656,126.578635809271,2012.55813511141,2482.44964094907,1534.06189912487,1077.4760562505,2098.98060256724,2152.30664878368,2260.46174222563,2247.96355025363,2953.20627814794,2068.3475497662,2098.1825695692,2666.1470438336,2094.62507886815,688.372305516627,1093.39427338503,563.388484582155,1085.46130207736,857.187749602284,803.876373692218,1539.00112266215,256.368978908827,3148.90275611446,458.480392085282,1771.35261292478,1737.73800474707,1729.19565795632,745.695217395039,2445.80007493688,768.138695207391,419.463471912282,2773.45058518421,2299.41045421922,1143.48865762258
"maga1263",1283.6120095841,943.773112997876,1525.48378648046,887.152917127775,1394.04036073354,918.643885024423,163.595564905389,330.294791158401,0,175.353986589358,916.817134064202,1089.97969573014,1037.83440416079,909.638612232074,1120.49223291829,1482.50673726202,1212.19361425324,1301.29051080102,3020.31614568494,3125.97761420114,2064.61730474695,499.451966918378,928.365661428662,953.653010980173,141.664858330793,1773.83362625197,1701.90749269944,1969.31748073453,1197.26777022618,1190.26331163211,1500.52164953828,1168.44348640123,2658.05856438492,1230.24093016297,1931.23099739929,732.860302750777,1359.10186260866,1019.52225554553,1116.18820389894,1065.87951995522,445.227281841173,1361.78377973834,1043.38601119291,922.069001839264,2177.48560672527,757.012166414991,934.828946580484,1031.46886411512,1212.35819104415,877.804812185675,993.879372530927,2744.80296705676,1091.88214163054,960.350495112716,1115.6157386679,979.404276111863,830.448950263236,2326.69373227039,874.317644833706,863.734024922059,117.86650020654,2222.36783951481,2692.25934535247,1743.87160352827,1287.2857606539,2308.79030697065,2362.11635318708,2470.27144662903,2457.77325465703,3163.01598255135,2278.1572541696,2307.9922739726,2875.95674823701,2304.43478327155,898.18200992003,1303.20397778843,369.194846158638,1295.27100648077,1066.99745400569,1005.6470617127,1748.81082706555,466.178683312231,3358.71246051786,668.290096488685,1981.16231732818,1947.54770915047,1939.00536235973,955.504921798442,2655.60977934028,1036.17221659556,1135.79661468877,2983.26028958761,2509.22015862263,1353.29836202599
"magi1241",1107.06391503805,603.909191403872,1348.93569193441,710.604822581721,1217.49226618748,742.095790478369,323.319738621893,153.746696612347,175.353986589358,0,740.269039518148,913.431601184084,861.286309614731,726.111890933744,943.944138372233,1305.95864271597,1035.64551970718,1124.74241625497,2843.76805113889,2949.42951965509,1888.06921020089,322.903872372324,751.817566882608,777.104916434119,133.477994147771,1597.28553170592,1525.35939815338,1792.76938618847,979.270854034818,1013.71521708606,1323.97355499222,991.895391855176,2481.51046983886,1053.69283561691,1754.68290285323,556.312208204723,1182.55376806261,842.974160999475,939.640109352884,889.331425409162,752.020137567824,1185.23568519229,866.837916646857,745.52090729321,2000.93751217922,580.464071868937,758.28085203443,854.920769569062,1035.81009649809,701.256717639621,818.038576056583,2568.2548725107,915.334047084482,783.802400566662,939.067644121841,802.856181565809,653.900855717182,2150.14563772433,697.769550287652,687.185930376005,152.632106586708,2045.81974496876,2515.71125080642,1567.32350898222,1110.73766610785,2132.24221242459,2185.56825864103,2293.72335208298,2281.22516011098,2986.46788800529,2101.60915962355,2131.44417942655,2699.40865369095,2127.8866887255,721.633915373976,1126.65588324238,596.650094439504,1118.72291193471,890.449359459634,851.481847345994,1572.2627325195,289.630588766177,3182.1643659718,491.742001942631,1804.61422278213,1770.99961460442,1762.45726781367,778.956827252388,2479.06168479423,795.428318031718,453.77820447955,2806.71219504156,2332.67206407657,1176.75026747993
"babu1242",653.240804899896,3464.86195408892,1902.19642498286,1263.86555563017,1100.47899643583,288.272680340219,716.022465004701,707.007429660799,916.817134064202,740.269039518148,0,796.418331432434,1414.54704266318,3557.23794036663,1497.20487142068,880.42438545805,1588.90625275564,1678.00314930342,3397.02878418734,3502.69025270354,2441.32994324934,525.115412128791,634.804297130957,660.091646682469,693.829348647608,2150.54626475437,2078.62013120183,2346.03011923693,3488.1879446938,1566.97595013451,589.669430496103,874.882122103525,3034.77120288731,1606.95356866537,2307.94363590168,758.523747961191,1065.54049831096,725.960891247825,822.626839601234,772.318155657511,1144.72286395063,1068.22241544064,240.347415613393,1298.78164034166,2554.19824522767,1133.72480491739,960.492391790898,401.097659430913,432.605454497179,584.243447887971,3426.82972361795,3121.51560555916,798.320777332832,666.789130815011,822.054374370191,685.842911814159,856.11239547365,2703.40637077279,580.756280536002,570.172660624355,981.9266978331,2599.08047801721,3068.97198385487,2120.58424203067,1663.9983991563,2685.50294547305,2738.82899168948,2846.98408513143,2834.48589315943,3539.72862105374,2654.869892672,2684.704912475,3252.66938673941,2681.14742177395,1274.89464842243,1679.91661629083,798.861634195972,1671.98364498317,1443.71009250808,3056.60773443296,2125.52346556795,682.333315148985,3735.42509902026,1045.00273499108,2357.87495583058,2324.26034765287,2315.71800086213,1332.21756030084,3032.32241784268,3622.60505329128,1512.50925319117,3359.97292809001,2885.93279712502,1059.73699772828
"bala1310",505.132744179592,3638.02451575486,2075.35898664879,1437.02811729611,382.046586645554,798.245082392654,889.185026670637,880.169991326735,1089.97969573014,913.431601184084,796.418331432434,0,1587.70960432912,3730.40050203257,1670.36743308662,953.788136904289,1762.06881442157,1851.16571096935,3570.19134585328,3675.85281436948,2614.49250491528,698.277973794727,166.387165994234,150.142644979292,866.991910313544,2323.70882642031,2251.78269286777,2519.19268090286,3661.35050635974,521.233140414018,452.817942857906,276.491245024344,3207.93376455325,1780.1161303313,2481.10619756762,429.919954628915,332.025099065037,146.042413143951,136.135578170022,222.512994661008,589.315005485765,378.916729102443,922.987208561142,1471.9442020076,2727.3608068936,1306.88736658332,386.64568062077,911.070061483348,344.777585891533,308.586922009526,3599.99228528388,3294.67816722509,122.20178116988,180.603950316975,256.347004901925,135.829336384139,422.644636427248,2876.56893243872,300.609591385169,229.352049987232,1155.08925949904,2772.24303968315,3242.13454552081,2293.7468036966,855.71954091977,2858.66550713898,2911.99155335542,3020.14664679736,3007.64845482536,3712.89118271968,2828.03245433794,2857.86747414094,3425.83194840534,2854.30998343988,1448.05721008836,1853.07917795677,972.024195861907,1845.1462066491,1616.87265417402,3229.7702960989,2298.68602723388,855.49587681492,3908.58766068619,1218.16529665702,2531.03751749652,2497.42290931881,2488.88056252806,1505.38012196678,3205.48497950862,3795.76761495722,1685.67181485711,3533.13548975595,3059.09535879096,288.059121806945
"bant1288",1781.34191818308,374.12769113146,271.44012696339,478.657647412641,805.797054822622,1416.3737936234,997.597741766928,828.024699757382,1037.83440416079,861.286309614731,1414.54704266318,1587.70960432912,0,749.530274200369,222.919898693531,667.170976342657,396.857853333874,485.954749881654,2204.98038476558,2310.64185328178,1249.28154382758,997.181875517358,1426.09557002764,1451.38291957915,975.404625409835,958.497865332608,283.534095425808,1153.98171981516,579.920444702853,1414.39856434213,1998.25155813726,1666.17339500021,1842.72280346555,179.449054479129,1115.89523647992,1230.59021134976,1856.83177120764,1517.25216414451,1613.91811249792,1563.6094285542,1426.29814071286,822.768326426365,1541.11591979189,393.54602361168,476.383197942571,428.193274660532,1432.55885517947,1529.1987727141,1710.08809964313,1375.53472078466,405.281786428608,1929.46720613739,1589.61205022952,1458.0804037117,1613.34564726688,1477.13418471084,1328.17885886222,1511.35797135102,1372.04755343269,1361.46393352104,950.519095945978,678.256176268319,1876.92358443311,928.535842608905,471.949999734539,1493.45454605128,1546.78059226772,1654.93568570967,1642.43749373767,2347.68022163198,1462.82149325024,1492.65651305324,2060.62098731764,1489.09902235219,369.659031692446,487.868216869069,1270.92809758454,193.173257907244,251.661693086323,1864.5593350112,933.475066146187,963.908591911211,2543.37669959849,892.425349198709,1165.82655640882,1132.21194823111,1123.66960144036,191.497186366923,1840.27401842092,487.787733268741,727.301344973638,2167.92452866825,1693.88439770326,1851.02827062497
"bata1301",3924.03281588653,493.109293253015,665.873844678391,945.33014146053,4034.46116703597,3559.06469132685,924.292444583077,678.549752228283,909.638612232074,726.111890933744,3557.23794036663,3730.40050203257,749.530274200369,0,817.796431818292,1092.76478102724,1054.9220625897,1037.95228173804,1543.25154124326,3363.36282618217,1142.88807370505,931.160848125198,3568.78646773109,3594.0738172826,836.30945485425,2011.218838233,899.433410988611,781.906534654907,168.700275891967,3557.08946204558,4140.9424558407,1743.15578059081,2895.44377636594,734.408451770263,554.835355192437,1483.62826941317,3999.52266891109,3659.94306184796,3756.60901020137,1760.10145193704,1426.97981743559,1893.74261421237,3683.80681749534,1244.44060717552,674.646803509755,917.84336519365,1631.34706702233,3671.88967041755,3852.77899734657,3518.2256184881,198.253753544451,2982.18817903778,3732.30294793296,3600.77130141514,3756.03654497032,3619.82508241429,1551.78449215797,2564.07894425141,1687.78062602686,3504.15483122449,866.942569037156,578.069995448252,1310.25670609567,1981.25681550929,2614.64089743799,2546.17551895167,2599.50156516811,2707.65665861005,1983.70010475788,3400.40119453237,2515.54246615063,2545.37748595363,3113.34196021803,2065.16638660393,1252.95709022956,988.052872070075,1206.7808128732,676.60508086927,782.867053666063,1062.33334613965,2078.91184925064,878.056047986142,1253.26417163049,3035.11624690216,555.832138332177,580.93490230966,2176.39057434075,982.585329255142,2181.53662944113,307.059469347186,723.624992139616,1365.6985397967,1013.17517467387,3993.71916832842
"buhi1245",1863.99974694058,423.774504637032,470.785812855587,243.825179752561,1974.42809809002,1499.03162238091,1080.25557052443,910.682528514884,1120.49223291829,943.944138372233,1497.20487142068,1670.36743308662,222.919898693531,817.796431818292,0,1156.66929630439,886.356173295607,410.589733575783,2694.47870472731,2800.14017324351,1738.77986378932,1079.83970427486,1508.75339878514,1534.04074833666,1058.06245416734,1447.99618529434,455.550753907983,1643.4800397769,639.950050487783,1497.05639309964,2080.90938689476,1748.83122375771,2332.22112342728,110.569255728589,1605.39355644166,1313.24804010726,1939.48959996514,1599.90999290201,1696.57594125542,1646.2672573117,1508.95596947036,1942.17151709483,1623.77374854939,596.231560881632,622.318742954923,510.851103418034,1515.21668393697,1611.8566014716,1792.74592840063,1458.19254954216,459.852031967469,2418.96552609913,1672.26987898702,1540.7382324692,1696.00347602438,1559.79201346835,1410.83668761972,2000.85629131276,1454.70538219019,1444.12176227854,1033.17692470348,553.786460328205,2366.42190439484,1418.03416257064,961.448319696272,1982.95286601302,2036.27891222945,2144.4340056714,2131.9358136994,2837.17854159371,1952.31981321197,1982.15483301497,2550.11930727938,1978.59734231392,572.344568962399,977.366536830802,1353.58592634204,178.621792480676,357.788679448298,1148.71883875862,1422.97338610792,1046.56642066871,3032.87501956023,975.083177956211,768.420300009155,1621.71026819284,1613.1679214021,193.821153757726,2329.77233838265,537.931705301872,322.349100919093,1128.09795927103,2183.38271766499,1933.68609938247
"cent2087",2226.01425128432,760.740824588248,761.08663345338,923.329980513877,563.490499866433,1861.04612672464,1442.27007486816,1272.69703285862,1482.50673726202,1305.95864271597,880.42438545805,953.788136904289,667.170976342657,1092.76478102724,1156.66929630439,0,447.796461226158,184.84356856135,2255.91899265786,2361.58046117407,1300.22015171987,1441.85420861859,1870.76790312888,1896.05525268039,1420.07695851107,1009.43647322489,937.510339672356,1204.92032770745,922.042169810131,438.78070931708,785.21873292341,731.211266133017,1893.66141135784,1266.41799354907,1166.83384437221,1675.26254445099,923.646129121525,909.894950507796,831.928125207803,836.084752884585,666.698622957426,564.495327536799,945.549726354975,838.218356712916,689.566676109875,872.865607761768,685.278658471565,1973.87110581533,2154.76043274436,1820.20705388589,813.915413324861,1980.40581402968,2034.28438333075,1902.75273681293,2058.01798036811,1921.80651781208,812.872147702792,1562.29657924331,1816.71988653392,1806.13626662228,1395.19142904721,1457.97068648773,1927.86219232539,979.47445050119,223.308017469011,1544.39315394357,1597.71920016,1705.87429360195,1693.37610162995,2398.61882952427,1513.76010114253,1543.59512094552,2111.55959520993,1540.03763024447,814.331364793682,538.806824761353,1715.60043068577,604.968746116498,696.334026187559,1915.49794290348,984.413674038471,1408.58092501245,2594.31530749078,654.095866608135,1216.7651643011,1183.15055612339,1174.60820933265,991.681985184544,1891.2126263132,833.368568681845,1171.97367807487,2218.86313656053,1744.82300559555,707.46146918976
"buhi1243",1955.70112827553,683.097246835201,490.773510444597,653.016857505095,916.832773522434,1590.73300371586,1171.95695185938,1002.38390984984,1212.19361425324,1035.64551970718,1588.90625275564,1762.06881442157,396.857853333874,1054.9220625897,886.356173295607,447.796461226158,0,266.580234765156,1985.60586964908,2091.26733816528,1029.90702871108,1171.54108560981,1600.4547801201,1625.74212967161,1149.76383550229,739.12335021611,667.197216663573,934.607204698666,887.89607705665,664.958178835214,1004.32338544703,1840.53260509266,1623.34828834905,466.559840316911,896.520721363424,1404.94942144221,2031.19098130009,1691.61137423696,1788.27732259037,1737.96863864665,1600.65735080531,976.61993208302,1715.47512988434,567.905233704133,513.812424870856,602.552484752985,1606.91806527192,1703.55798280655,1884.44730973558,1549.89393087711,704.729614279266,1710.09269102089,1763.97126032197,1632.43961380415,1787.70485735933,1651.4933948033,1502.53806895467,1291.98345623453,1546.40676352514,1535.82314361349,1124.87830603843,1187.65756347895,1657.54906931661,709.161327492407,646.309209826992,1274.08003093479,1327.40607715122,1435.56117059317,1423.06297862117,2128.30570651548,1243.44697813374,1273.28199793674,1841.24647220115,1269.72450723569,544.0182417849,268.493701752571,1445.28730767699,522.971972245594,426.020903178777,1645.1848198947,714.100551029689,1138.26780200366,2324.002184482,1066.78455929116,946.452041292322,912.837433114612,904.295086323865,721.368862175762,1620.89950330442,797.044850540454,901.660555066092,1948.55001355175,1474.50988258676,912.596052746247
"irig1242",2044.79802482331,678.25550522697,579.870406992377,742.113754052875,836.112285256062,1679.82990026364,1261.05384840716,1091.48080639762,1301.29051080102,1124.74241625497,1678.00314930342,1851.16571096935,485.954749881654,1037.95228173804,410.589733575783,184.84356856135,266.580234765156,0,2074.70276619686,2180.36423471306,1119.00392525886,1260.63798215759,1689.55167666788,1714.83902621939,1238.86073205007,828.22024676389,340.490585440138,1023.70410124645,869.148745856768,667.174615207062,858.591847304181,1929.62950164044,1712.44518489683,408.040493125975,985.617617911205,1494.04631798999,1007.17898036072,1780.70827078474,1877.37421913815,1827.06553519443,1689.75424735309,869.7554506179,1804.57202643213,657.002130251914,522.106144307738,691.649381300765,1696.0149618197,1792.65487935433,1973.54420628336,1638.99082742489,703.765511419737,1799.18958756868,1853.06815686975,1721.53651035193,1876.80175390711,1740.59029135108,1591.63496550245,1381.08035278231,1635.50366007292,1624.92004016127,1213.97520258621,1276.75446002673,1746.64596586439,798.258224040188,735.406106374773,1363.17692748257,1416.502973699,1524.65806714095,1512.15987516895,2217.40260306326,1332.54387468152,1362.37889448452,1930.34336874893,1358.82140378347,633.11513833268,357.590598300351,1534.38420422477,407.392748977546,253.044817682254,1734.28171644248,803.197447577469,1227.36469855144,2413.09908102978,1155.88145583894,1035.5489378401,1001.93432966239,993.391982871645,810.465758723542,1709.9963998522,749.431092162654,990.757451613872,2037.64691009953,1563.60677913454,875.427491709971
"koro1310",3763.82365970724,3165.32537138826,2190.90821858603,2461.1393889368,3874.25201085667,3398.85553514756,2980.07948329109,2810.50644128154,3020.31614568494,2843.76805113889,3397.02878418734,3570.19134585328,2204.98038476558,1543.25154124326,2694.47870472731,2255.91899265786,1985.60586964908,2074.70276619686,0,189.54184745037,1762.40814100023,2979.66361704151,3408.5773115518,3433.86466110331,2957.88636693399,1471.62446250526,1871.79935870523,1667.10831698782,3188.65136199314,3396.88030586629,3980.73329966141,3648.65513652437,428.502747156426,2804.22740197199,2008.40705320102,3213.07195287391,3839.3135127318,3499.73390566867,3596.39985402208,3546.09117007835,3408.77988223702,3841.99542986148,3523.59766131605,2376.02776513584,2254.661662527,2410.67501618469,3415.04059670362,3511.68051423825,3692.56984116728,3358.01646230881,3127.29314091728,338.662822679366,3572.09379175367,3440.56214523585,3595.82738879103,3459.615926235,3310.66060038637,926.859578948378,3354.52929495684,3343.9456750452,2933.00083747014,2299.54389531655,439.471598452153,1441.66243978156,2454.4317412587,813.448978040172,953.976660698546,574.701345507137,390.62411277443,267.688735189574,752.18021646553,727.734510071716,429.846137264469,884.04335957865,2352.1407732166,1968.628409894,3253.4098391087,2869.25747828979,2234.14343461048,2757.0711517323,1918.70269307135,2946.39033343537,199.029053522044,2874.90709072287,868.941353125758,2024.72376495221,1636.79619861301,2529.49139360747,230.193134782685,3323.06847059061,2709.7830864978,1052.65917717044,514.742969942202,3833.51001214912
"sara1326",3869.48512822344,3270.98683990446,2296.56968710223,2566.800857453,3979.91347937288,3504.51700366376,3085.74095180729,2916.16790979774,3125.97761420114,2949.42951965509,3502.69025270354,3675.85281436948,2310.64185328178,3363.36282618217,2800.14017324351,2361.58046117407,2091.26733816528,2180.36423471306,189.54184745037,0,1868.06960951644,3085.32508555772,3514.238780068,3539.52612961951,3063.54783545019,1577.28593102146,1977.46082722144,1772.76978550402,3294.31283050934,3502.54177438249,4086.39476817762,3754.31660504057,475.326955742518,2909.8888704882,2114.06852171722,3318.73342139012,3944.974981248,3605.39537418487,3702.06132253828,3651.75263859456,3514.44135075322,3947.65689837768,3629.25912983225,2481.68923365204,2360.3231310432,2516.33648470089,3520.70206521982,3617.34198275446,3798.23130968349,3463.67793082502,3232.95460943348,383.17537263773,3677.75526026988,3546.22361375206,3701.48885730724,3565.2773947512,3416.32206890258,860.09089015333,3460.19076347305,3449.6071435614,3038.66230598634,2405.20536383275,610.692199914232,1547.32390829776,2560.0932097749,794.404330121397,680.158487326874,707.013303555965,577.304080476877,116.934908652075,836.982934337235,846.089907677695,324.277464597596,1042.36732997608,2457.80224173281,2074.28987841021,3359.0713076249,2974.91894680599,2339.80490312668,2862.7326202485,2024.36416158755,3052.05180195157,232.867959410168,2980.56855923907,1066.24462077661,2130.38523346841,1742.45766712922,2635.15286212367,397.529414699049,3428.72993910682,2815.444555014,1080.35726178916,703.23400910393,3939.17148066533
"binu1244",2808.12481876924,904.667106384345,1235.20937764803,1505.4405479988,2918.55316991868,2443.15669420957,2024.38064235309,1854.80760034354,2064.61730474695,1888.06921020089,2441.32994324934,2614.49250491528,1249.28154382758,1142.88807370505,1738.77986378932,1300.22015171987,1029.90702871108,1119.00392525886,1762.40814100023,1868.06960951644,0,2023.96477610352,2452.8784706138,2478.16582016532,2002.187525996,515.925621567265,916.100517767239,280.24188342601,922.849429869461,2441.1814649283,3025.03445872342,2692.95629558637,616.460662117617,1848.528561034,1052.70821226302,2257.37311193592,2883.6146717938,2544.03506473067,2640.70101308408,2590.39232914036,2453.08104129902,2886.29658892349,2567.89882037805,1420.32892419784,1298.96282158901,1454.97617524669,2459.34175576563,2555.98167330026,2736.87100022929,2402.31762137082,855.270946812376,698.300671782002,2616.39495081568,2484.86330429786,2640.12854785304,2503.91708529701,2354.96175944838,1068.78572758568,2398.83045401885,2388.2468341072,1977.30199653214,1343.84505437855,628.000989357224,485.963598843562,1498.7329003207,351.223545633907,1104.20834850238,406.991082595341,1579.25046952077,1905.10797786664,252.889367865541,244.67742647783,787.422728768224,394.208531260181,1396.44193227861,1012.92956895601,2297.7109981707,1913.5586373518,1278.44459367249,1801.3723107943,963.003852133354,1990.69149249737,2100.80445583315,1919.20824978487,1102.63953219192,1069.02492401421,681.09735767502,1573.79255266947,1777.08699420402,1060.04660719614,1754.0842455598,2104.73750445135,780.093751775573,2877.81117121113
"boli1256",891.910287648688,819.668486138574,1484.83125783703,846.500388484349,1002.33863879813,526.942163089011,298.657297858877,289.642262514975,499.451966918378,322.903872372324,525.115412128791,698.277973794727,997.181875517358,931.160848125198,1079.83970427486,1441.85420861859,1171.54108560981,1260.63798215759,2979.66361704151,3085.32508555772,2023.96477610352,0,536.66393949325,561.951289044762,276.464181501784,1733.18109760855,1661.25496405601,1928.6649520911,1105.70329445195,1149.61078298868,1108.81992760286,776.741764465819,2617.40603574149,1189.58840151954,1890.57846875586,341.158580815366,967.400140673249,627.820533610118,724.486481963527,674.177798019804,727.357696804808,970.082057802932,651.6842892575,881.416473195837,2136.83307808184,716.359637771564,543.127224645073,639.767142179705,820.656469108735,486.103090250264,900.131971536697,2704.15043841333,700.180419695125,568.648773177304,723.914016732484,587.702554176452,438.747228327825,2286.04120362696,482.615922898295,472.032302986648,564.561530687276,2181.71531087139,2651.60681670905,1703.21907488484,1246.63323201048,2268.13777832722,2321.46382454366,2429.6189179856,2417.1207260136,3122.36345390792,2237.50472552618,2267.33974532918,2835.30421959358,2263.78225462812,857.529481276604,1262.55144914501,381.496467050147,1254.61847783734,1026.34492536226,1021.04826966104,1708.15829842212,264.96814800316,3318.05993187443,627.637567845258,1940.50978868476,1906.89518050705,1898.3528337163,914.852393155015,2614.95725069686,948.625139601957,1095.14408604535,2942.60776094419,2468.5676299792,961.596640090576
"cent2292",1001.59917265085,3476.41048145338,1913.74495234732,1275.41408299463,477.208116267667,636.631048091178,727.570992369161,718.555957025258,928.365661428662,751.817566882608,634.804297130957,166.387165994234,1426.09557002764,3568.78646773109,1508.75339878514,1870.76790312888,1600.4547801201,1689.55167666788,3408.5773115518,3514.238780068,2452.8784706138,536.66393949325,0,27.3207045634306,705.377876012068,2162.09479211883,2090.16865856629,2357.57864660139,3499.73647205826,621.784062856263,1218.50881260503,289.912965778033,3046.31973025177,1618.50209602983,2319.49216326614,339.812579022137,487.644076384847,105.241196004652,192.570982535124,190.625595640359,565.806690403837,455.884087982512,761.373174259666,1310.33016770612,2565.74677259213,1145.27333228185,382.214227271172,749.456027181872,447.857363669414,256.185442507723,3438.37825098241,3133.06413292361,225.836404222059,161.633780185853,339.374926859911,126.466324846673,374.842372555036,2714.95489813724,155.757517857106,64.4948896160041,993.47522519756,2610.62900538167,3080.52051121933,2132.13276939513,1675.54692652076,2697.0514728375,2750.37751905394,2858.53261249589,2846.03442052389,3551.2771484182,2666.41842003646,2696.25343983946,3264.21791410387,2692.69594913841,1286.44317578689,1691.46514365529,810.410161560431,1683.53217234763,1455.25861987254,3068.15626179742,2137.07199293241,693.881842513444,3746.97362638472,1056.55126235554,2369.42348319504,2335.80887501733,2327.26652822658,1343.7660876653,3043.87094520714,3634.15358065574,1524.05778055563,3371.52145545447,2897.48132448948,420.753903698698
"guin1256",1026.88652220237,3501.6978310049,1939.03230189883,1300.70143254614,449.932697720696,661.918397642689,752.858341920672,743.84330657677,953.653010980173,777.104916434119,660.091646682469,150.142644979292,1451.38291957915,3594.0738172826,1534.04074833666,1896.05525268039,1625.74212967161,1714.83902621939,3433.86466110331,3539.52612961951,2478.16582016532,561.951289044762,27.3207045634306,0,730.665225563579,2187.38214167034,2115.4560081178,2382.8659961529,3525.02382160977,594.508045046223,602.259363195786,264.2154739587,3071.60707980328,1643.78944558134,2344.77951281766,327.87098823253,477.43776525163,78.5376244301264,165.413878526955,166.779935965082,545.226179089323,428.604925773601,786.660523811177,1335.61751725763,2591.03412214364,1170.56068183336,358.653508713219,774.743376733383,449.836927884807,277.927458400938,3463.66560053392,3158.35148247513,223.488118571798,175.508296751083,343.564507032893,135.171699090531,356.107119453711,2740.24224768876,157.29002209078,88.2932422877024,1018.76257474907,2635.91635493318,3105.80786077084,2157.42011894664,1700.83427607227,2722.33882238902,2775.66486860545,2883.8199620474,2871.3217700754,3576.56449796972,2691.70576958797,2721.54078939097,3289.50526365538,2717.98329868992,1311.7305253384,1716.7524932068,835.697511111942,1708.81952189914,1480.54596942406,3093.44361134893,2162.35934248392,719.169192064955,3772.26097593623,1081.83861190705,2394.71083274655,2361.09622456884,2352.5538777781,1369.05343721681,3069.15829475865,3659.44093020725,1549.34513010714,3396.80880500598,2922.768674041,395.196843479622
"boto1242",1060.62422416751,729.705850616089,1463.05400772951,824.723138376825,1171.05257531694,695.656099607829,91.2810153799003,267.865012407451,141.664858330793,133.477994147771,693.829348647608,866.991910313544,975.404625409835,836.30945485425,1058.06245416734,1420.07695851107,1149.76383550229,1238.86073205007,2957.88636693399,3063.54783545019,2002.187525996,276.464181501784,705.377876012068,730.665225563579,0,1711.40384750102,1639.47771394849,1906.88770198358,1086.28366392832,1127.83353288116,1277.53386412168,945.455700984636,2595.62878563397,1167.81115141202,1868.80121864834,509.872517334183,1136.11407719207,796.534470128935,893.200418482344,842.891734538621,705.580446697284,1138.79599432175,820.398225776317,859.639223088313,2115.05582797432,694.58238766404,711.84116116389,808.481078698522,989.370405627552,654.817026769081,935.071088168417,2682.37318830581,868.894356213942,737.362709696121,892.627953251301,756.416490695269,607.461164846642,2264.26395351944,651.329859417112,640.746239505465,209.487650473343,2159.93806076386,2629.82956660152,1681.44182477732,1224.85598190295,2246.3605282197,2299.68657443613,2407.84166787808,2395.34347590608,3100.5862038004,2215.72747541866,2245.56249522165,2813.52696948606,2242.0050045206,835.75223116908,1240.77419903748,550.210403568964,1232.84122772982,1004.56767525474,927.738057222108,1686.3810483146,243.190897895637,3296.28268176691,605.860317737735,1918.73253857723,1885.11793039952,1876.57558360878,893.075143047491,2593.18000058933,900.434442232922,1073.36683593782,2920.83051083666,2446.79037987168,1130.31057660939
"butu1244",2517.34114027427,1918.84285195529,944.42569915306,1214.65686950383,2627.7694914237,2152.37301571459,1733.59696385812,1564.02392184857,1773.83362625197,1597.28553170592,2150.54626475437,2323.70882642031,958.497865332608,2011.218838233,1447.99618529434,1009.43647322489,739.12335021611,828.22024676389,1471.62446250526,1577.28593102146,515.925621567265,1733.18109760855,2162.09479211883,2187.38214167034,1711.40384750102,0,625.316839272264,420.625797554846,1942.16884256017,2150.39778643332,2734.25078022844,2402.1726170914,1109.36688120523,1557.74488253902,761.924533768049,1966.58943344094,2592.83099329883,2253.2513862357,2349.91733458911,2299.60865064538,2162.29736280405,2595.51291042851,2277.11514188308,1129.54524570287,1008.17914309403,1164.19249675172,2168.55807727065,2265.19799480528,2446.08732173431,2111.53394287584,1880.81062148431,1196.11128387707,2325.6112723207,2194.07962580288,2349.34486935806,2213.13340680203,2064.1780809534,778.002049090705,2108.04677552387,2097.46315561223,1686.51831803717,1053.06137588358,1143.56766217279,195.179920348587,1207.94922182573,760.098623790965,813.424670007402,921.579763449348,1288.46679102579,1614.32429937166,729.465570989923,759.300590792922,1327.26506505733,1135.12831964031,1105.65825378363,722.145890461033,2006.92731967573,1622.77495885682,987.66091517751,1510.58863229933,672.220173638379,1699.9078140024,1810.02077733818,1628.4245712899,811.855853696947,778.241245519237,390.313679180045,1283.0088741745,1486.30331570904,2076.58595115765,1463.30056706483,1813.95382595637,1339.91369499139,2587.02749271615
"capi1239",2445.41500672173,795.793432607635,298.651089284429,1142.73073595129,1040.71081604997,2080.44688216205,1661.67083030558,1492.09778829603,1701.90749269944,1525.35939815338,2078.62013120183,2251.78269286777,283.534095425808,899.433410988611,455.550753907983,937.510339672356,667.197216663573,340.490585440138,1871.79935870523,1977.46082722144,916.100517767239,1661.25496405601,2090.16865856629,2115.4560081178,1639.47771394849,625.316839272264,0,820.80069375482,954.786591190062,994.465829612888,1176.0222935778,2330.24648353886,1509.54177740521,420.507628049331,376.494340288208,1894.66329988841,2520.90485974629,2181.32525268316,2277.99120103657,2227.68251709285,2090.37122925151,1044.32407742441,2205.18900833054,1057.61911215033,249.115638132131,1092.26636319918,2096.63194371812,2193.27186125275,2374.16118818178,2039.60780932331,706.492225904061,1596.28618007705,2253.68513876817,2122.15349225035,2277.41873580553,2141.20727324949,1992.25194740087,1178.17694529068,2036.12064197134,2025.53702205969,1614.59218448463,434.498089169011,1543.74255837277,595.354816548562,530.934673764972,1160.27351999094,1213.59956620738,1321.75465964932,1309.25646767732,2014.49919557164,1129.6404671899,1159.4754869929,1727.4399612573,1155.91799629184,1033.7321202311,200.987158903592,1935.00118612319,577.368332797633,204.737118395385,1531.37830895086,600.294040085843,1627.98168044986,2210.19567353815,1556.49843773736,832.645530348477,799.030922170767,790.48857538002,502.478281137231,1507.09299236057,854.193871521793,1391.37443351229,1834.7435026079,1360.70337164292,1236.44680054187
"cebu1242",2712.82499475682,623.662705909073,1139.90955363562,1410.14072398638,2823.25334590626,2347.85687019715,1929.08081834067,1759.50777633112,1969.31748073453,1792.76938618847,2346.03011923693,2519.19268090286,1153.98171981516,781.906534654907,1643.4800397769,1204.92032770745,934.607204698666,1023.70410124645,1667.10831698782,1772.76978550402,280.24188342601,1928.6649520911,2357.57864660139,2382.8659961529,1906.88770198358,420.625797554846,820.80069375482,0,643.198057043044,2345.88164091588,2929.734634711,2597.65647157395,1304.85073568779,1753.22873702158,957.408388250605,2162.0732879235,2788.31484778138,2448.73524071825,2545.40118907166,2495.09250512794,2357.7812172866,2790.99676491107,2472.59899636563,1325.02910018542,1203.66299757659,1359.67635123427,2364.04193175321,2460.68184928784,2641.57117621687,2307.0177973584,574.468841520736,1391.59513835963,2521.09512680326,2389.56348028544,2544.82872384062,2408.61726128459,2259.66193543596,973.485903573261,2303.53063000643,2292.94701009478,1882.00217251972,1248.54523036613,1339.05151665535,390.663774831143,1403.43307630828,955.582478273521,1008.90852448996,550.903521972753,1483.95064550835,1809.80815385422,924.949425472479,420.018224720004,1522.74891953988,307.841272822874,1301.14210826619,917.629744943589,2202.41117415828,1818.25881333938,1183.14476966007,1706.07248678188,867.704028120935,1895.39166848495,2005.50463182073,1823.90842577245,1007.3397081795,973.725100001793,585.797533662601,1478.49272865705,1681.7871701916,779.314355262169,1658.78442154738,2009.43768043893,1535.39754947394,2782.51134719871
"cuyo1237",3854.9828202137,201.839916696568,694.824906604029,728.659057486579,3965.41117136314,3490.01469565402,1178.786263646,937.012130466772,1197.26777022618,979.270854034818,3488.1879446938,3661.35050635974,579.920444702853,168.700275891967,639.950050487783,922.042169810131,887.89607705665,869.148745856768,3188.65136199314,3294.31283050934,922.849429869461,1105.70329445195,3499.73647205826,3525.02382160977,1086.28366392832,1942.16884256017,954.786591190062,643.198057043044,0,3488.03946637275,4071.89246016788,1801.63442163035,2826.39378069311,560.597764635307,472.104318887686,3304.23111338038,3930.47267323826,3590.89306617513,3687.55901452854,3637.25033058482,1489.92374220304,3933.15459036794,3614.75682182251,1069.84069011863,632.73490579445,856.753638337172,1695.33499532666,3602.83967474472,3783.72900167375,3449.17562281527,129.279884052893,2913.13818336495,3663.25295226014,3531.72130574232,3686.9865492975,3550.77508674146,3401.81976089284,2495.02894857858,3445.68845546331,3435.10483555166,1129.34215456042,495.700392300558,1219.89983309838,1912.20681983646,2545.59090176516,2477.12552327884,2530.45156949528,2638.60666293722,949.08729127082,3331.35119885954,2446.4924704778,2476.3274902808,3044.2919645452,1996.1163909311,1063.68373975158,975.510812638754,1468.49353747664,503.238048683143,616.875852209686,993.283350466825,2009.86185357781,1111.16633721696,1345.18970555267,2966.06625122933,515.495937822015,527.576479974017,2107.34057866792,809.304126055007,2112.4866337683,164.847183743947,605.896406967076,1296.64854412387,1966.09701305064,3924.66917265559
"casi1235",858.859192374637,1495.96153857569,782.372411400562,1263.71707730912,144.575946969926,1568.80270109473,1150.02664923825,980.453607228708,1190.26331163211,1013.71521708606,1566.97595013451,521.233140414018,1414.39856434213,3557.08946204558,1497.05639309964,438.78070931708,664.958178835214,667.174615207062,3396.88030586629,3502.54177438249,2441.1814649283,1149.61078298868,621.784062856263,594.508045046223,1127.83353288116,2150.39778643332,994.465829612888,2345.88164091588,3488.03946637275,0,589.805091930328,369.680638762019,3034.62272456626,1606.80509034432,2307.79515758064,569.90622870588,593.71355069026,520.144450268168,429.501842952819,467.308706334679,442.246222517108,175.818477147202,1693.54482726322,443.504005308239,939.144910607552,1133.57632659634,363.488389467572,1681.62768018542,761.230739600563,1527.96362825598,1529.0637458609,3121.36712723811,617.366074822237,701.431271019241,725.526479669862,654.849468449603,466.311651830392,2703.25789245174,644.697904648276,677.498286781168,1102.9480034173,1277.55696472034,3068.82350553382,2120.43576370962,337.249850870236,2685.354467152,2738.68051336843,2846.83560681038,2834.33741483838,3539.5801427327,2654.72141435095,2684.55643415395,3252.52090841836,2680.9989434529,339.406068608479,1679.76813796978,1423.35700505586,1671.83516666212,1443.56161418704,3056.45925611191,2125.3749872469,1116.33749938254,3735.27662069921,371.832967718974,2357.72647750953,2324.11186933182,2315.56952254108,1332.06908197979,3032.17393952163,1687.89396812588,1512.36077487012,3359.82444976896,2885.78431880398,250.627704418581
"dupa1235",326.945176714694,4048.566469563,2485.90094045693,1847.57007110425,534.849854020381,1208.78703620079,1299.72698047877,1290.71194513487,1500.52164953828,1323.97355499222,589.669430496103,452.817942857906,1998.25155813726,4140.9424558407,2080.90938689476,785.21873292341,1004.32338544703,858.591847304181,3980.73329966141,4086.39476817762,3025.03445872342,1108.81992760286,1218.50881260503,602.259363195786,1277.53386412168,2734.25078022844,1176.0222935778,2929.734634711,4071.89246016788,589.805091930328,0,628.521334786576,3618.47571836139,2190.65808413944,2891.64815137576,1342.22826343526,141.699012532032,588.97736773724,526.88460089545,635.576652986668,1728.42737942471,577.626336045049,1333.52916236928,841.299954295158,1523.67381726419,1717.42932039146,721.645207820875,636.50829712031,336.399086346859,1167.94796336204,4010.53423909202,3705.22012103323,413.536361464934,542.581287303352,397.070950420564,529.357068592818,1439.81691094772,3287.11088624686,1164.46079601008,1153.87717609843,1565.63121330717,3182.78499349129,3652.67649932894,2704.28875750474,689.8652533763,3269.20746094712,3322.53350716356,3430.6886006055,3418.1904086335,4123.43313652782,3238.57440814608,3268.40942794908,3836.37390221348,3264.85193724802,1858.5991638965,2263.6211317649,1382.56614967004,2255.68816045724,2027.41460798216,3640.31224990703,1297.68263191112,1266.03783062306,4319.12961449433,1628.70725046516,2941.57947130466,2907.96486312695,2899.4225163362,1915.92207577491,3616.02693331675,4206.30956876535,2096.21376866524,3943.67744356408,3469.6373125991,399.647412502278
"gadd1244",1241.67699762342,1622.04526269535,2153.82277731989,1515.4919079672,235.447526516471,876.708873063746,967.648817341729,958.633781997826,1168.44348640123,991.895391855176,874.882122103525,276.491245024344,1666.17339500021,1743.15578059081,1748.83122375771,731.211266133017,1840.53260509266,1929.62950164044,3648.65513652437,3754.31660504057,2692.95629558637,776.741764465819,289.912965778033,264.2154739587,945.455700984636,2402.1726170914,2330.24648353886,2597.65647157395,1801.63442163035,369.680638762019,628.521334786576,0,3286.39755522434,1858.57992100239,2559.56998823871,235.810453452063,547.310988404202,186.434607697978,140.394498873815,104.863932467884,313.867418433884,193.889134524538,1001.45099923223,720.115478682356,2805.82459756469,1385.35115725442,110.434072569851,989.53385215444,1170.42317908347,835.869800224998,1710.62648623103,3373.14195789618,398.686549277085,420.522947722092,532.741616683419,372.276994800534,172.142361370854,2955.03272310981,276.361040520617,332.084299064886,1233.55305017013,2850.70683035424,3320.5983361919,2372.2105943677,660.058046012744,2937.12929781007,2990.45534402651,3098.61043746846,3086.11224549645,3791.35497339077,2906.49624500903,2936.33126481203,3504.29573907643,2932.77377411097,1526.52100075946,1931.54296862786,488.434270959986,1923.60999732019,1695.33644484511,3308.23408676999,2377.14981790498,933.959667486012,3987.05145135728,1296.62908732811,2609.50130816761,2575.8866999899,2567.34435319915,1583.84391263787,3283.94877017971,1722.75518466479,1764.1356055282,3611.59928042704,3137.55914946205,267.084191011734
"gian1241",3401.56607840721,2803.06779008823,1828.650637286,2098.88180763677,3511.99442955665,3036.59795384753,2617.82190199106,2448.24885998151,2658.05856438492,2481.51046983886,3034.77120288731,3207.93376455325,1842.72280346555,2895.44377636594,2332.22112342728,1893.66141135784,1623.34828834905,1712.44518489683,428.502747156426,475.326955742518,616.460662117617,2617.40603574149,3046.31973025177,3071.60707980328,2595.62878563397,1109.36688120523,1509.54177740521,1304.85073568779,2826.39378069311,3034.62272456626,3618.47571836139,3286.39755522434,0,2441.96982067197,1646.14947190099,2850.81437157389,3477.05593143177,3137.47632436864,3234.14227272205,3183.83358877833,3046.52230093699,3479.73784856145,3161.34008001602,2013.77018383581,1892.40408122697,2048.41743488466,3052.7830154036,3149.42293293823,3330.31225986726,2995.75888100879,2765.03555961725,93.5990613217325,3209.83621045365,3078.30456393583,3233.56980749101,3097.35834493497,2948.40301908635,719.616651688923,2992.27171365682,2981.68809374517,2570.74325617011,1937.28631401652,417.410737982576,1079.40485848153,2092.17415995867,390.769318224658,532.061325382664,336.684671651734,627.420930743318,540.290487448913,369.328499938934,421.082044378134,201.82735067592,699.911015914936,1989.88319191658,1606.37082859398,2891.15225780867,2506.99989698977,1871.88585331045,2394.81357043227,1556.44511177132,2584.13275213534,706.834525302571,2512.64950942284,1696.08079182989,1662.46618365218,1274.53861731299,2167.23381230744,562.603662340274,2960.81088929059,2347.52550519777,2698.17876408932,614.120632225682,3471.2524308491
"hanu1241",1973.74844418526,349.596475822318,418.580375559859,671.064173414825,2084.1767953347,1608.78031962559,1190.00426776911,1020.43122575957,1230.24093016297,1053.69283561691,1606.95356866537,1780.1161303313,179.449054479129,734.408451770263,110.569255728589,1266.41799354907,466.559840316911,408.040493125975,2804.22740197199,2909.8888704882,1848.528561034,1189.58840151954,1618.50209602983,1643.78944558134,1167.81115141202,1557.74488253902,420.507628049331,1753.22873702158,560.597764635307,1606.80509034432,2190.65808413944,1858.57992100239,2441.96982067197,0,783.783992792038,1422.99673735194,2049.23829720982,1709.65869014669,1806.3246385001,1756.01595455638,1618.70466671504,2051.92021433951,1733.52244579407,705.980258126313,480.358666689165,620.599800662715,1624.96538118165,1721.60529871628,1902.49462564531,1567.94124678684,387.979317550385,2528.71422334381,1782.0185762317,1650.48692971388,1805.75217326906,1669.54071071303,1520.5853848644,2110.60498855744,1564.45407943487,1553.87045952322,1142.92562194816,437.321685628212,2476.17060163952,1527.78285981532,1071.19701694095,2092.7015632577,2146.02760947413,2254.18270291608,2241.68451094408,2946.9272388384,2062.06851045666,2091.90353025965,2659.86800452406,2088.3460395586,682.09326620708,1087.11523407548,1463.33462358672,69.7890076376181,303.165702045781,2463.80635221761,651.13693669766,1156.31511791339,3142.62371680491,1084.83187520089,669.299903992126,665.181385806387,1722.91661864678,301.517104526213,2439.52103562733,459.525418366684,268.891653941846,1044.60358990668,2293.13141490968,2043.43479662715
"hili1240",2674.73851142158,494.687076050684,538.857563536033,1372.05424065114,2785.16686257102,2309.7703868619,1890.99433500543,1721.42129299588,1931.23099739929,1754.68290285323,2307.94363590168,2481.10619756762,1115.89523647992,554.835355192437,1605.39355644166,1166.83384437221,896.520721363424,985.617617911205,2008.40705320102,2114.06852171722,1052.70821226302,1890.57846875586,2319.49216326614,2344.77951281766,1868.80121864834,761.924533768049,376.494340288208,957.408388250605,472.104318887686,2307.79515758064,2891.64815137576,2559.56998823871,1646.14947190099,783.783992792038,0,2123.98680458826,2750.22836444614,2410.64875738301,2507.31470573642,2457.0060217927,2319.69473395136,2752.91028157583,2434.51251303039,1286.94261685018,324.90943609679,1321.58986789903,2325.95544841797,2422.5953659526,2603.48469288163,2268.93131402316,386.266151801506,1732.89387457283,2483.00864346802,2351.4769969502,2506.74224050538,2370.53077794935,2221.57545210072,1314.78463978646,2265.44414667119,2254.86052675954,1843.91568918448,304.104232211909,1680.35025286855,731.962511044347,1365.34659297304,1296.88121448672,1350.20726070316,1458.36235414511,1214.07602502996,2151.10689006742,1266.24816168568,1296.08318148868,1864.04765575309,1060.73755364448,1263.05562493095,879.543261608348,2164.32469082304,737.516010572867,1145.05828632483,1436.19786630349,829.617544785694,1857.30518514971,2346.80336803394,1785.82194243721,737.465087701111,703.850479523401,927.096269875804,1440.40624532181,1411.91254971321,629.316955026244,741.768997002075,1739.56305996054,1265.52292899555,2744.42486386347
"ibal1244",1125.31862348109,1570.98837455837,1718.23959366943,1079.90872431675,455.111611028065,760.350498921411,532.065633691277,523.050598347374,732.860302750777,556.312208204723,758.523747961191,429.919954628915,1230.59021134976,1483.62826941317,1313.24804010726,1675.26254445099,1404.94942144221,1494.04631798999,3213.07195287391,3318.73342139012,2257.37311193592,341.158580815366,339.812579022137,327.87098823253,509.872517334183,1966.58943344094,1894.66329988841,2162.0732879235,3304.23111338038,569.90622870588,1342.22826343526,235.810453452063,2850.81437157389,1422.99673735194,2123.98680458826,0,1200.80847650565,286.356868794867,321.110320709674,213.283870776748,280.24205928799,404.207852286294,885.092625089899,1114.82480902824,2370.24141391424,949.767973603964,206.860207504799,873.175478012105,1054.06480494113,719.511426082663,1611.47141355778,2937.55877424573,933.588755527524,802.057109009704,957.322352564884,821.110890008852,110.145677120789,2519.44953945936,211.572165216269,338.171184877833,797.969866519675,2415.12364670379,2885.01515254145,1936.62741071724,1480.04156784288,2501.54611415962,2554.87216037606,2663.027253818,2650.529061846,3355.77178974032,2470.91306135858,2500.74808116158,3068.71255542598,2497.19059046052,1090.937817109,1495.95978497741,287.526633246706,1488.02681366974,1259.75326119466,2872.65090311954,1941.56663425452,498.37648383556,3551.46826770683,861.045903677658,2173.91812451716,2140.30351633945,2131.7611695487,1148.26072898741,2848.36558652925,1607.72436365662,1328.55242187774,3176.01609677659,2701.9759658116,502.806521808662
"iban1267",265.602154644382,3907.14668263338,2344.48115352732,1706.15028417463,506.800614433594,1067.36724927118,1158.30719354916,1149.29215820526,1359.10186260866,1182.55376806261,1065.54049831096,332.025099065037,1856.83177120764,3999.52266891109,1939.48959996514,923.646129121525,2031.19098130009,1007.17898036072,3839.3135127318,3944.974981248,2883.6146717938,967.400140673249,487.644076384847,477.43776525163,1136.11407719207,2592.83099329883,2520.90485974629,2788.31484778138,3930.47267323826,593.71355069026,141.699012532032,547.310988404202,3477.05593143177,2049.23829720982,2750.22836444614,1200.80847650565,0,475.315091750942,427.927441786651,534.938681223003,1587.00759249509,539.307861433132,1192.10937543966,1741.06636888612,2996.48297377213,1576.00953346185,649.906607512608,521.191194908234,212.77790058768,485.828009279637,3869.1144521624,3563.80033410361,275.836892735908,402.871894317319,257.432461193935,392.814725334377,1298.39712401811,3145.69109931724,1023.04100908046,1012.45738916881,1424.21142637756,3041.36520656167,3511.25671239933,2562.86897057513,851.273771769515,3127.7876740175,3181.11372023394,3289.26881367589,3276.77062170389,3982.0133495982,3097.15462121646,3126.98964101946,3694.95411528386,3123.4321503184,1717.17937696689,2122.20134483529,1241.14636274043,2114.26837352762,1885.99482105254,3498.89246297742,2567.80819411241,1124.61804369344,4177.70982756471,1487.28746353554,2800.15968437504,2766.54507619733,2758.00272940658,1774.5022888453,3474.60714638714,4064.88978183574,1954.79398173563,3802.25765663447,3328.21752566948,364.052153462672
"amga1235",1092.75576676772,3567.56707557025,2004.90154646418,1366.5706771115,375.798494431885,727.787642208045,818.727586486028,809.712551142126,1019.52225554553,842.974160999475,725.960891247825,146.042413143951,1517.25216414451,3659.94306184796,1599.90999290201,909.894950507796,1691.61137423696,1780.70827078474,3499.73390566867,3605.39537418487,2544.03506473067,627.820533610118,105.241196004652,78.5376244301264,796.534470128935,2253.2513862357,2181.32525268316,2448.73524071825,3590.89306617513,520.144450268168,588.97736773724,186.434607697978,3137.47632436864,1709.65869014669,2410.64875738301,286.356868794867,475.315091750942,0,96.2340462510975,94.7012931838423,477.237860136438,351.796144208741,852.529768376533,1401.48676182299,2656.90336670899,1236.42992639872,284.653809036228,840.612621298739,482.432603485996,686.948569369297,1700.75624853735,3224.22072704048,252.657170223221,240.103369464602,383.680025465584,193.921357982127,294.412993914843,2806.11149225411,168.364061786215,157.358586813214,1084.63181931443,2701.78559949854,3171.6771053362,2223.28936351199,835.591395122661,2788.20806695437,2841.53411317081,2949.68920661275,2937.19101464075,3642.43374253507,2757.57501415333,2787.41003395633,3355.37450822073,2783.85254325527,1377.59976990375,1782.62173777216,901.566755677298,1774.68876646449,1546.41521398941,3159.31285591429,2228.22858704928,785.038436630311,3838.13022050158,1147.70785647241,2460.58007731191,2426.9654691342,2418.42312234345,1434.92268178217,3135.02753932401,3725.31017477261,1615.2143746725,3462.67804957134,2988.63791860635,334.422753930756
"bata1298",1189.42171512113,1755.90133692906,2101.56749481759,1463.23662546491,284.971524645524,824.453590561454,915.393534839437,906.378499495535,1116.18820389894,939.640109352884,822.626839601234,136.135578170022,1613.91811249792,3756.60901020137,1696.57594125542,831.928125207803,1788.27732259037,1877.37421913815,3596.39985402208,3702.06132253828,2640.70101308408,724.486481963527,192.570982535124,165.413878526955,893.200418482344,2349.91733458911,2277.99120103657,2545.40118907166,3687.55901452854,429.501842952819,526.88460089545,140.394498873815,3234.14227272205,1806.3246385001,2507.31470573642,321.110320709674,427.927441786651,96.2340462510975,0,108.703911754018,453.750753057598,267.276098545308,949.195716729942,1498.1527101764,2753.5693150624,1333.09587475212,250.686969552289,937.278569652148,476.897832704813,783.614517722707,3626.20079345268,3320.88667539389,258.336661406874,291.771486475552,392.347439115509,242.908512832874,294.436730128018,2902.77744060752,256.019181615495,250.89116098719,1181.29776766784,2798.45154785195,3268.34305368961,2319.9553118654,751.5962503637,2884.87401530778,2938.20006152422,3046.35515496616,3033.85696299416,3739.09969088848,2854.24096250674,2884.07598230974,3452.04045657414,2880.51849160868,1474.26571825716,1879.28768612557,998.232704030708,1871.3547148179,1643.08116234282,3255.9788042677,2324.89453540269,881.704384983721,3934.79616885499,1244.37380482582,2557.24602566532,2523.63141748761,2515.08907069686,1531.58863013558,3231.69348767742,1892.0698463586,1711.88032302591,3559.34399792475,3085.30386695976,238.814035716075
"kele1259",1139.11303117741,1731.03887651062,2051.25881087387,1412.92794152119,327.193676796859,774.144906617732,865.084850895715,856.069815551812,1065.87951995522,889.331425409162,772.318155657511,222.512994661008,1563.6094285542,1760.10145193704,1646.2672573117,836.084752884585,1737.96863864665,1827.06553519443,3546.09117007835,3651.75263859456,2590.39232914036,674.177798019804,190.625595640359,166.779935965082,842.891734538621,2299.60865064538,2227.68251709285,2495.09250512794,3637.25033058482,467.308706334679,635.576652986668,104.863932467884,3183.83358877833,1756.01595455638,2457.0060217927,213.283870776748,534.938681223003,94.7012931838423,108.703911754018,0,382.547824540662,292.377883576462,898.88703278622,1447.84402623267,2703.26063111868,1282.7871908084,191.873837601387,886.969885708425,1067.85921263745,733.305833778984,1609.96361477093,3270.57799145017,339.134514146028,334.733585749492,472.53035581363,288.597199477586,202.356536152054,2852.4687566638,178.508304375244,228.076300875988,1130.98908372411,2748.14286390823,3218.03436974589,2269.64662792168,767.139573338303,2834.56533136406,2887.8913775805,2996.04647102244,2983.54827905044,3688.79100694476,2803.93227856302,2833.76729836602,3401.73177263042,2830.20980766496,1423.95703431344,1828.97900218184,947.924020086985,1821.04603087418,1592.7724783991,3205.67012032397,2274.58585145896,831.395701039998,3884.48748491127,1194.0651208821,2506.9373417216,2473.32273354389,2464.78038675314,1481.27994619185,3181.38480373369,1882.88190910258,1661.57163908218,3509.03531398102,3034.99518301604,322.995880807064
"ilok1237",1511.51773947053,1298.41540717002,1913.94752303253,1275.61665367985,394.395084896458,1146.54961491085,727.773563054378,718.758527710475,445.227281841173,752.020137567824,1144.72286395063,589.315005485765,1426.29814071286,1426.97981743559,1508.95596947036,666.698622957426,1600.65735080531,1689.75424735309,3408.77988223702,3514.44135075322,2453.08104129902,727.357696804808,565.806690403837,545.226179089323,705.580446697284,2162.29736280405,2090.37122925151,2357.7812172866,1489.92374220304,442.246222517108,1728.42737942471,313.867418433884,3046.52230093699,1618.70466671504,2319.69473395136,280.24205928799,1587.00759249509,477.237860136438,453.750753057598,382.547824540662,0,341.645123681207,1271.29174107934,1310.53273839134,2565.94934327734,1145.47590296706,203.537570945395,1259.37459400155,1440.26392093058,1105.71054207211,1308.32773217437,3133.26670360883,1319.78787151697,1188.25622499915,1343.52146855433,1207.31000599829,195.079286903793,2715.15746882246,475.872452872226,1091.63975480849,993.677795882777,2610.83157606689,3080.72308190455,2132.33534008034,655.598673479821,2697.25404352272,2750.58008973916,2858.7351831811,2846.2369912091,3551.47971910342,2666.62099072168,2696.45601052468,3264.42048478908,2692.89851982362,1286.6457464721,1691.66771434051,298.131680535919,1683.73474303284,1455.46119055776,1481.56775882267,2137.27456361763,694.084413198661,3747.17619706993,1056.75383304076,2369.62605388026,2336.01144570255,2327.4690989118,1343.96865835052,3044.07351589236,1403.18616959223,1524.26035124085,3371.72402613969,2897.6838951747,510.682773491392
"ilon1239",1435.01729096054,1891.92609253254,940.517810453838,1708.83220130431,55.2731731879471,1070.04916640086,1160.98911067884,1151.97407533494,1361.78377973834,1185.23568519229,1068.22241544064,378.916729102443,822.768326426365,1893.74261421237,1942.17151709483,564.495327536799,976.61993208302,869.7554506179,3841.99542986148,3947.65689837768,2886.29658892349,970.082057802932,455.884087982512,428.604925773601,1138.79599432175,2595.51291042851,1044.32407742441,2790.99676491107,3933.15459036794,175.818477147202,577.626336045049,193.889134524538,3479.73784856145,2051.92021433951,2752.91028157583,404.207852286294,539.307861433132,351.796144208741,267.276098545308,292.377883576462,341.645123681207,0,1194.79129256935,473.945856601608,1128.63289479662,1578.69145059153,203.70099316595,1182.87414549155,668.857115334169,1029.21009356211,1877.63139826688,3566.4822512333,489.589341563199,553.635922970086,612.099628332044,505.318870898593,307.822328648322,3148.37301644693,469.103668249118,1015.1393062985,1426.89334350724,1476.92798722126,3513.93862952901,2565.55088770481,483.724276785574,3130.46959114719,3183.79563736362,3291.95073080557,3279.45253883357,3984.69526672789,3099.83653834614,3129.67155814914,3697.63603241355,3126.11406744809,563.825014184482,2124.88326196497,601.272063838329,2116.95029065731,1888.67673818223,3501.5743801071,2570.49011124209,1127.29996082313,4180.3917446944,714.789555679777,2802.84160150472,2769.22699332701,2760.68464653627,1777.18420597498,3477.28906351682,1821.33622650843,1957.47589886531,3804.93957376415,3330.89944279917,178.828050969913
"ivat1242",779.809682028604,3591.43083121763,2028.76530211157,1390.43443275888,1227.04787356454,414.841557468927,842.59134213341,833.576306789507,1043.38601119291,866.837916646857,240.347415613393,922.987208561142,1541.11591979189,3683.80681749534,1623.77374854939,945.549726354975,1715.47512988434,1804.57202643213,3523.59766131605,3629.25912983225,2567.89882037805,651.6842892575,761.373174259666,786.660523811177,820.398225776317,2277.11514188308,2205.18900833054,2472.59899636563,3614.75682182251,1693.54482726322,1333.52916236928,1001.45099923223,3161.34008001602,1733.52244579407,2434.51251303039,885.092625089899,1192.10937543966,852.529768376533,949.195716729942,898.88703278622,1271.29174107934,1194.79129256935,0,1425.35051747037,2680.76712235638,1260.2936820461,1087.06126891961,527.666536559621,1045.36570387515,710.812325016679,3553.39860074666,3248.08448268786,924.88965446154,793.35800794372,948.6232514989,812.411788942867,982.681272602358,2829.97524790149,707.32515766471,696.741537753063,1108.49557496181,2725.64935514592,3195.54086098358,2247.15311915938,1790.56727628501,2812.07182260175,2865.39786881819,2973.55296226014,2961.05477028814,3666.29749818245,2781.43876980071,2811.27378960371,3379.23826386811,2807.71629890266,1401.46352555114,1806.48549341954,925.43051132468,1798.55252211187,1570.27896963679,3183.17661156167,2252.09234269666,808.902192277693,3861.99397614896,1171.57161211979,2484.44383295929,2450.82922478158,2442.28687799083,1458.78643742955,3158.89129497139,3749.17393041999,1639.07813031988,3486.54180521872,3012.50167425373,1186.30587485699
"alab1246",1665.57651586156,872.52626805315,881.195405931354,362.89224509112,541.878093779424,1300.60839130188,881.832339445407,712.25929743586,922.069001839264,745.52090729321,1298.78164034166,1471.9442020076,393.54602361168,1244.44060717552,596.231560881632,838.218356712916,567.905233704133,657.002130251914,2376.02776513584,2481.68923365204,1420.32892419784,881.416473195837,1310.33016770612,1335.61751725763,859.639223088313,1129.54524570287,1057.61911215033,1325.02910018542,1069.84069011863,443.504005308239,841.299954295158,720.115478682356,2013.77018383581,705.980258126313,1286.94261685018,1114.82480902824,1741.06636888612,1401.48676182299,1498.1527101764,1447.84402623267,1310.53273839134,473.945856601608,1425.35051747037,0,639.66993007075,312.42787233901,656.354546477517,1413.43337039258,1594.3226973216,1259.76931846313,918.161703267882,2100.51458650765,1473.846647908,1342.31500139017,1497.58024494535,1361.36878238932,1212.4134565407,1682.40535172128,1256.28215111117,1245.69853119952,834.753693624457,1578.07945896571,2047.97096480337,1099.58322297916,642.997380104798,1664.50192642154,1717.82797263798,1825.98306607992,1813.48487410792,2518.72760200224,1633.8688736205,1663.7038934235,2231.6683676879,1660.14640272244,65.433221121376,658.915597239328,1155.16269526302,771.010334444113,422.709073456582,2035.60671538146,1104.52244651645,848.14318958969,2714.42407996875,225.830811053038,1336.87393677908,1303.25932860137,1294.71698181062,431.244249761787,2011.32139879118,953.718571874883,611.535942652117,2338.97190903851,1864.93177807352,702.531457341751
"atii1237",2920.99312074756,584.526867394024,211.958437530899,1618.30884997713,1206.12145223936,2556.02499618789,2137.24894433141,1967.67590232187,2177.48560672527,2000.93751217922,2554.19824522767,2727.3608068936,476.383197942571,674.646803509755,622.318742954923,689.566676109875,513.812424870856,522.106144307738,2254.661662527,2360.3231310432,1298.96282158901,2136.83307808184,2565.74677259213,2591.03412214364,2115.05582797432,1008.17914309403,249.115638132131,1203.66299757659,632.73490579445,939.144910607552,1523.67381726419,2805.82459756469,1892.40408122697,480.358666689165,324.90943609679,2370.24141391424,2996.48297377213,2656.90336670899,2753.5693150624,2703.26063111868,2565.94934327734,1128.63289479662,2680.76712235638,639.66993007075,0,1567.84447722502,2572.21005774395,2668.84997527858,2849.73930220761,2515.18592334914,483.796286346086,1979.14848389882,2729.263252794,2597.73160627618,2752.99684983136,2616.78538727533,2467.8300614267,1561.03924911245,2511.69875599717,2501.11513608552,2090.17029851046,197.908794271853,1926.60486219453,978.217120370329,724.712562763652,1543.13582381271,1596.46187002914,1704.61696347109,1571.44475701117,2397.36149939341,1512.50277101166,1542.33779081466,2110.30226507907,1418.10628562569,754.515322006071,417.531973788071,2410.57930014902,431.634766576143,339.106567289969,1793.56659828471,1075.87215411168,2103.5597944757,2593.05797735992,2032.07655176319,1094.83381968233,1061.21921150462,1173.35087920179,733.054035773771,1769.28128169443,635.194802200514,533.469469814416,2096.93179194176,1622.89166097677,1276.9022746312
"iray1237",1500.51968043729,500.66247068817,915.842656980206,277.511787627522,1610.94803158672,1135.55155587761,716.775504021134,547.202462011588,757.012166414991,580.464071868937,1133.72480491739,1306.88736658332,428.193274660532,917.84336519365,510.851103418034,872.865607761768,602.552484752985,691.649381300765,2410.67501618469,2516.33648470089,1454.97617524669,716.359637771564,1145.27333228185,1170.56068183336,694.58238766404,1164.19249675172,1092.26636319918,1359.67635123427,856.753638337172,1133.57632659634,1717.42932039146,1385.35115725442,2048.41743488466,620.599800662715,1321.58986789903,949.767973603964,1576.00953346185,1236.42992639872,1333.09587475212,1282.7871908084,1145.47590296706,1578.69145059153,1260.2936820461,312.42787233901,1567.84447722502,0,1151.73661743367,1248.3765349683,1429.26586189733,1094.71248303886,502.767320268958,2135.1618375565,1308.78981248372,1177.2581659659,1332.52340952108,1196.31194696505,1047.35662111642,1717.05260277013,1091.22531568689,1080.64169577525,669.696858200184,1612.72671001456,2082.61821585222,1134.23047402802,677.64463115365,1699.14917747039,1752.47522368683,1860.63031712878,1848.13212515678,2553.37485305109,1668.51612466935,1698.35114447235,2266.31561873675,1694.7936537713,288.540880419777,693.56284828818,990.105859838745,685.629876980515,457.356324505434,760.064003668636,1139.1696975653,683.086354165417,2749.07133101761,611.603111452914,1371.52118782793,1337.90657965022,1329.36423285947,345.863792298188,2045.96864984003,713.092787205091,526.155485188518,1135.14402966636,1899.57902912237,1570.20603287917
"isin1239",1327.2872673108,1511.40424495784,1920.20823749914,1281.87736814646,257.634011984613,962.319142751118,734.034277520984,725.019242177081,934.828946580484,758.28085203443,960.492391790898,386.64568062077,1432.55885517947,1631.34706702233,1515.21668393697,685.278658471565,1606.91806527192,1696.0149618197,3415.04059670362,3520.70206521982,2459.34175576563,543.127224645073,382.214227271172,358.653508713219,711.84116116389,2168.55807727065,2096.63194371812,2364.04193175321,1695.33499532666,363.488389467572,721.645207820875,110.434072569851,3052.7830154036,1624.96538118165,2325.95544841797,206.860207504799,649.906607512608,284.653809036228,250.686969552289,191.873837601387,203.537570945395,203.70099316595,1087.06126891961,656.354546477517,2572.21005774395,1151.73661743367,0,1075.14412184181,1256.03344877084,921.48006991237,1587.84372846258,3139.52741807544,508.785998359217,1004.02575283941,1159.29099639459,476.418963213549,104.328626510268,2721.41818328907,329.761626869225,414.298295213087,999.938510349383,2617.09229053349,3086.98379637115,2138.59605454695,664.185289803552,2703.51475798933,2756.84080420576,2864.99589764771,2852.49770567571,3557.74043357003,2672.88170518829,2702.71672499128,3270.68119925569,2699.15923429023,1292.90646093871,1697.92842880711,407.068647947555,1689.99545749945,1461.72190502437,3074.61954694924,2143.53527808423,700.345127665267,3753.43691153654,1063.01454750737,2375.88676834687,2342.27216016916,2333.72981337841,1350.22937281712,3050.33423035896,1606.58923870529,1530.52106570745,3377.98474060629,2903.94460964131,337.309939455816
"isna1241",350.822021286201,3579.51368413984,2016.84815503377,1378.51728568109,1215.13072648675,144.113714447884,830.674195055616,821.659159711713,1031.46886411512,854.920769569062,401.097659430913,911.070061483348,1529.1987727141,3671.88967041755,1611.8566014716,1973.87110581533,1703.55798280655,1792.65487935433,3511.68051423825,3617.34198275446,2555.98167330026,639.767142179705,749.456027181872,774.743376733383,808.481078698522,2265.19799480528,2193.27186125275,2460.68184928784,3602.83967474472,1681.62768018542,636.50829712031,989.53385215444,3149.42293293823,1721.60529871628,2422.5953659526,873.175478012105,521.191194908234,840.612621298739,937.278569652148,886.969885708425,1259.37459400155,1182.87414549155,527.666536559621,1413.43337039258,2668.84997527858,1248.3765349683,1075.14412184181,0,308.699915923457,332.418676276674,3541.48145366886,3236.16733561007,435.253690884981,781.440860865926,316.594186265774,800.494641865073,970.764125524564,2818.0581008237,695.408010586916,684.824390675269,1096.57842788401,2713.73220806813,3183.62371390579,2235.23597208158,1778.65012920722,2800.15467552396,2853.4807217404,2961.63581518234,2949.13762321034,3654.38035110466,2769.52162272292,2799.35664252592,3367.32111679032,2795.79915182486,1389.54637847334,1794.56834634175,913.513364246886,1786.63537503408,1558.361822559,3171.25946448388,2240.17519561886,796.985045199899,3850.07682907117,1159.654465042,2472.5266858815,2438.91207770379,2430.36973091304,1446.86929035175,3146.97414789359,3737.2567833422,1627.16098324208,3474.62465814092,3000.58452717594,1174.3887277792
"itaw1240",170.87450470755,3760.40301106887,2197.7374819628,1559.40661261012,649.917923264721,388.669952203341,1011.56352198464,1002.54848664074,1212.35819104415,1035.81009649809,432.605454497179,344.777585891533,1710.08809964313,3852.77899734657,1792.74592840063,2154.76043274436,1884.44730973558,1973.54420628336,3692.56984116728,3798.23130968349,2736.87100022929,820.656469108735,447.857363669414,449.836927884807,989.370405627552,2446.08732173431,2374.16118818178,2641.57117621687,3783.72900167375,761.230739600563,336.399086346859,1170.42317908347,3330.31225986726,1902.49462564531,2603.48469288163,1054.06480494113,212.77790058768,482.432603485996,476.897832704813,1067.85921263745,1440.26392093058,668.857115334169,1045.36570387515,1594.3226973216,2849.73930220761,1429.26586189733,1256.03344877084,308.699915923457,0,337.88840988445,3722.37078059789,3417.0566625391,229.960620505271,307.340206335574,112.069424981086,324.266904632371,1151.65345245359,2998.94742775273,876.297337515945,865.713717604298,1277.46775481304,2894.62153499716,3364.51304083482,2416.12529901061,1959.53945613624,2981.04400245299,3034.37004866943,3142.52514211137,3130.02695013937,3835.26967803369,2950.41094965195,2980.24596945495,3548.21044371935,2976.68847875389,1570.43570540237,1975.45767327077,1094.40269117592,1967.52470196311,1739.25114948803,3352.1487914129,2421.06452254789,977.874372128928,4030.9661560002,1340.54379197103,2653.41601281053,2619.80140463282,2611.25905784207,1627.75861728078,3327.86347482262,3918.14611027122,1808.05031017111,3655.51398506995,3181.47385410497,513.350253532647
"bino1237",951.038323407868,3425.8496322104,1863.18410310433,1224.85323375165,1061.46667455731,586.070198848191,677.010143126174,667.995107782272,877.804812185675,701.256717639621,584.243447887971,308.586922009526,1375.53472078466,3518.2256184881,1458.19254954216,1820.20705388589,1549.89393087711,1638.99082742489,3358.01646230881,3463.67793082502,2402.31762137082,486.103090250264,256.185442507723,277.927458400938,654.817026769081,2111.53394287584,2039.60780932331,2307.0177973584,3449.17562281527,1527.96362825598,1167.94796336204,835.869800224998,2995.75888100879,1567.94124678684,2268.93131402316,719.511426082663,485.828009279637,686.948569369297,783.614517722707,733.305833778984,1105.71054207211,1029.21009356211,710.812325016679,1259.76931846313,2515.18592334914,1094.71248303886,921.48006991237,332.418676276674,337.88840988445,0,3387.81740173942,3082.50328368063,239.958126107882,128.020687778123,237.708439416012,175.056002842875,817.100073595122,2664.39404889426,541.743958657475,246.335057369348,942.914375954573,2560.06815613869,3029.95966197634,2081.57192015214,1624.98607727777,2646.49062359452,2699.81666981095,2807.9717632529,2795.4735712809,3500.71629917522,2615.85757079348,2645.69259059647,3213.65706486088,2642.13509989542,1235.8823265439,1640.9042944123,759.849312317444,1632.97132310464,1404.69777062956,3017.59541255443,2086.51114368942,643.320993270458,3696.41277714173,1005.99041311256,2318.86263395206,2285.24802577435,2276.7056789836,1293.20523842231,2993.31009596415,3583.59273141275,1473.49693131264,3320.96060621148,2846.9204752465,1020.72467584976
"kaga1256",3793.62459913784,66.0040373768228,411.278051912883,536.870719692021,1900.846601992,3428.65647457817,1026.18177236498,795.945176721377,993.879372530927,818.038576056583,3426.82972361795,3599.99228528388,405.281786428608,198.253753544451,459.852031967469,813.915413324861,704.729614279266,703.765511419737,3127.29314091728,3232.95460943348,855.270946812376,900.131971536697,3438.37825098241,3463.66560053392,935.071088168417,1880.81062148431,706.492225904061,574.468841520736,129.279884052893,1529.0637458609,4010.53423909202,1710.62648623103,2765.03555961725,387.979317550385,386.266151801506,1611.47141355778,3869.1144521624,1700.75624853735,3626.20079345268,1609.96361477093,1308.32773217437,1877.63139826688,3553.39860074666,918.161703267882,483.796286346086,502.767320268958,1587.84372846258,3541.48145366886,3722.37078059789,3387.81740173942,0,2851.7799622891,3601.89473118428,3470.36308466646,3625.62832822164,3489.41686566561,1440.37281854661,2433.67072750273,3384.33023438745,3373.7466144758,877.91285182502,399.058019239408,1079.0244066334,1850.84859876061,854.217295386722,1201.84270224009,2469.09334841942,2577.24844186137,1853.29188800919,3269.99297778369,2385.13424940194,2414.96926920494,2982.93374346935,1934.75816985525,898.976510813024,701.552273201364,1334.01151849172,322.825417129975,434.934272082078,931.92512939097,1948.50363250196,1028.89681950887,1504.23241960787,1184.24069199978,466.257010004129,466.901342056202,2045.98235759207,636.125823905425,2051.12841269244,230.802251066533,325.374671870872,1235.29032304802,1904.73879197479,3863.31095157973
"kala1388",3488.31048107905,2889.81219276007,1915.39503995784,2185.62621030861,3598.73883222849,3123.34235651938,2704.5663046629,2534.99326265335,2744.80296705676,2568.2548725107,3121.51560555916,3294.67816722509,1929.46720613739,2982.18817903778,2418.96552609913,1980.40581402968,1710.09269102089,1799.18958756868,338.662822679366,383.17537263773,698.300671782002,2704.15043841333,3133.06413292361,3158.35148247513,2682.37318830581,1196.11128387707,1596.28618007705,1391.59513835963,2913.13818336495,3121.36712723811,3705.22012103323,3373.14195789618,93.5990613217325,2528.71422334381,1732.89387457283,2937.55877424573,3563.80033410361,3224.22072704048,3320.88667539389,3270.57799145017,3133.26670360883,3566.4822512333,3248.08448268786,2100.51458650765,1979.14848389882,2135.1618375565,3139.52741807544,3236.16733561007,3417.0566625391,3082.50328368063,2851.7799622891,0,3296.58061312549,3165.04896660767,3320.31421016285,3184.10274760682,3035.14742175819,801.223172721704,3079.01611632866,3068.43249641701,2657.48765884195,2024.03071668836,406.745494229277,1166.14926115337,2178.91856263051,484.361916688494,616.31198494474,380.487617424828,574.926538342344,483.063722978796,456.083697735314,489.002674959493,171.343335921688,744.058383871364,2076.62759458842,1693.11523126582,2977.89666048051,2593.74429966161,1958.6302559823,2481.55797310411,1643.18951444316,2670.87715480718,615.9349064907,2599.39391209468,1782.82519450173,1749.21058632402,1361.28301998483,2253.97821497928,490.424521192123,3047.55529196243,2434.26990786961,1383.63593124033,589.09976822374,3557.99683352094
"lowe1412",396.957471518774,3639.92696165526,2077.26143254919,1438.93056319651,485.170426401315,800.147528293052,891.087472571035,882.072437227133,1091.88214163054,915.334047084482,798.320777332832,122.20178116988,1589.61205022952,3732.30294793296,1672.26987898702,2034.28438333075,1763.97126032197,1853.06815686975,3572.09379175367,3677.75526026988,2616.39495081568,700.180419695125,225.836404222059,223.488118571798,868.894356213942,2325.6112723207,2253.68513876817,2521.09512680326,3663.25295226014,617.366074822237,413.536361464934,398.686549277085,3209.83621045365,1782.0185762317,2483.00864346802,933.588755527524,275.836892735908,252.657170223221,258.336661406874,339.134514146028,1319.78787151697,489.589341563199,924.88965446154,1473.846647908,2729.263252794,1308.78981248372,508.785998359217,435.253690884981,229.960620505271,239.958126107882,3601.89473118428,3296.58061312549,0,131.140076004942,134.442370515154,117.213798593465,1031.17740303998,2878.47137833912,755.821288102336,274.124665698818,1156.99170539943,2774.14548558355,3244.03699142121,2295.649249597,1839.06340672263,2860.56795303938,2913.89399925582,3022.04909269776,3009.55090072576,3714.79362862008,2829.93490023834,2859.76992004134,3427.73439430574,2856.21242934028,1449.95965598876,1854.98162385716,973.926641762305,1847.0486525495,1618.77510007442,3231.6727419993,2300.58847313428,857.398322715318,3910.49010658659,1220.06774255742,2532.93996339692,2499.32535521921,2490.78300842846,1507.28256786717,3207.38742540901,3797.67006085761,1687.5742607575,3535.03793565634,3060.99780469136,370.899563107964
"lubu1243",477.431701439054,3508.39531513744,1945.72978603137,1307.39891667869,560.973121479732,668.615881775232,759.555826053215,750.540790709312,960.350495112716,783.802400566662,666.789130815011,180.603950316975,1458.0804037117,3600.77130141514,1540.7382324692,1902.75273681293,1632.43961380415,1721.53651035193,3440.56214523585,3546.22361375206,2484.86330429786,568.648773177304,161.633780185853,175.508296751083,737.362709696121,2194.07962580288,2122.15349225035,2389.56348028544,3531.72130574232,701.431271019241,542.581287303352,420.522947722092,3078.30456393583,1650.48692971388,2351.4769969502,802.057109009704,402.871894317319,240.103369464602,291.771486475552,334.733585749492,1188.25622499915,553.635922970086,793.35800794372,1342.31500139017,2597.73160627618,1177.2581659659,1004.02575283941,781.440860865926,307.340206335574,128.020687778123,3470.36308466646,3165.04896660767,131.140076004942,0,195.272476596005,48.8659265370139,899.645756522163,2746.9397318213,310.087203936238,182.651866424897,1025.46005888161,2642.61383906573,3112.50534490338,2164.11760307918,1707.53176020481,2729.03630652156,2782.362352738,2890.51744617994,2878.01925420794,3583.26198210226,2698.40325372052,2728.23827352352,3296.20274778792,2724.68078282246,1318.42800947094,1723.44997733934,842.394995244485,1715.51700603168,1487.2434535566,3100.14109548147,2169.05682661646,725.866676197498,3778.95846006877,1088.5360960396,2401.4083168791,2367.79370870139,2359.25136191064,1375.75092134935,3075.85577889119,3666.13841433979,1556.04261423968,3403.50628913852,2929.46615817354,467.244473566799
"limo1248",282.425286847775,3663.66055869262,2100.99502958655,1462.66416023387,601.49057817358,823.881125330412,914.821069608395,905.806034264492,1115.6157386679,939.067644121841,822.054374370191,256.347004901925,1613.34564726688,3756.03654497032,1696.00347602438,2058.01798036811,1787.70485735933,1876.80175390711,3595.82738879103,3701.48885730724,2640.12854785304,723.914016732484,339.374926859911,343.564507032893,892.627953251301,2349.34486935806,2277.41873580553,2544.82872384062,3686.9865492975,725.526479669862,397.070950420564,532.741616683419,3233.56980749101,1805.75217326906,2506.74224050538,957.322352564884,257.432461193935,383.680025465584,392.347439115509,472.53035581363,1343.52146855433,612.099628332044,948.6232514989,1497.58024494535,2752.99684983136,1332.52340952108,1159.29099639459,316.594186265774,112.069424981086,237.708439416012,3625.62832822164,3320.31421016285,134.442370515154,195.272476596005,0,214.10483142711,1054.91100007734,2902.20497537648,779.554885139695,374.345524463638,1180.72530243679,2797.87908262091,3267.77058845856,2319.38284663436,1862.79700375999,2884.30155007674,2937.62759629318,3045.78268973512,3033.28449776312,3738.52722565744,2853.6684972757,2883.5035170787,3451.4679913431,2879.94602637764,1473.69325302612,1878.71522089452,997.660238799665,1870.78224958686,1642.50869711178,3255.40633903665,2324.32207017164,881.131919752678,3934.22370362395,1243.80133959478,2556.67356043428,2523.05895225657,2514.51660546582,1531.01616490453,3231.12102244637,3821.40365789497,1711.30785779486,3558.7715326937,3084.73140172872,474.987869752995
"sout2908",495.103869515579,3527.44909613659,1964.78356703052,1326.45269767783,513.659830066497,687.66966277438,778.609607052363,769.59457170846,979.404276111863,802.856181565809,685.842911814159,135.829336384139,1477.13418471084,3619.82508241429,1559.79201346835,1921.80651781208,1651.4933948033,1740.59029135108,3459.615926235,3565.2773947512,2503.91708529701,587.702554176452,126.466324846673,135.171699090531,756.416490695269,2213.13340680203,2141.20727324949,2408.61726128459,3550.77508674146,654.849468449603,529.357068592818,372.276994800534,3097.35834493497,1669.54071071303,2370.53077794935,821.110890008852,392.814725334377,193.921357982127,242.908512832874,288.597199477586,1207.31000599829,505.318870898593,812.411788942867,1361.36878238932,2616.78538727533,1196.31194696505,476.418963213549,800.494641865073,324.266904632371,175.056002842875,3489.41686566561,3184.10274760682,117.213798593465,48.8659265370139,214.10483142711,0,918.699537521311,2765.99351282045,280.936967007973,162.155824624809,1044.51383988076,2661.66762006487,3131.55912590253,2183.17138407833,1726.58554120396,2748.09008752071,2801.41613373714,2909.57122717909,2897.07303520709,3602.31576310141,2717.45703471966,2747.29205452266,3315.25652878707,2743.73456382161,1337.48179047009,1742.50375833849,861.448776243633,1734.57078703083,1506.29723455575,3119.19487648062,2188.11060761561,744.920457196646,3798.01224106792,1107.58987703874,2420.46209787824,2386.84748970053,2378.30514290979,1394.8047023485,3094.90955989034,3685.19219533894,1575.09639523883,3422.56007013767,2948.51993917269,423.832349234866
"kaya1320",1222.90727099355,1551.01270727946,1815.82824118189,1177.49737182921,361.332216189138,857.93914643387,629.654281203736,620.639245859833,830.448950263236,653.900855717182,856.11239547365,422.644636427248,1328.17885886222,1551.78449215797,1410.83668761972,812.872147702792,1502.53806895467,1591.63496550245,3310.66060038637,3416.32206890258,2354.96175944838,438.747228327825,374.842372555036,356.107119453711,607.461164846642,2064.1780809534,1992.25194740087,2259.66193543596,3401.81976089284,466.311651830392,1439.81691094772,172.142361370854,2948.40301908635,1520.5853848644,2221.57545210072,110.145677120789,1298.39712401811,294.412993914843,294.436730128018,202.356536152054,195.079286903793,307.822328648322,982.681272602358,1212.4134565407,2467.8300614267,1047.35662111642,104.328626510268,970.764125524564,1151.65345245359,817.100073595122,1440.37281854661,3035.14742175819,1031.17740303998,899.645756522163,1054.91100007734,918.699537521311,0,2617.03818697182,281.816980807166,391.143438590843,895.558514032135,2512.71229421625,2982.60380005391,2034.2160582297,756.393870715987,2599.13476167208,2652.46080788852,2760.61590133046,2748.11770935846,3453.36043725278,2568.50170887104,2598.33672867404,3166.30120293844,2594.77923797298,1188.52646462146,1593.54843248987,316.531796683596,1585.6154611822,1357.34190870712,2970.239550632,2039.15528176698,595.965131348019,3649.05691521929,958.634551190117,2271.50677202962,2237.89216385191,2229.34981706116,1245.84937649987,2945.95423404171,1674.41366056196,1426.1410693902,3273.60474428904,2799.56461332406,430.361864094938
"kama1363",3070.20124629268,2471.7029579737,1497.28580517148,1767.51697552224,3180.62959744212,2705.23312173301,2286.45706987653,2116.88402786698,2326.69373227039,2150.14563772433,2703.40637077279,2876.56893243872,1511.35797135102,2564.07894425141,2000.85629131276,1562.29657924331,1291.98345623453,1381.08035278231,926.859578948378,860.09089015333,1068.78572758568,2286.04120362696,2714.95489813724,2740.24224768876,2264.26395351944,778.002049090705,1178.17694529068,973.485903573261,2495.02894857858,2703.25789245174,3287.11088624686,2955.03272310981,719.616651688923,2110.60498855744,1314.78463978646,2519.44953945936,3145.69109931724,2806.11149225411,2902.77744060752,2852.4687566638,2715.15746882246,3148.37301644693,2829.97524790149,1682.40535172128,1561.03924911245,1717.05260277013,2721.41818328907,2818.0581008237,2998.94742775273,2664.39404889426,2433.67072750273,801.223172721704,2878.47137833912,2746.9397318213,2902.20497537648,2765.99351282045,2617.03818697182,0,2660.90688154229,2650.32326163064,2239.37842405558,1605.92148190199,1696.42776819121,748.040026367003,1760.80932784414,430.351604691836,190.629437129349,1474.43986946776,1841.32689704421,863.798153221493,595.732306705089,1312.16069681134,652.848602427177,1687.98842565873,1658.51835980205,1275.00599647945,2559.78742569414,2175.63506487524,1540.52102119593,2063.44873831774,1225.0802796568,2252.76792002081,964.552152941149,2181.28467730831,1364.71595971536,1331.10135153765,461.388385902224,1835.86898019291,2039.16342172746,2629.44605717606,2016.16067308324,2366.81393197479,1892.7738010098,3139.88759873457
"kank1243",947.551156055899,3422.36246485843,1859.69693575236,1221.36606639968,505.607260434364,582.583031496222,673.522975774205,664.507940430303,874.317644833706,697.769550287652,580.756280536002,300.609591385169,1372.04755343269,1687.78062602686,1454.70538219019,1816.71988653392,1546.40676352514,1635.50366007292,3354.52929495684,3460.19076347305,2398.83045401885,482.615922898295,155.757517857106,157.29002209078,651.329859417112,2108.04677552387,2036.12064197134,2303.53063000643,3445.68845546331,644.697904648276,1164.46079601008,276.361040520617,2992.27171365682,1564.45407943487,2265.44414667119,211.572165216269,1023.04100908046,168.364061786215,256.019181615495,178.508304375244,475.872452872226,469.103668249118,707.32515766471,1256.28215111117,2511.69875599717,1091.22531568689,329.761626869225,695.408010586916,876.297337515945,541.743958657475,3384.33023438745,3079.01611632866,755.821288102336,310.087203936238,779.554885139695,280.936967007973,281.816980807166,2660.90688154229,0,132.067401871353,939.427208602604,2556.58098878672,3026.47249462438,2078.08475280017,1621.4989099258,2643.00345624255,2696.32950245899,2804.48459590093,2791.98640392893,3497.22913182325,2612.37040344151,2642.20542324451,3210.16989750891,2638.64793254345,1232.39515919193,1637.41712706033,756.362144965475,1629.48415575267,1401.21060327759,3014.10824520247,2083.02397633745,639.833825918489,3692.92560978976,1002.50324576059,2315.37546660009,2281.76085842238,2273.21851163163,1289.71807107034,2989.82292861218,1766.99407783789,1470.00976396067,3317.47343885951,2843.43330789453,492.249489984497
"nort2877",936.967536144252,3411.77884494678,1849.11331584071,1210.78244648803,1047.39588729369,571.999411584575,662.939355862558,653.924320518656,863.734024922059,687.185930376005,570.172660624355,229.352049987232,1361.46393352104,3504.15483122449,1444.12176227854,1806.13626662228,1535.82314361349,1624.92004016127,3343.9456750452,3449.6071435614,2388.2468341072,472.032302986648,64.4948896160041,88.2932422877024,640.746239505465,2097.46315561223,2025.53702205969,2292.94701009478,3435.10483555166,677.498286781168,1153.87717609843,332.084299064886,2981.68809374517,1553.87045952322,2254.86052675954,338.171184877833,1012.45738916881,157.358586813214,250.89116098719,228.076300875988,1091.63975480849,1015.1393062985,696.741537753063,1245.69853119952,2501.11513608552,1080.64169577525,414.298295213087,684.824390675269,865.713717604298,246.335057369348,3373.7466144758,3068.43249641701,274.124665698818,182.651866424897,374.345524463638,162.155824624809,391.143438590843,2650.32326163064,132.067401871353,0,928.843588690957,2545.99736887507,3015.88887471273,2067.50113288852,1610.91529001416,2632.4198363309,2685.74588254734,2793.90097598928,2781.40278401728,3486.6455119116,2601.78678352986,2631.62180333286,3199.58627759726,2628.0643126318,1221.81153928028,1626.83350714869,745.778525053829,1618.90053584102,1390.62698336594,3003.52462529082,2072.44035642581,629.250206006842,3682.34198987811,991.91962584894,2304.79184668844,2271.17723851073,2262.63489171998,1279.1344511587,2979.23930870054,3569.52194414914,1459.42614404903,3306.88981894787,2832.84968798288,483.368450158634
"pamp1243",1348.721573353,902.443843149846,1438.16847826565,799.837608912968,1459.14992450244,983.753448793321,265.85627419852,126.578635809271,117.86650020654,152.632106586708,981.9266978331,1155.08925949904,950.519095945978,866.942569037156,1033.17692470348,1395.19142904721,1124.87830603843,1213.97520258621,2933.00083747014,3038.66230598634,1977.30199653214,564.561530687276,993.47522519756,1018.76257474907,209.487650473343,1686.51831803717,1614.59218448463,1882.00217251972,1129.34215456042,1102.9480034173,1565.63121330717,1233.55305017013,2570.74325617011,1142.92562194816,1843.91568918448,797.969866519675,1424.21142637756,1084.63181931443,1181.29776766784,1130.98908372411,993.677795882777,1426.89334350724,1108.49557496181,834.753693624457,2090.17029851046,669.696858200184,999.938510349383,1096.57842788401,1277.46775481304,942.914375954573,877.91285182502,2657.48765884195,1156.99170539943,1025.46005888161,1180.72530243679,1044.51383988076,895.558514032135,2239.37842405558,939.427208602604,928.843588690957,0,2135.05253130001,2604.94403713767,1656.55629531346,1199.9704524391,2221.47499875584,2274.80104497228,2382.95613841422,2370.45794644222,3075.70067433654,2190.8419459548,2220.6769657578,2788.6414400222,2217.11947505674,810.866701705223,1215.88866957363,838.307752754456,1207.95569826596,979.682145790881,947.411848627158,1661.49551885074,531.288247081129,3271.39715230305,580.974788273878,1893.84700911338,1860.23240093567,1851.69005414492,868.189613583635,2568.29447112547,967.299796060975,1048.48130647397,2895.9449813728,2421.90485040782,1418.40792579488
"kina1250",2965.87535353711,522.570306243246,366.974936396359,785.24916581475,1433.35443595882,2600.90722897743,2182.13117712096,2012.55813511141,2222.36783951481,2045.81974496876,2599.08047801721,2772.24303968315,678.256176268319,578.069995448252,553.786460328205,1457.97068648773,1187.65756347895,1276.75446002673,2299.54389531655,2405.20536383275,1343.84505437855,2181.71531087139,2610.62900538167,2635.91635493318,2159.93806076386,1053.06137588358,434.498089169011,1248.54523036613,495.700392300558,1277.55696472034,3182.78499349129,2850.70683035424,1937.28631401652,437.321685628212,304.104232211909,2415.12364670379,3041.36520656167,2701.78559949854,2798.45154785195,2748.14286390823,2610.83157606689,1476.92798722126,2725.64935514592,1578.07945896571,197.908794271853,1612.72671001456,2617.09229053349,2713.73220806813,2894.62153499716,2560.06815613869,399.058019239408,2024.03071668836,2774.14548558355,2642.61383906573,2797.87908262091,2661.66762006487,2512.71229421625,1605.92148190199,2556.58098878672,2545.99736887507,2135.05253130001,0,1971.48709498408,1023.09935315987,1656.48343508857,1588.01805660225,1641.34410281869,1749.49919626063,1505.21286714548,2442.24373218295,1557.38500380121,1587.22002360421,2155.18449786861,1351.87439576,1554.19246704648,578.372483926894,2455.46153293857,385.292150101568,536.563624454956,1727.33470841902,1120.75438690122,2148.44202726524,2637.94021014946,2076.95878455274,487.175146157076,994.987321638929,1218.23311199133,676.52631675257,1703.04939182874,563.457780433014,442.358250371772,957.169914526881,1556.65977111108,3035.561705979
"magu1243",3435.76685937477,1128.57078285931,1862.85141825356,2133.08258860433,3546.19521052421,3070.79873481509,2652.02268295862,2482.44964094907,2692.25934535247,2515.71125080642,3068.97198385487,3242.13454552081,1876.92358443311,1310.25670609567,2366.42190439484,1927.86219232539,1657.54906931661,1746.64596586439,439.471598452153,610.692199914232,628.000989357224,2651.60681670905,3080.52051121933,3105.80786077084,2629.82956660152,1143.56766217279,1543.74255837277,1339.05151665535,1219.89983309838,3068.82350553382,3652.67649932894,3320.5983361919,417.410737982576,2476.17060163952,1680.35025286855,2885.01515254145,3511.25671239933,3171.6771053362,3268.34305368961,3218.03436974589,3080.72308190455,3513.93862952901,3195.54086098358,2047.97096480337,1926.60486219453,2082.61821585222,3086.98379637115,3183.62371390579,3364.51304083482,3029.95966197634,1079.0244066334,406.745494229277,3244.03699142121,3112.50534490338,3267.77058845856,3131.55912590253,2982.60380005391,1696.42776819121,3026.47249462438,3015.88887471273,2604.94403713767,1971.48709498408,0,1113.60563944909,2126.37494092623,635.880943273951,865.01323337654,233.858185883782,303.678910994792,727.226062909471,498.367666666386,389.002885373627,586.820796441712,449.854920269451,2024.08397288414,1640.57160956154,2925.35303877623,2541.20067795732,1906.08663427801,2429.01435139983,1590.64589273888,2618.3335331029,645.714142633126,2546.8502903904,601.958775997448,603.455547482496,1308.73939828055,2201.434593275,366.374183041346,1300.02004091925,2381.72628616533,1067.49170681309,205.619868034189,3505.45321181666
"mama1275",2487.37911755057,1888.88082923159,914.463676429357,1184.69484678013,2597.8074687,2122.41099299089,1703.63494113441,1534.06189912487,1743.87160352827,1567.32350898222,2120.58424203067,2293.7468036966,928.535842608905,1981.25681550929,1418.03416257064,979.47445050119,709.161327492407,798.258224040188,1441.66243978156,1547.32390829776,485.963598843562,1703.21907488484,2132.13276939513,2157.42011894664,1681.44182477732,195.179920348587,595.354816548562,390.663774831143,1912.20681983646,2120.43576370962,2704.28875750474,2372.2105943677,1079.40485848153,1527.78285981532,731.962511044347,1936.62741071724,2562.86897057513,2223.28936351199,2319.9553118654,2269.64662792168,2132.33534008034,2565.55088770481,2247.15311915938,1099.58322297916,978.217120370329,1134.23047402802,2138.59605454695,2235.23597208158,2416.12529901061,2081.57192015214,1850.84859876061,1166.14926115337,2295.649249597,2164.11760307918,2319.38284663436,2183.17138407833,2034.2160582297,748.040026367003,2078.08475280017,2067.50113288852,1656.55629531346,1023.09935315987,1113.60563944909,0,1177.98719910202,730.136601067263,783.4626472837,891.617740725645,1258.50476830209,1584.36227664796,699.50354826622,729.33856806922,1297.30304233362,1105.16629691661,1075.69623105993,692.183867737331,1976.96529695202,1592.81293613312,957.698892453808,1480.62660957562,642.258150914677,1669.9457912787,1780.05875461447,1598.46254856619,781.893830973245,748.279222795535,360.351656456343,1253.04685145079,1456.34129298534,2046.62392843394,1433.33854434112,1783.99180323267,1309.95167226769,2557.06546999245
"cama1250",2030.7932746762,1063.34054137791,959.599382054213,728.10900390576,473.66196936105,1665.82515011652,1247.04909826005,1077.4760562505,1287.2857606539,1110.73766610785,1663.9983991563,855.71954091977,471.949999734539,2614.64089743799,961.448319696272,223.308017469011,646.309209826992,735.406106374773,2454.4317412587,2560.0932097749,1498.7329003207,1246.63323201048,1675.54692652076,1700.83427607227,1224.85598190295,1207.94922182573,530.934673764972,1403.43307630828,2545.59090176516,337.249850870236,689.8652533763,660.058046012744,2092.17415995867,1071.19701694095,1365.34659297304,1480.04156784288,851.273771769515,835.591395122661,751.5962503637,767.139573338303,655.598673479821,483.724276785574,1790.56727628501,642.997380104798,724.712562763652,677.64463115365,664.185289803552,1778.65012920722,1959.53945613624,1624.98607727777,854.217295386722,2178.91856263051,1839.06340672263,1707.53176020481,1862.79700375999,1726.58554120396,756.393870715987,1760.80932784414,1621.4989099258,1610.91529001416,1199.9704524391,1656.48343508857,2126.37494092623,1177.98719910202,0,1742.9059025444,1796.23194876084,1904.38704220278,1891.88885023078,2597.1315781251,1712.27284974336,1742.10786954636,2310.07234381076,1738.5503788453,619.110388185564,737.319573362187,1520.37945407766,1136.22709325875,501.113049579441,2114.01069150432,1182.92642263931,1213.35994840433,2792.82805609161,383.947427961348,1415.27791290194,1381.66330472423,1373.12095793348,796.461008576426,2089.72537491404,1253.27384359725,976.752701466757,2417.37588516137,1943.33575419638,585.268008939195
"atam1240",3052.29782099294,2453.79953267396,1479.38237987174,1749.6135502225,3162.72617214238,2687.32969643327,2268.55364457679,2098.98060256724,2308.79030697065,2132.24221242459,2685.50294547305,2858.66550713898,1493.45454605128,2546.17551895167,1982.95286601302,1544.39315394357,1274.08003093479,1363.17692748257,813.448978040172,794.404330121397,351.223545633907,2268.13777832722,2697.0514728375,2722.33882238902,2246.3605282197,760.098623790965,1160.27351999094,955.582478273521,2477.12552327884,2685.354467152,3269.20746094712,2937.12929781007,390.769318224658,2092.7015632577,1296.88121448672,2501.54611415962,3127.7876740175,2788.20806695437,2884.87401530778,2834.56533136406,2697.25404352272,3130.46959114719,2812.07182260175,1664.50192642154,1543.13582381271,1699.14917747039,2703.51475798933,2800.15467552396,2981.04400245299,2646.49062359452,1201.84270224009,484.361916688494,2860.56795303938,2729.03630652156,2884.30155007674,2748.09008752071,2599.13476167208,430.351604691836,2643.00345624255,2632.4198363309,2221.47499875584,1588.01805660225,635.880943273951,730.136601067263,1742.9059025444,0,256.737055462377,417.963319375949,1823.42347174447,801.378244276624,168.263180137689,334.237779519165,568.739018700939,647.683533760139,1640.61493450231,1257.10257117971,2541.8840003944,2157.7316395755,1522.61759589619,2045.545313018,1207.17685435706,2234.86449472107,979.531067885271,2163.38125200857,1346.81253441562,1313.19792623791,925.270359898721,1817.96555489317,909.118577911124,2611.54263187632,1998.2572477835,2348.91050667505,835.451224227369,3121.98417343483
"diba1242",3105.62386720938,2507.1255788904,1532.70842608817,1802.93959643894,3216.05221835882,2740.6557426497,2321.87969079323,2152.30664878368,2362.11635318708,2185.56825864103,2738.82899168948,2911.99155335542,1546.78059226772,2599.50156516811,2036.27891222945,1597.71920016,1327.40607715122,1416.502973699,953.976660698546,680.158487326874,1104.20834850238,2321.46382454366,2750.37751905394,2775.66486860545,2299.68657443613,813.424670007402,1213.59956620738,1008.90852448996,2530.45156949528,2738.68051336843,3322.53350716356,2990.45534402651,532.061325382664,2146.02760947413,1350.20726070316,2554.87216037606,3181.11372023394,2841.53411317081,2938.20006152422,2887.8913775805,2750.58008973916,3183.79563736362,2865.39786881819,1717.82797263798,1596.46187002914,1752.47522368683,2756.84080420576,2853.4807217404,3034.37004866943,2699.81666981095,2469.09334841942,616.31198494474,2913.89399925582,2782.362352738,2937.62759629318,2801.41613373714,2652.46080788852,190.629437129349,2696.32950245899,2685.74588254734,2274.80104497228,1641.34410281869,865.01323337654,783.4626472837,1796.23194876084,256.737055462377,0,662.813755551875,1876.7495179609,672.143323923993,424.982026444135,590.962959052397,531.542501864777,1723.41104657542,1693.94098071875,1310.42861739615,2595.21004661084,2211.05768579193,1575.94364211262,2098.87135923444,1260.50290057349,2288.19054093751,814.893280721951,2216.70729822501,1400.13858063206,1366.52397245435,978.596406115157,1871.29160110961,2074.58604264416,2664.86867809276,2051.58329399994,2402.23655289149,1928.1964219265,3175.31021965127
"ilia1236",3213.77896065133,2615.28067233235,1640.86351953012,1911.09468988089,3324.20731180076,2848.81083609165,2430.03478423517,2260.46174222563,2470.27144662903,2293.72335208298,2846.98408513143,3020.14664679736,1654.93568570967,2707.65665861005,2144.4340056714,1705.87429360195,1435.56117059317,1524.65806714095,574.701345507137,707.013303555965,406.991082595341,2429.6189179856,2858.53261249589,2883.8199620474,2407.84166787808,921.579763449348,1321.75465964932,550.903521972753,2638.60666293722,2846.83560681038,3430.6886006055,3098.61043746846,336.684671651734,2254.18270291608,1458.36235414511,2663.027253818,3289.26881367589,2949.68920661275,3046.35515496616,2996.04647102244,2858.7351831811,3291.95073080557,2973.55296226014,1825.98306607992,1704.61696347109,1860.63031712878,2864.99589764771,2961.63581518234,3142.52514211137,2807.9717632529,2577.24844186137,380.487617424828,3022.04909269776,2890.51744617994,3045.78268973512,2909.57122717909,2760.61590133046,1474.43986946776,2804.48459590093,2793.90097598928,2382.95613841422,1749.49919626063,233.858185883782,891.617740725645,1904.38704220278,417.963319375949,662.813755551875,0,536.769643349265,821.177222364373,267.930905126571,162.41076440418,565.334365457612,364.612218831418,1802.09607416069,1418.58371083809,2703.36514005278,2319.21277923388,1684.09873555457,2207.02645267638,1368.65799401544,2396.34563437946,833.345681503319,2324.86239166695,1508.293674074,1474.6790658963,1086.7514995571,1979.44669455155,574.16110715495,2773.0237715347,2159.73838744188,2510.39164633343,421.389362358421,3283.46531309321
"cota1241",3201.28076867932,1891.32411848017,1628.36532755812,1898.59649790889,3311.70911982876,2836.31264411965,2417.53659226317,2247.96355025363,2457.77325465703,2281.22516011098,2834.48589315943,3007.64845482536,1642.43749373767,1983.70010475788,2131.9358136994,1693.37610162995,1423.06297862117,1512.15987516895,390.62411277443,577.304080476877,1579.25046952077,2417.1207260136,2846.03442052389,2871.3217700754,2395.34347590608,1288.46679102579,1309.25646767732,1483.95064550835,949.08729127082,2834.33741483838,3418.1904086335,3086.11224549645,627.420930743318,2241.68451094408,1214.07602502996,2650.529061846,3276.77062170389,2937.19101464075,3033.85696299416,2983.54827905044,2846.2369912091,3279.45253883357,2961.05477028814,1813.48487410792,1571.44475701117,1848.13212515678,2852.49770567571,2949.13762321034,3130.02695013937,2795.4735712809,1853.29188800919,574.926538342344,3009.55090072576,2878.01925420794,3033.28449776312,2897.07303520709,2748.11770935846,1841.32689704421,2791.98640392893,2781.40278401728,2370.45794644222,1505.21286714548,303.678910994792,1258.50476830209,1891.88885023078,1823.42347174447,1876.7495179609,536.769643349265,0,625.993230138358,796.935161436778,692.454459928957,721.470305306186,638.688868855451,1789.59788218869,1406.08551886609,2690.86694808078,2306.71458726188,1671.60054358257,1483.06989882421,1356.15980204344,2383.84744240746,424.957157975267,2312.36419969495,784.337120221828,750.722512044118,1453.63852713355,1966.94850257955,176.326821934546,2049.06721768253,2147.24019546988,804.231875016635,194.353392121266,3270.96712112121
"sara1327",3906.52349657364,3308.02520825466,2333.60805545243,2603.8392258032,4016.95184772308,3541.55537201397,3122.77932015749,2953.20627814794,3163.01598255135,2986.46788800529,3539.72862105374,3712.89118271968,2347.68022163198,3400.40119453237,2837.17854159371,2398.61882952427,2128.30570651548,2217.40260306326,267.688735189574,116.934908652075,1905.10797786664,3122.36345390792,3551.2771484182,3576.56449796972,3100.5862038004,1614.32429937166,2014.49919557164,1809.80815385422,3331.35119885954,3539.5801427327,4123.43313652782,3791.35497339077,540.290487448913,2946.9272388384,2151.10689006742,3355.77178974032,3982.0133495982,3642.43374253507,3739.09969088848,3688.79100694476,3551.47971910342,3984.69526672789,3666.29749818245,2518.72760200224,2397.36149939341,2553.37485305109,3557.74043357003,3654.38035110466,3835.26967803369,3500.71629917522,3269.99297778369,483.063722978796,3714.79362862008,3583.26198210226,3738.52722565744,3602.31576310141,3453.36043725278,863.798153221493,3497.22913182325,3486.6455119116,3075.70067433654,2442.24373218295,727.226062909471,1584.36227664796,2597.1315781251,801.378244276624,672.143323923993,821.177222364373,625.993230138358,0,939.142535310364,956.99125867615,300.326046499579,1159.05608074599,2494.84061008301,2111.32824676041,3396.1096759751,3011.9573151562,2376.84327147689,2899.7709885987,2061.40252993775,3089.09017030177,126.604147549657,3017.60692758927,2201.03820999632,2167.42360181861,1779.49603547942,2672.19123047387,448.792972612253,3465.76830745702,2852.4829233642,1033.87068337848,776.541605640462,3976.20984901553
"mati1250",3021.6647681919,2423.16647987292,1448.74932707069,1718.98049742146,3132.09311934134,2656.69664363222,2237.92059177575,2068.3475497662,2278.1572541696,2101.60915962355,2654.869892672,2828.03245433794,1462.82149325024,2515.54246615063,1952.31981321197,1513.76010114253,1243.44697813374,1332.54387468152,752.18021646553,836.982934337235,252.889367865541,2237.50472552618,2666.41842003646,2691.70576958797,2215.72747541866,729.465570989923,1129.6404671899,924.949425472479,2446.4924704778,2654.72141435095,3238.57440814608,2906.49624500903,369.328499938934,2062.06851045666,1266.24816168568,2470.91306135858,3097.15462121646,2757.57501415333,2854.24096250674,2803.93227856302,2666.62099072168,3099.83653834614,2781.43876980071,1633.8688736205,1512.50277101166,1668.51612466935,2672.88170518829,2769.52162272292,2950.41094965195,2615.85757079348,2385.13424940194,456.083697735314,2829.93490023834,2698.40325372052,2853.6684972757,2717.45703471966,2568.50170887104,595.732306705089,2612.37040344151,2601.78678352986,2190.8419459548,1557.38500380121,498.367666666386,699.50354826622,1712.27284974336,168.263180137689,424.982026444135,267.930905126571,796.935161436778,939.142535310364,0,165.980983918377,527.19432598598,483.192076386153,1609.98188170127,1226.46951837867,2511.25094759336,2127.09858677446,1491.98454309514,2014.91226021696,1176.54380155601,2204.23144192003,1071.45523748546,2132.74819920753,1316.17948161458,1282.56487343687,894.637307097678,1787.33250209213,808.818457549037,2580.90957907528,1967.62419498246,2318.27745387401,689.218626503342,3091.35112063379
"west2555",3051.4997879949,2453.00149967592,1478.58434687369,1748.81551722446,3161.92813914434,2686.53166343522,2267.75561157875,2098.1825695692,2307.9922739726,2131.44417942655,2684.704912475,2857.86747414094,1492.65651305324,2545.37748595363,1982.15483301497,1543.59512094552,1273.28199793674,1362.37889448452,727.734510071716,846.089907677695,244.67742647783,2267.33974532918,2696.25343983946,2721.54078939097,2245.56249522165,759.300590792922,1159.4754869929,420.018224720004,2476.3274902808,2684.55643415395,3268.40942794908,2936.33126481203,421.082044378134,2091.90353025965,1296.08318148868,2500.74808116158,3126.98964101946,2787.41003395633,2884.07598230974,2833.76729836602,2696.45601052468,3129.67155814914,2811.27378960371,1663.7038934235,1542.33779081466,1698.35114447235,2702.71672499128,2799.35664252592,2980.24596945495,2645.69259059647,2414.96926920494,489.002674959493,2859.76992004134,2728.23827352352,2883.5035170787,2747.29205452266,2598.33672867404,1312.16069681134,2642.20542324451,2631.62180333286,2220.6769657578,1587.22002360421,389.002885373627,729.33856806922,1742.10786954636,334.237779519165,590.962959052397,162.41076440418,692.454459928957,956.99125867615,165.980983918377,0,672.426303296583,324.013744135532,1639.81690150427,1256.30453818167,2541.08596739636,2156.93360657745,1521.81956289814,2044.74728001996,1206.37882135901,2234.06646172303,1002.97698096871,2162.58321901053,1346.01450141758,1312.39989323987,924.472326900677,1817.16752189513,736.55254432033,2610.74459887828,1997.45921478546,2348.11247367701,558.674757785557,3121.18614043679
"mans1262",3619.4642622593,3020.96597394033,2046.5488211381,2316.77999148886,3729.89261340874,3254.49613769963,2835.72008584315,2666.1470438336,2875.95674823701,2699.40865369095,3252.66938673941,3425.83194840534,2060.62098731764,3113.34196021803,2550.11930727938,2111.55959520993,1841.24647220115,1930.34336874893,429.846137264469,324.277464597596,787.422728768224,2835.30421959358,3264.21791410387,3289.50526365538,2813.52696948606,1327.26506505733,1727.4399612573,1522.74891953988,3044.2919645452,3252.52090841836,3836.37390221348,3504.29573907643,201.82735067592,2659.86800452406,1864.04765575309,3068.71255542598,3694.95411528386,3355.37450822073,3452.04045657414,3401.73177263042,3264.42048478908,3697.63603241355,3379.23826386811,2231.6683676879,2110.30226507907,2266.31561873675,3270.68119925569,3367.32111679032,3548.21044371935,3213.65706486088,2982.93374346935,171.343335921688,3427.73439430574,3296.20274778792,3451.4679913431,3315.25652878707,3166.30120293844,652.848602427177,3210.16989750891,3199.58627759726,2788.6414400222,2155.18449786861,586.820796441712,1297.30304233362,2310.07234381076,568.739018700939,531.542501864777,565.334365457612,721.470305306186,300.326046499579,527.19432598598,672.426303296583,0,952.525701345717,2207.78137576867,1824.26901244607,3109.05044166076,2724.89808084186,2089.78403716255,2612.71175428436,1774.34329562342,2802.03093598743,246.270498998931,2730.54769327493,1913.97897568198,1880.36436750427,1492.43680116508,2385.13199615953,628.956956974922,3178.70907314268,2565.42368904986,2916.07694794141,755.779448851866,3689.15061470119
"mara1404",3047.94229729384,1972.79040032622,1475.02685617264,1745.25802652341,3158.37064844328,2682.97417273417,2264.19812087769,2094.62507886815,2304.43478327155,2127.8866887255,2681.14742177395,2854.30998343988,1489.09902235219,2065.16638660393,1978.59734231392,1540.03763024447,1269.72450723569,1358.82140378347,884.04335957865,1042.36732997608,394.208531260181,2263.78225462812,2692.69594913841,2717.98329868992,2242.0050045206,1135.12831964031,1155.91799629184,307.841272822874,1996.1163909311,2680.9989434529,3264.85193724802,2932.77377411097,699.911015914936,2088.3460395586,1060.73755364448,2497.19059046052,3123.4321503184,2783.85254325527,2880.51849160868,2830.20980766496,2692.89851982362,3126.11406744809,2807.71629890266,1660.14640272244,1418.10628562569,1694.7936537713,2699.15923429023,2795.79915182486,2976.68847875389,2642.13509989542,1934.75816985525,744.058383871364,2856.21242934028,2724.68078282246,2879.94602637764,2743.73456382161,2594.77923797298,1687.98842565873,2638.64793254345,2628.0643126318,2217.11947505674,1351.87439576,449.854920269451,1105.16629691661,1738.5503788453,647.683533760139,1723.41104657542,364.612218831418,638.688868855451,1159.05608074599,483.192076386153,324.013744135532,952.525701345717,0,1636.25941080321,1252.74704748061,2537.5284766953,2153.3761158764,1518.26207219709,1564.53618067026,1202.82133065796,2230.50897102198,1086.99900006061,2159.02572830947,865.803402067882,832.188793890172,1300.30005574807,1813.61003119407,1540.25086407998,2130.53349952858,1993.9017240844,1867.90137432731,405.849155946219,3117.62864973573
"taga1270",1641.68952394233,834.607767775784,857.308414012121,339.005253171887,499.77546704624,1276.72139938265,857.945347526173,688.372305516627,898.18200992003,721.633915373976,1274.89464842243,1448.05721008836,369.659031692446,1252.95709022956,572.344568962399,814.331364793682,544.0182417849,633.11513833268,2352.1407732166,2457.80224173281,1396.44193227861,857.529481276604,1286.44317578689,1311.7305253384,835.75223116908,1105.65825378363,1033.7321202311,1301.14210826619,1063.68373975158,339.406068608479,1858.5991638965,1526.52100075946,1989.88319191658,682.09326620708,1263.05562493095,1090.937817109,1717.17937696689,1377.59976990375,1474.26571825716,1423.95703431344,1286.6457464721,563.825014184482,1401.46352555114,65.433221121376,754.515322006071,288.540880419777,1292.90646093871,1389.54637847334,1570.43570540237,1235.8823265439,898.976510813024,2076.62759458842,1449.95965598876,1318.42800947094,1473.69325302612,1337.48179047009,1188.52646462146,1658.51835980205,1232.39515919193,1221.81153928028,810.866701705223,1554.19246704648,2024.08397288414,1075.69623105993,619.110388185564,1640.61493450231,1693.94098071875,1802.09607416069,1789.59788218869,2494.84061008301,1609.98188170127,1639.81690150427,2207.78137576867,1636.25941080321,0,635.028605320094,1131.27570334378,747.12334252488,398.822081537349,2011.71972346222,1080.63545459721,824.256197670456,2690.53708804952,312.562518335615,1312.98694485985,1279.37233668214,1270.82998989139,407.357257842553,1987.43440687194,991.677212271675,587.648950732883,2315.08491711927,1841.04478615429,620.10612370748
"masb1238",2046.71149181073,737.914717174153,473.796050689521,744.02722104029,2157.13984296017,1681.74336725105,1262.96731539458,1093.39427338503,1303.20397778843,1126.65588324238,1679.91661629083,1853.07917795677,487.868216869069,988.052872070075,977.366536830802,538.806824761353,268.493701752571,357.590598300351,1968.628409894,2074.28987841021,1012.92956895601,1262.55144914501,1691.46514365529,1716.7524932068,1240.77419903748,722.145890461033,200.987158903592,917.629744943589,975.510812638754,1679.76813796978,2263.6211317649,1931.54296862786,1606.37082859398,1087.11523407548,879.543261608348,1495.95978497741,2122.20134483529,1782.62173777216,1879.28768612557,1828.97900218184,1691.66771434051,2124.88326196497,1806.48549341954,658.915597239328,417.531973788071,693.56284828818,1697.92842880711,1794.56834634175,1975.45767327077,1640.9042944123,701.552273201364,1693.11523126582,1854.98162385716,1723.44997733934,1878.71522089452,1742.50375833849,1593.54843248987,1275.00599647945,1637.41712706033,1626.83350714869,1215.88866957363,578.372483926894,1640.57160956154,692.183867737331,737.319573362187,1257.10257117971,1310.42861739615,1418.58371083809,1406.08551886609,2111.32824676041,1226.46951837867,1256.30453818167,1824.26901244607,1252.74704748061,635.028605320094,0,1536.29767121219,492.252384309261,517.031266713971,1628.20736013962,697.123091274612,1229.27816553886,2307.02472472692,1157.79492282636,929.474581537246,895.859973359536,887.317626568789,812.379225710956,1603.92204354934,798.160905591257,992.670918601286,1931.57255379667,1457.53242283169,2116.39784425262
"pang1290",1165.65650971587,1117.50279138689,1758.57747990421,1120.24661055153,1276.08486086531,800.688385156192,270.613400427981,563.388484582155,369.194846158638,596.650094439504,798.861634195972,972.024195861907,1270.92809758454,1206.7808128732,1353.58592634204,1715.60043068577,1445.28730767699,1534.38420422477,3253.4098391087,3359.0713076249,2297.7109981707,381.496467050147,810.410161560431,835.697511111942,550.210403568964,2006.92731967573,1935.00118612319,2202.41117415828,1468.49353747664,1423.35700505586,1382.56614967004,488.434270959986,2891.15225780867,1463.33462358672,2164.32469082304,287.526633246706,1241.14636274043,901.566755677298,998.232704030708,947.924020086985,298.131680535919,601.272063838329,925.43051132468,1155.16269526302,2410.57930014902,990.105859838745,407.068647947555,913.513364246886,1094.40269117592,759.849312317444,1334.01151849172,2977.89666048051,973.926641762305,842.394995244485,997.660238799665,861.448776243633,316.531796683596,2559.78742569414,756.362144965475,745.778525053829,838.307752754456,2455.46153293857,2925.35303877623,1976.96529695202,1520.37945407766,2541.8840003944,2595.21004661084,2703.36514005278,2690.86694808078,3396.1096759751,2511.25094759336,2541.08596739636,3109.05044166076,2537.5284766953,1131.27570334378,1536.29767121219,0,1528.36469990452,1300.09114742944,1225.30300764854,1981.90452048931,218.398294743737,3591.80615394161,901.383789912439,2214.25601075194,2180.64140257423,2172.09905578348,1188.5986152222,2888.70347276404,1284.08030172158,1368.89030811253,3216.35398301137,2742.31385204638,1235.34286215776
"rata1245",2038.77852050306,290.934470723445,377.986466404982,736.094249732625,2149.2068716525,1673.81039594339,1255.03434408691,1085.46130207736,1295.27100648077,1118.72291193471,1671.98364498317,1845.1462066491,193.173257907244,676.60508086927,178.621792480676,604.968746116498,522.971972245594,407.392748977546,2869.25747828979,2974.91894680599,1913.5586373518,1254.61847783734,1683.53217234763,1708.81952189914,1232.84122772982,1622.77495885682,577.368332797633,1818.25881333938,503.238048683143,1671.83516666212,2255.68816045724,1923.60999732019,2506.99989698977,69.7890076376181,737.516010572867,1488.02681366974,2114.26837352762,1774.68876646449,1871.3547148179,1821.04603087418,1683.73474303284,2116.95029065731,1798.55252211187,771.010334444113,431.634766576143,685.629876980515,1689.99545749945,1786.63537503408,1967.52470196311,1632.97132310464,322.825417129975,2593.74429966161,1847.0486525495,1715.51700603168,1870.78224958686,1734.57078703083,1585.6154611822,2175.63506487524,1629.48415575267,1618.90053584102,1207.95569826596,385.292150101568,2541.20067795732,1592.81293613312,1136.22709325875,2157.7316395755,2211.05768579193,2319.21277923388,2306.71458726188,3011.9573151562,2127.09858677446,2156.93360657745,2724.89808084186,2153.3761158764,747.12334252488,492.252384309261,1528.36469990452,0,286.452688106654,2528.83642853541,576.632810424759,1221.34519423119,3207.65379312271,1149.86195151869,609.010871244394,598.657953645684,1787.94669496458,371.006627125171,2504.55111194513,406.324114030085,226.763522286714,974.645445128281,2358.16149122748,2108.46487294495
"romb1245",1810.50496802798,414.167685450094,182.411620209741,507.820697257544,824.610100196251,1445.53684346831,1026.76079161183,857.187749602284,1066.99745400569,890.449359459634,1443.71009250808,1616.87265417402,251.661693086323,782.867053666063,357.788679448298,696.334026187559,426.020903178777,253.044817682254,2234.14343461048,2339.80490312668,1278.44459367249,1026.34492536226,1455.25861987254,1480.54596942406,1004.56767525474,987.66091517751,204.737118395385,1183.14476966007,616.875852209686,1443.56161418704,2027.41460798216,1695.33644484511,1871.88585331045,303.165702045781,1145.05828632483,1259.75326119466,1885.99482105254,1546.41521398941,1643.08116234282,1592.7724783991,1455.46119055776,1888.67673818223,1570.27896963679,422.709073456582,339.106567289969,457.356324505434,1461.72190502437,1558.361822559,1739.25114948803,1404.69777062956,434.934272082078,1958.6302559823,1618.77510007442,1487.2434535566,1642.50869711178,1506.29723455575,1357.34190870712,1540.52102119593,1401.21060327759,1390.62698336594,979.682145790881,536.563624454956,1906.08663427801,957.698892453808,501.113049579441,1522.61759589619,1575.94364211262,1684.09873555457,1671.60054358257,2376.84327147689,1491.98454309514,1521.81956289814,2089.78403716255,1518.26207219709,398.822081537349,517.031266713971,1300.09114742944,286.452688106654,0,1893.7223848561,962.638115991089,993.071641756114,2572.5397494434,921.588399043611,1194.98960625372,1161.37499807601,1152.83265128527,576.17270192821,1869.43706826582,533.383092194806,756.464394818541,2197.08757851315,1723.04744754816,1880.19132046987
"sout2916",3423.40260995286,969.957359861948,1850.48716883165,2120.71833918242,3533.8309611023,3058.43448539318,990.166592881464,803.876373692218,1005.6470617127,851.481847345994,3056.60773443296,3229.7702960989,1864.5593350112,1062.33334613965,1148.71883875862,1915.49794290348,1645.1848198947,1734.28171644248,2757.0711517323,2862.7326202485,1801.3723107943,1021.04826966104,3068.15626179742,3093.44361134893,927.738057222108,1510.58863229933,1531.37830895086,1706.07248678188,993.283350466825,3056.45925611191,3640.31224990703,3308.23408676999,2394.81357043227,2463.80635221761,1436.19786630349,2872.65090311954,3498.89246297742,3159.31285591429,3255.9788042677,3205.67012032397,1481.56775882267,3501.5743801071,3183.17661156167,2035.60671538146,1793.56659828471,760.064003668636,3074.61954694924,3171.25946448388,3352.1487914129,3017.59541255443,931.92512939097,2481.55797310411,3231.6727419993,3100.14109548147,3255.40633903665,3119.19487648062,2970.239550632,2063.44873831774,3014.10824520247,3003.52462529082,947.411848627158,1727.33470841902,2429.01435139983,1480.62660957562,2114.01069150432,2045.545313018,2098.87135923444,2207.02645267638,1483.06989882421,2899.7709885987,2014.91226021696,2044.74728001996,2612.71175428436,1564.53618067026,2011.71972346222,1628.20736013962,1225.30300764854,2528.83642853541,1893.7223848561,0,1578.28164331697,967.144298807564,1031.97992965679,2534.48604096849,1006.45896149536,972.844353317651,1675.76036840708,2189.07034385309,1680.90642350746,1127.7004590643,709.571198144037,865.068333863033,1534.5168027898,3493.08896239475
"wara1300",2492.31834108785,1986.53586297293,919.402899966639,1189.63407031741,2602.74669223728,2127.35021652817,1708.57416467169,1539.00112266215,1748.81082706555,1572.2627325195,2125.52346556795,2298.68602723388,933.475066146187,2078.91184925064,1422.97338610792,984.413674038471,714.100551029689,803.197447577469,1918.70269307135,2024.36416158755,963.003852133354,1708.15829842212,2137.07199293241,2162.35934248392,1686.3810483146,672.220173638379,600.294040085843,867.704028120935,2009.86185357781,2125.3749872469,1297.68263191112,2377.14981790498,1556.44511177132,651.13693669766,829.617544785694,1941.56663425452,2567.80819411241,2228.22858704928,2324.89453540269,2274.58585145896,2137.27456361763,2570.49011124209,2252.09234269666,1104.52244651645,1075.87215411168,1139.1696975653,2143.53527808423,2240.17519561886,2421.06452254789,2086.51114368942,1948.50363250196,1643.18951444316,2300.58847313428,2169.05682661646,2324.32207017164,2188.11060761561,2039.15528176698,1225.0802796568,2083.02397633745,2072.44035642581,1661.49551885074,1120.75438690122,1590.64589273888,642.258150914677,1182.92642263931,1207.17685435706,1260.50290057349,1368.65799401544,1356.15980204344,2061.40252993775,1176.54380155601,1206.37882135901,1774.34329562342,1202.82133065796,1080.63545459721,697.123091274612,1981.90452048931,576.632810424759,962.638115991089,1578.28164331697,0,1674.88501481598,2257.09900790427,1603.40177210347,879.548864714592,845.934256536882,837.391909746135,1257.98607498807,1553.99632672669,2144.27896217529,1438.2777678784,1881.64683697402,1407.60670600903,2562.00469352973
"tina1248",1049.12819066888,830.510120766852,1451.55797423089,813.227104878201,1159.55654181832,684.160066109205,96.2328877659232,256.368978908827,466.178683312231,289.630588766177,682.333315148985,855.49587681492,963.908591911211,878.056047986142,1046.56642066871,1408.58092501245,1138.26780200366,1227.36469855144,2946.39033343537,3052.05180195157,1990.69149249737,264.96814800316,693.881842513444,719.169192064955,243.190897895637,1699.9078140024,1627.98168044986,1895.39166848495,1111.16633721696,1116.33749938254,1266.03783062306,933.959667486012,2584.13275213534,1156.31511791339,1857.30518514971,498.37648383556,1124.61804369344,785.038436630311,881.704384983721,831.395701039998,694.084413198661,1127.29996082313,808.902192277693,848.14318958969,2103.5597944757,683.086354165417,700.345127665267,796.985045199899,977.874372128928,643.320993270458,1028.89681950887,2670.87715480718,857.398322715318,725.866676197498,881.131919752678,744.920457196646,595.965131348019,2252.76792002081,639.833825918489,629.250206006842,531.288247081129,2148.44202726524,2618.3335331029,1669.9457912787,1213.35994840433,2234.86449472107,2288.19054093751,2396.34563437946,2383.84744240746,3089.09017030177,2204.23144192003,2234.06646172303,2802.03093598743,2230.50897102198,824.256197670456,1229.27816553886,218.398294743737,1221.34519423119,993.071641756114,967.144298807564,1674.88501481598,0,3284.78664826828,594.364284239111,1907.23650507861,1873.6218969009,1865.07955011015,881.579109548868,2581.68396709071,933.275954883152,1061.8708024392,2909.33447733804,2435.29434637305,1118.81454311077
"sang1337",4102.21997454015,1537.74045891028,2529.30453341895,2799.53570376971,4212.64832568959,3737.25184998048,3318.475798124,3148.90275611446,3358.71246051786,3182.1643659718,3735.42509902026,3908.58766068619,2543.37669959849,1253.26417163049,3032.87501956023,2594.31530749078,2324.002184482,2413.09908102978,199.029053522044,232.867959410168,2100.80445583315,3318.05993187443,3746.97362638472,3772.26097593623,3296.28268176691,1810.02077733818,2210.19567353815,2005.50463182073,1345.18970555267,3735.27662069921,4319.12961449433,3987.05145135728,706.834525302571,3142.62371680491,2346.80336803394,3551.46826770683,4177.70982756471,3838.13022050158,3934.79616885499,3884.48748491127,3747.17619706993,4180.3917446944,3861.99397614896,2714.42407996875,2593.05797735992,2749.07133101761,3753.43691153654,3850.07682907117,4030.9661560002,3696.41277714173,1504.23241960787,615.9349064907,3910.49010658659,3778.95846006877,3934.22370362395,3798.01224106792,3649.05691521929,964.552152941149,3692.92560978976,3682.34198987811,3271.39715230305,2637.94021014946,645.714142633126,1780.05875461447,2792.82805609161,979.531067885271,814.893280721951,833.345681503319,424.957157975267,126.604147549657,1071.45523748546,1002.97698096871,246.270498998931,1086.99900006061,2690.53708804952,2307.02472472692,3591.80615394161,3207.65379312271,2572.5397494434,1031.97992965679,2257.09900790427,3284.78664826828,0,3213.30340555578,815.875198808125,2363.12007978512,1975.19251344593,2867.88770844038,291.605892129903,1616.6506411203,3048.17940133071,941.354723084386,672.295782056665,4171.90632698204
"remo1247",1411.79761051098,1120.05990887441,1380.07473151838,741.743862165699,630.968394719054,1046.8294859513,628.053434094828,458.480392085282,668.290096488685,491.742001942631,1045.00273499108,1218.16529665702,892.425349198709,3035.11624690216,975.083177956211,654.095866608135,1066.78455929116,1155.88145583894,2874.90709072287,2980.56855923907,1919.20824978487,627.637567845258,1056.55126235554,1081.83861190705,605.860317737735,1628.4245712899,1556.49843773736,1823.90842577245,2966.06625122933,371.832967718974,1628.70725046516,1296.62908732811,2512.64950942284,1084.83187520089,1785.82194243721,861.045903677658,1487.28746353554,1147.70785647241,1244.37380482582,1194.0651208821,1056.75383304076,714.789555679777,1171.57161211979,225.830811053038,2032.07655176319,611.603111452914,1063.01454750737,1159.654465042,1340.54379197103,1005.99041311256,1184.24069199978,2599.39391209468,1220.06774255742,1088.5360960396,1243.80133959478,1107.58987703874,958.634551190117,2181.28467730831,1002.50324576059,991.91962584894,580.974788273878,2076.95878455274,2546.8502903904,1598.46254856619,383.947427961348,2163.38125200857,2216.70729822501,2324.86239166695,2312.36419969495,3017.60692758927,2132.74819920753,2162.58321901053,2730.54769327493,2159.02572830947,312.562518335615,1157.79492282636,901.383789912439,1149.86195151869,921.588399043611,2534.48604096849,1603.40177210347,594.364284239111,3213.30340555578,0,1835.75326236611,1802.1386541884,1793.59630739765,810.095866836365,2510.20072437821,1346.14164384127,990.387559726696,2837.85123462554,2363.81110366055,1481.48396295287
"west2557",2724.66983135048,504.915534685821,1151.75439022927,1421.98556058004,2835.09818249992,2359.7017067908,1940.92565493433,1771.35261292478,1981.16231732818,1804.61422278213,2357.87495583058,2531.03751749652,1165.82655640882,555.832138332177,768.420300009155,1216.7651643011,946.452041292322,1035.5489378401,868.941353125758,1066.24462077661,1102.63953219192,1940.50978868476,2369.42348319504,2394.71083274655,1918.73253857723,811.855853696947,832.645530348477,1007.3397081795,515.495937822015,2357.72647750953,2941.57947130466,2609.50130816761,1696.08079182989,669.299903992126,737.465087701111,2173.91812451716,2800.15968437504,2460.58007731191,2557.24602566532,2506.9373417216,2369.62605388026,2802.84160150472,2484.44383295929,1336.87393677908,1094.83381968233,1371.52118782793,2375.88676834687,2472.5266858815,2653.41601281053,2318.86263395206,466.257010004129,1782.82519450173,2532.93996339692,2401.4083168791,2556.67356043428,2420.46209787824,2271.50677202962,1364.71595971536,2315.37546660009,2304.79184668844,1893.84700911338,487.175146157076,601.958775997448,781.893830973245,1415.27791290194,1346.81253441562,1400.13858063206,1508.293674074,784.337120221828,2201.03820999632,1316.17948161458,1346.01450141758,1913.97897568198,865.803402067882,1312.98694485985,929.474581537246,2214.25601075194,609.010871244394,1194.98960625372,1006.45896149536,879.548864714592,1907.23650507861,815.875198808125,1835.75326236611,0,274.111574715273,977.027589804703,1490.33756525071,982.17364490508,656.055406281101,632.380077685532,1309.82415515241,368.093572259661,2794.35618379237
"cent2089",2691.05522317277,505.175686430591,1118.13978205156,1388.37095240233,2801.48357432221,2326.08709861309,1907.31104675662,1737.73800474707,1947.54770915047,1770.99961460442,2324.26034765287,2497.42290931881,1132.21194823111,580.93490230966,1621.71026819284,1183.15055612339,912.837433114612,1001.93432966239,2024.72376495221,2130.38523346841,1069.02492401421,1906.89518050705,2335.80887501733,2361.09622456884,1885.11793039952,778.241245519237,799.030922170767,973.725100001793,527.576479974017,2324.11186933182,2907.96486312695,2575.8866999899,1662.46618365218,665.181385806387,703.850479523401,2140.30351633945,2766.54507619733,2426.9654691342,2523.63141748761,2473.32273354389,2336.01144570255,2769.22699332701,2450.82922478158,1303.25932860137,1061.21921150462,1337.90657965022,2342.27216016916,2438.91207770379,2619.80140463282,2285.24802577435,466.901342056202,1749.21058632402,2499.32535521921,2367.79370870139,2523.05895225657,2386.84748970053,2237.89216385191,1331.10135153765,2281.76085842238,2271.17723851073,1860.23240093567,994.987321638929,603.455547482496,748.279222795535,1381.66330472423,1313.19792623791,1366.52397245435,1474.6790658963,750.722512044118,2167.42360181861,1282.56487343687,1312.39989323987,1880.36436750427,832.188793890172,1279.37233668214,895.859973359536,2180.64140257423,598.657953645684,1161.37499807601,972.844353317651,845.934256536882,1873.6218969009,2363.12007978512,1802.1386541884,274.111574715273,0,943.412981626993,1456.722957073,948.55903672737,663.263152112357,606.458621820603,1276.2095469747,802.169416009715,2760.74157561466
"suri1273",2682.51287638202,2084.01458806304,1109.59743526082,1379.82860561158,2792.94122753146,2317.54475182235,1898.76869996587,1729.19565795632,1939.00536235973,1762.45726781367,2315.71800086213,2488.88056252806,1123.66960144036,2176.39057434075,1613.1679214021,1174.60820933265,904.295086323865,993.391982871645,1636.79619861301,1742.45766712922,681.09735767502,1898.3528337163,2327.26652822658,2352.5538777781,1876.57558360878,390.313679180045,790.48857538002,585.797533662601,2107.34057866792,2315.56952254108,2899.4225163362,2567.34435319915,1274.53861731299,1722.91661864678,927.096269875804,2131.7611695487,2758.00272940658,2418.42312234345,2515.08907069686,2464.78038675314,2327.4690989118,2760.68464653627,2442.28687799083,1294.71698181062,1173.35087920179,1329.36423285947,2333.72981337841,2430.36973091304,2611.25905784207,2276.7056789836,2045.98235759207,1361.28301998483,2490.78300842846,2359.25136191064,2514.51660546582,2378.30514290979,2229.34981706116,461.388385902224,2273.21851163163,2262.63489171998,1851.69005414492,1218.23311199133,1308.73939828055,360.351656456343,1373.12095793348,925.270359898721,978.596406115157,1086.7514995571,1453.63852713355,1779.49603547942,894.637307097678,924.472326900677,1492.43680116508,1300.30005574807,1270.82998989139,887.317626568789,2172.09905578348,1787.94669496458,1152.83265128527,1675.76036840708,837.391909746135,1865.07955011015,1975.19251344593,1793.59630739765,977.027589804703,943.412981626993,0,1448.18061028225,1651.4750518168,2241.7576872654,1628.47230317258,1979.12556206413,1505.08543109914,2752.19922882391
"tady1237",1699.01243582074,593.113801136251,458.839686221029,141.327686987187,1809.44078697017,1334.04431126106,915.268259404585,745.695217395039,955.504921798442,778.956827252388,1332.21756030084,1505.38012196678,191.497186366923,982.585329255142,193.821153757726,991.681985184544,721.368862175762,810.465758723542,2529.49139360747,2635.15286212367,1573.79255266947,914.852393155015,1343.7660876653,1369.05343721681,893.075143047491,1283.0088741745,502.478281137231,1478.49272865705,809.304126055007,1332.06908197979,1915.92207577491,1583.84391263787,2167.23381230744,301.517104526213,1440.40624532181,1148.26072898741,1774.5022888453,1434.92268178217,1531.58863013558,1481.27994619185,1343.96865835052,1777.18420597498,1458.78643742955,431.244249761787,733.054035773771,345.863792298188,1350.22937281712,1446.86929035175,1627.75861728078,1293.20523842231,636.125823905425,2253.97821497928,1507.28256786717,1375.75092134935,1531.01616490453,1394.8047023485,1245.84937649987,1835.86898019291,1289.71807107034,1279.1344511587,868.189613583635,676.52631675257,2201.434593275,1253.04685145079,796.461008576426,1817.96555489317,1871.29160110961,1979.44669455155,1966.94850257955,2672.19123047387,1787.33250209213,1817.16752189513,2385.13199615953,1813.61003119407,407.357257842553,812.379225710956,1188.5986152222,371.006627125171,576.17270192821,2189.07034385309,1257.98607498807,881.579109548868,2867.88770844038,810.095866836365,1490.33756525071,1456.722957073,1448.18061028225,0,2164.7850272628,689.070344606203,644.971862611295,2492.43553751013,2018.39540654515,1768.69878826262
"tbol1240",3399.11729336258,2089.16064316342,1826.20185224137,2096.43302259214,3509.54564451202,3034.1491688029,2615.37311694643,2445.80007493688,2655.60977934028,2479.06168479423,3032.32241784268,3205.48497950862,1840.27401842092,2181.53662944113,2329.77233838265,1891.2126263132,1620.89950330442,1709.9963998522,230.193134782685,397.529414699049,1777.08699420402,2614.95725069686,3043.87094520714,3069.15829475865,2593.18000058933,1486.30331570904,1507.09299236057,1681.7871701916,2112.4866337683,3032.17393952163,3616.02693331675,3283.94877017971,562.603662340274,2439.52103562733,1411.91254971321,2848.36558652925,3474.60714638714,3135.02753932401,3231.69348767742,3181.38480373369,3044.07351589236,3477.28906351682,3158.89129497139,2011.32139879118,1769.28128169443,2045.96864984003,3050.33423035896,3146.97414789359,3327.86347482262,2993.31009596415,2051.12841269244,490.424521192123,3207.38742540901,3075.85577889119,3231.12102244637,3094.90955989034,2945.95423404171,2039.16342172746,2989.82292861218,2979.23930870054,2568.29447112547,1703.04939182874,366.374183041346,1456.34129298534,2089.72537491404,909.118577911124,2074.58604264416,574.16110715495,176.326821934546,448.792972612253,808.818457549037,736.55254432033,628.956956974922,1540.25086407998,1987.43440687194,1603.92204354934,2888.70347276404,2504.55111194513,1869.43706826582,1680.90642350746,1553.99632672669,2581.68396709071,291.605892129903,2510.20072437821,982.17364490508,948.55903672737,1651.4750518168,2164.7850272628,0,2246.90374236578,2345.07672015314,861.745918280114,345.955433618709,3468.80364580446
"cent2090",3989.39992881118,164.69248431093,556.879322409199,674.286885360271,1935.68282240935,3624.4318042515,992.672659381025,768.138695207391,1036.17221659556,795.428318031718,3622.60505329128,3795.76761495722,487.787733268741,307.059469347186,537.931705301872,833.368568681845,797.044850540454,749.431092162654,3323.06847059061,3428.72993910682,1060.04660719614,948.625139601957,3634.15358065574,3659.44093020725,900.434442232922,2076.58595115765,854.193871521793,779.314355262169,164.847183743947,1687.89396812588,4206.30956876535,1722.75518466479,2960.81088929059,459.525418366684,629.316955026244,1607.72436365662,4064.88978183574,3725.31017477261,1892.0698463586,1882.88190910258,1403.18616959223,1821.33622650843,3749.17393041999,953.718571874883,635.194802200514,713.092787205091,1606.58923870529,3737.2567833422,3918.14611027122,3583.59273141275,230.802251066533,3047.55529196243,3797.67006085761,3666.13841433979,3821.40365789497,3685.19219533894,1674.41366056196,2629.44605717606,1766.99407783789,3569.52194414914,967.299796060975,563.457780433014,1300.02004091925,2046.62392843394,1253.27384359725,2611.54263187632,2664.86867809276,2773.0237715347,2049.06721768253,3465.76830745702,2580.90957907528,2610.74459887828,3178.70907314268,2130.53349952858,991.677212271675,798.160905591257,1284.08030172158,406.324114030085,533.383092194806,1127.7004590643,2144.27896217529,933.275954883152,1616.6506411203,1346.14164384127,656.055406281101,663.263152112357,2241.7576872654,689.070344606203,2246.90374236578,0,477.828456823984,1431.06565272135,2100.51412164812,4059.08628125307
"cala1258",1879.30412871107,316.858457065228,436.702886774572,576.619857940628,1989.7324798605,1514.33600415139,1095.55995229492,419.463471912282,1135.79661468877,453.77820447955,1512.50925319117,1685.67181485711,727.301344973638,723.624992139616,322.349100919093,1171.97367807487,901.660555066092,990.757451613872,2709.7830864978,2815.444555014,1754.0842455598,1095.14408604535,1524.05778055563,1549.34513010714,1073.36683593782,1463.30056706483,1391.37443351229,1658.78442154738,605.896406967076,1512.36077487012,2096.21376866524,1764.1356055282,2347.52550519777,268.891653941846,741.768997002075,1328.55242187774,1954.79398173563,1615.2143746725,1711.88032302591,1661.57163908218,1524.26035124085,1957.47589886531,1639.07813031988,611.535942652117,533.469469814416,526.155485188518,1530.52106570745,1627.16098324208,1808.05031017111,1473.49693131264,325.374671870872,2434.26990786961,1687.5742607575,1556.04261423968,1711.30785779486,1575.09639523883,1426.1410693902,2016.16067308324,1470.00976396067,1459.42614404903,1048.48130647397,442.358250371772,2381.72628616533,1433.33854434112,976.752701466757,1998.2572477835,2051.58329399994,2159.73838744188,2147.24019546988,2852.4829233642,1967.62419498246,1997.45921478546,2565.42368904986,1993.9017240844,587.648950732883,992.670918601286,1368.89030811253,226.763522286714,756.464394818541,709.571198144037,1438.2777678784,1061.8708024392,3048.17940133071,990.387559726696,632.380077685532,606.458621820603,1628.47230317258,644.971862611295,2345.07672015314,477.828456823984,0,1071.42032768953,2198.68709943548,1948.99048115295
"taus1251",3726.76780360991,1273.322553519,2153.8523624887,2424.08353283947,3837.19615475935,3361.79967905023,2943.02362719376,2773.45058518421,2983.26028958761,2806.71219504156,3359.97292809001,3533.13548975595,2167.92452866825,1365.6985397967,1128.09795927103,2218.86313656053,1948.55001355175,2037.64691009953,1052.65917717044,1080.35726178916,2104.73750445135,2942.60776094419,3371.52145545447,3396.80880500598,2920.83051083666,1813.95382595637,1834.7435026079,2009.43768043893,1296.64854412387,3359.82444976896,3943.67744356408,3611.59928042704,2698.17876408932,1044.60358990668,1739.56305996054,3176.01609677659,3802.25765663447,3462.67804957134,3559.34399792475,3509.03531398102,3371.72402613969,3804.93957376415,3486.54180521872,2338.97190903851,2096.93179194176,1135.14402966636,3377.98474060629,3474.62465814092,3655.51398506995,3320.96060621148,1235.29032304802,1383.63593124033,3535.03793565634,3403.50628913852,3558.7715326937,3422.56007013767,3273.60474428904,2366.81393197479,3317.47343885951,3306.88981894787,2895.9449813728,957.169914526881,1067.49170681309,1783.99180323267,2417.37588516137,2348.91050667505,2402.23655289149,2510.39164633343,804.231875016635,1033.87068337848,2318.27745387401,2348.11247367701,2916.07694794141,1867.90137432731,2315.08491711927,1931.57255379667,3216.35398301137,974.645445128281,2197.08757851315,865.068333863033,1881.64683697402,2909.33447733804,941.354723084386,2837.85123462554,1309.82415515241,1276.2095469747,1979.12556206413,2492.43553751013,861.745918280114,1431.06565272135,1071.42032768953,0,835.517323667381,3796.45415605179
"tiru1241",3252.72767264492,1942.77102244577,1679.81223152371,1950.04340187448,3363.15602379436,2887.75954808525,2468.98349622877,2299.41045421922,2509.22015862263,2332.67206407657,2885.93279712502,3059.09535879096,1693.88439770326,1013.17517467387,2183.38271766499,1744.82300559555,1474.50988258676,1563.60677913454,514.742969942202,703.23400910393,780.093751775573,2468.5676299792,2897.48132448948,2922.768674041,2446.79037987168,1339.91369499139,1360.70337164292,1535.39754947394,1966.09701305064,2885.78431880398,3469.6373125991,3137.55914946205,614.120632225682,2293.13141490968,1265.52292899555,2701.9759658116,3328.21752566948,2988.63791860635,3085.30386695976,3034.99518301604,2897.6838951747,3330.89944279917,3012.50167425373,1864.93177807352,1622.89166097677,1899.57902912237,2903.94460964131,3000.58452717594,3181.47385410497,2846.9204752465,1904.73879197479,589.09976822374,3060.99780469136,2929.46615817354,3084.73140172872,2948.51993917269,2799.56461332406,1892.7738010098,2843.43330789453,2832.84968798288,2421.90485040782,1556.65977111108,205.619868034189,1309.95167226769,1943.33575419638,835.451224227369,1928.1964219265,421.389362358421,194.353392121266,776.541605640462,689.218626503342,558.674757785557,755.779448851866,405.849155946219,1841.04478615429,1457.53242283169,2742.31385204638,2358.16149122748,1723.04744754816,1534.5168027898,1407.60670600903,2435.29434637305,672.295782056665,2363.81110366055,368.093572259661,802.169416009715,1505.08543109914,2018.39540654515,345.955433618709,2100.51412164812,2198.68709943548,835.517323667381,0,3322.41402508681
"yoga1237",623.349303434291,3901.34318205071,1132.28699768122,1700.34678359196,142.766257570553,1061.5637486885,1152.50369296649,1143.48865762258,1353.29836202599,1176.75026747993,1059.73699772828,288.059121806945,1851.02827062497,3993.71916832842,1933.68609938247,707.46146918976,912.596052746247,875.427491709971,3833.51001214912,3939.17148066533,2877.81117121113,961.596640090576,420.753903698698,395.196843479622,1130.31057660939,2587.02749271615,1236.44680054187,2782.51134719871,3924.66917265559,250.627704418581,399.647412502278,267.084191011734,3471.2524308491,2043.43479662715,2744.42486386347,502.806521808662,364.052153462672,334.422753930756,238.814035716075,322.995880807064,510.682773491392,178.828050969913,1186.30587485699,702.531457341751,1276.9022746312,1570.20603287917,337.309939455816,1174.3887277792,513.350253532647,1020.72467584976,3863.31095157973,3557.99683352094,370.899563107964,467.244473566799,474.987869752995,423.832349234866,430.361864094938,3139.88759873457,492.249489984497,483.368450158634,1418.40792579488,3035.561705979,3505.45321181666,2557.06546999245,585.268008939195,3121.98417343483,3175.31021965127,3283.46531309321,3270.96712112121,3976.20984901553,3091.35112063379,3121.18614043679,3689.15061470119,3117.62864973573,620.10612370748,2116.39784425262,1235.34286215776,2108.46487294495,1880.19132046987,3493.08896239475,2562.00469352973,1118.81454311077,4171.90632698204,1481.48396295287,2794.35618379237,2760.74157561466,2752.19922882391,1768.69878826262,3468.80364580446,4059.08628125307,1948.99048115295,3796.45415605179,3322.41402508681,0
