"","AgtaBulusan","AgtaCasiguran","AgtaDumagat","AgtaDupaningan","AgtaIraya","AgtaIriga","AgtaIsarog","AgtaLabin","AgtaLopez","AgtaMaddela","AgtaManide","AgtaMatnog","AgtaRemontado","Agutaya","Apayao","Arta","AtaManobo","AtiNegros","AtiPanay","AttaRizal","AyanganIfugao","AytaAmbala","AytaMag-antsi","AytaMag-indi","AytaMagbukon","AytaSambal","BagoboKlata","Balangao","Batak","Bicolano","BinukidnonNegros","BlaanKoronadal","BlaanSarangani","Boholano","Bolinao","Bontoc","Bugkalot","BukdinonMatigsalug","BukidnonBinukid","BukidnonHigaonon","BukidnonManobo","BukidnonTalaandig","BukidnonTigwahanon","BukidnonUmayamnon","Cebuano","Chavacano","Cinamiguin","Cuyonon","DavaoMatigsalug","Dibabaon","Gaddang","Gddang","Hilgaynon","Ibaloi","Ibanag","Ibatan","Ilocano","Iranun","Itawis","Itbayaten","Itneg","Ivatan","Kagayanen","Kalagan","Kalanguya","Kalinga","Kamayo","Kankanaey","Kapampangan","Kinaray-a","Lambanguian","Maguindanaon","Malaweg","Mamanwa","Mandaya","Manguangan","MangyanBangon","MangyanBuhid","MangyanHanunuo","MangyanIraya","ManoboAgusan","ManoboDulangan","ManoboIlianen","ManoboRK","ManoboSarangani","ManoboTagabawa","Mansaka","Meranao","Molbog","Obo","OvuManuvo","Palawano","Pangasinan","SamaBangingi","SamaDeyaBonggao","SamaDilautBonggao","SamaDilautMampang","SamaDilautTaluksangay","SamaKabingaan","Sambal","Sangil","Subanen","Subanon","Sulodnon","Surigaonon","Tagakaolo","Tagalog","Tagbanwa","Tausug","Tboli","Teduray","TuwaliIfugao","Waray","Yakan","Yogad"
"AgtaBulusan",1,0.848053128571429,0.85108622,0.85090754,0.855540388888889,0.85381776,0.85644884,0.851772411111111,0.84753171,0.84751015,0.846891277777778,0.85857821,0.853852933333333,0.8560733,0.857217722222222,0.8480427,0.853907344444444,0.85656595,0.855252983333333,0.851291033333333,0.85756105,0.846137925,0.8477190125,0.84773589,0.844066422222222,0.850828444444444,0.85743091,0.85774763,0.851411333333333,0.85688804,0.8568107125,0.8566178875,0.85734786,0.85733808,0.857926866666667,0.85750339,0.855799776923077,0.8547059625,0.856115225,0.856345144444444,0.85548791,0.855973442857143,0.855014625,0.8563365,0.85713593,0.85598077,0.85700473,0.85667558,0.8542967625,0.856948244444445,0.8590028375,0.85896433,0.85768271,0.85771485,0.858780233333333,0.857533166666667,0.85851006,0.85792434,0.85823361,0.858552775,0.85781643,0.85808386,0.85748357,0.8569177,0.85776063,0.85800423,0.85773339,0.85758175,0.85694124,0.85777994,0.85583475,0.85634707,0.85865414,0.85055098,0.85713584,0.855592442857143,0.85150448,0.85075542,0.855405488888889,0.8523834,0.857840322222222,0.85469885,0.8546239,0.856904,0.8542974875,0.8563809,0.85692684,0.85786792,0.855382788888889,0.855812683333333,0.8557386,0.855001488888889,0.85783181,0.855761455555556,0.8562666125,0.8506137625,0.850686477777778,0.85136787,0.854695375,0.858037585714286,0.85683801,0.856095,0.85669105,0.85770438,0.8575607,0.856491344444444,0.85697765,0.85621209,0.85591859,0.85621952,0.85601708,0.85772504,0.85825176,0.85543989,0.85824578
"AgtaCasiguran",0.848053128571429,1,0.851606585714286,0.854500285714286,0.849797793650794,0.849660328571429,0.849586228571429,0.849811349206349,0.849102785714286,0.867298928571429,0.849120222222222,0.848400685714286,0.850330301587302,0.848140222222222,0.847514571428571,0.868196285714286,0.847130571428572,0.847930619047619,0.847572547619048,0.850828714285714,0.846435442857143,0.849628732142857,0.850051553571429,0.849738642857143,0.84930826984127,0.850284507936508,0.848402571428571,0.846775042857143,0.847388333333333,0.847596942857143,0.847662196428571,0.847794321428571,0.847972485714286,0.847704885714286,0.847958476190476,0.846330385714286,0.849156615384615,0.847470732142857,0.847733589285714,0.847856555555556,0.847751557142857,0.847405551020408,0.847335535714286,0.847639738095238,0.847537585714286,0.8468546,0.847722871428571,0.848279685714286,0.847416017857143,0.848131984126984,0.848483089285714,0.848048071428571,0.847756628571429,0.8466036,0.848305365079365,0.847079476190476,0.848008414285714,0.8480807,0.847420957142857,0.848185642857143,0.847279971428571,0.847431242857143,0.848290257142857,0.847367317460317,0.846805028571429,0.847271071428571,0.847814757142857,0.846433471428572,0.847276285714286,0.848193285714286,0.847867471428571,0.847323585714286,0.848138157142857,0.8459174,0.848086128571429,0.847020040816327,0.844208542857143,0.843721385714286,0.847293936507936,0.846094057142857,0.848421841269841,0.847452942857143,0.8473474,0.847558571428571,0.845815928571429,0.847619028571429,0.846941114285714,0.847817671428571,0.846943857142857,0.847468166666667,0.848365482142857,0.846621968253968,0.848045914285714,0.84687653968254,0.847006178571429,0.842727071428571,0.84255473015873,0.843170728571429,0.846379482142857,0.848515142857143,0.8477767,0.846761785714286,0.847165857142857,0.847769557142857,0.8477833,0.847115523809524,0.847623942857143,0.848006857142857,0.847020971428571,0.847548657142857,0.847634514285714,0.846587571428571,0.848344114285714,0.8464256,0.847757942857143
"AgtaDumagat",0.85108622,0.851606585714286,1,0.85204638,0.852025166666667,0.85183694,0.8521211,0.850150266666667,0.85021597,0.8509944,0.849801388888889,0.85155661,0.860203566666667,0.8504588,0.850650166666667,0.851536166666667,0.849492222222222,0.850876766666667,0.850006416666667,0.850511055555556,0.84996296,0.8488201625,0.8494188,0.8493283,0.847888766666667,0.850411911111111,0.85130269,0.85025078,0.848934266666667,0.85062683,0.8505882875,0.850563075,0.85096846,0.85086584,0.851286383333333,0.85010946,0.850397215384615,0.84967165,0.8503328875,0.850517722222222,0.8501124,0.850161271428571,0.8498952625,0.850548366666667,0.85041739,0.84987576,0.85064653,0.85090383,0.8496495875,0.850896255555556,0.8519187,0.85160245,0.85085928,0.85006578,0.851563822222222,0.850380383333333,0.85143016,0.85116189,0.85109021,0.851438925,0.85058005,0.85075962,0.85103578,0.8503139,0.85027956,0.85079878,0.8509378,0.8498778,0.85026751,0.85111755,0.85025783,0.85017305,0.85157557,0.84731446,0.85093317,0.849732371428571,0.84655757,0.84587985,0.849797566666667,0.84810208,0.851587355555556,0.84966659,0.84967315,0.850645977777778,0.8485065375,0.85037984,0.85011464,0.85103891,0.849647111111111,0.850215516666667,0.85049105,0.849227411111111,0.85118866,0.849791455555556,0.8499898625,0.8451129375,0.845121922222222,0.84585484,0.848806875,0.851512428571429,0.85070412,0.8497434,0.85011047,0.85067586,0.85084694,0.850424277777778,0.8505063,0.85075852,0.84977901,0.85021613,0.85011012,0.85018862,0.85149997,0.84931723,0.85109455
"AgtaDupaningan",0.85090754,0.854500285714286,0.85204638,1,0.851745644444444,0.85176404,0.85196846,0.855100111111111,0.85000134,0.854508433333333,0.849867088888889,0.85111612,0.852115133333333,0.8504532,0.850373977777778,0.853961133333333,0.849477511111111,0.850737333333333,0.849959466666667,0.854793511111111,0.84943832,0.85003595,0.850660975,0.85030604,0.849529,0.851314822222222,0.85088706,0.84953378,0.849246266666667,0.85030958,0.8503132,0.850478725,0.85102068,0.85035452,0.850894033333333,0.84944124,0.850265492307692,0.849663025,0.8501644,0.850153288888889,0.85007614,0.8497652,0.849779575,0.850436433333333,0.85020562,0.84943076,0.8502695,0.850879,0.849796725,0.850710666666667,0.851619975,0.85130764,0.85067854,0.84942442,0.8514052,0.849861066666667,0.85131714,0.85089704,0.85055232,0.8514345,0.8503201,0.8504146,0.85097638,0.850290644444444,0.84963022,0.850451,0.8506788,0.8491561,0.84988868,0.85073288,0.85022918,0.85002476,0.85118448,0.84756722,0.85060752,0.849634057142857,0.84637252,0.84572142,0.849624244444444,0.8481344,0.851092888888889,0.84969418,0.8497559,0.850273822222222,0.8484131,0.85001498,0.84969092,0.85074306,0.849431622222222,0.8500528,0.850438775,0.849097844444444,0.85094048,0.849422066666667,0.849839075,0.845130325,0.844846555555556,0.84567608,0.84840505,0.851257628571429,0.85040094,0.8493671,0.84979046,0.85043134,0.85054844,0.849770444444444,0.85022768,0.8503567,0.84957472,0.850118,0.8502651,0.84943726,0.8509634,0.84915856,0.8508116
"AgtaIraya",0.855540388888889,0.849797793650794,0.852025166666667,0.851745644444444,1,0.8584271,0.858203444444444,0.851706703703704,0.852061855555556,0.849170611111111,0.851996740740741,0.855810522222222,0.853708975308642,0.854099222222222,0.854664444444444,0.849919592592593,0.852401296296296,0.854632444444444,0.853481740740741,0.851655518518519,0.854751477777778,0.84821325,0.849189666666667,0.8489993,0.846584617283951,0.851286456790123,0.855191777777778,0.854691988888889,0.850983037037037,0.855049144444444,0.85464425,0.854441791666667,0.854896555555556,0.854999644444444,0.855404518518519,0.854514566666667,0.853797521367521,0.853089694444444,0.854060430555556,0.854111382716049,0.853567755555556,0.853890206349206,0.853364194444444,0.854449981481481,0.854854388888889,0.853767733333333,0.854708033333333,0.854622,0.852790791666667,0.85486837037037,0.856268375,0.855922988888889,0.855118466666667,0.854586322222222,0.855975839506173,0.854611888888889,0.855825366666667,0.855399577777778,0.855469311111111,0.855805388888889,0.854939433333333,0.855239122222222,0.855077488888889,0.854404827160494,0.854874733333333,0.855122466666667,0.855109622222222,0.854589588888889,0.854516933333333,0.8552917,0.853800733333333,0.854068411111111,0.855904522222222,0.850088255555556,0.854944588888889,0.853490761904762,0.849759555555555,0.849206333333333,0.853377222222222,0.850926122222222,0.855525938271605,0.852899466666667,0.852893166666667,0.854583308641975,0.852245666666667,0.854143422222222,0.854275144444444,0.855380444444444,0.853328419753086,0.853832444444445,0.854098166666667,0.852967790123457,0.855471877777778,0.853574864197531,0.853971555555556,0.848714319444444,0.848757567901235,0.849462422222222,0.852735041666667,0.855713587301587,0.854659855555556,0.853763144444444,0.854368722222222,0.855124111111111,0.855124622222222,0.854103049382716,0.854655966666667,0.854351766666667,0.853644811111111,0.853985377777778,0.853764033333333,0.854820166666667,0.855753233333333,0.853154122222222,0.855334544444444
"AgtaIriga",0.85381776,0.849660328571429,0.85183694,0.85176404,0.8584271,1,0.8576496,0.851142977777778,0.85378741,0.849305233333333,0.853944022222222,0.85401354,0.852785377777778,0.852663088888889,0.852654477777778,0.849756466666667,0.851131244444444,0.853145633333333,0.85194335,0.851232844444444,0.85240941,0.8484651375,0.8492613875,0.8491265,0.847204955555556,0.850953666666667,0.85355511,0.85259113,0.8500008,0.8533557,0.852815825,0.8528564,0.85316942,0.85307472,0.853469,0.85235109,0.8520127,0.85152235,0.85241995,0.852523811111111,0.85208256,0.852130214285714,0.8517912,0.852772533333333,0.85287298,0.8519518,0.85280796,0.85297717,0.851402975,0.853087188888889,0.8543371875,0.85401958,0.85335309,0.85250816,0.853834844444444,0.8524258,0.85378875,0.85365498,0.85339947,0.853722,0.8529315,0.85323596,0.85333581,0.852636811111111,0.85256267,0.85305496,0.85331165,0.85228223,0.8525833,0.85339946,0.8523084,0.85231457,0.85383993,0.84891707,0.85299541,0.851905214285714,0.84831409,0.84769292,0.851810666666667,0.84971921,0.853636366666667,0.85145762,0.85139031,0.8528364,0.850489725,0.85250341,0.8523183,0.85333385,0.851568744444444,0.852243283333333,0.8524433875,0.8513411,0.85348215,0.851918122222222,0.852192425,0.8471533875,0.847127744444444,0.84783789,0.8509913625,0.853802042857143,0.85280185,0.85204892,0.85240723,0.85324129,0.85330371,0.852329611111111,0.85262117,0.85293403,0.85191177,0.85233083,0.85231923,0.85260064,0.85381126,0.85158665,0.8533305
"AgtaIsarog",0.85644884,0.849586228571429,0.8521211,0.85196846,0.858203444444444,0.8576496,1,0.852179688888889,0.85147325,0.849073766666667,0.8511849,0.85676795,0.854009855555556,0.855013733333333,0.855926822222222,0.849608166666667,0.853121144444444,0.855428383333333,0.854203366666667,0.8519256,0.85580697,0.847965525,0.8491318,0.84896066,0.846229077777778,0.851577777777778,0.85631889,0.85592764,0.851523633333333,0.85587086,0.8555291625,0.8554673,0.85605558,0.8558833,0.8566045,0.85557575,0.854930061538462,0.8537237875,0.8549262625,0.855142788888889,0.85437086,0.854696157142857,0.8540723,0.855172416666667,0.85565777,0.85462543,0.85561495,0.8555655,0.8535007125,0.855643955555556,0.8573277625,0.85729102,0.85619059,0.85601088,0.857086855555556,0.85571175,0.85685032,0.85647742,0.8566205,0.856918325,0.85623184,0.8564014,0.85613649,0.855468033333333,0.8560558,0.85639088,0.85612088,0.85569369,0.85550996,0.85625333,0.85477442,0.85501702,0.85699039,0.8505124,0.85583621,0.8544489,0.85061005,0.85006039,0.854242166666667,0.85174145,0.856371911111111,0.85370366,0.8535722,0.855791944444445,0.853146775,0.85519916,0.85536177,0.85639554,0.854135055555556,0.85465895,0.854843675,0.853970622222222,0.85639193,0.854389055555556,0.8547540875,0.849321625,0.849281622222222,0.85009731,0.8534124125,0.856700957142857,0.85552688,0.85484973,0.85519176,0.85621817,0.85618976,0.855076622222222,0.85553245,0.85508886,0.85453472,0.85496084,0.85477244,0.85594576,0.85677243,0.85417938,0.8565184
"AgtaLabin",0.851772411111111,0.849811349206349,0.850150266666667,0.855100111111111,0.851706703703704,0.851142977777778,0.852179688888889,1,0.847591488888889,0.849266018518519,0.847297518518519,0.852094622222222,0.851285098765432,0.851047654320988,0.852009962962963,0.849808444444444,0.849756987654321,0.851581888888889,0.85043,0.859209098765432,0.851092522222222,0.848427208333333,0.849289541666667,0.848946311111111,0.847207790123457,0.850616814814815,0.852018855555556,0.8513016,0.848606851851852,0.851179544444444,0.851187222222222,0.851325027777778,0.851605888888889,0.851392288888889,0.852148833333333,0.851041666666667,0.851077170940171,0.850102986111111,0.8510175,0.851036580246914,0.850670188888889,0.850767619047619,0.850213111111111,0.851162518518519,0.851131533333333,0.850470422222222,0.851239188888889,0.851354077777778,0.849902305555556,0.851482654320988,0.853124944444444,0.853210922222222,0.851745533333333,0.851167422222222,0.852823197530864,0.851509962962963,0.852794955555556,0.851980644444444,0.852080844444444,0.852622916666667,0.852033922222222,0.851967911111111,0.851853455555556,0.851207074074074,0.851365822222222,0.852083488888889,0.851768022222222,0.851083355555556,0.850928233333333,0.851754133333333,0.850857377777778,0.850701444444445,0.853048255555556,0.847451177777778,0.851561422222222,0.850444746031746,0.846985422222222,0.846578166666667,0.850617074074074,0.8484776,0.85218575308642,0.850043366666667,0.849979444444444,0.851155679012346,0.849124222222222,0.850984666666667,0.851005977777778,0.851783688888889,0.850122086419753,0.850813111111111,0.851228652777778,0.849906901234568,0.852039311111111,0.850133555555556,0.85050725,0.845703180555556,0.845422395061728,0.846178877777778,0.849129472222222,0.852409761904762,0.851347855555556,0.850429077777778,0.850920422222222,0.851551044444444,0.851590933333333,0.850928592592593,0.851160777777778,0.851266311111111,0.850292455555556,0.850783422222222,0.850672866666667,0.851183422222222,0.852091466666667,0.849914033333333,0.852328533333333
"AgtaLopez",0.84753171,0.849102785714286,0.85021597,0.85000134,0.852061855555556,0.85378741,0.85147325,0.847591488888889,1,0.848620183333333,0.869200388888889,0.84769786,0.849522633333333,0.846827344444444,0.846168133333333,0.8489943,0.846066733333333,0.847255783333333,0.84669305,0.848571177777778,0.845343,0.8481137,0.8482539875,0.84797345,0.847361933333333,0.848397233333333,0.84717034,0.84527149,0.846515233333333,0.84715451,0.8467393125,0.8466588,0.84698216,0.84679604,0.846773116666667,0.84500453,0.846265430769231,0.8462194,0.8465817,0.846636455555556,0.84653646,0.846164657142857,0.8462833375,0.8468176,0.84651697,0.84567523,0.84660306,0.8471015,0.8462248875,0.8471853,0.847434925,0.84682205,0.84678204,0.8453156,0.846969333333333,0.8455035,0.8469797,0.84697596,0.84637176,0.84682665,0.84584616,0.84616082,0.84713101,0.846437433333333,0.84543354,0.84596246,0.84684614,0.84505342,0.84617057,0.8470875,0.84668468,0.84621323,0.84681451,0.84508022,0.84677451,0.846194114285714,0.84302898,0.8423262,0.846008533333333,0.84505842,0.847560755555556,0.84617481,0.84621797,0.846526933333333,0.844719025,0.84630164,0.84588243,0.84662829,0.845949255555556,0.846425133333333,0.8469991625,0.845561733333333,0.84702893,0.8458706,0.8460093125,0.841900975,0.841686533333333,0.8423198,0.845253125,0.847467985714286,0.84650914,0.84564642,0.84600953,0.84654522,0.84665109,0.846161211111111,0.84630047,0.84722112,0.84578614,0.84648478,0.84655673,0.84535403,0.84724898,0.84558546,0.84646569
"AgtaMaddela",0.84751015,0.867298928571429,0.8509944,0.854508433333333,0.849170611111111,0.849305233333333,0.849073766666667,0.849266018518519,0.848620183333333,1,0.84868762962963,0.84787555,0.849905740740741,0.847573944444444,0.846799925925926,0.869281166666667,0.846614592592593,0.847524527777778,0.847078611111111,0.850574462962963,0.845674766666667,0.849387291666667,0.84963475,0.84941335,0.849057018518518,0.849945740740741,0.847609883333333,0.845983316666667,0.846867555555556,0.846897233333333,0.8473655625,0.847353416666667,0.8475741,0.847073566666667,0.847329888888889,0.84560745,0.848619717948718,0.846971125,0.8472251875,0.847256240740741,0.847231016666667,0.847026023809524,0.846856041666667,0.847162555555556,0.84685605,0.846193833333333,0.847059216666667,0.847544383333333,0.846686041666667,0.847622388888889,0.84781575,0.8473305,0.84693625,0.845825266666667,0.847537074074074,0.845998222222222,0.847360083333333,0.847449233333333,0.846719566666667,0.8473135,0.8464663,0.846694166666667,0.847806683333333,0.846648981481481,0.846064633333333,0.846444133333333,0.847346533333333,0.845584983333333,0.846449983333333,0.847678816666667,0.847436983333333,0.84670595,0.847506216666667,0.845418233333333,0.847480683333333,0.846721166666667,0.843760466666667,0.843147383333333,0.846753055555556,0.8456184,0.847871296296296,0.8469676,0.846804633333333,0.847024833333333,0.8451863125,0.84702685,0.846481516666667,0.847308016666667,0.846201537037037,0.84686,0.847693354166667,0.845942166666667,0.8474022,0.846243611111111,0.84638425,0.842021770833333,0.841987537037037,0.842616933333333,0.845524125,0.847730119047619,0.84717505,0.8461838,0.8465542,0.8471146,0.847206216666667,0.846530611111111,0.846977366666667,0.847464516666667,0.846438766666667,0.846945916666667,0.84715535,0.8459332,0.84761745,0.845759783333333,0.847199883333333
"AgtaManide",0.846891277777778,0.849120222222222,0.849801388888889,0.849867088888889,0.851996740740741,0.853944022222222,0.8511849,0.847297518518519,0.869200388888889,0.84868762962963,1,0.847136744444444,0.849025802469136,0.84636250617284,0.845319185185185,0.848989333333333,0.845715716049383,0.846595388888889,0.846263444444444,0.848285395061728,0.844417844444444,0.848424277777778,0.848463736111111,0.8480596,0.847590061728395,0.848444913580247,0.846576966666667,0.844454988888889,0.846153555555555,0.846545655555555,0.846225486111111,0.846191666666667,0.846233533333333,0.846052266666667,0.845978425925926,0.844163522222222,0.845667316239316,0.845806958333333,0.846025902777778,0.846071827160494,0.846075144444444,0.845530047619048,0.845668,0.84606862962963,0.845809911111111,0.845122788888889,0.8459516,0.846383788888889,0.845746375,0.846383802469136,0.846681458333333,0.846079644444445,0.8461055,0.844325933333333,0.846219814814815,0.844773851851852,0.846197855555556,0.846177344444444,0.8455187,0.845917833333333,0.845069533333333,0.845336244444444,0.846470822222222,0.845677456790124,0.844567311111111,0.845168644444444,0.846165655555556,0.844180622222222,0.845444922222222,0.846390088888889,0.846170388888889,0.845541166666667,0.845938422222222,0.844823766666667,0.846056177777778,0.845316888888889,0.842540611111111,0.8420259,0.84537662962963,0.844675144444444,0.846820456790123,0.845584366666667,0.845671922222222,0.845781962962963,0.844051833333333,0.845628,0.845137633333333,0.845822144444444,0.845327061728395,0.845798907407407,0.846408875,0.845006765432099,0.846235922222222,0.845287358024691,0.845356805555556,0.841281861111111,0.841051419753086,0.841616266666667,0.844573041666667,0.846560761904762,0.845870544444444,0.845104155555556,0.845378522222222,0.845933255555556,0.845935155555556,0.845524592592593,0.845670044444444,0.846535877777778,0.845141266666667,0.845841133333333,0.846038233333333,0.844604344444444,0.846493288888889,0.844936822222222,0.845584266666667
"AgtaMatnog",0.85857821,0.848400685714286,0.85155661,0.85111612,0.855810522222222,0.85401354,0.85676795,0.852094622222222,0.84769786,0.84787555,0.847136744444444,1,0.854183277777778,0.856428555555556,0.857772766666667,0.848656366666667,0.854226,0.8568127,0.8555734,0.851454677777778,0.85824138,0.8463778125,0.8481354875,0.84802068,0.844319244444444,0.8511933,0.85788343,0.85824612,0.851723333333333,0.85727397,0.857172825,0.8568443375,0.85775684,0.85772068,0.85826195,0.85797714,0.856233969230769,0.85510225,0.85646785,0.856615122222222,0.8558458,0.8564454,0.85540295,0.856518383333333,0.85752069,0.85643728,0.85752,0.85692023,0.8546201125,0.857363855555556,0.859401,0.85922121,0.85811686,0.85819743,0.859060333333333,0.857868766666667,0.85884288,0.85835909,0.85870708,0.859062675,0.85831016,0.85848993,0.85773349,0.857267077777778,0.85837984,0.8584314,0.85806799,0.85805288,0.85725299,0.85809308,0.85615912,0.85682968,0.85903651,0.85111877,0.8575813,0.8560991,0.85188702,0.85129398,0.855744155555556,0.85266705,0.858089033333333,0.85498895,0.85497315,0.857567511111111,0.854826025,0.85678548,0.85745852,0.85837526,0.855773288888889,0.856277483333333,0.856077725,0.8554171,0.8582469,0.856038322222222,0.8565470125,0.8509088125,0.850942,0.85175279,0.855108025,0.858431885714286,0.85728167,0.8565661,0.85701936,0.85803897,0.85799741,0.856842144444445,0.85737965,0.85645401,0.85613971,0.85656869,0.85620108,0.85828096,0.858633,0.85575968,0.85850306
"AgtaRemontado",0.853852933333333,0.850330301587302,0.860203566666667,0.852115133333333,0.853708975308642,0.852785377777778,0.854009855555556,0.851285098765432,0.849522633333333,0.849905740740741,0.849025802469136,0.854183277777778,1,0.85292224691358,0.853456456790123,0.850405037037037,0.851276938271605,0.853258203703704,0.852256222222222,0.851455012345679,0.853434444444444,0.848461333333333,0.849563277777778,0.8493241,0.847104061728395,0.851274320987654,0.853854611111111,0.853391822222222,0.850240851851852,0.853242044444444,0.853205958333333,0.853037333333333,0.853568955555556,0.853333933333333,0.854179203703704,0.853314633333333,0.852965136752137,0.851779597222222,0.852881152777778,0.852980975308642,0.852447133333333,0.852612428571428,0.852063611111111,0.852910796296296,0.853231444444444,0.852610488888889,0.853470844444444,0.853293288888889,0.851662083333333,0.853381604938272,0.854934513888889,0.8546736,0.853768311111111,0.853247666666667,0.854549061728395,0.853224777777778,0.8545031,0.854074944444444,0.8539801,0.854464805555555,0.8535812,0.853776366666667,0.853809244444445,0.853044333333333,0.853578422222222,0.853765211111111,0.853678955555556,0.853174822222222,0.853132933333333,0.853875688888889,0.852524311111111,0.852700844444444,0.8545299,0.848946022222222,0.853533544444445,0.852134206349206,0.848874077777778,0.848209077777778,0.852267049382716,0.850103266666667,0.854115148148148,0.851818266666667,0.851677133333333,0.853193987654321,0.850951111111111,0.852815922222222,0.852818466666667,0.853943677777778,0.852200148148148,0.852678944444444,0.852748930555556,0.851810209876543,0.8541465,0.852324901234568,0.852569680555556,0.847399263888889,0.847300975308642,0.848027977777778,0.851376819444444,0.854369079365079,0.853179522222222,0.852451488888889,0.852858366666667,0.853677177777778,0.853603444444444,0.85286312345679,0.853463355555556,0.853153577777778,0.8523683,0.852681711111111,0.852626366666667,0.853496322222222,0.854191044444444,0.8519351,0.854087377777778
"Agutaya",0.8560733,0.848140222222222,0.8504588,0.8504532,0.854099222222222,0.852663088888889,0.855013733333333,0.851047654320988,0.846827344444444,0.847573944444444,0.84636250617284,0.856428555555556,0.85292224691358,1,0.855930271604938,0.848232814814815,0.852998691358025,0.855973425925926,0.854735592592593,0.850655765432099,0.856198655555556,0.8460775,0.847706041666667,0.847537144444444,0.844436938271605,0.850521851851852,0.856128211111111,0.856263444444444,0.851321,0.855478277777778,0.855620611111111,0.855359263888889,0.856267755555556,0.855887088888889,0.856461481481481,0.856063955555556,0.85468188034188,0.853472930555556,0.854983555555556,0.855215197530864,0.854451422222222,0.854801253968254,0.854035416666667,0.855003277777778,0.855914344444444,0.854807455555556,0.8556302,0.857767266666667,0.853270791666667,0.855617345679012,0.857565819444444,0.857462711111111,0.856888777777778,0.856189411111111,0.857398333333333,0.855905685185185,0.857023166666667,0.856482466666667,0.856698377777778,0.857263,0.856222066666667,0.856492166666667,0.856873011111111,0.855624851851852,0.856428,0.856533255555556,0.856117922222222,0.856092744444444,0.855472866666667,0.857152988888889,0.854714111111111,0.855074,0.857116622222222,0.849782644444444,0.856023311111111,0.854321063492063,0.850584577777778,0.849934644444444,0.854539395061728,0.851635744444444,0.856527604938272,0.853636966666667,0.853543666666667,0.855638728395062,0.853045097222222,0.855136233333333,0.855683022222222,0.856397933333333,0.854418172839506,0.854698222222222,0.854608319444444,0.854223333333333,0.856493833333333,0.854492024691358,0.855128527777778,0.849560875,0.849449901234568,0.850344422222222,0.853486416666667,0.856614492063492,0.855616666666667,0.854852077777778,0.8553341,0.856898777777778,0.856153677777778,0.855145098765432,0.855641277777778,0.855346888888889,0.854716711111111,0.854984155555556,0.854861277777778,0.8563617,0.856770755555555,0.8541476,0.856627277777778
"Apayao",0.857217722222222,0.847514571428571,0.850650166666667,0.850373977777778,0.854664444444444,0.852654477777778,0.855926822222222,0.852009962962963,0.846168133333333,0.846799925925926,0.845319185185185,0.857772766666667,0.853456456790123,0.855930271604938,1,0.847190185185185,0.853382160493827,0.856230481481482,0.854810203703704,0.851272851851852,0.860623266666667,0.845131861111111,0.846919375,0.846887822222222,0.842998543209877,0.850085864197531,0.857421311111111,0.860772555555556,0.85082662962963,0.856537255555556,0.856564416666667,0.856321638888889,0.857271511111111,0.857096222222222,0.85877187037037,0.860677233333333,0.857399897435897,0.854294902777778,0.855927402777778,0.856115382716049,0.855167555555556,0.855755603174603,0.854644305555556,0.856060685185185,0.857025455555556,0.855842133333333,0.856967777777778,0.856452155555556,0.853987694444444,0.85690149382716,0.860276527777778,0.8611396,0.8578033,0.860551988888889,0.859979604938272,0.858689148148148,0.859803111111111,0.8579954,0.859290977777778,0.86005825,0.862616866666667,0.859165555555556,0.857443522222222,0.856878345679012,0.860872677777778,0.861886166666667,0.857864622222222,0.860491933333333,0.857126444444444,0.857965211111111,0.855392144444444,0.856184744444444,0.860581422222222,0.849956188888889,0.8571852,0.855716761904762,0.852137888888889,0.851543888888889,0.855688222222222,0.852486266666667,0.85784912345679,0.854152244444444,0.854049233333333,0.857167901234568,0.854192291666667,0.856399733333333,0.857308666666667,0.858222422222222,0.855250790123457,0.855640166666667,0.855427597222222,0.854839148148148,0.858305777777778,0.855319938271605,0.856006180555556,0.850281347222222,0.850305938271605,0.8511685,0.854225513888889,0.858450523809524,0.856724688888889,0.856281855555556,0.856505866666667,0.857965877777778,0.857543677777778,0.856402641975309,0.8570616,0.856199644444444,0.855660666666667,0.856015022222222,0.855755511111111,0.860664877777778,0.858126466666667,0.855158944444444,0.859250166666667
"Arta",0.8480427,0.868196285714286,0.851536166666667,0.853961133333333,0.849919592592593,0.849756466666667,0.849608166666667,0.849808444444444,0.8489943,0.869281166666667,0.848989333333333,0.848656366666667,0.850405037037037,0.848232814814815,0.847190185185185,1,0.847117111111111,0.848147388888889,0.847585555555556,0.850943962962963,0.846458633333333,0.849470791666667,0.849608833333333,0.849685333333333,0.848897703703704,0.850309444444444,0.848138433333333,0.8466204,0.847137222222222,0.847483766666667,0.847740458333333,0.847953333333333,0.848034866666667,0.847850333333333,0.847939666666667,0.846411733333333,0.849232153846154,0.84754275,0.847755875,0.847711777777778,0.8478032,0.847596142857143,0.847343958333333,0.847925277777778,0.8474519,0.846787033333333,0.847738033333333,0.8482402,0.847206208333333,0.848167592592593,0.848523541666667,0.848119166666667,0.847832866666667,0.846428366666667,0.848107666666667,0.846769166666667,0.848036066666667,0.848010033333333,0.847230033333333,0.847981333333333,0.847198833333333,0.847405966666667,0.8483654,0.84720837037037,0.846694233333333,0.8471519,0.847815933333333,0.846174433333333,0.847124533333333,0.848297633333333,0.848087033333333,0.8473688,0.848338,0.8459697,0.847987,0.847101238095238,0.8440757,0.8436015,0.847206703703704,0.845890466666667,0.848528148148148,0.8474667,0.8473857,0.847530888888889,0.845780416666667,0.8474607,0.847112966666667,0.847969566666667,0.846794481481482,0.847477166666667,0.848238458333333,0.846725185185185,0.848054433333333,0.846846592592593,0.847072083333333,0.842742625,0.842546555555556,0.843231733333333,0.846293416666667,0.848351523809524,0.847891833333333,0.846762133333333,0.847265833333333,0.847784066666667,0.8477975,0.847206777777778,0.847660566666667,0.848036666666667,0.846873033333333,0.847509333333333,0.847794033333333,0.8465666,0.8483599,0.8464207,0.8478657
"AtaManobo",0.853907344444444,0.847130571428572,0.849492222222222,0.849477511111111,0.852401296296296,0.851131244444444,0.853121144444444,0.849756987654321,0.846066733333333,0.846614592592593,0.845715716049383,0.854226,0.851276938271605,0.852998691358025,0.853382160493827,0.847117111111111,1,0.853918851851852,0.852746333333333,0.849538703703704,0.853514966666667,0.845599666666667,0.846948333333333,0.846786477777778,0.843912567901235,0.849213814814815,0.856021888888889,0.853713566666667,0.849846185185185,0.853143877777778,0.853650847222222,0.855486583333333,0.855306844444444,0.853904044444444,0.854140814814815,0.853416544444444,0.852266282051282,0.858837888888889,0.855202972222222,0.855685814814815,0.856650077777778,0.85530419047619,0.857921097222222,0.856575777777778,0.853711088888889,0.8527404,0.854196266666667,0.8533569,0.859274361111111,0.856451703703704,0.854991486111111,0.854892211111111,0.8541533,0.853381511111111,0.854683481481481,0.853183259259259,0.854565822222222,0.855170166666667,0.8542371,0.854535277777778,0.853664388888889,0.853863311111111,0.854292433333333,0.85485349382716,0.853710833333333,0.853855477777778,0.854809033333333,0.853366366666667,0.852930677777778,0.8541289,0.855485922222222,0.854130588888889,0.854768311111111,0.849965822222222,0.855526744444445,0.855333444444444,0.848467366666667,0.847862822222222,0.852098320987654,0.849671588888889,0.856373679012346,0.854968311111111,0.857186333333333,0.855041111111111,0.853071416666667,0.855286711111111,0.853621811111111,0.8550911,0.852494987654321,0.854677462962963,0.858295930555556,0.852060950617284,0.854018855555556,0.852713234567901,0.853006986111111,0.848061361111111,0.848185851851852,0.848795477777778,0.851641694444444,0.854358952380952,0.854398911111111,0.853138766666667,0.853602377777778,0.854093166666667,0.854477633333333,0.854552987654321,0.853350577777778,0.853131977777778,0.852865466666667,0.854873277777778,0.8549627,0.853654711111111,0.854627422222222,0.852499066666667,0.854205288888889
"AtiNegros",0.85656595,0.847930619047619,0.850876766666667,0.850737333333333,0.854632444444444,0.853145633333333,0.855428383333333,0.851581888888889,0.847255783333333,0.847524527777778,0.846595388888889,0.8568127,0.853258203703704,0.855973425925926,0.856230481481482,0.848147388888889,0.853918851851852,1,0.856971055555556,0.850969796296296,0.856652366666667,0.846254145833333,0.847669291666667,0.847652633333333,0.844292648148148,0.850706685185185,0.857107716666667,0.856680683333333,0.851500444444445,0.855934833333333,0.856744416666667,0.856061125,0.8570898,0.8568388,0.857193277777778,0.856360516666667,0.854979371794872,0.854471875,0.855790791666667,0.855895037037037,0.855182083333333,0.855608523809524,0.8548098125,0.856058444444444,0.85682695,0.855403033333333,0.8563056,0.85644885,0.8540791875,0.856611888888889,0.858014729166667,0.857711916666667,0.857955883333333,0.8565336,0.857693777777778,0.856341666666667,0.857298116666667,0.857344566666667,0.857205166666667,0.85767675,0.856651516666667,0.8570472,0.857506633333333,0.856430277777778,0.856808216666667,0.856839366666667,0.85699715,0.856431666666667,0.8560285,0.858364416666667,0.855317016666667,0.8557317,0.857540416666667,0.850692916666667,0.856766066666667,0.855411071428571,0.850661666666667,0.85012565,0.854867944444444,0.851606633333333,0.857323537037037,0.854608916666667,0.854380166666667,0.856428648148148,0.853880520833333,0.855995616666667,0.8563826,0.857395566666667,0.854881518518519,0.85528725,0.855517833333333,0.854583555555556,0.856869366666667,0.855219222222222,0.855608916666667,0.850019895833333,0.849952296296296,0.850890666666667,0.854098520833333,0.857059976190476,0.856480716666667,0.855588316666667,0.855955283333333,0.8579923,0.856946083333333,0.855932055555556,0.85609455,0.8557782,0.855285333333333,0.85573375,0.855484,0.856628216666667,0.85742325,0.855072016666667,0.857107566666667
"AtiPanay",0.855252983333333,0.847572547619048,0.850006416666667,0.849959466666667,0.853481740740741,0.85194335,0.854203366666667,0.85043,0.84669305,0.847078611111111,0.846263444444444,0.8555734,0.852256222222222,0.854735592592593,0.854810203703704,0.847585555555556,0.852746333333333,0.856971055555556,1,0.850163240740741,0.854766983333333,0.845900104166667,0.847222583333333,0.846972633333333,0.844184314814815,0.849904203703704,0.8556133,0.855031883333333,0.8504885,0.854353966666667,0.855114208333333,0.8549356875,0.8558065,0.8550855,0.855258333333333,0.854660716666667,0.853393692307692,0.853390145833333,0.854545291666667,0.854505444444444,0.853931616666667,0.854292619047619,0.853650458333333,0.854619527777778,0.855031933333333,0.8539463,0.854937666666667,0.855464533333333,0.853197979166667,0.855152796296296,0.856214,0.856259466666667,0.856702816666667,0.8548847,0.856097592592593,0.85463875,0.855897066666667,0.8555634,0.855568633333333,0.855923,0.855207583333333,0.855230683333333,0.856214483333333,0.854988537037037,0.855079083333333,0.855188366666667,0.855509,0.854717966666667,0.854452216666667,0.857418383333333,0.854320583333333,0.854368516666667,0.8561264,0.849923083333333,0.855222683333333,0.853960238095238,0.849487783333333,0.848868416666667,0.853722814814815,0.850667633333333,0.855860333333333,0.853517616666667,0.853247533333333,0.855010796296296,0.852663875,0.854624666666667,0.854724716666667,0.855599016666667,0.853376351851852,0.854095388888889,0.854081375,0.853186203703704,0.855416,0.853835592592593,0.854145895833333,0.8488671875,0.848789685185185,0.84961825,0.8528009375,0.855820428571429,0.854942316666667,0.854060683333333,0.854585583333333,0.856914766666667,0.855559233333333,0.854304796296296,0.854593383333333,0.85457595,0.85391815,0.854510383333333,0.854148766666667,0.8548939,0.855796133333333,0.853498516666667,0.855491416666667
"AttaRizal",0.851291033333333,0.850828714285714,0.850511055555556,0.854793511111111,0.851655518518519,0.851232844444444,0.8519256,0.859209098765432,0.848571177777778,0.850574462962963,0.848285395061728,0.851454677777778,0.851455012345679,0.850655765432099,0.851272851851852,0.850943962962963,0.849538703703704,0.850969796296296,0.850163240740741,1,0.850368911111111,0.848778902777778,0.849773138888889,0.849489811111111,0.848314259259259,0.850986617283951,0.851349577777778,0.850379522222222,0.848714222222222,0.850575077777778,0.850697569444444,0.850865486111111,0.851155111111111,0.850730866666667,0.851709333333333,0.850269844444444,0.850670145299145,0.849970180555556,0.850573430555556,0.850621432098765,0.850112122222222,0.850202873015873,0.849993861111111,0.850687796296296,0.850612277777778,0.849873911111111,0.850659255555556,0.850957011111111,0.849779444444444,0.851042308641975,0.852501347222222,0.852350244444444,0.851155144444445,0.850280733333333,0.852013148148148,0.850532111111111,0.851997977777778,0.8513243,0.851176288888889,0.851964666666667,0.851364477777778,0.851030322222222,0.851371933333333,0.850560962962963,0.850381633333333,0.851331033333333,0.851204555555556,0.850151155555556,0.850383411111111,0.851301633333333,0.850507255555556,0.850342366666667,0.852229288888889,0.847544355555556,0.851156144444444,0.849915158730159,0.846722277777778,0.846188544444444,0.850073432098765,0.848391366666667,0.851613728395062,0.849888411111111,0.849769444444444,0.850598740740741,0.848716791666667,0.850582144444444,0.850272477777778,0.851175522222222,0.849742074074074,0.850242592592593,0.850794986111111,0.849390098765432,0.851405233333333,0.84972275308642,0.850048416666667,0.845307527777778,0.845043061728395,0.845861422222222,0.848688722222222,0.851939603174603,0.850793333333333,0.849807055555556,0.850313922222222,0.850946477777778,0.851143711111111,0.850216197530864,0.850660022222222,0.850855377777778,0.849792433333333,0.850384588888889,0.8504027,0.850413666666667,0.851586633333333,0.849397088888889,0.851562477777778
"AyanganIfugao",0.85756105,0.846435442857143,0.84996296,0.84943832,0.854751477777778,0.85240941,0.85580697,0.851092522222222,0.845343,0.845674766666667,0.844417844444444,0.85824138,0.853434444444444,0.856198655555556,0.860623266666667,0.846458633333333,0.853514966666667,0.856652366666667,0.854766983333333,0.850368911111111,1,0.843899825,0.8458206875,0.84588593,0.841618122222222,0.849468044444444,0.85787237,0.86911472,0.8505682,0.8569915,0.856903225,0.856625275,0.85765916,0.85764436,0.8593999,0.86839416,0.860086284615385,0.8544420125,0.856265225,0.856602966666667,0.85538893,0.8562942,0.854934125,0.856251483333333,0.85740684,0.85633029,0.85748922,0.85665663,0.853895975,0.857274566666667,0.8609685875,0.86217133,0.85823961,0.86682745,0.860279833333333,0.859301466666667,0.86013853,0.85867654,0.85986388,0.860286425,0.86419022,0.85977202,0.85779507,0.857276366666667,0.86875639,0.86420145,0.85816498,0.86837946,0.85763325,0.85824898,0.8554442,0.85663747,0.86040882,0.84975452,0.8575881,0.855981971428571,0.85281194,0.85211534,0.856018422222222,0.85257181,0.858179088888889,0.85426769,0.8542918,0.857403977777778,0.8546421,0.85678764,0.85807214,0.85897186,0.855555811111111,0.85596455,0.8556432875,0.855369666666667,0.85897295,0.855725233333333,0.85631635,0.8505738375,0.850555955555556,0.85140755,0.8546183125,0.8587855,0.85716458,0.85661834,0.85707503,0.85829255,0.8580059,0.857225088888889,0.85744801,0.85616152,0.85594024,0.85620247,0.85582106,0.86930529,0.85878054,0.85553111,0.85971541
"AytaAmbala",0.846137925,0.849628732142857,0.8488201625,0.85003595,0.84821325,0.8484651375,0.847965525,0.848427208333333,0.8481137,0.849387291666667,0.848424277777778,0.8463778125,0.848461333333333,0.8460775,0.845131861111111,0.849470791666667,0.845599666666667,0.846254145833333,0.845900104166667,0.848778902777778,0.843899825,1,0.86366121875,0.8638014125,0.860061569444444,0.859487944444444,0.8462872125,0.844224175,0.845992208333333,0.8456800125,0.8457809375,0.846041578125,0.84611805,0.845673175,0.845756291666667,0.8439255875,0.845419442307692,0.84579990625,0.84586403125,0.845720166666667,0.8459354375,0.845410517857143,0.84555015625,0.846135041666667,0.845581425,0.84496685,0.845563175,0.8461213875,0.845616125,0.84600275,0.846304203125,0.845679675,0.8456861,0.84406335,0.845801472222222,0.844453708333333,0.8458238625,0.8459336375,0.845006825,0.84550271875,0.8448004,0.8448955125,0.8461549,0.845201402777778,0.8440903875,0.844933725,0.8457343,0.8438364875,0.84510325,0.8460236875,0.845999575,0.8452416875,0.845842275,0.8444000375,0.8457885375,0.845186267857143,0.8422463,0.8417757875,0.845417375,0.845074225,0.846492555555556,0.8457981625,0.8454895875,0.845624833333333,0.843906046875,0.8456789125,0.8445029375,0.8456989125,0.845217819444444,0.845736416666667,0.846382453125,0.844964916666667,0.8459708625,0.844871069444444,0.845183890625,0.841188171875,0.841062694444444,0.84152995,0.8442595625,0.847042410714286,0.8458408375,0.844798875,0.8452800875,0.84557785,0.8456668375,0.845129902777778,0.8456750875,0.8463358,0.8449126875,0.845567,0.84571675,0.8440646125,0.8461220625,0.844623075,0.8453848125
"AytaMag-antsi",0.8477190125,0.850051553571429,0.8494188,0.850660975,0.849189666666667,0.8492613875,0.8491318,0.849289541666667,0.8482539875,0.84963475,0.848463736111111,0.8481354875,0.849563277777778,0.847706041666667,0.846919375,0.849608833333333,0.846948333333333,0.847669291666667,0.847222583333333,0.849773138888889,0.8458206875,0.86366121875,1,0.8655659125,0.857117152777778,0.862302291666667,0.8479049625,0.8460426,0.847105833333333,0.84724375,0.8474693125,0.847540609375,0.847743075,0.847523825,0.8475639375,0.8459160125,0.847116442307692,0.84718834375,0.847342859375,0.847299930555556,0.8472405125,0.846993875,0.846988625,0.8476109375,0.8471993625,0.84661385,0.847160225,0.847757125,0.846851765625,0.847723861111111,0.847923109375,0.8476340125,0.8474282375,0.846008275,0.847613375,0.846315604166667,0.84757585,0.8476317,0.84690905,0.84731153125,0.8467448375,0.8467752625,0.8479045625,0.846982902777778,0.8460898875,0.8466709375,0.8473987375,0.845697975,0.8469323375,0.84784765,0.847535075,0.8469034125,0.8477055875,0.84558985,0.8475466625,0.846738196428571,0.843614925,0.8430660125,0.846798027777778,0.8462752875,0.848179680555556,0.847058325,0.8468802875,0.847375277777778,0.84538059375,0.8471208875,0.8462643875,0.8473848625,0.846621277777778,0.847258916666667,0.84782625,0.846414208333333,0.847827825,0.846467291666667,0.846708359375,0.84267815625,0.842547319444444,0.843107725,0.845758703125,0.849048035714286,0.847459475,0.8464649625,0.846899625,0.8473119375,0.84742015,0.846803555555556,0.84740735,0.847803125,0.84651905,0.8470824125,0.847196375,0.8460127,0.847771625,0.846099325,0.8473272375
"AytaMag-indi",0.84773589,0.849738642857143,0.8493283,0.85030604,0.8489993,0.8491265,0.84896066,0.848946311111111,0.84797345,0.84941335,0.8480596,0.84802068,0.8493241,0.847537144444444,0.846887822222222,0.849685333333333,0.846786477777778,0.847652633333333,0.846972633333333,0.849489811111111,0.84588593,0.8638014125,0.8655659125,1,0.856736322222222,0.861742177777778,0.84772539,0.84607586,0.846888033333333,0.84707166,0.8472092875,0.8474694875,0.84756904,0.84731874,0.847461616666667,0.84582792,0.846883307692308,0.847040725,0.8472391125,0.847271711111111,0.84713046,0.846983371428571,0.846915525,0.8475726,0.84699647,0.84643584,0.84706281,0.84762826,0.8467166625,0.847594288888889,0.8479558625,0.84759287,0.84728217,0.84587595,0.847620733333333,0.846230583333333,0.84759545,0.8475421,0.84688638,0.847301,0.84664041,0.84671278,0.84774805,0.846810222222222,0.84605213,0.84667237,0.84735554,0.84569787,0.84680964,0.8476755,0.84736602,0.84662364,0.84755179,0.84531464,0.84737382,0.846687342857143,0.84356517,0.84300651,0.8465894,0.84624096,0.8480545,0.84690661,0.84671065,0.847169355555556,0.845233325,0.84703991,0.84620653,0.84720585,0.846486622222222,0.84696705,0.847631625,0.846368544444444,0.84760668,0.846420855555556,0.8465855125,0.842354325,0.8421842,0.84285591,0.8456153375,0.8487777,0.84738437,0.84638982,0.84669101,0.84723012,0.84721252,0.846636977777778,0.84743839,0.84760478,0.84641781,0.84704461,0.84711057,0.84593395,0.8476703,0.84617631,0.84725992
"AytaMagbukon",0.844066422222222,0.84930826984127,0.847888766666667,0.849529,0.846584617283951,0.847204955555556,0.846229077777778,0.847207790123457,0.847361933333333,0.849057018518518,0.847590061728395,0.844319244444444,0.847104061728395,0.844436938271605,0.842998543209877,0.848897703703704,0.843912567901235,0.844292648148148,0.844184314814815,0.848314259259259,0.841618122222222,0.860061569444444,0.857117152777778,0.856736322222222,1,0.854510950617284,0.844375155555556,0.841941077777778,0.844744777777778,0.843789944444444,0.843998819444444,0.844246416666667,0.844075555555556,0.843717022222222,0.84373787037037,0.841739288888889,0.843626367521368,0.843999736111111,0.843913166666667,0.843957382716049,0.843985677777778,0.843631698412698,0.843900458333333,0.844135981481482,0.843547155555556,0.843101666666667,0.843745611111111,0.844465022222222,0.843972763888889,0.844204283950617,0.844018222222222,0.843615522222222,0.843688577777778,0.841719766666667,0.843744432098765,0.842317888888889,0.843669933333333,0.843889044444444,0.842942455555556,0.843425888888889,0.842577744444444,0.842760722222222,0.8443019,0.843381320987654,0.841828633333333,0.842687111111111,0.843830355555556,0.841508644444444,0.843130766666667,0.8441799,0.844271755555556,0.843351466666667,0.8437655,0.843179166666667,0.843984877777778,0.843187682539682,0.840689577777778,0.840422977777778,0.843813814814815,0.843379188888889,0.84458687654321,0.844063533333333,0.843998577777778,0.84377749382716,0.842112222222222,0.843623277777778,0.842650188888889,0.843645833333333,0.843369469135802,0.843683814814815,0.844809416666667,0.843105802469136,0.843889966666667,0.842976641975309,0.843294819444445,0.839548486111111,0.839182703703704,0.839781288888889,0.842353111111111,0.844912333333333,0.843898111111111,0.843000233333333,0.843320822222222,0.843697133333333,0.843775477777778,0.843247296296296,0.843554188888889,0.844715122222222,0.843126033333333,0.843660622222222,0.843983977777778,0.841709322222222,0.844042766666667,0.842716888888889,0.8433282
"AytaSambal",0.850828444444444,0.850284507936508,0.850411911111111,0.851314822222222,0.851286456790123,0.850953666666667,0.851577777777778,0.850616814814815,0.848397233333333,0.849945740740741,0.848444913580247,0.8511933,0.851274320987654,0.850521851851852,0.850085864197531,0.850309444444444,0.849213814814815,0.850706685185185,0.849904203703704,0.850986617283951,0.849468044444444,0.859487944444444,0.862302291666667,0.861742177777778,0.854510950617284,1,0.850887622222222,0.8497718,0.848843444444444,0.850227833333333,0.85048775,0.850340486111111,0.850868977777778,0.850482466666667,0.850720703703704,0.849409866666667,0.849905085470085,0.849656069444444,0.850172041666667,0.850187580246914,0.849948311111111,0.849970507936508,0.849669694444444,0.850426425925926,0.850082811111111,0.849624166666667,0.850307333333333,0.850655066666667,0.849272541666667,0.850512037037037,0.851475083333333,0.851151922222222,0.850597066666667,0.849510133333333,0.85106912345679,0.849766574074074,0.851036677777778,0.850872955555556,0.850346955555556,0.850914166666667,0.850203211111111,0.850218177777778,0.850963777777778,0.850241518518519,0.849835922222222,0.850258177777778,0.850656277777778,0.849277066666667,0.850154755555556,0.850929788888889,0.850159488888889,0.8498878,0.850996555555556,0.847398766666667,0.850547044444445,0.849622095238095,0.846301566666667,0.845777455555556,0.849681395061728,0.848463933333333,0.851092987654321,0.849628833333333,0.849362166666667,0.850451679012346,0.848265777777778,0.850143066666667,0.849607333333333,0.850780855555556,0.849492111111111,0.849906537037037,0.850381597222222,0.849219382716049,0.851093044444444,0.849352592592593,0.849725444444444,0.845101416666667,0.845003135802469,0.845730977777778,0.848542194444444,0.852272412698413,0.850422322222222,0.849506966666667,0.849946566666667,0.850550277777778,0.850613633333333,0.849870098765432,0.850425877777778,0.850527122222222,0.849440777777778,0.850085455555555,0.849992622222222,0.849623455555556,0.850885833333333,0.849056288888889,0.850729144444444
"BagoboKlata",0.85743091,0.848402571428571,0.85130269,0.85088706,0.855191777777778,0.85355511,0.85631889,0.852018855555556,0.84717034,0.847609883333333,0.846576966666667,0.85788343,0.853854611111111,0.856128211111111,0.857421311111111,0.848138433333333,0.856021888888889,0.857107716666667,0.8556133,0.851349577777778,0.85787237,0.8462872125,0.8479049625,0.84772539,0.844375155555556,0.850887622222222,1,0.85786371,0.8515496,0.85684786,0.856947775,0.8578306875,0.85858534,0.8575135,0.8580795,0.85762256,0.856003492307692,0.8564903875,0.85722815,0.857120255555556,0.85741417,0.857095014285714,0.856714275,0.857481083333333,0.85741777,0.85626048,0.85744084,0.85690691,0.8561776375,0.858370622222222,0.858828625,0.85889424,0.85802802,0.85790601,0.858744877777778,0.857681816666667,0.85849918,0.85868409,0.85840081,0.858598475,0.85789513,0.85807986,0.85762088,0.858271077777778,0.85804198,0.85808877,0.85851725,0.85767854,0.85698418,0.85789006,0.85715138,0.85709584,0.8587278,0.8516406,0.8581869,0.8571684,0.85162279,0.85092055,0.855576755555556,0.85247789,0.858824,0.85610108,0.85617917,0.858004944444444,0.8559597375,0.86043879,0.85807358,0.85862907,0.855650144444444,0.857154233333333,0.8582967375,0.8553891,0.85787465,0.855996744444444,0.8565035375,0.850945725,0.850740522222222,0.85163571,0.8549156,0.858181428571429,0.8579377,0.85649229,0.85700121,0.85791501,0.85821233,0.857840911111111,0.85699873,0.85640225,0.85603395,0.85731486,0.85694359,0.85786338,0.85828573,0.85573364,0.85829817
"Balangao",0.85774763,0.846775042857143,0.85025078,0.84953378,0.854691988888889,0.85259113,0.85592764,0.8513016,0.84527149,0.845983316666667,0.844454988888889,0.85824612,0.853391822222222,0.856263444444444,0.860772555555556,0.8466204,0.853713566666667,0.856680683333333,0.855031883333333,0.850379522222222,0.86911472,0.844224175,0.8460426,0.84607586,0.841941077777778,0.8497718,0.85786371,1,0.850702733333333,0.85703974,0.8569950125,0.8567321625,0.8578132,0.85754392,0.859332616666667,0.86948156,0.859877946153846,0.85442415,0.8562223375,0.856535355555556,0.85546553,0.8562563,0.8549815875,0.856288466666667,0.85739473,0.85634075,0.85739378,0.85668495,0.853974125,0.8573358,0.861160375,0.86247218,0.85818514,0.86680704,0.860339811111111,0.859494633333333,0.8603646,0.85849754,0.85989096,0.860252275,0.86461959,0.85981505,0.85773311,0.857307788888889,0.86820765,0.86467893,0.85830356,0.86884246,0.8576297,0.85820545,0.85559136,0.85655321,0.86057217,0.85006653,0.85770047,0.855936214285714,0.85289887,0.85228526,0.856101833333333,0.85269071,0.858124655555556,0.8544659,0.85437407,0.857487733333333,0.854667275,0.85673497,0.85789178,0.85884068,0.855594733333333,0.856058083333333,0.855674175,0.855313477777778,0.85902076,0.855760311111111,0.8564034,0.85047735,0.850648877777778,0.85140669,0.854735525,0.8589473,0.85736193,0.85665641,0.85715816,0.85822202,0.85797876,0.857045633333333,0.85742691,0.8562472,0.85587723,0.85629478,0.85593104,0.86879753,0.85871362,0.85550453,0.8598215
"Batak",0.851411333333333,0.847388333333333,0.848934266666667,0.849246266666667,0.850983037037037,0.8500008,0.851523633333333,0.848606851851852,0.846515233333333,0.846867555555556,0.846153555555555,0.851723333333333,0.850240851851852,0.851321,0.85082662962963,0.847137222222222,0.849846185185185,0.851500444444445,0.8504885,0.848714222222222,0.8505682,0.845992208333333,0.847105833333333,0.846888033333333,0.844744777777778,0.848843444444444,0.8515496,0.850702733333333,1,0.850749366666667,0.851078958333333,0.851327666666667,0.8514284,0.851312333333333,0.851332888888889,0.8503495,0.850080153846154,0.850209791666667,0.851092541666667,0.851064074074074,0.850857366666667,0.850803095238095,0.850668875,0.851272611111111,0.8510469,0.850199866666667,0.851315666666667,0.851469966666667,0.850073458333333,0.851592296296296,0.852204875,0.851920733333333,0.851570733333333,0.8503611,0.85194662962963,0.850575333333333,0.851634866666667,0.8518532,0.851263933333333,0.851913083333333,0.850617733333333,0.8510892,0.8517702,0.851310296296296,0.8506441,0.8508898,0.851701933333333,0.8502553,0.850696166666667,0.851658933333333,0.851000033333333,0.8507496,0.851768133333333,0.847780966666667,0.851339666666667,0.850580142857143,0.845974266666667,0.845527933333333,0.849706333333333,0.847921233333333,0.852122296296296,0.850377633333333,0.850150466666667,0.851212444444444,0.849148875,0.850869666666667,0.850746266666667,0.8516559,0.850486074074074,0.850792944444444,0.85121425,0.850495444444444,0.851443433333333,0.850260444444444,0.850675458333333,0.84598175,0.845592592592593,0.846538333333333,0.849581833333333,0.851867285714286,0.8513969,0.850600333333333,0.851002733333333,0.851299133333333,0.851455833333333,0.850806407407407,0.8507709,0.852299333333333,0.850629166666667,0.8508035,0.850857933333333,0.850516866666667,0.8520169,0.850041833333333,0.8513744
"Bicolano",0.85688804,0.847596942857143,0.85062683,0.85030958,0.855049144444444,0.8533557,0.85587086,0.851179544444444,0.84715451,0.846897233333333,0.846545655555556,0.85727397,0.853242044444444,0.855478277777778,0.856537255555555,0.847483766666667,0.853143877777778,0.855934833333333,0.854353966666667,0.850575077777778,0.8569915,0.8456800125,0.84724375,0.84707166,0.843789944444444,0.850227833333333,0.85684786,0.85703974,0.850749366666667,1,0.856067025,0.8558057125,0.85660954,0.8565216,0.85729495,0.85680718,0.855180130769231,0.853990975,0.8554799875,0.855584766666667,0.85474331,0.855283757142857,0.8544199625,0.855647733333333,0.85652764,0.85552206,0.85641463,0.85604371,0.853782075,0.856317688888889,0.8583618375,0.85806843,0.85700666,0.85700122,0.858045,0.85687185,0.8577859,0.85738131,0.8576502,0.857905075,0.85706572,0.85731489,0.85668778,0.856196055555556,0.85709992,0.85731722,0.85693341,0.85678553,0.85653465,0.85712302,0.85501891,0.85581691,0.85780628,0.84984205,0.85651338,0.855067071428571,0.85067885,0.85007022,0.854547388888889,0.85156312,0.857172866666667,0.85383652,0.8540111,0.856351133333333,0.8535088,0.85569175,0.85612372,0.85730643,0.854843711111111,0.85508735,0.8551240875,0.8544881,0.85728325,0.855158122222222,0.855674725,0.8501587375,0.850090333333333,0.85086319,0.85428455,0.857531657142857,0.85625698,0.8555132,0.85605042,0.8569991,0.85691312,0.855670566666667,0.85639817,0.85550241,0.85539442,0.85539869,0.85515438,0.85700017,0.85749657,0.85487441,0.85742604
"BinukidnonNegros",0.8568107125,0.847662196428571,0.8505882875,0.8503132,0.85464425,0.852815825,0.8555291625,0.851187222222222,0.8467393125,0.8473655625,0.846225486111111,0.857172825,0.853205958333333,0.855620611111111,0.856564416666667,0.847740458333333,0.853650847222222,0.856744416666667,0.855114208333333,0.850697569444444,0.856903225,0.8457809375,0.8474693125,0.8472092875,0.843998819444444,0.85048775,0.856947775,0.8569950125,0.851078958333333,0.856067025,1,0.856183421875,0.856838875,0.8572032,0.857233145833333,0.85667985,0.855057817307692,0.85429675,0.855844046875,0.855988833333333,0.855205325,0.855569214285714,0.854665140625,0.855956125,0.8570466125,0.8554940125,0.8567247,0.8561841125,0.8541003125,0.856584027777778,0.858240953125,0.8581442875,0.8574376,0.856950225,0.857926541666667,0.856732875,0.857758025,0.857453075,0.8574473125,0.85797646875,0.8570386375,0.857307275,0.85725765,0.856320847222222,0.857045375,0.8572086125,0.8572338375,0.85676605,0.856309425,0.85753925,0.8553931625,0.8558339,0.85797515,0.85046845,0.856798525,0.855231785714286,0.8509183125,0.8503065875,0.854941569444444,0.8517541,0.857244930555556,0.8543505125,0.854252625,0.856522847222222,0.853964640625,0.8560124625,0.8564699125,0.8575104,0.854969569444444,0.855358541666667,0.855432640625,0.854525583333333,0.857062625,0.855248527777778,0.855745640625,0.850085484375,0.85000625,0.85083505,0.854191015625,0.857431125,0.8563399625,0.855642525,0.8561897375,0.8574462375,0.8570546625,0.855944055555556,0.856272875,0.8556414375,0.855337675,0.8557101,0.8554782875,0.8570979625,0.8576475625,0.85507615,0.8574957875
"BlaanKoronadal",0.8566178875,0.847794321428571,0.850563075,0.850478725,0.854441791666667,0.8528564,0.8554673,0.851325027777778,0.8466588,0.847353416666667,0.846191666666667,0.8568443375,0.853037333333333,0.855359263888889,0.856321638888889,0.847953333333333,0.855486583333333,0.856061125,0.8549356875,0.850865486111111,0.856625275,0.846041578125,0.847540609375,0.8474694875,0.844246416666667,0.850340486111111,0.8578306875,0.8567321625,0.851327666666667,0.8558057125,0.856183421875,1,0.858621675,0.8563693,0.85705175,0.856357525,0.854858134615385,0.85575865625,0.856636671875,0.856698625,0.8562438625,0.856283589285714,0.855904265625,0.8567836875,0.8564797125,0.8552677375,0.85667165,0.855929025,0.855572328125,0.857200333333333,0.858036984375,0.858017375,0.8568803875,0.8565820875,0.857757486111111,0.856384229166667,0.8575342625,0.8579218125,0.857194925,0.8577280625,0.856868575,0.8569566875,0.856884425,0.857529569444444,0.856793975,0.8570055125,0.8573104625,0.85651285,0.8558543,0.8571262875,0.857359775,0.8564320875,0.8578000375,0.8510950125,0.85745885,0.856205089285714,0.8505449875,0.85005275,0.854514055555556,0.851702625,0.857850736111111,0.856883775,0.855691275,0.856953277777778,0.85559325,0.8571580125,0.8566958875,0.8577428125,0.8548185,0.858714645833333,0.856797359375,0.854578097222222,0.8568274625,0.855145305555556,0.85556828125,0.850204890625,0.850094152777778,0.850917375,0.85399471875,0.857266589285714,0.857126525,0.855704775,0.8563153125,0.8569307125,0.8571188875,0.857267138888889,0.85604735,0.8554168625,0.8552740375,0.8589008125,0.8570653375,0.856819425,0.857319725,0.855019925,0.857284
"BlaanSarangani",0.85734786,0.847972485714286,0.85096846,0.85102068,0.854896555555556,0.85316942,0.85605558,0.851605888888889,0.84698216,0.8475741,0.846233533333333,0.85775684,0.853568955555556,0.856267755555556,0.857271511111111,0.848034866666667,0.855306844444444,0.8570898,0.8558065,0.851155111111111,0.85765916,0.84611805,0.847743075,0.84756904,0.844075555555556,0.850868977777778,0.85858534,0.8578132,0.8514284,0.85660954,0.856838875,0.858621675,1,0.85724268,0.8579472,0.85744552,0.855752446153846,0.85591855,0.856981125,0.856996911111111,0.85660168,0.856704714285714,0.8561506,0.857012033333333,0.8571719,0.85603378,0.85704776,0.85667814,0.8555078,0.857705533333333,0.858864675,0.8590256,0.85829276,0.85762482,0.8586492,0.857562666666667,0.85842522,0.85834892,0.85821184,0.85867575,0.8577383,0.85792848,0.85778748,0.858464,0.85772496,0.85805292,0.85823926,0.85757798,0.85675354,0.85850164,0.85689792,0.85686968,0.8587203,0.85133956,0.8580451,0.856869171428571,0.85149324,0.85089464,0.855523311111111,0.85235154,0.858432933333333,0.8561946,0.85577862,0.857702311111111,0.856190625,0.85776462,0.85791824,0.858311,0.855481422222222,0.8573335,0.85697375,0.855101377777778,0.85770134,0.855782155555556,0.85640265,0.850655925,0.850653288888889,0.85158036,0.854643975,0.858021857142857,0.8579008,0.85637204,0.85685126,0.85832564,0.85786892,0.858511933333333,0.8569451,0.85609144,0.85581732,0.85791018,0.85702,0.85770084,0.85813536,0.85552064,0.85799366
"Boholano",0.85733808,0.847704885714286,0.85086584,0.85035452,0.854999644444444,0.85307472,0.8558833,0.851392288888889,0.84679604,0.847073566666667,0.846052266666667,0.85772068,0.853333933333333,0.855887088888889,0.857096222222222,0.847850333333333,0.853904044444444,0.8568388,0.8550855,0.850730866666667,0.85764436,0.845673175,0.847523825,0.84731874,0.843717022222222,0.850482466666667,0.8575135,0.85754392,0.851312333333333,0.8565216,0.8572032,0.8563693,0.85724268,1,0.8579004,0.85727726,0.855623923076923,0.854799575,0.856303925,0.856407955555556,0.85560744,0.855943485714286,0.85504765,0.856362,0.85815808,0.85594304,0.85784496,0.8565776,0.854410925,0.8571364,0.85861135,0.85849854,0.8576633,0.85754166,0.858592466666667,0.857266833333333,0.8583141,0.85807412,0.85796006,0.8585163,0.85764416,0.85772636,0.8575473,0.856703377777778,0.85768582,0.8578507,0.85767306,0.85739474,0.85667932,0.85775054,0.85566138,0.85641774,0.85833358,0.85082538,0.85736884,0.855790714285714,0.85164188,0.850909,0.855269844444444,0.852095,0.857942511111111,0.85463192,0.85459948,0.857271244444444,0.854326,0.85644374,0.85698652,0.85828308,0.8553142,0.8557642,0.85589885,0.854901777777778,0.85768986,0.855671088888889,0.85619885,0.850548275,0.850572866666667,0.8514736,0.85460345,0.857984942857143,0.85679952,0.8563119,0.85693008,0.8577103,0.85791166,0.856474822222222,0.85667648,0.85613662,0.85582016,0.85608396,0.85592426,0.85768046,0.85831646,0.85546468,0.85778158
"Bolinao",0.857926866666667,0.847958476190476,0.851286383333333,0.850894033333333,0.855404518518519,0.853469,0.8566045,0.852148833333333,0.846773116666667,0.847329888888889,0.845978425925926,0.85826195,0.854179203703704,0.856461481481481,0.85877187037037,0.847939666666667,0.854140814814815,0.857193277777778,0.855258333333333,0.851709333333333,0.8593999,0.845756291666667,0.8475639375,0.847461616666667,0.84373787037037,0.850720703703704,0.8580795,0.859332616666667,0.851332888888889,0.85729495,0.857233145833333,0.85705175,0.8579472,0.8579004,1,0.859143783333333,0.856922628205128,0.854779041666667,0.856811354166667,0.856803203703704,0.855717066666667,0.856559428571429,0.8552401875,0.856656805555556,0.857614633333333,0.856550466666667,0.857624183333333,0.85706145,0.854639833333333,0.857463351851852,0.860294958333333,0.860369016666667,0.8583448,0.859356116666667,0.860024925925926,0.858908472222222,0.859949466666667,0.8586405,0.859514183333333,0.860094083333333,0.8593306,0.859282883333333,0.858102933333333,0.857415907407407,0.859555383333333,0.8596216,0.858232383333333,0.859239,0.8579062,0.858322416666667,0.856020583333333,0.85699885,0.8600286,0.850569083333333,0.857756733333333,0.85616469047619,0.852368866666667,0.851725233333333,0.856117907407407,0.852888416666667,0.858268055555556,0.854905183333333,0.8547837,0.857543722222222,0.854741979166667,0.85678675,0.8578598,0.858696916666667,0.855921222222222,0.856436138888889,0.8560653125,0.855703240740741,0.859005566666667,0.856192981481481,0.856648375,0.851033104166667,0.850965851851852,0.85179575,0.8551283125,0.859206261904762,0.857486566666667,0.856647633333333,0.857205266666667,0.85833985,0.85818085,0.857218203703704,0.85778405,0.856542416666667,0.856311383333333,0.856771466666667,0.856330833333333,0.859344466666667,0.85879455,0.85596045,0.859520333333333
"Bontoc",0.85750339,0.846330385714286,0.85010946,0.84944124,0.854514566666667,0.85235109,0.85557575,0.851041666666667,0.84500453,0.84560745,0.844163522222222,0.85797714,0.853314633333333,0.856063955555556,0.860677233333333,0.846411733333333,0.853416544444444,0.856360516666667,0.854660716666667,0.850269844444444,0.86839416,0.8439255875,0.8459160125,0.84582792,0.841739288888889,0.849409866666667,0.85762256,0.86948156,0.8503495,0.85680718,0.85667985,0.856357525,0.85744552,0.85727726,0.859143783333333,1,0.8595776,0.854289175,0.8560097125,0.8563096,0.85515001,0.856043357142857,0.8547422125,0.85600305,0.85719231,0.85610508,0.85718274,0.856431,0.853842325,0.857061922222222,0.860908175,0.86219611,0.85795749,0.8667785,0.859959511111111,0.859312933333333,0.86011558,0.85828988,0.85956721,0.860036225,0.86462656,0.85955909,0.85755722,0.857052033333333,0.86797684,0.86440347,0.85805909,0.86953723,0.85743355,0.857995,0.85522542,0.85642479,0.8601679,0.84965112,0.85745029,0.855846728571429,0.85247827,0.8520089,0.8558867,0.85221967,0.858008688888889,0.8540912,0.85409699,0.857206211111111,0.8543929375,0.85655891,0.85770829,0.85856011,0.855392011111111,0.855778666666667,0.8554555,0.854992711111111,0.85859976,0.855392166666667,0.856099475,0.8502816125,0.850328888888889,0.85114315,0.8545141,0.858685171428571,0.8569524,0.85641603,0.85695972,0.85805534,0.85778179,0.856864844444444,0.85729052,0.85599772,0.85566015,0.85606702,0.85556931,0.86809983,0.85829088,0.85534513,0.85942415
"Bugkalot",0.855799776923077,0.849156615384615,0.850397215384615,0.850265492307692,0.853797521367521,0.8520127,0.854930061538462,0.851077170940171,0.846265430769231,0.848619717948718,0.845667316239316,0.856233969230769,0.852965136752137,0.85468188034188,0.857399897435897,0.849232153846154,0.852266282051282,0.854979371794872,0.853393692307692,0.850670145299145,0.860086284615385,0.845419442307692,0.847116442307692,0.846883307692308,0.843626367521368,0.849905085470085,0.856003492307692,0.859877946153846,0.850080153846154,0.855180130769231,0.855057817307692,0.854858134615385,0.855752446153846,0.855623923076923,0.856922628205128,0.8595776,1,0.853054913461538,0.854414817307692,0.854695760683761,0.853916715384615,0.854566769230769,0.853642826923077,0.854584397435897,0.855552761538461,0.854516584615385,0.855361684615385,0.854973446153846,0.852768913461538,0.855393504273504,0.858448990384615,0.858605692307692,0.8561302,0.860147238461539,0.857803179487179,0.85689517948718,0.857426576923077,0.856555792307692,0.857365453846154,0.857769653846154,0.858744876923077,0.857099061538461,0.855739315384615,0.855229333333333,0.860383392307692,0.858799638461538,0.856172038461538,0.859746115384615,0.855631569230769,0.856361961538462,0.854083223076923,0.854711153846154,0.857795592307692,0.849095815384615,0.855750969230769,0.854318703296703,0.850927853846154,0.850477276923077,0.854362230769231,0.851506515384615,0.856337188034188,0.853048092307692,0.852941838461538,0.855517444444444,0.852875317307692,0.854988646153846,0.855831061538462,0.856573592307692,0.853765641025641,0.854210897435898,0.854328067307692,0.853518444444444,0.856749315384615,0.853914153846154,0.854552413461539,0.849092653846154,0.849221461538462,0.8499695,0.853059586538462,0.856762681318681,0.855301346153846,0.854650207692308,0.855100823076923,0.856098623076923,0.8560688,0.855030367521368,0.855490353846154,0.854672107692308,0.8540791,0.854633876923077,0.854215623076923,0.860144638461539,0.8564587,0.853691984615385,0.857206753846154
"BukdinonMatigsalug",0.8547059625,0.847470732142857,0.84967165,0.849663025,0.853089694444444,0.85152235,0.8537237875,0.850102986111111,0.8462194,0.846971125,0.845806958333333,0.85510225,0.851779597222222,0.853472930555556,0.854294902777778,0.84754275,0.858837888888889,0.854471875,0.853390145833333,0.849970180555556,0.8544420125,0.84579990625,0.84718834375,0.847040725,0.843999736111111,0.849656069444444,0.8564903875,0.85442415,0.850209791666667,0.853990975,0.85429675,0.85575865625,0.85591855,0.854799575,0.854779041666667,0.854289175,0.853054913461538,1,0.855794625,0.856061736111111,0.8568572375,0.855742089285714,0.858671734375,0.857124520833333,0.854567075,0.853456975,0.854833925,0.854053575,0.858496171875,0.856954708333333,0.85581046875,0.855487775,0.8549014,0.854327125,0.855473513888889,0.854179458333333,0.8552604,0.85591,0.85503135,0.8551801875,0.8544881875,0.8546792875,0.85493045,0.855277152777778,0.8545972125,0.8546916375,0.8555452,0.85426715,0.8538568375,0.8550104125,0.855618525,0.8546054125,0.8554514,0.8503444375,0.856008125,0.855636035714286,0.8492025125,0.84869315,0.852791277777778,0.850176975,0.857081055555556,0.85524865,0.857150475,0.855692638888889,0.85349378125,0.8557116125,0.8546003,0.8558562,0.853024708333333,0.855113645833333,0.858011515625,0.852783694444444,0.8548692125,0.853431805555556,0.85385409375,0.848742796875,0.848785402777778,0.84945495,0.8524704375,0.8550895,0.8550490625,0.8538308625,0.854211425,0.854937675,0.85531445,0.85498275,0.854036225,0.8537309625,0.8535965125,0.8552242625,0.855279075,0.8545851,0.8553851625,0.85309605,0.8550004625
"BukidnonBinukid",0.856115225,0.847733589285714,0.8503328875,0.8501644,0.854060430555556,0.85241995,0.8549262625,0.8510175,0.8465817,0.8472251875,0.846025902777778,0.85646785,0.852881152777778,0.854983555555556,0.855927402777778,0.847755875,0.855202972222222,0.855790791666667,0.854545291666667,0.850573430555556,0.856265225,0.84586403125,0.847342859375,0.8472391125,0.843913166666667,0.850172041666667,0.85722815,0.8562223375,0.851092541666667,0.8554799875,0.855844046875,0.856636671875,0.856981125,0.856303925,0.856811354166667,0.8560097125,0.854414817307692,0.855794625,1,0.859222375,0.8570845625,0.859496571428571,0.856346640625,0.857439375,0.85597955,0.85477985,0.8565967875,0.855501525,0.8555041875,0.85694975,0.857565625,0.8574421125,0.8564488625,0.8560679375,0.857270777777778,0.856165416666667,0.8569931625,0.8577724875,0.85679195,0.85716965625,0.8563464,0.8565433375,0.8565555375,0.856433347222222,0.856247575,0.85647575,0.8569251125,0.8560246875,0.8553793125,0.8564816125,0.8559773625,0.85599895,0.85728795,0.8510024375,0.856791125,0.855680142857143,0.850479025,0.8498493625,0.854225583333333,0.85148025,0.857881736111111,0.8551719375,0.85545335,0.856504236111111,0.8542376875,0.8563015125,0.8560247875,0.8579086375,0.854325777777778,0.855746395833333,0.856273390625,0.853944194444444,0.8565054,0.8546435,0.855057125,0.849735984375,0.849609944444444,0.85042605,0.853701203125,0.856814303571429,0.8563219875,0.8554008375,0.855924,0.8564373125,0.8567003,0.856110916666667,0.855611075,0.855099075,0.85491875,0.8560851125,0.855940375,0.85630055,0.8568478,0.85451405,0.8568092125
"BukidnonHigaonon",0.856345144444444,0.847856555555556,0.850517722222222,0.850153288888889,0.854111382716049,0.852523811111111,0.855142788888889,0.851036580246914,0.846636455555556,0.847256240740741,0.846071827160494,0.856615122222222,0.852980975308642,0.855215197530864,0.856115382716049,0.847711777777778,0.855685814814815,0.855895037037037,0.854505444444444,0.850621432098765,0.856602966666667,0.845720166666667,0.847299930555556,0.847271711111111,0.843957382716049,0.850187580246914,0.857120255555555,0.856535355555555,0.851064074074074,0.855584766666667,0.855988833333333,0.856698625,0.856996911111111,0.856407955555555,0.856803203703704,0.8563096,0.854695760683761,0.856061736111111,0.859222375,1,0.857102455555556,0.858157634920635,0.85687525,0.858034722222222,0.856282522222222,0.8549715,0.856717266666667,0.855753877777778,0.855875069444444,0.857156074074074,0.857663638888889,0.857672488888889,0.8566305,0.856317511111111,0.857444987654321,0.856166611111111,0.8571716,0.857734711111111,0.856964733333333,0.857359416666667,0.856480833333333,0.856597411111111,0.856647366666667,0.856608111111111,0.856775977777778,0.856685755555556,0.857053911111111,0.856350755555556,0.855599288888889,0.856717088888889,0.856194477777778,0.855954133333333,0.857370022222222,0.850838111111111,0.857049677777778,0.856000571428571,0.850410444444444,0.849718811111111,0.854247814814815,0.851323955555556,0.85822162962963,0.855304833333333,0.855740488888889,0.856792777777778,0.854328166666667,0.856316622222222,0.856368555555556,0.857780355555556,0.854494938271605,0.855855166666667,0.856599972222222,0.854182802469136,0.856537611111111,0.854724049382716,0.855176555555555,0.849932,0.849742432098765,0.850626555555556,0.853695916666667,0.856807444444444,0.856401666666667,0.855455233333333,0.8558838,0.856761,0.8568768,0.856151802469136,0.855646455555556,0.855110555555556,0.854980288888889,0.856250388888889,0.856081722222222,0.856598766666667,0.857242066666667,0.854618488888889,0.856908411111111
"BukidnonManobo",0.85548791,0.847751557142857,0.8501124,0.85007614,0.853567755555556,0.85208256,0.85437086,0.850670188888889,0.84653646,0.847231016666667,0.846075144444444,0.8558458,0.852447133333333,0.854451422222222,0.855167555555556,0.8478032,0.856650077777778,0.855182083333333,0.853931616666667,0.850112122222222,0.85538893,0.8459354375,0.8472405125,0.84713046,0.843985677777778,0.849948311111111,0.85741417,0.85546553,0.850857366666667,0.85474331,0.855205325,0.8562438625,0.85660168,0.85560744,0.855717066666667,0.85515001,0.853916715384615,0.8568572375,0.8570845625,0.857102455555556,1,0.8575588,0.857023375,0.85681725,0.85526109,0.85421886,0.85567025,0.85487044,0.8567526,0.856813188888889,0.8567150375,0.85664432,0.85586632,0.85534775,0.856489388888889,0.855192,0.85630846,0.85720834,0.85602483,0.8563275,0.85549811,0.85573891,0.85585464,0.856055388888889,0.85568335,0.85564705,0.85614397,0.85530429,0.85473954,0.85591617,0.85612748,0.85552158,0.85640861,0.85070757,0.85653581,0.855808528571429,0.84948847,0.84892056,0.853469222222222,0.85073222,0.857224266666667,0.85540578,0.85683074,0.856012122222222,0.854170675,0.85630001,0.85527985,0.85704328,0.853870311111111,0.855596283333333,0.8572393375,0.853449722222222,0.8556674,0.854214866666667,0.8544085,0.849214725,0.849093433333333,0.8500073,0.853197,0.856139157142857,0.85577457,0.85464431,0.85513541,0.8557067,0.85596817,0.855634333333333,0.85497845,0.85446532,0.85431472,0.85585869,0.85592952,0.85554721,0.85616203,0.85400944,0.85591943
"BukidnonTalaandig",0.855973442857143,0.847405551020408,0.850161271428571,0.8497652,0.853890206349206,0.852130214285714,0.854696157142857,0.850767619047619,0.846164657142857,0.847026023809524,0.845530047619048,0.8564454,0.852612428571429,0.854801253968254,0.855755603174603,0.847596142857143,0.85530419047619,0.855608523809524,0.854292619047619,0.850202873015873,0.8562942,0.845410517857143,0.846993875,0.846983371428571,0.843631698412698,0.849970507936508,0.857095014285714,0.8562563,0.850803095238095,0.855283757142857,0.855569214285714,0.856283589285714,0.856704714285714,0.855943485714286,0.856559428571429,0.856043357142857,0.854566769230769,0.855742089285714,0.859496571428571,0.858157634920635,0.8575588,1,0.85631425,0.857034119047619,0.855913185714286,0.854760071428571,0.856582957142857,0.855275642857143,0.855390464285714,0.856660476190476,0.857375160714286,0.857314271428571,0.8562769,0.856037914285714,0.857114793650794,0.85585069047619,0.856967328571429,0.857810885714286,0.856694828571429,0.857149142857143,0.8562759,0.856518671428571,0.8562715,0.856154571428571,0.8564128,0.856411228571429,0.856742057142857,0.856043171428571,0.855290785714286,0.856446585714286,0.855952342857143,0.855745042857143,0.857101042857143,0.850641114285714,0.856584642857143,0.855428510204082,0.850154728571429,0.849522871428571,0.854088111111111,0.851264642857143,0.857638095238095,0.854990228571429,0.855488714285714,0.856249142857143,0.853935607142857,0.856219314285714,0.855847285714286,0.8578938,0.854365619047619,0.855830142857143,0.856210660714286,0.853948476190476,0.856406885714286,0.854546634920635,0.855020142857143,0.84972275,0.849632380952381,0.850519085714286,0.853638428571429,0.856504428571428,0.856203871428571,0.855382757142857,0.855679542857143,0.856361271428571,0.856576685714286,0.855948698412698,0.8554902,0.8549229,0.854673042857143,0.855806928571429,0.8558707,0.856355271428571,0.856962685714286,0.854281657142857,0.856761657142857
"BukidnonTigwahanon",0.855014625,0.847335535714286,0.8498952625,0.849779575,0.853364194444444,0.8517912,0.8540723,0.850213111111111,0.8462833375,0.846856041666667,0.845668,0.85540295,0.852063611111111,0.854035416666667,0.854644305555556,0.847343958333333,0.857921097222222,0.8548098125,0.853650458333333,0.849993861111111,0.854934125,0.84555015625,0.846988625,0.846915525,0.843900458333333,0.849669694444444,0.856714275,0.8549815875,0.850668875,0.8544199625,0.854665140625,0.855904265625,0.8561506,0.85504765,0.8552401875,0.8547422125,0.853642826923077,0.858671734375,0.856346640625,0.85687525,0.857023375,0.85631425,1,0.857973729166667,0.85502515,0.85380125,0.855354325,0.8544824375,0.858209453125,0.857190291666667,0.856399984375,0.8561567125,0.8552826625,0.8547875875,0.856104222222222,0.854579875,0.855849675,0.85646115,0.855611775,0.85578865625,0.855083675,0.8553093125,0.8554459875,0.855655055555556,0.855071825,0.8552629625,0.856083975,0.8547643625,0.85426305,0.8555361375,0.8557816625,0.8548877375,0.8560592875,0.85034245,0.8565146125,0.855982571428571,0.849185725,0.848642275,0.853150986111111,0.850572475,0.857524527777778,0.8550495125,0.856837775,0.856060208333333,0.853529125,0.8559544875,0.855023125,0.8563217125,0.853348861111111,0.855287270833333,0.857528765625,0.853106763888889,0.8553237,0.853715486111111,0.854115234375,0.848968625,0.848877680555556,0.8496787625,0.8528485625,0.855555035714286,0.855445925,0.854316875,0.8545159625,0.8554363125,0.8558112125,0.855386402777778,0.8545579625,0.8541707875,0.8540611,0.8554907375,0.8554651125,0.8550474,0.8558537375,0.85344505,0.8556080125
"BukidnonUmayamnon",0.8563365,0.847639738095238,0.850548366666667,0.850436433333333,0.854449981481481,0.852772533333333,0.855172416666667,0.851162518518519,0.8468176,0.847162555555556,0.84606862962963,0.856518383333333,0.852910796296296,0.855003277777778,0.856060685185185,0.847925277777778,0.856575777777778,0.856058444444444,0.854619527777778,0.850687796296296,0.856251483333333,0.846135041666667,0.8476109375,0.8475726,0.844135981481482,0.850426425925926,0.857481083333333,0.856288466666667,0.851272611111111,0.855647733333333,0.855956125,0.8567836875,0.857012033333333,0.856362,0.856656805555556,0.85600305,0.854584397435897,0.857124520833333,0.857439375,0.858034722222222,0.85681725,0.857034119047619,0.857973729166667,1,0.85634815,0.8548657,0.856585583333333,0.855610166666667,0.856733125,0.857940925925926,0.857551416666667,0.857412733333333,0.85656815,0.85628435,0.857234055555556,0.856010361111111,0.8570595,0.8576532,0.856906383333333,0.857309083333333,0.856397116666667,0.85658905,0.856509083333333,0.856715962962963,0.8565839,0.856601966666667,0.857507166666667,0.856041083333333,0.8555842,0.85671015,0.856174216666667,0.855958783333333,0.8574247,0.851227466666667,0.85736545,0.856695047619048,0.850597683333333,0.849905966666667,0.854371055555556,0.8515385,0.858998351851852,0.855404566666667,0.85612615,0.857159814814815,0.854508895833333,0.856463166666667,0.85644815,0.857550883333333,0.854531092592593,0.856105388888889,0.8572083125,0.854244666666667,0.85660715,0.854807185185185,0.8553675,0.849963145833333,0.849945907407407,0.850722083333333,0.853740354166667,0.856864071428571,0.85651005,0.855616083333333,0.855809766666667,0.8565831,0.857117616666667,0.856447722222222,0.855712566666667,0.855371983333333,0.855096116666667,0.856118883333333,0.856044866666667,0.856291216666667,0.857093633333333,0.854772566666667,0.8569388
"Cebuano",0.85713593,0.847537585714286,0.85041739,0.85020562,0.854854388888889,0.85287298,0.85565777,0.851131533333333,0.84651697,0.84685605,0.845809911111111,0.85752069,0.853231444444444,0.855914344444444,0.857025455555556,0.8474519,0.853711088888889,0.85682695,0.855031933333333,0.850612277777778,0.85740684,0.845581425,0.8471993625,0.84699647,0.843547155555556,0.850082811111111,0.85741777,0.85739473,0.8510469,0.85652764,0.8570466125,0.8564797125,0.8571719,0.85815808,0.857614633333333,0.85719231,0.855552761538461,0.854567075,0.85597955,0.856282522222222,0.85526109,0.855913185714286,0.85502515,0.85634815,1,0.85584994,0.85738802,0.85629466,0.854267075,0.8569383,0.858597425,0.85860422,0.85746446,0.85742661,0.858600088888889,0.857168966666667,0.85808242,0.85810187,0.85806633,0.8585279,0.85759585,0.85776697,0.85722388,0.856746555555556,0.85755404,0.85771879,0.85758089,0.85731913,0.85670732,0.85763278,0.85544438,0.85627717,0.85828842,0.85040674,0.857082,0.855488614285714,0.8511128,0.85055886,0.855046311111111,0.85194258,0.857704444444444,0.85441827,0.85444695,0.856914111111111,0.8542554,0.85622382,0.85687977,0.85788229,0.855296333333333,0.855803733333333,0.85584165,0.8548924,0.85761986,0.8556369,0.8561578625,0.8505415,0.850615833333333,0.85140346,0.85459015,0.857903485714286,0.85676193,0.8561296,0.85655424,0.85752009,0.85758238,0.856393733333333,0.85671975,0.85601307,0.85576642,0.85594185,0.85580201,0.8573907,0.85820823,0.85536304,0.8577904
"Chavacano",0.85598077,0.8468546,0.84987576,0.84943076,0.853767733333333,0.8519518,0.85462543,0.850470422222222,0.84567523,0.846193833333333,0.845122788888889,0.85643728,0.852610488888889,0.854807455555556,0.855842133333333,0.846787033333333,0.8527404,0.855403033333333,0.8539463,0.849873911111111,0.85633029,0.84496685,0.84661385,0.84643584,0.843101666666667,0.849624166666667,0.85626048,0.85634075,0.850199866666667,0.85552206,0.8554940125,0.8552677375,0.85603378,0.85594304,0.856550466666667,0.85610508,0.854516584615385,0.853456975,0.85477985,0.8549715,0.85421886,0.854760071428571,0.85380125,0.8548657,0.85584994,1,0.85576011,0.85529431,0.8531660125,0.855618422222222,0.8575550375,0.85728993,0.85653839,0.85621834,0.857272255555556,0.856180566666667,0.85709234,0.85663289,0.85685643,0.85723735,0.85640183,0.85669875,0.85622191,0.855543022222222,0.85643752,0.85648192,0.85629399,0.85613075,0.85582169,0.85648892,0.85451155,0.85517858,0.85721404,0.84940581,0.85582216,0.854210114285714,0.84989574,0.84930978,0.853938633333333,0.85069517,0.8563732,0.8534235,0.85343328,0.855670622222222,0.852957775,0.85508856,0.85547425,0.85664472,0.854329888888889,0.854508466666667,0.85458645,0.854009966666667,0.85656429,0.854593333333333,0.855116575,0.8497753125,0.849813933333333,0.85060316,0.853863925,0.856803042857143,0.8556359,0.85496971,0.85546043,0.85644675,0.85619481,0.855025477777778,0.85581472,0.85496656,0.85482924,0.85471159,0.85464291,0.85629223,0.85672197,0.85439084,0.85686391
"Cinamiguin",0.85700473,0.847722871428571,0.85064653,0.8502695,0.854708033333333,0.85280796,0.85561495,0.851239188888889,0.84660306,0.847059216666667,0.8459516,0.85752,0.853470844444444,0.8556302,0.856967777777778,0.847738033333333,0.854196266666667,0.8563056,0.854937666666667,0.850659255555556,0.85748922,0.845563175,0.847160225,0.84706281,0.843745611111111,0.850307333333333,0.85744084,0.85739378,0.851315666666667,0.85641463,0.8567247,0.85667165,0.85704776,0.85784496,0.857624183333333,0.85718274,0.855361684615385,0.854833925,0.8565967875,0.856717266666667,0.85567025,0.856582957142857,0.855354325,0.856585583333333,0.85738802,0.85576011,1,0.85626199,0.85468565,0.857066588888889,0.85857255,0.85839715,0.85736848,0.85738337,0.858282733333333,0.857184166666667,0.85807947,0.85822902,0.85781609,0.85831265,0.85753897,0.85765323,0.85724161,0.856747433333333,0.85769844,0.85765027,0.85757967,0.8572644,0.85656379,0.85741786,0.85563219,0.85631241,0.85830108,0.8508592,0.85714541,0.855627357142857,0.8511965,0.85057314,0.855016255555556,0.85202265,0.857853588888889,0.85482218,0.85489323,0.857020522222222,0.8543265,0.85644542,0.8567616,0.85815498,0.855374966666667,0.85577845,0.855910975,0.854765711111111,0.85745181,0.855439244444444,0.8560552625,0.8504391375,0.850284522222222,0.85118627,0.8545251375,0.857669614285714,0.85678397,0.85601967,0.85661331,0.85739341,0.85749773,0.856334922222222,0.85652069,0.85582836,0.85572623,0.85621027,0.85587914,0.85749575,0.85804015,0.8552585,0.85770133
"Cuyonon",0.85667558,0.848279685714286,0.85090383,0.850879,0.854622,0.85297717,0.8555655,0.851354077777778,0.8471015,0.847544383333333,0.846383788888889,0.85692023,0.853293288888889,0.857767266666667,0.856452155555556,0.8482402,0.8533569,0.85644885,0.855464533333333,0.850957011111111,0.85665663,0.8461213875,0.847757125,0.84762826,0.844465022222222,0.850655066666667,0.85690691,0.85668495,0.851469966666667,0.85604371,0.8561841125,0.855929025,0.85667814,0.8565776,0.85706145,0.856431,0.854973446153846,0.854053575,0.855501525,0.855753877777778,0.85487044,0.855275642857143,0.8544824375,0.855610166666667,0.85629466,0.85529431,0.85626199,1,0.8538026375,0.856273622222222,0.85804975,0.85791247,0.85746964,0.85673069,0.857850022222222,0.856561033333333,0.85750631,0.85713491,0.85726797,0.8577996,0.85683539,0.8570655,0.85743407,0.856077344444444,0.85688398,0.85706242,0.85677712,0.85657171,0.85601282,0.85762793,0.85518831,0.85565133,0.85767917,0.8502797,0.85652532,0.855091685714286,0.85087561,0.85022738,0.854915988888889,0.85185667,0.856948244444445,0.85409065,0.85410195,0.856175488888889,0.853702275,0.85559752,0.85619307,0.85711894,0.854938511111111,0.855096366666667,0.8553292125,0.854476688888889,0.85699936,0.855207877777778,0.8555511375,0.8500672375,0.8500169,0.85087375,0.854201275,0.857313785714286,0.85626396,0.8555008,0.85590592,0.85755891,0.8567532,0.855712755555556,0.85618446,0.85588472,0.85519998,0.85553539,0.8553562,0.85681163,0.85723535,0.85475943,0.85717231
"DavaoMatigsalug",0.8542967625,0.847416017857143,0.8496495875,0.849796725,0.852790791666667,0.851402975,0.8535007125,0.849902305555556,0.8462248875,0.846686041666667,0.845746375,0.8546201125,0.851662083333333,0.853270791666667,0.853987694444444,0.847206208333333,0.859274361111111,0.8540791875,0.853197979166667,0.849779444444444,0.853895975,0.845616125,0.846851765625,0.8467166625,0.843972763888889,0.849272541666667,0.8561776375,0.853974125,0.850073458333333,0.853782075,0.8541003125,0.855572328125,0.8555078,0.854410925,0.854639833333333,0.853842325,0.852768913461538,0.858496171875,0.8555041875,0.855875069444444,0.8567526,0.855390464285714,0.858209453125,0.856733125,0.854267075,0.8531660125,0.85468565,0.8538026375,1,0.856465916666667,0.855646890625,0.855383175,0.8546492875,0.8541335125,0.855204833333333,0.853851583333333,0.8550595875,0.8559107125,0.854827325,0.8550125,0.8541749625,0.854376625,0.854682275,0.854965986111111,0.854239625,0.8543760375,0.855216975,0.8538379375,0.853520075,0.85465115,0.8555089,0.8545129,0.855245575,0.8499247375,0.8557566625,0.855435446428571,0.8485484375,0.8479587,0.852333666666667,0.8499067875,0.856561013888889,0.8550110625,0.8571647625,0.855483777777778,0.853098859375,0.855475225,0.8540974,0.8556395,0.852876527777778,0.855031520833333,0.85815853125,0.852437902777778,0.8546700875,0.853052902777778,0.853441015625,0.84867321875,0.848410458333333,0.849269925,0.852183703125,0.854786946428571,0.8546912375,0.8535628625,0.8540906,0.8546243125,0.854975875,0.854717680555556,0.8538645625,0.8536061875,0.8533752125,0.8551599375,0.8550432125,0.8540437875,0.855125875,0.85292325,0.8546350875
"Dibabaon",0.856948244444445,0.848131984126984,0.850896255555556,0.850710666666667,0.85486837037037,0.853087188888889,0.855643955555556,0.851482654320988,0.8471853,0.847622388888889,0.846383802469136,0.857363855555556,0.853381604938272,0.855617345679012,0.85690149382716,0.848167592592593,0.856451703703704,0.856611888888889,0.855152796296296,0.851042308641975,0.857274566666667,0.84600275,0.847723861111111,0.847594288888889,0.844204283950617,0.850512037037037,0.858370622222222,0.8573358,0.851592296296296,0.856317688888889,0.856584027777778,0.857200333333333,0.857705533333333,0.8571364,0.857463351851852,0.857061922222222,0.855393504273504,0.856954708333333,0.85694975,0.857156074074074,0.856813188888889,0.856660476190476,0.857190291666667,0.857940925925926,0.8569383,0.855618422222222,0.857066588888889,0.856273622222222,0.856465916666667,1,0.858496361111111,0.858360033333333,0.857276244444444,0.857195955555555,0.858230987654321,0.856890555555556,0.858076922222222,0.858134544444444,0.857809233333333,0.858156194444444,0.857353066666667,0.857585388888889,0.857252777777778,0.857589358024691,0.857549144444444,0.857667477777778,0.8585093,0.857255411111111,0.856273288888889,0.8575404,0.856450666666667,0.856519588888889,0.858195988888889,0.851503844444444,0.859147233333333,0.860825857142857,0.851279244444444,0.850634544444444,0.855086296296296,0.852182388888889,0.859494160493827,0.855671055555556,0.856117455555556,0.85874387654321,0.855253194444444,0.857488933333333,0.858317777777778,0.858025011111111,0.855247197530864,0.856386185185185,0.8575595,0.854821901234568,0.857266366666667,0.855553086419753,0.855979819444444,0.850591625,0.850366012345679,0.851154755555556,0.854450902777778,0.857588142857143,0.857376488888889,0.856327211111111,0.856501955555556,0.857215144444444,0.8579101,0.857303555555556,0.856382166666667,0.855921255555556,0.855657122222222,0.856709911111111,0.856449944444444,0.857472577777778,0.857836777777778,0.855194822222222,0.857710333333333
"Gaddang",0.8590028375,0.848483089285714,0.8519187,0.851619975,0.856268375,0.8543371875,0.8573277625,0.853124944444444,0.847434925,0.84781575,0.846681458333333,0.859401,0.854934513888889,0.857565819444444,0.860276527777778,0.848523541666667,0.854991486111111,0.858014729166667,0.856214,0.852501347222222,0.8609685875,0.846304203125,0.847923109375,0.8479558625,0.844018222222222,0.851475083333333,0.858828625,0.861160375,0.852204875,0.8583618375,0.858240953125,0.858036984375,0.858864675,0.85861135,0.860294958333333,0.860908175,0.858448990384615,0.85581046875,0.857565625,0.857663638888889,0.8567150375,0.857375160714286,0.856399984375,0.857551416666667,0.858597425,0.8575550375,0.85857255,0.85804975,0.855646890625,0.858496361111111,1,0.8621745625,0.8593733375,0.860900475,0.861647638888889,0.8601319375,0.8612493625,0.8597178875,0.860840775,0.8615505,0.860991025,0.86073125,0.85898035,0.858443486111111,0.86130855,0.861042975,0.8593064375,0.8608885375,0.8588237,0.859465575,0.8569886125,0.8577938875,0.861739175,0.8512744125,0.8587926375,0.857248857142857,0.8534625,0.8527572625,0.857034833333333,0.85388365,0.859294222222222,0.855862325,0.85580855,0.858578597222222,0.855691625,0.857678075,0.8589962125,0.859666,0.856858055555556,0.857266166666667,0.856938390625,0.856620680555556,0.8599536625,0.857004694444444,0.85775415625,0.85187646875,0.851863069444444,0.852650975,0.855968828125,0.860067267857143,0.85835985,0.8577336375,0.8581120125,0.8593014375,0.85909815,0.858119652777778,0.858679925,0.8575244625,0.8572052,0.857628325,0.8573177125,0.8611950125,0.8597972625,0.8568091,0.86099675
"Gddang",0.85896433,0.848048071428571,0.85160245,0.85130764,0.855922988888889,0.85401958,0.85729102,0.853210922222222,0.84682205,0.8473305,0.846079644444445,0.85922121,0.8546736,0.857462711111111,0.8611396,0.848119166666667,0.854892211111111,0.857711916666667,0.856259466666667,0.852350244444444,0.86217133,0.845679675,0.8476340125,0.84759287,0.843615522222222,0.851151922222222,0.85889424,0.86247218,0.851920733333333,0.85806843,0.8581442875,0.858017375,0.8590256,0.85849854,0.860369016666667,0.86219611,0.858605692307692,0.855487775,0.8574421125,0.857672488888889,0.85664432,0.857314271428571,0.8561567125,0.857412733333333,0.85860422,0.85728993,0.85839715,0.85791247,0.855383175,0.858360033333333,0.8621745625,1,0.85939146,0.86190154,0.861881433333333,0.860002833333333,0.86139593,0.85961767,0.86096104,0.861648125,0.86225439,0.86082568,0.85893134,0.858501966666667,0.86232025,0.8626736,0.85929408,0.86209477,0.85854311,0.85931596,0.85684507,0.8576976,0.86217148,0.85097314,0.85880435,0.857194471428571,0.85325121,0.85263364,0.857050988888889,0.85374918,0.859350955555556,0.85567554,0.85543394,0.858580088888889,0.855793,0.85775556,0.85888368,0.85977907,0.8568997,0.857305266666667,0.8568876375,0.856194466666667,0.85987858,0.856810222222222,0.857373175,0.851561875,0.851417855555556,0.85241845,0.85564795,0.860027114285714,0.85830461,0.85768756,0.85814721,0.85935893,0.859141,0.858197288888889,0.85854852,0.85739302,0.85704265,0.85757197,0.85719978,0.86231677,0.85967677,0.85669505,0.861407
"Hilgaynon",0.85768271,0.847756628571429,0.85085928,0.85067854,0.855118466666667,0.85335309,0.85619059,0.851745533333333,0.84678204,0.84693625,0.8461055,0.85811686,0.853768311111111,0.856888777777778,0.8578033,0.847832866666667,0.8541533,0.857955883333333,0.856702816666667,0.851155144444445,0.85823961,0.8456861,0.8474282375,0.84728217,0.843688577777778,0.850597066666667,0.85802802,0.85818514,0.851570733333333,0.85700666,0.8574376,0.8568803875,0.85829276,0.8576633,0.8583448,0.85795749,0.8561302,0.8549014,0.8564488625,0.8566305,0.85586632,0.8562769,0.8552826625,0.85656815,0.85746446,0.85653839,0.85736848,0.85746964,0.8546492875,0.857276244444444,0.8593733375,0.85939146,1,0.85827203,0.859102722222222,0.857969133333333,0.85892339,0.8583857,0.85877773,0.859124,0.85821029,0.85848004,0.85848416,0.857151266666667,0.85844763,0.85857862,0.85810392,0.85811271,0.85720698,0.8598097,0.85602628,0.85672885,0.85907229,0.85068106,0.85759817,0.856079571428571,0.85171842,0.8511413,0.855752711111111,0.85249094,0.858137844444445,0.85502485,0.85480378,0.857337688888889,0.8545493375,0.8567262,0.85753974,0.8584763,0.855794444444444,0.85613125,0.856061075,0.855404055555556,0.85815942,0.856066088888889,0.85638425,0.8508338125,0.8508695,0.85177264,0.8550956125,0.8585223,0.85733484,0.8565573,0.85693867,0.85968298,0.85798444,0.856892688888889,0.85718242,0.85653548,0.85617156,0.85654498,0.85625053,0.85834278,0.85851178,0.85588019,0.8585296
"Ibaloi",0.85771485,0.8466036,0.85006578,0.84942442,0.854586322222222,0.85250816,0.85601088,0.851167422222222,0.8453156,0.845825266666667,0.844325933333333,0.85819743,0.853247666666667,0.856189411111111,0.860551988888889,0.846428366666667,0.853381511111111,0.8565336,0.8548847,0.850280733333333,0.86682745,0.84406335,0.846008275,0.84587595,0.841719766666667,0.849510133333333,0.85790601,0.86680704,0.8503611,0.85700122,0.856950225,0.8565820875,0.85762482,0.85754166,0.859356116666667,0.8667785,0.860147238461539,0.854327125,0.8560679375,0.856317511111111,0.85534775,0.856037914285714,0.8547875875,0.85628435,0.85742661,0.85621834,0.85738337,0.85673069,0.8541335125,0.857195955555555,0.860900475,0.86190154,0.85827203,1,0.860040588888889,0.859234066666667,0.86001398,0.85853379,0.8597346,0.860168625,0.86359974,0.85957803,0.85767457,0.857152911111111,0.86827315,0.86353733,0.85816515,0.86742075,0.85761363,0.85831815,0.8554183,0.85648975,0.86020807,0.84962948,0.85748896,0.855944542857143,0.8526049,0.85211451,0.855982766666667,0.85261683,0.858092344444444,0.85419058,0.8541263,0.857368577777778,0.85451175,0.85667816,0.85769171,0.8587345,0.855515066666667,0.85590115,0.8555409625,0.855121788888889,0.85897796,0.855796444444444,0.85619,0.85047705,0.850528833333333,0.85130743,0.8546108,0.858846371428571,0.85713208,0.85656252,0.85702531,0.85825899,0.85795752,0.856923622222222,0.85747074,0.85620727,0.85587083,0.85620266,0.85575492,0.86703609,0.85857464,0.85558737,0.85962575
"Ibanag",0.858780233333333,0.848305365079365,0.851563822222222,0.8514052,0.855975839506173,0.853834844444444,0.857086855555556,0.852823197530864,0.846969333333333,0.847537074074074,0.846219814814815,0.859060333333333,0.854549061728395,0.857398333333333,0.859979604938272,0.848107666666667,0.854683481481481,0.857693777777778,0.856097592592593,0.852013148148148,0.860279833333333,0.845801472222222,0.847613375,0.847620733333333,0.843744432098765,0.85106912345679,0.858744877777778,0.860339811111111,0.85194662962963,0.858045,0.857926541666667,0.857757486111111,0.8586492,0.858592466666667,0.860024925925926,0.859959511111111,0.857803179487179,0.855473513888889,0.857270777777778,0.857444987654321,0.856489388888889,0.857114793650794,0.856104222222222,0.857234055555556,0.858600088888889,0.857272255555556,0.858282733333333,0.857850022222222,0.855204833333333,0.858230987654321,0.861647638888889,0.861881433333333,0.859102722222222,0.860040588888889,1,0.859917166666667,0.860917277777778,0.859424877777778,0.8607163,0.861823555555556,0.860521466666667,0.860835355555556,0.858848533333333,0.858318987654321,0.860547122222222,0.860771955555556,0.859149077777778,0.8602128,0.858413711111111,0.859216877777778,0.856768122222222,0.8575881,0.861618433333333,0.850961577777778,0.858455022222222,0.856795,0.853132022222222,0.852512466666667,0.856836851851852,0.853726111111111,0.858993901234568,0.855489622222222,0.855293166666667,0.858364987654321,0.855480361111111,0.857693622222222,0.858754788888889,0.859520466666667,0.85671162962963,0.856912314814815,0.856574263888889,0.85630712345679,0.859610855555556,0.856785382716049,0.857383847222222,0.851521291666667,0.851449469135802,0.852300211111111,0.855796902777778,0.859794063492064,0.858113488888889,0.857541522222222,0.857989055555556,0.8592387,0.858949711111111,0.857794802469136,0.858365766666667,0.857319777777778,0.8569694,0.857331033333333,0.857064455555556,0.860440088888889,0.8596077,0.856625244444444,0.860770077777778
"Ibatan",0.857533166666667,0.847079476190476,0.850380383333333,0.849861066666667,0.854611888888889,0.8524258,0.85571175,0.851509962962963,0.8455035,0.845998222222222,0.844773851851852,0.857868766666667,0.853224777777778,0.855905685185185,0.858689148148148,0.846769166666667,0.853183259259259,0.856341666666667,0.85463875,0.850532111111111,0.859301466666667,0.844453708333333,0.846315604166667,0.846230583333333,0.842317888888889,0.849766574074074,0.857681816666667,0.859494633333333,0.850575333333333,0.85687185,0.856732875,0.856384229166667,0.857562666666667,0.857266833333333,0.858908472222222,0.859312933333333,0.85689517948718,0.854179458333333,0.856165416666667,0.856166611111111,0.855192,0.85585069047619,0.854579875,0.856010361111111,0.857168966666667,0.856180566666667,0.857184166666667,0.856561033333333,0.853851583333333,0.856890555555556,0.8601319375,0.860002833333333,0.857969133333333,0.859234066666667,0.859917166666667,1,0.859790766666667,0.8582085,0.86125055,0.860599125,0.8591122,0.860784733333333,0.85770125,0.857114259259259,0.859553383333333,0.859406683333333,0.8577688,0.8591627,0.85731865,0.857871533333333,0.85525475,0.856348583333333,0.85995415,0.849700166666667,0.857178266666667,0.855571476190476,0.852071816666667,0.851564466666667,0.855665666666667,0.852342833333333,0.857779240740741,0.854171366666667,0.854139166666667,0.857022574074074,0.854397958333333,0.856389516666667,0.85740885,0.85829585,0.855561944444444,0.85579775,0.855449354166667,0.855191296296296,0.858632583333333,0.855601296296296,0.856258333333333,0.850478125,0.850456018518518,0.851445683333333,0.854546125,0.858589142857143,0.856822883333333,0.856450833333333,0.856711216666667,0.858009016666667,0.85762115,0.856708814814815,0.85724815,0.855952816666667,0.855782283333333,0.8561411,0.855626116666667,0.859513083333333,0.858318183333333,0.85516555,0.859173533333333
"Ilocano",0.85851006,0.848008414285714,0.85143016,0.85131714,0.855825366666667,0.85378875,0.85685032,0.852794955555556,0.8469797,0.847360083333333,0.846197855555556,0.85884288,0.8545031,0.857023166666667,0.859803111111111,0.848036066666667,0.854565822222222,0.857298116666667,0.855897066666667,0.851997977777778,0.86013853,0.8458238625,0.84757585,0.84759545,0.843669933333333,0.851036677777778,0.85849918,0.8603646,0.851634866666667,0.8577859,0.857758025,0.8575342625,0.85842522,0.8583141,0.859949466666667,0.86011558,0.857426576923077,0.8552604,0.8569931625,0.8571716,0.85630846,0.856967328571429,0.855849675,0.8570595,0.85808242,0.85709234,0.85807947,0.85750631,0.8550595875,0.858076922222222,0.8612493625,0.86139593,0.85892339,0.86001398,0.860917277777778,0.859790766666667,1,0.85915648,0.86048205,0.8610235,0.86047038,0.86016647,0.85861735,0.858033622222222,0.86032472,0.8604977,0.8588693,0.86004033,0.85839632,0.85885837,0.85653969,0.85737299,0.86093447,0.85091211,0.85835602,0.8567246,0.85272285,0.8520606,0.856540111111111,0.85324543,0.858729122222222,0.85525883,0.85518138,0.8580632,0.8552899,0.85729954,0.85828902,0.85924076,0.856503311111111,0.856710233333333,0.856502025,0.856034522222222,0.85960378,0.856604477777778,0.8571199,0.8514027375,0.851376911111111,0.85216003,0.8555159875,0.859750328571429,0.85784523,0.857302,0.85766686,0.85885007,0.85861259,0.857617544444444,0.85818399,0.85700364,0.85686312,0.85718347,0.85682881,0.86035921,0.8592067,0.85629291,0.86014502
"Iranun",0.85792434,0.8480807,0.85116189,0.85089704,0.855399577777778,0.85365498,0.85647742,0.851980644444444,0.84697596,0.847449233333333,0.846177344444444,0.85835909,0.854074944444444,0.856482466666667,0.8579954,0.848010033333333,0.855170166666667,0.857344566666667,0.8555634,0.8513243,0.85867654,0.8459336375,0.8476317,0.8475421,0.843889044444444,0.850872955555556,0.85868409,0.85849754,0.8518532,0.85738131,0.857453075,0.8579218125,0.85834892,0.85807412,0.8586405,0.85828988,0.856555792307692,0.85591,0.8577724875,0.857734711111111,0.85720834,0.857810885714286,0.85646115,0.8576532,0.85810187,0.85663289,0.85822902,0.85713491,0.8559107125,0.858134544444444,0.8597178875,0.85961767,0.8583857,0.85853379,0.859424877777778,0.8582085,0.85915648,1,0.85899808,0.859482175,0.85862146,0.85876849,0.85809215,0.857925855555556,0.85871686,0.85892332,0.85850802,0.85837973,0.85744664,0.8584452,0.85702533,0.85785433,0.85933296,0.85127464,0.85823999,0.856783142857143,0.85202394,0.85139014,0.855978755555556,0.85274937,0.858830644444444,0.85618165,0.85600682,0.858045633333333,0.85552485,0.85764989,0.85795024,0.86093891,0.856103477777778,0.8572436,0.857165425,0.855832022222222,0.85848363,0.8564624,0.8569956375,0.8512790625,0.851365477777778,0.85220929,0.8554980625,0.858800585714286,0.8579653,0.85717664,0.85759223,0.85844473,0.8584311,0.857642966666667,0.85738394,0.85665469,0.85672528,0.85746798,0.8572524,0.85862776,0.85892142,0.8562173,0.85888649
"Itawis",0.85823361,0.847420957142857,0.85109021,0.85055232,0.855469311111111,0.85339947,0.8566205,0.852080844444444,0.84637176,0.846719566666667,0.8455187,0.85870708,0.8539801,0.856698377777778,0.859290977777778,0.847230033333333,0.8542371,0.857205166666667,0.855568633333333,0.851176288888889,0.85986388,0.845006825,0.84690905,0.84688638,0.842942455555556,0.850346955555556,0.85840081,0.85989096,0.851263933333333,0.8576502,0.8574473125,0.857194925,0.85821184,0.85796006,0.859514183333333,0.85956721,0.857365453846154,0.85503135,0.85679195,0.856964733333333,0.85602483,0.856694828571429,0.855611775,0.856906383333333,0.85806633,0.85685643,0.85781609,0.85726797,0.854827325,0.857809233333333,0.860840775,0.86096104,0.85877773,0.8597346,0.8607163,0.86125055,0.86048205,0.85899808,1,0.86191885,0.85986186,0.8616808,0.85827337,0.857853233333333,0.86015957,0.85996551,0.85877412,0.85954545,0.85824632,0.85877562,0.8561885,0.85712594,0.86066515,0.85049516,0.85801279,0.856401142857143,0.85271156,0.8520198,0.856210222222222,0.85301938,0.858517055555556,0.85489947,0.8549721,0.857930166666667,0.85513955,0.8570775,0.85823705,0.85908632,0.856076911111111,0.856386633333333,0.8562045625,0.855861411111111,0.85940332,0.8563173,0.8569827125,0.8511025125,0.851271666666667,0.85200767,0.855308825,0.859340214285714,0.8577807,0.85706865,0.85755793,0.85873427,0.85847626,0.857429377777778,0.85803553,0.85667938,0.85653893,0.8569201,0.8566036,0.85988237,0.85902208,0.85605045,0.86009662
"Itbayaten",0.858552775,0.848185642857143,0.851438925,0.8514345,0.855805388888889,0.853722,0.856918325,0.852622916666667,0.84682665,0.8473135,0.845917833333333,0.859062675,0.854464805555556,0.857263,0.86005825,0.847981333333333,0.854535277777778,0.85767675,0.855923,0.851964666666667,0.860286425,0.84550271875,0.84731153125,0.847301,0.843425888888889,0.850914166666667,0.858598475,0.860252275,0.851913083333333,0.857905075,0.85797646875,0.8577280625,0.85867575,0.8585163,0.860094083333333,0.860036225,0.857769653846154,0.8551801875,0.85716965625,0.857359416666667,0.8563275,0.857149142857143,0.85578865625,0.857309083333333,0.8585279,0.85723735,0.85831265,0.8577996,0.8550125,0.858156194444444,0.8615505,0.861648125,0.859124,0.860168625,0.861823555555556,0.860599125,0.8610235,0.859482175,0.86191885,1,0.86045905,0.861664075,0.8588247,0.858135083333333,0.860509075,0.860716225,0.859169525,0.860099,0.85851985,0.859147375,0.85648915,0.8575824,0.861698975,0.851055775,0.85849265,0.856728321428571,0.853104375,0.852383975,0.856798916666667,0.85350985,0.858868666666667,0.855230225,0.855302075,0.858198555555556,0.8555549375,0.85743045,0.85874455,0.85957385,0.856602916666667,0.856908458333333,0.85659796875,0.856121694444444,0.8597642,0.856733527777778,0.85744196875,0.8514025625,0.851463416666667,0.8522836,0.8557670625,0.859894214285714,0.8580361,0.85744655,0.8578791,0.859110425,0.85898755,0.857643194444444,0.858366325,0.857235525,0.8570754,0.8572954,0.85690105,0.8604596,0.8593901,0.85640985,0.86087115
"Itneg",0.85781643,0.847279971428571,0.85058005,0.8503201,0.854939433333333,0.8529315,0.85623184,0.852033922222222,0.84584616,0.8464663,0.845069533333333,0.85831016,0.8535812,0.856222066666667,0.862616866666667,0.847198833333333,0.853664388888889,0.856651516666667,0.855207583333333,0.851364477777778,0.86419022,0.8448004,0.8467448375,0.84664041,0.842577744444444,0.850203211111111,0.85789513,0.86461959,0.850617733333333,0.85706572,0.8570386375,0.856868575,0.8577383,0.85764416,0.8593306,0.86462656,0.858744876923077,0.8544881875,0.8563464,0.856480833333333,0.85549811,0.8562759,0.855083675,0.856397116666667,0.85759585,0.85640183,0.85753897,0.85683539,0.8541749625,0.857353066666667,0.860991025,0.86225439,0.85821029,0.86359974,0.860521466666667,0.8591122,0.86047038,0.85862146,0.85986186,0.86045905,1,0.85961781,0.85783724,0.857450211111111,0.86423162,0.86465719,0.85842433,0.86449525,0.85757503,0.85824432,0.85573943,0.85667959,0.86088698,0.84998282,0.85778376,0.856032514285714,0.8528682,0.85227323,0.856162666666667,0.85273579,0.858218411111111,0.85445976,0.85433463,0.857561288888889,0.85469335,0.85678915,0.85791841,0.858814,0.855570355555556,0.856140966666667,0.855808625,0.855227233333333,0.85896851,0.855773955555556,0.8564347125,0.850861,0.8507273,0.85151693,0.854781575,0.8589869,0.85733708,0.85662766,0.85715886,0.85828185,0.85811419,0.857050977777778,0.8574651,0.85640094,0.85607956,0.8565466,0.85611085,0.86424363,0.85872504,0.85551277,0.85984695
"Ivatan",0.85808386,0.847431242857143,0.85075962,0.8504146,0.855239122222222,0.85323596,0.8564014,0.851967911111111,0.84616082,0.846694166666667,0.845336244444444,0.85848993,0.853776366666667,0.856492166666667,0.859165555555556,0.847405966666667,0.853863311111111,0.8570472,0.855230683333333,0.851030322222222,0.85977202,0.8448955125,0.8467752625,0.84671278,0.842760722222222,0.850218177777778,0.85807986,0.85981505,0.8510892,0.85731489,0.857307275,0.8569566875,0.85792848,0.85772636,0.859282883333333,0.85955909,0.857099061538461,0.8546792875,0.8565433375,0.856597411111111,0.85573891,0.856518671428571,0.8553093125,0.85658905,0.85776697,0.85669875,0.85765323,0.8570655,0.854376625,0.857585388888889,0.86073125,0.86082568,0.85848004,0.85957803,0.860835355555556,0.860784733333333,0.86016647,0.85876849,0.8616808,0.861664075,0.85961781,1,0.85798148,0.8574693,0.85988274,0.86001231,0.85837,0.8595485,0.85790158,0.85856653,0.85580494,0.85683182,0.8605949,0.85024378,0.85786643,0.856169471428571,0.85238864,0.85179682,0.856170133333333,0.85288944,0.858349922222222,0.85477013,0.85462968,0.857667111111111,0.8548357625,0.85688781,0.8579793,0.85878627,0.855954422222222,0.8562228,0.8558392375,0.855591722222222,0.85918548,0.856026355555556,0.8567174125,0.850776525,0.850807888888889,0.85175479,0.8550172625,0.859129657142857,0.85744668,0.85690843,0.85728548,0.85856844,0.8581268,0.857204177777778,0.85777434,0.85654609,0.8562556,0.85664665,0.8562683,0.85987656,0.85882717,0.85592082,0.85996019
"Kagayanen",0.85748357,0.848290257142857,0.85103578,0.85097638,0.855077488888889,0.85333581,0.85613649,0.851853455555556,0.84713101,0.847806683333333,0.846470822222222,0.85773349,0.853809244444445,0.856873011111111,0.857443522222222,0.8483654,0.854292433333333,0.857506633333333,0.856214483333333,0.851371933333333,0.85779507,0.8461549,0.8479045625,0.84774805,0.8443019,0.850963777777778,0.85762088,0.85773311,0.8517702,0.85668778,0.85725765,0.856884425,0.85778748,0.8575473,0.858102933333333,0.85755722,0.855739315384615,0.85493045,0.8565555375,0.856647366666667,0.85585464,0.8562715,0.8554459875,0.856509083333333,0.85722388,0.85622191,0.85724161,0.85743407,0.854682275,0.857252777777778,0.85898035,0.85893134,0.85848416,0.85767457,0.858848533333333,0.85770125,0.85861735,0.85809215,0.85827337,0.8588247,0.85783724,0.85798148,1,0.857191077777778,0.85795968,0.85811734,0.85783435,0.85765027,0.85683152,0.85885865,0.85620558,0.85647447,0.85871236,0.85087375,0.85749051,0.855961414285714,0.85173608,0.85109997,0.855528977777778,0.85247198,0.857986222222222,0.85508734,0.8548285,0.857144233333333,0.8546555625,0.85668774,0.85724858,0.85805948,0.855610133333333,0.8560488,0.8560868375,0.855353022222222,0.85767169,0.8559313,0.8563274875,0.85062865,0.850703288888889,0.85152648,0.8547819875,0.858197114285714,0.85717757,0.85629705,0.85683624,0.85875778,0.85763197,0.856718033333333,0.85705514,0.85647322,0.85614103,0.85632992,0.85625839,0.85782524,0.85825363,0.85571802,0.85813727
"Kalagan",0.8569177,0.847367317460317,0.8503139,0.850290644444444,0.854404827160494,0.852636811111111,0.855468033333333,0.851207074074074,0.846437433333333,0.846648981481481,0.845677456790124,0.857267077777778,0.853044333333333,0.855624851851852,0.856878345679012,0.84720837037037,0.85485349382716,0.856430277777778,0.854988537037037,0.850560962962963,0.857276366666667,0.845201402777778,0.846982902777778,0.846810222222222,0.843381320987654,0.850241518518518,0.858271077777778,0.857307788888889,0.851310296296296,0.856196055555556,0.856320847222222,0.857529569444444,0.858464,0.856703377777778,0.857415907407407,0.857052033333333,0.855229333333333,0.855277152777778,0.856433347222222,0.856608111111111,0.856055388888889,0.856154571428571,0.855655055555556,0.856715962962963,0.856746555555556,0.855543022222222,0.856747433333333,0.856077344444444,0.854965986111111,0.857589358024691,0.858443486111111,0.858501966666667,0.857151266666667,0.857152911111111,0.858318987654321,0.857114259259259,0.858033622222222,0.857925855555556,0.857853233333333,0.858135083333333,0.857450211111111,0.8574693,0.857191077777778,1,0.857481966666667,0.857659966666667,0.858159522222222,0.857099766666667,0.856391611111111,0.857468066666667,0.856327866666667,0.856408766666667,0.858191066666667,0.850805533333333,0.858115488888889,0.856523,0.850986855555556,0.850453811111111,0.854964617283951,0.852003855555556,0.85809775308642,0.855415344444444,0.855010722222222,0.857572320987654,0.856864583333333,0.8573657,0.8583208,0.857894566666667,0.855019333333333,0.856410444444444,0.856520708333333,0.854762037037037,0.857293188888889,0.855396222222222,0.855760847222222,0.85024,0.850068716049383,0.850977677777778,0.854326222222222,0.857562857142857,0.857635955555555,0.855957988888889,0.8563132,0.8571544,0.857647,0.859320728395062,0.856339855555556,0.855682677777778,0.8555179,0.856764866666667,0.856301711111111,0.857424611111111,0.857663111111111,0.855083977777778,0.857625255555556
"Kalanguya",0.85776063,0.846805028571429,0.85027956,0.84963022,0.854874733333333,0.85256267,0.8560558,0.851365822222222,0.84543354,0.846064633333333,0.844567311111111,0.85837984,0.853578422222222,0.856428,0.860872677777778,0.846694233333333,0.853710833333333,0.856808216666667,0.855079083333333,0.850381633333333,0.86875639,0.8440903875,0.8460898875,0.84605213,0.841828633333333,0.849835922222222,0.85804198,0.86820765,0.8506441,0.85709992,0.857045375,0.856793975,0.85772496,0.85768582,0.859555383333333,0.86797684,0.860383392307692,0.8545972125,0.856247575,0.856775977777778,0.85568335,0.8564128,0.855071825,0.8565839,0.85755404,0.85643752,0.85769844,0.85688398,0.854239625,0.857549144444444,0.86130855,0.86232025,0.85844763,0.86827315,0.860547122222222,0.859553383333333,0.86032472,0.85871686,0.86015957,0.860509075,0.86423162,0.85988274,0.85795968,0.857481966666667,1,0.86416988,0.85840948,0.86880505,0.85783904,0.85848012,0.85577118,0.85674596,0.86065134,0.84981579,0.8578002,0.856138142857143,0.85278943,0.85230756,0.856216833333333,0.85280871,0.858452288888889,0.85454892,0.85448879,0.857610144444444,0.8546869125,0.8570147,0.85803166,0.85905652,0.855695822222222,0.856084333333333,0.8558330625,0.855506833333333,0.85912501,0.855857633333333,0.8564397875,0.85066935,0.850702911111111,0.85154902,0.854834925,0.8590594,0.85728467,0.8567856,0.85736633,0.85845418,0.85824443,0.857264722222222,0.85762221,0.85632152,0.85607804,0.85637533,0.8560501,0.86886769,0.85887345,0.85562245,0.8600016
"Kalinga",0.85800423,0.847271071428571,0.85079878,0.850451,0.855122466666667,0.85305496,0.85639088,0.852083488888889,0.84596246,0.846444133333333,0.845168644444444,0.8584314,0.853765211111111,0.856533255555556,0.861886166666667,0.8471519,0.853855477777778,0.856839366666667,0.855188366666667,0.851331033333333,0.86420145,0.844933725,0.8466709375,0.84667237,0.842687111111111,0.850258177777778,0.85808877,0.86467893,0.8508898,0.85731722,0.8572086125,0.8570055125,0.85805292,0.8578507,0.8596216,0.86440347,0.858799638461539,0.8546916375,0.85647575,0.856685755555556,0.85564705,0.856411228571428,0.8552629625,0.856601966666667,0.85771879,0.85648192,0.85765027,0.85706242,0.8543760375,0.857667477777778,0.861042975,0.8626736,0.85857862,0.86353733,0.860771955555556,0.859406683333333,0.8604977,0.85892332,0.85996551,0.860716225,0.86465719,0.86001231,0.85811734,0.857659966666667,0.86416988,1,0.85847725,0.86426791,0.85785199,0.85852522,0.85584697,0.85682591,0.8610412,0.85035221,0.85789072,0.856178328571429,0.85276429,0.85227761,0.856342755555556,0.85303478,0.858541611111111,0.85477357,0.85449538,0.857752311111111,0.8549046375,0.85710715,0.85805408,0.85905103,0.855796311111111,0.856468116666667,0.8559226375,0.855481022222222,0.85914175,0.856000933333333,0.8566115,0.85066965,0.850741222222222,0.85156813,0.8549372875,0.859197942857143,0.85749479,0.85685172,0.85730708,0.85847207,0.85837044,0.857248977777778,0.85768484,0.85664235,0.85627947,0.85660584,0.85610446,0.86415942,0.85897675,0.85582076,0.86000996
"Kamayo",0.85773339,0.847814757142857,0.8509378,0.8506788,0.855109622222222,0.85331165,0.85612088,0.851768022222222,0.84684614,0.847346533333333,0.846165655555556,0.85806799,0.853678955555556,0.856117922222222,0.857864622222222,0.847815933333333,0.854809033333333,0.85699715,0.855509,0.851204555555556,0.85816498,0.8457343,0.8473987375,0.84735554,0.843830355555556,0.850656277777778,0.85851725,0.85830356,0.851701933333333,0.85693341,0.8572338375,0.8573104625,0.85823926,0.85767306,0.858232383333333,0.85805909,0.856172038461538,0.8555452,0.8569251125,0.857053911111111,0.85614397,0.856742057142857,0.856083975,0.857507166666667,0.85758089,0.85629399,0.85757967,0.85677712,0.855216975,0.8585093,0.8593064375,0.85929408,0.85810392,0.85816515,0.859149077777778,0.8577688,0.8588693,0.85850802,0.85877412,0.859169525,0.85842433,0.85837,0.85783435,0.858159522222222,0.85840948,0.85847725,1,0.85804847,0.85713747,0.85807537,0.8562801,0.85685653,0.85892304,0.85130641,0.8587581,0.857586385714286,0.85162691,0.85098282,0.8555506,0.85239245,0.859193788888889,0.85523898,0.8554204,0.8589317,0.855476675,0.85736289,0.85947423,0.85861134,0.855815,0.856368933333333,0.85656795,0.855434844444444,0.85802154,0.856038766666667,0.85663015,0.85084605,0.850876277777778,0.85166899,0.8550223875,0.858321685714286,0.85796248,0.85668839,0.85710462,0.85802816,0.85875066,0.857933111111111,0.85726364,0.85643374,0.85627294,0.8568761,0.856504,0.85834514,0.85859017,0.85589529,0.85846071
"Kankanaey",0.85758175,0.846433471428572,0.8498778,0.8491561,0.854589588888889,0.85228223,0.85569369,0.851083355555556,0.84505342,0.845584983333333,0.844180622222222,0.85805288,0.853174822222222,0.856092744444444,0.860491933333333,0.846174433333333,0.853366366666667,0.856431666666667,0.854717966666667,0.850151155555556,0.86837946,0.8438364875,0.845697975,0.84569787,0.841508644444444,0.849277066666667,0.85767854,0.86884246,0.8502553,0.85678553,0.85676605,0.85651285,0.85757798,0.85739474,0.859239,0.86953723,0.859746115384615,0.85426715,0.8560246875,0.856350755555556,0.85530429,0.856043171428571,0.8547643625,0.856041083333333,0.85731913,0.85613075,0.8572644,0.85657171,0.8538379375,0.857255411111111,0.8608885375,0.86209477,0.85811271,0.86742075,0.8602128,0.8591627,0.86004033,0.85837973,0.85954545,0.860099,0.86449525,0.8595485,0.85765027,0.857099766666667,0.86880505,0.86426791,0.85804847,1,0.85751299,0.85813313,0.85531718,0.85640912,0.86016332,0.84975789,0.85749951,0.855737742857143,0.85260449,0.85204845,0.855808577777778,0.85241545,0.858073411111111,0.85413614,0.85416946,0.857278955555556,0.8544151875,0.85666471,0.8576813,0.85864765,0.8553247,0.855692516666667,0.8554180125,0.855127355555556,0.85876814,0.855505166666667,0.856172775,0.8502802375,0.850353644444444,0.85113738,0.8544958625,0.8587595,0.85707171,0.85650754,0.85691328,0.85822715,0.85787966,0.856792411111111,0.8573894,0.8560099,0.8557519,0.8560278,0.85569748,0.86842023,0.8585052,0.85542613,0.85957264
"Kapampangan",0.85694124,0.847276285714286,0.85026751,0.84988868,0.854516933333333,0.8525833,0.85550996,0.850928233333333,0.84617057,0.846449983333333,0.845444922222222,0.85725299,0.853132933333333,0.855472866666667,0.857126444444444,0.847124533333333,0.852930677777778,0.8560285,0.854452216666667,0.850383411111111,0.85763325,0.84510325,0.8469323375,0.84680964,0.843130766666667,0.850154755555556,0.85698418,0.8576297,0.850696166666667,0.85653465,0.856309425,0.8558543,0.85675354,0.85667932,0.8579062,0.85743355,0.855631569230769,0.8538568375,0.8553793125,0.855599288888889,0.85473954,0.855290785714286,0.85426305,0.8555842,0.85670732,0.85582169,0.85656379,0.85601282,0.853520075,0.856273288888889,0.8588237,0.85854311,0.85720698,0.85761363,0.858413711111111,0.85731865,0.85839632,0.85744664,0.85824632,0.85851985,0.85757503,0.85790158,0.85683152,0.856391611111111,0.85783904,0.85785199,0.85713747,0.85751299,1,0.85725532,0.85487003,0.85594308,0.85834545,0.84964732,0.85653779,0.855035342857143,0.85110096,0.85055057,0.8548681,0.8517314,0.857000644444444,0.85376428,0.85390607,0.856413455555556,0.8536124,0.85580716,0.85639054,0.85751334,0.855200255555556,0.855167533333333,0.8550267375,0.854740111111111,0.85787253,0.855374422222222,0.8558254875,0.850194225,0.850236288888889,0.85114099,0.8544288,0.857882628571429,0.85634527,0.85576651,0.85620008,0.85731573,0.85693853,0.855931377777778,0.85703189,0.85578854,0.85552618,0.85545894,0.85528045,0.85767364,0.85754097,0.85501386,0.85806618
"Kinaray-a",0.85777994,0.848193285714286,0.85111755,0.85073288,0.8552917,0.85339946,0.85625333,0.851754133333333,0.8470875,0.847678816666667,0.846390088888889,0.85809308,0.853875688888889,0.857152988888889,0.857965211111111,0.848297633333333,0.8541289,0.858364416666667,0.857418383333333,0.851301633333333,0.85824898,0.8460236875,0.84784765,0.8476755,0.8441799,0.850929788888889,0.85789006,0.85820545,0.851658933333333,0.85712302,0.85753925,0.8571262875,0.85850164,0.85775054,0.858322416666667,0.857995,0.856361961538462,0.8550104125,0.8564816125,0.856717088888889,0.85591617,0.856446585714286,0.8555361375,0.85671015,0.85763278,0.85648892,0.85741786,0.85762793,0.85465115,0.8575404,0.859465575,0.85931596,0.8598097,0.85831815,0.859216877777778,0.857871533333333,0.85885837,0.8584452,0.85877562,0.859147375,0.85824432,0.85856653,0.85885865,0.857468066666667,0.85848012,0.85852522,0.85807537,0.85813313,0.85725532,1,0.85609343,0.85683532,0.85909927,0.85091054,0.85777695,0.856140014285714,0.85193415,0.85130477,0.856010577777778,0.85256034,0.858136366666667,0.85515023,0.85492742,0.857443588888889,0.85487035,0.85682022,0.8575899,0.85851779,0.855938666666667,0.85624415,0.8561677125,0.855544222222222,0.85818391,0.856098188888889,0.85664275,0.850933525,0.850883666666667,0.85175717,0.854988825,0.858419714285714,0.85733159,0.85662018,0.85712329,0.86009995,0.85806199,0.857029055555556,0.85731735,0.85677213,0.85632031,0.85662517,0.85634199,0.85838158,0.85853429,0.85590827,0.85855736
"Lambanguian",0.85583475,0.847867471428571,0.85025783,0.85022918,0.853800733333333,0.8523084,0.85477442,0.850857377777778,0.84668468,0.847436983333333,0.846170388888889,0.85615912,0.852524311111111,0.854714111111111,0.855392144444444,0.848087033333333,0.855485922222222,0.855317016666667,0.854320583333333,0.850507255555556,0.8554442,0.845999575,0.847535075,0.84736602,0.844271755555556,0.850159488888889,0.85715138,0.85559136,0.851000033333333,0.85501891,0.8553931625,0.857359775,0.85689792,0.85566138,0.856020583333333,0.85522542,0.854083223076923,0.855618525,0.8559773625,0.856194477777778,0.85612748,0.855952342857143,0.8557816625,0.856174216666667,0.85544438,0.85451155,0.85563219,0.85518831,0.8555089,0.856450666666667,0.8569886125,0.85684507,0.85602628,0.8554183,0.856768122222222,0.85525475,0.85653969,0.85702533,0.8561885,0.85648915,0.85573943,0.85580494,0.85620558,0.856327866666667,0.85577118,0.85584697,0.8562801,0.85531718,0.85487003,0.85609343,1,0.85558342,0.85667366,0.85067471,0.85632965,0.855510685714286,0.84979666,0.84922598,0.8536907,0.85117056,0.857178144444444,0.8579715,0.85567093,0.856025411111111,0.8543865,0.85639334,0.85554208,0.8568282,0.854321344444444,0.856903816666667,0.8565928625,0.853725166666667,0.8558592,0.854431655555556,0.854790925,0.849517425,0.8493645,0.85032769,0.8535818,0.856148085714286,0.85609673,0.85486097,0.85542624,0.85598435,0.85616934,0.856003244444444,0.85507513,0.85482995,0.8546185,0.85673857,0.85806319,0.85565494,0.85652389,0.85412726,0.85614851
"Maguindanaon",0.85634707,0.847323585714286,0.85017305,0.85002476,0.854068411111111,0.85231457,0.85501702,0.850701444444445,0.84621323,0.84670595,0.845541166666667,0.85682968,0.852700844444444,0.855074,0.856184744444444,0.8473688,0.854130588888889,0.8557317,0.854368516666667,0.850342366666667,0.85663747,0.8452416875,0.8469034125,0.84662364,0.843351466666667,0.8498878,0.85709584,0.85655321,0.8507496,0.85581691,0.8558339,0.8564320875,0.85686968,0.85641774,0.85699885,0.85642479,0.854711153846154,0.8546054125,0.85599895,0.855954133333333,0.85552158,0.855745042857143,0.8548877375,0.855958783333333,0.85627717,0.85517858,0.85631241,0.85565133,0.8545129,0.856519588888889,0.8577938875,0.8576976,0.85672885,0.85648975,0.8575881,0.856348583333333,0.85737299,0.85785433,0.85712594,0.8575824,0.85667959,0.85683182,0.85647447,0.856408766666667,0.85674596,0.85682591,0.85685653,0.85640912,0.85594308,0.85683532,0.85558342,1,0.85750572,0.85016401,0.85656436,0.855457057142857,0.85032998,0.84959393,0.854225177777778,0.85140519,0.857239488888889,0.85467632,0.85484835,0.856296311111111,0.85402815,0.856213,0.85615935,0.85777901,0.854797577777778,0.855610183333333,0.8557405125,0.854410211111111,0.85680916,0.855030933333333,0.855475875,0.8500362875,0.850024244444444,0.85085615,0.85397645,0.8569146,0.85640878,0.85558034,0.85597626,0.85671075,0.85666803,0.855993466666667,0.85587425,0.8554142,0.85520424,0.85595536,0.85572985,0.85669304,0.85714761,0.85480061,0.85701818
"Malaweg",0.85865414,0.848138157142857,0.85157557,0.85118448,0.855904522222222,0.85383993,0.85699039,0.853048255555556,0.84681451,0.847506216666667,0.845938422222222,0.85903651,0.8545299,0.857116622222222,0.860581422222222,0.848338,0.854768311111111,0.857540416666667,0.8561264,0.852229288888889,0.86040882,0.845842275,0.8477055875,0.84755179,0.8437655,0.850996555555556,0.8587278,0.86057217,0.851768133333333,0.85780628,0.85797515,0.8578000375,0.8587203,0.85833358,0.8600286,0.8601679,0.857795592307692,0.8554514,0.85728795,0.857370022222222,0.85640861,0.857101042857143,0.8560592875,0.8574247,0.85828842,0.85721404,0.85830108,0.85767917,0.855245575,0.858195988888889,0.861739175,0.86217148,0.85907229,0.86020807,0.861618433333333,0.85995415,0.86093447,0.85933296,0.86066515,0.861698975,0.86088698,0.8605949,0.85871236,0.858191066666667,0.86065134,0.8610412,0.85892304,0.86016332,0.85834545,0.85909927,0.85667366,0.85750572,1,0.85104914,0.85853158,0.857017057142857,0.85288684,0.85226262,0.856730133333333,0.85350425,0.859098377777778,0.85541907,0.85535077,0.858266777777778,0.8556361875,0.85746938,0.85850193,0.8594372,0.856493455555556,0.8568505,0.8567420125,0.856195755555555,0.85968624,0.856578633333333,0.8572531125,0.8511493625,0.851210266666667,0.85206528,0.8555876625,0.859939042857143,0.8581441,0.85745057,0.85791561,0.85913278,0.85901914,0.857745666666667,0.85830588,0.85717206,0.85673888,0.85729911,0.85694899,0.86048468,0.85943682,0.85654097,0.86086354
"Mamanwa",0.85055098,0.8459174,0.84731446,0.84756722,0.850088255555556,0.84891707,0.8505124,0.847451177777778,0.84508022,0.845418233333333,0.844823766666667,0.85111877,0.848946022222222,0.849782644444444,0.849956188888889,0.8459697,0.849965822222222,0.850692916666667,0.849923083333333,0.847544355555556,0.84975452,0.8444000375,0.84558985,0.84531464,0.843179166666667,0.847398766666667,0.8516406,0.85006653,0.847780966666667,0.84984205,0.85046845,0.8510950125,0.85133956,0.85082538,0.850569083333333,0.84965112,0.849095815384615,0.8503444375,0.8510024375,0.850838111111111,0.85070757,0.850641114285714,0.85034245,0.851227466666667,0.85040674,0.84940581,0.8508592,0.8502797,0.8499247375,0.851503844444444,0.8512744125,0.85097314,0.85068106,0.84962948,0.850961577777778,0.849700166666667,0.85091211,0.85127464,0.85049516,0.851055775,0.84998282,0.85024378,0.85087375,0.850805533333333,0.84981579,0.85035221,0.85130641,0.84975789,0.84964732,0.85091054,0.85067471,0.85016401,0.85104914,1,0.85119522,0.850250014285714,0.84564311,0.84491423,0.849002211111111,0.84700802,0.852059922222222,0.85014139,0.85010603,0.851018855555556,0.84911605,0.85079125,0.85020803,0.85104438,0.849341444444444,0.850579983333333,0.851120775,0.848882944444444,0.85059879,0.849528411111111,0.8498155125,0.845094475,0.845076544444444,0.84576846,0.84874945,0.850939771428571,0.85080256,0.84985017,0.85019382,0.85079038,0.8515613,0.850531288888889,0.84997247,0.85015157,0.84958194,0.85058623,0.85057122,0.84976945,0.85126191,0.84927249,0.85045377
"Mandaya",0.85713584,0.848086128571429,0.85093317,0.85060752,0.854944588888889,0.85299541,0.85583621,0.851561422222222,0.84677451,0.847480683333333,0.846056177777778,0.8575813,0.853533544444444,0.856023311111111,0.8571852,0.847987,0.855526744444445,0.856766066666667,0.855222683333333,0.851156144444444,0.8575881,0.8457885375,0.8475466625,0.84737382,0.843984877777778,0.850547044444445,0.8581869,0.85770047,0.851339666666667,0.85651338,0.856798525,0.85745885,0.8580451,0.85736884,0.857756733333333,0.85745029,0.855750969230769,0.856008125,0.856791125,0.857049677777778,0.85653581,0.856584642857143,0.8565146125,0.85736545,0.857082,0.85582216,0.85714541,0.85652532,0.8557566625,0.859147233333333,0.8587926375,0.85880435,0.85759817,0.85748896,0.858455022222222,0.857178266666667,0.85835602,0.85823999,0.85801279,0.85849265,0.85778376,0.85786643,0.85749051,0.858115488888889,0.8578002,0.85789072,0.8587581,0.85749951,0.85653779,0.85777695,0.85632965,0.85656436,0.85853158,0.85119522,1,0.858241628571429,0.85144621,0.8508136,0.855359611111111,0.85234144,0.859062577777778,0.85541664,0.8556749,0.858411888888889,0.855339175,0.85730764,0.85914085,0.85823556,0.85547,0.856268783333333,0.857018025,0.854997355555556,0.85751294,0.855649622222222,0.85593415,0.8503482125,0.850464866666667,0.85127286,0.8544280125,0.8578774,0.85755341,0.85623459,0.85661763,0.85767934,0.85801866,0.8576237,0.85663083,0.85606914,0.85588063,0.85669338,0.85635521,0.85771926,0.85802975,0.85548843,0.8580029
"Manguangan",0.855592442857143,0.847020040816327,0.849732371428571,0.849634057142857,0.853490761904762,0.851905214285714,0.8544489,0.850444746031746,0.846194114285714,0.846721166666667,0.845316888888889,0.8560991,0.852134206349206,0.854321063492063,0.855716761904762,0.847101238095238,0.855333444444444,0.855411071428571,0.853960238095238,0.849915158730159,0.855981971428571,0.845186267857143,0.846738196428571,0.846687342857143,0.843187682539682,0.849622095238095,0.8571684,0.855936214285714,0.850580142857143,0.855067071428571,0.855231785714286,0.856205089285714,0.856869171428571,0.855790714285714,0.85616469047619,0.855846728571429,0.854318703296703,0.855636035714286,0.855680142857143,0.856000571428571,0.855808528571429,0.855428510204082,0.855982571428571,0.856695047619048,0.855488614285714,0.854210114285714,0.855627357142857,0.855091685714286,0.855435446428571,0.860825857142857,0.857248857142857,0.857194471428571,0.856079571428571,0.855944542857143,0.856795,0.855571476190476,0.8567246,0.856783142857143,0.856401142857143,0.856728321428571,0.856032514285714,0.856169471428571,0.855961414285714,0.856523,0.856138142857143,0.856178328571429,0.857586385714286,0.855737742857143,0.855035342857143,0.856140014285714,0.855510685714286,0.855457057142857,0.857017057142857,0.850250014285714,0.858241628571428,1,0.850260842857143,0.8496414,0.853976174603175,0.851296614285714,0.858096285714286,0.854539385714286,0.855206714285714,0.858304603174603,0.854214107142857,0.856447357142857,0.857833871428571,0.8567278,0.853964333333333,0.855358095238095,0.856425571428571,0.853552698412698,0.855910685714286,0.854344952380952,0.854543089285714,0.849540071428571,0.849378365079365,0.850052142857143,0.853232321428571,0.856227387755102,0.856228542857143,0.854928342857143,0.855227314285714,0.855972314285714,0.856620342857143,0.856267603174603,0.855179514285714,0.8546894,0.854409171428571,0.855573342857143,0.855435071428571,0.8561832,0.856393985714286,0.853975142857143,0.856299385714286
"MangyanBangon",0.85150448,0.844208542857143,0.84655757,0.84637252,0.849759555555555,0.84831409,0.85061005,0.846985422222222,0.84302898,0.843760466666667,0.842540611111111,0.85188702,0.848874077777778,0.850584577777778,0.852137888888889,0.8440757,0.848467366666667,0.850661666666667,0.849487783333333,0.846722277777778,0.85281194,0.8422463,0.843614925,0.84356517,0.840689577777778,0.846301566666667,0.85162279,0.85289887,0.845974266666667,0.85067885,0.8509183125,0.8505449875,0.85149324,0.85164188,0.852368866666667,0.85247827,0.850927853846154,0.8492025125,0.850479025,0.850410444444444,0.84948847,0.850154728571429,0.849185725,0.850597683333333,0.8511128,0.84989574,0.8511965,0.85087561,0.8485484375,0.851279244444444,0.8534625,0.85325121,0.85171842,0.8526049,0.853132022222222,0.852071816666667,0.85272285,0.85202394,0.85271156,0.853104375,0.8528682,0.85238864,0.85173608,0.850986855555556,0.85278943,0.85276429,0.85162691,0.85260449,0.85110096,0.85193415,0.84979666,0.85032998,0.85288684,0.84564311,0.85144621,0.850260842857143,1,0.88211525,0.865240533333333,0.85498677,0.851813488888889,0.84899073,0.84879909,0.851272533333333,0.849039975,0.8506203,0.85159485,0.8520396,0.849725577777778,0.850021716666667,0.849770275,0.849577644444445,0.85218996,0.8497862,0.8503541625,0.845175025,0.8453682,0.84590909,0.8488853375,0.852450614285714,0.85105721,0.85033394,0.85076623,0.85197754,0.85176418,0.850691755555556,0.851093,0.85050928,0.84983422,0.85026221,0.85013668,0.85281481,0.852282,0.84937723,0.85231696
"MangyanBuhid",0.85075542,0.843721385714286,0.84587985,0.84572142,0.849206333333333,0.84769292,0.85006039,0.846578166666667,0.8423262,0.843147383333333,0.8420259,0.85129398,0.848209077777778,0.849934644444444,0.851543888888889,0.8436015,0.847862822222222,0.85012565,0.848868416666667,0.846188544444444,0.85211534,0.8417757875,0.8430660125,0.84300651,0.840422977777778,0.845777455555556,0.85092055,0.85228526,0.845527933333333,0.85007022,0.8503065875,0.85005275,0.85089464,0.850909,0.851725233333333,0.8520089,0.850477276923077,0.84869315,0.8498493625,0.849718811111111,0.84892056,0.849522871428571,0.848642275,0.849905966666667,0.85055886,0.84930978,0.85057314,0.85022738,0.8479587,0.850634544444444,0.8527572625,0.85263364,0.8511413,0.85211451,0.852512466666667,0.851564466666667,0.8520606,0.85139014,0.8520198,0.852383975,0.85227323,0.85179682,0.85109997,0.850453811111111,0.85230756,0.85227761,0.85098282,0.85204845,0.85055057,0.85130477,0.84922598,0.84959393,0.85226262,0.84491423,0.8508136,0.8496414,0.88211525,1,0.864942022222222,0.85450775,0.851162711111111,0.84845313,0.84812827,0.850615944444444,0.8485359625,0.85000738,0.85106246,0.85142353,0.849188611111111,0.8494021,0.849145325,0.848960855555556,0.85149326,0.849169222222222,0.849759425,0.8446367875,0.844729733333333,0.84542369,0.84831345,0.851813742857143,0.85027757,0.84972172,0.8501393,0.85128067,0.85107535,0.850193766666667,0.85036994,0.84983283,0.84922903,0.84966685,0.84958586,0.85219728,0.8515875,0.84876379,0.85170722
"MangyanHanunuo",0.855405488888889,0.847293936507936,0.849797566666667,0.849624244444444,0.853377222222222,0.851810666666667,0.854242166666667,0.850617074074074,0.846008533333333,0.846753055555556,0.84537662962963,0.855744155555556,0.852267049382716,0.854539395061728,0.855688222222222,0.847206703703704,0.852098320987654,0.854867944444444,0.853722814814815,0.850073432098766,0.856018422222222,0.845417375,0.846798027777778,0.8465894,0.843813814814815,0.849681395061728,0.855576755555556,0.856101833333333,0.849706333333333,0.854547388888889,0.854941569444444,0.854514055555556,0.855523311111111,0.855269844444444,0.856117907407407,0.8558867,0.854362230769231,0.852791277777778,0.854225583333333,0.854247814814815,0.853469222222222,0.854088111111111,0.853150986111111,0.854371055555556,0.855046311111111,0.853938633333333,0.855016255555556,0.854915988888889,0.852333666666667,0.855086296296296,0.857034833333333,0.857050988888889,0.855752711111111,0.855982766666667,0.856836851851852,0.855665666666667,0.856540111111111,0.855978755555556,0.856210222222222,0.856798916666667,0.856162666666667,0.856170133333333,0.855528977777778,0.854964617283951,0.856216833333333,0.856342755555556,0.8555506,0.855808577777778,0.8548681,0.856010577777778,0.8536907,0.854225177777778,0.856730133333333,0.849002211111111,0.855359611111111,0.853976174603175,0.865240533333333,0.864942022222222,1,0.855103322222222,0.855764061728395,0.852787955555556,0.852588888888889,0.855061839506173,0.8523785,0.854538788888889,0.8549174,0.855945522222222,0.853677259259259,0.853833407407407,0.853757263888889,0.853387518518518,0.855876477777778,0.853674209876543,0.854138388888889,0.848608347222222,0.848693604938272,0.849416511111111,0.852663472222222,0.856225952380952,0.8548598,0.854160244444444,0.854525177777778,0.856038211111111,0.855644744444444,0.854452728395062,0.854964522222222,0.854425133333333,0.853752144444444,0.854124388888889,0.853922155555556,0.856107233333333,0.8560322,0.853276111111111,0.856167844444444
"MangyanIraya",0.8523834,0.846094057142857,0.84810208,0.8481344,0.850926122222222,0.84971921,0.85174145,0.8484776,0.84505842,0.8456184,0.844675144444444,0.85266705,0.850103266666667,0.851635744444444,0.852486266666667,0.845890466666667,0.849671588888889,0.851606633333333,0.850667633333333,0.848391366666667,0.85257181,0.845074225,0.8462752875,0.84624096,0.843379188888889,0.848463933333333,0.85247789,0.85269071,0.847921233333333,0.85156312,0.8517541,0.851702625,0.85235154,0.852095,0.852888416666667,0.85221967,0.851506515384615,0.850176975,0.85148025,0.851323955555556,0.85073222,0.851264642857143,0.850572475,0.8515385,0.85194258,0.85069517,0.85202265,0.85185667,0.8499067875,0.852182388888889,0.85388365,0.85374918,0.85249094,0.85261683,0.853726111111111,0.852342833333333,0.85324543,0.85274937,0.85301938,0.85350985,0.85273579,0.85288944,0.85247198,0.852003855555556,0.85280871,0.85303478,0.85239245,0.85241545,0.8517314,0.85256034,0.85117056,0.85140519,0.85350425,0.84700802,0.85234144,0.851296614285714,0.85498677,0.85450775,0.855103322222222,1,0.852636411111111,0.85018216,0.84999774,0.852078177777778,0.8498304875,0.85145779,0.8521976,0.85278318,0.850627266666667,0.850934266666667,0.851039725,0.850688122222222,0.85283714,0.850805266666667,0.85109735,0.8462316,0.845979333333333,0.84679257,0.8499353625,0.853045957142857,0.85199386,0.85110467,0.85152359,0.8526415,0.85223615,0.851404766666667,0.85191451,0.85153154,0.8509142,0.85134578,0.8512358,0.85264513,0.85284112,0.85041048,0.85291525
"ManoboAgusan",0.857840322222222,0.848421841269841,0.851587355555556,0.851092888888889,0.855525938271605,0.853636366666667,0.856371911111111,0.85218575308642,0.847560755555556,0.847871296296296,0.846820456790123,0.858089033333333,0.854115148148148,0.856527604938272,0.85784912345679,0.848528148148148,0.856373679012346,0.857323537037037,0.855860333333333,0.851613728395062,0.858179088888889,0.846492555555556,0.848179680555555,0.8480545,0.84458687654321,0.851092987654321,0.858824,0.858124655555556,0.852122296296296,0.857172866666667,0.857244930555556,0.857850736111111,0.858432933333333,0.857942511111111,0.858268055555556,0.858008688888889,0.856337188034188,0.857081055555556,0.857881736111111,0.85822162962963,0.857224266666667,0.857638095238095,0.857524527777778,0.858998351851852,0.857704444444444,0.8563732,0.857853588888889,0.856948244444445,0.856561013888889,0.859494160493827,0.859294222222222,0.859350955555556,0.858137844444444,0.858092344444444,0.858993901234568,0.857779240740741,0.858729122222222,0.858830644444444,0.858517055555556,0.858868666666667,0.858218411111111,0.858349922222222,0.857986222222222,0.85809775308642,0.858452288888889,0.858541611111111,0.859193788888889,0.858073411111111,0.857000644444444,0.858136366666667,0.857178144444444,0.857239488888889,0.859098377777778,0.852059922222222,0.859062577777778,0.858096285714286,0.851813488888889,0.851162711111111,0.855764061728395,0.852636411111111,1,0.856068777777778,0.856616322222222,0.858936530864198,0.855658152777778,0.857897788888889,0.858459144444444,0.858963244444444,0.855956728395062,0.856876388888889,0.857736736111111,0.855589271604938,0.8580121,0.856196456790123,0.856732972222222,0.851171569444444,0.851108024691358,0.851898888888889,0.855057916666667,0.858516238095238,0.857993144444444,0.856850155555556,0.8572411,0.858162833333333,0.8586341,0.857822839506173,0.857276355555556,0.856693955555555,0.856397066666667,0.857213755555556,0.857007866666667,0.858327233333333,0.858620011111111,0.855990722222222,0.858504133333333
"ManoboDulangan",0.85469885,0.847452942857143,0.84966659,0.84969418,0.852899466666667,0.85145762,0.85370366,0.850043366666667,0.84617481,0.8469676,0.845584366666667,0.85498895,0.851818266666667,0.853636966666667,0.854152244444444,0.8474667,0.854968311111111,0.854608916666667,0.853517616666667,0.849888411111111,0.85426769,0.8457981625,0.847058325,0.84690661,0.844063533333333,0.849628833333333,0.85610108,0.8544659,0.850377633333333,0.85383652,0.8543505125,0.856883775,0.8561946,0.85463192,0.854905183333333,0.8540912,0.853048092307692,0.85524865,0.8551719375,0.855304833333333,0.85540578,0.854990228571429,0.8550495125,0.855404566666667,0.85441827,0.8534235,0.85482218,0.85409065,0.8550110625,0.855671055555556,0.855862325,0.85567554,0.85502485,0.85419058,0.855489622222222,0.854171366666667,0.85525883,0.85618165,0.85489947,0.855230225,0.85445976,0.85477013,0.85508734,0.855415344444444,0.85454892,0.85477357,0.85523898,0.85413614,0.85376428,0.85515023,0.8579715,0.85467632,0.85541907,0.85014139,0.85541664,0.854539385714286,0.84899073,0.84845313,0.852787955555556,0.85018216,0.856068777777778,1,0.85495921,0.8550546,0.8535488,0.85560915,0.85440512,0.85570463,0.853170922222222,0.8568613,0.85595795,0.85265,0.8547115,0.853476688888889,0.8537543125,0.8484526625,0.848528122222222,0.84933989,0.85233475,0.855019885714286,0.85506196,0.85385596,0.85437381,0.85502721,0.85514916,0.855100144444444,0.85395543,0.85395507,0.85354659,0.85638038,0.85667525,0.85434002,0.85533237,0.8532852,0.85483187
"ManoboIlianen",0.8546239,0.8473474,0.84967315,0.8497559,0.852893166666667,0.85139031,0.8535722,0.849979444444444,0.84621797,0.846804633333333,0.845671922222222,0.85497315,0.851677133333333,0.853543666666667,0.854049233333333,0.8473857,0.857186333333333,0.854380166666667,0.853247533333333,0.849769444444444,0.8542918,0.8454895875,0.8468802875,0.84671065,0.843998577777778,0.849362166666667,0.85617917,0.85437407,0.850150466666667,0.8540111,0.854252625,0.855691275,0.85577862,0.85459948,0.8547837,0.85409699,0.852941838461538,0.857150475,0.85545335,0.855740488888889,0.85683074,0.855488714285714,0.856837775,0.85612615,0.85444695,0.85343328,0.85489323,0.85410195,0.8571647625,0.856117455555556,0.85580855,0.85543394,0.85480378,0.8541263,0.855293166666667,0.854139166666667,0.85518138,0.85600682,0.8549721,0.855302075,0.85433463,0.85462968,0.8548285,0.855010722222222,0.85448879,0.85449538,0.8554204,0.85416946,0.85390607,0.85492742,0.85567093,0.85484835,0.85535077,0.85010603,0.8556749,0.855206714285714,0.84879909,0.84812827,0.852588888888889,0.84999774,0.856616322222222,0.85495921,1,0.855281155555556,0.8532135875,0.85563828,0.85431214,0.85588199,0.853121822222222,0.8550722,0.857676025,0.852850933333333,0.85479441,0.8534044,0.8539725375,0.8487918125,0.848772755555556,0.84943597,0.8524765375,0.855120785714286,0.85476801,0.8538385,0.8542696,0.85475568,0.85513801,0.854824122222222,0.85408306,0.8539642,0.85358898,0.8551641,0.85532632,0.85434281,0.85526683,0.85325111,0.85490556
"ManoboRK",0.856904,0.847558571428571,0.850645977777778,0.850273822222222,0.854583308641975,0.8528364,0.855791944444444,0.851155679012346,0.846526933333333,0.847024833333333,0.845781962962963,0.857567511111111,0.853193987654321,0.855638728395062,0.857167901234568,0.847530888888889,0.855041111111111,0.856428648148148,0.855010796296296,0.850598740740741,0.857403977777778,0.845624833333333,0.847375277777778,0.847169355555556,0.84377749382716,0.850451679012346,0.858004944444444,0.857487733333333,0.851212444444444,0.856351133333333,0.856522847222222,0.856953277777778,0.857702311111111,0.857271244444444,0.857543722222222,0.857206211111111,0.855517444444444,0.855692638888889,0.856504236111111,0.856792777777778,0.856012122222222,0.856249142857143,0.856060208333333,0.857159814814815,0.856914111111111,0.855670622222222,0.857020522222222,0.856175488888889,0.855483777777778,0.85874387654321,0.858578597222222,0.858580088888889,0.857337688888889,0.857368577777778,0.858364987654321,0.857022574074074,0.8580632,0.858045633333333,0.857930166666667,0.858198555555556,0.857561288888889,0.857667111111111,0.857144233333333,0.857572320987654,0.857610144444444,0.857752311111111,0.8589317,0.857278955555556,0.856413455555556,0.857443588888889,0.856025411111111,0.856296311111111,0.858266777777778,0.851018855555556,0.858411888888889,0.858304603174603,0.851272533333333,0.850615944444444,0.855061839506173,0.852078177777778,0.858936530864198,0.8550546,0.855281155555556,1,0.855078097222222,0.857062377777778,0.858788688888889,0.857932822222222,0.855092740740741,0.856058407407407,0.856455666666667,0.854804740740741,0.857398888888889,0.855449086419753,0.855911361111111,0.850431763888889,0.850519407407407,0.851235488888889,0.854357027777778,0.857518079365079,0.857268888888889,0.856057666666667,0.856454588888889,0.857238577777778,0.857928611111111,0.857378012345679,0.856458355555556,0.855752955555556,0.855641355555556,0.8564634,0.856190922222222,0.857502044444444,0.857934222222222,0.855214222222222,0.857748688888889
"ManoboSarangani",0.8542974875,0.845815928571429,0.8485065375,0.8484131,0.852245666666667,0.850489725,0.853146775,0.849124222222222,0.844719025,0.8451863125,0.844051833333333,0.854826025,0.850951111111111,0.853045097222222,0.854192291666667,0.845780416666667,0.853071416666667,0.853880520833333,0.852663875,0.848716791666667,0.8546421,0.843906046875,0.84538059375,0.845233325,0.842112222222222,0.848265777777778,0.8559597375,0.854667275,0.849148875,0.8535088,0.853964640625,0.85559325,0.856190625,0.854326,0.854741979166667,0.8543929375,0.852875317307692,0.85349378125,0.8542376875,0.854328166666667,0.854170675,0.853935607142857,0.853529125,0.854508895833333,0.8542554,0.852957775,0.8543265,0.853702275,0.853098859375,0.855253194444444,0.855691625,0.855793,0.8545493375,0.85451175,0.855480361111111,0.854397958333333,0.8552899,0.85552485,0.85513955,0.8555549375,0.85469335,0.8548357625,0.8546555625,0.856864583333333,0.8546869125,0.8549046375,0.855476675,0.8544151875,0.8536124,0.85487035,0.8543865,0.85402815,0.8556361875,0.84911605,0.855339175,0.854214107142857,0.849039975,0.8485359625,0.8523785,0.8498304875,0.855658152777778,0.8535488,0.8532135875,0.855078097222222,1,0.854921475,0.8554200125,0.85553825,0.852762652777778,0.854448625,0.8544685,0.852253097222222,0.854496,0.852965041666667,0.853481125,0.848300265625,0.848057111111111,0.849116025,0.851924453125,0.854937821428571,0.8555314375,0.8534266125,0.8539085375,0.85465265,0.8552123625,0.856818819444444,0.8537737125,0.8531686,0.8530494,0.854705275,0.854246475,0.854656875,0.8552150125,0.852736525,0.8549781375
"ManoboTagabawa",0.8563809,0.847619028571429,0.85037984,0.85001498,0.854143422222222,0.85250341,0.85519916,0.850984666666667,0.84630164,0.84702685,0.845628,0.85678548,0.852815922222222,0.855136233333333,0.856399733333333,0.8474607,0.855286711111111,0.855995616666667,0.854624666666667,0.850582144444444,0.85678764,0.8456789125,0.8471208875,0.84703991,0.843623277777778,0.850143066666667,0.86043879,0.85673497,0.850869666666667,0.85569175,0.8560124625,0.8571580125,0.85776462,0.85644374,0.85678675,0.85655891,0.854988646153846,0.8557116125,0.8563015125,0.856316622222222,0.85630001,0.856219314285714,0.8559544875,0.856463166666667,0.85622382,0.85508856,0.85644542,0.85559752,0.855475225,0.857488933333333,0.857678075,0.85775556,0.8567262,0.85667816,0.857693622222222,0.856389516666667,0.85729954,0.85764989,0.8570775,0.85743045,0.85678915,0.85688781,0.85668774,0.8573657,0.8570147,0.85710715,0.85736289,0.85666471,0.85580716,0.85682022,0.85639334,0.856213,0.85746938,0.85079125,0.85730764,0.856447357142857,0.8506203,0.85000738,0.854538788888889,0.85145779,0.857897788888889,0.85560915,0.85563828,0.857062377777778,0.854921475,1,0.85689267,0.85757819,0.854561277777778,0.8564383,0.8574496375,0.854274977777778,0.85666363,0.855047666666667,0.855413625,0.8499911,0.849914355555556,0.8507508,0.85381875,0.856927057142857,0.85689863,0.85550309,0.85597773,0.85676598,0.85699802,0.857031466666667,0.85578945,0.85523117,0.85501412,0.85662761,0.85621476,0.85682432,0.85722307,0.85465475,0.85720472
"Mansaka",0.85692684,0.846941114285714,0.85011464,0.84969092,0.854275144444445,0.8523183,0.85536177,0.851005977777778,0.84588243,0.846481516666667,0.845137633333333,0.85745852,0.852818466666667,0.855683022222222,0.857308666666667,0.847112966666667,0.853621811111111,0.8563826,0.854724716666667,0.850272477777778,0.85807214,0.8445029375,0.8462643875,0.84620653,0.842650188888889,0.849607333333333,0.85807358,0.85789178,0.850746266666667,0.85612372,0.8564699125,0.8566958875,0.85791824,0.85698652,0.8578598,0.85770829,0.855831061538462,0.8546003,0.8560247875,0.856368555555556,0.85527985,0.855847285714286,0.855023125,0.85644815,0.85687977,0.85547425,0.8567616,0.85619307,0.8540974,0.858317777777778,0.8589962125,0.85888368,0.85753974,0.85769171,0.858754788888889,0.85740885,0.85828902,0.85795024,0.85823705,0.85874455,0.85791841,0.8579793,0.85724858,0.8583208,0.85803166,0.85805408,0.85947423,0.8576813,0.85639054,0.8575899,0.85554208,0.85615935,0.85850193,0.85020803,0.85914085,0.857833871428571,0.85159485,0.85106246,0.8549174,0.8521976,0.858459144444444,0.85440512,0.85431214,0.858788688888889,0.8554200125,0.85689267,1,0.85808625,0.855016911111111,0.855644833333333,0.8557564,0.854698055555556,0.85763981,0.8551811,0.8556944625,0.8498559875,0.850072144444444,0.85075752,0.8541353875,0.857840342857143,0.85770195,0.85611711,0.85626044,0.85741689,0.85813216,0.858092933333333,0.85637057,0.85551278,0.85542817,0.85614854,0.85558823,0.85786511,0.85792462,0.85505935,0.85810713
"Meranao",0.85786792,0.847817671428571,0.85103891,0.85074306,0.855380444444444,0.85333385,0.85639554,0.851783688888889,0.84662829,0.847308016666667,0.845822144444444,0.85837526,0.853943677777778,0.856397933333333,0.858222422222222,0.847969566666667,0.8550911,0.857395566666667,0.855599016666667,0.851175522222222,0.85897186,0.8456989125,0.8473848625,0.84720585,0.843645833333333,0.850780855555556,0.85862907,0.85884068,0.8516559,0.85730643,0.8575104,0.8577428125,0.858311,0.85828308,0.858696916666667,0.85856011,0.856573592307692,0.8558562,0.8579086375,0.857780355555556,0.85704328,0.8578938,0.8563217125,0.857550883333333,0.85788229,0.85664472,0.85815498,0.85711894,0.8556395,0.858025011111111,0.859666,0.85977907,0.8584763,0.8587345,0.859520466666667,0.85829585,0.85924076,0.86093891,0.85908632,0.85957385,0.858814,0.85878627,0.85805948,0.857894566666667,0.85905652,0.85905103,0.85861134,0.85864765,0.85751334,0.85851779,0.8568282,0.85777901,0.8594372,0.85104438,0.85823556,0.8567278,0.8520396,0.85142353,0.855945522222222,0.85278318,0.858963244444444,0.85570463,0.85588199,0.857932822222222,0.85553825,0.85757819,0.85808625,1,0.856012044444444,0.85693305,0.8569502625,0.855647644444444,0.85856629,0.856288211111111,0.8569555125,0.8511923,0.8511092,0.85211704,0.85537945,0.8587991,0.85786287,0.85720387,0.85750806,0.85846254,0.85844797,0.857517144444444,0.85751697,0.85651131,0.85659403,0.85724685,0.85714618,0.85890596,0.85896704,0.85613385,0.85892458
"Molbog",0.855382788888889,0.846943857142857,0.849647111111111,0.849431622222222,0.853328419753086,0.851568744444444,0.854135055555556,0.850122086419753,0.845949255555556,0.846201537037037,0.845327061728395,0.855773288888889,0.852200148148148,0.854418172839506,0.855250790123457,0.846794481481481,0.852494987654321,0.854881518518519,0.853376351851852,0.849742074074074,0.855555811111111,0.845217819444444,0.846621277777778,0.846486622222222,0.843369469135802,0.849492111111111,0.855650144444444,0.855594733333333,0.850486074074074,0.854843711111111,0.854969569444444,0.8548185,0.855481422222222,0.8553142,0.855921222222222,0.855392011111111,0.853765641025641,0.853024708333333,0.854325777777778,0.854494938271605,0.853870311111111,0.854365619047619,0.853348861111111,0.854531092592593,0.855296333333333,0.854329888888889,0.855374966666667,0.854938511111111,0.852876527777778,0.855247197530864,0.856858055555556,0.8568997,0.855794444444444,0.855515066666667,0.85671162962963,0.855561944444444,0.856503311111111,0.856103477777778,0.856076911111111,0.856602916666667,0.855570355555556,0.855954422222222,0.855610133333333,0.855019333333333,0.855695822222222,0.855796311111111,0.855815,0.8553247,0.855200255555556,0.855938666666667,0.854321344444444,0.854797577777778,0.856493455555556,0.849341444444444,0.85547,0.853964333333333,0.849725577777778,0.849188611111111,0.853677259259259,0.850627266666667,0.855956728395062,0.853170922222222,0.853121822222222,0.855092740740741,0.852762652777778,0.854561277777778,0.855016911111111,0.856012044444444,1,0.854099740740741,0.854184013888889,0.855068481481482,0.855846,0.854676790123457,0.85502475,0.850004180555556,0.849841382716049,0.850770422222222,0.853736513888889,0.856199936507936,0.8553232,0.854588411111111,0.855070466666667,0.855783644444444,0.855493777777778,0.854707086419753,0.855048944444444,0.855144366666667,0.854648888888889,0.854494133333333,0.854361855555556,0.855703355555556,0.856216322222222,0.8543452,0.856204155555556
"Obo",0.855812683333333,0.847468166666667,0.850215516666667,0.8500528,0.853832444444445,0.852243283333333,0.85465895,0.850813111111111,0.846425133333333,0.84686,0.845798907407407,0.856277483333333,0.852678944444444,0.854698222222222,0.855640166666667,0.847477166666667,0.854677462962963,0.85528725,0.854095388888889,0.850242592592593,0.85596455,0.845736416666667,0.847258916666667,0.84696705,0.843683814814815,0.849906537037037,0.857154233333333,0.856058083333333,0.850792944444444,0.85508735,0.855358541666667,0.858714645833333,0.8573335,0.8557642,0.856436138888889,0.855778666666667,0.854210897435897,0.855113645833333,0.855746395833333,0.855855166666667,0.855596283333333,0.855830142857143,0.855287270833333,0.856105388888889,0.855803733333333,0.854508466666667,0.85577845,0.855096366666667,0.855031520833333,0.856386185185185,0.857266166666667,0.857305266666667,0.85613125,0.85590115,0.856912314814815,0.85579775,0.856710233333333,0.8572436,0.856386633333333,0.856908458333333,0.856140966666667,0.8562228,0.8560488,0.856410444444444,0.856084333333333,0.856468116666667,0.856368933333333,0.855692516666667,0.855167533333333,0.85624415,0.856903816666667,0.855610183333333,0.8568505,0.850579983333333,0.856268783333333,0.855358095238095,0.850021716666667,0.8494021,0.853833407407407,0.850934266666667,0.856876388888889,0.8568613,0.8550722,0.856058407407407,0.854448625,0.8564383,0.855644833333333,0.85693305,0.854099740740741,1,0.856288520833333,0.85372212962963,0.85616295,0.854313740740741,0.854873375,0.849589770833333,0.849569166666667,0.850453933333333,0.853457270833333,0.856341261904762,0.856359533333333,0.855089733333333,0.85553425,0.8561887,0.856203683333333,0.85636737037037,0.855134966666667,0.854735,0.854506783333333,0.85877995,0.85657785,0.856149466666667,0.856594233333333,0.854177283333333,0.8564144
"OvuManuvo",0.8557386,0.848365482142857,0.85049105,0.850438775,0.854098166666667,0.8524433875,0.854843675,0.851228652777778,0.8469991625,0.847693354166667,0.846408875,0.856077725,0.852748930555556,0.854608319444444,0.855427597222222,0.848238458333333,0.858295930555556,0.855517833333333,0.854081375,0.850794986111111,0.8556432875,0.846382453125,0.84782625,0.847631625,0.844809416666667,0.850381597222222,0.8582967375,0.855674175,0.85121425,0.8551240875,0.855432640625,0.856797359375,0.85697375,0.85589885,0.8560653125,0.8554555,0.854328067307692,0.858011515625,0.856273390625,0.856599972222222,0.8572393375,0.856210660714286,0.857528765625,0.8572083125,0.85584165,0.85458645,0.855910975,0.8553292125,0.85815853125,0.8575595,0.856938390625,0.8568876375,0.856061075,0.8555409625,0.856574263888889,0.855449354166667,0.856502025,0.857165425,0.8562045625,0.85659796875,0.855808625,0.8558392375,0.8560868375,0.856520708333333,0.8558330625,0.8559226375,0.85656795,0.8554180125,0.8550267375,0.8561677125,0.8565928625,0.8557405125,0.8567420125,0.851120775,0.857018025,0.856425571428571,0.849770275,0.849145325,0.853757263888889,0.851039725,0.857736736111111,0.85595795,0.857676025,0.856455666666667,0.8544685,0.8574496375,0.8557564,0.8569502625,0.854184013888889,0.856288520833333,1,0.853834791666667,0.8559178625,0.854521166666667,0.854962765625,0.8495009375,0.849595638888889,0.85032145,0.85345259375,0.856272321428571,0.8560976125,0.854933875,0.85547995,0.8559803875,0.8563335125,0.856219555555556,0.8552196,0.8549224625,0.8546544375,0.8561634625,0.8562687375,0.855732125,0.856524125,0.854374425,0.8562286625
"Palawano",0.855001488888889,0.846621968253968,0.849227411111111,0.849097844444444,0.852967790123457,0.8513411,0.853970622222222,0.849906901234568,0.845561733333333,0.845942166666667,0.845006765432099,0.8554171,0.851810209876543,0.854223333333333,0.854839148148148,0.846725185185185,0.852060950617284,0.854583555555556,0.853186203703704,0.849390098765432,0.855369666666667,0.844964916666667,0.846414208333333,0.846368544444444,0.843105802469136,0.849219382716049,0.8553891,0.855313477777778,0.850495444444444,0.8544881,0.854525583333333,0.854578097222222,0.855101377777778,0.854901777777778,0.855703240740741,0.854992711111111,0.853518444444444,0.852783694444444,0.853944194444444,0.854182802469136,0.853449722222222,0.853948476190476,0.853106763888889,0.854244666666667,0.8548924,0.854009966666667,0.854765711111111,0.854476688888889,0.852437902777778,0.854821901234568,0.856620680555556,0.856194466666667,0.855404055555556,0.855121788888889,0.85630712345679,0.855191296296296,0.856034522222222,0.855832022222222,0.855861411111111,0.856121694444444,0.855227233333333,0.855591722222222,0.855353022222222,0.854762037037037,0.855506833333333,0.855481022222222,0.855434844444444,0.855127355555556,0.854740111111111,0.855544222222222,0.853725166666667,0.854410211111111,0.856195755555555,0.848882944444444,0.854997355555556,0.853552698412698,0.849577644444445,0.848960855555556,0.853387518518518,0.850688122222222,0.855589271604938,0.85265,0.852850933333333,0.854804740740741,0.852253097222222,0.854274977777778,0.854698055555556,0.855647644444444,0.855068481481482,0.85372212962963,0.853834791666667,1,0.855620377777778,0.854047160493827,0.854553694444444,0.849399277777778,0.84941250617284,0.850174133333333,0.853418680555556,0.855849015873016,0.854896633333333,0.8542671,0.854787777777778,0.855469011111111,0.855147155555556,0.854388790123457,0.854717677777778,0.854890988888889,0.854274255555556,0.8541999,0.853974033333333,0.855331222222222,0.855730155555556,0.853933788888889,0.855844033333333
"Pangasinan",0.85783181,0.848045914285714,0.85118866,0.85094048,0.855471877777778,0.85348215,0.85639193,0.852039311111111,0.84702893,0.8474022,0.846235922222222,0.8582469,0.8541465,0.856493833333333,0.858305777777778,0.848054433333333,0.854018855555556,0.856869366666667,0.855416,0.851405233333333,0.85897295,0.8459708625,0.847827825,0.84760668,0.843889966666667,0.851093044444444,0.85787465,0.85902076,0.851443433333333,0.85728325,0.857062625,0.8568274625,0.85770134,0.85768986,0.859005566666667,0.85859976,0.856749315384615,0.8548692125,0.8565054,0.856537611111111,0.8556674,0.856406885714286,0.8553237,0.85660715,0.85761986,0.85656429,0.85745181,0.85699936,0.8546700875,0.857266366666667,0.8599536625,0.85987858,0.85815942,0.85897796,0.859610855555555,0.858632583333333,0.85960378,0.85848363,0.85940332,0.8597642,0.85896851,0.85918548,0.85767169,0.857293188888889,0.85912501,0.85914175,0.85802154,0.85876814,0.85787253,0.85818391,0.8558592,0.85680916,0.85968624,0.85059879,0.85751294,0.855910685714286,0.85218996,0.85149326,0.855876477777778,0.85283714,0.8580121,0.8547115,0.85479441,0.857398888888889,0.854496,0.85666363,0.85763981,0.85856629,0.855846,0.85616295,0.8559178625,0.855620377777778,1,0.856072977777778,0.8565767375,0.851005175,0.850944011111111,0.85186909,0.8551807,0.858910514285714,0.85739165,0.85664972,0.85711675,0.85818558,0.85790143,0.856887288888889,0.85772929,0.85662816,0.85631813,0.85652125,0.85611031,0.85904087,0.85857985,0.85586963,0.85915808
"SamaBangingi",0.855761455555555,0.84687653968254,0.849791455555556,0.849422066666667,0.853574864197531,0.851918122222222,0.854389055555556,0.850133555555556,0.8458706,0.846243611111111,0.845287358024691,0.856038322222222,0.852324901234568,0.854492024691358,0.855319938271605,0.846846592592593,0.852713234567901,0.855219222222222,0.853835592592593,0.84972275308642,0.855725233333333,0.844871069444444,0.846467291666667,0.846420855555556,0.842976641975309,0.849352592592593,0.855996744444445,0.855760311111111,0.850260444444444,0.855158122222222,0.855248527777778,0.855145305555556,0.855782155555556,0.855671088888889,0.856192981481481,0.855392166666667,0.853914153846154,0.853431805555556,0.8546435,0.854724049382716,0.854214866666667,0.854546634920635,0.853715486111111,0.854807185185185,0.8556369,0.854593333333333,0.855439244444444,0.855207877777778,0.853052902777778,0.855553086419753,0.857004694444444,0.856810222222222,0.856066088888889,0.855796444444444,0.856785382716049,0.855601296296296,0.856604477777778,0.8564624,0.8563173,0.856733527777778,0.855773955555556,0.856026355555556,0.8559313,0.855396222222222,0.855857633333333,0.856000933333333,0.856038766666667,0.855505166666667,0.855374422222222,0.856098188888889,0.854431655555556,0.855030933333333,0.856578633333333,0.849528411111111,0.855649622222222,0.854344952380952,0.8497862,0.849169222222222,0.853674209876543,0.850805266666667,0.856196456790123,0.853476688888889,0.8534044,0.855449086419753,0.852965041666667,0.855047666666667,0.8551811,0.856288211111111,0.854676790123457,0.854313740740741,0.854521166666667,0.854047160493827,0.856072977777778,1,0.855482236111111,0.851098166666667,0.851174913580247,0.8518302,0.85498525,0.856476015873016,0.855551166666667,0.854892811111111,0.855550311111111,0.856131166666667,0.855902322222222,0.855015259259259,0.855278166666667,0.854870444444444,0.855053433333333,0.854835788888889,0.854590855555556,0.855818633333333,0.856410655555556,0.854972711111111,0.856223744444444
"SamaDeyaBonggao",0.8562666125,0.847006178571429,0.8499898625,0.849839075,0.853971555555556,0.852192425,0.8547540875,0.85050725,0.8460093125,0.84638425,0.845356805555556,0.8565470125,0.852569680555556,0.855128527777778,0.856006180555556,0.847072083333333,0.853006986111111,0.855608916666667,0.854145895833333,0.850048416666667,0.85631635,0.845183890625,0.846708359375,0.8465855125,0.843294819444445,0.849725444444444,0.8565035375,0.8564034,0.850675458333333,0.855674725,0.855745640625,0.85556828125,0.85640265,0.85619885,0.856648375,0.856099475,0.854552413461539,0.85385409375,0.855057125,0.855176555555556,0.8544085,0.855020142857143,0.854115234375,0.8553675,0.8561578625,0.855116575,0.8560552625,0.8555511375,0.853441015625,0.855979819444444,0.85775415625,0.857373175,0.85638425,0.85619,0.857383847222222,0.856258333333333,0.8571199,0.8569956375,0.8569827125,0.85744196875,0.8564347125,0.8567174125,0.8563274875,0.855760847222222,0.8564397875,0.8566115,0.85663015,0.856172775,0.8558254875,0.85664275,0.854790925,0.855475875,0.8572531125,0.8498155125,0.85593415,0.854543089285714,0.8503541625,0.849759425,0.854138388888889,0.85109735,0.856732972222222,0.8537543125,0.8539725375,0.855911361111111,0.853481125,0.855413625,0.8556944625,0.8569555125,0.85502475,0.854873375,0.854962765625,0.854553694444444,0.8565767375,0.855482236111111,1,0.852899703125,0.852815625,0.8534578375,0.855271015625,0.856790642857143,0.8560747125,0.855343525,0.8559455875,0.8565638375,0.8564075625,0.855387625,0.855905325,0.8553870875,0.8556234,0.855121875,0.8551166875,0.8564394625,0.8569703375,0.8551528625,0.85684275
"SamaDilautBonggao",0.8506137625,0.842727071428572,0.8451129375,0.845130325,0.848714319444444,0.8471533875,0.849321625,0.845703180555556,0.841900975,0.842021770833333,0.841281861111111,0.8509088125,0.847399263888889,0.849560875,0.850281347222222,0.842742625,0.848061361111111,0.850019895833333,0.8488671875,0.845307527777778,0.8505738375,0.841188171875,0.84267815625,0.842354325,0.839548486111111,0.845101416666667,0.850945725,0.85047735,0.84598175,0.8501587375,0.850085484375,0.850204890625,0.850655925,0.850548275,0.851033104166667,0.8502816125,0.849092653846154,0.848742796875,0.849735984375,0.849932,0.849214725,0.84972275,0.848968625,0.849963145833333,0.8505415,0.8497753125,0.8504391375,0.8500672375,0.84867321875,0.850591625,0.85187646875,0.851561875,0.8508338125,0.85047705,0.851521291666667,0.850478125,0.8514027375,0.8512790625,0.8511025125,0.8514025625,0.850861,0.850776525,0.85062865,0.85024,0.85066935,0.85066965,0.85084605,0.8502802375,0.850194225,0.850933525,0.849517425,0.8500362875,0.8511493625,0.845094475,0.8503482125,0.849540071428571,0.845175025,0.8446367875,0.848608347222222,0.8462316,0.851171569444444,0.8484526625,0.8487918125,0.850431763888889,0.848300265625,0.8499911,0.8498559875,0.8511923,0.850004180555556,0.849589770833333,0.8495009375,0.849399277777778,0.851005175,0.851098166666667,0.852899703125,1,0.867312652777778,0.868630925,0.853977125,0.850989053571429,0.850478525,0.8498945125,0.8506870625,0.85089135,0.850769475,0.849703763888889,0.8503637875,0.850272575,0.8506136625,0.849680925,0.8497636625,0.8505881375,0.851151375,0.8500018875,0.85099625
"SamaDilautMampang",0.850686477777778,0.84255473015873,0.845121922222222,0.844846555555556,0.848757567901235,0.847127744444444,0.849281622222222,0.845422395061728,0.841686533333333,0.841987537037037,0.841051419753086,0.850942,0.847300975308642,0.849449901234568,0.850305938271605,0.842546555555556,0.848185851851852,0.849952296296296,0.848789685185185,0.845043061728395,0.850555955555556,0.841062694444444,0.842547319444444,0.8421842,0.839182703703704,0.845003135802469,0.850740522222222,0.850648877777778,0.845592592592593,0.850090333333333,0.85000625,0.850094152777778,0.850653288888889,0.850572866666667,0.850965851851852,0.850328888888889,0.849221461538462,0.848785402777778,0.849609944444444,0.849742432098765,0.849093433333333,0.849632380952381,0.848877680555556,0.849945907407407,0.850615833333333,0.849813933333333,0.850284522222222,0.8500169,0.848410458333333,0.850366012345679,0.851863069444444,0.851417855555556,0.8508695,0.850528833333333,0.851449469135802,0.850456018518518,0.851376911111111,0.851365477777778,0.851271666666667,0.851463416666667,0.8507273,0.850807888888889,0.850703288888889,0.850068716049383,0.850702911111111,0.850741222222222,0.850876277777778,0.850353644444444,0.850236288888889,0.850883666666667,0.8493645,0.850024244444444,0.851210266666667,0.845076544444444,0.850464866666667,0.849378365079365,0.8453682,0.844729733333333,0.848693604938272,0.845979333333333,0.851108024691358,0.848528122222222,0.848772755555556,0.850519407407407,0.848057111111111,0.849914355555556,0.850072144444444,0.8511092,0.849841382716049,0.849569166666667,0.849595638888889,0.84941250617284,0.850944011111111,0.851174913580247,0.852815625,0.867312652777778,1,0.868075955555556,0.854209569444444,0.851132777777778,0.8505302,0.849943766666667,0.850489055555556,0.850970588888889,0.850679466666667,0.849803160493827,0.8503496,0.8501325,0.850651455555556,0.849787311111111,0.849670655555556,0.850663888888889,0.851084977777778,0.850076988888889,0.850998933333333
"SamaDilautTaluksangay",0.85136787,0.843170728571429,0.84585484,0.84567608,0.849462422222222,0.84783789,0.85009731,0.846178877777778,0.8423198,0.842616933333333,0.841616266666667,0.85175279,0.848027977777778,0.850344422222222,0.8511685,0.843231733333333,0.848795477777778,0.850890666666667,0.84961825,0.845861422222222,0.85140755,0.84152995,0.843107725,0.84285591,0.839781288888889,0.845730977777778,0.85163571,0.85140669,0.846538333333333,0.85086319,0.85083505,0.850917375,0.85158036,0.8514736,0.85179575,0.85114315,0.8499695,0.84945495,0.85042605,0.850626555555556,0.8500073,0.850519085714286,0.8496787625,0.850722083333333,0.85140346,0.85060316,0.85118627,0.85087375,0.849269925,0.851154755555556,0.852650975,0.85241845,0.85177264,0.85130743,0.852300211111111,0.851445683333333,0.85216003,0.85220929,0.85200767,0.8522836,0.85151693,0.85175479,0.85152648,0.850977677777778,0.85154902,0.85156813,0.85166899,0.85113738,0.85114099,0.85175717,0.85032769,0.85085615,0.85206528,0.84576846,0.85127286,0.850052142857143,0.84590909,0.84542369,0.849416511111111,0.84679257,0.851898888888889,0.84933989,0.84943597,0.851235488888889,0.849116025,0.8507508,0.85075752,0.85211704,0.850770422222222,0.850453933333333,0.85032145,0.850174133333333,0.85186909,0.8518302,0.8534578375,0.868630925,0.868075955555556,1,0.855056225,0.851826242857143,0.85124563,0.85081508,0.85133897,0.85172942,0.85157992,0.850614488888889,0.85110397,0.85095978,0.85141341,0.85060833,0.85047151,0.85145628,0.85186211,0.85089688,0.85188001
"SamaKabingaan",0.854695375,0.846379482142857,0.848806875,0.84840505,0.852735041666667,0.8509913625,0.8534124125,0.849129472222222,0.845253125,0.845524125,0.844573041666667,0.855108025,0.851376819444444,0.853486416666667,0.854225513888889,0.846293416666667,0.851641694444444,0.854098520833333,0.8528009375,0.848688722222222,0.8546183125,0.8442595625,0.845758703125,0.8456153375,0.842353111111111,0.848542194444444,0.8549156,0.854735525,0.849581833333333,0.85428455,0.854191015625,0.85399471875,0.854643975,0.85460345,0.8551283125,0.8545141,0.853059586538462,0.8524704375,0.853701203125,0.853695916666667,0.853197,0.853638428571428,0.8528485625,0.853740354166667,0.85459015,0.853863925,0.8545251375,0.854201275,0.852183703125,0.854450902777778,0.855968828125,0.85564795,0.8550956125,0.8546108,0.855796902777778,0.854546125,0.8555159875,0.8554980625,0.855308825,0.8557670625,0.854781575,0.8550172625,0.8547819875,0.854326222222222,0.854834925,0.8549372875,0.8550223875,0.8544958625,0.8544288,0.854988825,0.8535818,0.85397645,0.8555876625,0.84874945,0.8544280125,0.853232321428571,0.8488853375,0.84831345,0.852663472222222,0.8499353625,0.855057916666667,0.85233475,0.8524765375,0.854357027777778,0.851924453125,0.85381875,0.8541353875,0.85537945,0.853736513888889,0.853457270833333,0.85345259375,0.853418680555556,0.8551807,0.85498525,0.855271015625,0.853977125,0.854209569444444,0.855056225,1,0.855420464285714,0.854602625,0.8538520625,0.854493225,0.8549111375,0.8549585,0.853766861111111,0.8545237,0.8541469875,0.8547040625,0.853692575,0.853640225,0.8547371,0.85543105,0.8539008125,0.8552569875
"Sambal",0.858037585714286,0.848515142857143,0.851512428571429,0.851257628571429,0.855713587301587,0.853802042857143,0.856700957142857,0.852409761904762,0.847467985714286,0.847730119047619,0.846560761904762,0.858431885714286,0.854369079365079,0.856614492063492,0.858450523809524,0.848351523809524,0.854358952380952,0.857059976190476,0.855820428571429,0.851939603174603,0.8587855,0.847042410714286,0.849048035714286,0.8487777,0.844912333333333,0.852272412698413,0.858181428571429,0.8589473,0.851867285714286,0.857531657142857,0.857431125,0.857266589285714,0.858021857142857,0.857984942857143,0.859206261904762,0.858685171428571,0.856762681318681,0.8550895,0.856814303571429,0.856807444444444,0.856139157142857,0.856504428571428,0.855555035714286,0.856864071428571,0.857903485714286,0.856803042857143,0.857669614285714,0.857313785714286,0.854786946428571,0.857588142857143,0.860067267857143,0.860027114285714,0.8585223,0.858846371428571,0.859794063492064,0.858589142857143,0.859750328571429,0.858800585714286,0.859340214285714,0.859894214285714,0.8589869,0.859129657142857,0.858197114285714,0.857562857142857,0.8590594,0.859197942857143,0.858321685714286,0.8587595,0.857882628571429,0.858419714285714,0.856148085714286,0.8569146,0.859939042857143,0.850939771428571,0.8578774,0.856227387755102,0.852450614285714,0.851813742857143,0.856225952380952,0.853045957142857,0.858516238095238,0.855019885714286,0.855120785714286,0.857518079365079,0.854937821428571,0.856927057142857,0.857840342857143,0.8587991,0.856199936507936,0.856341261904762,0.856272321428571,0.855849015873016,0.858910514285714,0.856476015873016,0.856790642857143,0.850989053571429,0.851132777777778,0.851826242857143,0.855420464285714,1,0.857437957142857,0.856856685714286,0.857336642857143,0.8583875,0.8581507,0.857246857142857,0.857852342857143,0.856869942857143,0.856395214285714,0.856850614285714,0.856508685714286,0.859023728571429,0.858936542857143,0.856103142857143,0.859248314285714
"Sangil",0.85683801,0.8477767,0.85070412,0.85040094,0.854659855555556,0.85280185,0.85552688,0.851347855555556,0.84650914,0.84717505,0.845870544444444,0.85728167,0.853179522222222,0.855616666666667,0.856724688888889,0.847891833333333,0.854398911111111,0.856480716666667,0.854942316666667,0.850793333333333,0.85716458,0.8458408375,0.847459475,0.84738437,0.843898111111111,0.850422322222222,0.8579377,0.85736193,0.8513969,0.85625698,0.8563399625,0.857126525,0.8579008,0.85679952,0.857486566666667,0.8569524,0.855301346153846,0.8550490625,0.8563219875,0.856401666666667,0.85577457,0.856203871428571,0.855445925,0.85651005,0.85676193,0.8556359,0.85678397,0.85626396,0.8546912375,0.857376488888889,0.85835985,0.85830461,0.85733484,0.85713208,0.858113488888889,0.856822883333333,0.85784523,0.8579653,0.8577807,0.8580361,0.85733708,0.85744668,0.85717757,0.857635955555555,0.85728467,0.85749479,0.85796248,0.85707171,0.85634527,0.85733159,0.85609673,0.85640878,0.8581441,0.85080256,0.85755341,0.856228542857143,0.85105721,0.85027757,0.8548598,0.85199386,0.857993144444444,0.85506196,0.85476801,0.857268888888889,0.8555314375,0.85689863,0.85770195,0.85786287,0.8553232,0.856359533333333,0.8560976125,0.854896633333333,0.85739165,0.855551166666667,0.8560747125,0.850478525,0.8505302,0.85124563,0.854602625,0.857437957142857,1,0.85604131,0.85650973,0.85728612,0.85739464,0.857508233333333,0.85639789,0.85580732,0.85568835,0.85666854,0.85606681,0.85724126,0.8576987,0.85524878,0.85755864
"Subanen",0.856095,0.846761785714286,0.8497434,0.8493671,0.853763144444444,0.85204892,0.85484973,0.850429077777778,0.84564642,0.8461838,0.845104155555556,0.8565661,0.852451488888889,0.854852077777778,0.856281855555556,0.846762133333333,0.853138766666667,0.855588316666667,0.854060683333333,0.849807055555556,0.85661834,0.844798875,0.8464649625,0.84638982,0.843000233333333,0.849506966666667,0.85649229,0.85665641,0.850600333333333,0.8555132,0.855642525,0.855704775,0.85637204,0.8563119,0.856647633333333,0.85641603,0.854650207692308,0.8538308625,0.8554008375,0.855455233333333,0.85464431,0.855382757142857,0.854316875,0.855616083333333,0.8561296,0.85496971,0.85601967,0.8555008,0.8535628625,0.856327211111111,0.8577336375,0.85768756,0.8565573,0.85656252,0.857541522222222,0.856450833333333,0.857302,0.85717664,0.85706865,0.85744655,0.85662766,0.85690843,0.85629705,0.855957988888889,0.8567856,0.85685172,0.85668839,0.85650754,0.85576651,0.85662018,0.85486097,0.85558034,0.85745057,0.84985017,0.85623459,0.854928342857143,0.85033394,0.84972172,0.854160244444444,0.85110467,0.856850155555556,0.85385596,0.8538385,0.856057666666667,0.8534266125,0.85550309,0.85611711,0.85720387,0.854588411111111,0.855089733333333,0.854933875,0.8542671,0.85664972,0.854892811111111,0.855343525,0.8498945125,0.849943766666667,0.85081508,0.8538520625,0.856856685714286,0.85604131,1,0.85663733,0.85655749,0.85648733,0.855589122222222,0.85569677,0.85531135,0.85504648,0.85530549,0.85515455,0.85675017,0.85696934,0.85455261,0.85699253
"Subanon",0.85669105,0.847165857142857,0.85011047,0.84979046,0.854368722222222,0.85240723,0.85519176,0.850920422222222,0.84600953,0.8465542,0.845378522222222,0.85701936,0.852858366666667,0.8553341,0.856505866666667,0.847265833333333,0.853602377777778,0.855955283333333,0.854585583333333,0.850313922222222,0.85707503,0.8452800875,0.846899625,0.84669101,0.843320822222222,0.849946566666667,0.85700121,0.85715816,0.851002733333333,0.85605042,0.8561897375,0.8563153125,0.85685126,0.85693008,0.857205266666667,0.85695972,0.855100823076923,0.854211425,0.855924,0.8558838,0.85513541,0.855679542857143,0.8545159625,0.855809766666667,0.85655424,0.85546043,0.85661331,0.85590592,0.8540906,0.856501955555556,0.8581120125,0.85814721,0.85693867,0.85702531,0.857989055555556,0.856711216666667,0.85766686,0.85759223,0.85755793,0.8578791,0.85715886,0.85728548,0.85683624,0.8563132,0.85736633,0.85730708,0.85710462,0.85691328,0.85620008,0.85712329,0.85542624,0.85597626,0.85791561,0.85019382,0.85661763,0.855227314285714,0.85076623,0.8501393,0.854525177777778,0.85152359,0.8572411,0.85437381,0.8542696,0.856454588888889,0.8539085375,0.85597773,0.85626044,0.85750806,0.855070466666667,0.85553425,0.85547995,0.854787777777778,0.85711675,0.855550311111111,0.8559455875,0.8506870625,0.850489055555556,0.85133897,0.854493225,0.857336642857143,0.85650973,0.85663733,1,0.85700879,0.85704308,0.856009522222222,0.85627638,0.85579258,0.85561257,0.85577654,0.85560493,0.85719594,0.85741009,0.85528054,0.85738002
"Sulodnon",0.85770438,0.847769557142857,0.85067586,0.85043134,0.855124111111111,0.85324129,0.85621817,0.851551044444445,0.84654522,0.8471146,0.845933255555556,0.85803897,0.853677177777778,0.856898777777778,0.857965877777778,0.847784066666667,0.854093166666667,0.8579923,0.856914766666667,0.850946477777778,0.85829255,0.84557785,0.8473119375,0.84723012,0.843697133333333,0.850550277777778,0.85791501,0.85822202,0.851299133333333,0.8569991,0.8574462375,0.8569307125,0.85832564,0.8577103,0.85833985,0.85805534,0.856098623076923,0.854937675,0.8564373125,0.856761,0.8557067,0.856361271428571,0.8554363125,0.8565831,0.85752009,0.85644675,0.85739341,0.85755891,0.8546243125,0.857215144444444,0.8593014375,0.85935893,0.85968298,0.85825899,0.8592387,0.858009016666667,0.85885007,0.85844473,0.85873427,0.859110425,0.85828185,0.85856844,0.85875778,0.8571544,0.85845418,0.85847207,0.85802816,0.85822715,0.85731573,0.86009995,0.85598435,0.85671075,0.85913278,0.85079038,0.85767934,0.855972314285714,0.85197754,0.85128067,0.856038211111111,0.8526415,0.858162833333333,0.85502721,0.85475568,0.857238577777778,0.85465265,0.85676598,0.85741689,0.85846254,0.855783644444444,0.8561887,0.8559803875,0.855469011111111,0.85818558,0.856131166666667,0.8565638375,0.85089135,0.850970588888889,0.85172942,0.8549111375,0.8583875,0.85728612,0.85655749,0.85700879,1,0.85799814,0.856826233333333,0.85725796,0.85656514,0.856099,0.8564461,0.85609844,0.85836994,0.85857336,0.85574317,0.85860821
"Surigaonon",0.8575607,0.8477833,0.85084694,0.85054844,0.855124622222222,0.85330371,0.85618976,0.851590933333333,0.84665109,0.847206216666667,0.845935155555556,0.85799741,0.853603444444444,0.856153677777778,0.857543677777778,0.8477975,0.854477633333333,0.856946083333333,0.855559233333333,0.851143711111111,0.8580059,0.8456668375,0.84742015,0.84721252,0.843775477777778,0.850613633333333,0.85821233,0.85797876,0.851455833333333,0.85691312,0.8570546625,0.8571188875,0.85786892,0.85791166,0.85818085,0.85778179,0.8560688,0.85531445,0.8567003,0.8568768,0.85596817,0.856576685714286,0.8558112125,0.857117616666667,0.85758238,0.85619481,0.85749773,0.8567532,0.854975875,0.8579101,0.85909815,0.859141,0.85798444,0.85795752,0.858949711111111,0.85762115,0.85861259,0.8584311,0.85847626,0.85898755,0.85811419,0.8581268,0.85763197,0.857647,0.85824443,0.85837044,0.85875066,0.85787966,0.85693853,0.85806199,0.85616934,0.85666803,0.85901914,0.8515613,0.85801866,0.856620342857143,0.85176418,0.85107535,0.855644744444444,0.85223615,0.8586341,0.85514916,0.85513801,0.857928611111111,0.8552123625,0.85699802,0.85813216,0.85844797,0.855493777777778,0.856203683333333,0.8563335125,0.855147155555556,0.85790143,0.855902322222222,0.8564075625,0.850769475,0.850679466666667,0.85157992,0.8549585,0.8581507,0.85739464,0.85648733,0.85704308,0.85799814,1,0.857335755555556,0.85696658,0.85623404,0.85605913,0.8566044,0.85635525,0.85814926,0.85856295,0.85568687,0.85828875
"Tagakaolo",0.856491344444444,0.847115523809524,0.850424277777778,0.849770444444444,0.854103049382716,0.852329611111111,0.855076622222222,0.850928592592593,0.846161211111111,0.846530611111111,0.845524592592593,0.856842144444445,0.85286312345679,0.855145098765432,0.856402641975309,0.847206777777778,0.854552987654321,0.855932055555556,0.854304796296296,0.850216197530864,0.857225088888889,0.845129902777778,0.846803555555556,0.846636977777778,0.843247296296296,0.849870098765432,0.857840911111111,0.857045633333333,0.850806407407407,0.855670566666667,0.855944055555556,0.857267138888889,0.858511933333333,0.856474822222222,0.857218203703704,0.856864844444444,0.855030367521368,0.85498275,0.856110916666667,0.856151802469136,0.855634333333333,0.855948698412698,0.855386402777778,0.856447722222222,0.856393733333333,0.855025477777778,0.856334922222222,0.855712755555555,0.854717680555556,0.857303555555555,0.858119652777778,0.858197288888889,0.856892688888889,0.856923622222222,0.857794802469136,0.856708814814815,0.857617544444444,0.857642966666667,0.857429377777778,0.857643194444444,0.857050977777778,0.857204177777778,0.856718033333333,0.859320728395062,0.857264722222222,0.857248977777778,0.857933111111111,0.856792411111111,0.855931377777778,0.857029055555556,0.856003244444445,0.855993466666667,0.857745666666667,0.850531288888889,0.8576237,0.856267603174603,0.850691755555556,0.850193766666667,0.854452728395062,0.851404766666667,0.857822839506173,0.855100144444444,0.854824122222222,0.857378012345679,0.856818819444444,0.857031466666667,0.858092933333333,0.857517144444444,0.854707086419753,0.85636737037037,0.856219555555556,0.854388790123457,0.856887288888889,0.855015259259259,0.855387625,0.849703763888889,0.849803160493827,0.850614488888889,0.853766861111111,0.857246857142857,0.857508233333333,0.855589122222222,0.856009522222222,0.856826233333333,0.857335755555556,1,0.855981955555556,0.855217266666667,0.855118611111111,0.856657855555556,0.855959888888889,0.857144633333333,0.857350722222222,0.854689544444444,0.857254811111111
"Tagalog",0.85697765,0.847623942857143,0.8505063,0.85022768,0.854655966666667,0.85262117,0.85553245,0.851160777777778,0.84630047,0.846977366666667,0.845670044444444,0.85737965,0.853463355555556,0.855641277777778,0.8570616,0.847660566666667,0.853350577777778,0.85609455,0.854593383333333,0.850660022222222,0.85744801,0.8456750875,0.84740735,0.84743839,0.843554188888889,0.850425877777778,0.85699873,0.85742691,0.8507709,0.85639817,0.856272875,0.85604735,0.8569451,0.85667648,0.85778405,0.85729052,0.855490353846154,0.854036225,0.855611075,0.855646455555556,0.85497845,0.8554902,0.8545579625,0.855712566666667,0.85671975,0.85581472,0.85652069,0.85618446,0.8538645625,0.856382166666667,0.858679925,0.85854852,0.85718242,0.85747074,0.858365766666667,0.85724815,0.85818399,0.85738394,0.85803553,0.858366325,0.8574651,0.85777434,0.85705514,0.856339855555556,0.85762221,0.85768484,0.85726364,0.8573894,0.85703189,0.85731735,0.85507513,0.85587425,0.85830588,0.84997247,0.85663083,0.855179514285714,0.851093,0.85036994,0.854964522222222,0.85191451,0.857276355555556,0.85395543,0.85408306,0.856458355555556,0.8537737125,0.85578945,0.85637057,0.85751697,0.855048944444444,0.855134966666667,0.8552196,0.854717677777778,0.85772929,0.855278166666667,0.855905325,0.8503637875,0.8503496,0.85110397,0.8545237,0.857852342857143,0.85639789,0.85569677,0.85627638,0.85725796,0.85696658,0.855981955555556,1,0.85583899,0.85548822,0.85550078,0.8554625,0.85752824,0.8576776,0.85513056,0.85782967
"Tagbanwa",0.85621209,0.848006857142857,0.85075852,0.8503567,0.854351766666667,0.85293403,0.85508886,0.851266311111111,0.84722112,0.847464516666667,0.846535877777778,0.85645401,0.853153577777778,0.855346888888889,0.856199644444444,0.848036666666667,0.853131977777778,0.8557782,0.85457595,0.850855377777778,0.85616152,0.8463358,0.847803125,0.84760478,0.844715122222222,0.850527122222222,0.85640225,0.8562472,0.852299333333333,0.85550241,0.8556414375,0.8554168625,0.85609144,0.85613662,0.856542416666667,0.85599772,0.854672107692308,0.8537309625,0.855099075,0.855110555555556,0.85446532,0.8549229,0.8541707875,0.855371983333333,0.85601307,0.85496656,0.85582836,0.85588472,0.8536061875,0.855921255555556,0.8575244625,0.85739302,0.85653548,0.85620727,0.857319777777778,0.855952816666667,0.85700364,0.85665469,0.85667938,0.857235525,0.85640094,0.85654609,0.85647322,0.855682677777778,0.85632152,0.85664235,0.85643374,0.8560099,0.85578854,0.85677213,0.85482995,0.8554142,0.85717206,0.85015157,0.85606914,0.8546894,0.85050928,0.84983283,0.854425133333333,0.85153154,0.856693955555555,0.85395507,0.8539642,0.855752955555556,0.8531686,0.85523117,0.85551278,0.85651131,0.855144366666667,0.854735,0.8549224625,0.854890988888889,0.85662816,0.854870444444444,0.8553870875,0.850272575,0.8501325,0.85095978,0.8541469875,0.856869942857143,0.85580732,0.85531135,0.85579258,0.85656514,0.85623404,0.855217266666667,0.85583899,1,0.85518156,0.85510361,0.85490287,0.85627664,0.85680815,0.85474162,0.85674693
"Tausug",0.85591859,0.847020971428571,0.84977901,0.84957472,0.853644811111111,0.85191177,0.85453472,0.850292455555556,0.84578614,0.846438766666667,0.845141266666667,0.85613971,0.8523683,0.854716711111111,0.855660666666667,0.846873033333333,0.852865466666667,0.855285333333333,0.85391815,0.849792433333333,0.85594024,0.8449126875,0.84651905,0.84641781,0.843126033333333,0.849440777777778,0.85603395,0.85587723,0.850629166666667,0.85539442,0.855337675,0.8552740375,0.85581732,0.85582016,0.856311383333333,0.85566015,0.8540791,0.8535965125,0.85491875,0.854980288888889,0.85431472,0.854673042857143,0.8540611,0.855096116666667,0.85576642,0.85482924,0.85572623,0.85519998,0.8533752125,0.855657122222222,0.8572052,0.85704265,0.85617156,0.85587083,0.8569694,0.855782283333333,0.85686312,0.85672528,0.85653893,0.8570754,0.85607956,0.8562556,0.85614103,0.8555179,0.85607804,0.85627947,0.85627294,0.8557519,0.85552618,0.85632031,0.8546185,0.85520424,0.85673888,0.84958194,0.85588063,0.854409171428571,0.84983422,0.84922903,0.853752144444444,0.8509142,0.856397066666667,0.85354659,0.85358898,0.855641355555556,0.8530494,0.85501412,0.85542817,0.85659403,0.854648888888889,0.854506783333333,0.8546544375,0.854274255555556,0.85631813,0.855053433333333,0.8556234,0.8506136625,0.850651455555556,0.85141341,0.8547040625,0.856395214285714,0.85568835,0.85504648,0.85561257,0.856099,0.85605913,0.855118611111111,0.85548822,0.85518156,1,0.85485194,0.85475479,0.85591431,0.85655484,0.85471179,0.85640018
"Tboli",0.85621952,0.847548657142857,0.85021613,0.850118,0.853985377777778,0.85233083,0.85496084,0.850783422222222,0.84648478,0.846945916666667,0.845841133333333,0.85656869,0.852681711111111,0.854984155555556,0.856015022222222,0.847509333333333,0.854873277777778,0.85573375,0.854510383333333,0.850384588888889,0.85620247,0.845567,0.8470824125,0.84704461,0.843660622222222,0.850085455555555,0.85731486,0.85629478,0.8508035,0.85539869,0.8557101,0.8589008125,0.85791018,0.85608396,0.856771466666667,0.85606702,0.854633876923077,0.8552242625,0.8560851125,0.856250388888889,0.85585869,0.855806928571429,0.8554907375,0.856118883333333,0.85594185,0.85471159,0.85621027,0.85553539,0.8551599375,0.856709911111111,0.857628325,0.85757197,0.85654498,0.85620266,0.857331033333333,0.8561411,0.85718347,0.85746798,0.8569201,0.8572954,0.8565466,0.85664665,0.85632992,0.856764866666667,0.85637533,0.85660584,0.8568761,0.8560278,0.85545894,0.85662517,0.85673857,0.85595536,0.85729911,0.85058623,0.85669338,0.855573342857143,0.85026221,0.84966685,0.854124388888889,0.85134578,0.857213755555556,0.85638038,0.8551641,0.8564634,0.854705275,0.85662761,0.85614854,0.85724685,0.854494133333333,0.85877995,0.8561634625,0.8541999,0.85652125,0.854835788888889,0.855121875,0.849680925,0.849787311111111,0.85060833,0.853692575,0.856850614285714,0.85666854,0.85530549,0.85577654,0.8564461,0.8566044,0.856657855555556,0.85550078,0.85510361,0.85485194,1,0.85672194,0.85625948,0.85698665,0.85454012,0.85672833
"Teduray",0.85601708,0.847634514285714,0.85011012,0.8502651,0.853764033333333,0.85231923,0.85477244,0.850672866666667,0.84655673,0.84715535,0.846038233333333,0.85620108,0.852626366666667,0.854861277777778,0.855755511111111,0.847794033333333,0.8549627,0.855484,0.854148766666667,0.8504027,0.85582106,0.84571675,0.847196375,0.84711057,0.843983977777778,0.849992622222222,0.85694359,0.85593104,0.850857933333333,0.85515438,0.8554782875,0.8570653375,0.85702,0.85592426,0.856330833333333,0.85556931,0.854215623076923,0.855279075,0.855940375,0.856081722222222,0.85592952,0.8558707,0.8554651125,0.856044866666667,0.85580201,0.85464291,0.85587914,0.8553562,0.8550432125,0.856449944444444,0.8573177125,0.85719978,0.85625053,0.85575492,0.857064455555556,0.855626116666667,0.85682881,0.8572524,0.8566036,0.85690105,0.85611085,0.8562683,0.85625839,0.856301711111111,0.8560501,0.85610446,0.856504,0.85569748,0.85528045,0.85634199,0.85806319,0.85572985,0.85694899,0.85057122,0.85635521,0.855435071428571,0.85013668,0.84958586,0.853922155555556,0.8512358,0.857007866666667,0.85667525,0.85532632,0.856190922222222,0.854246475,0.85621476,0.85558823,0.85714618,0.854361855555556,0.85657785,0.8562687375,0.853974033333333,0.85611031,0.854590855555556,0.8551166875,0.8497636625,0.849670655555556,0.85047151,0.853640225,0.856508685714286,0.85606681,0.85515455,0.85560493,0.85609844,0.85635525,0.855959888888889,0.8554625,0.85490287,0.85475479,0.85672194,1,0.85593208,0.85662232,0.85437234,0.8564818
"TuwaliIfugao",0.85772504,0.846587571428571,0.85018862,0.84943726,0.854820166666667,0.85260064,0.85594576,0.851183422222222,0.84535403,0.8459332,0.844604344444444,0.85828096,0.853496322222222,0.8563617,0.860664877777778,0.8465666,0.853654711111111,0.856628216666667,0.8548939,0.850413666666667,0.86930529,0.8440646125,0.8460127,0.84593395,0.841709322222222,0.849623455555556,0.85786338,0.86879753,0.850516866666667,0.85700017,0.8570979625,0.856819425,0.85770084,0.85768046,0.859344466666667,0.86809983,0.860144638461538,0.8545851,0.85630055,0.856598766666667,0.85554721,0.856355271428571,0.8550474,0.856291216666667,0.8573907,0.85629223,0.85749575,0.85681163,0.8540437875,0.857472577777778,0.8611950125,0.86231677,0.85834278,0.86703609,0.860440088888889,0.859513083333333,0.86035921,0.85862776,0.85988237,0.8604596,0.86424363,0.85987656,0.85782524,0.857424611111111,0.86886769,0.86415942,0.85834514,0.86842023,0.85767364,0.85838158,0.85565494,0.85669304,0.86048468,0.84976945,0.85771926,0.8561832,0.85281481,0.85219728,0.856107233333333,0.85264513,0.858327233333333,0.85434002,0.85434281,0.857502044444444,0.854656875,0.85682432,0.85786511,0.85890596,0.855703355555556,0.856149466666667,0.855732125,0.855331222222222,0.85904087,0.855818633333333,0.8564394625,0.8505881375,0.850663888888889,0.85145628,0.8547371,0.859023728571429,0.85724126,0.85675017,0.85719594,0.85836994,0.85814926,0.857144633333333,0.85752824,0.85627664,0.85591431,0.85625948,0.85593208,1,0.8588155,0.85550513,0.85996175
"Waray",0.85825176,0.848344114285714,0.85149997,0.8509634,0.855753233333333,0.85381126,0.85677243,0.852091466666667,0.84724898,0.84761745,0.846493288888889,0.858633,0.854191044444444,0.856770755555556,0.858126466666667,0.8483599,0.854627422222222,0.85742325,0.855796133333333,0.851586633333333,0.85878054,0.8461220625,0.847771625,0.8476703,0.844042766666667,0.850885833333333,0.85828573,0.85871362,0.8520169,0.85749657,0.8576475625,0.857319725,0.85813536,0.85831646,0.85879455,0.85829088,0.8564587,0.8553851625,0.8568478,0.857242066666667,0.85616203,0.856962685714286,0.8558537375,0.857093633333333,0.85820823,0.85672197,0.85804015,0.85723535,0.855125875,0.857836777777778,0.8597972625,0.85967677,0.85851178,0.85857464,0.8596077,0.858318183333333,0.8592067,0.85892142,0.85902208,0.8593901,0.85872504,0.85882717,0.85825363,0.857663111111111,0.85887345,0.85897675,0.85859017,0.8585052,0.85754097,0.85853429,0.85652389,0.85714761,0.85943682,0.85126191,0.85802975,0.856393985714286,0.852282,0.8515875,0.8560322,0.85284112,0.858620011111111,0.85533237,0.85526683,0.857934222222222,0.8552150125,0.85722307,0.85792462,0.85896704,0.856216322222222,0.856594233333333,0.856524125,0.855730155555556,0.85857985,0.856410655555556,0.8569703375,0.851151375,0.851084977777778,0.85186211,0.85543105,0.858936542857143,0.8576987,0.85696934,0.85741009,0.85857336,0.85856295,0.857350722222222,0.8576776,0.85680815,0.85655484,0.85698665,0.85662232,0.8588155,1,0.85613647,0.85892846
"Yakan",0.85543989,0.8464256,0.84931723,0.84915856,0.853154122222222,0.85158665,0.85417938,0.849914033333333,0.84558546,0.845759783333333,0.844936822222222,0.85575968,0.8519351,0.8541476,0.855158944444444,0.8464207,0.852499066666667,0.855072016666667,0.853498516666667,0.849397088888889,0.85553111,0.844623075,0.846099325,0.84617631,0.842716888888889,0.849056288888889,0.85573364,0.85550453,0.850041833333333,0.85487441,0.85507615,0.855019925,0.85552064,0.85546468,0.85596045,0.85534513,0.853691984615385,0.85309605,0.85451405,0.854618488888889,0.85400944,0.854281657142857,0.85344505,0.854772566666667,0.85536304,0.85439084,0.8552585,0.85475943,0.85292325,0.855194822222222,0.8568091,0.85669505,0.85588019,0.85558737,0.856625244444444,0.85516555,0.85629291,0.8562173,0.85605045,0.85640985,0.85551277,0.85592082,0.85571802,0.855083977777778,0.85562245,0.85582076,0.85589529,0.85542613,0.85501386,0.85590827,0.85412726,0.85480061,0.85654097,0.84927249,0.85548843,0.853975142857143,0.84937723,0.84876379,0.853276111111111,0.85041048,0.855990722222222,0.8532852,0.85325111,0.855214222222222,0.852736525,0.85465475,0.85505935,0.85613385,0.8543452,0.854177283333333,0.854374425,0.853933788888889,0.85586963,0.854972711111111,0.8551528625,0.8500018875,0.850076988888889,0.85089688,0.8539008125,0.856103142857143,0.85524878,0.85455261,0.85528054,0.85574317,0.85568687,0.854689544444444,0.85513056,0.85474162,0.85471179,0.85454012,0.85437234,0.85550513,0.85613647,1,0.8560715
"Yogad",0.85824578,0.847757942857143,0.85109455,0.8508116,0.855334544444444,0.8533305,0.8565184,0.852328533333333,0.84646569,0.847199883333333,0.845584266666667,0.85850306,0.854087377777778,0.856627277777778,0.859250166666667,0.8478657,0.854205288888889,0.857107566666667,0.855491416666667,0.851562477777778,0.85971541,0.8453848125,0.8473272375,0.84725992,0.8433282,0.850729144444444,0.85829817,0.8598215,0.8513744,0.85742604,0.8574957875,0.857284,0.85799366,0.85778158,0.859520333333333,0.85942415,0.857206753846154,0.8550004625,0.8568092125,0.856908411111111,0.85591943,0.856761657142857,0.8556080125,0.8569388,0.8577904,0.85686391,0.85770133,0.85717231,0.8546350875,0.857710333333333,0.86099675,0.861407,0.8585296,0.85962575,0.860770077777778,0.859173533333333,0.86014502,0.85888649,0.86009662,0.86087115,0.85984695,0.85996019,0.85813727,0.857625255555556,0.8600016,0.86000996,0.85846071,0.85957264,0.85806618,0.85855736,0.85614851,0.85701818,0.86086354,0.85045377,0.8580029,0.856299385714286,0.85231696,0.85170722,0.856167844444444,0.85291525,0.858504133333333,0.85483187,0.85490556,0.857748688888889,0.8549781375,0.85720472,0.85810713,0.85892458,0.856204155555556,0.8564144,0.8562286625,0.855844033333333,0.85915808,0.856223744444444,0.85684275,0.85099625,0.850998933333333,0.85188001,0.8552569875,0.859248314285714,0.85755864,0.85699253,0.85738002,0.85860821,0.85828875,0.857254811111111,0.85782967,0.85674693,0.85640018,0.85672833,0.8564818,0.85996175,0.85892846,0.8560715,1
