"dataset","beta_geo","p_geo","beta_phylo","p_phylo","r_squared","p_model"
"GRAMMAR",0.0092882310457798,0.9569,-0.0347255067296923,0.8373,0.000764921091626319,0.9383
