"model","WAIC","dWAIC","WAIC_SE","pWAIC","LOOIC","nRMSE"
"m_lin",-91.7237215846452,0,7.46884420953074,2.78930543413913,-91.5574342295897,0.189117251704893
"m_spline",-90.3864273546233,1.33729423002195,7.06605539361807,4.90490091622344,-89.8490139148145,0.189569107001371
"m_exp",-76.3252447110065,15.3984768736387,7.63709646985685,1.47944941323034,-76.2936563512004,0.261845260308131
