"model","lambda","r.squared","adj.r.squared","aic","n","term","estimate","std.error","statistic","p.value"
"OLS (lambda fixed ~0)",1e-06,0.0613415989921101,0.0464422592935722,-158.093465319315,65,"(Intercept)",0.148030841132816,0.0151193598915623,9.7908140420302,2.8421709430404e-14
"OLS (lambda fixed ~0)",1e-06,0.0613415989921101,0.0464422592935722,-158.093465319315,65,"geodist_H1_span",-5.19719320421146e-05,2.56138479206199e-05,-2.02905600920179,0.0466831423683285
"ML (lambda estimated)",1,0.0296852649565559,0.01428344376539,-202.569971919169,65,"(Intercept)",0.146733399434519,0.037988847838278,3.86253881821255,0.000267407499881855
"ML (lambda estimated)",1,0.0296852649565559,0.01428344376539,-202.569971919169,65,"geodist_H1_span",-3.3864106546555e-05,2.4392437205853e-05,-1.38830352460349,0.169934328725129
