"model","WAIC","dWAIC","WAIC_SE","pWAIC","LOOIC","nRMSE"
"m_exp",-200.825509456717,0,15.3225157515901,2.62644059679489,-200.771465157678,0.243688609437698
"m_lin",-200.619355751162,0.206153705554868,15.3691079588526,2.79394419766034,-200.54683236211,0.245289600532518
"m_spline",-198.428767624551,2.39674183216579,15.5496373108806,4.73827839395252,-198.272037975648,0.255713915833992
