"model","lambda","r.squared","adj.r.squared","aic","n","term","estimate","std.error","statistic","p.value"
"OLS (lambda fixed ~0)",1e-06,0.0621609860341394,0.0472746524791257,-158.150230823698,65,"(Intercept)",0.148617931699733,0.0152809933534495,9.72567216424995,3.66373598126302e-14
"OLS (lambda fixed ~0)",1e-06,0.0621609860341394,0.0472746524791257,-158.150230823698,65,"geodist_H1_span",-5.27161469622541e-05,2.57975572882079e-05,-2.04345498193159,0.0451946640185659
"ML (lambda estimated)",1,0.0305452811645645,0.0151571110243195,-202.627608724483,65,"(Intercept)",0.147180144331105,0.0380116128811508,3.87197840805352,0.000259185967037112
"ML (lambda estimated)",1,0.0305452811645645,0.0151571110243195,-202.627608724483,65,"geodist_H1_span",-3.44341696408172e-05,2.44405537152575e-05,-1.40889482464225,0.163782959785213
