"model","WAIC","dWAIC","WAIC_SE","pWAIC","LOOIC","nRMSE"
"m_lin",-200.934433722044,0,15.4126751226924,2.69138270315507,-200.850665524243,0.245291902162596
"m_exp",-200.858679493858,0.0757542281857866,15.3328236972939,2.65278629026015,-200.796741325239,0.243892245728381
"m_spline",-198.044480774746,2.88995294729747,15.584342333746,4.94923719275045,-197.892469335119,0.256779210379984
