"","cent2084","agut1237","akla1241","alan1249","arta1239","pamp1244","aben1249","amba1267","maga1263","magi1241","babu1242","bala1310","bant1288","bata1301","buhi1245","cent2087","buhi1243","irig1242","koro1310","sara1326","binu1244","boli1256","cent2292","guin1256","boto1242","butu1244","capi1239","cebu1242","cuyo1237","casi1235","dupa1235","gadd1244","gian1241","hanu1241","hili1240","ibal1244","iban1267","amga1235","bata1298","kele1259","ilok1237","ilon1239","ivat1242","alab1246","atii1237","iray1237","isin1239","isna1241","itaw1240","bino1237","kaga1256","kala1388","lubu1243","limo1248","lowe1412","sout2908","kaya1320","kama1363","kank1243","nort2877","pamp1243","kina1250","magu1243","mama1275","cama1250","atam1240","diba1242","ilia1236","cota1241","sara1327","mati1250","west2555","mans1262","mara1404","taga1270","masb1238","pang1290","rata1245","romb1245","sout2916","wara1300","tina1248","sang1337","remo1247","west2557","cent2089","suri1273","tady1237","tbol1240","cent2090","cala1258","taus1251","tiru1241","yoga1237"
"cent2084",0.999999999995283,0.241722365048159,0.38408442102406,0.266187180330966,0.383657915629256,0.586290054406724,0.412411753323904,0.350787231388028,0.386619337009566,0.36091066085158,0.353522789181558,0.378251648004338,0.270907137271543,0.36308166250353,0.241330224469422,0.357283325967519,0.297634913285834,0.344806481135154,0.265464297451633,0.255274343483174,0.368459013092588,0.408223441970127,0.342981440230534,0.390155486266775,0.425692506305347,0.33026471094593,0.280439992260255,0.333337006972843,0.3693566003254,0.52482416160602,0.496502312138769,0.559167652505799,0.171716384648803,0.372815242432697,0.353926869893247,0.346010244721135,0.616120663550497,0.370555726505865,0.38854395618646,0.353772894854141,0.490566037733535,0.283013498950631,0.308146613818028,0.325586584251844,0.289879879071172,0.272684387707431,0.266901778074009,0.527060282519352,0.568445402041864,0.452006665764108,0.341236059812583,0.330237193199866,0.435259824611758,0.459720802803063,0.358230150837444,0.401515494617124,0.334916326593055,0.302031531170399,0.416310832974743,0.395295211889514,0.319524032628166,0.325392375198649,0.345011778861267,0.362424583262246,0.252101396663978,0.32876008029186,0.322174963895694,0.374411787849917,0.337635456326028,0.359035691766103,0.370896106350064,0.351002222289365,0.341116326242178,0.346802154293951,0.355066248980828,0.370544125068071,0.349318285139727,0.294982081509976,0.361530809809784,0.36064361630115,0.343431140306993,0.419597478801037,0.267608583062705,0.289587222599262,0.325414396821067,0.363325018397262,0.338800608976267,0.236136643466315,0.24615740264449,0.418700984996018,0.355835034750468,0.370014823949969,0.244011841874781,0.56058430420118
"agut1237",0.241722365048159,0.999999999994624,0.325040632617149,0.219839932149297,0.212575097418635,0.247342291660032,0.270046815574348,0.230943481599443,0.27193438848111,0.260825764475966,0.238372701530997,0.232198886048194,0.282934943338891,0.310102852187897,0.187378810223109,0.255689356203089,0.228562160737112,0.269607440628513,0.192143438658559,0.184932906754354,0.234999938916593,0.288585003415001,0.21314339662862,0.208266386020852,0.275584295754651,0.248304897428122,0.246564483785274,0.265651645777184,0.368722036503341,0.257437895401258,0.247022632876088,0.247022632876088,0.168461392991606,0.273060372782894,0.288114318193526,0.211087427539047,0.258050114804234,0.223163447196773,0.230451272814588,0.209371884706171,0.261865895468839,0.163876460668151,0.204194182682262,0.240645152088743,0.27509139609722,0.21120455478444,0.193548387095734,0.251202368852265,0.241871010721825,0.251550117315802,0.288408951840026,0.254053165207637,0.247173661943847,0.237810890113706,0.171824938595893,0.231251219840061,0.218508309736747,0.220624375821944,0.214565161619498,0.231106179344084,0.244320065927065,0.296304270807878,0.238921316069147,0.263110402679195,0.196251740489209,0.217512822510586,0.236149089725038,0.232751083941074,0.235083922525227,0.231035596662665,0.230565579353782,0.223866150281586,0.295564928942272,0.248522929832769,0.284303439562505,0.294284489560822,0.229891244592319,0.281183007340547,0.329363510501451,0.282352172497328,0.255689802405304,0.275670924720963,0.230565579353782,0.256665597227409,0.241871010721825,0.268935939111029,0.262236806351381,0.197296560030939,0.189799562195258,0.301470612459699,0.369624662178321,0.275481766558,0.177367678550599,0.273882412468766
"akla1241",0.38408442102406,0.325040632617149,0.999999999995349,0.319183138472363,0.318280262630937,0.366213327221692,0.371302081246724,0.359942323955049,0.392945752932497,0.352870236573441,0.309476250124384,0.323957943311496,0.5497170021804,0.450674544925141,0.274497426597492,0.54191959789521,0.445919197426817,0.511177391498172,0.32615622333968,0.312332323623773,0.460912932710821,0.410843276746332,0.304997140663659,0.314243837311894,0.413718250378364,0.618952500248768,0.578794420766952,0.634034356567639,0.676382221682726,0.380298455191757,0.368572964922599,0.34463965551204,0.211990570836074,0.4993463716189,0.676539206321183,0.302684437153864,0.409440100639533,0.339656651196689,0.342954365923636,0.324566994704993,0.40750420279382,0.242926009195909,0.277852263364464,0.368072664553519,0.50773604586436,0.345105717579402,0.245030630742159,0.383181753686801,0.368129720862808,0.358118659115918,0.531801510026061,0.467775537503044,0.331056352706104,0.343553187892942,0.252614238489667,0.309520507911899,0.295619104596427,0.51564665505113,0.342120939744115,0.322433426882796,0.355875919136864,0.674738520050893,0.412041452797954,0.527834497045988,0.297274440580306,0.395428421287846,0.434517306393981,0.381202852319566,0.340130593568417,0.371173580782371,0.391609455527071,0.38475721026117,0.490910267469889,0.396266093062804,0.52887051053256,0.664104610776218,0.365879338337456,0.554449727820998,0.727572606080974,0.463166799123254,0.619232677615663,0.395292602982822,0.298369108973007,0.34724196129882,0.421304013876324,0.447368797166716,0.609776801631835,0.275263111282938,0.298752657379261,0.464114850403542,0.467941714578133,0.560805444237613,0.262925023734143,0.400983546551647
"alan1249",0.266187180330966,0.219839932149297,0.319183138472363,0.999999999994652,0.222347706696709,0.266817210041471,0.298598123168574,0.230325157915307,0.28573522633642,0.283775383130335,0.217923279745187,0.241645775131898,0.269636200095111,0.285110667717846,0.392441964098804,0.313530465227528,0.250189257903091,0.289569106395713,0.210791897218381,0.203852273108838,0.264940852970476,0.299559794331912,0.223473896222756,0.216940278785938,0.298955789463942,0.297168108743438,0.216630010926221,0.304931398150731,0.306445689281184,0.256748636077642,0.256626311643974,0.266891364109733,0.148244433231919,0.447727809409277,0.292053466176152,0.223679907706077,0.287636771199097,0.232682587884589,0.234941695115574,0.208811316405175,0.3264559758776,0.18386741356871,0.199876227486938,0.21333409185476,0.235773717804179,0.557908913872684,0.187668234761595,0.29562516920239,0.276310474225153,0.281596208162187,0.292683030342941,0.263714721896096,0.261302596916638,0.267451734623722,0.187948597558707,0.236257244716667,0.222876081557578,0.214391791076451,0.249655803760641,0.235498016144277,0.280445690752116,0.300605967793424,0.277995238129901,0.27269638553535,0.20691065980204,0.256372359238966,0.286716139219681,0.267451734623722,0.255294914485841,0.26707428054368,0.26494039511457,0.257242154161153,0.26845451857578,0.303499027675551,0.328548957440781,0.288685158557682,0.270035869373754,0.37016782876386,0.29768652150701,0.276476277104693,0.298307997176271,0.297843919350806,0.229948267457928,0.273431478752065,0.245609310422359,0.252741901193313,0.293099231094264,0.595770752645034,0.213559524209259,0.305847313549133,0.291836070277176,0.290295755233075,0.199004397415101,0.252915856396292
"arta1239",0.383657915629256,0.212575097418635,0.318280262630937,0.222347706696709,0.999999999995,0.374830135301827,0.283069258534546,0.258829584132846,0.271609885357419,0.251531258207575,0.272980491286721,0.287207506270231,0.242535625034862,0.313070440054256,0.212324357181775,0.287000489625167,0.220417365532708,0.24999999999875,0.217723295666669,0.206502231963161,0.285745490666237,0.35213633723118,0.284604989413654,0.28118276088554,0.312389110759049,0.272980491286721,0.220794021656946,0.265852534486272,0.306196174959861,0.39916975447727,0.392070416916572,0.382144583576912,0.148123729595216,0.285645979312294,0.296066887136931,0.284143291441585,0.419637031365822,0.264122633542748,0.296318878993413,0.269214578036999,0.412796491499833,0.241993751177954,0.244323860758082,0.257855311563369,0.256998268408735,0.22019275302406,0.264422682154888,0.348841139838597,0.373203129057604,0.341600902325261,0.307408522977288,0.2399999999988,0.314642654449545,0.365962527353914,0.229844668043456,0.310039127133954,0.268191359860638,0.234584232002412,0.290672137057034,0.295545965696589,0.253395907949274,0.305452076229426,0.268808602011608,0.263684855404335,0.200073086060192,0.262202212041288,0.267339836602379,0.29764952224785,0.261972215365817,0.273439629111205,0.299688311602707,0.267514255043186,0.254493299278348,0.303251912586118,0.304635897921145,0.307059789430067,0.310378722620223,0.254893287935539,0.302737916859631,0.316847213750967,0.293102526274155,0.326770777615,0.246517804705453,0.270021096220727,0.25021573425453,0.269327520747718,0.274693053722879,0.216691733257348,0.206502231963161,0.30576537133989,0.287142787461814,0.275690088913015,0.187082869337697,0.454877868879177
"pamp1244",0.586290054406724,0.247342291660032,0.366213327221692,0.266817210041471,0.374830135301827,0.999999999995261,0.347245816833243,0.310595456730851,0.355619814872852,0.32837120645079,0.34037165447035,0.379146919429483,0.283354787993104,0.368490291444664,0.219910382787275,0.338451552325763,0.287871327337669,0.316415049280763,0.26609261619435,0.260447803671442,0.335755551501091,0.381541703148318,0.348924474022221,0.386733611024268,0.408542614413236,0.31239590204813,0.275591918121621,0.315301973017497,0.379847203246113,0.469194312793985,0.439695626347162,0.555659308021139,0.186078718410937,0.351971039246806,0.33259178231113,0.363344881455646,0.760097156123437,0.347622988943465,0.34618985612304,0.343046851310494,0.472814560005423,0.312532508999967,0.30177535924788,0.296231924052076,0.290565986253589,0.257251572183597,0.297820310366162,0.599063268360033,0.615208947010128,0.438616617048688,0.318290684126689,0.32615089695094,0.431648643557117,0.460808900899834,0.369486092994928,0.391874622465556,0.331046403662943,0.27618969797174,0.3693311066512,0.367928621512461,0.324608415796409,0.335755551501091,0.336481663066896,0.334219802596585,0.252698087194906,0.301689912163576,0.327757472080338,0.356295541932861,0.313910348631783,0.345095667263121,0.334125971406601,0.319848179947385,0.33201287131221,0.366670823954066,0.35166965979221,0.344243996214016,0.398110153922722,0.274560246004641,0.352722865091679,0.356677249028603,0.326125891150121,0.409806235694092,0.282359975836564,0.312180005940606,0.326184609488591,0.373896559418064,0.314132317153204,0.226404436783403,0.24674002453084,0.414811855158355,0.327757472080338,0.326969344654232,0.244589385503684,0.547625256554774
"aben1249",0.412411753323904,0.270046815574348,0.371302081246724,0.298598123168574,0.283069258534546,0.347245816833243,0.99999999999359,0.633842135580566,0.615075270873324,0.72495326155055,0.336202658689519,0.297639271571351,0.288348394098092,0.328028553720163,0.265985524641857,0.334117980463634,0.280009316153206,0.356667265753528,0.246523087481492,0.233817734751342,0.334699713818843,0.643090141184456,0.280478325663771,0.27289438504104,0.633512267156606,0.309089541053267,0.262820512818828,0.328384057382998,0.380250402996494,0.396852362095134,0.398977156300894,0.365260776895184,0.183947784061344,0.368912779777702,0.34554449801026,0.312125074848504,0.381221287873676,0.293521844155122,0.313147390702995,0.304825483968062,0.423409400079209,0.246044378409496,0.289029264926641,0.321160012156723,0.314460433677043,0.28671707693414,0.264176232627079,0.367555310425771,0.350540468676012,0.364364430079293,0.359121503069405,0.339683110241456,0.340068894704595,0.342546664466202,0.254195563719359,0.307938757315579,0.298244293998767,0.277968493746196,0.329121385255196,0.312696308869685,0.372485318713314,0.351434699509786,0.336976428777859,0.35489719395528,0.26939673140092,0.31307929988677,0.319519577146457,0.314921933460863,0.29092079375322,0.32107642753659,0.333857125006048,0.308214286717678,0.357314578464296,0.337827028178537,0.389280660690895,0.347676747680726,0.345856370946138,0.319312988010938,0.370880173462803,0.34754761022948,0.342408918170412,0.658465761472716,0.251761110660298,0.324847353859115,0.302521226391627,0.338837073783935,0.315965598648162,0.263307883279728,0.228503695325175,0.368913475529515,0.341942003612875,0.351886699735845,0.229986462412753,0.393208508207806
"amba1267",0.350787231388028,0.230943481599443,0.359942323955049,0.230325157915307,0.258829584132846,0.310595456730851,0.633842135580566,0.999999999992754,0.620134250530598,0.688200115841376,0.282506399411459,0.263713123639402,0.255481258580416,0.286888336133354,0.233854574769842,0.321176439359018,0.291239260074261,0.306983925366864,0.189610076447953,0.175149629120063,0.284687293731576,0.615371129419713,0.241105879413649,0.252534928171869,0.594980050283597,0.276740962688776,0.286251287036385,0.3084107018969,0.344835143319048,0.357477789822301,0.352504324683376,0.316656427257948,0.126549688416151,0.343877348999992,0.301588394278723,0.270591361873805,0.334831004001898,0.241418846460954,0.255653640736536,0.257370564494779,0.391712408383298,0.208090172692529,0.245841140114436,0.266962332234895,0.274458478728366,0.225318785536644,0.224701765880539,0.32663196386209,0.311435341024568,0.309919367267419,0.299585635159593,0.288926047404107,0.304176029056251,0.311334091440361,0.263830675354295,0.242280704906673,0.259444652520728,0.262703468744642,0.3024802495898,0.279970254738934,0.358570865024833,0.3024802495898,0.283156587611877,0.317439262636164,0.247369412838817,0.258262666179836,0.274159440275024,0.264340266317288,0.236533114736628,0.28651080774904,0.267677212967121,0.276849413770423,0.312501407969683,0.270860169200095,0.382455889854005,0.352853976670747,0.3024802495898,0.28074010091461,0.346529675112471,0.315879355099484,0.336051406353093,0.62008268319954,0.226943724037341,0.277661566834506,0.270591361873805,0.294210730349658,0.304446212909492,0.203602881286179,0.175149629120063,0.325857467857591,0.297999391603287,0.313788672751755,0.180177046583421,0.335631079226205
"maga1263",0.386619337009566,0.27193438848111,0.392945752932497,0.28573522633642,0.271609885357419,0.355619814872852,0.615075270873324,0.620134250530598,0.999999999995614,0.706741822819775,0.305009412955996,0.328264444498017,0.323696480925443,0.319475600734021,0.249632741340276,0.363448680338028,0.29707187448461,0.337170892167831,0.242964399490362,0.232967595622396,0.318381670472856,0.569181145155987,0.30604692017402,0.309333841884224,0.703063471963747,0.322951143129879,0.291630516362352,0.339536879690389,0.425543021912637,0.405771327226715,0.371855786962122,0.353262997614016,0.187957564738528,0.359496086514098,0.371144738186722,0.30981666965955,0.365605664736384,0.297764411501803,0.314531798804992,0.289222341422303,0.418458576528,0.235898849103744,0.283476293994113,0.318784786651725,0.322228666754808,0.288721171613726,0.27193438848111,0.36755961982753,0.357480772684096,0.36166967464685,0.356465523117974,0.332487963109944,0.343804820188591,0.338185239881155,0.280350657618781,0.320944378825664,0.300523980412526,0.296350680749553,0.355295487339274,0.340332981321787,0.453835865240452,0.355295487339274,0.328190170630249,0.344816954306706,0.268417230411361,0.290224848211148,0.310664976940243,0.310764815025926,0.287825520314614,0.313010716271975,0.312373929315158,0.303297435810289,0.352765123605252,0.320669366232711,0.436128422671251,0.366020889929607,0.350681260230971,0.330157731949244,0.376503984299149,0.352396093245649,0.357306106836045,0.570599595507147,0.280683820544055,0.347734650378718,0.313788678244929,0.345673643712298,0.347115197076861,0.232650461810473,0.237363210634139,0.352101035004147,0.343122511844448,0.338016993603981,0.215269254957279,0.371060266640709
"magi1241",0.36091066085158,0.260825764475966,0.352870236573441,0.283775383130335,0.251531258207575,0.32837120645079,0.72495326155055,0.688200115841376,0.706741822819775,0.999999999993464,0.306629591756755,0.289411910770188,0.311958874050726,0.309859301105897,0.237590501419206,0.332756132321543,0.276594631680508,0.325847311768904,0.227742864943694,0.21463539763896,0.309801391356809,0.623389766321173,0.28321476437265,0.280659736635629,0.661016121703918,0.279251949635616,0.265384676103327,0.309482021475296,0.383960250876413,0.361764888462735,0.36315015981031,0.346127496069202,0.191205452001243,0.357203301172619,0.333292650676496,0.300623949504094,0.345888662283769,0.290793359721786,0.304909610990092,0.285167148204173,0.388673019378624,0.225858971103772,0.266833489745159,0.30660462632499,0.298571492819058,0.302101964817843,0.266753622759511,0.348983611210371,0.334565363157782,0.345278102160469,0.323573264717074,0.320130692264187,0.332485552916783,0.345888662283769,0.268898225793299,0.292286522477866,0.2956785349083,0.268205759234162,0.321066896497057,0.304668232009054,0.416780965487987,0.349230659347676,0.312823429808144,0.307165446511596,0.2843898296364,0.283430307404471,0.294335431349908,0.30125786715038,0.27071918221117,0.295261726572337,0.309482021475296,0.29512367175357,0.314245733432069,0.301977719711086,0.388102932115315,0.33511112371786,0.343597906777552,0.322428310446541,0.346127496069202,0.328297211890282,0.329791899531862,0.633228542676219,0.276323233460086,0.321584971947545,0.276380082608602,0.330738116961992,0.299107746424886,0.241706183191447,0.236098937402856,0.343857892264441,0.345278102160469,0.320934032780145,0.22611896259891,0.357899519657583
"babu1242",0.353522789181558,0.238372701530997,0.309476250124384,0.217923279745187,0.272980491286721,0.34037165447035,0.336202658689519,0.282506399411459,0.305009412955996,0.306629591756755,0.999999999995413,0.32638377825924,0.255537696437091,0.340147751378256,0.212023886484467,0.271024829555015,0.242017382488885,0.277769622712804,0.248474496759467,0.238250979176206,0.311445513132366,0.326405264304779,0.29279489085929,0.312074118585572,0.334941606158885,0.275229357796903,0.195214446981011,0.250010717423236,0.307473845366151,0.331046403662943,0.327999230603122,0.332752842640849,0.164760156779594,0.294974166882253,0.270492309144177,0.296532442862386,0.38324452406214,0.290462652918631,0.302743478514364,0.288197363821378,0.413993792594193,0.236518342589347,0.726509279338727,0.286497490431232,0.25807064980623,0.226724387161331,0.233406603582435,0.352691947165316,0.349339590221442,0.336678216731524,0.280422822484493,0.268191359860638,0.347035581381105,0.322486245857167,0.266229436224189,0.302173513581184,0.284403669723466,0.256043168186246,0.330320998776751,0.310925795527318,0.289547890555984,0.273694541843594,0.294253651086082,0.271625741032088,0.222711249030643,0.287674231934337,0.279774856157182,0.285096536192568,0.260574792101013,0.286158373830548,0.300938826527969,0.283203994115113,0.287637238324579,0.323256823409444,0.30846188590521,0.294109937450648,0.311445513132366,0.254532575839293,0.285216722263585,0.331936270016995,0.294109937450648,0.366038731574397,0.282419514126248,0.274797884994785,0.280284089828831,0.30096380848994,0.275637190424606,0.202490768686892,0.233755677682316,0.340881603186341,0.289258749586239,0.292870109779814,0.240630451971863,0.360735875398945
"bala1310",0.378251648004338,0.232198886048194,0.323957943311496,0.241645775131898,0.287207506270231,0.379146919429483,0.297639271571351,0.263713123639402,0.328264444498017,0.289411910770188,0.32638377825924,0.999999999995261,0.236128989994254,0.341194714300615,0.21551217513153,0.310903170159713,0.230297061870135,0.282339582435142,0.239032350140687,0.228462985676704,0.292586980593807,0.337304983942716,0.672192736719279,0.647452899355235,0.335912816295328,0.275094898818502,0.20393801941,0.268241977044736,0.307724316553813,0.369668246443746,0.357554685161428,0.381713785510174,0.167470846569843,0.317208467469343,0.279377097141349,0.433536506282305,0.41805343586789,0.547625256554774,0.572174901092246,0.528060883477952,0.501183433605748,0.31734070144612,0.276923270839231,0.241002243296605,0.238102683180025,0.219735717906822,0.328107121589839,0.424533024822071,0.379860557885448,0.530195910718194,0.285036433546289,0.25313203942461,0.617303974119317,0.54631983096372,0.504790859443774,0.524264697622838,0.424298911737012,0.254944336589298,0.599563484823376,0.665101738887911,0.311624079164552,0.273400949079459,0.275728029457595,0.266407089026263,0.189523565396179,0.259917462787081,0.240998141235543,0.270784611868975,0.279576404250181,0.300726224329292,0.282359975836564,0.274155582812044,0.277503295425131,0.300003401416963,0.334721724380538,0.308007786086225,0.393313646044135,0.232320208157773,0.309236484463938,0.342217360554471,0.312537312352199,0.323531238705862,0.249417978655632,0.290272637102669,0.247735146447031,0.281636369431788,0.292907160588798,0.21096777063908,0.237601505103772,0.341609763071586,0.33739739772976,0.292808368347074,0.223773267588477,0.376194741459366
"bant1288",0.270907137271543,0.282934943338891,0.5497170021804,0.269636200095111,0.242535625034862,0.283354787993104,0.288348394098092,0.255481258580416,0.323696480925443,0.311958874050726,0.255537696437091,0.236128989994254,0.999999999992647,0.322988946787787,0.219132853955191,0.421568627448914,0.430280267342222,0.430500734436881,0.241557786252729,0.244729359059423,0.36444061482574,0.330602348315869,0.236480871559761,0.221910341515143,0.339248454772007,0.464613993521983,0.418791715237706,0.486521180125597,0.509064182063824,0.318774136492243,0.276847342199414,0.246755239786434,0.214392807997085,0.357221525365841,0.502647372669733,0.262287941064909,0.307697694413427,0.249118908937368,0.251537595843301,0.240051933650887,0.32391070760728,0.16170274018498,0.221109105523155,0.318949405710346,0.35689659128884,0.293725228407043,0.226347954671112,0.287896791011363,0.303431147506464,0.2821716125248,0.42012569814141,0.363803437552294,0.271717157910371,0.289945904351114,0.233353340477267,0.270440076569095,0.243922346599041,0.396942093016096,0.250926324961985,0.24676867800974,0.274941603571884,0.495878213615352,0.296873105134112,0.404231044491371,0.275411316375816,0.306404454664887,0.348211777158263,0.295863167705219,0.250484749502804,0.294750450471635,0.304808450199169,0.28456902216212,0.370342148447796,0.314364337468584,0.416922826782039,0.541621366929981,0.292747379122316,0.440636924975002,0.601842048259595,0.336204474497633,0.473918696063733,0.30895453563127,0.240329739580114,0.313804981860555,0.318859849922047,0.344752459193145,0.465302454765278,0.211503700471792,0.250420739502665,0.358637764892307,0.384233685140152,0.41942382673846,0.233353340477267,0.30250153228109
"bata1301",0.36308166250353,0.310102852187897,0.450674544925141,0.285110667717846,0.313070440054256,0.368490291444664,0.328028553720163,0.286888336133354,0.319475600734021,0.309859301105897,0.340147751378256,0.341194714300615,0.322988946787787,0.999999999995633,0.24908709535157,0.385320147045807,0.341639533336909,0.387833530216466,0.294383328228904,0.276318447211162,0.391352015083985,0.345008477307655,0.305377964357359,0.321170851592696,0.352942014091885,0.402806547684776,0.359773252467276,0.39751914011497,0.438458944035569,0.400335131446055,0.343214762471701,0.343214762471701,0.196477524613544,0.400420801985699,0.404387146313744,0.301212820765412,0.383046852001627,0.297113559550881,0.313844296783355,0.307089529959825,0.367620183284824,0.258460009115704,0.286264584660624,0.308448958517017,0.333145702679344,0.308667949640362,0.232577139140923,0.375811918747261,0.348772739833635,0.351625827639933,0.405847259858866,0.350451985135361,0.347508571439631,0.328325873144252,0.254761273155945,0.32532608022239,0.299867096609778,0.336489528430973,0.308477470713258,0.321477665434404,0.311589820934881,0.405164439145772,0.349902459017054,0.395207793071625,0.242563494684729,0.338598095248871,0.370132450147297,0.392167015144523,0.367234731702872,0.392774283925224,0.37493282533571,0.372810603380139,0.394804138704206,0.365678227139546,0.374169275264186,0.404351647952485,0.331498177482905,0.344640816757411,0.426699434424277,0.481172185191487,0.417395249499339,0.341611429071123,0.307173880997931,0.320688621175937,0.380479352545784,0.414833897408909,0.399328641104523,0.237081125722039,0.271932440112572,0.637080964661251,0.504305463325693,0.426282116060102,0.259756592237434,0.379391160657279
"buhi1245",0.241330224469422,0.187378810223109,0.274497426597492,0.392441964098804,0.212324357181775,0.219910382787275,0.265985524641857,0.233854574769842,0.249632741340276,0.237590501419206,0.212023886484467,0.21551217513153,0.219132853955191,0.24908709535157,0.999999999995918,0.25200278204893,0.213720697430348,0.266534831355845,0.171602201054074,0.173855280463666,0.213660669547537,0.277105323125602,0.20476190476093,0.20566020916931,0.26960814839639,0.250967049308144,0.19437403723828,0.262036217362745,0.232029589090608,0.255096044033239,0.246621893795958,0.228685756065343,0.116562449291057,0.475841268274089,0.267498772316892,0.210744985307908,0.255702694221768,0.198864072285111,0.205256944195538,0.19315919025039,0.276432802574065,0.174022191817956,0.174621978662035,0.191038935679047,0.209729002036445,0.36307625384865,0.182694339967531,0.227630524840908,0.214576712313506,0.219178501878822,0.224842024229486,0.203289278152763,0.215365246126046,0.22925069137124,0.154542492292468,0.20149183972976,0.203369850301427,0.207019667801686,0.222563197445351,0.227630524840908,0.232961787946928,0.235916989292072,0.221185812689503,0.23824135073436,0.146568336011449,0.189521416590921,0.214705471228234,0.211616022804222,0.200279510474769,0.2196043252174,0.213996244179575,0.203537889323317,0.225337972991841,0.243056088348469,0.25951288749305,0.269023948038412,0.240368253240979,0.323397331981432,0.260073997093919,0.250489716432939,0.260616949662211,0.280227777640221,0.165956270996405,0.213470420088361,0.214576712313506,0.216301816413829,0.244247863246634,0.353363885815461,0.165374535075195,0.262674801763082,0.250489716432939,0.230972670515813,0.159371945176608,0.234217685135797
"cent2087",0.357283325967519,0.255689356203089,0.54191959789521,0.313530465227528,0.287000489625167,0.338451552325763,0.334117980463634,0.321176439359018,0.363448680338028,0.332756132321543,0.271024829555015,0.310903170159713,0.421568627448914,0.385320147045807,0.25200278204893,0.999999999996732,0.578053288450908,0.630592625091917,0.280881146806025,0.269392007647318,0.374398008674184,0.353560844727505,0.268437746095436,0.281447262409958,0.39202043662617,0.518818959433886,0.457695863648813,0.547092090102142,0.495089871184629,0.385677350324707,0.357092948634743,0.324994706060833,0.181557873439323,0.440212384795062,0.522900563510868,0.277716643480968,0.370815170191272,0.29261586129209,0.30344217911316,0.288062320381525,0.372988087548509,0.251537595843804,0.247642198186299,0.337711135458718,0.385381295758548,0.33377866864511,0.222156325881372,0.340775793442689,0.360003056364218,0.336204474498306,0.4181532770242,0.396141520891076,0.327602247126611,0.315587378886189,0.241996056791762,0.290228374855277,0.271024829555015,0.436636302318669,0.314653645587878,0.289855272583437,0.355806781093666,0.493886734846796,0.360904559183346,0.426353141454443,0.275411316376418,0.323748103042768,0.376228816700486,0.331366747830498,0.301396283955207,0.331594256781268,0.339978655992046,0.337688572966356,0.407376363293414,0.363792692417193,0.492567052739141,0.609324037797374,0.318636603126965,0.390215784307076,0.549682404078199,0.412250724682447,0.567950183379034,0.349252953323087,0.261822643120311,0.327448676724802,0.387431860658635,0.403219250519111,0.52875278950693,0.247822517725054,0.254214993131976,0.405240412308512,0.408248290462229,0.466026474154789,0.224710624163779,0.324250008458803
"buhi1243",0.297634913285834,0.228562160737112,0.445919197426817,0.250189257903091,0.220417365532708,0.287871327337669,0.280009316153206,0.291239260074261,0.29707187448461,0.276594631680508,0.242017382488885,0.230297061870135,0.430280267342222,0.341639533336909,0.213720697430348,0.578053288450908,0.99999999999422,0.655876063292448,0.234097537786279,0.222032575347184,0.333721270037557,0.299231410251745,0.238007140319967,0.235145226946024,0.315830145128688,0.42739239886335,0.407839656136192,0.441762642848413,0.408875175061451,0.334977544538378,0.298825019476853,0.266808053104333,0.174676229191864,0.369513928058038,0.416281732021331,0.227994596773438,0.293802392530273,0.236655345785955,0.244263091595152,0.246893468231316,0.308078243576565,0.212402688343611,0.207806388892874,0.277247748603399,0.320895000109943,0.260427986264967,0.189539352806385,0.281307237925741,0.278153408063594,0.271476374597373,0.372499461958024,0.327938031646224,0.281921564952581,0.293802392530273,0.28161384621604,0.26317589582259,0.247166688499287,0.398869859572825,0.254263824790519,0.239632091566372,0.267673091498916,0.391990063218717,0.299347113721003,0.379804068321813,0.250004225362562,0.31267664476559,0.324707036283133,0.293802392530273,0.270840645187566,0.294004110640164,0.317029661338273,0.317910278338013,0.339304784343641,0.31554046104794,0.397735092381794,0.50023141055095,0.270155313839927,0.314880848886977,0.442901368153193,0.36729156563174,0.445205955390345,0.30966098426103,0.233874340331513,0.278231461250607,0.32831221935375,0.348571821886422,0.435995515956598,0.221623107450804,0.211940185558676,0.361098108011817,0.36729156563174,0.398824776013051,0.189658304594476,0.283986414943146
"irig1242",0.344806481135154,0.269607440628513,0.511177391498172,0.289569106395713,0.24999999999875,0.316415049280763,0.356667265753528,0.306983925366864,0.337170892167831,0.325847311768904,0.277769622712804,0.282339582435142,0.430500734436881,0.387833530216466,0.266534831355845,0.630592625091917,0.655876063292448,0.999999999995,0.268679811673761,0.253434557409334,0.374425125700587,0.346456718888742,0.274064063879815,0.263329887178521,0.354351827129667,0.493280536886531,0.447249428484583,0.51720402163693,0.464232910423014,0.365094287631649,0.362292916897592,0.332515416878611,0.186349208200433,0.410616095261423,0.478261894605812,0.284143291441585,0.356203526624477,0.293469592825276,0.296318878993413,0.289009767598543,0.369088627693968,0.237055103194731,0.229737361608346,0.345526117494914,0.381352269251671,0.341298767187293,0.20739033894501,0.324616060683138,0.330793682573786,0.321797951465826,0.444034533189416,0.399999999998,0.30987534150334,0.326926524436163,0.245880342558116,0.29372127833743,0.292137016991052,0.414613991446124,0.305452076229426,0.281010918203314,0.311187957130688,0.453251467953342,0.345611059729211,0.442791549641242,0.259554273807817,0.328944593288161,0.386157541758991,0.331806024800882,0.282123924240111,0.298758113288169,0.343191453609552,0.34729920830168,0.402099412859791,0.371728150912016,0.448249964083971,0.562942947288456,0.310378722620223,0.363358516844279,0.531032083671812,0.39110827947385,0.516418736768749,0.348924728639746,0.241684122260248,0.320650051762113,0.373203129057604,0.384041094399523,0.497063621022353,0.264258211289448,0.262821022498568,0.401003765691658,0.420812705763003,0.476191971758844,0.245880342558116,0.332598871868646
"koro1310",0.265464297451633,0.192143438658559,0.32615622333968,0.210791897218381,0.217723295666669,0.26609261619435,0.246523087481492,0.189610076447953,0.242964399490362,0.227742864943694,0.248474496759467,0.239032350140687,0.241557786252729,0.294383328228904,0.171602201054074,0.280881146806025,0.234097537786279,0.268679811673761,0.999999999995708,0.917469353260798,0.319511481768432,0.247317044730159,0.21973452573982,0.231565153229149,0.280783432018838,0.297281987194362,0.241277915407417,0.304525780886531,0.306563123014356,0.288642837905735,0.275883210250172,0.239098782216816,0.199210623999058,0.281186257492538,0.286960705176892,0.22003292320447,0.257683878022385,0.253768038863747,0.251656295011784,0.227414623320711,0.251966112835448,0.201325036009428,0.199333424852103,0.224564432956055,0.245785081581785,0.239705459352783,0.168125508826239,0.273818049671364,0.239678719919155,0.243098805774824,0.280287726971717,0.324268738226954,0.269426639377738,0.235080029073053,0.178281186566159,0.221733526241486,0.230726318419505,0.283044959701373,0.219093587498353,0.246885126752869,0.230648059910153,0.296689233070687,0.31575520715049,0.295002929516154,0.170334610331125,0.295927620300139,0.293553274897901,0.325495424870381,0.359401306539923,0.356548263864133,0.32243906211515,0.313070111065296,0.297087195760624,0.317210048579683,0.306431684330166,0.314658095453803,0.251044735675197,0.261276844547915,0.29887347777102,0.30272681473846,0.310347710584573,0.266828110549826,0.277655859043602,0.255381583819237,0.290757791377336,0.337323712094485,0.302974047383905,0.19096779388077,0.71745233785797,0.301862286899042,0.284379735057341,0.29721825171598,0.391228159409071,0.276425899476581
"sara1326",0.255274343483174,0.184932906754354,0.312332323623773,0.203852273108838,0.206502231963161,0.260447803671442,0.233817734751342,0.175149629120063,0.232967595622396,0.21463539763896,0.238250979176206,0.228462985676704,0.244729359059423,0.276318447211162,0.173855280463666,0.269392007647318,0.222032575347184,0.253434557409334,0.917469353260798,0.999999999995595,0.305209042739386,0.229239618954496,0.207778262017406,0.2136586041377,0.266964176756863,0.287699295609004,0.228503695325175,0.294912744909827,0.287409970673226,0.274155582812044,0.260871766749287,0.228262795905626,0.192856139741307,0.268120601270839,0.277902150020298,0.210979638104332,0.247326803063476,0.243326717757442,0.241053523790447,0.219252089791055,0.237040461805805,0.190061432219391,0.191681931061352,0.222672188966936,0.237339712483678,0.232518553781984,0.160599629549834,0.263769917342233,0.230883377548137,0.236996626306231,0.265647306994104,0.319139813033976,0.255064834273637,0.219846047167534,0.165570128916432,0.204222557414333,0.211279170212862,0.271399035632304,0.212721454030481,0.236483374168898,0.225330806248349,0.286711524997605,0.301878377532489,0.289536337300287,0.167495427678628,0.277438942543255,0.283466553032943,0.325188944768645,0.345204794104208,0.365982644474516,0.313061221519663,0.299559471364319,0.277099926419347,0.30301062966021,0.290030356678977,0.31005549327322,0.240467730643153,0.25452627113821,0.288822313186711,0.283466553032943,0.301321535716228,0.249536745460123,0.263152910842615,0.253454359304548,0.278652352213269,0.327708029584599,0.290581222050296,0.193475137036306,0.674008810569718,0.291710608168477,0.2741725676876,0.282300588550139,0.346192087734358,0.261690998342909
"binu1244",0.368459013092588,0.234999938916593,0.460912932710821,0.264940852970476,0.285745490666237,0.335755551501091,0.334699713818843,0.284687293731576,0.318381670472856,0.309801391356809,0.311445513132366,0.292586980593807,0.36444061482574,0.391352015083985,0.213660669547537,0.374398008674184,0.333721270037557,0.374425125700587,0.319511481768432,0.305209042739386,0.999999999995146,0.341373948737842,0.270043346233492,0.290250826187782,0.358341472937737,0.443573912643066,0.301229742436959,0.42388642628025,0.39902794509824,0.383720630286961,0.322747068591652,0.312966854391905,0.197739587018221,0.356216923048641,0.412900772947264,0.275795977322256,0.336554020051983,0.308441794199167,0.321168833859559,0.288670741658679,0.363673831104373,0.233577333716043,0.258705084206781,0.30996831337657,0.330830022296033,0.292899194632201,0.219673855943771,0.372367004220465,0.330119427400882,0.341467477327409,0.548102261227515,0.408911650436167,0.328816111684762,0.312514447191127,0.252806713510536,0.289412175165736,0.283132284665787,0.403155893001768,0.291262135920916,0.295984028995754,0.297861959310935,0.427184466017344,0.435135333788772,0.470610852658286,0.24509032420322,0.582474254984435,0.526835536448002,0.567333919516199,0.446761547074939,0.52388791850437,0.623922717333851,0.647413120962334,0.426291488088526,0.419288063989492,0.424521432439395,0.412575000916948,0.320388349513008,0.347340388546391,0.420549210589122,0.395126652336001,0.426327500947513,0.3438057510043,0.31910551191884,0.349203345524672,0.384442877479508,0.432465067805869,0.433920221309432,0.223927963217802,0.305209042739386,0.454388863638677,0.365858011422223,0.414876788539662,0.268607133104944,0.332538809370976
"boli1256",0.408223441970127,0.288585003415001,0.410843276746332,0.299559794331912,0.35213633723118,0.381541703148318,0.643090141184456,0.615371129419713,0.569181145155987,0.623389766321173,0.326405264304779,0.337304983942716,0.330602348315869,0.345008477307655,0.277105323125602,0.353560844727505,0.299231410251745,0.346456718888742,0.247317044730159,0.229239618954496,0.341373948737842,0.999999999993548,0.317302700245403,0.304192526916396,0.635552569595485,0.331845352043192,0.302252366356694,0.362385823502292,0.375865118011545,0.403660062751119,0.383349626681372,0.377712132171352,0.189967863256298,0.390380409542709,0.367353327745798,0.361304205215078,0.404620016693553,0.3389150407479,0.353425409473542,0.337287365179105,0.474421837965282,0.263666575321532,0.285817831025156,0.304620109509615,0.320181746413195,0.293893537754102,0.294474493280613,0.396256907286871,0.370938984020813,0.410527190717199,0.371363576965316,0.340777100546303,0.389901859971084,0.382449056874729,0.303588370357615,0.346002172448169,0.337285439781605,0.297454639687658,0.363759125704258,0.346724793876012,0.414083325715706,0.35256653722105,0.338061701889563,0.350388751569361,0.276406727697083,0.303257002199732,0.309301308074602,0.315936177418254,0.297580439921669,0.322110492782256,0.329441657729357,0.314538081821285,0.346901954547883,0.327803072198788,0.400421332349032,0.380505253588599,0.386144302670674,0.301860140778652,0.400262110211433,0.343043268955467,0.354081277644946,0.786412416239048,0.291006797660932,0.345063773463322,0.317947700589268,0.356924756292964,0.346700379216181,0.2761629842536,0.250564234671193,0.381489347455949,0.348666929102278,0.358713864025743,0.230727161471787,0.411142836317124
"cent2292",0.342981440230534,0.21314339662862,0.304997140663659,0.223473896222756,0.284604989413654,0.348924474022221,0.280478325663771,0.241105879413649,0.30604692017402,0.28321476437265,0.29279489085929,0.672192736719279,0.236480871559761,0.305377964357359,0.20476190476093,0.268437746095436,0.238007140319967,0.274064063879815,0.21973452573982,0.207778262017406,0.270043346233492,0.317302700245403,0.999999999994444,0.597489954089521,0.299798644180151,0.26755395199211,0.208866838260255,0.280233176901621,0.29152435552388,0.323268262697058,0.308651036780771,0.340039277809324,0.161172769389988,0.286983363775282,0.268870560892692,0.415742380107152,0.396045264900666,0.520729255946185,0.551813958670202,0.517475855361846,0.465840463596695,0.29152435552388,0.253696082206968,0.228314825567464,0.227206418872674,0.226300952741094,0.333378133188354,0.377925038036872,0.35315750568242,0.454012611034364,0.288032919927757,0.252982212812137,0.522619663932164,0.560635504859384,0.478920744343461,0.619218824534853,0.439192336288935,0.258774584751895,0.550472975014426,0.582208842381127,0.281160778556449,0.270043346233492,0.283349145667394,0.251726710209701,0.188096031214539,0.256284642889811,0.245271180673737,0.257172249935497,0.244280312018283,0.26154265121358,0.270042879559744,0.267143479736665,0.268259491656748,0.293876906821114,0.311939733451038,0.289340860780693,0.410258160623959,0.257247877712293,0.292956916266495,0.287019466745862,0.29914902555292,0.291903935041654,0.24966228487599,0.290556960675579,0.23245810500615,0.268124126596108,0.284955840454219,0.206128933392188,0.217672464970616,0.311737623931238,0.302675074022909,0.295886558307616,0.20847138283186,0.350589994102382
"guin1256",0.390155486266775,0.208266386020852,0.314243837311894,0.216940278785938,0.28118276088554,0.386733611024268,0.27289438504104,0.252534928171869,0.309333841884224,0.280659736635629,0.312074118585572,0.647452899355235,0.221910341515143,0.321170851592696,0.20566020916931,0.281447262409958,0.235145226946024,0.263329887178521,0.231565153229149,0.2136586041377,0.290250826187782,0.304192526916396,0.597489954089521,0.999999999996016,0.332957811454135,0.265049251401445,0.202143988919289,0.280459147262144,0.295366346739978,0.369352325135537,0.34554906564896,0.354409298101497,0.162078227459009,0.2948207171303,0.276479878964621,0.439135685397059,0.409431587696019,0.519561494777268,0.524605899433692,0.498295437143151,0.485526827354209,0.330633970231318,0.276686610095852,0.225569457290342,0.233108008562341,0.211295195839052,0.31008550807549,0.410862914771719,0.382350898492267,0.481697678733123,0.278761932048353,0.236550576617994,0.583005116263386,0.496544691461129,0.486680882261477,0.52437688872486,0.470248671841273,0.248358297730841,0.650865489027147,0.713604009866669,0.305557961380467,0.272659867024886,0.282798569218234,0.248699826068481,0.183420841121235,0.259586219650121,0.234219972228032,0.278761932048353,0.269824435136374,0.253124312261372,0.289088659485594,0.29325690763998,0.258975893685328,0.288160156767224,0.310778640699267,0.303165661976884,0.404592060746605,0.237210964081742,0.305678019612541,0.327024112167441,0.299012707703228,0.316409351806606,0.254570610591792,0.281204730863217,0.257424367301724,0.284934531185624,0.284124134073317,0.19342850736089,0.217847988532557,0.326632549814155,0.309347133131363,0.268465109436292,0.224254916336171,0.384213542356299
"boto1242",0.425692506305347,0.275584295754651,0.413718250378364,0.298955789463942,0.312389110759049,0.408542614413236,0.633512267156606,0.594980050283597,0.703063471963747,0.661016121703918,0.334941606158885,0.335912816295328,0.339248454772007,0.352942014091885,0.26960814839639,0.39202043662617,0.315830145128688,0.354351827129667,0.280783432018838,0.266964176756863,0.358341472937737,0.635552569595485,0.299798644180151,0.332957811454135,0.999999999995652,0.357271046569477,0.322035402471275,0.378624298219598,0.428294108122436,0.44939687585456,0.421142872833779,0.38874726723118,0.19604993428165,0.403711346388138,0.403507086192638,0.351968413572744,0.409514179672098,0.337516227871117,0.33618784831116,0.324880326252648,0.452864368409943,0.290134718405521,0.31284555362809,0.336631845008521,0.344016754339639,0.313129471425393,0.290088732373317,0.397584049147547,0.395470127609825,0.387793284769304,0.3731129192568,0.340364255006128,0.373425548556825,0.368562761704888,0.294082423903278,0.324618079208587,0.317078053830411,0.325582771020936,0.353747351489817,0.338850041887114,0.489167763176146,0.376717958729415,0.353617139212657,0.352593246412888,0.2823748763794,0.320079041620136,0.346244004258307,0.327611343737678,0.314758720777365,0.349422201839265,0.347072273367965,0.323858181639473,0.379705960387332,0.355760348296583,0.474810134716805,0.412148475087638,0.395094444521094,0.348947998820915,0.407259041861236,0.397026458216192,0.399133260084871,0.671406640193366,0.301997952151346,0.367202457055355,0.344059011020548,0.386025634654968,0.374064104628452,0.231636729485814,0.258211252928769,0.406657509347701,0.355477177705195,0.369263715384694,0.219315705961767,0.415053739679347
"butu1244",0.33026471094593,0.248304897428122,0.618952500248768,0.297168108743438,0.272980491286721,0.31239590204813,0.309089541053267,0.276740962688776,0.322951143129879,0.279251949635616,0.275229357796903,0.275094898818502,0.464613993521983,0.402806547684776,0.250967049308144,0.518818959433886,0.42739239886335,0.493280536886531,0.297281987194362,0.287699295609004,0.443573912643066,0.331845352043192,0.26755395199211,0.265049251401445,0.357271046569477,0.999999999995413,0.515149235088779,0.671325074562393,0.543992187955498,0.32638377825924,0.327999230603122,0.299477558376764,0.201373524952837,0.414673828805486,0.588975189265547,0.243725295503331,0.355202241813691,0.285777771419943,0.279091644255429,0.269237010938393,0.358174404828684,0.222327242033986,0.241005482088328,0.326014385663126,0.416883357379294,0.342722910825267,0.20361001589106,0.320207162557984,0.324967060671108,0.279774856157182,0.500087366764012,0.493280536886531,0.292240489584088,0.308465104732942,0.220151264570002,0.286543849085606,0.252293577980494,0.580016156503536,0.287851156076883,0.287722377950652,0.298064004984101,0.566264569331574,0.395403343646923,0.590905120841734,0.243428574521866,0.410963188477624,0.50738829845455,0.36454966922984,0.323305760569775,0.378311070487843,0.407424872837866,0.368614722499036,0.541148024644547,0.37010563839632,0.491871655902902,0.579307452554306,0.302007770310173,0.457119728037913,0.575187056564896,0.417291310878508,0.588219874901295,0.339514185808136,0.263900201724527,0.312515241758775,0.414333002355663,0.4395027044615,0.705798260329674,0.24298892242427,0.274213391127332,0.422501141977437,0.41254936416398,0.691365505053988,0.261109639373724,0.337311467905507
"capi1239",0.280439992260255,0.246564483785274,0.578794420766952,0.216630010926221,0.220794021656946,0.275591918121621,0.262820512818828,0.286251287036385,0.291630516362352,0.265384676103327,0.195214446981011,0.20393801941,0.418791715237706,0.359773252467276,0.19437403723828,0.457695863648813,0.407839656136192,0.447249428484583,0.241277915407417,0.228503695325175,0.301229742436959,0.302252366356694,0.208866838260255,0.202143988919289,0.322035402471275,0.515149235088779,0.99999999999359,0.596564370912446,0.492088756818992,0.314174786658648,0.297828018083766,0.269731035245675,0.15689663934644,0.348698380885773,0.69108899602052,0.211284666051295,0.309396987259795,0.221525920117074,0.229268625336121,0.215170929859809,0.285938815637907,0.201309036880497,0.177546548454937,0.291963647415202,0.450570173626807,0.243086217400684,0.140893990734442,0.279780907936034,0.273709681020996,0.229829871280785,0.414370965080083,0.373651421265601,0.2159167585426,0.243097632846982,0.199725085779496,0.227874680413528,0.216904941090012,0.457103745271522,0.228711471109543,0.213950106068732,0.286914367117012,0.635929456255802,0.320671117707962,0.433763237056454,0.26939673140092,0.286089705068945,0.364364430079293,0.270722363852321,0.268103476596105,0.275208366459935,0.284599516398598,0.265701971308343,0.426472238812224,0.310136288163903,0.428701487089972,0.568925587113916,0.25660311392778,0.405281869398498,0.584417243032295,0.353153216846084,0.526782951031403,0.275928509569519,0.218922704921999,0.248412682362853,0.340936620219135,0.367073496599263,0.523318022761018,0.173543832161639,0.223189655899008,0.380264659391961,0.353153216846084,0.459722946429088,0.187620535126193,0.304598140160976
"cebu1242",0.333337006972843,0.265651645777184,0.634034356567639,0.304931398150731,0.265852534486272,0.315301973017497,0.328384057382998,0.3084107018969,0.339536879690389,0.309482021475296,0.250010717423236,0.268241977044736,0.486521180125597,0.39751914011497,0.262036217362745,0.547092090102142,0.441762642848413,0.51720402163693,0.304525780886531,0.294912744909827,0.42388642628025,0.362385823502292,0.280233176901621,0.280459147262144,0.378624298219598,0.671325074562393,0.596564370912446,0.999999999995327,0.525180833312825,0.329419971809325,0.331050451940474,0.307061288756382,0.189389070516881,0.457364147842881,0.678118063092243,0.266491936074927,0.367940901969116,0.288436226539774,0.296011015139956,0.2832236344395,0.366201218927912,0.224395446960934,0.222095490363894,0.329047142929018,0.456826690660054,0.319302553457727,0.215528693743753,0.327869751574465,0.323890199229527,0.296735645392263,0.495305060343041,0.435031420068446,0.285741593547421,0.306617418307597,0.222199227410237,0.304984490517092,0.277789686025818,0.506302072926198,0.295291667745792,0.290398922823097,0.326622760519274,0.590583335491584,0.380519658910525,0.562734174441372,0.277058148562999,0.373307565763567,0.445103468088394,0.344354946714686,0.316572624637883,0.33777297451656,0.373831775699188,0.36296953219671,0.467453121397075,0.383005481142978,0.496447304720647,0.679147444195094,0.323868280753449,0.461372096146669,0.652505238607311,0.411601056511848,0.656659118228369,0.348026783522539,0.275700934578151,0.309984105252873,0.397687966142584,0.419482972917827,0.699718452719686,0.250358694275823,0.28130138745245,0.407048221165854,0.411601056511848,0.533039337240999,0.248036346876543,0.354634704762017
"cuyo1237",0.3693566003254,0.368722036503341,0.676382221682726,0.306445689281184,0.306196174959861,0.379847203246113,0.380250402996494,0.344835143319048,0.425543021912637,0.383960250876413,0.307473845366151,0.307724316553813,0.509064182063824,0.438458944035569,0.232029589090608,0.495089871184629,0.408875175061451,0.464232910423014,0.306563123014356,0.287409970673226,0.39902794509824,0.375865118011545,0.29152435552388,0.295366346739978,0.428294108122436,0.543992187955498,0.492088756818992,0.525180833312825,0.999999999995122,0.384655395692267,0.36274945635678,0.338239357954295,0.221819064816266,0.480521370069516,0.598365009119066,0.25552329936454,0.390389781094741,0.318855462805271,0.321951219510625,0.293284419018405,0.393340795151725,0.209756097559952,0.280946579973135,0.336192546207482,0.479029695668013,0.347985438607411,0.235572412210468,0.368488546010607,0.347679243397653,0.342299311635103,0.477143065782461,0.434601022523673,0.329617126542056,0.327734631042499,0.248142928352464,0.295489740516311,0.264900543700068,0.441857550841887,0.311436444954724,0.301490628554133,0.351279491861623,0.656936251076371,0.403006571847767,0.486499702853649,0.267051498100926,0.353161207009345,0.42542914446077,0.366291646459263,0.328423248090419,0.370115679225612,0.362852212107043,0.347673351620838,0.497713716415559,0.367166896563645,0.502929334738608,0.565226078200204,0.301704056049889,0.605308889923063,0.647066597825608,0.42542914446077,0.546844742323775,0.377466451145229,0.296011015139956,0.361166851035517,0.38956830886725,0.453223967333352,0.529724801209642,0.250575030190354,0.282774325984948,0.445593698709314,0.498778996954007,0.519859315160867,0.274541112219747,0.381660326691158
"casi1235",0.52482416160602,0.257437895401258,0.380298455191757,0.256748636077642,0.39916975447727,0.469194312793985,0.396852362095134,0.357477789822301,0.405771327226715,0.361764888462735,0.331046403662943,0.369668246443746,0.318774136492243,0.400335131446055,0.255096044033239,0.385677350324707,0.334977544538378,0.365094287631649,0.288642837905735,0.274155582812044,0.383720630286961,0.403660062751119,0.323268262697058,0.369352325135537,0.44939687585456,0.32638377825924,0.314174786658648,0.329419971809325,0.384655395692267,0.999999999995261,0.594313868579131,0.444527446416911,0.200034622291757,0.382388289552085,0.35919912489602,0.359215962348195,0.465559508125605,0.361908865201416,0.38946358813842,0.358464687324449,0.453901977605206,0.307724316553813,0.284023867527416,0.321336324395473,0.314779818441388,0.267970387691246,0.282676904754323,0.476420394522546,0.454181101819557,0.39523695162629,0.346794327481318,0.331018820786029,0.403800343972787,0.399051006964805,0.343465945600919,0.370692210440391,0.359022156085164,0.308057740045402,0.374127614529787,0.372645655121596,0.372217650113215,0.326162535743917,0.336481663066896,0.339063567851608,0.268491717644587,0.329538211747906,0.313297583606206,0.380048578061719,0.353149142210756,0.369745357781916,0.37177396818481,0.383817815936862,0.351834535271148,0.357146906448765,0.385565530615556,0.389539258873755,0.345348567258265,0.295680264928075,0.376881965440425,0.400056914451001,0.380480206341808,0.436767172252914,0.296477974628393,0.317656848150091,0.359215962348195,0.378752358891026,0.343847536343371,0.21096777063908,0.26958632309851,0.429452273575708,0.371137137502736,0.341609763071586,0.239385356024883,0.480957834017671
"dupa1235",0.496502312138769,0.247022632876088,0.368572964922599,0.256626311643974,0.392070416916572,0.439695626347162,0.398977156300894,0.352504324683376,0.371855786962122,0.36315015981031,0.327999230603122,0.357554685161428,0.276847342199414,0.343214762471701,0.246621893795958,0.357092948634743,0.298825019476853,0.362292916897592,0.275883210250172,0.260871766749287,0.322747068591652,0.383349626681372,0.308651036780771,0.34554906564896,0.421142872833779,0.327999230603122,0.297828018083766,0.331050451940474,0.36274945635678,0.594313868579131,0.999999999995074,0.438423645318037,0.194452611607586,0.358839414327766,0.352645269495337,0.349387751197006,0.498861006232894,0.364116283582018,0.372553495717774,0.337952054327254,0.477220668948914,0.294121180829822,0.275088003183185,0.302012604103756,0.300350491289986,0.262271588295442,0.272754157134014,0.456862786842868,0.475672480545322,0.373465500743911,0.319658508848262,0.322589583538951,0.37382447487996,0.406838102170516,0.32364044653543,0.367128027931591,0.323245618565396,0.281579273327782,0.391208567989881,0.35587206554076,0.330942835693276,0.332527282791399,0.362105987807884,0.311112059478828,0.241527418539916,0.30284514420655,0.304669224291086,0.334188441068638,0.325036568669454,0.306594606312631,0.340646117214111,0.330748132842846,0.343543898160525,0.33984186467655,0.36285181824697,0.383286994700549,0.37653824669026,0.269151946325404,0.364532019702638,0.334153342770868,0.369433247904143,0.406808387522277,0.263880795025015,0.30710446241895,0.290454877501126,0.316835565598701,0.32891804410003,0.215084603040526,0.260871766749287,0.373152801267318,0.314497263784347,0.323399094431675,0.23344556799277,0.485488378109357
"gadd1244",0.559167652505799,0.247022632876088,0.34463965551204,0.266891364109733,0.382144583576912,0.555659308021139,0.365260776895184,0.316656427257948,0.353262997614016,0.346127496069202,0.332752842640849,0.381713785510174,0.246755239786434,0.343214762471701,0.228685756065343,0.324994706060833,0.266808053104333,0.332515416878611,0.239098782216816,0.228262795905626,0.312966854391905,0.377712132171352,0.340039277809324,0.354409298101497,0.38874726723118,0.299477558376764,0.269731035245675,0.307061288756382,0.338239357954295,0.444527446416911,0.438423645318037,0.999999999995074,0.18022437173386,0.349979181875229,0.316476523906071,0.362016224131838,0.576353978074897,0.35440651601983,0.372553495717774,0.361530104629155,0.491681901341306,0.274513102107834,0.289566319140195,0.291774888710408,0.25920658837355,0.251343605449798,0.267607852282429,0.543426262244674,0.551443318154311,0.432433737703476,0.290598644407511,0.292812083519971,0.416412073284006,0.464957831052018,0.355473933079899,0.37792591110605,0.332752842640849,0.270749301276714,0.386318460890007,0.370299311441061,0.326530264550699,0.303186640192158,0.309695910625164,0.325926919454011,0.230792866604808,0.298113188828322,0.309583244037716,0.324501819588388,0.285032067910136,0.306594606312631,0.321454786666837,0.302797586405422,0.313231201264008,0.33984186467655,0.34989282473815,0.327872007514927,0.37653824669026,0.263768907398896,0.305418719210318,0.348895402010759,0.327872007514927,0.384818744953506,0.273476460298652,0.279185874926318,0.282035895544571,0.331687232736141,0.30727869909345,0.225576534896162,0.228262795905626,0.378128171950882,0.329239323024238,0.323399094431675,0.206917662539046,0.553456751044667
"gian1241",0.171716384648803,0.168461392991606,0.211990570836074,0.148244433231919,0.148123729595216,0.186078718410937,0.183947784061344,0.126549688416151,0.187957564738528,0.191205452001243,0.164760156779594,0.167470846569843,0.214392807997085,0.196477524613544,0.116562449291057,0.181557873439323,0.174676229191864,0.186349208200433,0.199210623999058,0.192856139741307,0.197739587018221,0.189967863256298,0.161172769389988,0.162078227459009,0.19604993428165,0.201373524952837,0.15689663934644,0.189389070516881,0.221819064816266,0.200034622291757,0.194452611607586,0.18022437173386,0.999999999995434,0.179139093507326,0.195876319500387,0.166164942396522,0.186521236796641,0.182292754180556,0.188782182822354,0.155119521990327,0.185639334755463,0.141586637116766,0.146363676683704,0.152777961779575,0.166372191955144,0.173600075751864,0.158551899286218,0.189833125219112,0.174270549342694,0.1750509947053,0.191184267716557,0.195905577851738,0.186788639506213,0.181858205876725,0.153242833270856,0.176731314349716,0.17849016984456,0.198110228244088,0.16478298918185,0.180572972769399,0.165684655466007,0.207155757828612,0.206424190147989,0.180669920922399,0.113684843483557,0.191344459981974,0.189244318600325,0.205173360476305,0.187762749631452,0.188723179169438,0.20324680738397,0.197341166246919,0.194562563335686,0.215011966469374,0.203784927472415,0.195625123524,0.183615330802633,0.176210749700977,0.189709864983011,0.198706534530341,0.182287046920091,0.185247427076622,0.180150579272155,0.182779849814695,0.17832335281578,0.209716494822379,0.187504883002462,0.141419552427277,0.206311219258142,0.215557887180018,0.193975426565333,0.201187361368017,0.16345902215558,0.186966927364673
"hanu1241",0.372815242432697,0.273060372782894,0.4993463716189,0.447727809409277,0.285645979312294,0.351971039246806,0.368912779777702,0.343877348999992,0.359496086514098,0.357203301172619,0.294974166882253,0.317208467469343,0.357221525365841,0.400420801985699,0.475841268274089,0.440212384795062,0.369513928058038,0.410616095261423,0.281186257492538,0.268120601270839,0.356216923048641,0.390380409542709,0.286983363775282,0.2948207171303,0.403711346388138,0.414673828805486,0.348698380885773,0.457364147842881,0.480521370069516,0.382388289552085,0.358839414327766,0.349979181875229,0.179139093507326,0.999999999996016,0.459444504750033,0.28392393452396,0.365875035813463,0.301258345711189,0.313000158485648,0.296856856170388,0.394490547225295,0.260098723248637,0.250645517380948,0.31303516521925,0.336711567923382,0.466814967551394,0.240663379401873,0.35896444132687,0.344494373889072,0.33586260168548,0.374586346189975,0.343667818860104,0.34469645560098,0.348452415060441,0.257654584726664,0.305886518422835,0.277874215178934,0.340883938061939,0.334228224095022,0.320040586243234,0.357145669146,0.422183019909501,0.32993166408794,0.390814012393327,0.265477533201787,0.348951967398523,0.362378070239597,0.348452415060441,0.328286396082589,0.343525852354719,0.358124757273199,0.356097673562834,0.377105248699689,0.375481416393656,0.450629029013937,0.448519061554842,0.334228224095022,0.459898807913581,0.474022436210753,0.41982825210685,0.448519061554842,0.380680001392322,0.29340341559732,0.306312296118862,0.329351764047794,0.351716061932255,0.416455922545821,0.330243793055179,0.255552448086269,0.429544175098067,0.415409007347831,0.411646501135647,0.243340441130739,0.371115353412334
"hili1240",0.353926869893247,0.288114318193526,0.676539206321183,0.292053466176152,0.296066887136931,0.33259178231113,0.34554449801026,0.301588394278723,0.371144738186722,0.333292650676496,0.270492309144177,0.279377097141349,0.502647372669733,0.404387146313744,0.267498772316892,0.522900563510868,0.416281732021331,0.478261894605812,0.286960705176892,0.277902150020298,0.412900772947264,0.367353327745798,0.268870560892692,0.276479878964621,0.403507086192638,0.588975189265547,0.69108899602052,0.678118063092243,0.598365009119066,0.35919912489602,0.352645269495337,0.316476523906071,0.195876319500387,0.459444504750033,0.99999999999585,0.262710840242891,0.377833757294488,0.289622096058519,0.292434027013077,0.284920192092459,0.376047299261575,0.229448236579491,0.249148811394749,0.342953638039823,0.502223031493208,0.325958914791367,0.212543349487028,0.335440324304054,0.332251945013068,0.320209891703589,0.493406435996331,0.437268017925314,0.299660313156415,0.297821902808596,0.214252121451989,0.287392956392793,0.266129529964432,0.487038074231826,0.309675579710448,0.29571712800489,0.356380465093287,0.745016612057019,0.3716897094976,0.484952912208191,0.280781363827947,0.356118053316319,0.428449855096351,0.351163139132524,0.32584924146319,0.345967606030927,0.365479215822443,0.346308833102218,0.472947567342917,0.365369413489209,0.515386297189276,0.648450634562042,0.327627787229894,0.484164668185412,0.700769445792015,0.401389864248161,0.60183000070464,0.353179686338426,0.273008570855319,0.333101272582402,0.394066260364337,0.413461277643984,0.619638227308744,0.24073263389918,0.269351314635058,0.415533778236887,0.414919859672256,0.515992493854596,0.228860220641898,0.369825138043955
"ibal1244",0.346010244721135,0.211087427539047,0.302684437153864,0.223679907706077,0.284143291441585,0.363344881455646,0.312125074848504,0.270591361873805,0.30981666965955,0.300623949504094,0.296532442862386,0.433536506282305,0.262287941064909,0.301212820765412,0.210744985307908,0.277716643480968,0.227994596773438,0.284143291441585,0.22003292320447,0.210979638104332,0.275795977322256,0.361304205215078,0.415742380107152,0.439135685397059,0.351968413572744,0.243725295503331,0.211284666051295,0.266491936074927,0.25552329936454,0.359215962348195,0.349387751197006,0.362016224131838,0.166164942396522,0.28392393452396,0.262710840242891,0.999999999996403,0.39731886640579,0.419011394050992,0.427268467789887,0.510417843669659,0.448989484221473,0.381190495773331,0.244349115256589,0.223084221141948,0.228530654898994,0.210110687449785,0.29024521286619,0.390401435245618,0.381294964027405,0.424115253273051,0.264879244270527,0.241733844957767,0.41244537066001,0.426290033747879,0.335498279547985,0.410605021593967,0.706803356959661,0.222107998506518,0.534877046928011,0.47670069987886,0.320506076064185,0.25490234267663,0.276857726235411,0.240534165865438,0.183459218079246,0.25878925217883,0.256148816333229,0.269017982462254,0.247840617529177,0.236223437947139,0.27879156389377,0.274671604324508,0.259030078950952,0.282106681143242,0.310066555440005,0.299906034469573,0.568306862361012,0.225397565718398,0.286245386522848,0.298140425568185,0.276229242274607,0.338233248141793,0.25009243231647,0.276743259718555,0.248201438848028,0.29189634976669,0.25887956358654,0.188278347090053,0.226902629659376,0.306114259337914,0.289742103721194,0.263598389985426,0.194951702980586,0.369227862084537
"iban1267",0.616120663550497,0.258050114804234,0.409440100639533,0.287636771199097,0.419637031365822,0.760097156123437,0.381221287873676,0.334831004001898,0.365605664736384,0.345888662283769,0.38324452406214,0.41805343586789,0.307697694413427,0.383046852001627,0.255702694221768,0.370815170191272,0.293802392530273,0.356203526624477,0.257683878022385,0.247326803063476,0.336554020051983,0.404620016693553,0.396045264900666,0.409431587696019,0.409514179672098,0.355202241813691,0.309396987259795,0.367940901969116,0.390389781094741,0.465559508125605,0.498861006232894,0.576353978074897,0.186521236796641,0.365875035813463,0.377833757294488,0.39731886640579,0.999999999995238,0.377089379444422,0.395209408021837,0.367044411805711,0.540290428036589,0.313275750261212,0.323845467042656,0.301969220837867,0.319573640034399,0.273979807767157,0.303588370357922,0.605216166783957,0.707724230785314,0.454153977925557,0.357142857141157,0.322047024071445,0.441979999937217,0.485714285711973,0.391230398215935,0.435272122044405,0.355202241813691,0.282170482873471,0.40867273863455,0.397173109451972,0.334057185071033,0.379825251201523,0.360704209679484,0.349580471942778,0.263853161190817,0.302407368378096,0.314042644310226,0.352380952379274,0.304823839487179,0.316266375107174,0.3396377556638,0.311448566820674,0.327835238716502,0.381862662728529,0.373741273719338,0.395005929828523,0.427904396923235,0.312261113173076,0.401994791430391,0.37201974787519,0.376844737652499,0.416185816607147,0.287748654104053,0.318412275728545,0.306266626187797,0.355316343362383,0.370196007801552,0.247574023367668,0.242746677080819,0.401123094295953,0.352694046686869,0.357097388824446,0.245171049548653,0.601433693797433
"amga1235",0.370555726505865,0.223163447196773,0.339656651196689,0.232682587884589,0.264122633542748,0.347622988943465,0.293521844155122,0.241418846460954,0.297764411501803,0.290793359721786,0.290462652918631,0.547625256554774,0.249118908937368,0.297113559550881,0.198864072285111,0.29261586129209,0.236655345785955,0.293469592825276,0.253768038863747,0.243326717757442,0.308441794199167,0.3389150407479,0.520729255946185,0.519561494777268,0.337516227871117,0.285777771419943,0.221525920117074,0.288436226539774,0.318855462805271,0.361908865201416,0.364116283582018,0.35440651601983,0.182292754180556,0.301258345711189,0.289622096058519,0.419011394050992,0.377089379444422,0.999999999995215,0.77298294013399,0.689368631505787,0.446567157583991,0.323686606181108,0.242572658086968,0.227018079878145,0.25140392395696,0.253094520495704,0.339817067322358,0.407601249314345,0.365079234420666,0.479454023852637,0.276850430478183,0.298360752705697,0.489671486220176,0.463008478558341,0.439225067915145,0.462916602738679,0.46848814986876,0.250824568629316,0.506037318608008,0.526089984580143,0.287018923939716,0.289164182061719,0.295826816177522,0.267678729135527,0.185138544915191,0.293802891732106,0.280892256398515,0.29594356361461,0.275982643911427,0.267487388726537,0.312078540190575,0.30301062966021,0.293765110004316,0.291866028706737,0.315033409348865,0.314029145709492,0.395191048817682,0.228123933706571,0.305857678208895,0.300264136150137,0.31858029274876,0.325075549336791,0.236423136508011,0.280652224950622,0.265512170487757,0.302496613997152,0.285774705190578,0.19646443249287,0.243326717757442,0.323626632558685,0.314793045963853,0.299109463425451,0.21438366410144,0.368421052629816
"bata1298",0.38854395618646,0.230451272814588,0.342954365923636,0.234941695115574,0.296318878993413,0.34618985612304,0.313147390702995,0.255653640736536,0.314531798804992,0.304909610990092,0.302743478514364,0.572174901092246,0.251537595843301,0.313844296783355,0.205256944195538,0.30344217911316,0.244263091595152,0.296318878993413,0.251656295011784,0.241053523790447,0.321168833859559,0.353425409473542,0.551813958670202,0.524605899433692,0.33618784831116,0.279091644255429,0.229268625336121,0.296011015139956,0.321951219510625,0.38946358813842,0.372553495717774,0.372553495717774,0.188782182822354,0.313000158485648,0.292434027013077,0.427268467789887,0.395209408021837,0.77298294013399,0.999999999995122,0.676509393202454,0.455699701700169,0.341463414632481,0.244927787668887,0.244503669969078,0.257939066898161,0.244677261520836,0.348237478919822,0.41634420133666,0.381190495773331,0.474329046122928,0.284357988698639,0.281502935043743,0.499134505906541,0.46750381192827,0.44348948897036,0.483528666299418,0.482497418882268,0.264036829161616,0.520682806408679,0.550340036249608,0.29419657443411,0.287105472692636,0.289216480973103,0.265363474283808,0.192277078632667,0.29665541388785,0.273839449308082,0.303636496407021,0.293590479353556,0.280087541035598,0.31988287119963,0.310588194114615,0.281535031507791,0.289868602550246,0.326689140513968,0.317078043868407,0.403894139550658,0.24105221280122,0.31372925955181,0.32273935097024,0.317078043868407,0.322761168370559,0.262590416656413,0.283377067735559,0.25552329936454,0.310359890673926,0.288549281959724,0.203592212029663,0.250324813167003,0.341621835677141,0.327629341136455,0.297062465806209,0.227024381258637,0.381660326691158
"kele1259",0.353772894854141,0.209371884706171,0.324566994704993,0.208811316405175,0.269214578036999,0.343046851310494,0.304825483968062,0.257370564494779,0.289222341422303,0.285167148204173,0.288197363821378,0.528060883477952,0.240051933650887,0.307089529959825,0.19315919025039,0.288062320381525,0.246893468231316,0.289009767598543,0.227414623320711,0.219252089791055,0.288670741658679,0.337287365179105,0.517475855361846,0.498295437143151,0.324880326252648,0.269237010938393,0.215170929859809,0.2832236344395,0.293284419018405,0.358464687324449,0.337952054327254,0.361530104629155,0.155119521990327,0.296856856170388,0.284920192092459,0.510417843669659,0.367044411805711,0.689368631505787,0.676509393202454,0.999999999996865,0.430680045909389,0.348030843901841,0.242543713196142,0.224588969962437,0.239596805891595,0.226655378883012,0.307899830450252,0.383632027222467,0.36266530997581,0.442963577740937,0.262726526345141,0.273173615949308,0.471849317349014,0.452044170329139,0.385147449676711,0.434993412356136,0.599147151102339,0.246220876667587,0.503223319918509,0.510230596205881,0.28512113866105,0.276967873753598,0.277458255700891,0.259999737373111,0.179827411804626,0.26801041225424,0.25088202633115,0.278181027894855,0.263278552124075,0.260615780722158,0.287050980850844,0.289858694978005,0.278083419196339,0.28659145354735,0.30668511762859,0.305757248059183,0.448609936361461,0.236179874380526,0.306514653924718,0.294002374606816,0.298389603527636,0.324520828454943,0.248777516737399,0.276164470575519,0.241776873317207,0.288289941405847,0.272743164766419,0.188317489885043,0.215535952675952,0.321486795050362,0.305762469591089,0.281797067266367,0.194689919616799,0.364048603154742
"ilok1237",0.490566037733535,0.261865895468839,0.40750420279382,0.3264559758776,0.412796491499833,0.472814560005423,0.423409400079209,0.391712408383298,0.418458576528,0.388673019378624,0.413993792594193,0.501183433605748,0.32391070760728,0.367620183284824,0.276432802574065,0.372988087548509,0.308078243576565,0.369088627693968,0.251966112835448,0.237040461805805,0.363673831104373,0.474421837965282,0.465840463596695,0.485526827354209,0.452864368409943,0.358174404828684,0.285938815637907,0.366201218927912,0.393340795151725,0.453901977605206,0.477220668948914,0.491681901341306,0.185639334755463,0.394490547225295,0.376047299261575,0.448989484221473,0.540290428036589,0.446567157583991,0.455699701700169,0.430680045909389,0.999999999995283,0.326185049638016,0.340023849730238,0.300541462386318,0.29793209793426,0.299418151208159,0.347475899756729,0.53176617789899,0.523134536661716,0.55298687832843,0.369672398130298,0.315667905264578,0.518607450601244,0.545029817756208,0.467256718483623,0.491328171044638,0.409342176947068,0.28613513479301,0.512014472739051,0.489413119482256,0.375656632954736,0.354103467127942,0.368323385541082,0.347927599931756,0.252101396663978,0.319499232959695,0.317366382345012,0.35545422897144,0.313169118911098,0.329525908881217,0.347421669239301,0.346443751870022,0.326285181622953,0.384807869833014,0.414243957144299,0.388619448242124,0.464162652856897,0.321319767359081,0.39527368539203,0.365452197851832,0.38410061744861,0.462633117652425,0.300472795017774,0.355154140923623,0.313056888081027,0.368169351975892,0.3811506850983,0.266937075222791,0.232481991386462,0.374883440054574,0.365452197851832,0.365146207845364,0.244011841874781,0.489323587565437
"ilon1239",0.283013498950631,0.163876460668151,0.242926009195909,0.18386741356871,0.241993751177954,0.312532508999967,0.246044378409496,0.208090172692529,0.235898849103744,0.225858971103772,0.236518342589347,0.31734070144612,0.16170274018498,0.258460009115704,0.174022191817956,0.251537595843804,0.212402688343611,0.237055103194731,0.201325036009428,0.190061432219391,0.233577333716043,0.263666575321532,0.29152435552388,0.330633970231318,0.290134718405521,0.222327242033986,0.201309036880497,0.224395446960934,0.209756097559952,0.307724316553813,0.294121180829822,0.274513102107834,0.141586637116766,0.260098723248637,0.229448236579491,0.381190495773331,0.313275750261212,0.323686606181108,0.341463414632481,0.348030843901841,0.326185049638016,0.999999999995122,0.212510874595064,0.203753058307565,0.212902086963562,0.157680901868983,0.256056969793987,0.296705063021528,0.305790177928056,0.303179390305377,0.216883211719301,0.202484567312166,0.329617126542056,0.327734631042499,0.279820748993204,0.284744659042991,0.378429348142955,0.21554026870336,0.330901222764394,0.320632890684554,0.267850612544488,0.228711139263625,0.24180394310866,0.196565536506525,0.149548838936518,0.207187908112149,0.215159567313493,0.25062060020897,0.213972722240728,0.20506409254392,0.253041674232543,0.254960457855281,0.211151273630843,0.251219455543547,0.279405185965894,0.248148034331797,0.437957500717581,0.16605819104084,0.235296944663857,0.268949459141866,0.229766698455368,0.26258535731842,0.219621075749,0.233369349899872,0.209445327347984,0.246317373550735,0.228255402147244,0.151389080740006,0.203968366284225,0.282209342515899,0.254279488643219,0.217845808257887,0.153109466430243,0.294699745926084
"ivat1242",0.308146613818028,0.204194182682262,0.277852263364464,0.199876227486938,0.244323860758082,0.30177535924788,0.289029264926641,0.245841140114436,0.283476293994113,0.266833489745159,0.726509279338727,0.276923270839231,0.221109105523155,0.286264584660624,0.174621978662035,0.247642198186299,0.207806388892874,0.229737361608346,0.199333424852103,0.191681931061352,0.258705084206781,0.285817831025156,0.253696082206968,0.276686610095852,0.31284555362809,0.241005482088328,0.177546548454937,0.222095490363894,0.280946579973135,0.284023867527416,0.275088003183185,0.289566319140195,0.146363676683704,0.250645517380948,0.249148811394749,0.244349115256589,0.323845467042656,0.242572658086968,0.244927787668887,0.242543713196142,0.340023849730238,0.212510874595064,0.99999999999734,0.23695599582226,0.235805638584158,0.204754889554727,0.204194182682262,0.289754459134211,0.293837543662987,0.2924664224483,0.25978812191334,0.226090736820912,0.295538226505944,0.270464346101559,0.226107540918899,0.261822316356963,0.230526982867096,0.226791248764823,0.276670715054474,0.268552913343903,0.265864082509707,0.255111958037242,0.255563643270854,0.239482800627745,0.189299409711374,0.23990750151659,0.241916670420199,0.245553156329047,0.235154307489671,0.243743311628349,0.253823417558735,0.243025305452785,0.245002975374687,0.271110617861905,0.282484173340311,0.257877635732651,0.276670715054474,0.229408555542899,0.260609687226176,0.281634332727993,0.251091382160739,0.306991158398045,0.232671466095508,0.246166405653428,0.250535168807389,0.258265501223039,0.248040618712502,0.173457097843677,0.198527714313543,0.285150503007419,0.249138063567071,0.27052740028909,0.191021888017691,0.306783067580577
"alab1246",0.325586584251844,0.240645152088743,0.368072664553519,0.21333409185476,0.257855311563369,0.296231924052076,0.321160012156723,0.266962332234895,0.318784786651725,0.30660462632499,0.286497490431232,0.241002243296605,0.318949405710346,0.308448958517017,0.191038935679047,0.337711135458718,0.277247748603399,0.345526117494914,0.224564432956055,0.222672188966936,0.30996831337657,0.304620109509615,0.228314825567464,0.225569457290342,0.336631845008521,0.326014385663126,0.291963647415202,0.329047142929018,0.336192546207482,0.321336324395473,0.302012604103756,0.291774888710408,0.152777961779575,0.31303516521925,0.342953638039823,0.223084221141948,0.301969220837867,0.227018079878145,0.244503669969078,0.224588969962437,0.300541462386318,0.203753058307565,0.23695599582226,0.999999999994681,0.295001124611345,0.215755909554132,0.192516121670995,0.294837883732193,0.301819828603812,0.291058875634283,0.317067681879761,0.29395505518224,0.265523824455117,0.276805119101378,0.187448067781757,0.241238255168241,0.222282535679404,0.320731259830215,0.24899094025331,0.234870856532425,0.275113603340929,0.335375552177928,0.277254903291855,0.31815377462644,0.423873838224131,0.270440932315397,0.270633691379245,0.271772298754081,0.24941880817638,0.271585834033104,0.289162640755804,0.256557087287992,0.288738775496759,0.287556234512317,0.408470318735637,0.340701020287594,0.27947962681494,0.26290235270543,0.337844607980472,0.326802948080598,0.32150659660942,0.319900780856938,0.229335887495982,0.319120880352196,0.266826225287428,0.293222911940323,0.332793565617445,0.179890612190677,0.212990789446635,0.361903328293583,0.316590355953079,0.341223138105378,0.220527138566773,0.312780465609889
"atii1237",0.289879879071172,0.27509139609722,0.50773604586436,0.235773717804179,0.256998268408735,0.290565986253589,0.314460433677043,0.274458478728366,0.322228666754808,0.298571492819058,0.25807064980623,0.238102683180025,0.35689659128884,0.333145702679344,0.209729002036445,0.385381295758548,0.320895000109943,0.381352269251671,0.245785081581785,0.237339712483678,0.330830022296033,0.320181746413195,0.227206418872674,0.233108008562341,0.344016754339639,0.416883357379294,0.450570173626807,0.456826690660054,0.479029695668013,0.314779818441388,0.300350491289986,0.25920658837355,0.166372191955144,0.336711567923382,0.502223031493208,0.228530654898994,0.319573640034399,0.25140392395696,0.257939066898161,0.239596805891595,0.29793209793426,0.212902086963562,0.235805638584158,0.295001124611345,0.999999999996564,0.255563931422816,0.202020244008896,0.277148667263438,0.288300210795654,0.254466204014179,0.388342651181042,0.348191202360222,0.248990464016233,0.258895100787361,0.190547360291767,0.238993463332069,0.230278425980944,0.379907747888762,0.253227918300668,0.240998841098641,0.254297643463203,0.535046085441733,0.306418063611972,0.371210566770385,0.242074592880364,0.296417219066944,0.332447782663686,0.279121280536374,0.250594562235306,0.281261962374512,0.296536623761789,0.287920306947412,0.388206388758519,0.312227453946547,0.371611176078779,0.44740981256582,0.26548088208941,0.391154469849239,0.489612444705594,0.344760663503081,0.416553963423349,0.326000339256323,0.256464107037223,0.275154724167451,0.326974629317022,0.339054356649989,0.426537911921243,0.192787852867027,0.221776452648683,0.344909423101543,0.336552076276818,0.382309240064361,0.208272696132861,0.316282355945853
"iray1237",0.272684387707431,0.21120455478444,0.345105717579402,0.557908913872684,0.22019275302406,0.257251572183597,0.28671707693414,0.225318785536644,0.288721171613726,0.302101964817843,0.226724387161331,0.219735717906822,0.293725228407043,0.308667949640362,0.36307625384865,0.33377866864511,0.260427986264967,0.341298767187293,0.239705459352783,0.232518553781984,0.292899194632201,0.293893537754102,0.226300952741094,0.211295195839052,0.313129471425393,0.342722910825267,0.243086217400684,0.319302553457727,0.347985438607411,0.267970387691246,0.262271588295442,0.251343605449798,0.173600075751864,0.466814967551394,0.325958914791367,0.210110687449785,0.273979807767157,0.253094520495704,0.244677261520836,0.226655378883012,0.299418151208159,0.157680901868983,0.204754889554727,0.215755909554132,0.255563931422816,0.999999999993939,0.176955167522098,0.293380277932106,0.275478456878607,0.245276227561561,0.290096267047578,0.297260216582481,0.257183301728574,0.268607654673684,0.182431864763241,0.245526590080241,0.231997047327873,0.258268739304509,0.244082662193501,0.245372596088671,0.264296570099988,0.336291667911046,0.29066373538018,0.31769496849682,0.202413227470038,0.278177856971723,0.327034970082082,0.295468420141052,0.244049314035574,0.278747336667476,0.308659135009136,0.289356422484247,0.280187900972776,0.306944418473513,0.359349734108321,0.32269526089469,0.23323454387379,0.406015375135618,0.338767468214945,0.327034970082082,0.32269526089469,0.286590693658231,0.223511787420409,0.29109003770108,0.28014758326638,0.291028733122287,0.331229679507396,0.384039104151956,0.227351474809051,0.336636594475454,0.310683221577978,0.347673859868092,0.229511055669884,0.285404459282389
"isin1239",0.266901778074009,0.193548387095734,0.245030630742159,0.187668234761595,0.264422682154888,0.297820310366162,0.264176232627079,0.224701765880539,0.27193438848111,0.266753622759511,0.233406603582435,0.328107121589839,0.226347954671112,0.232577139140923,0.182694339967531,0.222156325881372,0.189539352806385,0.20739033894501,0.168125508826239,0.160599629549834,0.219673855943771,0.294474493280613,0.333378133188354,0.31008550807549,0.290088732373317,0.20361001589106,0.140893990734442,0.215528693743753,0.235572412210468,0.282676904754323,0.272754157134014,0.267607852282429,0.158551899286218,0.240663379401873,0.212543349487028,0.29024521286619,0.303588370357922,0.339817067322358,0.348237478919822,0.307899830450252,0.347475899756729,0.256056969793987,0.204194182682262,0.192516121670995,0.202020244008896,0.176955167522098,0.999999999994624,0.296418795245672,0.285847558125793,0.308020551815267,0.217571665423177,0.222944614365886,0.321325760527001,0.34912662591161,0.277136997735311,0.315855324659595,0.307898072810871,0.192339199434516,0.306521659456425,0.316514984753854,0.244320065927065,0.219673855943771,0.219011206396718,0.196043045133518,0.145787007220555,0.197738929555078,0.195079682816336,0.212511859250545,0.20896348668909,0.210032360602422,0.220540988947096,0.209266183958874,0.21639575154702,0.248522929832769,0.257226921508933,0.231568122933106,0.316739048104973,0.196828105138383,0.236730023172918,0.251550117315802,0.226743787038666,0.292900357516023,0.215528693743753,0.221665743060035,0.20668977279865,0.237904869213603,0.20798091538213,0.169894260026642,0.184932906754354,0.239097382295623,0.236149089725038,0.218306305574265,0.16073945868648,0.289098102050364
"isna1241",0.527060282519352,0.251202368852265,0.383181753686801,0.29562516920239,0.348841139838597,0.599063268360033,0.367555310425771,0.32663196386209,0.36755961982753,0.348983611210371,0.352691947165316,0.424533024822071,0.287896791011363,0.375811918747261,0.227630524840908,0.340775793442689,0.281307237925741,0.324616060683138,0.273818049671364,0.263769917342233,0.372367004220465,0.396256907286871,0.377925038036872,0.410862914771719,0.397584049147547,0.320207162557984,0.279780907936034,0.327869751574465,0.368488546010607,0.476420394522546,0.456862786842868,0.543426262244674,0.189833125219112,0.35896444132687,0.335440324304054,0.390401435245618,0.605216166783957,0.407601249314345,0.41634420133666,0.383632027222467,0.53176617789899,0.296705063021528,0.289754459134211,0.294837883732193,0.277148667263438,0.293380277932106,0.296418795245672,0.999999999995305,0.616423318808871,0.508511735208901,0.321521088603977,0.32946107651423,0.5035300059782,0.487009884208965,0.42990180277002,0.442737320193918,0.357332630680649,0.274889974533286,0.405784555881275,0.408450704223435,0.336004071835882,0.329401580656565,0.348852303290987,0.342288936675563,0.251508913126533,0.318748352408218,0.326215075417031,0.368803601633974,0.327078417541968,0.338564940373994,0.346605165950148,0.350177304057792,0.335382545385289,0.379163952850554,0.35001473456226,0.360656858397032,0.41055849183282,0.29954397817742,0.35587206554076,0.369390600104579,0.338115804747217,0.397144100715642,0.299766630010939,0.327064121481175,0.316430636988554,0.372137036432949,0.32955425755816,0.25094570257115,0.268317674537788,0.398288266588197,0.331012355937869,0.335145004812019,0.243438370243264,0.497652688116352
"itaw1240",0.568445402041864,0.241871010721825,0.368129720862808,0.276310474225153,0.373203129057604,0.615208947010128,0.350540468676012,0.311435341024568,0.357480772684096,0.334565363157782,0.349339590221442,0.379860557885448,0.303431147506464,0.348772739833635,0.214576712313506,0.360003056364218,0.278153408063594,0.330793682573786,0.239678719919155,0.230883377548137,0.330119427400882,0.370938984020813,0.35315750568242,0.382350898492267,0.395470127609825,0.324967060671108,0.273709681020996,0.323890199229527,0.347679243397653,0.454181101819557,0.475672480545322,0.551443318154311,0.174270549342694,0.344494373889072,0.332251945013068,0.381294964027405,0.707724230785314,0.365079234420666,0.381190495773331,0.36266530997581,0.523134536661716,0.305790177928056,0.293837543662987,0.301819828603812,0.288300210795654,0.275478456878607,0.285847558125793,0.616423318808871,0.999999999996403,0.457708540661016,0.310405364379524,0.292625180738349,0.432663280986481,0.459399939281695,0.385369645426739,0.410605021593967,0.345277501963053,0.273007748164261,0.396979058266884,0.369853991285322,0.324276735782588,0.330119427400882,0.337929283493222,0.329152016447442,0.247669944406982,0.291137908701183,0.285542942797698,0.331099055338158,0.277752416196491,0.300648011932722,0.323890199229527,0.302536839545835,0.297884590793595,0.360930606756795,0.350670509128577,0.359098014956989,0.384442877479508,0.289796870209369,0.353597242175283,0.348530356650131,0.339367354794517,0.389907772163456,0.274691687954156,0.310143308305277,0.280575539567336,0.321509022931426,0.34024171214231,0.219658071605062,0.218941133881854,0.369888063366646,0.319136230185663,0.335875367884656,0.217620505652747,0.555916106958741
"bino1237",0.452006665764108,0.251550117315802,0.358118659115918,0.281596208162187,0.341600902325261,0.438616617048688,0.364364430079293,0.309919367267419,0.36166967464685,0.345278102160469,0.336678216731524,0.530195910718194,0.2821716125248,0.351625827639933,0.219178501878822,0.336204474498306,0.271476374597373,0.321797951465826,0.243098805774824,0.236996626306231,0.341467477327409,0.410527190717199,0.454012611034364,0.481697678733123,0.387793284769304,0.279774856157182,0.229829871280785,0.296735645392263,0.342299311635103,0.39523695162629,0.373465500743911,0.432433737703476,0.1750509947053,0.33586260168548,0.320209891703589,0.424115253273051,0.454153977925557,0.479454023852637,0.474329046122928,0.442963577740937,0.55298687832843,0.303179390305377,0.2924664224483,0.291058875634283,0.254466204014179,0.245276227561561,0.308020551815267,0.508511735208901,0.457708540661016,0.999999999995098,0.328536920201467,0.287142787461814,0.665568391240358,0.565276759758406,0.476330511619946,0.517026492561404,0.403065470734923,0.253879791723226,0.482932575077335,0.513309015729739,0.325728962080146,0.312198836413631,0.327947360715773,0.310348593151374,0.235580607606592,0.278500248816887,0.299019607841671,0.314042644310226,0.294309184172795,0.300828418796585,0.301521704188912,0.302054523723628,0.297343379681706,0.319636015901758,0.353343254828407,0.336280578965643,0.414639079611853,0.268491449755993,0.343981382264129,0.32352941176312,0.317854245871635,0.389358323095223,0.248875057425769,0.311920845803975,0.289742103721194,0.320996460927476,0.310841888247406,0.261654618619672,0.241643618978902,0.377200248657809,0.338235294115989,0.317642314659207,0.222287572089308,0.397123534908245
"kaga1256",0.341236059812583,0.288408951840026,0.531801510026061,0.292683030342941,0.307408522977288,0.318290684126689,0.359121503069405,0.299585635159593,0.356465523117974,0.323573264717074,0.280422822484493,0.285036433546289,0.42012569814141,0.405847259858866,0.224842024229486,0.4181532770242,0.372499461958024,0.444034533189416,0.280287726971717,0.265647306994104,0.548102261227515,0.371363576965316,0.288032919927757,0.278761932048353,0.3731129192568,0.500087366764012,0.414370965080083,0.495305060343041,0.477143065782461,0.346794327481318,0.319658508848262,0.290598644407511,0.191184267716557,0.374586346189975,0.493406435996331,0.264879244270527,0.357142857141157,0.276850430478183,0.284357988698639,0.262726526345141,0.369672398130298,0.216883211719301,0.25978812191334,0.317067681879761,0.388342651181042,0.290096267047578,0.217571665423177,0.321521088603977,0.310405364379524,0.328536920201467,0.999999999995238,0.42451653173054,0.307059789430067,0.309523809522336,0.234738238929561,0.302567206786965,0.275749108776418,0.399297853122837,0.298090703474613,0.293151580785979,0.321041970068266,0.519254773794488,0.398179971724106,0.519515423581629,0.279684350862267,0.446632420989188,0.497636805599281,0.466666666664445,0.3736550290488,0.410157955217116,0.471719105088611,0.458012598265697,0.447048052795231,0.372316096160316,0.458682472291915,0.476731294620632,0.346169849196325,0.412819776737286,0.489174384752644,0.36718832257811,0.481271592664638,0.345920678738408,0.287748654104053,0.362331210311793,0.389041390022336,0.403989815055861,0.510615183174555,0.263047399828147,0.270227432976761,0.425581819557901,0.425165426143075,0.494066250291356,0.250387454858198,0.329356546603356
"kala1388",0.330237193199866,0.254053165207637,0.467775537503044,0.263714721896096,0.2399999999988,0.32615089695094,0.339683110241456,0.288926047404107,0.332487963109944,0.320130692264187,0.268191359860638,0.25313203942461,0.363803437552294,0.350451985135361,0.203289278152763,0.396141520891076,0.327938031646224,0.399999999998,0.324268738226954,0.319139813033976,0.408911650436167,0.340777100546303,0.252982212812137,0.236550576617994,0.340364255006128,0.493280536886531,0.373651421265601,0.435031420068446,0.434601022523673,0.331018820786029,0.322589583538951,0.292812083519971,0.195905577851738,0.343667818860104,0.437268017925314,0.241733844957767,0.322047024071445,0.298360752705697,0.281502935043743,0.273173615949308,0.315667905264578,0.202484567312166,0.226090736820912,0.29395505518224,0.348191202360222,0.297260216582481,0.222944614365886,0.32946107651423,0.292625180738349,0.287142787461814,0.42451653173054,0.999999999995,0.281271463826109,0.287890521518413,0.197773319014137,0.277403429540906,0.244245702730224,0.452802122237214,0.256185612321454,0.281010918203314,0.297851330396515,0.443398175171747,0.398412749410063,0.487568223200469,0.205480466764521,0.390919661588829,0.460418607481874,0.395239529542227,0.382882468611579,0.45066901834995,0.406029325397216,0.389538301203235,0.656592712138139,0.381510470672858,0.396026667297489,0.423370315729335,0.290672137057034,0.347088732507968,0.456588333624362,0.34655164004012,0.441979999937217,0.337847753127373,0.256185169595863,0.303773733248318,0.373203129057604,0.433916561204656,0.440380927396997,0.232547225934715,0.305060115400124,0.41102885983395,0.366354590899556,0.486217065901136,0.277951691587436,0.313034232346961
"lubu1243",0.435259824611758,0.247173661943847,0.331056352706104,0.261302596916638,0.314642654449545,0.431648643557117,0.340068894704595,0.304176029056251,0.343804820188591,0.332485552916783,0.347035581381105,0.617303974119317,0.271717157910371,0.347508571439631,0.215365246126046,0.327602247126611,0.281921564952581,0.30987534150334,0.269426639377738,0.255064834273637,0.328816111684762,0.389901859971084,0.522619663932164,0.583005116263386,0.373425548556825,0.292240489584088,0.2159167585426,0.285741593547421,0.329617126542056,0.403800343972787,0.37382447487996,0.416412073284006,0.186788639506213,0.34469645560098,0.299660313156415,0.41244537066001,0.441979999937217,0.489671486220176,0.499134505906541,0.471849317349014,0.518607450601244,0.329617126542056,0.295538226505944,0.265523824455117,0.248990464016233,0.257183301728574,0.321325760527001,0.5035300059782,0.432663280986481,0.665568391240358,0.307059789430067,0.281271463826109,0.999999999995455,0.702515578847577,0.631962517379435,0.617152181790075,0.406396930827873,0.275682937902025,0.540197897767823,0.591301291423941,0.330615341101983,0.286539754468149,0.30206661455795,0.303593835446008,0.221696613917683,0.286363636362335,0.28794093521746,0.316364631534008,0.297815458075684,0.318651002724738,0.322611476585798,0.317712337428566,0.291179808090774,0.312457043588112,0.331953065153269,0.32825729726305,0.422763572166122,0.258543844996173,0.321772965719459,0.339864710420608,0.32825729726305,0.374932602232912,0.267306652028233,0.300364182479217,0.287094326635889,0.313858985351113,0.307639789183066,0.231803492896268,0.255064834273637,0.353666432078664,0.354025740021467,0.315432223205295,0.249727123803164,0.410391340832148
"limo1248",0.459720802803063,0.237810890113706,0.343553187892942,0.267451734623722,0.365962527353914,0.460808900899834,0.342546664466202,0.311334091440361,0.338185239881155,0.345888662283769,0.322486245857167,0.54631983096372,0.289945904351114,0.328325873144252,0.22925069137124,0.315587378886189,0.293802392530273,0.326926524436163,0.235080029073053,0.219846047167534,0.312514447191127,0.382449056874729,0.560635504859384,0.496544691461129,0.368562761704888,0.308465104732942,0.243097632846982,0.306617418307597,0.327734631042499,0.399051006964805,0.406838102170516,0.464957831052018,0.181858205876725,0.348452415060441,0.297821902808596,0.426290033747879,0.485714285711973,0.463008478558341,0.46750381192827,0.452044170329139,0.545029817756208,0.327734631042499,0.270464346101559,0.276805119101378,0.258895100787361,0.268607654673684,0.34912662591161,0.487009884208965,0.459399939281695,0.565276759758406,0.309523809522336,0.287890521518413,0.702515578847577,0.999999999995238,0.579020989359584,0.64759998645631,0.406613092602514,0.266198568748558,0.504831030077974,0.510651140723963,0.321041970068266,0.288474874330271,0.318543977379285,0.305882912949931,0.248021971519368,0.297754947326125,0.285054092527743,0.333333333331746,0.285157785326715,0.301441388774025,0.316051800409369,0.325188944768645,0.288097634023593,0.353222963023889,0.348258914147565,0.331441757212439,0.442328140639749,0.275213184491524,0.329345130328513,0.338199770795628,0.331441757212439,0.372945731764846,0.268879889900508,0.323902142551451,0.273156720653981,0.321244913176949,0.314879362957642,0.221785062600203,0.224426173150191,0.352205643772056,0.352694046686869,0.322855173457718,0.245171049548653,0.472555045126554
"lowe1412",0.358230150837444,0.171824938595893,0.252614238489667,0.187948597558707,0.229844668043456,0.369486092994928,0.254195563719359,0.263830675354295,0.280350657618781,0.268898225793299,0.266229436224189,0.504790859443774,0.233353340477267,0.254761273155945,0.154542492292468,0.241996056791762,0.28161384621604,0.245880342558116,0.178281186566159,0.165570128916432,0.252806713510536,0.303588370357615,0.478920744343461,0.486680882261477,0.294082423903278,0.220151264570002,0.199725085779496,0.222199227410237,0.248142928352464,0.343465945600919,0.32364044653543,0.355473933079899,0.153242833270856,0.257654584726664,0.214252121451989,0.335498279547985,0.391230398215935,0.439225067915145,0.44348948897036,0.385147449676711,0.467256718483623,0.279820748993204,0.226107540918899,0.187448067781757,0.190547360291767,0.182431864763241,0.277136997735311,0.42990180277002,0.385369645426739,0.476330511619946,0.234738238929561,0.197773319014137,0.631962517379435,0.579020989359584,0.999999999994286,0.581483804626199,0.332786795280236,0.209956263665905,0.474012587832254,0.466158581316889,0.247129197390139,0.215939067790249,0.251447422836195,0.223385295170651,0.173421993903821,0.249727123803164,0.216995010849086,0.239954644239107,0.226202371096777,0.216532784783135,0.253203770769804,0.255881108325395,0.217651824715193,0.261443492806634,0.251230736806418,0.253656012962755,0.363409650671395,0.185526731407708,0.23344556799277,0.269920623251303,0.243708718336765,0.278281945814501,0.211864379623714,0.234540063935052,0.213086745118315,0.250599848946786,0.228401620790532,0.152552111907056,0.180621958817926,0.267931911075686,0.259335500770859,0.23042144352509,0.165714285713339,0.345105410504757
"sout2908",0.401515494617124,0.231251219840061,0.309520507911899,0.236257244716667,0.310039127133954,0.391874622465556,0.307938757315579,0.242280704906673,0.320944378825664,0.292286522477866,0.302173513581184,0.524264697622838,0.270440076569095,0.32532608022239,0.20149183972976,0.290228374855277,0.26317589582259,0.29372127833743,0.221733526241486,0.204222557414333,0.289412175165736,0.346002172448169,0.619218824534853,0.52437688872486,0.324618079208587,0.286543849085606,0.227874680413528,0.304984490517092,0.295489740516311,0.370692210440391,0.367128027931591,0.37792591110605,0.176731314349716,0.305886518422835,0.287392956392793,0.410605021593967,0.435272122044405,0.462916602738679,0.483528666299418,0.434993412356136,0.491328171044638,0.284744659042991,0.261822316356963,0.241238255168241,0.238993463332069,0.245526590080241,0.315855324659595,0.442737320193918,0.410605021593967,0.517026492561404,0.302567206786965,0.277403429540906,0.617152181790075,0.64759998645631,0.581483804626199,0.999999999994083,0.395951500554655,0.272998234546696,0.514510533627975,0.505985508793049,0.285330632262112,0.278693205715153,0.302868965625523,0.286851306696182,0.211768369725427,0.295610708924658,0.280056016804094,0.291950813566369,0.274027115336612,0.269920221751838,0.304984490517092,0.301228272186142,0.287926300297884,0.313931948983702,0.312463015561442,0.313792346825379,0.407320839122147,0.247788688703073,0.313138612059299,0.306984479958333,0.303670013056818,0.325354340762268,0.257659310954095,0.281504885168151,0.258358215834406,0.303841188368209,0.308313207987641,0.195483024257075,0.209328121349692,0.343534737809859,0.328527250481725,0.321723008425106,0.226778683804218,0.409707797826187
"kaya1320",0.334916326593055,0.218508309736747,0.295619104596427,0.222876081557578,0.268191359860638,0.331046403662943,0.298244293998767,0.259444652520728,0.300523980412526,0.2956785349083,0.284403669723466,0.424298911737012,0.243922346599041,0.299867096609778,0.203369850301427,0.271024829555015,0.247166688499287,0.292137016991052,0.230726318419505,0.211279170212862,0.283132284665787,0.337285439781605,0.439192336288935,0.470248671841273,0.317078053830411,0.252293577980494,0.216904941090012,0.277789686025818,0.264900543700068,0.359022156085164,0.323245618565396,0.332752842640849,0.17849016984456,0.277874215178934,0.266129529964432,0.706803356959661,0.355202241813691,0.46848814986876,0.482497418882268,0.599147151102339,0.409342176947068,0.378429348142955,0.230526982867096,0.222282535679404,0.230278425980944,0.231997047327873,0.307898072810871,0.357332630680649,0.345277501963053,0.403065470734923,0.275749108776418,0.244245702730224,0.406396930827873,0.406613092602514,0.332786795280236,0.395951500554655,0.999999999995413,0.240367055848312,0.523794726631706,0.496553136140642,0.30232206219816,0.254819056199208,0.266667371296762,0.247798921643308,0.186455929421003,0.26484294368558,0.251323175870011,0.275749108776418,0.255749332988031,0.252207380325229,0.287049342226678,0.292194597102895,0.258385993749198,0.276408008422568,0.295956674314458,0.294109937450648,0.533232469453899,0.254532575839293,0.280463110225858,0.294000696300767,0.26737267040968,0.32359945834838,0.277789686025818,0.280186078818212,0.251849472020109,0.286632198561848,0.263108227223488,0.202490768686892,0.238250979176206,0.307273557801772,0.289258749586239,0.283267811098509,0.209911670869072,0.341996349404194
"kama1363",0.302031531170399,0.220624375821944,0.51564665505113,0.214391791076451,0.234584232002412,0.27618969797174,0.277968493746196,0.262703468744642,0.296350680749553,0.268205759234162,0.256043168186246,0.254944336589298,0.396942093016096,0.336489528430973,0.207019667801686,0.436636302318669,0.398869859572825,0.414613991446124,0.283044959701373,0.271399035632304,0.403155893001768,0.297454639687658,0.258774584751895,0.248358297730841,0.325582771020936,0.580016156503536,0.457103745271522,0.506302072926198,0.441857550841887,0.308057740045402,0.281579273327782,0.270749301276714,0.198110228244088,0.340883938061939,0.487038074231826,0.222107998506518,0.282170482873471,0.250824568629316,0.264036829161616,0.246220876667587,0.28613513479301,0.21554026870336,0.226791248764823,0.320731259830215,0.379907747888762,0.258268739304509,0.192339199434516,0.274889974533286,0.273007748164261,0.253879791723226,0.399297853122837,0.452802122237214,0.275682937902025,0.266198568748558,0.209956263665905,0.272998234546696,0.240367055848312,0.999999999994048,0.258019771521131,0.269603628869184,0.266776633639527,0.467660835882051,0.329956008796317,0.483125188884969,0.194697889485168,0.312093891964556,0.394323931825437,0.292818425623414,0.307822437663738,0.337021718265134,0.337534715284132,0.322606400845947,0.483154420374924,0.325538269923154,0.417855447016688,0.492392130628315,0.252644359614441,0.384622118016784,0.48193375627255,0.356512047951765,0.482239715563814,0.31423524944559,0.263698996315728,0.245514308068611,0.356298247604205,0.386372029496498,0.561370377794609,0.190297368838806,0.250916089546847,0.371901331834998,0.32950355947057,0.525037174355292,0.233284737406561,0.282844726326675
"kank1243",0.416310832974743,0.214565161619498,0.342120939744115,0.249655803760641,0.290672137057034,0.3693311066512,0.329121385255196,0.3024802495898,0.355295487339274,0.321066896497057,0.330320998776751,0.599563484823376,0.250926324961985,0.308477470713258,0.222563197445351,0.314653645587878,0.254263824790519,0.305452076229426,0.219093587498353,0.212721454030481,0.291262135920916,0.363759125704258,0.550472975014426,0.650865489027147,0.353747351489817,0.287851156076883,0.228711471109543,0.295291667745792,0.311436444954724,0.374127614529787,0.391208567989881,0.386318460890007,0.16478298918185,0.334228224095022,0.309675579710448,0.534877046928011,0.40867273863455,0.506037318608008,0.520682806408679,0.503223319918509,0.512014472739051,0.330901222764394,0.276670715054474,0.24899094025331,0.253227918300668,0.244082662193501,0.306521659456425,0.405784555881275,0.396979058266884,0.482932575077335,0.298090703474613,0.256185612321454,0.540197897767823,0.504831030077974,0.474012587832254,0.514510533627975,0.523794726631706,0.258019771521131,0.999999999995146,0.687446777022396,0.319763573966151,0.300970873784947,0.302702840896537,0.259816408238429,0.207793970520121,0.253658143299673,0.248783447767112,0.274051130613757,0.248200859486077,0.254459846130694,0.281003361241963,0.277462766126715,0.2908812506957,0.279525375992995,0.343047622173249,0.330060000733558,0.456310679609435,0.267184914266455,0.322747068591652,0.32683315687052,0.316307500702993,0.3438057510043,0.247663979399697,0.304860063553285,0.259081069605756,0.294862546231274,0.300736787046141,0.208305082063072,0.212721454030481,0.335852638341631,0.321955050051557,0.296340563242616,0.21067226125878,0.39037164578332
"nort2877",0.395295211889514,0.231106179344084,0.322433426882796,0.235498016144277,0.295545965696589,0.367928621512461,0.312696308869685,0.279970254738934,0.340332981321787,0.304668232009054,0.310925795527318,0.665101738887911,0.24676867800974,0.321477665434404,0.227630524840908,0.289855272583437,0.239632091566372,0.281010918203314,0.246885126752869,0.236483374168898,0.295984028995754,0.346724793876012,0.582208842381127,0.713604009866669,0.338850041887114,0.287722377950652,0.213950106068732,0.290398922823097,0.301490628554133,0.372645655121596,0.35587206554076,0.370299311441061,0.180572972769399,0.320040586243234,0.29571712800489,0.47670069987886,0.397173109451972,0.526089984580143,0.550340036249608,0.510230596205881,0.489413119482256,0.320632890684554,0.268552913343903,0.234870856532425,0.240998841098641,0.245372596088671,0.316514984753854,0.408450704223435,0.369853991285322,0.513309015729739,0.293151580785979,0.281010918203314,0.591301291423941,0.510651140723963,0.466158581316889,0.505985508793049,0.496553136140642,0.269603628869184,0.687446777022396,0.999999999995305,0.310157604771584,0.286436157092665,0.28838457072055,0.265153401650084,0.172912377774491,0.286411563033472,0.263850428646128,0.297879832088979,0.288024278133971,0.279684081178517,0.309134337198781,0.30924748929779,0.295925775339961,0.289112514048547,0.324712464593904,0.31106654036744,0.405784555881275,0.268013033106112,0.327017573740158,0.316620514375353,0.297541908177551,0.327375542481813,0.25292809407173,0.305259846715764,0.263007282691785,0.2996428085564,0.299978875469607,0.225338998227155,0.241031131364454,0.340002178794802,0.335809636458708,0.291430438966973,0.238258830450854,0.388643051671818
"pamp1243",0.319524032628166,0.244320065927065,0.355875919136864,0.280445690752116,0.253395907949274,0.324608415796409,0.372485318713314,0.358570865024833,0.453835865240452,0.416780965487987,0.289547890555984,0.311624079164552,0.274941603571884,0.311589820934881,0.232961787946928,0.355806781093666,0.267673091498916,0.311187957130688,0.230648059910153,0.225330806248349,0.297861959310935,0.414083325715706,0.281160778556449,0.305557961380467,0.489167763176146,0.298064004984101,0.286914367117012,0.326622760519274,0.351279491861623,0.372217650113215,0.330942835693276,0.326530264550699,0.165684655466007,0.357145669146,0.356380465093287,0.320506076064185,0.334057185071033,0.287018923939716,0.29419657443411,0.28512113866105,0.375656632954736,0.267850612544488,0.265864082509707,0.275113603340929,0.254297643463203,0.264296570099988,0.244320065927065,0.336004071835882,0.324276735782588,0.325728962080146,0.321041970068266,0.297851330396515,0.330615341101983,0.321041970068266,0.247129197390139,0.285330632262112,0.30232206219816,0.266776633639527,0.319763573966151,0.310157604771584,0.999999999996047,0.315383251035108,0.294482141869897,0.283102711305612,0.240387393545241,0.262796809593884,0.242095850194703,0.273319515058118,0.273235082968732,0.279134889634451,0.28364608150358,0.279577111456285,0.321306442476886,0.317460324963625,0.456583048314289,0.347466576691621,0.359186480345539,0.284490186747945,0.344180549121007,0.343335933003397,0.351603083556997,0.384096668157363,0.275050745700441,0.345112179688836,0.271487499724957,0.310412892522126,0.310135764993866,0.216157871692742,0.225330806248349,0.329795648426657,0.308121991156894,0.31196885661981,0.185346898042605,0.339204182837846
"kina1250",0.325392375198649,0.296304270807878,0.674738520050893,0.300605967793424,0.305452076229426,0.335755551501091,0.351434699509786,0.3024802495898,0.355295487339274,0.349230659347676,0.273694541843594,0.273400949079459,0.495878213615352,0.405164439145772,0.235916989292072,0.493886734846796,0.391990063218717,0.453251467953342,0.296689233070687,0.286711524997605,0.427184466017344,0.35256653722105,0.270043346233492,0.272659867024886,0.376717958729415,0.566264569331574,0.635929456255802,0.590583335491584,0.656936251076371,0.326162535743917,0.332527282791399,0.303186640192158,0.207155757828612,0.422183019909501,0.745016612057019,0.25490234267663,0.379825251201523,0.289164182061719,0.287105472692636,0.276967873753598,0.354103467127942,0.228711139263625,0.255111958037242,0.335375552177928,0.535046085441733,0.336291667911046,0.219673855943771,0.329401580656565,0.330119427400882,0.312198836413631,0.519254773794488,0.443398175171747,0.286539754468149,0.288474874330271,0.215939067790249,0.278693205715153,0.254819056199208,0.467660835882051,0.300970873784947,0.286436157092665,0.315383251035108,0.999999999995146,0.368919087342654,0.500024030949429,0.293042778938632,0.371092468901374,0.453663934163557,0.360593592912839,0.327625134521622,0.344269203588586,0.376258737934154,0.342204078222948,0.48647381581867,0.351816421508424,0.480266671042548,0.582189167960582,0.334951456309054,0.539713526818239,0.65527435138305,0.40976097279289,0.582189167960582,0.349262985147226,0.290528898911183,0.338117525031826,0.401157785196009,0.422636316264826,0.558511175942834,0.255173725527263,0.268214007255824,0.414876788539662,0.414639079611853,0.508717966899824,0.242273100447597,0.337358212405338
"magu1243",0.345011778861267,0.238921316069147,0.412041452797954,0.277995238129901,0.268808602011608,0.336481663066896,0.336976428777859,0.283156587611877,0.328190170630249,0.312823429808144,0.294253651086082,0.275728029457595,0.296873105134112,0.349902459017054,0.221185812689503,0.360904559183346,0.299347113721003,0.345611059729211,0.31575520715049,0.301878377532489,0.435135333788772,0.338061701889563,0.283349145667394,0.282798569218234,0.353617139212657,0.395403343646923,0.320671117707962,0.380519658910525,0.403006571847767,0.336481663066896,0.362105987807884,0.309695910625164,0.206424190147989,0.32993166408794,0.3716897094976,0.276857726235411,0.360704209679484,0.295826816177522,0.289216480973103,0.277458255700891,0.368323385541082,0.24180394310866,0.255563643270854,0.277254903291855,0.306418063611972,0.29066373538018,0.219011206396718,0.348852303290987,0.337929283493222,0.327947360715773,0.398179971724106,0.398412749410063,0.30206661455795,0.318543977379285,0.251447422836195,0.302868965625523,0.266667371296762,0.329956008796317,0.302702840896537,0.28838457072055,0.294482141869897,0.368919087342654,0.999999999995392,0.391659171358801,0.223223818751265,0.375294884753817,0.370723103417831,0.496553847091238,0.406271451800316,0.393765666623162,0.413003044427277,0.477598627140952,0.400687072575394,0.62452327859699,0.392731759451801,0.379649706825886,0.312162304674554,0.328009348687205,0.376399645221353,0.365970243117602,0.348384436851989,0.36688116935514,0.334114822458022,0.361839847996259,0.403072277901554,0.454878813617844,0.368362092196397,0.228326401115874,0.297372730106631,0.404224731215641,0.323194500415545,0.40903693039678,0.277105323125602,0.356870444912566
"mama1275",0.362424583262246,0.263110402679195,0.527834497045988,0.27269638553535,0.263684855404335,0.334219802596585,0.35489719395528,0.317439262636164,0.344816954306706,0.307165446511596,0.271625741032088,0.266407089026263,0.404231044491371,0.395207793071625,0.23824135073436,0.426353141454443,0.379804068321813,0.442791549641242,0.295002929516154,0.289536337300287,0.470610852658286,0.350388751569361,0.251726710209701,0.248699826068481,0.352593246412888,0.590905120841734,0.433763237056454,0.562734174441372,0.486499702853649,0.339063567851608,0.311112059478828,0.325926919454011,0.180669920922399,0.390814012393327,0.484952912208191,0.240534165865438,0.349580471942778,0.267678729135527,0.265363474283808,0.259999737373111,0.347927599931756,0.196565536506525,0.239482800627745,0.31815377462644,0.371210566770385,0.31769496849682,0.196043045133518,0.342288936675563,0.329152016447442,0.310348593151374,0.519515423581629,0.487568223200469,0.303593835446008,0.305882912949931,0.223385295170651,0.286851306696182,0.247798921643308,0.483125188884969,0.259816408238429,0.265153401650084,0.283102711305612,0.500024030949429,0.391659171358801,0.99999999999505,0.247505065511867,0.388979601665198,0.492616814525991,0.398133315268164,0.330853046307421,0.428278167048981,0.394394891488825,0.401614919481043,0.501395988933584,0.369883334805456,0.424373667066384,0.499967852892499,0.289229586529572,0.404726012283145,0.498766952497804,0.374388779039753,0.509226516834953,0.352704082875413,0.254913771328143,0.291071118954309,0.384010685855349,0.421837526976634,0.611738133537676,0.241911008207267,0.275526514527693,0.43392735555174,0.403945787911312,0.538668441374574,0.25529748019503,0.33581513291548
"cama1250",0.252101396663978,0.196251740489209,0.297274440580306,0.20691065980204,0.200073086060192,0.252698087194906,0.26939673140092,0.247369412838817,0.268417230411361,0.2843898296364,0.222711249030643,0.189523565396179,0.275411316375816,0.242563494684729,0.146568336011449,0.275411316376418,0.250004225362562,0.259554273807817,0.170334610331125,0.167495427678628,0.24509032420322,0.276406727697083,0.188096031214539,0.183420841121235,0.2823748763794,0.243428574521866,0.26939673140092,0.277058148562999,0.267051498100926,0.268491717644587,0.241527418539916,0.230792866604808,0.113684843483557,0.265477533201787,0.280781363827947,0.183459218079246,0.263853161190817,0.185138544915191,0.192277078632667,0.179827411804626,0.252101396663978,0.149548838936518,0.189299409711374,0.423873838224131,0.242074592880364,0.202413227470038,0.145787007220555,0.251508913126533,0.247669944406982,0.235580607606592,0.279684350862267,0.205480466764521,0.221696613917683,0.248021971519368,0.173421993903821,0.211768369725427,0.186455929421003,0.194697889485168,0.207793970520121,0.172912377774491,0.240387393545241,0.293042778938632,0.223223818751265,0.247505065511867,0.999999999994152,0.211385143502907,0.208810084014934,0.211082528952654,0.185245534935331,0.224526959795392,0.209100489481509,0.203024760822579,0.2146781763213,0.24332494474568,0.334162976043996,0.271700047709669,0.239762273677063,0.240470242216833,0.284465626280345,0.246288817043255,0.251574118249693,0.281517891146693,0.188190440533358,0.267686258670066,0.20180513988717,0.231938247667652,0.268781223315401,0.154326033290985,0.162419808658063,0.287310353309239,0.26235113119825,0.243942752809731,0.184983460164076,0.259193962881268
"atam1240",0.32876008029186,0.217512822510586,0.395428421287846,0.256372359238966,0.262202212041288,0.301689912163576,0.31307929988677,0.258262666179836,0.290224848211148,0.283430307404471,0.287674231934337,0.259917462787081,0.306404454664887,0.338598095248871,0.189521416590921,0.323748103042768,0.31267664476559,0.328944593288161,0.295927620300139,0.277438942543255,0.582474254984435,0.303257002199732,0.256284642889811,0.259586219650121,0.320079041620136,0.410963188477624,0.286089705068945,0.373307565763567,0.353161207009345,0.329538211747906,0.30284514420655,0.298113188828322,0.191344459981974,0.348951967398523,0.356118053316319,0.25878925217883,0.302407368378096,0.293802891732106,0.29665541388785,0.26801041225424,0.319499232959695,0.207187908112149,0.23990750151659,0.270440932315397,0.296417219066944,0.278177856971723,0.197738929555078,0.318748352408218,0.291137908701183,0.278500248816887,0.446632420989188,0.390919661588829,0.286363636362335,0.297754947326125,0.249727123803164,0.295610708924658,0.26484294368558,0.312093891964556,0.253658143299673,0.286411563033472,0.262796809593884,0.371092468901374,0.375294884753817,0.388979601665198,0.211385143502907,0.999999999995455,0.646687018439213,0.58620505254831,0.451526662243779,0.487632595078766,0.829572368363481,0.644374318164979,0.378533750518006,0.363755961192131,0.369297784983011,0.350436844375419,0.300631873540353,0.29991086019556,0.35489665336705,0.349305396821181,0.36374457264284,0.301002229961634,0.299567799686813,0.295000536363517,0.355835221745891,0.385190572930912,0.378313794806203,0.216685873794337,0.286388585851102,0.391900640952033,0.320983337619463,0.406238469279546,0.275209483374915,0.321784119516116
"diba1242",0.322174963895694,0.236149089725038,0.434517306393981,0.286716139219681,0.267339836602379,0.327757472080338,0.319519577146457,0.274159440275024,0.310664976940243,0.294335431349908,0.279774856157182,0.240998141235543,0.348211777158263,0.370132450147297,0.214705471228234,0.376228816700486,0.324707036283133,0.386157541758991,0.293553274897901,0.283466553032943,0.526835536448002,0.309301308074602,0.245271180673737,0.234219972228032,0.346244004258307,0.50738829845455,0.364364430079293,0.445103468088394,0.42542914446077,0.313297583606206,0.304669224291086,0.309583244037716,0.189244318600325,0.362378070239597,0.428449855096351,0.256148816333229,0.314042644310226,0.280892256398515,0.273839449308082,0.25088202633115,0.317366382345012,0.215159567313493,0.241916670420199,0.270633691379245,0.332447782663686,0.327034970082082,0.195079682816336,0.326215075417031,0.285542942797698,0.299019607841671,0.497636805599281,0.460418607481874,0.28794093521746,0.285054092527743,0.216995010849086,0.280056016804094,0.251323175870011,0.394323931825437,0.248783447767112,0.263850428646128,0.242095850194703,0.453663934163557,0.370723103417831,0.492616814525991,0.208810084014934,0.646687018439213,0.999999999995098,0.536288207975924,0.404051591830447,0.476311663094593,0.622187643564421,0.552992128047872,0.498932111669304,0.353536805467096,0.387815767494593,0.437625410982687,0.307320729594668,0.35977854267303,0.437347757450107,0.352941176468858,0.442231994256188,0.312583442484898,0.272805351409016,0.30078081559669,0.398920287732078,0.429641416933699,0.466262832371109,0.245955341502491,0.283466553032943,0.42683186032331,0.352941176468858,0.486389794321911,0.275213184491524,0.309950076025947
"ilia1236",0.374411787849917,0.232751083941074,0.381202852319566,0.267451734623722,0.29764952224785,0.356295541932861,0.314921933460863,0.264340266317288,0.310764815025926,0.30125786715038,0.285096536192568,0.270784611868975,0.295863167705219,0.392167015144523,0.211616022804222,0.331366747830498,0.293802392530273,0.331806024800882,0.325495424870381,0.325188944768645,0.567333919516199,0.315936177418254,0.257172249935497,0.278761932048353,0.327611343737678,0.36454966922984,0.270722363852321,0.344354946714686,0.366291646459263,0.380048578061719,0.334188441068638,0.324501819588388,0.205173360476305,0.348452415060441,0.351163139132524,0.269017982462254,0.352380952379274,0.29594356361461,0.303636496407021,0.278181027894855,0.35545422897144,0.25062060020897,0.245553156329047,0.271772298754081,0.279121280536374,0.295468420141052,0.212511859250545,0.368803601633974,0.331099055338158,0.314042644310226,0.466666666664445,0.395239529542227,0.316364631534008,0.333333333331746,0.239954644239107,0.291950813566369,0.275749108776418,0.292818425623414,0.274051130613757,0.297879832088979,0.273319515058118,0.360593592912839,0.496553847091238,0.398133315268164,0.211082528952654,0.58620505254831,0.536288207975924,0.999999999995238,0.545733002952852,0.538641170104405,0.674558320276713,0.774041291069027,0.357638442236184,0.453461911990128,0.369494213790709,0.326901459168433,0.307706532618956,0.322846235653519,0.358404994769264,0.36718832257811,0.358683545476475,0.31889562571197,0.325486182511141,0.351351476665981,0.389041390022336,0.452663286749338,0.353175501695734,0.232100646907189,0.306868440838017,0.454932289872239,0.357525471983949,0.366880878929225,0.312984318572748,0.338903113171569
"cota1241",0.337635456326028,0.235083922525227,0.340130593568417,0.255294914485841,0.261972215365817,0.313910348631783,0.29092079375322,0.236533114736628,0.287825520314614,0.27071918221117,0.260574792101013,0.279576404250181,0.250484749502804,0.367234731702872,0.200279510474769,0.301396283955207,0.270840645187566,0.282123924240111,0.359401306539923,0.345204794104208,0.446761547074939,0.297580439921669,0.244280312018283,0.269824435136374,0.314758720777365,0.323305760569775,0.268103476596105,0.316572624637883,0.328423248090419,0.353149142210756,0.325036568669454,0.285032067910136,0.187762749631452,0.328286396082589,0.32584924146319,0.247840617529177,0.304823839487179,0.275982643911427,0.293590479353556,0.263278552124075,0.313169118911098,0.213972722240728,0.235154307489671,0.24941880817638,0.250594562235306,0.244049314035574,0.20896348668909,0.327078417541968,0.277752416196491,0.294309184172795,0.3736550290488,0.382882468611579,0.297815458075684,0.285157785326715,0.226202371096777,0.274027115336612,0.255749332988031,0.307822437663738,0.248200859486077,0.288024278133971,0.273235082968732,0.327625134521622,0.406271451800316,0.330853046307421,0.185245534935331,0.451526662243779,0.404051591830447,0.545733002952852,0.999999999994924,0.535721258388884,0.477294110992501,0.539086938738078,0.358993241427898,0.394260919873468,0.324486507601539,0.300013550721336,0.282948979814128,0.256826766625707,0.335037693859283,0.334215514230123,0.323452109371441,0.306927480384433,0.311702276566531,0.289073658927322,0.320483557149798,0.38695421650715,0.298743128963529,0.223660690746072,0.335747128512312,0.398994987722861,0.319250640458625,0.348489293074398,0.344689327385566,0.305552212901938
"sara1327",0.359035691766103,0.231035596662665,0.371173580782371,0.26707428054368,0.273439629111205,0.345095667263121,0.32107642753659,0.28651080774904,0.313010716271975,0.295261726572337,0.286158373830548,0.300726224329292,0.294750450471635,0.392774283925224,0.2196043252174,0.331594256781268,0.294004110640164,0.298758113288169,0.356548263864133,0.365982644474516,0.52388791850437,0.322110492782256,0.26154265121358,0.253124312261372,0.349422201839265,0.378311070487843,0.275208366459935,0.33777297451656,0.370115679225612,0.369745357781916,0.306594606312631,0.306594606312631,0.188723179169438,0.343525852354719,0.345967606030927,0.236223437947139,0.316266375107174,0.267487388726537,0.280087541035598,0.260615780722158,0.329525908881217,0.20506409254392,0.243743311628349,0.271585834033104,0.281261962374512,0.278747336667476,0.210032360602422,0.338564940373994,0.300648011932722,0.300828418796585,0.410157955217116,0.45066901834995,0.318651002724738,0.301441388774025,0.216532784783135,0.269920221751838,0.252207380325229,0.337021718265134,0.254459846130694,0.279684081178517,0.279134889634451,0.344269203588586,0.393765666623162,0.428278167048981,0.224526959795392,0.487632595078766,0.476311663094593,0.538641170104405,0.535721258388884,0.999999999994872,0.518897613025439,0.546597456033369,0.438150150824893,0.371510262120191,0.36140535498617,0.329818296610548,0.279406889868997,0.313063970735502,0.356856017183554,0.345952681616073,0.362800126271603,0.330933630503229,0.2937156300144,0.307643618346522,0.352187671121189,0.424291128955928,0.370923292492764,0.224804742664253,0.327958473620021,0.421341511109638,0.335925067656187,0.385806684871476,0.29773257907681,0.33188250082737
"mati1250",0.370896106350064,0.230565579353782,0.391609455527071,0.26494039511457,0.299688311602707,0.334125971406601,0.333857125006048,0.267677212967121,0.312373929315158,0.309482021475296,0.300938826527969,0.282359975836564,0.304808450199169,0.37493282533571,0.213996244179575,0.339978655992046,0.317029661338273,0.343191453609552,0.32243906211515,0.313061221519663,0.623922717333851,0.329441657729357,0.270042879559744,0.289088659485594,0.347072273367965,0.407424872837866,0.284599516398598,0.373831775699188,0.362852212107043,0.37177396818481,0.340646117214111,0.321454786666837,0.20324680738397,0.358124757273199,0.365479215822443,0.27879156389377,0.3396377556638,0.312078540190575,0.31988287119963,0.287050980850844,0.347421669239301,0.253041674232543,0.253823417558735,0.289162640755804,0.296536623761789,0.308659135009136,0.220540988947096,0.346605165950148,0.323890199229527,0.301521704188912,0.471719105088611,0.406029325397216,0.322611476585798,0.316051800409369,0.253203770769804,0.304984490517092,0.287049342226678,0.337534715284132,0.281003361241963,0.309134337198781,0.28364608150358,0.376258737934154,0.413003044427277,0.394394891488825,0.209100489481509,0.829572368363481,0.622187643564421,0.674558320276713,0.477294110992501,0.518897613025439,0.999999999995327,0.716864826088503,0.364121378772459,0.397190869333459,0.391267791008645,0.359813215467599,0.31434274308423,0.319814748465304,0.359837447761385,0.373312586138653,0.382301541434324,0.321255492482344,0.31308411214807,0.326299058160919,0.389488214263355,0.424304616284698,0.379365426173324,0.229921249845144,0.317598340672121,0.426431469792799,0.354168350952055,0.392510784695645,0.304878009702418,0.354634704762017
"west2555",0.351002222289365,0.223866150281586,0.38475721026117,0.257242154161153,0.267514255043186,0.319848179947385,0.308214286717678,0.276849413770423,0.303297435810289,0.29512367175357,0.283203994115113,0.274155582812044,0.28456902216212,0.372810603380139,0.203537889323317,0.337688572966356,0.317910278338013,0.34729920830168,0.313070111065296,0.299559471364319,0.647413120962334,0.314538081821285,0.267143479736665,0.29325690763998,0.323858181639473,0.368614722499036,0.265701971308343,0.36296953219671,0.347673351620838,0.383817815936862,0.330748132842846,0.302797586405422,0.197341166246919,0.356097673562834,0.346308833102218,0.274671604324508,0.311448566820674,0.30301062966021,0.310588194114615,0.289858694978005,0.346443751870022,0.254960457855281,0.243025305452785,0.256557087287992,0.287920306947412,0.289356422484247,0.209266183958874,0.350177304057792,0.302536839545835,0.302054523723628,0.458012598265697,0.389538301203235,0.317712337428566,0.325188944768645,0.255881108325395,0.301228272186142,0.292194597102895,0.322606400845947,0.277462766126715,0.30924748929779,0.279577111456285,0.342204078222948,0.477598627140952,0.401614919481043,0.203024760822579,0.644374318164979,0.552992128047872,0.774041291069027,0.539086938738078,0.546597456033369,0.716864826088503,0.999999999995595,0.391761964937698,0.468289154929416,0.371729048701224,0.340624344722692,0.295960283868496,0.29015994909756,0.377332376905219,0.381053399159038,0.366826217393669,0.317119614022239,0.340283936434416,0.322098248282862,0.398074788876099,0.440065068299319,0.364249700879948,0.203396938935603,0.295154185020726,0.428155892634377,0.343877457777668,0.36699076511518,0.31608842793137,0.325965980392044
"mans1262",0.341116326242178,0.295564928942272,0.490910267469889,0.26845451857578,0.254493299278348,0.33201287131221,0.357314578464296,0.312501407969683,0.352765123605252,0.314245733432069,0.287637238324579,0.277503295425131,0.370342148447796,0.394804138704206,0.225337972991841,0.407376363293414,0.339304784343641,0.402099412859791,0.297087195760624,0.277099926419347,0.426291488088526,0.346901954547883,0.268259491656748,0.258975893685328,0.379705960387332,0.541148024644547,0.426472238812224,0.467453121397075,0.497713716415559,0.351834535271148,0.343543898160525,0.313231201264008,0.194562563335686,0.377105248699689,0.472947567342917,0.259030078950952,0.327835238716502,0.293765110004316,0.281535031507791,0.278083419196339,0.326285181622953,0.211151273630843,0.245002975374687,0.288738775496759,0.388206388758519,0.280187900972776,0.21639575154702,0.335382545385289,0.297884590793595,0.297343379681706,0.447048052795231,0.656592712138139,0.291179808090774,0.288097634023593,0.217651824715193,0.287926300297884,0.258385993749198,0.483154420374924,0.2908812506957,0.295925775339961,0.321306442476886,0.48647381581867,0.400687072575394,0.501395988933584,0.2146781763213,0.378533750518006,0.498932111669304,0.357638442236184,0.358993241427898,0.438150150824893,0.364121378772459,0.391761964937698,0.999999999994819,0.388367433565028,0.420865171450942,0.464131913396367,0.295896444673212,0.38093070067704,0.500159498792529,0.383018590776435,0.464131913396367,0.355196021567098,0.295233550356047,0.297780425160019,0.401496622373976,0.441715429092162,0.466050276874203,0.236726843065795,0.277099926419347,0.443929555391736,0.393098027375815,0.55108496531388,0.272064780893991,0.333597667293037
"mara1404",0.346802154293951,0.248522929832769,0.396266093062804,0.303499027675551,0.303251912586118,0.366670823954066,0.337827028178537,0.270860169200095,0.320669366232711,0.301977719711086,0.323256823409444,0.300003401416963,0.314364337468584,0.365678227139546,0.243056088348469,0.363792692417193,0.31554046104794,0.371728150912016,0.317210048579683,0.30301062966021,0.419288063989492,0.327803072198788,0.293876906821114,0.288160156767224,0.355760348296583,0.37010563839632,0.310136288163903,0.383005481142978,0.367166896563645,0.357146906448765,0.33984186467655,0.33984186467655,0.215011966469374,0.375481416393656,0.365369413489209,0.282106681143242,0.381862662728529,0.291866028706737,0.289868602550246,0.28659145354735,0.384807869833014,0.251219455543547,0.271110617861905,0.287556234512317,0.312227453946547,0.306944418473513,0.248522929832769,0.379163952850554,0.360930606756795,0.319636015901758,0.372316096160316,0.381510470672858,0.312457043588112,0.353222963023889,0.261443492806634,0.313931948983702,0.276408008422568,0.325538269923154,0.279525375992995,0.289112514048547,0.317460324963625,0.351816421508424,0.62452327859699,0.369883334805456,0.24332494474568,0.363755961192131,0.353536805467096,0.453461911990128,0.394260919873468,0.371510262120191,0.397190869333459,0.468289154929416,0.388367433565028,0.999999999995215,0.378891532865527,0.377745204259244,0.327719406336615,0.33422808891893,0.388390702487485,0.397123534908245,0.36409176314144,0.34132932680363,0.340449316571536,0.330179088177202,0.37752511741228,0.40983412218969,0.366815293229697,0.258505832227461,0.293828489367477,0.402081573785032,0.319636015901758,0.406985007611679,0.29281671194343,0.377990430620201
"taga1270",0.355066248980828,0.284303439562505,0.52887051053256,0.328548957440781,0.304635897921145,0.35166965979221,0.389280660690895,0.382455889854005,0.436128422671251,0.388102932115315,0.30846188590521,0.334721724380538,0.416922826782039,0.374169275264186,0.25951288749305,0.492567052739141,0.397735092381794,0.448249964083971,0.306431684330166,0.290030356678977,0.424521432439395,0.400421332349032,0.311939733451038,0.310778640699267,0.474810134716805,0.491871655902902,0.428701487089972,0.496447304720647,0.502929334738608,0.385565530615556,0.36285181824697,0.34989282473815,0.203784927472415,0.450629029013937,0.515386297189276,0.310066555440005,0.373741273719338,0.315033409348865,0.326689140513968,0.30668511762859,0.414243957144299,0.279405185965894,0.282484173340311,0.408470318735637,0.371611176078779,0.359349734108321,0.257226921508933,0.35001473456226,0.350670509128577,0.353343254828407,0.458682472291915,0.396026667297489,0.331953065153269,0.348258914147565,0.251230736806418,0.312463015561442,0.295956674314458,0.417855447016688,0.343047622173249,0.324712464593904,0.456583048314289,0.480266671042548,0.392731759451801,0.424373667066384,0.334162976043996,0.369297784983011,0.387815767494593,0.369494213790709,0.324486507601539,0.36140535498617,0.391267791008645,0.371729048701224,0.420865171450942,0.378891532865527,0.999999999996212,0.538571896578917,0.381640479667739,0.429551231226046,0.492441753335174,0.452451728743692,0.49402835626036,0.404933325777523,0.315538541136004,0.445564811820218,0.365435583197148,0.399381400152411,0.493359521978126,0.23920753993939,0.290030356678977,0.436286222256607,0.400742959744413,0.462463395592003,0.237273473650506,0.370377116396639
"masb1238",0.370544125068071,0.294284489560822,0.664104610776218,0.288685158557682,0.307059789430067,0.344243996214016,0.347676747680726,0.352853976670747,0.366020889929607,0.33511112371786,0.294109937450648,0.308007786086225,0.541621366929981,0.404351647952485,0.269023948038412,0.609324037797374,0.50023141055095,0.562942947288456,0.314658095453803,0.31005549327322,0.412575000916948,0.380505253588599,0.289340860780693,0.303165661976884,0.412148475087638,0.579307452554306,0.568925587113916,0.679147444195094,0.565226078200204,0.389539258873755,0.383286994700549,0.327872007514927,0.195625123524,0.448519061554842,0.648450634562042,0.299906034469573,0.395005929828523,0.314029145709492,0.317078043868407,0.305757248059183,0.388619448242124,0.248148034331797,0.257877635732651,0.340701020287594,0.44740981256582,0.32269526089469,0.231568122933106,0.360656858397032,0.359098014956989,0.336280578965643,0.476731294620632,0.423370315729335,0.32825729726305,0.331441757212439,0.253656012962755,0.313792346825379,0.294109937450648,0.492392130628315,0.330060000733558,0.31106654036744,0.347466576691621,0.582189167960582,0.379649706825886,0.499967852892499,0.271700047709669,0.350436844375419,0.437625410982687,0.326901459168433,0.300013550721336,0.329818296610548,0.359813215467599,0.340624344722692,0.464131913396367,0.377745204259244,0.538571896578917,0.999999999995671,0.348396667440978,0.459209582089787,0.692687339820268,0.423805661162181,0.701298701295665,0.376203704683167,0.2698599116007,0.314062958134963,0.402505467314428,0.413034175701163,0.616679801233238,0.245888093073065,0.296954556937732,0.424432727225946,0.428412244435683,0.508386453490419,0.233761423710774,0.391398645377048
"pang1290",0.349318285139727,0.229891244592319,0.365879338337456,0.270035869373754,0.310378722620223,0.398110153922722,0.345856370946138,0.3024802495898,0.350681260230971,0.343597906777552,0.311445513132366,0.393313646044135,0.292747379122316,0.331498177482905,0.240368253240979,0.318636603126965,0.270155313839927,0.310378722620223,0.251044735675197,0.240467730643153,0.320388349513008,0.386144302670674,0.410258160623959,0.404592060746605,0.395094444521094,0.302007770310173,0.25660311392778,0.323868280753449,0.301704056049889,0.345348567258265,0.37653824669026,0.37653824669026,0.183615330802633,0.334228224095022,0.327627787229894,0.568306862361012,0.427904396923235,0.395191048817682,0.403894139550658,0.448609936361461,0.464162652856897,0.437957500717581,0.276670715054474,0.27947962681494,0.26548088208941,0.23323454387379,0.316739048104973,0.41055849183282,0.384442877479508,0.414639079611853,0.346169849196325,0.290672137057034,0.422763572166122,0.442328140639749,0.363409650671395,0.407320839122147,0.533232469453899,0.252644359614441,0.456310679609435,0.405784555881275,0.359186480345539,0.334951456309054,0.312162304674554,0.289229586529572,0.239762273677063,0.300631873540353,0.307320729594668,0.307706532618956,0.282948979814128,0.279406889868997,0.31434274308423,0.295960283868496,0.295896444673212,0.327719406336615,0.381640479667739,0.348396667440978,0.999999999995146,0.272528612551784,0.317856961491778,0.336589370508446,0.320891667379848,0.349262985147226,0.295291667745792,0.349203345524672,0.263259796534881,0.304691297772317,0.317921746305921,0.244758471424109,0.254340868949489,0.340791647729008,0.312198836413631,0.311157591404746,0.20540545472731,0.36627463061151
"rata1245",0.294982081509976,0.281183007340547,0.554449727820998,0.37016782876386,0.254893287935539,0.274560246004641,0.319312988010938,0.28074010091461,0.330157731949244,0.322428310446541,0.254532575839293,0.232320208157773,0.440636924975002,0.344640816757411,0.323397331981432,0.390215784307076,0.314880848886977,0.363358516844279,0.261276844547915,0.25452627113821,0.347340388546391,0.301860140778652,0.257247877712293,0.237210964081742,0.348947998820915,0.457119728037913,0.405281869398498,0.461372096146669,0.605308889923063,0.295680264928075,0.269151946325404,0.263768907398896,0.176210749700977,0.459898807913581,0.484164668185412,0.225397565718398,0.312261113173076,0.228123933706571,0.24105221280122,0.236179874380526,0.321319767359081,0.16605819104084,0.229408555542899,0.26290235270543,0.391154469849239,0.406015375135618,0.196828105138383,0.29954397817742,0.289796870209369,0.268491449755993,0.412819776737286,0.347088732507968,0.258543844996173,0.275213184491524,0.185526731407708,0.247788688703073,0.254532575839293,0.384622118016784,0.267184914266455,0.268013033106112,0.284490186747945,0.539713526818239,0.328009348687205,0.404726012283145,0.240470242216833,0.29991086019556,0.35977854267303,0.322846235653519,0.256826766625707,0.313063970735502,0.319814748465304,0.29015994909756,0.38093070067704,0.33422808891893,0.429551231226046,0.459209582089787,0.272528612551784,0.999999999994118,0.538303892650807,0.38125785865351,0.433978286370568,0.306374004565856,0.277871830633789,0.323387229298227,0.321996522454855,0.346224251134467,0.454013637361424,0.309558535689601,0.229073644024389,0.386017816498165,0.36514837166815,0.440386523047202,0.226110703903144,0.307702050115841
"romb1245",0.361530809809784,0.329363510501451,0.727572606080974,0.29768652150701,0.302737916859631,0.352722865091679,0.370880173462803,0.346529675112471,0.376503984299149,0.346127496069202,0.285216722263585,0.309236484463938,0.601842048259595,0.426699434424277,0.260073997093919,0.549682404078199,0.442901368153193,0.531032083671812,0.29887347777102,0.288822313186711,0.420549210589122,0.400262110211433,0.292956916266495,0.305678019612541,0.407259041861236,0.575187056564896,0.584417243032295,0.652505238607311,0.647066597825608,0.376881965440425,0.364532019702638,0.305418719210318,0.189709864983011,0.474022436210753,0.700769445792015,0.286245386522848,0.401994791430391,0.305857678208895,0.31372925955181,0.306514653924718,0.39527368539203,0.235296944663857,0.260609687226176,0.337844607980472,0.489612444705594,0.338767468214945,0.236730023172918,0.35587206554076,0.353597242175283,0.343981382264129,0.489174384752644,0.456588333624362,0.321772965719459,0.329345130328513,0.23344556799277,0.313138612059299,0.280463110225858,0.48193375627255,0.322747068591652,0.327017573740158,0.344180549121007,0.65527435138305,0.376399645221353,0.498766952497804,0.284465626280345,0.35489665336705,0.437347757450107,0.358404994769264,0.335037693859283,0.356856017183554,0.359837447761385,0.377332376905219,0.500159498792529,0.388390702487485,0.492441753335174,0.692687339820268,0.317856961491778,0.538303892650807,0.999999999995074,0.422605698210216,0.61880069023944,0.379321334311313,0.268678627661834,0.357357919905687,0.391482660979778,0.415846679848296,0.610229529185583,0.257052330463068,0.274847039967999,0.452758732204345,0.452089816689998,0.527389292457809,0.270584635627983,0.393245586268579
"sout2916",0.36064361630115,0.282352172497328,0.463166799123254,0.276476277104693,0.316847213750967,0.356677249028603,0.34754761022948,0.315879355099484,0.352396093245649,0.328297211890282,0.331936270016995,0.342217360554471,0.336204474497633,0.481172185191487,0.250489716432939,0.412250724682447,0.36729156563174,0.39110827947385,0.30272681473846,0.283466553032943,0.395126652336001,0.343043268955467,0.287019466745862,0.327024112167441,0.397026458216192,0.417291310878508,0.353153216846084,0.411601056511848,0.42542914446077,0.400056914451001,0.334153342770868,0.348895402010759,0.198706534530341,0.41982825210685,0.401389864248161,0.298140425568185,0.37201974787519,0.300264136150137,0.32273935097024,0.294002374606816,0.365452197851832,0.268949459141866,0.281634332727993,0.326802948080598,0.344760663503081,0.327034970082082,0.251550117315802,0.369390600104579,0.348530356650131,0.32352941176312,0.36718832257811,0.34655164004012,0.339864710420608,0.338199770795628,0.269920623251303,0.306984479958333,0.294000696300767,0.356512047951765,0.32683315687052,0.316620514375353,0.343335933003397,0.40976097279289,0.365970243117602,0.374388779039753,0.246288817043255,0.349305396821181,0.352941176468858,0.36718832257811,0.334215514230123,0.345952681616073,0.373312586138653,0.381053399159038,0.383018590776435,0.397123534908245,0.452451728743692,0.423805661162181,0.336589370508446,0.38125785865351,0.422605698210216,0.999999999995098,0.419199077888679,0.356454802833655,0.330238056968808,0.328630891114902,0.424115253273051,0.439518231116083,0.401504105652899,0.214556787268131,0.269525575014929,0.540984567153962,0.411764705880334,0.41690553799021,0.259335500770859,0.358379775405002
"wara1300",0.343431140306993,0.255689802405304,0.619232677615663,0.298307997176271,0.293102526274155,0.326125891150121,0.342408918170412,0.336051406353093,0.357306106836045,0.329791899531862,0.294109937450648,0.312537312352199,0.473918696063733,0.417395249499339,0.260616949662211,0.567950183379034,0.445205955390345,0.516418736768749,0.310347710584573,0.301321535716228,0.426327500947513,0.354081277644946,0.29914902555292,0.299012707703228,0.399133260084871,0.588219874901295,0.526782951031403,0.656659118228369,0.546844742323775,0.380480206341808,0.369433247904143,0.327872007514927,0.182287046920091,0.448519061554842,0.60183000070464,0.276229242274607,0.376844737652499,0.31858029274876,0.317078043868407,0.298389603527636,0.38410061744861,0.229766698455368,0.251091382160739,0.32150659660942,0.416553963423349,0.32269526089469,0.226743787038666,0.338115804747217,0.339367354794517,0.317854245871635,0.481271592664638,0.441979999937217,0.32825729726305,0.331441757212439,0.243708718336765,0.303670013056818,0.26737267040968,0.482239715563814,0.316307500702993,0.297541908177551,0.351603083556997,0.582189167960582,0.348384436851989,0.509226516834953,0.251574118249693,0.36374457264284,0.442231994256188,0.358683545476475,0.323452109371441,0.362800126271603,0.382301541434324,0.366826217393669,0.464131913396367,0.36409176314144,0.49402835626036,0.701298701295665,0.320891667379848,0.433978286370568,0.61880069023944,0.419199077888679,0.999999999995671,0.355589803056692,0.265362246407355,0.28789104495705,0.38672093918445,0.403752508831474,0.600451385411311,0.245888093073065,0.279486641823747,0.410440439515201,0.437625410982687,0.499058261683256,0.23873507102377,0.354989469062904
"tina1248",0.419597478801037,0.275670924720963,0.395292602982822,0.297843919350806,0.326770777615,0.409806235694092,0.658465761472716,0.62008268319954,0.570599595507147,0.633228542676219,0.366038731574397,0.323531238705862,0.30895453563127,0.341611429071123,0.280227777640221,0.349252953323087,0.30966098426103,0.348924728639746,0.266828110549826,0.249536745460123,0.3438057510043,0.786412416239048,0.291903935041654,0.316409351806606,0.671406640193366,0.339514185808136,0.275928509569519,0.348026783522539,0.377466451145229,0.436767172252914,0.406808387522277,0.384818744953506,0.185247427076622,0.380680001392322,0.353179686338426,0.338233248141793,0.416185816607147,0.325075549336791,0.322761168370559,0.324520828454943,0.462633117652425,0.26258535731842,0.306991158398045,0.319900780856938,0.326000339256323,0.286590693658231,0.292900357516023,0.397144100715642,0.389907772163456,0.389358323095223,0.345920678738408,0.337847753127373,0.374932602232912,0.372945731764846,0.278281945814501,0.325354340762268,0.32359945834838,0.31423524944559,0.3438057510043,0.327375542481813,0.384096668157363,0.349262985147226,0.36688116935514,0.352704082875413,0.281517891146693,0.301002229961634,0.312583442484898,0.31889562571197,0.306927480384433,0.330933630503229,0.321255492482344,0.317119614022239,0.355196021567098,0.34132932680363,0.404933325777523,0.376203704683167,0.349262985147226,0.306374004565856,0.379321334311313,0.356454802833655,0.355589803056692,0.999999999993865,0.28377568502607,0.355183277142754,0.347628616145732,0.381203833885257,0.342915149676366,0.269300719657833,0.254735427657208,0.377562255901431,0.345486962746466,0.360905097552839,0.242756591029671,0.428016139960108
"sang1337",0.267608583062705,0.230565579353782,0.298369108973007,0.229948267457928,0.246517804705453,0.282359975836564,0.251761110660298,0.226943724037341,0.280683820544055,0.276323233460086,0.282419514126248,0.249417978655632,0.240329739580114,0.307173880997931,0.165956270996405,0.261822643120311,0.233874340331513,0.241684122260248,0.277655859043602,0.263152910842615,0.31910551191884,0.291006797660932,0.24966228487599,0.254570610591792,0.301997952151346,0.263900201724527,0.218922704921999,0.275700934578151,0.296011015139956,0.296477974628393,0.263880795025015,0.273476460298652,0.180150579272155,0.29340341559732,0.273008570855319,0.25009243231647,0.287748654104053,0.236423136508011,0.262590416656413,0.248777516737399,0.300472795017774,0.219621075749,0.232671466095508,0.229335887495982,0.256464107037223,0.223511787420409,0.215528693743753,0.299766630010939,0.274691687954156,0.248875057425769,0.287748654104053,0.256185169595863,0.267306652028233,0.268879889900508,0.211864379623714,0.257659310954095,0.277789686025818,0.263698996315728,0.247663979399697,0.25292809407173,0.275050745700441,0.290528898911183,0.334114822458022,0.254913771328143,0.188190440533358,0.299567799686813,0.272805351409016,0.325486182511141,0.311702276566531,0.2937156300144,0.31308411214807,0.340283936434416,0.295233550356047,0.340449316571536,0.315538541136004,0.2698599116007,0.295291667745792,0.277871830633789,0.268678627661834,0.330238056968808,0.265362246407355,0.28377568502607,0.999999999995327,0.293669152344827,0.286991315772998,0.308585175479781,0.265555798321327,0.189046360983785,0.254078672537697,0.310131978031127,0.296735645392263,0.285902917247445,0.227366651303498,0.297893152000094
"remo1247",0.289587222599262,0.256665597227409,0.34724196129882,0.273431478752065,0.270021096220727,0.312180005940606,0.324847353859115,0.277661566834506,0.347734650378718,0.321584971947545,0.274797884994785,0.290272637102669,0.313804981860555,0.320688621175937,0.213470420088361,0.327448676724802,0.278231461250607,0.320650051762113,0.255381583819237,0.253454359304548,0.349203345524672,0.345063773463322,0.290556960675579,0.281204730863217,0.367202457055355,0.312515241758775,0.248412682362853,0.309984105252873,0.361166851035517,0.317656848150091,0.30710446241895,0.279185874926318,0.182779849814695,0.306312296118862,0.333101272582402,0.276743259718555,0.318412275728545,0.280652224950622,0.283377067735559,0.276164470575519,0.355154140923623,0.233369349899872,0.246166405653428,0.319120880352196,0.275154724167451,0.29109003770108,0.221665743060035,0.327064121481175,0.310143308305277,0.311920845803975,0.362331210311793,0.303773733248318,0.300364182479217,0.323902142551451,0.234540063935052,0.281504885168151,0.280186078818212,0.245514308068611,0.304860063553285,0.305259846715764,0.345112179688836,0.338117525031826,0.361839847996259,0.291071118954309,0.267686258670066,0.295000536363517,0.30078081559669,0.351351476665981,0.289073658927322,0.307643618346522,0.326299058160919,0.322098248282862,0.297780425160019,0.330179088177202,0.445564811820218,0.314062958134963,0.349203345524672,0.323387229298227,0.357357919905687,0.328630891114902,0.28789104495705,0.355183277142754,0.293669152344827,0.999999999993671,0.276743259718555,0.3310742771072,0.323770680317192,0.214065875694179,0.242893761000191,0.338373363753882,0.328630891114902,0.293256915253365,0.222512368348639,0.330179088177202
"west2557",0.325414396821067,0.241871010721825,0.421304013876324,0.245609310422359,0.25021573425453,0.326184609488591,0.302521226391627,0.270591361873805,0.313788678244929,0.276380082608602,0.280284089828831,0.247735146447031,0.318859849922047,0.380479352545784,0.214576712313506,0.387431860658635,0.32831221935375,0.373203129057604,0.290757791377336,0.278652352213269,0.384442877479508,0.317947700589268,0.23245810500615,0.257424367301724,0.344059011020548,0.414333002355663,0.340936620219135,0.397687966142584,0.38956830886725,0.359215962348195,0.290454877501126,0.282035895544571,0.17832335281578,0.329351764047794,0.394066260364337,0.248201438848028,0.306266626187797,0.265512170487757,0.25552329936454,0.241776873317207,0.313056888081027,0.209445327347984,0.250535168807389,0.266826225287428,0.326974629317022,0.28014758326638,0.20668977279865,0.316430636988554,0.280575539567336,0.289742103721194,0.389041390022336,0.373203129057604,0.287094326635889,0.273156720653981,0.213086745118315,0.258358215834406,0.251849472020109,0.356298247604205,0.259081069605756,0.263007282691785,0.271487499724957,0.401157785196009,0.403072277901554,0.384010685855349,0.20180513988717,0.355835221745891,0.398920287732078,0.389041390022336,0.320483557149798,0.352187671121189,0.389488214263355,0.398074788876099,0.401496622373976,0.37752511741228,0.365435583197148,0.402505467314428,0.263259796534881,0.321996522454855,0.391482660979778,0.424115253273051,0.38672093918445,0.347628616145732,0.286991315772998,0.276743259718555,0.999999999996403,0.621866136459469,0.395715904339425,0.215175253817204,0.274671604324508,0.386894411107641,0.335932873879645,0.420907106589632,0.24482306885934,0.331890213109696
"cent2089",0.363325018397262,0.268935939111029,0.447368797166716,0.252741901193313,0.269327520747718,0.373896559418064,0.338837073783935,0.294210730349658,0.345673643712298,0.330738116961992,0.30096380848994,0.281636369431788,0.344752459193145,0.414833897408909,0.216301816413829,0.403219250519111,0.348571821886422,0.384041094399523,0.337323712094485,0.327708029584599,0.432465067805869,0.356924756292964,0.268124126596108,0.284934531185624,0.386025634654968,0.4395027044615,0.367073496599263,0.419482972917827,0.453223967333352,0.378752358891026,0.316835565598701,0.331687232736141,0.209716494822379,0.351716061932255,0.413461277643984,0.29189634976669,0.355316343362383,0.302496613997152,0.310359890673926,0.288289941405847,0.368169351975892,0.246317373550735,0.258265501223039,0.293222911940323,0.339054356649989,0.291028733122287,0.237904869213603,0.372137036432949,0.321509022931426,0.320996460927476,0.403989815055861,0.433916561204656,0.313858985351113,0.321244913176949,0.250599848946786,0.303841188368209,0.286632198561848,0.386372029496498,0.294862546231274,0.2996428085564,0.310412892522126,0.422636316264826,0.454878813617844,0.421837526976634,0.231938247667652,0.385190572930912,0.429641416933699,0.452663286749338,0.38695421650715,0.424291128955928,0.424304616284698,0.440065068299319,0.441715429092162,0.40983412218969,0.399381400152411,0.413034175701163,0.304691297772317,0.346224251134467,0.415846679848296,0.439518231116083,0.403752508831474,0.381203833885257,0.308585175479781,0.3310742771072,0.621866136459469,0.999999999995025,0.430585391739628,0.216152026981552,0.327708029584599,0.450005625103221,0.375318938930588,0.440005500100927,0.282591319025099,0.365923323383652
"suri1273",0.338800608976267,0.262236806351381,0.609776801631835,0.293099231094264,0.274693053722879,0.314132317153204,0.315965598648162,0.304446212909492,0.347115197076861,0.299107746424886,0.275637190424606,0.292907160588798,0.465302454765278,0.399328641104523,0.244247863246634,0.52875278950693,0.435995515956598,0.497063621022353,0.302974047383905,0.290581222050296,0.433920221309432,0.346700379216181,0.284955840454219,0.284124134073317,0.374064104628452,0.705798260329674,0.523318022761018,0.699718452719686,0.529724801209642,0.343847536343371,0.32891804410003,0.30727869909345,0.187504883002462,0.416455922545821,0.619638227308744,0.25887956358654,0.370196007801552,0.285774705190578,0.288549281959724,0.272743164766419,0.3811506850983,0.228255402147244,0.248040618712502,0.332793565617445,0.426537911921243,0.331229679507396,0.20798091538213,0.32955425755816,0.34024171214231,0.310841888247406,0.510615183174555,0.440380927396997,0.307639789183066,0.314879362957642,0.228401620790532,0.308313207987641,0.263108227223488,0.561370377794609,0.300736787046141,0.299978875469607,0.310135764993866,0.558511175942834,0.368362092196397,0.611738133537676,0.268781223315401,0.378313794806203,0.466262832371109,0.353175501695734,0.298743128963529,0.370923292492764,0.379365426173324,0.364249700879948,0.466050276874203,0.366815293229697,0.493359521978126,0.616679801233238,0.317921746305921,0.454013637361424,0.610229529185583,0.401504105652899,0.600451385411311,0.342915149676366,0.265555798321327,0.323770680317192,0.395715904339425,0.430585391739628,0.999999999996198,0.244270757881456,0.27421044897704,0.406516835420924,0.401504105652899,0.572620488603667,0.270352938894915,0.345488822693087
"tady1237",0.236136643466315,0.197296560030939,0.275263111282938,0.595770752645034,0.216691733257348,0.226404436783403,0.263307883279728,0.203602881286179,0.232650461810473,0.241706183191447,0.202490768686892,0.21096777063908,0.211503700471792,0.237081125722039,0.353363885815461,0.247822517725054,0.221623107450804,0.264258211289448,0.19096779388077,0.193475137036306,0.223927963217802,0.2761629842536,0.206128933392188,0.19342850736089,0.231636729485814,0.24298892242427,0.173543832161639,0.250358694275823,0.250575030190354,0.21096777063908,0.215084603040526,0.225576534896162,0.141419552427277,0.330243793055179,0.24073263389918,0.188278347090053,0.247574023367668,0.19646443249287,0.203592212029663,0.188317489885043,0.266937075222791,0.151389080740006,0.173457097843677,0.179890612190677,0.192787852867027,0.384039104151956,0.169894260026642,0.25094570257115,0.219658071605062,0.261654618619672,0.263047399828147,0.232547225934715,0.231803492896268,0.221785062600203,0.152552111907056,0.195483024257075,0.202490768686892,0.190297368838806,0.208305082063072,0.225338998227155,0.216157871692742,0.255173725527263,0.228326401115874,0.241911008207267,0.154326033290985,0.216685873794337,0.245955341502491,0.232100646907189,0.223660690746072,0.224804742664253,0.229921249845144,0.203396938935603,0.236726843065795,0.258505832227461,0.23920753993939,0.245888093073065,0.244758471424109,0.309558535689601,0.257052330463068,0.214556787268131,0.245888093073065,0.269300719657833,0.189046360983785,0.214065875694179,0.215175253817204,0.216152026981552,0.244270757881456,0.999999999994413,0.198436037985954,0.254324490822097,0.261654618619672,0.259622917714224,0.192102659438515,0.211974782426518
"tbol1240",0.24615740264449,0.189799562195258,0.298752657379261,0.213559524209259,0.206502231963161,0.24674002453084,0.228503695325175,0.175149629120063,0.237363210634139,0.236098937402856,0.233755677682316,0.237601505103772,0.250420739502665,0.271932440112572,0.165374535075195,0.254214993131976,0.211940185558676,0.262821022498568,0.71745233785797,0.674008810569718,0.305209042739386,0.250564234671193,0.217672464970616,0.217847988532557,0.258211252928769,0.274213391127332,0.223189655899008,0.28130138745245,0.282774325984948,0.26958632309851,0.260871766749287,0.228262795905626,0.206311219258142,0.255552448086269,0.269351314635058,0.226902629659376,0.242746677080819,0.243326717757442,0.250324813167003,0.215535952675952,0.232481991386462,0.203968366284225,0.198527714313543,0.212990789446635,0.221776452648683,0.227351474809051,0.184932906754354,0.268317674537788,0.218941133881854,0.241643618978902,0.270227432976761,0.305060115400124,0.255064834273637,0.224426173150191,0.180621958817926,0.209328121349692,0.238250979176206,0.250916089546847,0.212721454030481,0.241031131364454,0.225330806248349,0.268214007255824,0.297372730106631,0.275526514527693,0.162419808658063,0.286388585851102,0.283466553032943,0.306868440838017,0.335747128512312,0.327958473620021,0.317598340672121,0.295154185020726,0.277099926419347,0.293828489367477,0.290030356678977,0.296954556937732,0.254340868949489,0.229073644024389,0.274847039967999,0.269525575014929,0.279486641823747,0.254735427657208,0.254078672537697,0.242893761000191,0.274671604324508,0.327708029584599,0.27421044897704,0.198436037985954,0.999999999995595,0.287005598359308,0.278819560360272,0.263480549313463,0.356226641002021,0.252508858050175
"cent2090",0.418700984996018,0.301470612459699,0.464114850403542,0.305847313549133,0.30576537133989,0.414811855158355,0.368913475529515,0.325857467857591,0.352101035004147,0.343857892264441,0.340881603186341,0.341609763071586,0.358637764892307,0.637080964661251,0.262674801763082,0.405240412308512,0.361098108011817,0.401003765691658,0.301862286899042,0.291710608168477,0.454388863638677,0.381489347455949,0.311737623931238,0.326632549814155,0.406657509347701,0.422501141977437,0.380264659391961,0.407048221165854,0.445593698709314,0.429452273575708,0.373152801267318,0.378128171950882,0.215557887180018,0.429544175098067,0.415533778236887,0.306114259337914,0.401123094295953,0.323626632558685,0.341621835677141,0.321486795050362,0.374883440054574,0.282209342515899,0.285150503007419,0.361903328293583,0.344909423101543,0.336636594475454,0.239097382295623,0.398288266588197,0.369888063366646,0.377200248657809,0.425581819557901,0.41102885983395,0.353666432078664,0.352205643772056,0.267931911075686,0.343534737809859,0.307273557801772,0.371901331834998,0.335852638341631,0.340002178794802,0.329795648426657,0.414876788539662,0.404224731215641,0.43392735555174,0.287310353309239,0.391900640952033,0.42683186032331,0.454932289872239,0.398994987722861,0.421341511109638,0.426431469792799,0.428155892634377,0.443929555391736,0.402081573785032,0.436286222256607,0.424432727225946,0.340791647729008,0.386017816498165,0.452758732204345,0.540984567153962,0.410440439515201,0.377562255901431,0.310131978031127,0.338373363753882,0.386894411107641,0.450005625103221,0.406516835420924,0.254324490822097,0.287005598359308,0.999999999994975,0.496316116655011,0.447236180902275,0.262573272854172,0.377564404651799
"cala1258",0.355835034750468,0.369624662178321,0.467941714578133,0.291836070277176,0.287142787461814,0.327757472080338,0.341942003612875,0.297999391603287,0.343122511844448,0.345278102160469,0.289258749586239,0.33739739772976,0.384233685140152,0.504305463325693,0.250489716432939,0.408248290462229,0.36729156563174,0.420812705763003,0.284379735057341,0.2741725676876,0.365858011422223,0.348666929102278,0.302675074022909,0.309347133131363,0.355477177705195,0.41254936416398,0.353153216846084,0.411601056511848,0.498778996954007,0.371137137502736,0.314497263784347,0.329239323024238,0.193975426565333,0.415409007347831,0.414919859672256,0.289742103721194,0.352694046686869,0.314793045963853,0.327629341136455,0.305762469591089,0.365452197851832,0.254279488643219,0.249138063567071,0.316590355953079,0.336552076276818,0.310683221577978,0.236149089725038,0.331012355937869,0.319136230185663,0.338235294115989,0.425165426143075,0.366354590899556,0.354025740021467,0.352694046686869,0.259335500770859,0.328527250481725,0.289258749586239,0.32950355947057,0.321955050051557,0.335809636458708,0.308121991156894,0.414639079611853,0.323194500415545,0.403945787911312,0.26235113119825,0.320983337619463,0.352941176468858,0.357525471983949,0.319250640458625,0.335925067656187,0.354168350952055,0.343877457777668,0.393098027375815,0.319636015901758,0.400742959744413,0.428412244435683,0.312198836413631,0.36514837166815,0.452089816689998,0.411764705880334,0.437625410982687,0.345486962746466,0.296735645392263,0.328630891114902,0.335932873879645,0.375318938930588,0.401504105652899,0.261654618619672,0.278819560360272,0.496316116655011,0.999999999995098,0.406979215657109,0.232872694569751,0.348693835529191
"taus1251",0.370014823949969,0.275481766558,0.560805444237613,0.290295755233075,0.275690088913015,0.326969344654232,0.351886699735845,0.313788672751755,0.338016993603981,0.320934032780145,0.292870109779814,0.292808368347074,0.41942382673846,0.426282116060102,0.230972670515813,0.466026474154789,0.398824776013051,0.476191971758844,0.29721825171598,0.282300588550139,0.414876788539662,0.358713864025743,0.295886558307616,0.268465109436292,0.369263715384694,0.691365505053988,0.459722946429088,0.533039337240999,0.519859315160867,0.341609763071586,0.323399094431675,0.323399094431675,0.201187361368017,0.411646501135647,0.515992493854596,0.263598389985426,0.357097388824446,0.299109463425451,0.297062465806209,0.281797067266367,0.365146207845364,0.217845808257887,0.27052740028909,0.341223138105378,0.382309240064361,0.347673859868092,0.218306305574265,0.335145004812019,0.335875367884656,0.317642314659207,0.494066250291356,0.486217065901136,0.315432223205295,0.322855173457718,0.23042144352509,0.321723008425106,0.283267811098509,0.525037174355292,0.296340563242616,0.291430438966973,0.31196885661981,0.508717966899824,0.40903693039678,0.538668441374574,0.243942752809731,0.406238469279546,0.486389794321911,0.366880878929225,0.348489293074398,0.385806684871476,0.392510784695645,0.36699076511518,0.55108496531388,0.406985007611679,0.462463395592003,0.508386453490419,0.311157591404746,0.440386523047202,0.527389292457809,0.41690553799021,0.499058261683256,0.360905097552839,0.285902917247445,0.293256915253365,0.420907106589632,0.440005500100927,0.572620488603667,0.259622917714224,0.263480549313463,0.447236180902275,0.406979215657109,0.999999999994975,0.267931911075686,0.328530066385331
"tiru1241",0.244011841874781,0.177367678550599,0.262925023734143,0.199004397415101,0.187082869337697,0.244589385503684,0.229986462412753,0.180177046583421,0.215269254957279,0.22611896259891,0.240630451971863,0.223773267588477,0.233353340477267,0.259756592237434,0.159371945176608,0.224710624163779,0.189658304594476,0.245880342558116,0.391228159409071,0.346192087734358,0.268607133104944,0.230727161471787,0.20847138283186,0.224254916336171,0.219315705961767,0.261109639373724,0.187620535126193,0.248036346876543,0.274541112219747,0.239385356024883,0.23344556799277,0.206917662539046,0.16345902215558,0.243340441130739,0.228860220641898,0.194951702980586,0.245171049548653,0.21438366410144,0.227024381258637,0.194689919616799,0.244011841874781,0.153109466430243,0.191021888017691,0.220527138566773,0.208272696132861,0.229511055669884,0.16073945868648,0.243438370243264,0.217620505652747,0.222287572089308,0.250387454858198,0.277951691587436,0.249727123803164,0.245171049548653,0.165714285713339,0.226778683804218,0.209911670869072,0.233284737406561,0.21067226125878,0.238258830450854,0.185346898042605,0.242273100447597,0.277105323125602,0.25529748019503,0.184983460164076,0.275209483374915,0.275213184491524,0.312984318572748,0.344689327385566,0.29773257907681,0.304878009702418,0.31608842793137,0.272064780893991,0.29281671194343,0.237273473650506,0.233761423710774,0.20540545472731,0.226110703903144,0.270584635627983,0.259335500770859,0.23873507102377,0.242756591029671,0.227366651303498,0.222512368348639,0.24482306885934,0.282591319025099,0.270352938894915,0.192102659438515,0.356226641002021,0.262573272854172,0.232872694569751,0.267931911075686,0.999999999994286,0.250985753094369
"yoga1237",0.56058430420118,0.273882412468766,0.400983546551647,0.252915856396292,0.454877868879177,0.547625256554774,0.393208508207806,0.335631079226205,0.371060266640709,0.357899519657583,0.360735875398945,0.376194741459366,0.30250153228109,0.379391160657279,0.234217685135797,0.324250008458803,0.283986414943146,0.332598871868646,0.276425899476581,0.261690998342909,0.332538809370976,0.411142836317124,0.350589994102382,0.384213542356299,0.415053739679347,0.337311467905507,0.304598140160976,0.354634704762017,0.381660326691158,0.480957834017671,0.485488378109357,0.553456751044667,0.186966927364673,0.371115353412334,0.369825138043955,0.369227862084537,0.601433693797433,0.368421052629816,0.381660326691158,0.364048603154742,0.489323587565437,0.294699745926084,0.306783067580577,0.312780465609889,0.316282355945853,0.285404459282389,0.289098102050364,0.497652688116352,0.555916106958741,0.397123534908245,0.329356546603356,0.313034232346961,0.410391340832148,0.472555045126554,0.345105410504757,0.409707797826187,0.341996349404194,0.282844726326675,0.39037164578332,0.388643051671818,0.339204182837846,0.337358212405338,0.356870444912566,0.33581513291548,0.259193962881268,0.321784119516116,0.309950076025947,0.338903113171569,0.305552212901938,0.33188250082737,0.354634704762017,0.325965980392044,0.333597667293037,0.377990430620201,0.370377116396639,0.391398645377048,0.36627463061151,0.307702050115841,0.393245586268579,0.358379775405002,0.354989469062904,0.428016139960108,0.297893152000094,0.330179088177202,0.331890213109696,0.365923323383652,0.345488822693087,0.211974782426518,0.252508858050175,0.377564404651799,0.348693835529191,0.328530066385331,0.250985753094369,0.999999999995215
