language_id,language,latitude,longitude,glottocode,author,number_of_entries,source_url,hand,left,right,leg/foot,to walk,road/path,to come,to turn,to swim,dirty,dust,skin,back,belly,bone,intestines,liver,breast,shoulder,"to know, be knowledgeable",to think,to fear,blood,head,neck,hair,nose,to breathe,"to sniff, smell",mouth,tooth,tongue,to laugh,to cry,to vomit,to spit,to eat,to chew,to cook,to drink,to bite,to suck,ear,to hear,eye,to see,to yawn,to sleep,to lie down,to dream,to sit,to stand,person/human being,man/male,woman/female,child,husband,wife,mother,father,house,thatch/roof,name,to say,rope,"to tie up, fasten",to sew,needle,to hunt,to shoot,"to stab, pierce",to hit,to steal,to kill,"to die, be dead","to live, be alive",to scratch,"to cut, hack",stick/wood,to split,sharp,"dull, blunt",to work,to plant,to choose,to grow,to swell,to squeeze,to hold,to dig,to buy,"to open, uncover","to pound, beat",to throw,to fall,dog,bird,egg,feather,wing,to fly,rat,meat/flesh,fat/grease,tail,snake,worm (earthworm),louse,mosquito,spider,fish,rotten,branch,leaf,root,flower,fruit,grass,earth/soil,stone,sand,water,to flow,sea,salt,lake,woods/forest,sky,moon,star,cloud,fog,rain,thunder,lightning,wind,to blow,warm,cold,dry,wet,heavy,fire,to burn,smoke,ash,black,white,red,yellow,green,small,big,short,long,thin,thick,narrow,wide,"painful, sick","shy, ashamed",old,new,good,"bad, evil","correct, true",night,day,year,when?,to hide,to climb,at,"in, inside",above,below,this,that,near,far,where?,I,thou,he/she,we,you,they,what?,who?,other,all,and,if,how?,"no, not",to count,One,Two,Three,Four,Five,Six,Seven,Eight,Nine,Ten,Twenty,Fifty,One Hundred,One Thousand
409,Agta,17.9571,121.857,cent2084,R. Mayfield in Reid (1971),176,https://abvd.eva.mpg.de/austronesian/language.php?id=409,kʌmʌt,zimigi,ziwanan,tʌkki,mʌgtugut,,,mʌgbʌlittʌg,mʌglʌngoy,mʌduping,lʌppu,tʌbbit,ʔʌddʌg,sihat,tulang,sihʌt,ʔʌgʌl,susu; hʌdang,ʔʌbʌgʌ,ʔamu,,mʌgtʌlaw,dʌgʌ,ʔulu,lig,huk,ʔʌwan,,labʌn,simuk,ngipʌn,hilʌ,mʌgkʌtʌwʌ,mʌgtʌngit,mʌgʌduʌ,mʌglutab,mʌngan,gʌmman,hutʌli; mʌgʌpuy,ʔuminum,mʌgkʌgat,mʌgsusu,bʌngbʌng,mʌdʌngʌg,mʌtʌ,mʌʔitʌ,,mʌsidug,,tʌhinʌp,mʌgtuttud,mʌgtayuk,tolʌy,lʌlʌki,bʌbbʌy,ʔʌbbing,ʔʌtʌwʌ,ʔʌtʌwʌ,ʔinʌʔ,ʔʌmʌ,bʌli,ʔʌtʌp,ngʌgan,ʔibah,lubid,ʔigʌlut,mʌgdʌget,dʌgum,mʌgʌngkat,,mʌgkaddug,,mʌgtʌkʌw,mʌgpʌpasi,nʌsi,,mʌkʌtʌl; mʌgkuhas,mʌggʌlgʌl,kʌyu,,mʌtʌdʌm,mʌngudʌl,mʌgtʌhʌbaku,mʌgmulʌ,mʌgpili,,,,ʔibbʌlan,mʌgkʌli,ʔitʌnʌm,,mʌgbʌyu,ʔipattu,mʌnahu,ʔʌtu,mamanuk,ʔiklug,,pʌyak,ʔimubʌh,bʌlʌkʌd,,tʌbʌ,ʔipput,ʔulʌg,ʔʌlikkʌwuʌd,kutu,ʔilʌk,ʔʌlʌwlʌwʌ,ʔikan,mʌlʌbʌg,,don,hʌmut,lʌppaw,mʌyan,,lutʌk,bʌtu,ginʌt,dʌnum,,bebʌy,ʔʌsin,ʔalug,tʌlun,lʌngit,hulan,bitwʌn,kulʌm,,ʔudan,dʌlʌk,kilat,pʌddad,sopʌn,mʌpatu,mʌsʌnʌw,mʌmagʌ; mʌgsigʌy,mʌbʌsʌ,mʌdammʌt,ʔʌpuy,mʌgtonghad,ʔʌsok,lʌppu,ngisit,puhʌw,dʌhag,ngilʌ,matʌ,ʔʌssʌng,dʌkʌl,ʔʌlinnʌk; ʔʌpisi,ʔʌdanuk,mʌlapit,mʌkʌnʌg,ʔʌsilʌt,ʔʌlawʌ,tʌkit,mamʌt,danʌ,bagu,mʌpiʌ,dulʌy,,hiklʌm,ʔʌhaw,dʌhun,kanu,mʌgtʌgu,ʔimunek,,,,ʔaddun,,,ʔʌbikʌn,ʔʌdayu,had,,,,,,,ʔʌnu,ʔinyʌ,takwan,ngamin,,ʔʌm,pigʌ,bʌkkʌn,mʌgbilang,tatakdʌy,duwʌ,tʌllu,ʔʌppat,limʌ,ʔʌnnʌm,pitu,wʌlu,siam,mʌpulu,duʌpulu,,mʌgʌtut,mʌhibu
1569,Agutyanen,10.5328,119.655,agut1237,Caabay & Melvin (2018),207,https://abvd.eva.mpg.de/austronesian/language.php?id=1569,kalima,wala,to,bisit,panaw,dalan,paning,liko,kapay; delep,maboling; ligna,alikarem,olit,pasing,po-kon,doli,bi-wa,kandat,titi,palda,tako,isip; nem,talaw,dogo,kolo,likel,boa,orong,linawa,ongaw,anga,isi,dilak,imod,tangit; i-yak,toka,bola; olak,pangan,dekem; dolot; lotad,lotok,inem,eyeb; ingkib; ta-bet; tondi,se-sep,talinga,basi,mata,ita,paloab,poyat; altek,lobog,talakinep,karong,kereng,taw,lali,babay,ana,katawa,katawa,nay,tay,balay,katep,aran,aning,tali,ta-ket; lapot,bedbed,singgoay,ayam,pintik,sa-sak; saksak,lampak,takaw,patay,patay,boi,olol,poan,,belak,matarem,omal,,loak,pilik,bael,arok; simpeng,de-det; ge-get,biot,ali; bongkal,bakal,boka; bo-kad,lebek,banggil,bagsak,kiro,lamlam,ki-yoy,bolbol,kalipapa,layog,ambe,isi,tambek,ikog,ma-kal,kolod,oto,namo,bokaw-bokaw,yan,bog,tanga,daon,lamot,rosas,borak,ibabawen,tanek,bato,kenay,wi,ilig,talsi,kasín,lanas,talon; geba,langit,bolan,bitokon,onom,ambon; togpo,koran,doldol,koldap; kirlat,eyep; mageyep,eyep,ringet,malamig,lango; mara,lebay,belat,apoy,poksa; tolpok,kato,agipo; kabo,lagem,kolit,singgi,kalawag,birdi,ge-ley,bael,dibabak; dipot,māboat,manipit,madamel,mapiet,mala-bang,masit; sit,eyak,mepet,ba-lo,mo-ya,malain,tama,labí,kaldaw,takon,tanopa,talok,ka-biat; ka-yat; ondiot,ong,teled,dibabaw,,na,si; asi,alenget,alawid,aripa; aypa,yo,mo; nio; yawa,na,ita; ami,amó,nira,onopa,sinopa,doma,lobot,ig; may,maga; mga,monopa,anda; belag; indi,bilang,tambilog; tang; tata,doroa,tolo,epat,lima,enem,pito,walo,siam,polok,doroang polok,limampolok,gatos,ribo
43,Aklanon - Bisayan,11.5543,122.354,akla1241,Dave Zorc,210,https://abvd.eva.mpg.de/austronesian/language.php?id=43,ʔalí:mah,waɣáh; waéah,tuʔúh,sikí,pá:ńaw; tikáŋ,dá:ɣan,ʔabút,likúʔ,ɣaŋúy,hígkuʔ,taputapúh,pa:nit,likúd,tiyán,túɣʔan,tiná:ʔih,ʔatáy,su:su.,ʔabá:gah,ka:sá:yud,ʔí:sip; hunáʔhunáʔ,hádluk,dugúʔ,ʔú:ɣuh,lí:ʔug,buhúk,ʔilúŋ,ginhá:wa.,humút,báʔbaʔ,ŋí:pun,dí:laʔ,hibayág,tá:ŋis,sú:kah,túpɣah,ká:ʔun,mamáʔ; ʔú:sap,ɣa:haʔ,ʔinúm,kitkit; ʔaŋkit,supsup,duɣúŋgan,naka:batíʔ,matá.,kí:taʔ,húyʔab,tu:ɣug,ɣubúg,dámguh,púŋkuʔ,tíndug,tá:wuh,ɣaɣá:ki; ɣa:ki,babá:yih; ba:yih,ʔuŋáʔ,ʔasá:wa:ŋ; ɣaɣá:kih,ʔasa:wa.,ʔinah,ʔanáh,baɣáy,ʔatúp,ŋá:ɣan,hámbaɣ,pí:siʔ; ɣúbid,higút [hígt:an],tahíʔ,da:gum,paŋayám,panáʔ,bunúʔ,sámpuk,tá:kaw,patáy,matáy,paŋa:bú:hiʔ,ká:ɣut,tuktuk; saksak; tagáʔ,ka:huy,búsʔak,taɣúm,daŋáɣ,ʔumáh,tanúm,píliʔ,tú:buʔ,bagáʔ; há:ɣuk,pú:gaʔ; kú:mus,kúmkum,kútkut,bakáɣ,bukáʔ,bayúh,habúy,hú:ɣog,ʔá:yam,manuk; píspis,ʔítlug; onok,búɣbuɣ; bubul; baɣahí:buh,pákpak,ɣupád,ɣáŋgam,ʔunúd,sí:buh; támbuk,ʔí:kug,sawáh,ʔú:ɣud,kú:tuh,namúk,ɣamáŋ,ʔísdaʔ,bulúk; ɣúbʔuk,saŋáh,dá:hun,gamút,bú:ɣak,bú:ŋah,halimunún,ɣúgtaʔ,batu,baɣás,tú:biʔ,ʔí:lug,dá:gat; ɣawúd,ʔasín,danáw,kaguɣá:ŋan,ɣá:ŋit,bú:ɣan,bitú:ʔun,paŋá:nud,ʔámbun,ʔuɣán,daɣúgdug,kilát,há:ŋin,huyúp,ʔí:nit,ɣamíg,maɣa.,basáʔ,búgʔat,kaɣá:yu.,sú:nug,ʔasúh,ʔabúh,ʔitúm,putíʔ,puɣáh,duɣáw,berde,ʔisút; saŋ:kiríʔ,bahúɣ,putút; ʔisút,há:baʔ,nipís,dá:muɣ,kitíd,ɣá:wig; ɣá:pad,sakít,huyáʔ,gú:ɣaŋ,bágʔuh,mayád,ɣá:ʔin,tú:ʔud,gabí:ʔih,ʔádlaw,dágʔun,hinʔunúh; kánʔuh,tá:guʔ,sá:kaʔ,sa,suɣúd,ʔibá:baw,ʔdá:ɣum,dá:yah; dú:naʔ,dú:yun; datúh,ɣapít,ɣayúʔ,siʔɪ́n,ʔakú.,ʔikáw,ʔimáw,kitáh; kamíh,kamú,sándah,ʔanúh,sínʔuh,ɣaʔɪ́n; ʔíbáh,tanán,ʔag,kun,maʔú:nuh,ʔindiʔ; ʔayáw,huyáp,ʔisaɣáh,daywáh,tatlúh,ʔapʔat,lima,sais; ʔanʔom,pitu,waeo,syam,pueo,baynti,singkwenta,sang gatos,sang libo
1270,Alangan,13.0982,121.022,alan1249,Barbian (1977),169,https://abvd.eva.mpg.de/austronesian/language.php?id=1270,dalukap,tagwalà,dalukap pamalang; panigbás,,kadang; agipanaw,dalan,,,lumangoy; rangóy,arungún; lubagun; lutukun,galbók; rapok,anítun,awak,buyon,bitól,ponâ,aprô,suso,balikat,,magremrém; atawanan; pailoilo,agkalimô,daya,ulo,telnan,abok,urong,,mangangut; mangarok,bibî,ngipun,dila,agpakokok; patawà,agpanangis; agpanramrós; agpansubì,sukà,,mamangàn; agkamangán,tilad,tunguanun; agaroko; lutuún,,,,talinga,karungóy; agalaput,mata,ngitan; kapangkít,manungaban,usok,liway; palibay,tainúp,tugkáw,,,boglô,darago; bayo; dayà; santò,budang,báe,,inang,mamang; mamboy,balay,atop,ngaran,sabiún,ukét,gapusún; bokusun; eketén; sugbitun,,karayum; kuayum,bisalan; panlakaw; mangakad,palpás; agpana,bunungún; dusakun,atamaan; abangkawán,takaw,,agkatáy,,gayawun; karatun,,,lapaun; lasakun,,pudúl; momól,fakfanón; apangwát; agapurâ,asikún; agasikán,pilì,,mistubò; mamungkalus,turusún,,kalî; agkalî,bilí; mamilí,busuangun; bukáun; buklát,agbayú; aglubók,binglayun; bunglayun,malabò,tito,punay,itlóg,,pakpák,layangan; mislayug,patulóy; balabáw,,,ikóy,ulay,alibatoy,yamad,banglús,lawà,surâ,buyók; rukás,salinsíng; salingsíng,daon; labong,uyat; gamót; dalíg,butakan; buruasan,rawug; boa,,diya,bató,barás,tubig,agkalimós; lagnasun,dagat,asín,linaw; lalaguna,kubat,langit,bulán,magiróm,panganod,libò,udán,dalugdók,dalugdók,angin,,,madimlá,gapusún; marigún,,biyát,baya,durukún,snus; ulúp,buris,masnóng; madlúm; malúnod,buksî,malimbaón; dangga; kundiman; kinambaya,madiláw,láoy,dalít; singít,laun; lakóy,kabuat tê,aba,malipís; maimpís,,,masakláng; masláng,dailán; maskít,akaiyâ; akarikoy; iyá,gorang; kadagon,bayukáy,maál,daot,,yabì,ibong,dagún,akadugay; ang kadugay,,munaik; agunaík; agrabong,,,,,anda,ina,bangun tê; abanitê,adaynaw,anuá; saano,akó,kaw,siyo,kitá(m); kamí,kamó,siro,,nakáy,ruma; bukód,,,no,ang katáw; abitay,dayô; nawúd,,usaï,duáy,tulò,upat,limá,anum,pitô,waló,siyám,saï polo,duay kasaypolo,,usai daan,
1211,Arta,16.4185,121.656,arta1239,Yukinori Kimoto,202,https://abvd.eva.mpg.de/austronesian/language.php?id=1211,lima,katigid,ka:wanan,tiyəd,dima,daddiman; diddiman,,gi:rəŋ,naŋuy,meggirək,rignət,kubbaŋ,sapaŋ,čan,tulan,bituka,agtay,susu,salapad,tataw,no:no:t,antiŋ,dikləm,ulu,lig,pulug,aduŋ,manga:ŋəs,aŋu:tən,bibig,ŋippən,dila,lalla,siya,aŋut,tuppak,an,ŋalŋal,lutu,ti:m,arat,supsup,taliŋa; ibəŋ,ati:ŋən,mata,inta; ita,sasbiw,idəm,o:gip,gigləp,tuttud,tadyor,arta; agani:,giləŋan,buka:gan,ana:,asawa,asawa,ina,ama,bunbun,atəp,ŋadin,ibud,lubid; gapət,gaptan,dage:t,tanud,bugay,paŋa:lən,suttukan,suntuk,takaw,papati,pati,to:lay,gusgus,gu:lək,imula,pissay,mettadəm,ŋuləl,mantaraba:ho,,pili,mantubu,lətəg,,iggaman,kotkot,rataŋ,bukkat,,barəd,tannag,lappul,manu:,i:lug,,alad,əbər,bukət,ba:lag,gaddaŋ,ipus,ulag; iraw,bula:ti,utu,buŋor,ləwwaləwwa,i:yan,ruŋtut,sa:ŋa,don,ramut,bulaklak,buŋa,kadət,tapa,karagatan,dagat,wagət,bulus,digit,asin,pasuŋ,ayuwan,laŋit,bulan,bitun,dikləm,nabunab,pu:nəd,addur,kilet; kimat,bəgbəg,yopyop,pu:nəd,dəgnin,madi; raŋu,bisa; basassag,dəttun,du:t,sigin,asuk,abu,udiŋ,pullaw,sulu,,,killək,ka:man,api:rit,illa:yug,ləgpis,bagəl,gipit,lawa; layat,dəgəs,maŋa:pasiran,dupu:; babakat,bu:ru,piya,marakət,ustu,biyu:ŋət,laŋit,dagun,tanaka,lisu,saraŋsaŋ,ti; ta,diso:no:,diŋatu,dibbi,a:yi:,a:ya:,biyən,adu:yu,adi:ni,tən,taw,,titam,tam,tidu,a:no,tatin,a:duwan,attanan,aydi:,amma,kassandi,awan,bilaŋ,si:paŋ,tallip,taʔlu,appat,lima,ənnəm,pitu,walu,ʃam,ta:hulu,arta; tallip a hulu,lima a hulu,gasut,ta:ribu
410,"Atta, Pamplona",18.4738,121.3,pamp1244,C. Whittle & R. Lusted in Reid (1971),198,https://abvd.eva.mpg.de/austronesian/language.php?id=410,lima:,jimigi,jiwana:n,takki,mallaka:k,dalan,umeʔa taw,mabbiribiring,mannunnuk,naraping,kappu:ʔ,tabbiʔ,bara:ʔ,sa:n,tula:ng,sinay,agal,ga:taʔ; ga:kaw,aba:ga,ammu,nonofan,magana:ssing,da:ga,ulu,bullaw,dudduʔ,igung,magina-ngo,aguban,simuʔ,ngipan,jila:,maggagalaʔ,makkule:ʔ,uta:,iluta:k,kuma:n,mama:n,buta:li; lutuan,amminum,mangaga:ʔ,susutan,talinga:,maginna:,mata:,masingan,mattarawag,makkaturuk,magidda,tage:naʔ,magitubang,mana:ddak,to:lay,lala:ki,babay,abbing,ata:wa,ata:wa,inno:ʔ,ammo:ʔ,balay,ataʔ,nga:gan,ubobugan,lubik,kaddanga:n,maddage:ʔ,da:gum,magaluʔu:ʔ,,dukkia:lan,,iko:ko:ʔ,papata:yan,natay,mato-lay,makatal; makkabbang,kaddutan,ka:yu,,nataram,nangural,mattaraba:ku,imula:,mappi:li,,nabbaga,pappatan,tangngala:n,makko:kko:k,guma:ta:ng,vucatan,mabba:yu,ipayang,mapanna:ʔ,i:tu,mamma:nug,illuk,lawi,paya:ʔ,makkaya:k,ulak,pattaʔ,taba:,ipuʔ,ira:w,alukki:nak,kutu,agupu:ʔ,balakak,sira:,nalabbak,panga; fanga,don,gamuʔ,lappa:w,bunga:,kaddo,dabbun,batu,da:ga:ʔ,danum,,be:bay,asin,labbang,kakayyua:n,la:ngiʔ,bula:n,bituan,kunam,,ura:n,alittu:gaw,kila:ʔ,padda:k,isuʔ,ininiʔ,nalummin,namaga:; bilaga:n,nabasa:,putu,api:,tuggian,atuʔ,abu:,ngisiʔ,puraw,ujjo:jin,ngila:,be:rdi,baddiʔ,dakal,alinna:ʔ; ababba:,apaddu:,neppiʔ,nakannak,nasiriʔ,ala:wa,takiʔ,mapasira:n,da:n; lakala:kay,bagu,mapia:,jikkuʔ,kurrug,gabi,a:ggaʔ,dagu:n,ka:ni,mattuttu:ʔ,ammune:ʔ,,unaʔ,utton,guka:k,yawe,,aranni,arayyu,so:gia:n,sò,,,ittam,siʔaw,irrah,anni,asinni,tanakua:n,nga:min,,nu,pigia:,ari,bila:ngan,ta:dday,dua:,tallu,appa:ʔ,li:ma:,annam,pitu,walu,siam,mapulu,dua:pulu,,magatuʔ,maribu
1262,Ayta Abellen,15.4131,120.2,aben1249,Stone (2008),140,https://abvd.eva.mpg.de/austronesian/language.php?id=1262,gamɨt,odi,,,kodaŋ,,,,taŋoy,dinat,tuʔapok,lutiʔ,gulot,bitoka,botʔo,,agtay,huho,bantaw,,,,dayaʔ,o:,lɨʔɨy,labok,baloŋoh,,daʔɨp,bɨbɨy,ŋipɨn,dila,kiliʔ,taŋih,hokaʔ,,kan,,,inom,kayat,hɨphɨp,taliŋaʔ,lɨŋɨʔ,mata,kit,,toloy,,taynɨp,iknoʔ,idɨŋ,,laki,babayi,anak,ahawa,ahawa,indo,bapa,baɨy,atɨp,ŋalan,,lubil,,tahiʔ,kadayɨm,,,,,takaw,patɨy,,,,,,,tadɨm,,obda,tanɨm,piliʔ,,,pɨhpɨh,,kali,haliw,,,tapon,,aho,manokmanok,talay,polokpok,pakpak,lompad,,,,ikoy,bikat,ulɨl,,ilɨk,gigaŋ,ikan,,,,yamot,,dawa,,,dapah,laŋhiʔ,lanom,,,ahin,,,laŋit,buwan,bituʔɨn,uwɨp,,udan,kudol,kilat,,,ʔamot,layʔɨp,,bahaʔ,biyat,apoy,,anoh,tubog,ŋitit,putiʔ,tibya,holyaw,,kandi,lakɨ,,kadaŋ,inpih,kugpa,hapɨy,way,,,,bayo,ŋɨd,,,madɨglɨm,maŋaʔamot,taʔon,makano,tayo,manik,,,,,,,,taʔaŋ,wayʔihtɨw,ako,ka,ya,kitawo; kayi,kawo,hila,aya,hinya,,kaganaʔan,boy,no,wayʔomon,,bilaŋ,magha,luwa,tatlo,apat,lima,anɨm,pitu,walu,hiyam,mapoʔ,luwampoʔ,limampoʔ,magatoh,maghay libo
1263,Ayta Ambala,14.8156,120.283,amba1267,Stone (2008),126,https://abvd.eva.mpg.de/austronesian/language.php?id=1263,gamɨt,kaliwaʔ,,,alyakoʔ,,,,laŋɨy,yaŋat,gabot,balat,bokot,bitokaʔ,botʔo,,agtay,sosoʔ,bantaw,,,,dayaʔ,olo,bɨŋ,labok,baloŋoh,,daʔɨp,bɨbɨy,ŋɨpɨn,dila,kayliʔ,taŋih,hoka,,kan,,,inɨm,kayat,sɨpsɨp,tɨk,lɨŋɨʔ,mata,akit,,toloy,,taynɨp,iknoʔ,idɨŋ,,liyakiʔ,babayi,anak,ahawa,ahawa,indoʔ,bapa,bali,atɨp,ŋalan,,yobil,,tayi,kadayɨm,,,,,takaw,pati,,,,,,,tadɨm,,trabaho,tanɨm,piliʔ,,,pɨspɨs,,kalih,haliw,,,haloʔ,,aho,manokmanok,okoy,baŋibaŋ,palakpak,lompad,,,,ikoy,otan,bolati,,yamok,pidaʔ,kɨnaʔ,,,,yamot,,tagɨy,,,bato,bohaŋin,lanom,,,ahin,,,laŋit,boyan,bɨtɨwɨn,olap,,abagat,kimat,kimat,,,ʔumot,layɨp,,bahaʔ,biyat,apoy,,ahok,abo,wliŋ,potiʔ,odit,dilaw,,kayɨk,hmak,,kadaŋ,nipis,kodpa,kayɨk,lawag,,,,bayo,hampat,,,yabi,allo,taʔon,makano,tagoʔ,dakɨy,,,,,,,,dayoʔ,haʔantoʔ,aku,ka,ya,kami; tamu,kawu,hila,hitaʔ,hitaʔ,,laʔat,boy,nu,pakapakun,,bilaŋ,,,,,,,,,,,,,,
"1264, 1257",Ayta Mag-anchi; Ayta Mag-antsi,15.1954,120.459,maga1263,"Stone (2008); Storck, Kurt and Margaret Storck, compilers",209,https://abvd.eva.mpg.de/austronesian/language.php?id=1264; https://abvd.eva.mpg.de/austronesian/language.php?id=1257,gamɨt; gamêt,uki,panabtab,bitsih,bita; mita,dann,kapadah,durot,kaway,rɨmɨk; dêmêk; porong,tuwapok,balat,bokot,bitoka; poko,botʔo; but-o,bitoka,agtay,hoho,bantaw,tanda; muwang; balay,ihip,limo,daya,ulo,lɨʔɨy; lêêy,habot,baluŋuh; balunguh,inanawa,daʔɨp; daêp,bɨbɨy; bêbêy,gogot,dila,kailiʔ; kaili,taŋih; tangih,huka,dula; tupay,ɨkan; kênaên,êt-êt,luto,inɨm; inêm,kayat,hɨphɨp; hêphêp,tɨːk; têkk,lɨŋɨʔ; gilam,mata,ikit; hêlêk,kayab,toloy; tuloy,palindata; lokob,taynɨp,iknoʔ; ikno,irɨŋ; irêng,tawo,lalakiʔ; lalaki,babayi,anak,asawa; ahawa,asawa; ahawa,indo; ima; nanay,tatay,bali,atɨp; atêp,ŋalan; langan; ngalan,habi; habêt,yubil; hêêl; êh-êl; soga,takêl,taynɨb; taynêb,karayɨm; karayêm,kolimêt,pana,hakhak; yukyuk; tabtab; latog,tumbuk,takaw,patsi; lipot,natsi,biyay,gêgat; gulat; kuhkuh,orog,têkên,bahak; bihbih; bangal; katêrên,tarɨm; tarêm; nahêlêy,kamud,trabaho; dyag,tanɨm; tanêm,piliʔ; pili,tumubo,baknêl; gumaya; baya,pɨhpɨh; pêhpêh; podot; pêyêh; pidit; piktat,talan,kali,haliw; tawad,buklatên; loat,pukpuk; bayo,tapon; hamwag,tata,aho,manok,poga,habot; puwal,puwal; pakpak,lumpad; lêpad,dagih,asan,taba,ikoy,utan,uwɨl,koto,ilɨk; yamok,gigaŋ; gigang,kɨnaʔ,lapok,hanga,bulong,wakat; yamot,bulaklak,tagɨy; bokal,lamon,luta,bato,balah,lanɨm; lanêm,tolo,dagat,ahin,linaw,bagbag,laŋit; langit,buwan,bɨtɨwɨn; bêtêwên,ginɨm; ginêm,ogaog,uran,kilat,kimat,angin,dumot; kêtan,ʔomot,layʔɨp; kêbêl,kulanoh; yanto; yango,baha,byat; bêyat,apoy,dungkêt; opoh,ahuk,abo,ŋitsit; nailam; nangitsit; nauyang,putsi,orit,hɨlyaw; nahêlyaw,nahulilang,nanawa; ibon; naaypa; oybon,hɨlay; mahlay,botêtê; ipêk,karaŋ; karang,impih; naimpih,kugpa; kapal,kapit,akʔwal; lawang,hakit,dêng-êy,toa,bayo; lago,hampat; kangêd,dawak,dêmang; hukad; pêtêg,yabi,allo,taʔon; taon,makano; nakano,tago; puglao; lingad,unik; talukaring; lakat,ha,ha,ugto,,hata; hatsi,hain; hato,hênêd; narani; nadani,rayuʔ; dayo,anto; ato; ano,ako,ka; hika,ya; hiya,kitamo; kay; hikay,kaw; hikaw,hila,hino; hapay,hino,kaatag,naubuh; balang,boy; etaman; haka; saka,no,paŋno; pangno,ahê,bilaŋ; bilang,mihaʔ; miha,lowaʔ; lowa,tatloʔ; tatlo,apat,limaʔ; lima,anɨm; anêm,pitoʔ,waloʔ,siyam,mapoʔ; mapoluk,lowampoʔ,limampoʔ,dinalan,liboʔ
1267,Ayta Mag-indi,14.9617,120.182,magi1241,Stone (2008),140,https://abvd.eva.mpg.de/austronesian/language.php?id=1267,gamɨt,odi,,,bita,,,,kaway,dinat,alikabuk,balat,bukut,bituka,botʔu,,agtay,susu,bantaw,,,,daya,ulo,bɨŋ,sabut,baluŋus,,dɨp,bɨbɨy,lasi,dila,kayliʔ,taŋis,suka,,ɨkan,,,inum,kayat,sɨpsɨp,tɨk,lɨŋɨʔ,mata,akit,,bɨlɨw,,taynɨp,iknuʔ,irɨŋ,,lilaki,babayi,anak,asawa,asawa,indu,bapa,bali,buboŋ,lagyu,,yubil,,tayiʔ,karayom,,,,,takaw,pati,,,,,,,tarɨm,,obra,tanɨm,piliʔ,,,pɨspɨs,,kali,haliw,,,tapun,,asu,manunk,ukuy,sabut,palakpak,lumpad,,,,ikuy,utan,uwɨl,,ilɨk,gigaŋ,kɨnaʔ,,,,uyat,,tagɨy,,,batu,balas,lanɨm,,,asin,,,laŋit,buwan,bɨtɨwɨn,lem,,uran,kilat,kilat,,,ʔumut,lɨpʔɨt,,basaʔ,biyat,apuy,,asuk,abu,uyaŋ,puti,udit,ʔɨlyaw,,bɨlɨŋ,ragul,,karaŋ,impis,kudpa,kapit,kuwal,,,,bayu,ŋɨd,,,yabi,maʔamot,taʔun,makanu,taguʔ,dakey,,,,,,,,dayu,antu,aku,ka,ya,kitamu; kay,kau,sila,sabet,sisabɨt,,kaganawan,buy,nu,parasaʔantu,,bilaŋ,gisaʔ,luwaʔ,tatluʔ,apat,limaʔ,anɨm,pituʔ,waluʔ,siyam,mapuʔ,luwampuʔ,limampuʔ,gisay gatus,gisay libuʔ
289,Babuyan,19.48,121.96,babu1242,Tsuchida et al. (1987),202,https://abvd.eva.mpg.de/austronesian/language.php?id=289,panorowan,holi; kaholi,wanan; kawanan,ayi,ayam; omayam,rarahan,ay; may,siwal; somiwal,awat; mayawat,rudit; marudit,ahbek,kodit,dicod,bodek,tohang,cinayi,atayi,soso,pakoh,panmo; ipapanmo; patak; icapatak,tokto; maytokto,bakel; mabakel; amo; ma:mo,raya,oho,lagaw,bo:boh; vuhok,momodan,anges; omanges,angot,dangoy,nyipen; kamansasanga; song,rida,miyeng; mamiyeng,tanyis; tomanyis,ota; mota,,kan; koman,mama,rotong,inom,sonyit; sonyiten,sepsep; sepsepen,tajinya,adngey,mata,tiban,soyawab; maysoyawab,icih; mekaicih,poktad; maypoktad,tayinep,disna; maydisna,tenek; maytenek,tao,mahakay,mabakes,motdeh; anak,kabahay a makakay,kabahay a mabakes,a:nang,a:mang,bahay,atep,ngaran,vatahen,hobid; toyongan; langking,iyit; iyitan,rayit,rayem,anop; manganop,mamaltog,toyan; todok; todoken,danog; danogen,ta:kaw; mana:kaw,diman; maydiman,diman; madiman,biyay; mabiyay,kadkad,tongeh; poted; pitos,kayu,abhak; abhaken; yangaw; yangawen,tarem; matarem,ngareh; mangareh,,moha; maymoha,pidi; pidiyen,,yatek; miyatek,pitos; pitosen; piyis,dapet; manapet,kadi; kadiyen,gatang; gatangen,iwang; iwangan,asad; asaden,agsid; agsiden,asday; masday,cito,manomanok,occoy,buh buh,panyid,sayap; somayap,karam,asi,taba,ipos,boday,ohed,bigaw; koto,tamoneng,ha:wa,among,rokop; marokop,yangaw; sanga,bohong,yamot,sabong,asi no kayo,tamek,tana,bato,anay,ranom,oyog; moyog,ta:wo; kanayan,asin,,kahasan,hanyit,bohan,bitohen,demdem,nepnep; magnepnep,cimoy,adey; gorowod,kimat,salawsaw,alop; alopan; kahabas,inannget; maynannget,hanebneb,abkoh; mabkoh,basa; mabasa,rahmet; marahmet,apoy,soso; sosohan,ahob,avobeh,abheng; mabheng,idak; maidak,baya; mabaya,ma:say; makodisaw; masohaw,magaraw,de:key,rakoh,anyid; manyid,naro; manaro,taripis; mataripis,tokpoh; matokpoh,ijid; maijid,yabong; mayabong; rahawa; marahawa; yoway; mayoway,inyen; mainyen; ganyit,asnek; masnek,alkem,bayo,piya; mapiya; ganay; maganay,rahet; marahet; akwan; makwan,sonong; masonong; kosto; oyod,ahep; mahep,arao,tawon,ka:ngo,tayo; itayo,kayat; komayat,duh,isek; sahad,tohos; kapot,irahem,nyaya,nauri,asngen; masngen,bawa; mabawa,dino,yaken,,,yaten,imu,yaten,ango,sino,,kan; askan,kan; as kan; kani,an,papira,engga; ingga; aba,bidang; bidangan,asa,dowa; dadwa,tatdo; tdo,a:pat,dadima,a:nem,papito,wawaho,sasiyam,sapoho,dadwa poho,,asa a gasot,asa a ribo
411,Balangaw,17.0994,121.272,bala1310,J. Shetler in Reid (1971),178,https://abvd.eva.mpg.de/austronesian/language.php?id=411,'limʌ,ʔi'gid,ʔa'wʌn,he'ʔe,ma'nalan ('dalan),,,po'lekos,tumi'buʔ,nalag'tan (la'gʌt),dʌ'pol,ʔug'let,ʔɨ'dɨg,po'to,to'ngal,'bagis,ʔag'tʌy,'soso; pa'lagpag,'poʔal,ʔi'nilʌ,,ʔig'yat,'dala,'ʔulu,bʌ'gang,'bu:ʔ,ʔa'ngal,,'honghong,ta'paʔ,bub'ʔʌ,'dilʌ,ʔam'ʔamlang,'kela,ʔut'laʔ,tomop'pa,ma'ngan,mu'mʌ,'buyuy; 'ʔuto,ʔi'num,bang'tʌn,ʔe'sopon,'ʔingʌ,dʌ'ngal,ma'ta,'ʔilʌ,,mas'sʌy,,ʔinʔi'nʌp,tumuʔ'du,tomaʔ'dɨg,ta'tagu,la'laʔe,bu'baʔe,'ʔonga,ʔa'hawʌ,ʔa'hawʌ,'ʔinʌ,'ʔama,bʌ'lɨy,ʔa'tʌp,'ngadʌn,ʔa'le,ta'le,ʔeta'ʔʌd,'ʔogot,'dagum,ʔa'nop,,sak'sakʌn,,'ʔakaw,pa'tʌy,na'tʌy,,ʔa'nayʔay; 'ʔotʔot,gɨ'gɨdɨn,'ʔawʌy,,ta'dɨm,'ngilu,'ʔamma,ʔi'mulʌ,'pele,,,gɨm'lɨn,ʔig'nʌn,mambu'ʔʌ,'laʔo,,'bayu,ʔepo'set,maʔ'dig,'ʔaho,ka'sole,'ʔetlog,'ʔipos,pa'yʌʔ,'tayap,'ʔutot,,ta'bʌ,'ʔipos,bʌ'lakkan,ʔo'lang,'ʔoto,la'mok,ʔakʔa'kawwʌ,gi'diw,nab'luʔ,,'tubu,la'mot,sab'sabong,'bungʌ,,'lota,bʌ'to,'gahal,dɨ'num,,bʌy'bʌy,ʔa'hin,po'ʔong,pag'pag,ʔu'du,hʌ'lag,ta'law,'bunat,,ʔu'dʌn,ʔe'dol,koli'yapyap,'yʌwyʌw,ʔay'yubʌn,ʔu'matong,'tʌnʌng,na'lango; ʔibi'lʌg,naʔ'pat,dʌg'hɨn,ʔa'poy,he'ʔol,ʔa'sok,dʌ'pol,ngʌt'tʌgʌn,pok'kawʌn,dit'takan,dud'dulʌw,la'lanhi,ʔaket'toy,da'kal,ʔat'teʔ; ʔat'etʔ,ʔan'du,'yapet,sʌ'dal,nale'pet,na'lawʌ,'sigʌb,'bi:n,nabʌ'yʌg; na'lakay,kaʔ'ʔamma,ʔam'may,la'weng,,la'bi,ʔagʔa'gʌw,ta'wɨn,ka'mana,'talo,'ʔayat,,,,dʌl'ʔʌm,,,ʔahag'ʔʌn,ʔadʌw'wiy,dok'kay,,,,,,,'heno,'heno,sa'bali,ʔa'min,,no,ka'mana,bɨ'ʔɨn,'bilang,ʔɨ'hʌ,du'wʌ,to'lo,ʔo'pat,le'ma,ʔɨ'nɨm,pi'tu,wʌ'lu,si'yʌm,hem'polo,du'wʌn 'polo,,hinggʌ'sot,hen'libu
3,Banggi,7.29249,117.174,bong1289,"Blust, from Schneeberger",157,https://abvd.eva.mpg.de/austronesian/language.php?id=3,fī,kuikiwaŋ,kikuan,uei,ĕmpāno,,miātaŋ,,lěmuŋi,damak,auu,kubal,,tiagn,tulagn,,ati,dudu,owu,fandi,mihir,molok,rāh,ulu,tigoru,obuk,iduŋ,intaŋ,ĕŋgadak,bobok,kuhud,dila,,tĕmeis,,ilab,mohodn,,ěŋgafi,ĕŋinum,nohol,nunsup,,kidoŋor,māta,,,modop,sĕmarik,ĕŋgĕnifi,mufuŋ,,lāma,lahi,liwun,anak,sāna,sāh,,ama,bāli,safu,ĕŋārdn,moro,tali,nigad,,jarum,,nimbak,musuk,numbuk,nahu,,māti,biag,nuhud,kĕtofo,kiau,mĕlak,ĕntaram,,,nanam,mili,,,,,,moli,tiŋgiwa,,,ĕndabu,āsu,bohed,,bubul,koh,lampad,sihud,onsi,lāna,ifus,ulagn,liŋguaŋ,,tonok,,sadak,mutaŋ,saŋa,doudn,fahat; brān,budak,buak,rihut,tānah,batu,,beig,,loud,timus,,gobak,laŋit,buaitn,bitūdn,awan,,dolok,,,dodos,,ĕmfanas,rāmig,eŋkorign,ĕmbasah,mogat,afi,nutugn,goudn,awu,modom,ĕmputih,ĕnsĕgak,kuid,,toyok,midia,puhu,mĕlaŋgu,,ĕŋkafal,,melimbag,sahit,mĕlou,ĕntua,bāru,ĕmpia,ĕndod,bār,raobi,odu,toudn,,,sĕmblahi,ki,kisoid,kilibuat,kisiduŋ,ĕntī,ino,miŋat,moduk,mĕnihan,ou,uhu,kui,sĕsia; ihi,,,onuh,asi,leidn,,mak,,fuŋgama,ĕndak,niap,isa,dua,taolu,afad,,,,,,,,,,
708,Bantoanon (Banton),12.5194,122.034,bant1288,Gordon & Kilgour,129,https://abvd.eva.mpg.de/austronesian/language.php?id=708,damút,wala,tuqo,siki,,,,,,,táybu,anit,likor,pusqon,suka,bitoka,atay,súsu,qabága,,,,rogoq,uyo,liqog,buhok,ilong,,,yubaq,ngísih,rilaq,guyá,,,,,,,,,,talinga,,mata,,,,,,,túngtung,tawo,kayake,kabade,anak,asawa,asawa,nanay,tatay,bayay,,ngayan,,písiq,,,,,,bunúq,tíngting,,,,,,,,,matayom,barong,,,,,,,,kútkut,bakay,,badú,,,iroq,yanggam,itlog,bayukag,pakoq,yupar,,,,ikog,sawa,,kuto,,,israq,,sangá,rahon,gamot,buyak,bunga,,ragaq,batú,baybay,tubiq,,ragat,,,,langit,bulan,bituqon,rampog,,uyan,,,hangin,huyúp,,mayamig,uga,basaq,búgqat,kayado,sunug,aso,abo,itom,putiq,puya,ruyaw,berde,maqisut,marakoq,malipqot,mahabaq,manipis,maramoy,makitir,mayapar,,nahuhuda,yumaq,bagqo,maqado,mayaqin,,gabqe,adlaw,tuig,kaguno,,saka,,,,,kalí,kináq; katóh,mayungot,mayado,saquno,ako,ikaw,sida,kita; kami,kamo,sinra,niqo,siqo,qibá,tanan,qag,kung,,qindíq,,usa,ruha,tatlo,apqat,lima,anqum,pito,wayo,sidam,sampuyo,,,,
"412, 265","Batak, Palawan; Palawan Batak",10.1115,119.025,bata1301,R. Rodda in Reid (1971); Lawrence A. Reid,203,https://abvd.eva.mpg.de/austronesian/language.php?id=412; https://abvd.eva.mpg.de/austronesian/language.php?id=265,ʔalima; ʔalíma,gibang; gibaŋ; gíbaŋ,ʔuanan; wanán,ʔaʔay; ʔaʔáʔi,panaw; maglakád; mag-panáw,dalán,muʔatkakaʔíni,biring; magbíriŋ,gaman; mag-gáman,maburing; ma-buriŋ; damút; ma-ríŋa,ʔapuk; ʔapík; ʔapók,kulit; kolít,giring; gɨrɨŋ; gərə́ŋ,tinaʔi; tináʔi,tuʔlang; tuʔláŋ,tinaʔi; tináʔi,ʔatay; ʔatáy,dudu; dibdib; dudúʔ,ʔabaga; ʔabagá,kilala; maka-táwan,mag-ísip,takut; mag-tákot,tagɨk; tagúk,ʔulu; ʔóloʔ,liʔɨg; líʔəg,buaʔ; buwáʔ,ʔurung; ʔuruŋ; ʔoróŋ,,ʔarɨk; ʔarúk; mag-árək,baʔbaʔ; baʔbáʔ,nipin; nipɨn; nipún,dilaʔ; dílaʔ,saya; daŋákŋak,tangis; taŋís; mag-taŋís,suka; mag-sukáʔ,surpa; mag-súpraʔ,kaʔɨn; káʔən,mamak; mag-súbo,kidpis; lutu; magiwára,ʔinum; mag-inúm,bangkiʔ; baŋkíʔ; mag-baŋkíʔ,maksɨg (kɨsɨg); sɨssɨp; mag-igup,talinga; talíŋa,batiʔ; mag-dəŋə́g,mata; máta; kadawaʔári,liʔgan; lɨʔgan; mag-lə́ʔgan,,ʔɨdɨp; mag-ədə́p,mag-líŋən,tagaʔimpen; tagayímpun; tagínup,rɨʔɨd; rɨgɨd; ʔaduŋ; mag-adúŋ,tindɨg; mag-tiŋdəg,taw; táʔo,lalaki; laláki,babay; babáʔi,ʔanak; ʔanák,ʔasawa; ʔasáwa,ʔasawa; ʔasáwa,ʔinaʔ; ʔináʔ,ʔama; ʔamáʔ,balay; baláy,ʔatɨp; ʔátəp,ngaran; ŋarán,sugid; mag-ámpaŋ,lubid; lúbid,ʔɨkɨt; mag-bakə́d; mag-əkə́t,taik; mag-taʔík,dayum,lugitɨm,mag-pánaʔ; mag-pusít,randak,balbág,takaw; mag-panakáw,ʔimatay; ʔimatáyən,napatay; patáy,ʔəgə́n,katɨl; taristis; makárod,ratak; mag-ərə́t,kayu; kayó,mag-bəkáʔ,matarɨm; ma-tarə́m,maʔabul; ma-ʔabul; na-tamól,ʔubraʔ; mag-obrá,ʔiluak; ʔilbə́ŋ; mag-luwák,piliʔ; mag-píliʔ,,kɨdpɨs; mamagə́ʔ,pislak,kuitan; kumúytan,kali; mag-káli,ʔalang; ʔalaŋ; mag-aláŋ,mag-ʔabrí,lɨbɨk; mag-ləbə́k,tilib; ʔitlíb,lambɨg; láʔob; ma-lambə́g,kɨʔkɨng; kɨʔdɨŋ; kəʔdə́ŋ,manmanuk; manmanók,tiʔlug; tíʔlog,lawi; bulbúl,ʔɨlad; ʔə́lad,layug; mag-layóg,ʔangbɨʔ; ʔaŋbɨʔ; ʔaŋbúʔ,ʔisí,linuk; linúk,ʔikug; ʔikóg,dukul; dokól,luʔluy; lúʔluy; ʔugdás,kutu; kotó,namuk; namók,lawaʔ; láwaʔ,sɨdaʔ; ʔisdáʔ; sədá,narumut; na-rumút,sáŋa,daun; dáʔon,gamut; gamót,buraburak; bulaklák,bunga; buŋa; buŋá,ʔirbə́s,lugta; logtá,batu; bató,nɨknɨk; ʔunáy,danum; danúm,mag-bə́lbəg,taʔɨb; poróʔ; taʔə́b,budbud; ʔasín; budbúd,buung; buuŋ; danáw,talun; tálon; kakayúʔan,langit; laŋit; laŋít,bulan; bulán,panakunun; panakonún,panganud; paŋanúd; ʔodúm,túgpu,lɨbɨg; ləbə́g,duldug; duldúg,kudlap; kudláp,dɨrɨs; dəʔaʔə́s; dərə́s,ʔuipan; mag-úypan; mag-dərə́s,marandang; ma-randaŋ; ma-rəndáŋ; ma-liʔŋət,maramig; ma-ramig; ma-rəmíg,mamaraʔ; bilad; ma-maraʔ; ma-raŋú,maɨmɨg; maʔə́məg,mabɨʔgat; ma-bɨʔgat; ma-bə́gat,ʔapuy; ʔapóy,dɨkɨt; maʔántəŋ,tabuk; tabók,ʔabu; ʔábo,maʔilɨm; ma-ʔilɨm; ma-ʔilúm,malanti; ma-lanti; ma-korís,maskɨt (sɨkɨt); ma-skɨt; ʔundimán; ma-siŋí,makalawag; ma-kaláwag; maduláw,madulaw; ma-dulaw; ma-ʔilúm,gɨtiɨk; gətíʔək,dakulaʔ; dakúlaʔ,diʔput; didiʔpút,ʔabuat; ʔabwat,manipis; ma-nipís,madamɨl; ma-damɨl; ma-duməl,piʔɨp; piʔɨl; ma-piʔkə́d,malabɨg; ma-labɨg; ma-rugár,mangalngal; ma-ŋalŋal; ma-ŋə́lŋəl,ʔiyaʔ,lagilagi; guragurang; guraguráŋ,baʔgu; baʔgó,magayɨn; ma-gayɨn; ma-gayə́n,makawat; ma-kawát; raʔuráət,,dɨlɨm; dələ́m,ʔaldaw; ʔaldáw,taʔun; taʔón,saʔnu; insaʔno,tagu; pa-tagóʔ,sakwal; suʔakwál,,ʔadalúm; ʔubtáŋ,díbwát,sirib; siruŋ; logtá,ʔiaʔini; ʔiaʔitu; ʔiyaytó; kaʔini,ʔiaʔian; ʔiaʔiti; ʔiyatí; dáto,sabiʔ; sabíʔ,ʔalawid; ʔaláwid,kaʔi; káʔi,ʔaku; ʔakó,ʔikaw; ʔikáw,kánya,kitami; kíta; kámi,kamu; kámo,sira; kaníra,ʔunu; ʔóno,siʔu; siʔó,ʔagɨt,tanan; tanánan,,ʔin,pira; móʔno,bɨlag; daʔgwa; bəlág; dágwa,bilang; bílaŋ; mag-bílaŋ,ʔɨsa; ʔəsa,dua; duwá,tulu; tulóʔ,ʔɨpat; ʔə́pat,lima,ʔɨnɨm,pitu,ʔualu,siam,sangpuluk,duang puluk,,gatus,ribu
"1272, 1273",Batangan; Buhid,12.6396,121.21,buhi1245,Barbian (1977),172,https://abvd.eva.mpg.de/austronesian/language.php?id=1272; https://abvd.eva.mpg.de/austronesian/language.php?id=1273,daluwáp; daluáp,walá; agwalá,sión,,glaó; glô; aglaáw; glao,dalan,,,kfäó; aglangóy,masuyá; mafurát; maurí; marawíng,galbók; dalóg; maganít; marigún,balát,goyoy; goyoydayo; goyóy,ungdán; tiyán,butól,funá,dangdángon; inangdáng,suso,lapè; lafì; buksul; labay,,gamatangán; taginduman; gayufán,kalogó; dala; malugó; malimó; kadala,tagók,alfoyò,leóg,buók; buok,dungós; uyóng,,kfangayok; gayók,bibíg,bagáng; ngifun,fangalafang; dila; dilá,gakrák; agfalakák,waywáy; guráw,kfangkok; balugnán; aksuá,,kfangón; pangon; mangón,tilad,fatama; namasäudî; agfatama; faktafóng; fatungowan; manäod,,,,talínga; talinga,dungóg; agdógdi; nagdungúg; agdungúg,matá,lumág; nalág,kagám; fantanganga; gubaban,fteog; noktoyog,tagilidan; agfauway wan,tagintán; damgú; dumamgú,gunaí; agtukawan,,,baguama; anaán,diaga; dayaga,ungá; atonga; anák; atanák,mangana; mangama,mangana; mangama; mangina,mina; ina; uso,mama; amáng,balä; baláy,ogón; soob; sohob,ngayan,longi; alongan,siók,barikusán; rabängi; fatungódi; gafusuán; siyukán; taúdan; rumugót,,karayum; dagum,nanlafat; mangido,fasalaní; lagfáng; iktubók; faipkás; agfana,urusí; tubukí; nabunó,natok; intiktán; niktán,kamól; agnaáw,,kafulíd; katay wan,,kfanggarít; gayús; kagáw,,,bilä; filasi; aglafi,,nkumál; maluyó; pudúl,mabudlay; fakbolon; kawat; mabudláy; bolon; agkalig,tanóm,kfilí; filian,,kolok; kadaúl,turís; fidisán,,aliyí; kutkút; aliyán; gali,nangätam; mangätí; bakalán,naluwáp; luwangi; fulák suwangi; sakbawan buskadi; mabuklasan; budyawi; buklás; buswangán,manlubók; aglubók,ukasi; bintúk,ntóng; dagdág,idu; lakian; sobian; ido,manok; tungód; balangkawan; manók,itlóg; bolan,,fakfák,nalayog; aglayóg,buót; angbú; angbu,,,iyóg,ulä; ubganun; abyanun,nangulát; liwatí,hämád; yamad,bangyús; namok; balangkád; namók,baginawa; lawa,albón; uyáng,ndaán wan; buyók,salingsíng,doon; labong,lintonás; lalid; gamót,barugwák; sariksík; busáng,rawug; buád,pasaw,dagá,bató; gaang,lagnás; lukbô; barás,safà; saguban; danúm,nglimós; kalimós; lagnás; agbolos; lagnas,baybáy; dagat,asín,bunao; linó; danawan; linaw,talón; furuhayo; talon,banua; banwa; samtongodám; tungód,magdanon,galämä; fanggasán,linyabo; skalayawan; bánua; rorom,linyabo; ayuyós,harák; gayoyós; ayoyós; gamoyanun; mayan; moayan; anítay,lingsî; fangalóng; dalugdóg,kilát; limbád; ilat; hilat,tagmarâ; durós,,,mariós; magnáw; matiis,yango; salód; gangu,,mabiyát,afóy,durók; tafong; durók labayán,anús,dafóg; fógis,malayóng; madulúm; marúm; maduluman; mararuk; maróm,malaksí; malaktí,mayayit; maraskâ; limbád; linole; maranggát; dararág,maraskâ; maranggát,malayóng; malatóy,aláy (sirot); alayáy; ugbót; alaáy,gbia; agbét; ngbia; faglaung; daúl,ngababá; libabá,ngaba; aba; araba,mayangfís,,,ngbia; marafád; marafát,saít; dailán; kasagít,kaplá; kaalang,banua; gorang; gurang,bago,masenä; fia; maál,makäskäs maurí; mafurát; kwä tungkól; doot; maurí,,yabí,mänet; mänit; mianit,banua; abagat,ginaín; sädugä,,gulól; ulolí; barikos; agtaáng; galibud,,,,,itóy; hiin; tó; ti,tsióy; attä,monakbáng; akbáng,ngayayo; ayayo,da; dada; dadawán; sidá; awada,aó,oó; áo,siyá; iyá,itá(m); amí; tam; (a)mí,am; ayó; ám,ayó; ám; tibâ; tse; istáo,indáy; intáy,sino; staä; tawa faktao,samanuán; tibâ; bukód,fagayó,,no,tainró; sabláy; kinda(udi),duwá; baláw,,sadí; sadi,duá,tuló,ufát,limá,unum,pitó; fitó,waló,siyám,safolo,duaksafolo,,,
"859, 47, 1208",Bikol (Bisakol); Bikol (Naga City); Naga Bikol,13.757399999999999,123.403,cent2087,Roberto Gimoro; Amy V. Daniega; Geopoet,210,https://abvd.eva.mpg.de/austronesian/language.php?id=859; https://abvd.eva.mpg.de/austronesian/language.php?id=47; https://abvd.eva.mpg.de/austronesian/language.php?id=1208,kamut; iabot,wala,tuo; tu-o; too,tabay; siki; bitís; tabáy; hítaʔ; bitis,malakaw; malacao; maglakaw,dalan; agihan; tinampo-dalan; tinampo,makanhi; maabot; magdigde,maliko; mabiric; bumirik,malangoy; maglangoy,maati; maation,alpog,balat; panit; kublit; onit,likud; likod,tiyan; tulac; habayan,tul-ang; tu-lang; túlang,bituka; minudencia,atay; katoy,dudo; susu; suso,abaga,maaram; tatao; makaaram,maisip; mag-isip,mahaduk; matakot,dugo; dugô,ulo; payo; pamayuhan,liog; li-og,buhok,irong; dungô; dungó,hangos; maguinhawa; maghangos,mahamot; mabaho; maparong; magparong,hiwa; ngusò; nguso,ngipon,dila; dilà,matinawa; ma-ngisi; ma-oloc; magngirit,maghibi; mahibi,magsuka; masuka; sumuka,magluda; malutab; magdurá,kumaon; makakan; magkakan,mama; masapâ; magnguya,magluto; maluto; magâgâ; magsapná,uminom; mainum; mag-inom,kagat; macagat; magkagat,supsup; masupsup; magsupsop,talinga; talenga,mag-bati; madangog; magdangog,mata; matá,mag-imod; mahiling; maghiling,mag-hagab; mahacay; maghakay,maturog; magturog,mag-higda; mahigdâ; maghigda,mag-inop; mangiturugan; mangaturogan,mag-ingkod; matucao; magtukaw,mag-tindog; matindog; magtindog,tawo,lalaki; lalake,babayi; babaye,bata; aquì; ake,asawa na lalaki; agom na lalaki; agom na lalake,asawa na babayi; agom na babaye,ina; inâ; iná,ama; amâ; amá,balay; harong,atup; atop,pangaran,magsurumaton; masabi; mataram; magsabi,lubid,igapos; itali; bugkuson; gakudan,mag-tahi; matahî; sorsihon,dagum; dagom,mag-dakup; mang-ayam,mag-pana; mapanà; badilon,buno; masaksak; saksakon,rapado; mapacol; tamaan,magkawat; mahab-on; habonon,magpatay; magadan; gadadon,matigbak; magpacagadan; magadan,mabuhay,mag-katol; macagao; kaloton,tigbas; ti-a-con; putulon,bala; kahoy; igatong,tunga-on; ba-a-con; baakon,matarom,malomlom; mangurol,mag-uma; ma-oma; magtrabaho,mag-tanom; matanom; magtanom,mag-pili; mapilì; magpili,mag-tubo; matubo; magpatalubo,mag-dakodako; magatoc,puga-on; mapigâ; magpiris,kapotan; macapot; kaputan,mag-ukad; maducag; magkalot,mabakal; mabacal; magbakal,iluwas; mabucas; bukason,mag-bayo; mabayo; pulpugon,magbato; maapon; iapon,takdag; mahulog; ihulog,ayam; gadyá,bayong; gamgam [bayong]; gamgam,bunay; bunay [sugok]; sugok,barahibo; balúkag,pakpak; pakpák,mag-layug; malupad; maglupad,iraga; quinô; kinó,karne; laman; carne,taba; mantika; tabá,ikog,halas,bulate; alulunti; bulati,kuto,namok,lawa; lawà; lawá,isda; sirâ; sirá,bulok; lupa'; lapâ; lapá,sanga,dahon,ugat; gamut; gamot,burak,prutas; bunga,ging-ot; du-ut; awot,ingud; dagâ; daga,bato; gapû; gapo,baybay,tubi; tubig - las-ay; tubig,mag-anod; bulus; magbulos,dagat,asin; askad,danao,kadlagan; cadlagan,langit,bulan,bituon; bituun,dampog; panganoron,tun-og; culop,uran,dalogdog; daguldol,kil-at; kilat,hangin; paros; durus,huyop; maduros; hayupon,ma-init; mapanhal; mapaso; maaringasa,ma-pinit; malipot,mara; alang; baladon,hulos; basâ,magub-at; magabat,kalayo; calayo,mapaso; sulu-on; masulô,asu; aso',abo; abo',itom,puti,pula,yelo; canario,birdi; berde,saday; sadit,daku; daculà,halip-ot; hababâ; hali'pót,halaba,manipis; mahimpis,mahib-og,mapiot; haya|cpit,mahiwas,makulog; maculog,raw-ay; masup-gon; nasupog,gurang,bag-o; ba'go,mayad; marhay,maraot,tama; tutoo,gab-i; bangui,adlaw; aldao,taon,san-o; no-arin,magtago; matago,magsakat; masacat; matucad,sa,sulod; laog,itaas,ibaba; ibab a,ini,yuon; ito; yan,harani,harayo; harayô,haen; sain; saen,ako; aco',dapat; ica'; ika,siya,kami; kamo; quita; kamí; kitá; kita,ikaw; ica; ika,sira; sinda,nano; ano,sin-o; si-isay; siisay,iba; ibaba,intiro; gabos,nan; sa|ka; asin,kun; con,pan-o; paano; paanuhon,diri; bacu; dai; dae,mag-bilang; mabilang; magbilang,saro; saro',duwa,tolo; tulo',upat; apat,lima,unom; anum; anom,pito,wala; walo,siyam,sampolo; sampulo,duwapolo; duwang pulo'; duwampulo,limapolo; limang pulo'; limampulo,sanggatos; sanggatus,sangribo; sang-ribu; sanribo
710,Bikol (Buhinon),13.17,123.5,buhi1243,"Kenneth S. Olson, et. al.",174,https://abvd.eva.mpg.de/austronesian/language.php?id=710,kaˈmət,waˈla,toˈʔo,paˈʔa,ʔaˈɡi,tinamˈpo,pumunta,biˈrik,laˈŋoj,maʔaˈtiʔ,ʔalˈpoɡ,koˈlit,taɣodˈtod,təˈjan,toʔˈwaŋ,bitoˈka,ʔaˈtaj,soˈso,,ʔiˈsi,ʔiˈsip,taˈkot,roˈɡoʔ,paˈjo,liˈʔəɡ,boˈwok,ʔoˈroŋ,niʔiˈŋa,paˈroŋ,ŋoˈsoʔ,ŋiˈpən,riˈraʔ,ŋakˈŋak,,soˈka,loˈdaʔ,kaˈʔən,,,ʔiˈnom,ʔəbˈʔəb,səpˈsəp,taliˈŋa,rəˈŋəɡ,maˈta,səˈɣəŋ,,toˈroɡ,saŋˈdəj,,ʔəˈɣaʔ,tinˈdəɡ,taˈwo,laɣaˈki,babaˈji,ʔaˈɡin,sәˈɣәd na laɣaˈki,sәˈɣәd na babaˈji,ʔiˈnaʔ,ʔaˈmaʔ,,,ŋaˈran,sabˈjən,loˈbid,ɡəʔˈran,taˈjiʔ,,raʔˈkəp,,boˈnoʔ,soˈɡat,,ɡəraʔˈnən,ɡəraˈʔan,bwaj,kaˈɡaw,potˈlon; taˈras,ɡiˈriw,baˈʔak,mataˈrəm,maŋəˈrəw,,,,,ɡəˈtək,pəˈɡaʔ,kapˈtan,nikaˈwot,,,,ʔəˈmət,ʔoˈloɡ,ʔaˈjam,baˈjoŋ,ʔoˈmon,ɡaˈbi,pakˈpak,laˈjoɡ,,laˈman,taˈbaʔ,ʔiˈkoɡ,ʔaˈɣas,ʔoˈɣod,koˈto,,kulalagbaw; gagamba,ʔisˈraʔ,ləˈpaʔ,,daˈwon,ɡaˈmot,boˈrak,proˈtas,ʔaˈwot,raˈɡaʔ,baˈto,bajˈbaj,toˈbiɡ,boˈlos,daˈɡat,ʔaˈsin,laˈwəd,,laˈŋit,boˈlan,bitoˈʔon,paŋanoˈron,ʔamˈbon,ʔoˈran,,,paˈrəs,paˈrəs,laʔiˈnit,maliˈpət,maˈra,səˈməɡ,mabәʔˈɡat,kalaˈjo,soˈloʔ,ʔaˈso,ʔaˈbo,ʔiˈtəm,poˈtiʔ,poˈla,jiˈlo,birˈdi,saˈdaj,dakəˈɣəʔ,ʔaliʔˈpot,ʔalaˈbaʔ,maniˈpis,maiʔˈbәɡ,piɡiˈpit,maʔiˈwas,makələg; lakələg; ilang,sə'pəg,ɡoˈraŋ,baˈɡo,maˈraj,maraˈʔət,taɣˈma; taˈma,ɡaʔˈbi,ʔalˈdaw,taˈʔon,kinaoˈno,,,ʔadto ˈsa,sa,ta'as,,ʔaˈdi,ʔaˈʔan,ʔaraˈni,ʔaraˈjoʔ,saʔˈri,ʔaˈko,ʔiˈka,ʔiˈja,kiˈta,kaˈmo,siˈra,ʔoˈno,siʔiˈsaj,ʔiˈba,ŋaʔˈmin,saɡˈkəd,kin,paoˈno,ʔinˈdiʔ,biˈlaŋ,ʔәˈsad,doˈwa,toˈlo,ʔәˈpat,liˈma,,,,,,,,,
722,Bikol (Rinconada),13.3896,123.331,irig1242,Lobel & Bucad,192,https://abvd.eva.mpg.de/austronesian/language.php?id=722,kamót,walá,tóo,paá; tiíl,maglaagí; magliagí; mag-ági,ági; ágiyan; rarán,magabót,magbirik; mag libot; magsiko,maglangóy,maatí',talbó,kulít,taludtód,burós,túlang,bitukâ,atáy,,abagá,ísi,,tákot,rugó',páyo,lióg,bok; buwók,oróng,magingainga,magparóng,ngangá,ngipón,rira',magtáwa; magngisî,magtangís; magburá',magsuká,maglustab,magkaón,kisam-kisam,maglutô,maginóm,kagát,supsóp,talínga,marongóg,matá,mabayad; masilngan,mag ugab,magtúrog,magbatáng,túrog; pangaturogan,mag-ola'; mag-ula',tindóg,tawó,lalakí,babayé,igín,agóm,agóm,kag-igan na babayé,kag-igan na lalakí,balóy,átop,ngarán,magsábi,guód,bugkós,magtayí',ragôm,,sugaton,saksák,tangpaôn,magtabán,magguraán,magraán,buwáy,kaguwôn; magkagôw,magputól; magbangá; magbaák,káwoy,magbangá/magbaák,mataróm,,magtrabáho,magtanóm,magpilî,,,magpuga,kaptán; magkapòt; kapotán,magkalót; magbubón,magbakál,magbukás,,magbagát,maúlog,áyam; ido,bayóng,itlog,barbón,pakpák,mag layug,babo',,,ikôg,sáwa,ulód,lusà,námok,lawa',isurá',,,dáwon,,búrak,bungá,duót,ragá',búrak; bató,basód,tubíg,magsulóg,dágat,asín,ranów,kadlágan; kanúbnubán,,bulán,bitúon,dag-óm; panganuron,,urán,dagul-dul,kitkilát,angín,uyupun,mainít,maagnów,mará,mabasá',magubát,kalayó,subsubán; suluón,asó,,itóm,putí',pulá,,,matubís; sadít; sadáy,dakuló'; duág,alokot,aba; maabá',maimpís,maib-óg,,malakbang,kulóg; ílang,supóg,guráng,bágo,mabóot; maráy,maraót,tama',gab-í,aldów,táon,sóno; kóno,magtago',magpánik; magtukád,sa,sa loòg,itaás,iraróm,adí; 'di; ini,adtó; 'dto; íton; iyán,(a)raní,(a)rayó',sári,akó,iká,(s)iya,kita; kami,kamo,sira; sindá,onó; taonó,(s)ísay,ibá,ngámin,saká; ag; palá,kin; kun,paóno,dirí'; bukó',magbílang,usad,darwá,toló,opat,limá,onóm,pitó,waló,siyám,sampulo',baynte,singkwénta,sanggátos,sangríbo
"413, 291","Bilaan, Koronadal; Koronadal Blaan",6.20529,125.007,koro1310,"N. Abrams in Reid (1971); Savage, T.D. (1986)",180,https://abvd.eva.mpg.de/austronesian/language.php?id=413; https://abvd.eva.mpg.de/austronesian/language.php?id=291,sigal,bibɨng; bibɨŋ,kwanan,bliʔ,ʔɔgu; tmanɔʔ,,,tbiling,kahong; kahoŋ; kmahoŋ,magsik,kfung; kfuŋ,kulit,kagol,tiʔɨn,tulɔn,tnaʔe,ʔatɔy,tutuʔ; kfi,ʔabɔl,gadiʔ; gadɨʔ,,likoʔ,litɨʔ,ʔulu,liʔal,wak,ʔilung; ʔiluŋ,,ʔungaf; ʔuŋaf,bɔʔ,kifan,dilɔʔ,ʔule,ngɨl; ŋɨl,ʔutɔʔ,dulɔʔ,kaʔɔn,namcʔ; namɔʔ,tabal; tagah; kadok,ʔinum,ʔaket,saf; nsaf,klingɨ; kliŋɨ,lɨngɨ; liŋɨ,matɔ,tɨʔɨn; tɨqɨn,,kudang; kudaŋ,,knɔ,sudɨng; sudɨŋ,tadag,to,lagi; laʔi,libun; biʔ,ngɔʔ; ŋɔʔ,yaʔɔn,yaʔɔn,yeʔ,mɔʔ,gummɨʔ; gumnɨʔ,ʔataf,dagit,man,tali,ʔikat,tbel,dalum,lok; dulak,,tibɨh,,tɔku,fɔti,mati,mnɨʔ,katal; kɔlus,faleh,kayu,,gamban,mlufuk; laʔ gamban,ʔimoʔ,falɨ,ʔalek,taboʔ,,fdi; kanamuʔ,ʔagot; nalɔʔ,ʔakol,bli,,dak,tudɔʔ,tatik; tatɨk,ʔayɨm; gayɨm,ʔanok; qanok,ngaʔ ʔanok,lakay ʔanok,fafak; fɔfɔk,ʔayɨng; ʔayɨŋ,ʔungeh; ʔuŋeh,,tabiʔ; tabɨʔ,ʔikong; ʔikoŋ,ʔulad,,kutuʔ,blabɔng; blabɔŋ,kalmamo,nalaf,balok,,doʔon,dalil,bulɨk,bɨngɨ; bɨŋɨ,,tanɔʔ,batu,falak,ʔeʔel,,mahin,kahiʔ,lanaw,dlag,langit; laŋit,bulɨn,blɔtik; blatik,labun,,ʔulɨn,lugung; luguŋ,kilɨt; silɔʔ,nus,yuf,minit,tno,kafag; falawi,fafeʔ,blɔt,lifoh,tam,buk,ʔabu,fitam,bukɔy,fulɨʔ,mlalel,mlunu,tukay,bong; buŋ,fukal,tahɔʔ,mngifih; mŋifih,mangfɨl; maŋfɨl,sifit,mluhɔl; mabɔl,tdok,yɔʔ,lcbi; tuʔah,falami,fyɨ,sasɨʔ,teʔo; toʔo,butang; butaŋ,du,fɔli,kilɨn,buni,kɨf; kɨ f,,,,,ʔani,,mdadong; mdadoŋ,mawɔg,nɨʔ,,,,,,,det,timto; simto,satu; mahal; mɔhɔl,kdɨʔɨ,,ku,fili; filɨ,ʔisɨ; lɔʔ,sɨ,satu,lwɨ,tlu,fɔt,limɨ,nam,fitu,walu,syɨm,sfaloʔ,lwɨ faloʔ,,mlatuh,mlibu
"414, 293","Bilaan, Sarangani; Sarangani Blaan",6.03691,125.354,sara1326,"B. McLachlin & B. Blackburn in Reid (1971); Savage, T.D. (1986)",181,https://abvd.eva.mpg.de/austronesian/language.php?id=414; https://abvd.eva.mpg.de/austronesian/language.php?id=293,sigal,ʔibɨng; ʔibɨŋ,kwanan,bliʔ,magu,dalan,,fatbiling,mahong; mahoŋ,magagsik,kfung; kfuŋ,kindal,kagol,tiʔɨn,tulan,tnaʔi,ʔatay,tutuʔ; kfi,ftubung,niliʔ; gadɨʔ,,likoʔ,litɨʔ,ʔulu,liʔal,wak,ʔilung; ʔiluŋ,,mangbun,baʔ,kifan,dilaʔ; dilaq,mule,mngɨl; mŋɨl,mutaʔ,dmulaʔ,kmaʔan; kmaqan,namaʔ,kaʔok; mlifo; tagah,minum,maket,mgal,klingɨ; kliŋɨ,lingɨ; liŋɨ,mataß; mata,tɨʔɨn; tɨqɨn (mitɨ),,kudang; kudaŋ,,kna,sudɨng; sudɨŋ,tadag,to,lagi; laʔi,libun,tingaʔ; tiŋaq,yaʔan,yaʔan,yeʔ,maʔ,bali,ʔataf,dagit,man,tali,nikat,tambel,dalum,dmulak,,dnunsang,,mlad,fnati,mati,,katal; kmalus,fnale,kayo,,gamban,laʔ gamban,mimoʔ,fulɨ,nalek,,,kanamuʔ,nagot; nalɔʔ,nakol,mayad,,mdak,bat,tatɨk,ʔayɨm; gayɨm,ʔanuk,tingaʔ ʔanuk,lakay,fafak,mayɨng; mayɨŋ,ʔunge; ʔuŋe,,tabiʔ; tabɨʔ,ʔikong; ʔikoŋ,ʔulad,lyakuʔ,kutu,blabang; blabaŋ,kalmamoʔ; kalmamɔq,nalaf,balok,,doʔon,dalil,bulɨk,bungɨ; buŋɨ,,tanaʔ,batu,falak,yeʔel,,mahin,kahiʔ,lanaw,glag,langit; laŋit,bulɨn,blatik,labun,,ʔulɨn,kilɨt,silaʔ,nus,myuf,minit,tno,kafag; fanlawi,fafeʔ,blat,lifo,ntam,buk,ʔabu,fitam,bukay,fulɨʔ; fulɨqʔ,mlalel,mlunu,tukay,bong; boŋ,fukal,tahaʔ,mngifi; mŋifi,mangfɨl; maŋifi,sigfit,mabal,tduk,myaʔ,labi; tuʔa,falami,fyɨ,sasɨʔ,,butang; butaŋ,duh,fali,ku; kilɨn,salbuni,mkɨf,,lam,,dungan,ani,,mdadong; mdadoŋ,mawag,nɨʔ,,,,,,,tan,sinto,mahal,kdɨʔɨ; kdɨqɨ,,ku,fili,ʔisɨ; laʔ,msɨ,satu,lwɨ,tlu,fat,limɨ; limè,nam,fitu,walu,siʔɨm; syem,sfaloʔ; sfalò,lwɨ faloʔ; lwisfalo,,mlatu,mlibu
415,Binukid,8.15933,124.892,binu1244,U. Post in Reid (1971),207,https://abvd.eva.mpg.de/austronesian/language.php?id=415,ʔa'lima,'gibang,ka'wanan,'paʔa,hi'panaw,daanan,agdini,'biyu,'languy,da'ʔɨt,ʔali'yabuk,'langgit,ta'liku'dan,ɨgɨtɨk,'tulʔan,bi'tuka,'ʔatay,'susu; 'kagpa,'bɨlad,ki'lala,dumdum,'haldɨk,la'ngɨsa,'ʔulu,'liʔɨg,'buhuk,'ʔidung,gahinawa ka,'nadɨg,'baʔ'baʔ,'ngipin,'dilaʔ,pa'tawa,ʔa'galaʔ,'ʔutaʔ,'ʔilɨb,'kaʔɨn,ma'manʔin; supaʔ,'kalaʔ'kalaʔ; 'sugba,'ʔinum,'kagat,'sup'sup,ta'linga,pa'liman,'mata,ʔa'haʔ,yungʔab,ti'duga,hidɨgaʔ,da'mugu,'pinuʔu,hi'tindɨg,'ʔɨtaw,ma'ʔama,'bahi,'bataʔ,ʔa'sawa,ʔa'sawa,'ʔinay,'ʔamay,'balay,'ʔatɨp,'ngadan,'kagi,'pisiʔ,'tagkɨs,'tahiʔ,'dagum,panla'gutɨm,,'pilak,lupaka,'takaw,hi'matay,'patay,bubuhay,'katɨl,'kalad,'kayu,lupakʔ,ta'lɨm,'duʔɨl,tala'bahu,pa'mula,'ʔalam,,lubagʔ,'kɨmɨs,ba'labad,'bang'bang,'palit,puwas,'ʔasud,'daghaʔ,'hulug,'ʔasu,'tagbis,'ʔimpis,'lawi,'pak'pak,layang,'ʔambaw,sapū,'tabaʔ,'ʔikug,'bunsa'lagan,kali'manggɨd,'tuma,ta'gɨnɨk,la'lawaʔ,'sɨdaʔ,'lɨdak,sangaʔ,'dahun,'gamut,'bulak,'bunga,sagʔbut,'bugtaʔ,'batu,ba'yɨk'bɨk,'wahig,,'dagat,'ʔasin,'danaw,ka'lasan,'langit,'bulan,'bituʔɨn,'gabun,magabun,'ʔudan,'lugung,'kilat,ka'lamag,'hiyup,'pasuʔ,'tinuʔ,'mada; 'bilad,'hamɨs,'bɨgat,'hapuy,'bigsul,'ʔɨbɨl,'ʔabu,'ʔitɨm,'putiʔ,'ligaʔ,maka'lawag,'hilaw,ʔa'tiyuʔ,ʔa'dagi,'baba,'layat,'nipis,'kɨpal,'ligʔɨt,'luʔag,'sakit,'gayhaʔ,da'ʔan; la'ʔas,'bagʔu,'ʔayad; maayad,da'ʔɨt,laʔɨs,da'lɨman,'ʔaldaw,'tuʔig,'kanʔu,'hɨlɨs,pa'nahik,ta,ta,sampaw,di'dalim,saʔɨʔ,sayan,'ʔubay,'diyuʔ,'hindu,iyan ä,sikaw,kandin,iyan kuy; iyan kaw,iyan ka,sidan; siran,'ʔinu,'sinʔu,'duma,'ʔalan,daw,ku,'pila,'kɨnaʔ,'ʔiyap,sa'buwa,'daduwa,ta'tulu,ha'ʔɨpat,la'lima,ha'ʔɨnɨm,'pitu,'walu,'siyam,sam'pulug,ka'luwaʔan,limanʔpuluʔ,'gatus,'libu
1265,Bolinao,16.3071,119.853,boli1256,Stone (2008),140,https://abvd.eva.mpg.de/austronesian/language.php?id=1265,gamɨt,wiri,,,lalako,,,,taŋoy,nikasamaʔ,taʔpok,katat,gorot,tyan,botʔol,,agtay,sosoʔ,abaya,,,,dayaʔ,olo,lɨʔɨy,sabot,aʔroŋ,,aŋot,bɨbɨy,ŋipin,dilaʔ,kaʔlis,akis,soka,,kan,,,inom,kayat,sɨpsɨp,totolyan,iŋar,mata,kit,,ɨlɨk,,taynɨp,tɨkrɨʔ,idɨŋ,,lalaki,babayi,anak,ahawa,ahawa,ina,tatay,bali,atɨp,ŋaran,,robir,,tayiʔ,kadayɨm,,,,,takaw,pati,,,,,,,tadɨm,,obra,tanɨm,piliʔ,,,pɨspɨs,,kotkot,halɨw,,,bantak,,aso,manokmanok,salay,sabot,pakpak,lompad,,,,ikoy,olay,bolati,,ilɨk,gigaŋ,konaʔ,,,,yamot,,boŋa,,,bato,boyaŋin,ranom,,,asin,,,laŋit,bulan,bitoʔɨn,gonɨm,,rapɨg,kodor,kimat,,,ʔmot,rayʔɨp,,albɨt,byat,apoy,,asok,abonsyaŋ,ŋisit,potiʔ,oʔdɨt,silyaw,,daʔiklɨŋ,ʔalaki,,ʔandro,impis,kobpal,ʔakipot,ʔalawaŋ,,,,baʔyu,bista,,,yabi,awro,taʔon,kaʔno,adi,oliʔ,,,,,,,,ʔadayo,adti,ako,ka,ya,atamo; kami,kamo,sara,ani,siʔno,,sarba,tan,no,paʔno,,bilaŋ,saya,rwa,tulo,aʔpat,lima,aʔnəm,pito,walo,syam,mapuloʔ,rwampuloʔ,limampuloʔ,sanyasot,sanribo
673,"Bontok, Eastern",17.08,120.92,cent2292,Summer Institute of Linguistics (1981),162,https://abvd.eva.mpg.de/austronesian/language.php?id=673,lima,ikid,awan,soki,manaran,charan,omali; omcha,epekot; monlikos,komiyat,naroket,tapok,koblet,ochog,poto,ikor,finongkot,agtoy,susu,pokor,ammo; inila,nomnomon,,chara,oro,fiakang,fo-ok,angor,,songsong; chang-op,tapak,fiab-a,chila,amrang,mon-akor; lomowa,orak,tobfia,mangan,kog-aron,loto,omenom,karat; fiangat,sosop; noknok,inga,chongron,mata,ila-on; maka-ila,omowab,nasoyop,fomanak; omfog,en-enop; i-itaw,,tomakchog,tako,laraki,fiafia-i,onga,asawa ay laraki,asawa ay fiafia-i,ina,ama,fiaroy; afong,atop; fofong,ngadan,ifiaka; itocho,tali; linofid,etakod,monkokot,chakom,manganop,pomana,todlokon; linnod,saplet,mangakew,,matoy,matako,kotkot,,pating; sepeng,montom-ang; mon-owas,,,,montanom,,tomofo,,,odnan,,lomako,,monfiayo,ikayang; etap-or,,aso,kossel,itlog,chotchot,payak,,otot,laman,tafia,,orog; fiarakan,korang,koto,emok,kakawwa; kamfifi,kiachiw,,panga,tofo,lamot,sabsafong,fonga,sakati,lota,fiato,lakian,chanom,,fiayfiay,asin,,ka-iw,ad-chaya; ad-ocho,foran,taraw,,,ochan,fiakilat,kod-or; kichor,angin; powak,,atong,tongnin,narango,nakpat; naslop,,,atongan,,,ngotog,pokaw,chitak; chachara,montitifia,mongongotog,akettoy; ek-eket,ad-acha,aptek,ancho,,,akikid; na-epet,afilog,sikiab,fia-in,narakay,fiaro,ammay,laweng; naposi,tit-iwa; osto,lafi; naschom,orkiw,tawon,ka-at na,,komarab,,chor-om,tongchona; lamagna,kowabna,,,nasag-on; as-op,achawwi,,,,,,,,,,,am-in,,,,,filang; iyap,osa,chowa,toro,opat,lima,onom,pito,waro,siyam,hin poro,,,hin kiasot,hin lifo
"36, 416","Bontok, Guina-ang",17.04,120.96000000000001,guin1256,Lawrence A. Reid; Reid (1971),209,https://abvd.eva.mpg.de/austronesian/language.php?id=36; https://abvd.eva.mpg.de/austronesian/language.php?id=416,líma; 'lima,ʔigíd; kanni'gid,ʔawán; kanna'wan,sikí; si'ki,manálan; ma'nalan ('dalan),dálan,ʔáli,lígus; babʔawɨs'wɨs,kiyát; ki'yat,kálət; 'kalɨt,tápuk; dapúl; ʔabú; da'pul,kúdil; kúpkup; kup'kup,ʔədə́g; ʔɨ'dɨg,putú; pu'tu,túŋʔal; tuŋ'ʔal,putú; pu'tu,ʔágtəy; ʔag'tɨy,súsu; 'susu; kɨgkɨg'ʔɨw,púkəl; 'pukɨl,ʔámmú; gətkən; maŋták [gətə́k]; ʔam'mu,səmə́k; ʔinsɨ'mɨk,ʔə́gyat; ʔɨg'yat,dála; 'dala,ʔúlu; 'ʔulu,bagáŋ; ba'gaŋ,buʔúk; bu'ʔuk,ʔəŋə́l; ʔɨ'ŋɨl,ʔáŋəs; ʔin'ʔaŋɨs,súŋsuŋ; 'suŋsuŋ,tupə́k; tu'pɨk,bábʔa; bab'ʔa,díla; 'dila,ʔiyə́k; ʔɨ'yɨk,ʔágal; 'ʔagal,ʔúta; 'ʔuta,túbba; 'tubba,maŋán; kanə́n; ma'ŋan,gə́gʔal; ma'ma,lútu; lu'wag; 'lutu,ʔinúm; ʔi'num,kətə́b; kɨ'tɨb,súsu; súsup; súpsup; sup'sup,kúləŋ; 'kulɨŋ,dəŋə́l; dɨ'ŋɨl,matá; ma'ta,ʔíla; 'ʔila,ʔuwáb,sə́yəp; 'sɨyɨp,likə́w,ʔiʔítaw; ʔiʔi'taw,patúŋ; pa'tuŋ,tákdəg; tak'dɨg,ʔipugáw; tágu; ʔipu'gaw,laláki; láki; la'laki,babáʔi; báʔi; ba'baʔi,anák; ʔuŋá; ʔu'ŋa,asáwa; ʔa'sawa,asáwa; ʔa'sawa,ʔɪ́na; ʔiná; ʔi'na,ʔáma; ʔamá; ʔa'ma,ʔábuŋ; 'ʔabuŋ,ʔatə́p; ʔa'tɨp,ŋádan; 'ŋadan,kanán; maŋwáni; kumwáni; ka'nan,talí; ta'li,takə́d; ba'ʔud,dáʔit; 'daʔit,dágum; 'dagum,ʔánup; ʔa'nup,,bádyuk; 'badyuk,pákʔul; páŋʔul,lákəw; 'ʔakɨw,patayə́n; pa'tɨy,matə́y; na'tɨy,tágu,gúgʔu; ga'tɨl; gug'ʔu,bákag; 'gɨgɨd,káʔəw; 'kaʔɨw,pásək; tampaŋ; deltak; balsig; delsig; tampak; gigʔi; pitak; walakwak; walay,təbə́ŋ; man'bɨŋ (tɨ'bɨŋ),ʔúpəd; naʔu'pɨd,buknag; du'nu,ʔəsə́k; múla; ʔɨ'sɨk,píli; 'pili,túbu,lamán; lətə́g; latʔəd,pisít; kɨm'kɨm,ʔəgnán; ʔɨg'nan,káʔub; kúbub; gúbaŋ; ka'ʔuban,láku; lu'maku,lukát,báyu; 'bayu,təpʔal; tɨp'ʔal,yakáyak; ʔəpás; 'ʔɨkdag,ʔásu; 'ʔasu,ʔinyúlan; ʔin'yulan,ʔítlug; ʔit'lug,dútdut; la'wi,payák; pa'yak,táyaw; 'tayaw,ʔútut; 'ʔutut,bəgás,tabá; bɨ'lat,ʔípus; 'ʔipus,ʔuwál; ʔu'wal,kəláŋ; kɨ'laŋ,kútu; 'kutu,lamúk; la'muk,kawá; ka'wa,gadíw; ga'dɨw,bulúk; nab'luk,paŋa; pátiŋ,túbu[na]; 'tubu,lamút; la'mut,sabsábuŋ; sab'sabuŋ,bagás[na]; bɨ'gas,lúgam,lúta; 'luta,batú; ba'tu,lagán; la'gan,danúm; da'num,ʔáyus; búlus,báybay; bay'bay,ʔasín; ʔa'sin,pusúŋ; pu'suŋ,kapágpag; kaka'ʔɨwan,dáya; 'daya,búlan; 'bulan,taláw; ta'law,libúʔu; li'buʔu,libúʔu,ʔudán; ʔu'dan,kidúl; ki'dul,kə́lyat; kɨl'yat,latə́ŋ; la'tɨŋ,ʔinlatəŋ; ʔinsúpʔuk; ʔinsíbud; ʔinʔayúp; ʔa'yup,púdut; 'ʔatuŋ,latə́ŋ; tɨ'lɨk,namagʔanán; naklúŋ; ʔisít; namagʔa'nan; ʔisap'ʔiy,ʔəbə́l; ʔɨ'bɨl,dágsən; dag'sɨn,ʔapúy; ʔa'puy,púʔul; tu'yaw,gasúk; ga'suk,dapúl; da'pul,ngísit; 'ŋitit,putaʔák; puta'ʔak,ŋayáŋʔa; ŋayaŋ'ʔa,kag'kunɨg,kagʔaŋə́l; kagʔa'ŋɨl,bánʔig; ban'ʔig,dakə́l; da'kɨl,ʔáptik; ʔástik; ʔap'tik,ʔándu; ʔan'du,yákut; 'yapit,sədə́l; sɨ'dɨl,lipít; li'pit,ʔəwwá; ʔɨw'wa,sakít; sa'kit,ʔənə́l; ʔɨ'nɨl,ʔamʔaʔamʔamá; ʔinʔiʔinʔiná; naba'yag; na'lakay,balú; ba'lu,gawís; ga'wis,ŋáʔag; lawá; 'ŋaʔag,ʔustú,labí; la'bi,ʔálgew; ʔal'gɨw,tawə́n; ta'wɨn,ʔas kamána; ʔas kaʔátna; ʔad kamána; ʔad kaʔátna; ʔad ka'ʔat na,tábon; 'tabun,káyʔat; tíkid; 'kalab,ʔas; ʔad,ʔas dáləm,ʔas ʔantágʔəy,ʔas ʔanguwáb; 'daʔul,ná; náʔay; tuná; túnʔa,sá; sána; tusá; túsʔa; dí; də́ʔəy; tudí; túdʔi,ʔaśagʔən; ʔasag'ʔɨn,ʔadáwwi; ʔa'dawwi,ʔíntu; ʔandə́; ʔintu,sakʔə́n; -ak; -ku,sikʔá; -ka; -mu /-m,siyá; ø; -na,datakú; -takú; dakamí; -kamí; -mi,dakayú; -kayú; -yu,daʔidá; didá; -da,nə; ʔay nə kan; nɨ,sínu; 'sinɨ,təkə́n; tɨ'kɨn,ʔamʔin; ʔam'ʔin,ya,mu,ka'ʔat na,ʔadí; bakən; ba'kɨn,bílaŋ; 'bilaŋ,ʔəsá; ʔɨ'sa,duwá; dəwʔə́n; du'wa,tulú; tu'lu,ʔəpát; ʔɨ'pat,limá; li'ma,ʔənə́m; ʔɨ'nɨm,pitú; pi'tu,walú; wa'lu,siyám; si'yam,sinpúlu; 'pulu; sin'pulu,duwanpúlu; duwan'pulu,limanpúlu; liman'pulu,singasút; ga'sut; sin-ga'sut,sinlíbu; 'libu; sin'libu
"1266, 444","Botolan Sambal; Sambal, Botolan",15.2315,120.164,boto1242,Stone (2008); C. Huock and H. Minot in Reid (1971),207,https://abvd.eva.mpg.de/austronesian/language.php?id=1266; https://abvd.eva.mpg.de/austronesian/language.php?id=444,gɨmɨt; ga'mɨt,oki; 'ʔoki,wa'nan,bi'tih,owako; 'mitaʔ; 'bitaʔ,da'an,lu'ma'teng,napɨ'yɨh,taŋoy; mana'ngoy; ta'ngoy,yaŋat; ma'yangat,alikabok; ga'bok,katat; 'katat,bokot; 'bokot,tiyan; ti'an,botʔo; bot'ʔo,bi'toka,agtay; 'ʔagtay,nunoʔ; 'nonoʔ; 'nibnib,abaya; ʔa'baya,'balay,ma'ngi'hip,ma'limo,dayaʔ; 'dayaʔ,olo; 'ʔolo,lɨʔɨy; 'lɨʔɨy,habot; ha'bot,baloŋoh; ba'longo,ma'ngi'nana'wa,daʔɨp; mara'ʔɨp; da'ʔɨp,bɨbɨy; bɨ'bɨy,ŋipɨn; 'ngipin,dilaʔ; 'dilaʔ,kaʔili; mangka'ʔili,taŋih; ma'nangih; 'tangih,hoka; 'hoka,mando'laʔ,kan; ma'ngan; ʔɨ'kan,ma'maʔ,hom'ho; man'lotoʔ,inom; mi'nom,kayat; mang'yat; ka'yat,hɨphɨp; hɨph'pɨn,tolih; to'li,lɨngɨʔ; malɨ'ngɨʔ,mata; 'mata,kit; ma'kit,kayab; ampangkayab,tuloy; ma'toloy,ma'ngira'ira,taynɨp; tai'nɨp,iknoʔ; mik'noʔ; ʔik'noʔ,irɨŋ; 'mɨring; 'ʔɨring,'tao,lalaki; la'laki,babayi; ba'bai,anak; ʔa'nak,asawa; la'kay,asawa; ba'kɨt,nanay; ʔin'doʔ,tatay; 'tatay,bali; ba'li,buboŋ; ʔa'tɨp,ŋalan; nga'lan,'ʔilgo,yobil; 'yobil,ʔi'lawig; itakel,tayiʔ; mana'iʔ; ta'iʔ,karayɨm; ka'rayɨm,ma'ngaho; 'ʔaho,mamana,saksa'kɨn,mamatok,takaw; ma'nakaw; 'takaw,pati; pa'tiɨn,na'ti; pa'ti,ma'bi'yay; lu'mig'ha,maga'tɨʔ; gɨ'gatɨn,ʔi'waʔɨn,'kayo,a'ta'gen,tarɨm; mata'rɨm; matarem,po'rol,trabaho; tara'baho,tanɨm; mana'nɨm; ta'nɨm,piliʔ; ma'miliʔ; 'piliʔ,hum'lay,,pɨhpɨh; pɨhpɨ'hɨn,ʔoligta'nan,kali; ma'ngotkot; 'kotkot,haliw; hali'wɨn,lu'a'tan,mamba'yo,tapon; ʔi'sopo,ma'raboʔ; 'daboʔ,aho; 'ʔahoʔ,manokmanok; ma'nok,okoy; ʔo'koy,habot; 'poal,pakpak; 'pakpak,lompad; lom'pad; lɨ'pad,da'gi,,ta'baʔ,ikoy; 'ʔikoy,utan; 'ʔotan,uwɨl; 'ʔoɨl,'koto,ilɨk; 'ʔilɨk,gigaŋ; 'gigang,kona; ʔi'kan,bo'lok,hanga; hanga nin kayo,bo'long,yamot; ya'mot,bo'laklak,boŋa; 'bonga,di'kot,'lotaʔ,bato; ba'to,kapatiʔan; kapa'tiʔan,lanom; la'nom,dano; ampandano,'dagat,ahin; ʔa'hin,'dagat,bag'bag,laŋit; 'langit,bowan; 'boan,bitoʔɨn; bi'toʔɨn,lɨʔɨm; 'lɨɨm,,oran; ʔo'ran,korol; ko'rol,kimat; 'kimat,'ʔangin,payhɨ'pan,ʔamot; maʔa'mot,layʔɨp; malay'ʔɨp,nak'lang; 'ʔipaʔal'lo; 'kilang,bahaʔ; maba'haʔ,byat; mabi'at,apoy; ʔa'poy,'ʔolam,ahok; ʔ'hok,abo; ʔa'bo,ŋitit; ma'ngitit,putiʔ; mapo'tiʔ,orit; maʔo'rit,holyaw; mahol'yaw,'birdi,yamoʔ; ma'yamopʔ,hɨlay; hɨ'lay,ma'ʔaypaʔ; maʔi'pik,karaʔ; ma'karaʔ,nipih; mani'pi,kodpaw; makog'paw,kapit; mak'pit; ki'pit,lapad; ma'lawang,maha'kit,marɨng'ʔɨy; dɨng'ʔɨy,'daʔanʌ; mato'ʔa,bayo; 'bayo,hampat; maham'pat,mara'wak; da'wak,pe'teg,yabi; ya'bi,allo; ʔal'lo,taʔon; ta'ʔon,makano; ma'kano,tagoʔ; na'tagoʔ,moliʔ; 'moliʔ; 'ʔoliʔ,ha,la'lè,tag'ay,'hilong,ha'ti,ha'to; ha'bay'to,mara'ni; da'ni,rayoʔ; mara'yoʔ; da'yoʔ,ayri; ʔay'ri,ako; hi'kō,ka,ya; hiya,tamo; kayi; hi'ta'mo,kawo; hi'ka,hila; hi'la,anya; 'ʔanya,hino; 'hino,kahala'ko,kaganawan; kagana'wan,boy; buy,no,paŋno; 'ʔongno,'ʔalwa; ahe',bilaŋ; bi'langɨn,mʔha; mi'ha,lowa; lo'a,tatlo; tat'lo,ʔapat; 'ʔapat,lima; li'ma,ʔanɨm; 'ʔanɨm,pito; pi'to,walo; wa'lo,siyam; si'am,mapoʔ; ma'poʔ,lowampoʔ; loam'poʔ,limampoʔ; li'mam'po,magatoʔ; maga'to,malibo; 'libo
495,Bundu Dusun (Central Dusun),6.02998,116.681,cent2100,"fieldwork in Ranau, Sabah, Malaysia",209,https://abvd.eva.mpg.de/austronesian/language.php?id=495,longon,gibang,wanan,gakod,panau,dalan,rikot,kilong,kaau,romos,abuk; lisohu,kulit,likud,tian; tiyan,tulang,tinaiʔ,lusou,susu,lihao,ilo; koilo,sorou,oris; rosi,rahaʔ,tulu,liou,tobuk,todung,puhobo,singud,kabang,nipon; nipen,dilaʔ,irak,ihad,ilob,dulaʔ,akan,sapaʔ,onsok; ansak,inum,kokot,siop,tolingo,rongou,mato,kito,uab,odop,latan,ipi,irikau,ingkakat,tulun,kusai,tondu,tanak,sao; asawo,sao; sawo; asawo,tina; ina,tama; ama,walai,taap,ngaran,boros,tali,wongkos; kagos,tombir,dalat,asu,,tokon,bobog,panakau,patai,patai,pasi,kukut,tagad,kayu,lapak,tarom,opodih,morobuat,tanom,piliʔ,gumayo,lumonit,pagaʔ,igit,ukad,boli,ukab,tutu,taam,ratu'; loho,tasu,tombolog,tontoluʔ,talad,palapaʔ,tulud,tikus,daging,lunok; tumau,tikiu,tulanut,tonggiluang,kutu,nondui,korut,sadaʔ,momos,rahan,roun,gamut,bungaʔ,tuaʔ,sakot,tanaʔ,watu,togis,waig,luyung,rahat,silaon; tusi,botung,gouton,taan,tulan,rombituon,houn,houn,rasam,tinggoron,kodumaat,ribut,soogiʔ; obus,alasuʔ,osogit; atamis,otuuh,oyopos,aagat,tapui,tutud,lisun,tauh,oitom,opurak,aragang,osilou; asilau,otomou,okotoʔ,agayo,osiribaʔ,anaru,onipis,akapal,okikip,alaab,oruol; sumakit,oikum-ikum,olohing,wagu,osonong,araat,otopot,otuong,tadau,toun,soira; songgira,lisok,indakod,id,id suang,id saat,id siribaʔ,iti,ilo,somok,sodu,hombo; nonggo,ioho,iaʔ,iau,iato; iahai; kito,iaʔ; ika,ioloʔ,nunu,isai,suai,ngaaiʔ,om,ondum,poingkuro,amuʔ; au,intob,iso,duo,tolu,apat,limo,onom,turuʔ,waluʔ,siam,hopod,duo nohopod,limo nohopod,hatus,soribu
483,Butuanon,8.87009,125.418,butu1244,"Vicente de Jesus, Richard Parker, Fr. Joesilo C. Amalla",210,https://abvd.eva.mpg.de/austronesian/language.php?id=483,alima,kawaa; wala,tuo,siki,mopanaw,daan,kansani,liso; bilik,molangoy,mangili,agbon; abog,panit,likod,tian,bukog,tinai,atay,dughan,abaga,kasayud,maghonahona,mabuga,dugo,oo,liug,buhok,ilong,hungahok,simhot,baba,ngipon,dila,katawa,motyaho,suka,molowa,mokaon,supa,magloto,moinum,asngab; banga,supsop,talinga,modungog,mata,makita,huy-ab,mokatuug,hotlok,modamgo,mo-ingkod,mo-tindog,tao,usog,daga,bata,banah,asawa,inaa,amaa,baay,atop,ngan,laong,lubid,hikut,sursi; tahi,aguha; dagom,panganop,motiro,dogyat; dogso,lapu; dukdok,mangawat,mopatay,patay,buhi,kamas; gawot,higbat; utod,kahuy,sipak,maha-it,ngawod,hinang,magtanom,pili,tubu,mohubag,puga; piga,kumkumon,kadkad; lukad,bili,bokad; ukab,lubok; bayo,etsa; tangas,mahuog,gadya; ido,langgam; mamang,itlog,balahibo,pagikpik,molupad,ambaw,buog; bawoy,supang,ikog,haas,bitok; ulod; ood,kuyamad; kuto,hilam; lamok,lawa,isda,tata; lapat; lata,sanga,dahon,gamot,bowak,bunga,sagbot; bagnot,lupa,bato,buhangin,tubig,sug; agus agus,dagat,asin,lam-anaw; lanaw,guwangan; gimba,langit,bulan; buwan,bituon,panganod,hamog; gabon,uwan,anog-og; dawogdog,lipat; linti; kidlat,hangin,hoyop,init; paso; anok,mahagkot,patayhon; tahay,basa,mabug-at,kayo,sunog,ano-oo; aso,abo,itum,puti,puwa,daag,lunhaw,mayutok; piyotay; asido,aslag; dakwa,dakadaka; hayupo,mahaba,manipis,baga,pi-ot; si-ot; sim-oo,lakbang; hawag,apdos; sakit,masipogon,maas,bag-o,madiaw,laat; maat; kaat,husto; amo,duum,adlaw,tuig,gun-o; kun-o,tago; loklok,saka; daag,yadto,suod,babaw,lawom; ingod,ini,iyan,duol; daig,lagyo; layo; hayo,diin,ako,ikaw,siya,kita; kami,kamo,nila; sila,ngan; ono,sin-o,iban; uban,tanan; hurot,kaamo; katsaong; patsaong,kon; anda da,inono; onhon,dii; dili,ihap,isa,duwa,too; tulo,upat,lima,unom,pito,walo,siyam,sampo,kadowahan,katohohan,isa ka gatos,isa ka libo
660,Capisano,11.4122,122.954,capi1239,Jose Ricarte,156,https://abvd.eva.mpg.de/austronesian/language.php?id=660,kamot,wala,tu-o,ti-il,lakat,alagyan,malakat,likô,langoy,higkô,yab-ok; gap-ud,panit,likod,tsan; tina-i,tul-an,tina-e,atay,dughan,abaga,makahibalo,manumdom,mahadluk,dugo,ulo,li-og,buhok,ilong,maginhawa,ma-atsing,bâbâ,unto,dila,matawa,mahibî,masuka,maduplâ,maka-on,ma-usang,malutô,ma-inum,makagat,masupsop,dulunggan,mabati-an,mata,makita,mapilaw,matulog,mahigdâ,madamgo,mapungko,matindog,tawo,lalake,babaye,puya,bana,asawa,nanay,tatay,balay,atop,ngalan,ihambal,lubid,ihigot,itahî,dagum,pangita-on,igu-on,bun-on,igu-on,kawaton,patyon,mapatay,mabuhî,kaluton,ut-don,lipak,pihakon,taliwis,mahabol,ma-ubra,matanum,pili-on,padakuon,pahubagon,puga-on,kaptan,kutkuton,baklon,buksan,bukbukon,ihaboy,hulugon,idô,pispis,itlog,bulbol,pakpak,malupad,ilagâ,karne,tambok,ikug,man-ug,ulod,kuto,lamok,damang,isda,dunot,sanga,dahon,ugat,bulak,bunga,gamhon,lupa,bato,baras,tubi,ilog,dagat,asin,punong,talon,langit,bulan,bito-on,langit,asó,ulan,dago-ob,kidlat,hangin,huypon,mainit,malamig,mala,basâ,bug-at,kalayo,sunugon,asó,abó,itom,putí,pulá,yelo,grin,gamay,dakú,lip-ut,habá,nipis,,,,,,,,,,,,,,,,,,,,,,,,,,,,,,,,,,,,,,,,,,,,,,,,,,,,,,
153,Cebuano,8.38799,124.367,cebu1242,Gemma Losbaños & Hermelito Go,210,https://abvd.eva.mpg.de/austronesian/language.php?id=153,kamút,walá,tuó,paa; tíil,molakáw; lakát,dálan; agianan,moanhi; ánhi; moari,moliko,molangóy,húgaw,abúg,pánit,likód,tiyán,bukóg,tiná-i,atáy,dúghan; suso; tutoy,abága,maalamon; ma-antígo; kamaò; kabalò,maghunahúna,mahádlok,dugố,úlo,líog,buhók,ilóng,moginháwa,mosímhot,ba'ʔba'ʔ,ngípon,díla,mokatáwa,mohílak,mosuka; su'ka,manluwa,mokáon,úsapon; mousap,magluto,moinúm,mopáak,mosúpsup,dalúnggan,madungóg; maminaw,matá,motan-aw,manghúy-ab,matúlog,mohigdâ,magdámgo,molíngkod,motíndog,tau; táwo,laláki,babáye,anak; bátâ,bána,asáwa,inahán,amahán,baláy,atúp,ngálan,búngat; súlti,písi,ihukót,magtahí,dágum,mangayam; màmaríl,mamana; tira; motira,lubâ; túhog; dunggab,manumbag; mobángag; maigô,káwaton,mopatáy,mamatay,mabuhi,káloton,moputól; mobúghâ,káhoy,píkason,háit,hábul,mag-uma,magtanúm,pílî-on,motúbô,mohúbag,mopuǵaʔ,mohawid; mokupot,mokálot,mopalít,moukab; ukabon,lubókon,ilábay,mahúlog,irô,lánggam,ítlog,balahíbo,pakô,molupád,ílagâ,unod; karne,lana; mantíka; tambók,íkug,hálas; bitin,watí,kúto,lamók,lawa-lawa; damáng,ísda,latâ,sangá,dáhon,gamút,búlak,búnga,ságbut,yúta,bató,balás,túbig,ágas; áwas,dágat,asín,lín-aw; lanaw,lasáng; kakahuyán,lángit,búlan,bitóon,pangánud,gábon,ulán,dalúgdog,kílat,hángin,mohangin; mohuyóp,init; alimú-ot; inadlaw,túg-naw,ugá; mala,basâ; umog,búg-at,kalayo,súnugon,asó,ágiw,itúm,putí,pulá,dalág,hilaw; lunhaw; bérde,gamáy,daku',mubô,taʔas,nipis,baga',hagíp-ot,lapád,sakít,naulaw,tigúlang,bág-o,maáyo,da-után,tinuód,gabi'i,adlaw,tu'ig,kanus-a,tagô,mosáka,sa,sa sulod,sa itaas; ibabaw,sa ubos,kini,ka'na,duol,layo,asa; hain,ako,ikáw,siya,kami; kita,ikaw; kamu,sila,únsa,kinsa,lain; uban pa,tanán,ug,kung,unsaon,dili di,ihap,one; usa,duhá; dos,tulo; tres,kwatro; upát,lima; singko,onom; unu'm; says,pito; siete,walo'; otso,siam; nuebe,napulo; dies,kaluhaan,kalima-an; singkwenta,usa ka gatus; sien,usa ka libo
"1643, 443","Central Sinama; Samal, Siasi Dialect",7.00457,118.45598,cent2092,Kemp Pallesen; K. Pallesen in Reid (1971),210,https://abvd.eva.mpg.de/austronesian/language.php?id=1643; https://abvd.eva.mpg.de/austronesian/language.php?id=443,taŋan; tangan,gibaŋ; gibang,koan,tapeʔ,ləŋŋan; lɨngngan,laan,piʔitu; piitu,salemaʔ; giling,lumaŋi; langi,ləmmis; lɨmmis,habuk; bagunbun,kulit,bukut,bəttɤŋ; bɨttong,toʔolaŋ; koaʔ,tinaʔi,atay,duduʔ; daggahaʔ,baha,taʔu; magkataʔu,pikil,talaw; tau,lahaʔ,kook ~kolok; kook,kəllɤŋ; kɨllong,buʔun,uuŋ; uung,napas ~hinansoŋ,hamut,boaʔ,empon,dəllaʔ; dɨllaʔ,tittoa,taŋis; tangis,uttaʔ,ludjaʔ; lujjaʔ,maŋan ~kakan; mangan,papaʔ; mamaʔ,bəlla; ngodog; bɨlla,inum,keket,səssop; sɨssop,taliŋa; talinga,kale,mata,əndaʔ; ɨndaʔ,wapan,tuli,lege,uppi; uppiʔ,tiŋkooʔ; tingkoʔ,təŋgge; tɨngge,aʔa,ləlla; lɨlla,dənda; dɨnda,anak; makannak,həlla; hɨlla,hənda; hɨnda,ənggoʔ ~inaʔ; ɨnggoʔ,əmmaʔ; ɨmmaʔ,lumaʔ,atop,oon,həlliŋ; muuŋ; ahɨlling (ɨlling),lubid; kɨllat,eŋkot; engkot,laʔit,jalum,--,--,tugsuk; dugsuʔ,balibag,taŋkaw; tangkaw,bonoʔ; papatay,matay; patay,əllum,kakkut; katol; kakkot,gotoŋ ~pəppot; kɨllot,kayu,bilaꞌ,talom,tompol,hinaŋ; hinang,tanom,peneʔ,tomoʔ,pəŋkoŋ,pəssil; pɨggaʔ,gomgom; balut,kali; kaliʔ,bəlli; bɨlli,ukay,təppa; tɨppa,bantuŋ; bantung,pakpak; labu,eroʔ; edoʔ,manuk,əntəllo; ɨntɨllo,bulbul,kepet,leaŋ; leang,ambaw; babaw,isi,ənsəllan; isi,togel,soa,kalog; kalog tanaʔ,kutu,hamaʔ,kalabomboŋ; kabongbong,daiŋ; daing,buhuk,saŋa,daun,gamut,sumpiŋ; sumping,buaʔ,padaŋ,tanaʔ,batu,gusuŋ; gusung,boheʔ,anɤd,tahik; dilaut,asin,lanaw; danaw,talun,laŋit; langit,bulan,bituʔun,taiʔ baliu; gabun,gabun,ulan,ləggɤn; lɨggon,laat,baliu,tiup,pasuʔ,haggut,tohoʔ; pallaw (illaw),baseʔ,buhat,api,tunuʔ; dokot,humbu,abu,ettom,poteʔ,keat,bianiŋ; bianing,gadduŋ; gaddung,dikiʔ; dikiʔdikiʔ,hea,deoʔ; puʔut; pandak,tahaʔ,nipis,kapal,kiput; nahut,luha,pəddiʔ; saki; pɨddiʔ,ia; iaʔ,toʔa,bahaʔu,haap,laʔat,bontol; bənnal,saŋgom; sangom,əllaw; ɨllaw,tahun,sumian,tapuk,daag; sakat,ma,ma deyom,ma diataʔ; jata,ma deoʔ; deoʔ,itu; ittu,ilu inaʔan; illi,sekot,taa,maingga,aku,kaʔa,ia,kita; kami,kaʔ; kaʔam,sigām,ai,sai,kaseheʔan; saddi,kamemon,maka,baŋ; bang,buattiŋga; pila,mbal; nggaʔi ka,ituŋ; itung,dakayuʔ; isa,dua,təllu; tɨllu,əmpat; ɨmpat,lima,ənnɤm; ɨnnom,pituʔ,waluʔ,siam,saŋpuuʔ; sangpuʔ,duampuuʔ; duampuʔ,limampuuʔ; limangpu,dahatus; hatus,daŋibu; ibu
688,Cuyonon,10.3201,119.3,cuyo1237,Fe Aldave Yap,182,https://abvd.eva.mpg.de/austronesian/language.php?id=688,líma; alimá',walá',tu',batís,panáw,dalán,,biríng; tɨyɨb,ɨsɨb,maburing,apók,kulít,likód,tiyán,tulan,tiná'i,atáy,itɨn,abaga',kilalá',,adlɨk,dugó',uló',liyɨg,,ilóng; iróng,,palangamó',babá',ipɨn,dilá',tadlaw,tangís,suká',durá'; láway,ká'ɨn,,magsimpán,inóm; inɨm,kagat,sɨpsɨp,talínga,batí',matá',kitá',,maturog,,taginip,maguráng,tindɨg,tau'; taw',lalaki,baba'e; babái',batá',asawá'; kaibán,asawá',nánay,tatay,baláy,atɨp,aran,makón,kalát,igót,bɨdbɨd,tingway,pangayám,,bunó',,panakáw,patáy,,,kalot,girɨt,,,matarɨm,mábol,buwát,tanɨm,pilí,,,pugaɨn,awid,makalí',bakál,,mabáyo',pilák,lagpak,tyu',lamgam,itlóg,bulbol,pakpak,lipád,ambɨ',,tambɨk,ikóg,magkal,ulód,kutó',namók,lawa'; lawálawá',isdá',runót,,dawn,gamót,burák,bungá',,lugtá',bató',baras,tubig,,dagát,asín,lalaguna',kagurangán,lángit,bulán,bitón,panganód,,urán,dagɨb; lintí',kilát,angín,huyóp,mainít,maramíg,mamara,mebasá',mabigɨt,kalayó',sunóg,úsok; asó',abo',mangitít,maputí',pulá,madulaw,berdi',maitɨy,baɨl,matagɨd,labɨg,manipís,madamɨl,mapiyɨt,malapad,sakít,ɨya',malám,bágo',mayád,marímo',,gabí',adlaw,dagón,káno; inuró,palipɨd,saka',,,,idalɨm,diyá,dan; datú,marapít,marayó',sadín,akó,ikaw,taná,kitá; kamí,kamó,sanda,anú,síno,iba',tanán,,kung,,bikin,biláng,sakabilóg; isara',dárwa',tatlo',apát,limá',anɨm,pitó',waló',siyám,sampulú',darwámpulú',,gatús,ribó'
417,"Dumagat, Casiguran",16.2176,121.878,casi1235,T.N. Headland in Reid (1971),175,https://abvd.eva.mpg.de/austronesian/language.php?id=417,ka'mɨt,kawi'heʔ,kawa'nan,ti'kɨd,'lakad,,,'pihit,na'ngoy,mɛlɨ'geʔ,ʔalika'buk,ku'let,ʔa'dɨg,ti'yan,'tulang,bitu'kaʔ,'ʔagteʔ,gi'sat; ha'kcʔ,sala'pad,ma'tenggiʔ,,'ʔanteng,di'geʔ,'ʔuloʔ,'leg,'buk,du'ngos,,ʔa'hob,'labiʔ,ngi'pin,di'laʔ,'ngihit,sa'nget,'ʔotaʔ,'loktab,mɨ'ngan,ʔi'man,li'but; ta'hemaʔ,ʔi'nom,'kaget,sɨp'sɨp,tali'ngaʔ,'batiʔ,'mataʔ,'metaʔ,,ti'dug,,ta'genɨp,ʔik'not,'taknɨg,'tolay,lɨla'keʔ,bɨ'beʔ,ʔa'nak,ʔasa'waʔ,ʔasa'waʔ,'ʔinaʔ,'ʔamaʔ,bu'lɛʔ,ʔa'tɨp,nga'hen,'kagiʔ,ʔi'gut,ʔi'yegut,da'hop,di'gum,,,bi'kal,,ta'kɔʔ,bu'noʔ,tu'ling,,gi'tɨl; 'gus'gus,'gɨl'gɨl,ka'yoʔ,,ta'dɨm,ngu'dɨl,tara'bahoʔ,'mulaʔ,pi'liʔ,,,kɨ'mɨl,kɨbi'lan,'kotkot,bugto'ngen,,bi'yoʔ,bati'kal,tɨp'duk,ʔa'soʔ,ma'nok,bu'nay,lam'bayung,'pakpak,'ʔegbɨh,ku'yɨng,,ta'beʔ,ʔi'pos,ʔu'lag,ʔa'lontayag,ku'toʔ,na'mok,bug'kaw,ʔi'kan,hu'not,,'don,gi'mot,bu'laklak,bu'ngaʔ,,'lutaʔ,bi'toʔ,'bay'bay,di'nom,,di'get,ʔa'sen,,ta'lon,la'nget,bu'lan,bi'ton,ku'nɨm,,ʔu'den,kɨ'duh,ki'lat,pa'hɨs,yop'yop,mepa'siʔ,mela'mid,mema'deʔ; kag'kag,bi'saʔ,mɛdɨ'giʔ,ʔa'poy,tu'tod,ʔa'sok,'ʔabuʔ,ngi'tet,mɛla'tak,medi'deg,medi'law,,kɨ'tihɨk,dɨ'kɨl,ʔa'pehit,ʔa'takdug,la'pes,ba'gɨl,pi'ʔit,mɛla'waʔ,sa'ket,sani'keʔ,'datiʔ; ma'tandaʔ,bi'guʔ,ma'husay,medu'kɨs,,kɨ'lɨp,ʔal'dɔʔ,ta'ʔon,nɨ'kisiyaʔ,li'soʔ,ʔu'nek,,,,sa'hok,,,ʔa'deneʔ,ʔa'deyoʔ,ʔa'bɛʔ,,,,,,,'ʔanyaʔ,tisɨyaʔ,ba'kɨn,ʔɨta'nan,,'ʔɨng,se'nganyaʔ,ʔɨ'wan,bi'lang,'ʔɛsaʔ,ʔɨdu'waʔ,ʔɨtɨ'loʔ,ʔɨ'pat,li'maʔ,ʔɨ'nɨm,pi'tuʔ,wa'luʔ,si'yam,'sapuluʔ,du'wapuluʔ,,sanda'ʔan,san'libuʔ
730,Dupaningan Agta,17.3748,122.188,dupa1235,Laura C. Robinson,191,https://abvd.eva.mpg.de/austronesian/language.php?id=730,kamat,,,tikad,maglakad,dilan,umangay,,maglangoy,madukas; maromsa,dipog,gaddang,addag,lattag,tulang,tiyan,agtay,gisat,abigi,katandi,magnakam,maanteng,digi,buntok; kidap,leg; tangngad,buk,doong; dungas,umangas; magingas,magampoy,labi,ngipan,dila,gumidit; umidit; ngumidit,magsanget; magluwa,ota; magota,magloktab; magtoppak,magkan,magngalngal; magngatngat,maglutu,uminom,kumaget,magsapsap; supsupan,talinga,magsanig,mata,maenta,maguwab,matidug,,tagenap,umeknod,tumaknag,tolay,lallaki,babbey,anak,kabanga; lupog,kabanga; babakat; bakas,ina,ama,bilay,atap,nagen,ipeta,lubid; gilot; gakad,,magdaget,dagum,manganop,pumangal; palattugan; metattang,bakalan; ginakkan,,magtakaw,magpappatay,maggasak; malugulug; mategbak,maghen,maggusgus,,ranak,magpilak,matadam,mangudal,mageryok,magmula,pilian,magtubu,bumagi,paspasan; pakkalan,magegkam; akrupan,maggasak; malugulug; mategbak,gumatang,abbutan; takwaban,magtoktok,ibisag; itobbak,,asu,manok,bunay; ukong,allad; polpol,kappeg,umebbar,bilakad; kuyang,pilas,tabi,buned,ulag,urad,kutu,namok,,,mabuyok,tingi,don,ramot,budak,bunga,ruot,lutak,bitu,basad; baybay,dinom,magbulod,diget,apgas,bilay,talon,langet,bulan,biton,ulap; anod,alsap,uden,kaddur,kilat,paras,mangiyup,,madagmen; malamton,mamadi,mabesa,maadlak; madaggi,gangatan,magtutod,asok,dipog,mangiset; mangitet,maponsak; mapongsit,madulaw,,,ballek,dakal,apellak,malay; atakdug,malapes,mabigal,makupit,malampad,masaket,masaniki,alegid,bigu,peya; mappya; magino,madukas,tarod,kallap,aldew,kemokasan; kassinag,,magtagu,tumagdak,,,,,ide,iday; idu,mabikan,madiyu,henan; hadya; hahe,hikan,hikaw,hikuna,hikitam; hikami,hikam,hidi,anya,heya,aset; bakkan,ngamin,,no,panyan,awan,magbilang,essa,duwa,tallo,appat,lima,annam,pitu,walu,siyam,mapulu,duwapulu,lima a pulu,magatu,maribu
656,Dusun Tuhauon (Tambunan),5.68284,116.373,tamb1254,Gordian Pius,210,https://abvd.eva.mpg.de/austronesian/language.php?id=656,longon,gibang,wanan,gakod,mamanau,ralan; talun-alun,rumikot,kumilong,kuma'au,ayamut,tawu,kulit,likud,tian,tulang,tinai'i,tokowiyau,susu,liwawaha,koilo,momusorou,orosian,raha,tulu,liou,tobuk,todung,momihobo,moningud,kabang,nipon,dila,mongirak,mihad,mongilob,momodula,mangakan,monguyom,mogonsok,monginum,mongokot,moniop,tolingo,korongou,mato,kokito,moguab,modop,lumuwi,moginipi,mirikau,mingkakat,tulun,kusai,tondu,tanak,sawo kusai,sawo tondu,tama,tapa,walai; lamin,taap,ngaran,momboros,lukug,kagasan,monombir,dalat,magasu,monimbak,monobok,momobog,mamanau; manakau,mamatai,napatai,napasi,mongukut,managad; momutul,kayu,mamalapak,alawis; atarom,olompod,mindahu,mananom,momili,sumuni,lumonit,momisak,mongigit,mongukad,momoli,mongukab,monutu,momigod; papataam,naratu,tasu,tombolog,tontolu,hulu,talad,tumulud,tikus,daging,lunok,tikiu,tulanut,tongiluang,lios,togonok,korut,sada,napasa,ra'an,roun,gamut,bunga,tuah,sakot,tanah,watu,togis,waig,lumuyung,rahat,tusi,wotis,talun,tawan,tulan,rombituon,haun,tawun,rasam,tumparak,gonit,ribut,monompugi,alasu,osogit,otuu,oyopos,awagat,tapui,tutudai,lisun,towu,oitom,opurak,aragang,osilou,otomou,okoro,agayo,osiriba,anaru,agahui,akapal,osolot,alaab,oruol,oikum-ikum,nolohing,wagu,osonong,araat,otopot,totuong,tadau,toun,soira,lumisok,mindakod,id,id suang,id sawat,id siriba,iti,ilo,id somok,osodu,id nonggo,yoku,ika,iso,yahai,ika,yolo,Nunu,isai,ih suai po,oinsanan,om,nung,poingkuro,au; okon,mongintob,iso,duo,tolu,apat,limo,onom,turu,walu,siam,opod,duo nohopod,limo nohopod,saratus,soriong; soribu
418,Gaddang,16.5468,121.177,gadd1244,L. & M. Troyer in Reid (1971),178,https://abvd.eva.mpg.de/austronesian/language.php?id=418,langalay,dawi,diwanan,taki,mɨllakad,dallan,umang,malliku,manalog,dapping,girap̄uk,gaddang,daruru,kuyung,tulang,sinay,ʔal,gatat; taʔgang,ʔap̄a,ʔammo,mannonot,matalaw,ʔada,ʔulu,buʔlaw,ʔabok,ʔiyong,mangat,daʔlun,wangit,ngipan,dila,makatawa,mɨttangit,muta,maluppa,mangan,maman,millwag; makalutu,minum,makkat,mumul,layag,madingɨg,mata,ʔitan,,maturog,,tenɨp,matuttud,mataʔdɨg,tolay,lalaki,bap̄ay,ʔɨbbing,ʔatawa,ʔatawa na bap̄ay,ʔina,ʔama,balay,ʔatap,ngan,sapit,lup̄id,siʔgut,madet,bilat,manganop,,,,matakaw,patayan,natay,,mɨkkatul; makarakot,garilatan,kayo,,mataram,nangurɨl,matarabap̄o,mabinni,pilin,,,,ʔigamɨn,,magatang,,mɨbbayyo,ʔiyatto,nadaʔnɨg,ʔatu,mamanok,ʔilog,gatod,payyɨk,mɨkkayyab,ʔakɨd,,tapa,ʔip̄ut,dulɨg,kararong,kutu,ʔilɨk,,koriraw,,,ʔadon,gamut,maseta,,,lubɨg,batu,ʔaddat,danum,,bebay,ʔasin,,talun,langit,dɨkkag,bitun,dulɨm,,ʔuran,ʔadog,kilat,bayabɨg,middyob,nippato,laʔbɨt,nimma; mamilag,nabata,nadamɨt,ʔap̄uy,masikol,ʔatuk,lallang,nangisit,nap̄uraw,nalibaga,kunig,naʔata,balabusang,dokal,bibbapaw,ʔasodɨg,naʔimpit,nakanɨg,ʔatalin,ʔalaluwang,mallo,maʔatal,dadan; lakalakayin,bawu,nalawad,narakɨt,,gap̄i,ʔaw,dawon,kansa,masuʔsuk,munek,,,,dolim,,,ʔaraʔni,ʔaroyo,sintaw,ikkanak,,,ikkami,ikka,,sanenay,sanenay a tolay,korowan,ʔɨmmin,,nu,piddya,bɨkkɨn,mabilang,ʔantet,ʔaddwa,tallo,ʔappat,lima,ʔanɨm,pitu,walu,ʔassam,tap̄olo,ʔaddwap̄olo,,tatut,tarip̄o
"1552, 1551",Guiangan (Baguio); Guiangan (Sirib),6.99967,125.359,gian1241,"Summer Institute of Linguistics (unknown authors). 1966. Guiangan (Baguio) available via Zorc, R. David. 1972. Unpublished field notes.; Summer Institute of Linguistics (unknown authors). 1966. Guiangan (Sirib) available via Zorc, R. David. 1972. Unpublished field notes.",174,https://abvd.eva.mpg.de/austronesian/language.php?id=1552; https://abvd.eva.mpg.de/austronesian/language.php?id=1551,limo,ebang-; eⁱbang,ammi; ʔami,mame; paʔo,mo'o; mɨʔɨᵒ,,,boliyung,mɨngoy; mɨngngoy,kalu; mlipaʔ,blukok; abok,kulit,kulung,tiya,tulla,naʔo,ɨtoy; ʔɨtoy,ʔammɨʔ,wallo,hado,,malao; mallaᵒ,dulu'; duluʔ,ullu; ʔɨllu,ɨlong; ʔʌllong,ɨbuk; ʔʌbbɨk,idung; ʔidong,,mɨkpon; moppung,hu'lung; huʔung,ngipo; ipoʔ,dela; della,takket; takke,benne'; beᵉneʔ,moota; mota,middu; midduʔ,ma'a; maʔa,,momeng; momang,minum,manget; mangnget,mɨsɨp,tingngo'; ngillo,nuo,moto; mɨto,mino,,mipit,,konno'; kɨnno,me'od; meʔɨd,tiro; middo,ɨttao; ʔɨttaᵒ,la'i; laʔi,libo,anga'; ʔangngaʔ,ippud; ʔippɨd,ipod; ipɨd,ino,omo; ʔamo,bɨloy; bɨlaᵒy,ɨtop; ɨtɨp,dita; daʔit,koli,toli; bingngo,ʔikɨt,mobii; mobi,himat; himʌt,mʌnobok,,mobbok; tɨbbok,,naʔo,mɨtoy,mɨtoy; nɨtoy,mɨdo'; mɨddo,makkas; kakas,meepok; milas,,,tolɨm; tʌllom,indi' tulom; bʌdu,minam; minang,mullo,moli; ʔoli,,,tobid,paʔa,mukɔt; mɨkɨt,mɨlli,,mɨdok; mɨddok,te'po; tappo,tuwang; laᵒ; labung,asʰu; ʔassu,lagum; laggʌm,holo; hʌllo,bɨbɨᵒ,plete'; pletek,mayang; maⁱyang,obong; ʔabaᵒ,,towo'; tʌwo,ekong; ʔekong,ula; ʔula,ɨlɨd,liho; kɨtu,klongngot; tʌmɨk,blowa,lɨddɨng,lɨdog,,da'u; daʔu,dolid; dɨlid,bullak; bulak,bungo; bungngo,,bɨsak; bɨssak,bɨtu; botu,palo'; pallok,tubig,,lagat,ohi; ʔohi,ulub; ɨllɨb,pualas; lumɨt,langit,bula,klamag; klammag,lao; laᵒ,,ula; ʔula,liti; litti,kilat,ɨnus; ʔɨnɨs,iyup,,kapo,tika; tikka,peta,dɨllɨm,ɨpuy; apuⁱ,mi·tu,ɨbbaw; ʔɨbɨ,aou; oᵒ,mitom; miʔtom,pu'ti; puti,mliga'; migga,mlede,mali'; mlɨnno,pipi 'ipis; pipis,paya; paɨya,pandak; keng; lewo,lawe,nenepes; mepes,kupa,likɨt,mlowa,pɨddɨs,m'oyo; mioyuʔ,tuo'; tappe,lami; lammi,mali'; malliʔ,hamoʔ,,buli; bɨlli,ɨdo; ʔɨddaᵒ,byo'o; bioʔo,kel,muni'; bunni,manek; pannek,,,,,,,dɨdong; dʌddong,mlayyu; mlaⁱyu,opi; ʔopi,,,,,,,daʔit,emme; ʔommi,ʔɨttad,lahat,,kaᵒ,,ʔindiʔ,meⁱʔap,hɨtu; hʌtu,u'a; ʔuwa,tɨlu; tɨllu,ɨppɨt; appat,limo,onnom; ʔɨnɨm,pitu,wolu; wʌllu,hiou; hio,hɨpulu; hɨpɨlɨ,wo pulu; wapɨllɨ,,mlɨtud; mlʌtus,mlala; mlela
"1274, 13",Hanunoo; Hanunóo,12.4159,121.221,hanu1241,"Barbian (1977); Blust, from: Conklin (1953)",210,https://abvd.eva.mpg.de/austronesian/language.php?id=1274; https://abvd.eva.mpg.de/austronesian/language.php?id=13,dalúkap; kámang,wala; wal'án; wála,sikón; sikún,raparapá,lumakang; lakáw; l-um-ákaw,dalan; dálan,balík,símaŋ,lumangóy; l-um-aŋuy,mauring; bangí; ma-yagtíŋ; ma-ʔúriŋ,mapag'ón; gabúk; pukapúk,lukób; tárip; lukúb,dayó; dayú,tiyán,but'ó; butʔúl,puná; bitúkaʔ; púnaʔ,atáy,suso; súsu,labay; lábay,magka-ʔalam-an; [ka]-táʔu,magdumdum; painuinu; magdumán; um-ísip; mag-dumán,dala; magkadala; dálaʔ,dugó; dugúʔ,ulo; úlu,leog; langgáw; líʔug,buhók; buhúk,ilóng; iróng; irúŋ,arúp,suminghút; s-um-iŋhút,bibíg; súlaŋ,ngipon; ŋípun,dila; dílaʔ,paarak'ák; akʔák; s-um-arí,lumì; mag-lúmi,sukà; s-um-úka,mag-búga,mangaon; k-um-áʔun,tilad; mag-táltaʔ,manggatong; maŋ...gátuŋ,um-inúm,kagát,s-um-upsúp,tulí; túli,dungóg; madnugan; dunúg,matá,makitán; makakít; maka-kít,labgáb; man-lábgab,hamook; ma-túrug,huwáy; pa-; igyáʔ; pa-huwáy,damgu; tag-ínʔup,tukaw; t-um-úkaw,t-úm-índúg,táwu,kan'akán; laláki,daraga; babáyi,anák,abóy(án); asawa; asáwa,abóy(án); asawa; asáwa,ináng; ínaʔ,amáng; ámaʔ,baláy,bubungan; atúp,ngaran; ŋáran,sabihun; mag-kún,kalát; lúbid,gapusun; higót; guús; higút,tahiʔ,dayum; dagum; dáyum,mangido; ligaw; mang-idú,palkasun; pantók; pálkas,bunú; bun'ún; hárug,nadiktán; hampák,takawun; tákaw,maty-ún,magkamatáy; mátay,buhi,kagaw; kagawun; kágaw,ma-nígbas,káyu,lapaun; báŋag,ma-tarúm,mapuró; dúmpul; ma-púruʔ,budlay; magasa; magbuwát; mag-buwát,mamangás; panggás; mag-tanúm,pili; píliʔ,t-um-úbuʔ,magdakâ; isál; bagáʔ,pog'ón; pugáʔ,mag-hiyáput,kalî; kutkút; magkali; mag-kutkút,bumilí; b-um-ilí,bukás; buklád; gibwangán,magbuyó; mag-bayú,bintók; pisík,lagpák; rágdag; ma-lagpák,idu; íduʔ,manók; manúk,itlóg; itlúg,bulbúl manúk,pakpák,maglalayangán; l-um-áyaŋ,angbu; áŋbu[ʔ],túban; tagúban,tabáʔ,ikog; íkug,ulay; úlay,alukatí; alukátiʔ,kayumád; kútu,namók; balangkád; namúk,lawa; láwa,isdâ; isdáʔ,buyók; ma-ʔíbas; buyúk,salingsíng; saŋá,dawun; labong; lábuŋ,gamót; gamút,busáng; búsaŋ; rágaw,burak; búrak,ríkut; ma-ríkut,dagâ; dagáʔ,bató; batú,barás,danúm,kunaynay; lagnás; nan-,dagat; lawúd; dágat,asín,danaw; dánaw,puro; kapuruan; purúʔ; tálun,pamgasán; langit; láŋit,bulan; búlan,pamgasán,alinyabo; rorom; paŋánud,alinyabo; alinyábuʔ,urán,lintê; lintiʔ,kilat; kílat,baggyo; aráhay; durús,mag-ʔúyup,ma-ʔínit,maramíg; ma-ramíg,gango; ugá; gáŋu; layúŋ,túpus,mabuyat; bug'át; ma-buyát,apóy; apúy,durók; tútud,anús; ánus; súnuy,dapóg; ayúm; dapúg,mabiro; madlóm; agíwan; ma-bíru,malagtí; abúkay; ma-lagtí,marará; maragáng; kundiman; ma-rará,madiláw; diláw,malatóy; latóy; latúy,daít; daraít; diʔít,laon; daká; láʔun,ababâ; abábaʔ; dagʔúd,aba; araba; ʔába; ʔábaʔ,manipís; ma-nipís,ma-dámul,diʔít,malapad; daká,dahilán; sakít; ma-sakít,kauyaan; uyà; kayá; huyá; húya; úyaʔ; ma-kayʔaʔ,gurang; gúraŋ,bag'ó; bágʔu,mahal; urúg; mayád,daut; ibâ; daʔút,káŋud; támaʔ; tu-túʔu,yabí,init; síraŋ,katempo; dag'ún; abágat; turuŋún,kapira; inoró; kapirá,táguʔ,dumayík; maggabúd; dáyik,sa,sa basád,tuŋúd,láwud,índa,tida; túnda,araní; aráni,arayô; aráyuʔ,naan; sarin(a); naʔán,akó; akú,kawu; káwu,siyá,kitá; kamí,kamó; kámu,sidá,hintáy; híntay,sintáy; sinton(a); síntay,ibá,tanán,[k]ag,nu; kung,(k)abitáy; abitáy,baláw; bukún; unmán,ma-bílaŋ,usá,duwá,tuló; túlu,upát; úpat,limá; líma,unum; ʔúnum,pitó; pitú,waló; walú,siyám,sampolo; sampúlu,duwapolo; duwá (ka) púlu,líma (ka) púlu,usa ka gatós; ʔusá ka gátus,ʔusá ka líbu
"193, 467",Hiligaynon; Ilonggo,10.4018,122.974,hili1240,Jamaica Salcedo; Richard Parker,210,https://abvd.eva.mpg.de/austronesian/language.php?id=193; https://abvd.eva.mpg.de/austronesian/language.php?id=467,kamot; kamút,wa-lá; walá,tu-o; tuó,ti-il; tiíl,lakat; lumakát; malakat; tikang,dalan; alagyan; alagihan; banas,kadto; makadto,liko; binaliskad,langoy; lumangóy,higko; mahigkò,yab-ok; yab-uk,panit,likod; likód,ti-yan; tiyán,tul-an,tina-e; tinae,atay,dughan; suso; titi,abaga,kabalo; hibal-an; matikdan,panumdum; isipon; paminsara; isip-isipa; huna-hunaa,hadlok; kalahadlokán; kakurdaman; kahadlokan,dugô,ulo,li-og; liug,buhok; buhók,ilong; ilóng,ginhawa,simhot; hakluón,bâbâ; bâbà,ngipon; untô,dilâ; dilà,kadlaw; kumadlaw,hibi,suka; sumuka; masuka,duplâ; dumuplà; madupla,ka-on; kumaon; makaon,usapon; usangon,lutô; luto,inom; ilimnon; mainom,kagat; kadton; kagton,supsup; supsupón,dulunggan,batian; mamati,mata; matá,kitâ; makità,nguy-ab; paguy-ab; manguy-ab; panguy-ab,tulog; magtulog; matulog,higdâ; ibutáng; mahigda; ibutang,damgo; damgohanon; madamgo; damguhanon,pungko; lumingkod,tindog; magtindog,tawo; táo,laki; lalaki,bahi; babáe,anak; bata; batà,bana,iloy; asawa,iloy; nay; nanay,amay; tatay,balay; puluy-an,atup; atúp,ngalan,siling; itlangón; mitlang; sambit,lúbid; pisi; higot,higti; baluón; hugpungon; bugkuson; higtan,tahiʔ; tahión,dagum,mangluthang; mangita,panaʔ; sumiwíl; mangluthang,bun-o; bumuhó; mabuno,igo-on; hinaplit; maigo,mangawat,pat-yon; patyon,mapatay; patay,buhi-on; mangabuhì,kaluton,hiwaon; mahiwa; labo,káhoy; tapi; lipak; kahoy,dup-la; himulagón; bulagon,matalum; mataliwis,dupol; malubóg; madupol; mahabol,maghikut,tanom; ìtanúm,pilion,sumingil; madako,palamanóg,i-puga; puga,punggan,kumutkot; makutkut; makaykay,mabakal; bumakál,buksan,bayhon,ipilák,hulog; mahulog; dagdag,idu; idú,pispis,itlog,pakpák; bulbul; balahibo,pakpak; pakpák,lupad; mapalupad,ilagâ,karne; unod,sebo; tambok; lana,ikug,manʔog; bitín; man-og,ulod; ilago,kuto,lamúk,damáng,isdaʔ; isda,pagkadunot; dunot,saŋa; sanga,dahon,gingikanan; gamot,bulak,bungángkahoy,hilamón; sagbot,kalibutan; duta,bató,balas; balás,tubig,ilig; tumubód,dagat,asín,linaw,talon; kagulangan,langit,bulan,bituon,paŋánod; panganod,gamhon,ulán,dagoʔog; daguob,kilat; kilát,hangin,huyóp,maalabaab,mabugnaw,bulad; hubóg; mala,basaʔ; basâ,mabug-at,kalayo; sunog; clayo,sunog; sunugon,asó,abó,itúm,maputî,pula,kanaryo; bulawanon,lunhaw,gamay; diótay,dakó; lutáw,malip-ot; manubò,kadugayón; laba; kalawigon; kalabaon; kadugayon,maniwang,malapuyot,makitíd,masangkad,nagabalatían; masakit,nahuyâ; huluyaon,madugay; daan,bag-o,maayo,panuláy; malain,minatuód; insakto; pat-od,gabʔe; gab-i,adlaw,tuʔig; tuig,kasan-o,panago; ilikún; manago,saka; sumaká; masaka,sa,sa,ibábaw; halos; ibabaw,idálom; sa idalum,iní,agúd; ina,malapit sa,malayò,diín,ako,ikáw,siá,kitá,kamó,silá,anó,sin-o,ibán pa,tanán,kag,kon,anó,walâ,isip,isa; isá,duha,tatlo,apat,lima,anem; anum,pito,walo,siám,puló; napuló,duhá ka pulò,kalim-an,ginatús,sanglibo
"679, 423",Ibaloi; Inibaloi,16.4263,120.695,ibal1244,"Anton, Sofia Olga; L. Ballard in Reid (1971)",208,https://abvd.eva.mpg.de/austronesian/language.php?id=679; https://abvd.eva.mpg.de/austronesian/language.php?id=423,takdai; taḳday,kaniggid; ʔawidi,kanawan; ḳawana,shafan; busel; seddi; sɨdi,ekad; manʔaḳad,shalan; ahad,kala,bodih'dih; posipos; boliʔdi,kabdong; mannangoy,edareg; ʔɨdagitan,edagghitan; tapoḳ,beddat; ojes; bɨdat,benneg; bɨnɨg,ekkes; ʔɨkɨs,pohfel; poḳɨl,tuled; sosot,altey; ʔaltɨy,soso; pagiw,avada; ʔabada,amta'; ʔamta,nemnem,entahot; ekin; taḳot,shala; cala,toktok; toḳtoḳ,bukdow; boḳdɨw,buwek; bowɨḳ,eddeng; ʔɨdɨng,jasjas,ekuven; manʔagob,bungot; bongot,sangi,shila; cila,ngi-ngi; ngiʔngi,nangngis; nangis,ota; ʔota,tupsha; ʔontopca,mengan; kinan; mangan (kan),kalkal; mama,duto; man-ukan; mancikcik; doto,inom; ʔinom,kalat,osoop; doopdoop; sopsop,tangida; ngila,iteneng; ḳidɨng,mata,asen; asas; un-an; ʔonʔan (ʔon),uwab,ug-ngip; ma-ukip; maʔokip (ʔogip),shuhol,kakukip (mankakukip); ḳaḳokip,tungao; ʔontongaw,dayat; ale-key; ʔonalɨḳɨy,to-o; toʔo,daki; dahi; daḳi,be-ei; biʔi,anak; ngaʔnga,asagua; ʔasɨbʷa,asagua; ʔasɨbʷa,ina; ʔina,ama; ʔama,balei; balɨy,buvong; ʔatɨp,ngaran,kowan; sel; ʔiḳowan,pagod; kalut; bʷanɨt,sih'kot; pusas; ʔisingɨd,cha-it; sha-it; caʔit,chakum; shakum; shakkom; cakom,anop; ʔanop,paltogan,(ma)saksak; baycɨk,tamak; kedpel,kevot; ḳibot,peteyen; bono,metey; ʔɨtɨy,ebiag,kudkud; koh'nay; katɨl; kotkot,katdi-an; tadtad; belsig; boḳboḳ,ketdo; ḳiyɨw,busak,tarem; matɨcɨm (tarɨm),angorel; ʔɨngirɨl,ubda; manʔobda,man-ah'sek; mola,pili; pispis,bengngis,darag,(ma)pespes; pɨspɨs,(ma)agchiyan; (ma)egshiyan; pɨngpɨng,ka-ot; baybai; ḳotḳot,tungkal; tomkal,duhat,pambayo; mambejo; bayo,ivong; makespig; ʔipɨg,ma'-kas; maʔkas (ʔɨkas),aso; ʔaso,manmanok; tetit; titit,ekdog; ʔiḳdog,shotshot; polcos,payad; payak,tayab; ʔontayab,otot; ʔotot,apag,daneb; taba,ikol; ihul; ʔiḳol,oleg; ʔolɨg,bileg; pfileg; donat,koto,imok; ʔimoḳ,kakawa; ḳaḳawa,piskaw; paʔidɨng,ebulok; ʔɨtoytoy,panga,bulong; bolong,savot; damot,sabsabong,botdigi; dames; bunga; damɨs,edet; du-bet,buh'dai; shaga; shadin; caga,bato,bisil; carat,shanom; canom,un-ayos,baybay,asin; ʔasin,,kadasan; ḳadasan,naikayang; tabɨn,bulan; bolan,talao; talaw,kulpot; ḳolpot,ulep,oran; ʔoran,kerol; ḳirol,kimat; bigidat,shagem; cagɨm,(ma)si-buk; (ma)si-bukan; siʔboḳ,ampetang; petang; ʔimpitang,teg-in; ʔɨngḳɨtit,maga; emag-an; ʔimagʔan; saʔpiy,embasa; nalbɨng (dɨbɨng),embul-at; ʔɨmbɨlʔat,afoy; ʔapoy,atong; poʔol,asok; ʔasoḳ,ngaʔap,etuling; beneg; ʔɨtoling,emputi; ʔɨmpoti,emabalenga; ʔɨmbalɨnga,coyaw,ʔanɨng,basit; ootik; ʔoʔotiḳ,ebah'deg; ʔɨbadɨg,antikey; ʔisopok; ʔintikiy,enshokey; ʔɨncoḳɨy,epigghot; maʔingpis,masshel; mascɨl (sɨcɨl),edefit; ʔɨpit,embanao; ʔɨmbanaw,sahit; ʔɨnsaḳit,baʔing,sha-an; caʔan; ʔidakay,bado,masiya; maptɨng,ngaaw; kotay; salbahi; mahedsel; ngaʔaw,agpayso,davi; ḳalɨbian,akow; ʔakɨw,tao-en; tawʔɨn,piggan; pigan,emot; dukdok; ʔɨmot,kalab; ḳalab,,naydaem,kayang,despag; naydoʔong,sajay; eyay,saman; etan,nay-asgang; ʔɨsop,arague; ʔarabʷi,tuwa; tuway; towa,sih'kak,sih'kam,sih'kato,sih'katedjo,sih'kayo,sih'kara,nganto; ngaran,sifa; sifay; sipa,aligwa; ʔɨcom,emin; ʔɨmin,tan,nu; nɨm,kas-ano; sah'no; ngantoy; piga,aishi; ʔalibʷa,bilang,sahei; saḳɨy,shuwa; cowa,tedo; tɨdo,epat; ʔɨpat,dima,enem; ʔɨnɨm,pito,gualo; bʷalo,siyam; siyɨm,sampolo,shuwen polo; baente; cowan polo,dimen polo; singkwenta,san dasos; dasos,san divo; dibo
279,Ibanag,17.4201,121.891,iban1267,Telan Family,207,https://abvd.eva.mpg.de/austronesian/language.php?id=279,lima,zimigui,ziwanan,tac-ci,mal-lacag,dalan,umaranni,mal-leccu,mat-tañao,madapíng; marapíng; marit-ta,gav-vu-e,tab-bi-c,licug,san,tu-llang,sinay,agal,susu-,abage,macammu-c,mappanono-c,maganas-sing,daga,ulu-c,caralong,vu-c,igung,maginango-c,magaguc,simu-c,ngipan,zila,maggalo-c,mattangi-c,maguta,mal-lusak,kuman,mangngang-ngo-c,mallutu,uminum,maccaga-c,sús-súp-pán,talinga,magginna,mata,massingan,magg-gairawac,mae-catrug,magidda,mattatageno-c,magitubang,tumaddag,tolay,lalaki,babay,abbing,atawa,atawa,yena,yama,balay,ato-c,ngagan,mac-cagui,lubig,maggalu-c,maddague-c,dagum,manga-nù-c,mappana,madduddug,mappalu-c,maccoco-c,mappatay,matay,manolay,maccabbang,macattag,billa-c,paggaddua,matarám,mangurál,mat-trabaho,mammula,mappili,mattuvu,mabbago,mappazzi,matammi-c,macc-co-cco-c,maggatang,mavvuca-c,mabbayu,mattabo-c,madan-na,kitu,mamanu-c,illug,duddu-c,pa-ya-c,maccagag,balakag,carne,manteca,ifu-c,iraw,caralang,lita; kutu,lamu-c,taggalawa,sira,nabadyu; navanno; navonno,panga,don,ga-mu-c,lappaw,vunga,kad-do-c,davvun,batu,daga-c,danum,magagi-c,bebay,asin,,kakayuwan,langi-c,vulan,bitun,,fung-ngo-c,uran,addug,kila-kila-c,pad-dag,mas-su-c,napatu,malam-min,namaga,nabasa,madam-mo-c,a-fi,mat-tuggi,atu-c,avu,ngi-si-c,fu-raw,uzzin,ngila,verde,baddi-c,dakal,alinno-c,apaddu,makabbal,makannag,,alawa,mataki-c,minappasiran,bako-c; lakay,bagu,mapya,marake-c,kurug,gabi,aggaw,dagun,sonu anni,mangitagu,makkalay,ta,unag,utun,gukag,yaw; yawe,yari; yori,aranni,arayyu,sitaw,so-c; sakan,sikaw,yayya,sittam; sikami,sikaw,ira,anni,sinni,karwan; tanakwan,ngamin,anna,nu,kunasi,ari,mabbilang,tadday,duwa,tallu,appa-c,lima,annam,pitu,walu,siyam,mafulo,duwafulo,limafulo,magatu,marivu
262,Ida'an,5.29059,118.515,idaa1241,David Moody,198,https://abvd.eva.mpg.de/austronesian/language.php?id=262,ʌppiʔ,gibang,konan,kasu,gʌrʌbutaʔ,dalan; sikon,mʌssob,gʌsimpang,gʌllunguy,sʌmmor,abuk,kulit,sʌmang,tʌray,tullang,tiritis,atay,tusu,sadtong,gʌlati,gʌdalir,mʌla,nddaʔ,ulu,lig,ʌbpuk,irung,bʌgarawo,mʌngarok,putuk,nipon,dilaʔ,mʌrim,totaʔ,gʌmuad,bʌgʌbbi,mʌngngan,bʌkussop,bʌgapuy; gʌlagaʔ,mʌnginum; minum,mʌngabput,mʌnippus; tippus,tʌlingo,mʌngingog; kingog,mato,mʌngata mata,gʌmoya,turug,,gʌnupi,badung,buruy,ulun,ulun kusay,ulun liun,anak; ginon,bano,mʌngʌnnak,inaʔ,amaʔ,balay,sapaw,naran,mʌngaraʔ; baraʔ,tali,mʌnunuy; tunuy,bʌllit,derum,bʌkulos,mʌnganaʔ[panaʔ],mʌnʌrog; tʌrog,,mʌnʌkkaw; tʌkkaw,mʌngunuʔ; bunuʔ,matay,allun,,mʌngukos; mukos,taun,mʌngilaʔ; milaʔ,allop,tumpul,bʌkabbun,bulo,gʌdiliʔ,tubpu,bʌkʌppaw,mʌngʌgka; mʌgka,mʌgkot; mʌngʌgkot,bʌkali,gʌdagang,mʌngawang,mʌnuttu; tuttu,mʌnagad; tagad,tippak,asu,kʌrok,lisi,bulu,panid,tʌmulud; tulud,sikut litun,si,innak,ikug,ulang,langati,kutu,nammuk,sʌlapukot,pait,butong,dan,daun,pakat,tasak,buaʔ,dukut,butaʔ,batu,bʌris,sapaʔ,,pasang,tagay,gasap,ʌbban,langit,bulan,bʌtun,kaut putiʔ,kabur,uran,rudtug,bʌriot,laud,gnsʌput,panas,tʌmmil,atug; gʌlʌmmak,basaʔ,bʌgkat,apuy,mʌnunu[tunu],gaun,au,sidom,putiʔ,sʌkkot,sibbuʔ,gaddung,tumok,gayo,tanaʔ; kadong,buat,nipis,asuk,pʌssit,ngag,pedtos,siruk,tuo,bagku,pio,arat,bʌnor,gabpi,ʌdtaw,tahun,nu kidan; ʌmbaʔringaʔ,bapung,mʌnnik; gʌrʌkkod,nong; diʔ,nong allom,nong tas,nong alag,ano,ino; adi,rʌttop,adtu,ʌmbaʔ,aku,ikaw,rʌmo; rumo,kito; kʌmmi,muyu,iro,nu,nay,sillun,sʌgingon,bio,kʌmo,dungod,apon; ʌŋko,bʌkiro,saʔ,duo,tʌlluʔ,pat,limo,,,walu,,,,,,
419,"Ifugao, Amganad",16.9016,121.042,amga1235,S. Funnell & A. West in Reid (1971),178,https://abvd.eva.mpg.de/austronesian/language.php?id=419,taʔ'le,ʔinig'gid,winaw'wan,hu'ki,dumal'lan,,,munli'wotan,huma'lug,nadak'kot,hu'pu,ʔup'ʔup,bo'nog,pu'tu,tu'ngal,ginuy'guy,ʔal'te,palag'pag,pu'ʔol,ʔimma'tunan,,tu'makot,'dala,ʔu'lu,ba'gang,ʔi'buʔ,ʔo'long,,hung'hung,to'ʔo,bo'ba,'dila,ngumi'hil,tuma'ʔang,ʔu'muta,tumok'pa,'ʔan,mummo'ma,'ʔinit; haʔ'ʔang,ʔumi'num,ka'lat,huphu'pon,ʔi'nga,do'ngol,ma'ta,'tigo,,ʔa'loʔ,,ʔi'nop,ʔum'bun,tumaʔ'dog,'tagu,lalaʔ'ʔi,baba'i,ʔu'nga,ʔina'yan,ʔina'yan,ʔi'na,ʔa'ma,ba'le,ʔa'top,'ngadan,ʔa'li,ta'li,ʔita'ʔod,ʔu'gut,tan'tan,ʔa'nup,,tu'pig,,ʔi'nako,'pate,ʔa'te,,mangi'yaki; ku'kuwan,pi'laʔ,'kayiw,,mata'dom,na'tupu,'tamu,ʔita'nom,'pili,,,ʔipu'lipul,ʔo'don,'kaʔʔut,'ngina,,ba'yuwon,ʔibo'kah,ʔo'gah,'kahu,hamu'ti,ʔit'lug,du'ladul,pa'yaʔ,tu'mayap,ge'lew,,ta'ba,ʔi'wit,ʔu'log,ki'lang,'ʔutu,to'ma,kakaw'wa,do'log,nabu'luʔ,,tu'bu,la'mut,habha'bong,'bunga,,lu'ta,ba'tu,pa'nag,li'ting,,bay'bay,ʔa'hin,lo'bong,mu'yong,ʔad'lagud,'bulan,bittu'won,bu'gut,,ʔu'dan,ki'dul,ki'lat,dib'dib,ha'pud,ma'atung,ma'tuning,namaga'nan; ha'pe,maha'nong,mada'mot,ʔa'puy,mun'puul,'ʔahok,da'pul,mangi'tit,mumpu'pudo,mum'bola,ʔi'nunig,munlang'ta,ʔit'tang,ʔo'ngal,hiʔhiʔ'dod,ʔaduk'ke,ma'yapit,maʔʔok'tul,makuhhi'pit,ʔabillog,ha'kit,ba'in,nad'neʒ; nad'ne,paʔ'ʔala,map'hod,la'wah,,naha'dom,ʔal'go,ta'won,ʔa'nuna,ʔipaʔ'ʔe,'kayat,,,,'hiluk,,,nihag'gon,ʔadaw'wi,ʔi'dana,,,,,,,'nganne,hi 'ngadan,nat'ʔon,ʔa'min,,hi ʔon,ʔat'na,bo'kon,munʔu'yap,ʔo'ha,du'wa,tu'lu,ʔo'pat,li'ma,ʔo'nom,pi'tu,wa'lu,hi'yam,him'pulu,duwam'pulu,,hingga'hut,hin'libu
420,"Ifugao, Batad",16.8266,121.23,bata1298,"L.E. Newell, in Reid (1971)",169,https://abvd.eva.mpg.de/austronesian/language.php?id=420,ngamay,wodhong,ʔagwan,huʔi,duma:lan,,,ʔelewong,huma:lug,nadiʔa:an (di:ʔa),ta:poʔ,ʔupʔup,bonog,putu,tongal,hi:lot,ʔoltay,hu:hu; palagpag,pu:ʔal,ʔi:la,,ta:ʔot,da:la,ʔu:lu,bagang,bu:uʔ,ʔolong,,hunghungon,ti:mid,baba,di:la,kiki,kiyol,ʔu:ta,tumukpa,ʔan,,luwag; ha:ang,ʔinum,ʔalat,munhuphup,ʔi:nga,dongol,mata,tigon,,moloʔ,,ʔinap,ʔumbun (ʔubun),tumaʔdog,ta:gu,lala:ʔi,baba:i,ʔungʔungnga,ʔiha:wa,ʔiha:wa,ʔi:na,ʔa:ma,baluy,ʔatap,nga:dan,ʔalyon,talin,ʔehebod,ʔiugut (ʔugut),tantan,ʔanup,,tumpig (tupig),,manga:kaw,patoy,natoy,,mangia:ʔi; mun-gugʔu,gogod,ʔa:yiw,,matadom,ngilu,munta:mu,ʔitanom,pi:li,,,gumomgom,ʔodon,ga:ud,la:ʔu,,mumba:yu,paʔwah,ʔohah,ka:hu,hamu:ti,ʔitlug,dula:dul,payaʔ,ta:yap,doʔʔo,,tabi,ʔiwit,ʔu:log,ʔolang,ʔu:tu,to:ma,ʔaʔagwa,,nabuluʔ,,payaʔ,lamut,habha:bung,bu:nga,,lu:ta,batu,panag,danum,,,ʔahin,baybay,ʔinala:han,da:ya,bu:lan,bittu:an,bu:unut,,ʔudan,ʔidul,ʔi:lat,tuyup,yupyup,luma:hu,ʔayhugi,mimigi (migi); hapuy,maʔpot,madamot,ʔapuy,gohob,ʔahuʔ,dapul,mangmangi:tit,mumpa:haʔ,mumbobo:lah,muntiti:bɨ,,ʔi:tang,ʔongol,hoʔdod,ʔaduʔʔoy,maya:pit,maʔugtul,,damu:na,haʔit,bɨ:in,naluʔya; nala:ʔay,paʔʔamma,maphod (pohod),napu:hi,,mahdom,ʔalgaw,tawon,ʔanu:ud,poʔʔoy,ʔa:yat,,,,,,,neheggon,ʔadagwi (dagwi),,,,,,,,,,nobʔon (boʔon),ʔamin,,ʔay,ʔatna,boʔon,ʔuyap,ʔoha,duwa,tulu,ʔopat,lima,ʔonom,pitu,walu,hiyam,himpu:lu,duwampu:lu,,gahut,li:bu
"421, 431","Ifugao, Bayninan; Kallahan, Keleyqiq",16.7099,121.035,kele1259,H.C. Conklin in Reid (1971); R & L. Hohulin in Reid (1971),178,https://abvd.eva.mpg.de/austronesian/language.php?id=421; https://abvd.eva.mpg.de/austronesian/language.php?id=431,taʔle; taklay,ʔiggid; williʔ,ʔawwan; wannan,huʔi; heliʔ,dumallan; mandaladalan,,,munlewong; ligguh,munʔagga:ʔe; kaykay,nadakkut; lugit,hu:puʔ; depʔul,ʔupʔup; belat,bonog; beneg,putu; ʔegeh,tungal; tuʔngal,putu; ʔegeh,ʔolte; ʔaltey,palagpag; huhuʔ; pagew,pu:ʔol; pahhanan,ʔinnil:on (ʔinni:la); ʔamtaʔ,,tuma:ʔot; takut,da:la; kuheyaw,ʔu:lu; ʔuluʔ,bagang; buklew,bu:uʔ; bewek,ʔolong; ʔeleng,,hunghu:ngon; hemmuyen (hamuy),toʔo; bungut,buba; ngipen,di:la; dilaʔ,kumiki; ngiʔngiʔ,tuma:ʔang; nangih,ʔu:ta; ʔutaʔ,tumukpa; lupdaʔ,mangan; ʔekan,memma (moma); tapiʔ,lumwag; munhaʔʔang; lewag; haʔeng,ʔuminum; ʔinum,kalaton; kalat,huhu:pon (hu:hup); huphup,ʔi:nga; tangilaʔ,donglon (dongol); dengel,mata; mataʔ,tigon (ti:go); ʔangʔang,,maloʔ (ʔoloʔ); ʔugip,,ʔenop; ʔinep,ʔumbun (ʔubun); yudung,tumaʔdog; ʔehneng,ta:gu; tuʔuʔ,lala:ʔi; lakiʔ,baba:i; biʔiʔ,ʔungʔungnga (ʔunga); ʔuʔungngaʔ,ʔiha:wa; ʔahwaʔ,ʔiha:wa; ʔahwaʔ,ʔi:na; ʔinaʔ,ʔa:ma; ʔamaʔ,bale; baley,ʔotop; ʔatep,nga:dan; ngadan,ʔayyon (ʔali); hapit,talin; lubid,bayyaʔu:don; ʔiket,munʔu:gut; kugut,tantan; lubay,manganup (ʔanup); deweng,,ʔibawoʔ; tewik,,manga:ko; takew,patoy; patey,nate (ʔate); netey,,ngumatol; guguwan; gatel; guʔguʔ,gogo:don (go:god); gedged,ka:yiw; keyew,,matadom; matedem (tadem),ngilu; ngadel,munta:mu; ngunuʔ,ʔitanum; tanem,pili:yon (pi:li); piliʔ,,,poleghon (polegoh); pihpih,ʔognan (ʔodon); tenget,munkaʔʔut; kuʔkuʔ,luma:ʔu; gatangen,,mumba:yu; bayuʔ,ʔiʔna (ʔona); bekah,magah (ʔogah); ʔegah,ka:hu; ʔahhuʔ,ke:keʔ; ʔemayuʔ,ʔiklug; ʔitlug,dula:dul; ʔipuh,payaʔ; payak,tuma:yap; tayyab,gando; ʔutut,,taba; tabaʔ,buya:buy; ʔikul,ʔu:log; ʔuleg,ʔolang; bigih,ʔu:tu; kutuʔ,toma; wawwahhay,kakawwa; kakkawwaʔ,dolog; deleg,napi:te; nabwel (bewel),,tu:bu; bulung,lamut,habha:bung; habung,bu:nga; lameh,,lu:ta; puyek,batu; batuʔ,panag; pantal,le:teng; danum,,baybay,ʔahin,banno; lebeng,ʔinala:han; muyung,ʔad da:ya; kebunyan,bu:lan; bulan,bittu:won; bittuwen,bugut; kulput,,ʔudan,ʔidul; kidul,kelat; kedyam,tuyup; dibdib,hapu:dan (hapud); hebʔuk,luma:hu; ʔatung,ʔayhugi (hugi); tengnin,mamaga; ʔihape; magʔanan; haʔpey,maʔpot (gopot); naʔbel (ʔebel),madamot; belʔat,ʔapuy,pu:lan; legab,ʔahuʔ; ʔahuk,dapul; depʔul,mangmange:tet (nge:tet); ʔandeket,munpa:haʔ; mablah (belah),mumbolah; madlang,ʔinnu:nig (ʔu:nig); malulaw,munlangta; maʔattaʔ,ʔittang; ʔekket,ʔongal; ʔetteteng (ʔetent),namukok (mukok); heʔheʔdod; ʔantikkey,ʔadukke; ʔandukkey,maya:pet; meʔingpih,maʔuktul; mahdel (hedel),nakohhe:pet; nahkit (hekit),ʔabillog; mahkang (hekang),haket; degeh,bumain; baʔing,nadne (done); nala:ʔay; daʔan; neʔaʔammaʔ,balu; baluh,maphod (pohod); kayyaggud,nalawa; lewah,,labi; hileng,ʔalgo; ʔaggew,tawon; tuʔun,ʔanu:ud; pigan,ʔipaʔʔe; taluʔ,kuma:yat; kalab,,,,ʔayu:duʔ; daʔul,,,nihaggon; neʔihnup (henup),ʔadawwi; ʔedawwiʔ,ʔada:na; ʔattuʔ,,,,,,,nganu; hipaʔ,nganne; hipaʔ humman,natʔon (toʔon); hinʔappil,ʔamin; ʔemin,,huʔun; hedin,ʔatna; pigaʔ,boʔon; bekken,ʔuyapon; bilang,ʔoha; hakey,duwa; dewwaʔ,tulu; telluʔ,ʔopat; ʔepat,lema; limaʔ,ʔonom; ʔenem,pitu; pituʔ,walu; waluʔ,hiyam; heyam,himpu:lu; hampuluʔ,duwampu:lu; dewwampuluʔ,,gahut; hanggatut,hinlu:bu; libuʔ
288,Ilokano,15.9361,120.993,ilok1237,Blust,210,https://abvd.eva.mpg.de/austronesian/language.php?id=288,ima,kannigid,kannawan,saka,magna,dalan,umay,ag-likko,ag-langoy,na-rugit,tapok,kudil,likod,tian,tulang,bagis,dalem,suso,abaga,ammo,ag-panunot,ag-buteng,dara,ulo,tengnged,buok,agong,ag-anges,ag-angot,bibig,ngipen,dila,ag-katawa,ag-sangit,ag-uta; ag-sarwa,ag-tupra,mangan,ag-ngalngal,aglu:to,um-inom,ag-kagat,supsop,lapayag,ag-dengngeg,mata,k-um-ita,ag-suyyaab,ma-turog,ag-idda,ag-tagainep,ag-tugaw,ag-takder,tao,lalaki,babai,anak,asawa,asawa,ina; nanang,ama; tatang,balay,atep,nagan,ag-kuna,tali,igalot,ag-dait,dagum,ag-anup,ag-pana,mang-dugsol,ag-pangʔor,ag-takaw,mang-patay,matay,ag-biag,ag-kudkod,ag-balsig,kayo,bisak,na-tadem,na-mudel,ag-talon,ag-mula,ag-pili,t-um-ubo,l-um-teg,pespes,mang-iggem,ag-kali,g-um-atang,lukatan,bayo,i-bato,ag-tinnag,aso,billit,iklog,dutdut,payak,ag-tayab,utot,bagas,taba,ipus,uleg,igges,kuto,lamok,lawwa-lawwa,ikan; sida,na-lungsot,sanga,bulong,ramut,sabong,bunga,ruot,daga,bato,darat,danum,ag-ayus,taaw; baybay,asin,danaw,ka-kayu-an,langit,bulan,bituen,ulep,angep,tudo,gurruod,kimat,angin,puyot,na-pudot,na-lamʔek,na-maga,na-basa,na-dagsen,apoy,puor,asok,dapo,na-ngisit,puraw,na-labaga,duyaw,na-ata,bassit,dakkel,a-baba,a-tiddog,na-ingpis,na-puskol,a-kikid,na-lawa,na-sakit,ma-bain,baket; lakay,baro,na-imbag,dakes,ag-payso,rabii,aldaw,tawen,ka-ano,ag-lemmeng,um-uli,iti,iti; uneg,ngato,baba,daytoy,dayta,a-sideg,a-dayu,sa-dinno,si-ak,si-ka,isu,da-tayo; da-kami,da-kayo,da; isu-da,ania,sinno,sabali,amin,ken; ket; ta,no,kasano,haan; saan,ag-bilang,maysa,dua,tallo,uppat,lima,innem,pito,walo',siam,sangapulo,duapullo,limapulo,sanga-gassut,sanga-ribu
"422, 31","Ilongot, Kakiduge:n; Kakiduge:n Ilongot",16.3785,121.547,ilon1239,M. Rosaldo in Reid (1971); Reid (1971),207,https://abvd.eva.mpg.de/austronesian/language.php?id=422; https://abvd.eva.mpg.de/austronesian/language.php?id=31,gima; ǥima,wili,wanan,tɨǥɨ; tɨǥi,kuwa,bɨ:nua,ai; ari,likɨd,nanguy; naŋuy,napadiǥan,bunubun; ʔalikabuk,kalɨb,gɨtud,tabu,tuʔlang; tuʔlaŋ,silɨt,ʔaǥsi,tutu; tukad,tapung; tapuŋ,bi:ya; bɨ:ya,nɨmnɨm,kayub,matǥɨm,kidɨp,bukǥu,ʔuu,ʔɨǥɨng; ʔɨǥɨŋ,niɨk,ʔamuy,tayap,bɨʔbɨ,limut,ʔɨngit; ʔɨŋit,ʔibiǥ,ʔugkak,ʔutap,kan,biʔin; biʔɨn,dikdik; gutu; ǥutu,ʔinum,kaǥat,tuptup,talinga; taliŋa,dɨngɨg; dɨŋɨg,mata,buya,,nuʔngu; nuʔŋu,pilag,kugip,tungɨd; tuŋɨd,sikin,tuʔu,ǥaki,bɨ:kug; bɨ:kuǥ,ʔanak,bɨʔyɨk,bɨ:ʔyɨk,ʔina,ʔama,ʔabung; ʔabuŋ,ʔatɨp,ngadɨ:n; ŋadɨ:n,ʔupu,ǥinubid,pɨdɨng; pɨdɨŋ,tɨ:ʔuk; ti:ʔuk,dɨum,laʔub,pana,ʔutab,bɨkbɨk,ǥimit,pasi,napasi,biay; biray,gɨʔtɨ; guʔgu,bukbuk,kiyu,biɨk,ʔutadɨm,ngilud; ŋilud,talabaku,tanɨm,pii,sikɨn,ʔugut,pɨgsit,ʔɨdɨn,kuʔku,taiw,pawa,bɨ:uy; bɨ:yu,kɨgat; kɨǥat,ʔɨlag,ʔatu,manuk,lubun,lawi,payak,payadung; payaduŋ,bɨ:ki,raman,tabi; tabɨ,ʔikul,ʔulɨg,ʔulaǥ,kutu,tɨnnɨk,ʔanggɨlawa; ʔaŋgɨlawa,gudung; ǥuduŋ,buyuk,paʔŋa,bung; buŋ,ǥamut,bɨ:dɨk,bunga; buŋa,raʔɨk,dɨ:ǥɨn; dɨ:ǥin,dɨpǥat,buwɨd,dɨ:num,kurut,dagat,sigɨm,gɨbɨng; ǥɨbɨŋ,ǥungut; ǥuŋut,tawɨn,buan,pandɨk,ʔaup,nabunab,ʔudɨn,kiduǥ,kiat,ʔɨgnay,sibuk,ʔuʔinit,gɨmna; ǥɨmna,magi; ʔagitʔit; magɨ,bɨ:ta,ʔuǥɨni,gapuy,ǥunguy; ǥuŋuy,ʔabuk,dɨ:puǥ; dɨ:pug,bɨ:lɨng; bɨ:lɨŋ,budɨ:k,tɨǥat,duyaw,guput; ǥuput,ʔuliki,ʔusikɨn,ʔagubi; bulingkid; ʔagubɨ,ʔuduki,yapit,ʔukɨnɨg,ʔuʔupug,biag,takit,nabɨ:tangan; nabɨ:taŋan,diʔin; bɨgangɨt; bɨǥaŋɨt,bɨ:ǥu,ʔupiya,naʔugi,anuɨd,masi,magu,taʔun,pigi,ʔɨmut,kayab,sa,runɨk,taʔgi,tadu; pɨknaǥ,ʔitu,ʔita,dɨag; diǥag,bɨaʔɨng; bɨaʔɨŋ,tunguy; tuŋuy,siʔak,sika,siya,sikisi; sikami,siki,siyay dɨ,ngadɨ:n nima; ŋadɨ:n nima,katuʔu,ǥiwa,ʔɨmin,saydɨn,nu,pigi; ŋadɨ,ʔawan,ngɨtu; ŋɨtu; bilaŋ,sit,duwa,tiǥu,ʔɨpat,tambiang,tambiang nu sit,tambiang nu duwa,tambiang nu tiǥu,tambiang nu ʔɨpat,,duwampu,,tam bukǥay,ǥibu
"250, 248, 252, 249, 157, 425, 251, 427","Imorod; Iraralay; Isamorong; Itbayat; Itbayaten; Ivasay; Ivatan, Basco Dialect",20.77,121.85,ivat1242,"Tsuchida et al. (1987); Lawrence A. Reid; Y. Yamada in Reid (1971); M. Cottle, V. Larson & L. A. Reid in Reid (1971)",209,https://abvd.eva.mpg.de/austronesian/language.php?id=250; https://abvd.eva.mpg.de/austronesian/language.php?id=248; https://abvd.eva.mpg.de/austronesian/language.php?id=252; https://abvd.eva.mpg.de/austronesian/language.php?id=249; https://abvd.eva.mpg.de/austronesian/language.php?id=157; https://abvd.eva.mpg.de/austronesian/language.php?id=425; https://abvd.eva.mpg.de/austronesian/language.php?id=251; https://abvd.eva.mpg.de/austronesian/language.php?id=427,pamamahadan; lima; tanoro; limaʔ; tanoroʔ,ozi; wozi; holi; gori; guriʔ; holiʔ,wanan,ayi; padang; ʔayiʔ; kokod,alam; omalam; ayam; omayam; hayam; homayam; humayam; omayan; ʔomayam,rarahan; vavatas; raxan; raraxan; rahan,mayi; may; ayi; ayan; mangay,siwaz; somiwaz; siwazan; sara; acico; mangacico; tico; omtico; masugɨd; masuǥɨd; tomico; masohɨd,awawat; miawawat; miyawawat; awat; mayawat; miawat,tamalid; lolit; rodit; lapos; rapos; xotek; saypet; marulit a riday; ropitek; maynavan; marodit a lamit,yinbek; banaikbek; yibek; ahbek; axbek; ʔaǥbɨk; kuǥbɨk; ʔahbɨk,kolit; kodit; kulit,likod; dicod; licod; licud,velek; vedek; volek; vulɨk; vodek; vodɨk,totowang; tohang; to'xang; tuʔǥaŋ; tuʔǥang; toʔhang,cinayi; tinayi; tinayiʔ; tinaiʔ,atay; atayi; ʔatay,soso; rahdah; sosoʔ; kalangaangan,pisagatan; pakaw; psagatan; pakox; pakoh,teneng; katenngan; peymo; patak; sincad; panmo; icapatak; ica'panmo; ica'patak; icha'panmu; masiñcad; maapanmo; masincad,nakem; naknakmen; naknakem; tokto; maytokto; naknakemen; akto; mangtokto; maŋ-tuktu,yahey; manyahey; wam; meywam; yohey; warangey; zow; meyzow; amo; ma:mo; ha'mo; maha'mo; mahaʔmuʔ; a'mo; ma'mo; maʔmoʔ,rala; raya; rayaʔ,oho; wowo; oxo; ʔuǥuʔ; ʔohoʔ,zagaw; lagaw; ragaw,ovok; avok; vo:ok; vohok; vuhuk; vook; book,momodan; mohdan; muhdan; mohed; maymomohed; ʔaraavaʔ,ininawa; omininawa; inawa; ominawa; hinawa; omhinawa,hangno; mahangno; angot; hangot; manhangot; haŋutɨn; hangutɨn; mangangot; maangot,ngongoy; ngoso; vivi; vivih; viviʔ,ngepen; kamansasanga; osong; asong; nyipen; so:ong; soong; xo'mek; ipangxo'mek; ñipɨn; ñipin; nipin,lila; rida; rila; rilaʔ; ridaʔ,miying; mamying; miyeng; mamiyeng; iyak; mayiyak; ahnyit; homnyit; humñit; a'yak; ma'yak; maʔyak,lavi; omlavi; tanyis; tomanyis; vaxo; mivaxo; tumañis; tomañis,ota; iota; otan; omota; i'ota; ʔumʔutaʔ; ʔumutaʔ; ʔomotaʔ,mittiipah; tiipaan,kan; koman; kanen; kuman,mama; manmama; mamaen; ŋetŋet; mamain; mamahin,rotong; rotongan; manotong; xoto; xotoen; manuʔtuŋ; kumbuar; manuʔtung; ro'tong; mano'tong; komboal; manoʔtong,inom; miinom; ominom; inomen; ʔuminum; ʔominom,songit; songiten; sangbab; sangbaben; sonyit; manonyit; sonyiten; suñitɨn; suñitin; manoñit,sepsep; sepsepan; yocot; yocotan; mangsepsep; sepsepen; sɨpsɨpɨn; sɨpsɨpan,talinga; tadinya; talinya; tilwan; tadiñaʔ,mamizing; madngey; amizeng; adngey; manʔadŋɨy; manʔadngɨy; gadngɨyɨn,mata; mataʔ,cita; macita; voya; mavoya; ciban; atta; matta; tiiban; tiib; mavoyaʔ,owab; miyowab; powa; mapowa; mowab; ahwab; homwab; awab; omwab,itkeh; mitkeh; icih; mekaycih; hicex; makahicex; makahicɨǥ; makahicɨg; iceh; makayceh; makaycɨh,iray; miray; apayo; mapayo; rowag; marowarowag; hipa; homipa; omhipa; akxeb; govat; magovagovat; harag; maharaharag,tateynep; tayainep; taynep; taynɨp; tayenep; tayanɨp,toratod; tomratod; disna; domisna; atnek; matnek; matnɨk; maydisna; maydisnaʔ,tanek; tomanek; tenek; tomenek; ta'nek; mitta'nek; mittaʔnɨk; tetnek; maytetnek; tomnɨk,tao; tawo; tawuʔ; taoʔ,mehakay; mehakey; mahakay; maxakay; maǥakay,mavakes; mavakɨs,motdeh; anak; motdex; ʔanak; metdeh; motdɨh,kahakay; kataned; kahakey; kakovot a mahakay; xakay; maysa; maysa maǥakay; kakovot,mavakes; kahavakes; kakovot a mavakes; maysa; vakes; maysa mavakɨs; kakavotœ,ina; moina; si:na; nana; naana; mama; ʔinaʔ,ama; moyama; simama; mama; taata; papa; ʔamaʔ,vahay; vahey; vaxay; vaǥay,atep; ʔatɨp,ngaran; ŋaran,vatahɨn,ovid; hovid; xovid; pnuspus; pinospos,kedked; pakedkeden; kedkeden; kedkeren; adked; adkeren; icedked; oxay; oxayan; atked; atkeren; a'war; mapa'war; ʔicɨdkɨd; ʔiʔwar; pakedkeren; ʔitanan,rayit; rayten; manayit; reyit; reyiten; manʔaǥnɨb; axneb; axneben; manghɨnɨb,rayom; rayem; rayɨm; dayem; dayɨm,anop; anopen; volaw; mamolaw; manganop; maŋǥaaǥap; manǥǥaagap; pamolawen,paltog; pana,tokozos; tokozosan; civot; civoten; vono; vonoen; torok; toroken; saksak; saksaken; vunuɨn; vonohen; gayang; gayangen; vonohɨn,toki; manoki; tomoki; bakbak; ambakbak; solto; soltohen; sonto; sontoen; bogbog; bogbogen; manonto,takaw; manakaw; takawen; takawɨn,zakat; zakaten; mazakat; diman; lakat; lipet; lipetan; manlipɨt; dimanen; dimanɨn,zakat; mazakat; diman; liman; maliman; naliman; madiman; nadiman,viay; maviay; viyey; maviey; viyay; maviyay; vihay; mavihay; ma-vihay,kadkad; kadkaden; micakadkad; kadkaren; karamuhɨn; katɨg; maycadkad; makatɨh; kadkarɨn,zasa; tavaz; tengeh; tebteb; cipas; tongeh; tongex; tavar; ti'pas; sasah; atba; poget; tabtab-an; taga-en; gɨtgɨtɨn; tonghen; haripɨn,kayuh; kayuy; kayoʔ,yangaw; polcing; aslang; abwak; abhak; abhaken; axbak; vaka-en; man-'aslah; asda; mandasda,tarem; matarem; matarɨm,ngaleh; mangaleh; ngareh; mangareh; ngarex; mangarex; maŋarɨǥ; manǥarɨǥ; mangarɨh,miparipariñ; maytarabaho,moha; mohaen; maymoha; moxa; mimoxa; mimuǥaʔ; maymohaʔ,pili; pilyin; piliyin; pidi; pidiyen; mamili; pilien; mamiliʔ; pidien; mamidiʔ,t-um-uvu; tumovu,yatek; omyatek; lipad; omlipad; latek; omlatek; bookol,liperes; lipores; banan; maybanan; pis; pisan; piis; piisan; pitos; pitosen; pitosan; yames; yamsen; yamɨsɨn; yamsɨn; pisipis; pisipisen; lamsɨn,napet; manapet; hadpet; mahadpet; adpet; adpeten; dapet; omadpet; kɨmkɨmɨn; pondanan,kali; kalyin; kaliyin; kadi; kadiyen; kalien; micaliʔ; kadien; maycadiʔ,nginangina; nginanginaen; sazang; sazangan; nginanginahen; sadiw; manadiw; sadiwen; saliw; manaliw; saliwen; sadiew; manadiew,iwang; iwangan; ihwang; ihwangan; manyihwang; vokxad,asad; mangsad; asaden; maysad; a'sad; a'saren; maŋsad; mangsad su paray; naʔsad,agesah; migesah; agsah; gsahan; aptad; iptad; agsid; pagsiden; adsil; adsilen; aptaran; paptadɨn; manʔaptad; agcid; agciden; pagcidɨn,anas; omnas; akas; makas; agcin; gomcin; agtos; gomtos; asday; masday; a'nas; ma'nas; maʔnas; magagtos; malbaʔ,agsa; citow; cito; tito; tituʔ; citoʔ,miasasalap; miyasasalap; manomanok; kangkang; kaŋkaŋ,icyoy; icoy; occoy; ittiiyoy; ʔittiiyuy; ottioy; ʔotioy,vuǥbuǥ; booboh,panid; panyid; papanyid,salap; somalap; sayap; somayap; sumayap,karam; manavoy,asisi; asi; karni; a'si,avo; tava; havo; xavoh; tavaʔ; ʔiapay,ipos; vocivot; ʔipus; ʔipos,volay; voley; voday; vulay,aowed; kavokovokot; ohed; oxed; ʔalwatiʔ; ʔohɨd,toma; koto; tomah; kutuʔ; kotoʔ,tamonong; tamoneng; hamorok; hamuruk; tamonɨng,ahahawa; ha:wa; axawa; axaawa; axxaawa; ʔaǥǥaawaʔ; hahawaʔ,among; ʔamuŋ; ʔamung; ʔamong,rokop; marokop; nahta; maǥtaʔ; magtaʔ; nahtaʔ,yangaw; sanga; saŋa,vohong; voxong; vuǥuŋ; vuǥung,yamot; yamut,savong; savosavong; savuŋ; savung,asi no kayo; asi; a'si; ʔaʔsiʔ; ʔasiʔ,tamek; dibo:bot; vocivok; vochivok; dibobot,tana; tanaʔ; ǥutaʔ,vato; vatuʔ; bato; batoʔ,anay; a'nay; ʔaʔnay,ranom; ranum; danom,voyog; omvoyog; oyog; moyog; omoyog; ommoyog; um-uyug,wawa; awa; matabeh; ta:wo; hawa; hawaʔ; taaw,asin; hana; ʔasin,[liik],kahasan; kakayoan; kakayowan; axas; kaaxasan; kayoh; kakkayohan; kakkayuhan; ka-axas-an; kaahasan,angit; hanyit; xanyit; ǥanit; karɨmdɨman; hañit,vehan; vohan; voxan; vuǥan,mata no angit; mata no hanyit; vitohen; vitoen; vituin; vituɨn; vɨtohɨn,cinalab; demdem; remdem; rimdim; rɨmdɨm; dɨmdɨm,tahahaso; kanaepkep; kepkep; kahehep; kaxepkep; kahephep,cimoy; timoy; timuy,adey; raagorog; raagurug; ʔadɨy,cilat; cidat,pagpag; sazowsaw; sazawsaw; salawsaw; sarasaw; sarawsaw,avyot; mamyot; mazeng; mazaw; viyot; naviyotan; mamiyot; alop; alopan; vohit; vohitan; viot; omviot; vuhitan; ʔalopan,annget; mannget; hinannget; mahinannget; makuǥat; makugat; inannget; maynannget; makohat,ahen; mahen; naebneb; manaebneb; a'hen; ma'hen; hanebneb; ma-; rokmeh; ahxen; mahxen; marukmiǥ; marukmɨg; mahanɨbnɨb,akjit; makjit; abkaw; mabkaw; abkoh; mabkoh; abkox; mabkox; mabkuǥ; mabkug; rakayan; makolay; rakay,vasa; mavasa; mavasaʔ,rehmet; marehmet; rahmet; marahmet; raxmet; maraxmet; maraǥmɨt; marahmɨt,apoy; hapoy; hapuy; ʔapoy,asleb; asleben; salav; salaven; paso; pasohen; varbar; navarbar; vesbes; vesbesan; manlesleb; suǥsuǥan; balbal; nabalbal; mabalbal,aob; awob; ahob; a'xob; ʔaʔǥub; ʔahob,avo; ʔavuʔ; ʔavoʔ,vaeng; mavaeng; vaheng; mavaheng; vaweng; mavaweng; mavaɨŋ; mavaɨng; mavahɨng,lavang; malavang; ilak; meylak; yidak; mayidak; hilak; mahilak; idak; maydak,vala; mivala; bazangbang; mabazangbang; vaya; mavaya; vayah; mavayah; mavayaʔ,aray; omaray; maray; sohaw; masohaw; yoxama; mayoxama; mayuǥamaʔ; manyohama; masohaw a manyohama; maniohamaʔ,garaw; mogaraw; a:rem; ma:rem; harem; maharem; birdi; birdiʔ; arem; maarem; maarɨm,likey; alikey; de:key; alekey; aleket; ʔalɨkɨt; ʔalɨkɨy; deekay; dɨɨkɨy,rako; rakoh; rakox; rakuǥ,linged; alinged; ayinged; mayinged; aynyed; maynyed; hanaynyed; mahanaynyed; masidsid; hanaynid; mavodia; maynid,naro; anaro; manaro; ʔanaruʔ; maanaro; maanaroʔ,taripis; mataripis,agsaz; magsaz; vahahey; mavahahey; tokpo:ok; matokpo:ok; tokpox; matokpox; matukpuǥ; tokpoh; matokpoh,ilid; meylid; idid; maidid; hilid; mahilid; sopit; masopit; maydiid,ovong; mowvong; wazey; mawazey; maovong; yavong; mayavong; raxawa; maraxawa; a'way; ma'way; mayavuŋ; mayavung,ingen; ingengnen; meyngen; meingen; inyen; mainyen; ganyit; maganyit; hinyen; mahinyen; ganit; maganit; hiñnɨn; maynyen; mayñɨn,asnek; masnek; masnɨk,rarakeh; alkem; malkem; arkem; markem; markɨm; mayaʔdan; markim; ʔadaan; malkim,vayo; va'yo; vaʔyuʔ; vaʔyoʔ,ya pia; piya; mapiya; cinman; pia; mapia; mapiaʔ,rahet; marahet; raet; maraet; rawet; marawet; maraɨt; marahɨt,noyong; manoyong; oyod; hosto; yanong; kosto; kakaoyoran; anong; mianong; sonong; misonong; sivog; uyud; mayanong,mahep; ahep; misarisari; a'xep; ʔaʔǥɨp; ma'hep; maʔhɨp,maraw; ma:raw; araw; a''aaraw; ʔaraw; maaraw,kakawakawan; awan; hawan; hawaan; awaan; ʔawaan,ci mango; no kango; si mango; anma:ngo; kaango; annongoh; angkaangoh; ʔaŋkaaŋuh; ʔannuŋuh; ʔangkaanguh; anmaango; maangoʔ,tayo; manayo; taywen; itayo; tayohen; tomayo; tayoen; ʔumtayuʔ; tomayoʔ,kalat; komalat; kayat; komayat; kayatɨn,do,sahad; isek; saxad; asked,teyngato; tingato; towos; tohos; toxos; karat; a'tolem; om'a'tolem; niʔto; ato; kaycaatoan; todem; tomodem,teyrahem; irahem; tirahem; kagci:in; hiraxem; ʔaǥbuʔ; ʔagbuʔ; agtin; kagtin; ʔahboʔ,niyaʔ,nawiʔ,asngen; masngen; masŋɨn; masngɨn; maasngen; maasngɨn,rayi; marayi; harawi; maharawi; harawiʔ; arayi; maarayi; maraiʔ,wanja; jino; doajin; ha'dinoh; dinoh; dinuh; rinuh; dino; dinoʔ,yakɨn,ʔimuʔ,ʔiiyaʔ,yatɨn; yamɨn,ʔimiiyuʔ,siraʔ,ikongo; ango; akoh; ʔakuh; ʔangoʔ,sino; sinoh; sinuh; sinoʔ,tarɨk; dayay,akano; akani; kano; kan; kani; kanira; tattavuh; ʔataavoʔ,akano; akani; akanira; kano; kan; kani; ka|n[i]; ka|n[u],(a)no ci; ano si; an; ʔan,pira; papira; pirah; koŋoh; piraʔ,beken; ji; engga; ongga; omba; ava; enggang; ah; alih; di; ʔalih; ʔavaʔ,vilang; vilangan; vidang; mayvidavidang; mivilavilaŋ; mivilavilang; vidangan,asa; a'sa; ʔaʔsaʔ; ʔaasaʔ,dowa; raroa; adoa; rarowa; adowa; dadwa; doha; duhaʔ; dadoaʔ,teylo; tatlo; atlo; tatdo; ʔatluʔ; tatdoʔ,apat; papat; a'pat; ʔaʔpat; ʔapat,lima; lalima; alima; dadima; limaʔ; dima,nanem; anem; a:nem; a'nem; ʔaʔnɨm; ʔaanɨm,pito; papito; apito; pituʔ; papitoʔ,wawo; wawao; awao; wawawo; awawo; wawaho; waxo; waǥuʔ; waho; wawahoʔ,siam; sasiam; asyam; siyam; sasiyam; asiyam,poho; makanateng; poo; angangalenan; sangangalenan; asa poh; poxo; saapuǥuʔ; asaapoho; ʔaasa pohoʔ,adowa ngelnan; adongangalnan; roapoh; bayinti; doha a poxo; roa a poxo; duhapuǥuʔ; rowaapoho; dadoa pohoʔ,,asa poho; asa poo; sayatos; yatos; omyatos; ʔumyatus; asaayatos; ʔasa yatos,asa ranaw; asa zibo; mil; rivo; homrivo; ʔumrivuʔ; asaalivo; omlivo; ʔomlivoʔ
490,Inabaknon,12.4264,124.166,inab1237,Fr. Marc R. Jacobson,204,https://abvd.eva.mpg.de/austronesian/language.php?id=490,kambag; tamburo',kawiri,kawanan,kitid,langngan,lalan; tinampo,da'ito; pada-,arop,rangi,rigsok +d1,alpog,anit +d; panit +d1,taludtod,battong +it+d1,ta'ulang,,atay +t+d1,darakan,sugbong,alimagmag?; urup-urupan?,huna'-huna',kuba-kuba; kulba +d1,laha',takulok,kallong,barahibo,urong,hingasong,hingos; singo; baho1 +d1,bawa',impon,dalla',patatawa; turakhak,bikho' +d1; ngalngal,uta',tupra; rukda',kabos; kakan,samsam,sugna',tal'ok; inom,pang'it; pa'pa'; kibkib,supsop,talinga,kali; pakali,mata1 +t+d1,kulaw?; bataw-bataw,huyam +d1,turi,libbak,upi,tingkarag; tingkulo',tunggo,a'a,lalla,danda,dadi',mistir,alla,nana,tatay; tata',ruma',bungbong?,aron; bansag,palling; pinugad; sabi +t,pisi' +t+d1,gu'os; ingkot,tahi'; haluthot,dagom +d1,mamanwa; pamanwa,pana',bundak +d1; dugsang,igo'1,laris; tangkaw; unas,buno' +d1; matay; utas,matay; pu'o,allom,kudkod,hadhad,dabal; kayo,si'ak; tunga' +d1; buka +d1,tarom?,dungpol,malli',lubo2; tanom,pili' +t+d1,tubo'1 +t+d1; uswag,,pihi',antan; kumkom; kumol,bungkal; kadkad; ukad +d1,balli,abri +d1,labbok; pilipig; tappa,tur'og; balitok,raknag,ido',manok +t+d1,antallo,barahibo,pakpak +t+d1,layog,balagting,karni +t+d1,lammok,ingko,sawa +d1,ulot,kuspad +d1,namok,lawa' +d1,daying,lapa',sanga +d1,dahon +t+d1,gamot +d1,burak,buwa'1,gabon,pitak,bato +t+d1,baybay,buwahi',daras,kalawot,asiya,danaw,talon; kagurangan,langit +t+d1,bulan +d1,bitu'on +d1,panganod,alupu'op,uran +d1; usdat,dalugdog,kil'at,bariyo,hiyop,alusu'os,anni,tuho',piripiti,buwat,api,sunog +t+d1; surit,humbo,agbon,hirom,puti' +t+d1,piyat,dulaw +d1,grin,diki',haway; haya,pundok,,husok,dakmol +d1,diki'; si'ok,lambo,paddi,sipog,andang,bag'o +d1,halap,maraat,husto +d1,sangom,allaw,anyo,sumiran,tago',daplos; sagka,,sallod,yungod; labaw,dilalom,nayto; sito; to; yayto,nay nan; nay ray; -na'an,tapit; unay2; apiki,lantong; tabog1,palingnga; singnga,,,iya,kami',kaw,mayya,ay,say,la'in,dimu'an; intiro; plos,asta; hasta; may; ngan; ngani'; pati' +t,kon; ngani',mati'ay,ma'in,kwinta; isip,un; uno; adda,dos; duwwa,tallo; tris,ampat; kwatro +d1,singko; lima,annom; sa'is,pito'; syiti,utso; walo',nwibi; siyam +t+d1,awatong; dyis +t+d1,baynti,singkwinta +t+d1,addahatos,mil
1635,Inagta Alabat,14.1217,122.014,alab1246,Lobel et al. 2020.,210,https://abvd.eva.mpg.de/austronesian/language.php?id=1635,ʔaˈlimaʔ,kaliˈwaʔ,ˈkanan,biˈtiʔis,hakˈlew,kaˈnug,paˈhaj,liˈkuʔ,panagˈbej,maduˈmi,ʔalikaˈbuk,balaʔˈkis,'kulud,biˈtukaʔ,ˈbejen,biˈtukaʔ,ʔaˈtaj,ˈsusuʔ,mugˈmugen,ʔaˈlam,ˈʔisip,ˈtalaw,diˈgiʔ,'ʔuluʔ,ˈliʔug,beˈhek,haʔˈduŋ,hiˈŋa,sagˈka,biˈbig,ˈŋepen,katˈlub,ˈsagak,ˈʔibil,tegˈʔa,lunˈtab,ˈkaʔun,ŋasˈŋas,ˈlutuʔ,ʔiˈnum,kaˈget,ʔutˈʔut,seˈweŋ,nasekeˈgan,maˈtaʔ,mamaʔaˈnan; natuluˈŋan,'hakaj,tuˈjug,magˈbulid,daˈlaŋit,ˈseŋul,tegˈdek,taˈwu,laˈlakiʔ,baˈbaji,ʔaˈnak,laˈlakiʔ,baˈkes,ʔumiˈnaʔ,ʔumaˈmaʔ,beˈlej; baˈjaj,ʔaˈtup,ˈŋaden,ˈkadeʔ,ˈlubid,bugˈkus,taˈhiʔ,kaˈrajum,magʔaˈlaw; haˈjug,baˈril,sakˈsak,tamˈpiʔ; bugˈbug,giˈnakaw,ˈpalaʔ,ˈpalaʔ,buˈhaj,ˈkamut; kakajˈbut,ˈputel; taˈgeʔ,kaˈhew,piˈsaŋ,mataˈjum; masudˈsud,mapuˈrul,taraˈbahu,nagtaˈnim,ˈpiliʔ,ˈtubuʔ; nagdaˈkuʔ,mamaˈgaʔ,ˈʔipit,kaˈhe; tuʔˈkuj,ˈhukaj,nagbiˈli,buˈkas,baˈju,peˈsat,ˈhujug,'ʔiduʔ,manukˈmanuk,ʔitˈlug,gitˈgit,pakˈpak,liˈpad,jaˈgaʔ,laˈman,taˈbaʔ,bunˈtut,'beʔek,bukˈbuk,ˈkutuʔ,peˈleŋut,ˈlawaʔ,ʔisˈdaʔ,ˈbukes; panˈʔus; siˈraʔ,saˈŋaʔ,ˈdahun,ʔuˈgat,bulakˈlak,ˈgeʔen,daˈmu,leˈmak,beˈtuʔ,ʔagetˈʔet,ˈtubig,hagˈpiʔ,ˈdagat,ʔaˈsin,dagatdaˈgatan,kaˈlasan,ˈlaŋit,ˈbilan,bituˈʔin,paŋiˈnurin,ʔalaˈpaʔap,geˈmes,kuˈlug,kelˈdep,heʔˈnew,hiˈjup,maligamˈgam; maˈʔinit,malaˈmig,tuˈjuʔ,beˈsiʔ,mabugˈʔat,haˈpuj,natuˈʔuk,ʔaˈsu,ʔaˈbu,madekˈlem,malemˈʔat,puˈla,diˈlaw,ˈbirdi,maˈtiʔ; maˈmatiʔ,luˈpag,bubukˈtit,huˈhunat,maniˈpis,makaˈpal,laˈbi,bebeˈlag,mahapˈdus,nahaˈhalaj,ˈlumaʔ; puˈhawaŋ; bajbaˈjiʔ,beʔˈgu,maʔubiˈja,'pajuk,katuˈʔudan,diˈjum,deˈgew,taˈʔun,kaʔiˈlan,ˈtaguʔ,ʔakˈnit; sabˈnit,de,ˈluʔub; huˈluk,taˈʔas,luˈpag,huˈji,huˈjeʔ; hiˈduʔ,kaˈgijan,kalaˈhunat,deʔˈde,haʔˈku,hiˈkaw,heˈje,kaˈmiʔ; kiˈtaʔ,kaˈmu,hideˈhen,haʔˈnuʔ,hiʔˈnuʔ,kabaˈŋaʔ,laˈhat,pat,ti,paʔˈnuʔ,ʔuˈkun; waˈjaʔ,ˈbilaŋ,heʔˈsaʔ,dawˈha,tatˈluʔ,ʔaˈpat,liˈma,ˈʔanim,piˈtu,waˈlu,siˈjam,samˈpuʔ,dalwamˈpuʔ,limamˈpuʔ,heʔˈsaʔʔaˈdaʔan,heʔˈsaʔʔaˈlibu
"1553, 1554, 1260, 1276, 1277","Inati (Hamtic); Inati (Jordan, Guimaras); Inati (Nagpana); Sogodnin (Boracay); Sogodnin (Iloilo)",11.1539,122.51199999999999,atii1237,"Hsiu, Andrew. 2018. Inati word lists. m.s.; Pennoyer (1987)",209,https://abvd.eva.mpg.de/austronesian/language.php?id=1553; https://abvd.eva.mpg.de/austronesian/language.php?id=1554; https://abvd.eva.mpg.de/austronesian/language.php?id=1260; https://abvd.eva.mpg.de/austronesian/language.php?id=1276; https://abvd.eva.mpg.de/austronesian/language.php?id=1277,limá; pálad; keremkem; palad; alima; keyemkem,walǽʔ; wele,toʔó; tuʔó; toʔo,bitís; bitis; tikad,lákaw; lakaw; giʔo,aragyan; árædæn; ereden; iridan; dalan,dógok; dúgok; ádi; dɨrɨt; dasig; hindon,likóʔ; likoʔ,langóy; langoy; sogbo,higkɨ,ábo,pánit; panit; pant,likód,katówan; pinisdákan; katúwan; katowan; bosong,tolen; túlang; tolan; tolʔan,tináʔi,atay; atáy,títi; bægǽn; soso; titiʔ,abága,maʔǽræm; namánʔan; merem; kamaʔan; kaʔosoy; miram; panday,pamínsar; panɨmdom,gɨláng,dugóʔ; dogo,olo; búkæd; ulo,liʔɨg; líʔog; liʔog; liʔad,bólbol; bolbol; bohok,órong; úrong; orong; urong,ginháwa,omót; panimáho,bebeʔ; bebe; begeʔ; babaʔ; bibaʔ,ærǽngkæb; ónto; erengkeb; onto; hipon,dilaʔ; dílæʔ,ágil,dáyag,lóʔæd; lúʔæd,dópræʔ; dúpræʔ; dopreʔ,hæmængæn; hæmǽngæn; hemengen; kain; kakakan; hamangan,ósap; úsap,daha; ráha,omak; úmak; iʔinom,kádat; kadat; bobotan; hamamoʔot,sɨpsɨp; ídɨp; sópsop; idɨp,talíngæ; talingeʔ; talinga,pamati; památi; ke-rnged; batiʔ; kernged,mǽtæ; mete; maslɨk; mata; lisak,nakítæ; kítæ; kiteʔ; kitaʔ,pangngóyʔab,kitórod; kitorod; torod,iding; hilayhilay; lobog; babatang,démgo; dámgo,guráng; gorang; gurang,tinós; tanos; tinos; tenos; liʔad,taβo; otá; tawo,alíwas; ámos; lalaki; amos; aliwas; amus,binóhat; babayi; binohat; bebete,taʔának,bæbǽtæ; alíwas; bebete,,nána,mama,báli; sapew; sápew; sapow,ætæp; atǽp; etep,ngáran; ngaran,hambal; nagkanǽʔ; kínʔan; keneʔ; kanaʔ; kineʔ; ginkeneʔ; kana; baʔag,lóbid; lúbid,higti; hígtan,tahíʔ,dagɨ́m; dágum,pangayám; nangayám,pamanáʔ; nagtíroʔ,labuʔín; sáksak,lámba,lupós; panákab; matákab,pilós; nagpíros; pilos; pelos; patya; patyin; pilosin; patihin; tigbak; piloson,pilósin; píros; patay; pati; pelos; tigbak; pilos,buhíʔ,pangálot; kɨ́mos,otden; otda,káyo; káyu,biʔalín; biníʔal,matærǽm; matarám; mataráwis,otden,óbra; úbra,tanɨ́m; magtanúm,píli,tobo; túbo,banɨ́g; namara,pɨgáʔin; písgaʔa,kaptí; kaptan,kotkot; magbúho,bakál; pamakál,boksán; abríhan; boksí; magábri,tutuhín; bayyú,balángin; balánga,nadágdag; ginlempes; naʔúlog,áyam; tito; ayam,píspis; pispis,tabon; tábon,bólbol; bolbol; balahibo,pakpák; pákpak,lupad; lupǽd; lɨpad; lopad,balabew,kɨsɨ́g; kárni; únud; kɨsɨg; karni,tebǽ,íkog; tubáng; toban; ikog; kebes; toben; ikug,manʔɨg; mánʔɨg,lógay; lalágo,kosled; kútu; koto; koled; uled,yámok; lámok,damáng,isdáʔ; ísdaʔ; isdaʔ,nanimáhoʔ; dunód; nangilámʔos,sangá,dáhon; dahon,gamót; yemot; gamot; dalid,búlak,búnga; búngæ,hilamón; ságbot,lógtaʔ; lúgtaʔ; dúgtæʔ; lugta,báto; bato,barás; yabʔok; baras,sápaʔ; sapaʔ; ewed; awad,ílig; dalúdʔdo,kadagátan; lawód,asín; mapaʔít,alung-asog; sapáʔ,kalásan,lángit,búlan; bolan,bitoʔon; bitoʔɨn; bitoon,pangánod; galʔɨm; galʔum,tonʔog; tónʔog,dáʔit; daʔit; odyan; odyen; udyan,dagɨ́ʔɨb; dagɨ́ʔob,kilat; kilát,hángin,púyup; dupóy-dúpoy; táyhop,maʔínit; maʔinit; labaʔab; mainit,maramíg; maramig; mabognaw,mará; túyhin; mara; oga; mamara,bæsǽ; basǽ; bese,bugʔát; bugʔǽt,himpon; hímpon; yimpon,sunóg; súnog; pasoʔ; sonog; sonod,asóʔ; asúʔ; aso,ábo; ábu; abo,itóm; itɨm; maatam; maitum,putíʔ; mapútiʔ; potiʔ; puti; putiʔ,puláʔ; mapulæʔ; poleʔ; pola; pula,diláw; kalawag,berdí; kolor dáhon; asol,maʔisót; magamáy; maisot; magamay; tanawa; hanawa; esot; tanawaʔ,bíʔas; mabíʔas; biʔas; mabahul,mabɨgɨʔ; manæbǽʔ,malábɨg; magoroy; malabig; mahabaʔ,masiráng; nipís,madámɨl; madámol,makítid; maguktók,mawáyang; malígwæ,sakít,naʔóyæ; kaʔoyǽ,tarópot; maropóy; tamálʔam; marúpot,bédoʔ; bægʔo; bedoʔ; badoʔ; bidoʔ; bagʔo; badyo; bidyu,maʔayád; mayad; manámi; manamiʔ; maroyog; maruyog,maláʔin; kaláʔin,matoʔod; insákto; hústo; saktoʔ,kelép; kælǽp; kelep; siklɨp; kalap,edlew; adlaw,túʔig; tinúʔig; dagʔon; toʔig,sanʔó; kánʔay; kanʔo; sanʔo,panágo; panágu,sáka,kæræ,kísɨlɨd,máwang; mawan,dalím; kidálim; dalim,tikǽ; táktæ; tike; kiti; kito; kitad; hitad,nɨ́dtæ; wádtæ; kinad; nedte; nike; kini; kayin; inad; kaʔin,maʔisɨ́p,mésned; me-sned,ará; ærǽ,áko; ako; ak,ikæ; ike; ika; ke,iyǽ; íyæ; iye,ikám; kítæ; kitǽ; kite; ikam,ikím; ikim,íræ; ire,íræ; miya; miyæ,sinʔó; ginʔu; gino,sérken; sérkæn,tanád; ríbu; tanan,æt,kud; ginú,paʔáno; paʔúno; paʔono,dínæ; dine; tene; bakan; taan,ísip,teʔǽsæ; isǽ; te-ʔese; ʔisa; isang; isa; sambato,darwǽ; derwe; doha; darwa,tatló; tatlo,apát; apat,limá; lima,anɨ́m; anóm; anɨm,pitó,waló,siyám,napólo; púlo; poloʔ; napoloʔ,béinte; dúsi,singkwénta; singkwínta,sanggátos,sanglíbo; isá kalíbo
1269,Iraya,13.381,120.65,iray1237,Barbian (1977),161,https://abvd.eva.mpg.de/austronesian/language.php?id=1269,dalukáp; arusán,kaliwâ,,,kadang,dalan,,,rangóy,mauring; parasí,galbók; rapok,balát,awak,buyón,butól,ponâ; taritis,piríngpiringan,dudo,abaya,,remrém; painuinu,magkalimu,dayà,bangkálas,leóy,ubók,uróng,,singhút,bibí,nipón,dila,arak'ák,magpanangís; magpamingás,sukà,,mamangán,tilad,atung; mangatung,,,,dalíg,dalíg; mandalíg,matá,kabanáw,ungáb,kalék,huwáy,damgú; taginóp,tugkáw,,,binata,daraga,ungâ,báe,lakí,adáng; andóy,apáng,baláy,bongbóng,ngaran,sabiún,ukét,gapus; egtán; igét,,,mangasao; mangidò,palkás; pantók,bun'ún,atamaan,takaw; nakawin,,nakatáy,,kagaw,,,lapà,,pudúl,buwát; magbuwát; panawun,tanóm,pili,,tubód,pugâ; rumóg,,kali; dugwáng,,bukás; buklát,agbayú,,natrág,idò; ayam,ibon,itlóg,,lagay,maglayangán,dadâ,,,ikóy,uláy,alukati,kayumad,tagnók,lawà,isdâ,bubók,salingsíng,daon,uyat; (dalit); wakat,butakan; busang,raog; boa,pasaw,paranawán; lupà,bató,,sapà,agbulús; lagnás,tiglayapan,asín,sanaw,kutanan,burahawan; langit,bulán,magiróm,bayaong,alinyabo,udán,dalugdóg; torongán,kirát,angin,,,madimlá,gangu,,biyat; buyát,bayâ; apoy,durók,loón; bambanus; bamboa,abuán,itúm; madlúm; rumrúm; alibagnús,malagtí,maranggâ; dangga; pulâ,madiláw,latóy,,dakà,ababâ,aba,manipís,,,masakláng; malapad,sakít,hiya; iyâ,gorang,bayó,mahal,daút,,madlom,aldaw,dagún,kaagod,,,,,,,tiyá; ti,nata; tida,,adayû,naán; saan,akó,kawu,iya,tamo kitá; yamun,kuyó,korá,,,ruma,,,kung,,dayô; nawúd,,saï,darwa,totlô,apat,limá,anúm,tô,walô,iyám,ampô,darwa ka ampô,,saigatós,
1463,Isinay (Dupax),16.3299,121.12,isin1239,Sarah Eve Perlawan,210,https://abvd.eva.mpg.de/austronesian/language.php?id=1463,lima,ihir,wawan,si-i,manlaar,deyan,dumatong,ibaleng,man-iyat,maleta; nariddi-a,bunuvun; depu,katat,oroj,putu,tueng,bitu-a,etoy,susu,abeya,amton,man-esep; esepon,tumaut,deya,iyu,tongor,bû,eyong,manlong-ah,mantepa,taaw,bava; bawa,dila,mantatawa,man-ivil,man-uta,manluppa,mangan,ngot-ngoton,manlutu,inumon; man-inum,eyaton,supsupon,tangila,mandongnge; dongngeyon,mata,tetteyan,uwav,meyô,umboh,na-in-inop,manme-ong,tumâdoh,tahu,le-i,bavayi,anâ,asawa; lahay,bi-al; nambeyoy,ina,ama,beyoy,atop,ngaron,ivaha,pagur,ipagur; bobboran,uhutan; manguhut,tanur,man-anup,barilom,dôdoon,ônon; mangna,mangeraw,mamatoy,matoy,navilay,gûgusan,putuwon,woywoy,manbewa,matarom,doldol; ngolngol,mantalavaho,tanom,piliyon; talenan,pa-ammaiyon,lumdur,pokson,onnan,bangbangon,saliwon; mansaliw,lu-atan; manlu-at,bôbô,ibbong; ibalive,matâduh; mapâpus,asu,mantetteyav,itluh,bû,teyav; tayav,tumeyav,gandaw,laman (nittu),tava,iput,iraw,bangbangawan; kolang,utu,imû,aawwa,i-an,naviyû,panga,tuvu; dawun,lamot,savung,bunga,botlong,piyô,batu,pitô,danum,man-ayus,dagat,asin,banaw,eyas; guvas; nappu; gitaw; pangayuwan,uddu,buwen,bittuwon; matutina,libbu,libbu,uran,uru,ilat,dahom,mandahom; manluwah,matung,tungnin,namahan,nâpot,maram-ot,apuy,man-apuy; mâgov,asû,depu,mangôngot,mapuraw,mandiritô,duyaw,berde,man-oh; man-okkê,amma-i,man-oh; apti-oy; aptiyô; unano,andu-oy,meyapit,mâpe,marin maawah; topet,maawah,sa-it,mavayin,damdama,beyu,mavves,madahet; mardah,sosto,lavi,ehaw (soy-ang),taw-on,on-an,i-ap-ap,eyavon,siri,deyom,uddu,deya,satu,sariyu; sane; sina,as-asup,addawi,dattu; dattut tu,saon,si-a,siya,dâmi; daami,daayu,dira,andiye,siran,urum,lom-an,on,nu,innunar,mari,man-eyap,osa,duwa,tiyu,opat,limá,onom,pitu,weyu,siyam,simpiyu,duwampiyu,limampiyu,osan lasus; sinlasus,osan livu; sinlivu
424,"Isneg, Dibagat-Kabugao-Isneg",18.2139,121.16,isna1241,G.R. Roe in Reid (1971),179,https://abvd.eva.mpg.de/austronesian/language.php?id=424,ʔi:ma,kasi:gid,diwana:n,bingil,manalen (da:len),dadalenan; panalenan,ùmbet,magligut,manalug (talug),naduping,ta:puʔ,lublub,ʔaddag,sinay,tula:ng,sinay,ʔagtay,ga:tat; gu:tuʔ,ʔaba:ga,ʔammu,,masing (ʔansing),da:ga,ʔu:lu,buʔlaw,ʔabuʔ,ʔigung,,laban (ʔala:b),bugung,ngi:pan,di:la,maggagalaʔ,suma:ngit,ʔota,maglu:ta:b,manga:n (ka:n),mama,gumuruʔ; mamotun (potun),ʔuminum,kumaga:t,sumupsop,tali:nga,,mata,masingan,,matu:dug,,tagenap,magtugaw,magsi:ka:d,tolay,lala:ki,babay,ʔanʔanaʔ,ʔata:wa,ʔata:wa,ʔina,ʔama,balay,ʔatap,nga:gan,ʔikagi,tali,siluwa:n (si:lu),dagetan,da:gum,manganup,,bumagkung,,magta:kaw,patayan,natay,,katal; magkudkud,mamaldit,ka:yu,,natadam,nakaʔdul,magkuwa,magmu:la,magpi:li,,,murtan (murat),ʔimʔimma:n,magkubkob,guma:tang,,magba:yu,ʔibangat,metaʔna:g,ʔa:tu,ʔanʔanuʔ,ʔiʔlug,lawi,paya:ʔ,kuma:yab,butit,,taba,ʔi:put,ʔidaw,ʔaluki,ku:tu,ʔagukup,sawsawilla,sissida,nalpan (lappang),,ʔadon,gamut,bu:taʔ,bu:nga,,lusaʔ,batu,ginat,danum,,bebay,ʔasin,pisung,sira:t,la:ngit,bu:la:n,bittuwan,ʔalu:yut,,ʔuda:n,ʔaddug,salʔit,ba:li,su:pan (sup),napa:su,nasana:ng,namaga; ʔibila:g,nadsam (dassam),nadammat,ʔapuy,siʔdu:gan,ʔatuʔ,ʔabu,nangi:sit,pusa:ʔ,dagga:ng,nangila (ngila),manna:w,bittiʔ,ʔabay,ʔabibbaʔ,ʔadaddu,ningpit (ʔingpit),naʔnag (tannag),bittiʔ,nalawa:g,takit,maliyaw (ʔaliyaw),dada:n; laʔlakay,bagu,napiya,nadakeʔ,,gabi,ʔalgaw,dagun,nungay,ʔisiruʔ,ʔumuneʔ,,,,taggad,,,ʔadanni,ʔadayyu,waʔ,,,,,,,na:gan,ʔiʔin,saballi,nga:min,,nu,piga,ʔakkan,magbi:la:ng,ʔisa,duwa,tallu,ʔappa:t,limma,ʔannam,pittu,walu,siya:m,sangapu:lu,duwa pu:lu,,gatut,ri:bu
"678, 978, 1278",Itawis; Malaweg,17.7329,121.58,itaw1240,Tharp & Natividad (1976); Norman Barrias; Laurie Reid,210,https://abvd.eva.mpg.de/austronesian/language.php?id=678; https://abvd.eva.mpg.de/austronesian/language.php?id=978; https://abvd.eva.mpg.de/austronesian/language.php?id=1278,íma; ima,himigí; zimigi; kawígi,hiwanán; ziwanan; dawinan,táka; taka; saka; dapan,manálan; manalan,dálan; dalan,umáng; umang (mumang); umʌŋ,malléku; malleku; mallebut,mattafúg; mattaffug; makkaluy,hinapíng; nadaping; naragit,gahúk; gahuk; gabuʔ,gaddáng; gaddang; gʌddáŋ,likúd; likud; banʌg,futún; sinay; sináy,tuláng; tulang; tuláŋ,bitúka; biyuka,agál; agal; agtáy,súsu; gátat; susu,abáha; abaha,ámmu; ammwán; mammuan (ammuan); ammú,mappanónot; mapanonot; mappanunút,tálaw; mattalaw; makatalaw,dahá; daha; dága,úlu; ulu,tangngád; tangngad; buʔlaw,ahúk; ahuk; buʔ,íyung; iyung; iguŋ; iguŋku,mangá:ngat; manga; maggaŋáŋas,maddágu; maddagu; maddaʔguʔ,simúk; simuk; simuʔ,ngípan; ngipan; ŋípʌn,híla; zíla; zila; díla,maggalák; maggalak; magaggalák,mattángit; malluá; mattangit; massaŋit,utá; mauta (mota0; magúta,mallúsab; mallusab; mallutab,mangán; mangan; naŋán,mangngángat; mangngangat,mallútu; mallutu,inúm; minum; minúm,makkassig; makkassib; makkagát,massúnsup; massussup; massusu,daránggang; darangganng; taliŋa,maggína; maggina; maggíʔnah,matá; mata,massíngan; massingan; masiŋʌn,mówab; mangawáwag; mowab,makkatúrug; makkaturug; makkatúdug,médda; medda; maggiddá,mattaténup; mattatenap,mattúttud; manuttud; mattugaw,manádag; mattádag; manadag; manaʔdʌg,tólay; tolay,laláki; lalaki,babáy; babay; bʌbáy,ának; abbing; abbíŋ,atáwa; atawa; ʌsáwa,atáwa; atawa; ʌsáwa,iná; ina,amá; ama,baláy; balai,atáp; atap,náhan; ngahan; ŋágan,makkahí; makkahi; kadzʌn,gálut; galut; lubid,maggálut; igalut; mabbitul,maddahét; maddahet; maddaget,dáhum; dagum,manganúp; manganup; maŋanup,mattíra; mamalattug; mamána,maddúdug; madduddug; manuddug,kanná; maŋaddug,makkókot; makkokot,mamatáy,matáy; natay,matólay; matolay; natólay,makkábbang; makkabbang; makkukkúd,makkáttab; makkattab,"tuddúng; kayu; kayu,; rappis",maggaddwá; maggadwa; manalsag; mamalbag,natarám; nataram; natadʌm,nanagurál; naŋurʌl,mattrabáhu; mattrabahu; mattarabáhu,mammúla; mammula,mappíli; mappili,mattúhu; dumakal; mattuhu,mallattág; mallattag; lumtʌg,mappirít; mappaggʌl,támmit; mattammit; tinammit,mahukáy; makkórob,manggátang; maggatang; gumatang,mamúkat; mavvúkat; mav-vukat; bukasan,mabbáyu; mabbayu,mabbarád; mabbarad; mabbʌrʌd,matánag; matanag; nabbinaʔ,átu; atu; asú,mammánuk; mammanuk; annanúʔ,ílug; ilug; iplúg,dudút; dudut; dutdut,páyak; payak; payaʔ,makkáyab; makkayab; kumayab,balakád; balakad,kárne; karne; sabbit,tabá; taba; tabbá,ífut; ifut; ipús,hírian; zirrian; sabbád,alípat; alipat; aggʌs,kútu; kutu,ílak; ilak,taggalawa,dílis; manangat; isira danum; laŋʌs,nalabbág; nalabbag; nadurít,pangá; panga,don,gamút; gamut,láppaw; lappaw; lappáw,húnga; vúnga; vunga; *búŋa,kaddat; kaddʌt,lusák; lisak,batú; batu,ginát; ginat; dagat,danúm; danum,napaluŋ,bébay; babbay,asín; asin,kavan; kayan; laddá,gúbat; gubat; sirat,lángit; langit; laŋit,húlan; vúlan; vulan,bíttwan; bittwʌn,kunám; kúnʌm,afafuk; lappát; aŋʌp,urán; oran; maguddan,addúg,kilikilát; kilikilat,ángin; angin,mallazzób; magaŋin,maddadáng; napato; napásu,nalammín; nalammin; nalmin,mahá; namagá,nabasá; nabasa,nadámmat; nadammat; nadammát,afí; afi; apúy,massídug; nasidug; masiʔdug,atúk; asúʔ,ahú; ahu; dábun,ngísit; ngisit; ŋísít,fúraw; furaw; napudaw,raggáng; raggang; daggaŋ,ngilá; ngila; ŋilá,byérde; vyerde; asúl,bissáng; bissang; bittiʔ,dakál; dakal; dakʌl,abábba; ababbá,anaddú; apiddu; adaddú,némpit; naniwang; nempís,nakannág; naʔnʌg,atazít; atazzit,nakába; naláwa,matakít; natakit,mappasiran; napasiránan; pasiran,lálakay; lalakay; dadán,bahú; bahu; bagú,napyá; napya; nakastá,narákat; narakat; napós,kurúg; kurug; kústu,gabí; gabi,álgaw; algaw,dahún; rahun; dagún,sonu inya; sonu innya; anuŋáy,massussuk,makkaláy; makkalantay (ladder) makkalay (mountain),kang; kan,unág; unag (inside),útun; utun,gukáb; gukab,yaw; yʌw,"yan; nay; yán,; tunin",aranní; aranni; adanní,arayyú; arayyu; adayyu,kánna be; dyanna; be dyan na; waʔcʌw,yákan; yakan,ikáw; kayo,"iggína; iggina; inyan,; agginá",ikamí; ittéra; ittera; ittidá; itta; ŋa; duwá,ikayú; ikayu; ikáw,irá; iggira; aggidá,hánna; hanna; maganna,innyá; innya; inu,kárwan,ngammín; ngammin; amin,en; aren,nu,kunnasí; manyá; minyá; kunnasi,awán; awan; mari; madiʔ; madí,mabbílang; mabbilang; mabbilaŋ,isá; isa; issá,dua; duwa; duwwá,tállu; tallu; tallú,appát; appat,limá; lima,annám; annam; annʌm,pitú; pitu,walú; walu; wálu,syam; siyam,mafúlu; mafulu; mapulu,baínte; duwafulu; dua fulu; duwapulu,singkwénta; limafulu; lima fulu,mátut; isa matut; magasut,maríhu; isa rihu; isa rivu
426,"Itneg, Binongan",17.5972,120.876,bino1237,C. Walton in Reid (1971),175,https://abvd.eva.mpg.de/austronesian/language.php?id=426,'ʔima,katti'git,diwa'nan,'saka,ma'nan,,,pos'pos,'langoy,na'ʔisaw,'tapok,kop'sit,bɨn'nɨg,'bosog,tol'ʔang,'bagis,ʔag'tɨy,'soso; ba'lokong,ʔa'balla,tatta'wi,,maʔa'mɨs,'dala,'ʔolo,'liyɨg,'boʔok,ʔɨ'ngɨl,,mas'ʔɨp (sɨ'ʔɨp),ʔo'wab,'ngipin,'dila,ma'ʔamang,mag'sangit,'ʔota,magtop'pa,ma'ngan (kan),mo'ma,lollo'wag; mag'ʔoto,ʔomi'nom,'kosab,mol'mol,'ʔinga,ma'naʔag,ʔa'ta,ma'sɨngan (sɨng),,ma'soyɨp,,ʔi'nɨp,magto'gaw,so'mikad,'taʔo,la'laki,ba'baʔi,ʔa'nak,ʔa'sawa,ʔa'sawa,'ʔina,'ʔama,ba'bay,ʔa'tɨp,'ngalan,go'minga,ta'li,ba'ʔod,mag'daʔit,'dagom,goma'nɨb,,bag'kong,,mag'takaw,poma'tay,na'tay,,nagat'tɨl; kod'kod,'ʔiwa,'kayo,,nata'dɨm,nagat'dol,magtala'bako,mag'mowa,'pili,,,pɨg'sɨn (pɨ'gɨs),pɨtpɨ'tan,magʔa'bot,ngo'mina,,mag'bayo,ʔiba'to,maʔɨt'dag,'ʔaso,pillo'ka,'ʔiplog,la'wi,'payak,to'mayap,'moton,,ta'big,'ʔipos,'ʔowɨg,ʔɨ'gɨs,'koto,'ʔilɨk,ʔalalla'wa,la'mɨs,malɨp'sa,,'tobo,la'mot,sab'sabong,'bonga,,'pita,ba'to,lag'ʔan,da'nom,,bay'bay,ʔa'sin,,gi'nobat,'langit,'bolan,bi'towɨn,li'boʔo,,dɨ'gɨs,ki'doʔol,sil'ʔit,dob'dob,sap'ʔoy,na'podot,nala'min,nama'ga; mabi'lag,naba'sa,nadag'sɨn,'ʔapoy,mapo'ʔolan,ʔa'sok,da'po,na'ngisit,'polaw,nadɨ'kɨt,ʔama'lilyo,na'ʔata,ʔit'tok,'liwan,pan'dɨk; ʔabbo'bit,ʔan'do,naʔing'pis,napos'kol,nasi'dit,ʔabi'lad,'sigab,naba'ʔin,nada'ʔan; ba'kɨs,,,na'ʔisiw,,la'bi,'wakas,ta'wɨn,no ʔa'no,maglɨ'mɨng,'kalab,,,,'kanta ʔo'nɨg,,,ʔada'ni,ʔada'yo,di ʔa'no,,,,,,,ʔa'no,si ʔa'no,'ʔodom,ʔa'min,,no,ma'no,bɨ'kɨn,ma'bilang,ʔis'sa,do'wa,ta'lo,ʔo'pat,li'ma,ʔɨ'nɨm,pi'to,wa'lo,si'yam,sanga'polo,do'wa 'polo,,sangaga'sot,'libo
934,"Kadazan Dusun of Taginambur, Kota Belud, Sabah, Malaysia",6.14235,117.176,sugu1243,Stemmah Sariau,210,https://abvd.eva.mpg.de/austronesian/language.php?id=934,longon,gibang,wanan,gakod; lapap,mamanau,ralan,rumikot,kumilong,kumaau,oromos,soliohuk,kulit,likud,tiyan,tulang,tinai',tundu-undu',susu,lihawa,oilo,momusorou,moddosi,raha',tulu,liou,tobuk,todung,momuhobo,moningud,kabang,nipon,dila',mongirak,mihad,mongilob,momodula',makan,momonguyom; moginggat,mogonsok,minum,mongokot,monosop,tolingo,mokinongou,mato,montong,monguwab,modop,lumii,mongipi,mirikau,mingkakat,tulun,kusai,tondu',tanak,sawo,sawo,tina'; tama',tapa'; tama',walai,taap,ngaran,momoros,rolu,mongogos,monombir,dalat,magasu,mamana',monobok,momobog,manakau,mamatai,matai,poimpasi,mongukut,managad,kayu,mamalapak,atarom,noinggaralan,mindahu',mananom,momili',poposuni,lumonit,mamaga',mongonggom,mongukad,momoli,mongukab,monutu,pataam,lumoho,tasu,tombolog,tontolu',hulu,talad,tumulud,tikus,tonsi,lunok,tikiu,tulanut,tonggiluwang,kutu,nondui,korut,sada',napasa',raan,roun,gamut,tusak,tuwa',sakot,tana',watu,togis,waig,lumuyung,rahat,silawon,botung dot agayo,gouton; puru',tawan,tulan,rombituwon,hawun,hawun,rasam,tinggoron,kodumaat,tongus,monowogi',alasu',osogit,otuu,oyopos,awagat,tapui,monutud,lisun,tawu,oitom,opurak,aragang,osilou,otomou,okoro',agayo,osiriba',anaru,atandai,akapal,okikip,alaab,orualan,otingayaman,molohing,wagu,osonong,araat,otopot,totuwong,tadau,toun,soira',lumisok,mindakoi; tumakad,hilo id,id suang,id sawat,id siriba',iti,ilo',id somok,id sodu',honggo,iyoho',iya',iyau,iyati'; iyahai,iyokoyu,iyolo',nunu,isai,suwai,koinsanai,om,ondung,poingkuro,okon; amu',mongintob,iso',duwo,tolu,apat,limo,onom,turu',walu',siyam,hopod,duwo nohopod,limo nohopod,hatus,soribu
860,Kagayanen,10.4656,119.872,kaga1256,"Multiple contributors from Cagayancillo, Palawan",210,https://abvd.eva.mpg.de/austronesian/language.php?id=860,líma,waðâ,tuʔó,paʔá; batiʔís,pánaw,dáðan,ʔabót,likə́ʔ,láŋoy,bulíŋ,yab-ok,lánggit,túdtod,gə́ttək,bə́kkəg,bitúka,ʔátay,súso,bága,ʔáðam,ʔisíp,ʔadlə́k,lə́ngngəssa,ʔúðo,liə́g,buók,iróŋ,gináwa,palimáo,bábaʔ,ŋípən,díla,táwa,ʔagal,súkaʔ,ilə́b,maán; kaan,súppa,lútoʔ,inə́m,kitkít,səpsə́p,talíŋa,kamáti,máta,kakítaʔ,ŋíʔab,katanúga,nígga,kadagámmo,púŋko,tíndəg,íttaw,máma,bái,báta,sáwa; sawa na mama,sáwa; sawa na bai,nánay; inay,tátay; amay,báðay,ʔátəp,ŋáran,ʔámbað,kaðát,bə́kkəs,taí,dágəm,paŋayám,panâ,súntok,pakáŋ,tákaw,kapátay,napátay,kabuí,ŋáðot,bísʔk,káoy,biak; bis-ak,talawís,ʔabéð,maŋúma; magʔubra,tánəm,píli,manúbo,magúbbag,mapə́ssa,kə́mkəm; bitan,kutkót,palít,ʔábri,ʔasód,tímbag; labyog,dagdág; tumba; kragpa,ʔáyam,yúpan,tállog,beðbeð,pakpák,layóg,ʔámbaw,kárni; sáppo,tambok,ʔikóg,bə́kkessan,luód,kúto,lamók,laláwa,síddaʔ,bəðʔok,bítlag,dáon,gamót,búðak,búŋa,lamunón,basák,báto,pántad,wáig,ʔílig,dágat,ʔasín,dánao,kakáuyan; gubát,láŋit,búðan,bituón,paŋánod,túnʔog,ʔurán,dagəə́b,kílat,ʔáŋin,ʔə́yəp,laŋaə́t,tígnaw,mára; əgga,basâ,bə́gʔat,ʔápoy,sunóg,ʔáso,ʔábo,mítəm,putî,mínog,yílo,grin,sisě; dirsě,bákod; darko,lípoʔ; pandak,ðáŋkaw,nípis,dákmel,gamáy,wáyang; lápad,sakít,gáyyaʔ,manákəm; daan,bagʔó,miád,maláin,ʔígoʔ; matuod,kíləm,ʔádlaw,taón,kanʔó,nágoʔ; tagoʔ,panaík,naán,naáan ta; selled,ʔapáw,ʔə́bəs,yi; wi; ni,yon; yo,dáni,madyô,índi,yákən; aren; a,káon,kánən,kitə́n; kámi,ka,dánen,inó,kinó,dúma,tanán,daw,daw,painó,dilî,bíláŋ,ʔisyá,darwá,táððo,ʔáppat,límma,ʔánnəm,pítto,wáððo,syam,sampuðo,báynti,kalímʔan; klímʔan,ʔísya gátos,ʔísya líbo
428,Kalagan,6.8126,125.328,kala1388,D. Murray in Reid (1971),178,https://abvd.eva.mpg.de/austronesian/language.php?id=428,bɨktɨn,kawala,kalintu,siki,pa:naw,,,giling,kapay,taping,ʔɨbɨlɨbɨl na lupa,kindal,bagakwang,buntit,pisaʔ,tinay,ʔatay,susu; ʔaba,ʔaba:ga,kaʔadiʔan,,mallɨk,duguʔ,ʔulu,liyɨg,lugay,ʔilung,,boʔ,bakaʔ,ʔuntu,dilaʔ,ʔikɨl,sugaw,suka,ʔɨlɨb,ka:n,mamaʔ,subu; lutuʔ,ʔinɨm,ma:ngaʔ,sɨpsɨp,talinga,dɨngɨg,mata,kitaʔ,,katulug,,tagaynɨp,ʔingkud,ʔindɨg,ʔutaw,ʔɨsɨg,bubay,ʔisɨʔ,ʔɨsɨg,kobayan,ʔina,ʔama,balay,ʔatɨp,nga:lan,law,lubid,banggɨt,teʔ,da:gɨm,dɨt,,dugsang,,ta:kaw,patay,nyatay,,makatɨl; ʔalut,ʔutud,kawuy,,matalɨm,dilip magtalim,ʔimoʔ,tanɨm,pamalliʔ,,,tigmɨs,kɨmɨʔ,kutkut,bayad,,bayu,bintu,molug,ʔiduʔ,mannanap na lumupad,ʔisɨʔ na manuk,lakay,pa:nid,lupad,ʔambaw,,katabaʔ,ʔikug,ʔulud,watiʔ,babing na manuk,tagnɨk,tapayan,ʔisdaʔ,malandak,,dawun,dalid,bulak,bunga,,lupaʔ,ba'tu,pantad,tubig,,da:gat,ʔasin,danaw,kagulangan,langit,bulan,bitun,la:bun,,ʔulan,dadanɨg,kilat,samɨt,ʔɨyɨp,mapasuʔ,manikiʔ,magdang; bilad,mabasaʔ,mabɨgat,ʔatulun,sunug,ʔɨbɨl,ʔabu,maitɨm,maputi,mapulaʔ,malalag,malunaw,tagbiʔ,dakulaʔ,pa:ndaʔ; makagpaʔ,mala:wig,manipis,madakmɨl,mayaktaw,malakbang,sa:kit,kamulamula,dadan; baklig,bagu,madyaw,malatay,,gabi,ʔallaw,ʔumay,kanu,taguʔ,panog,,,,ʔadti dalɨm,,,malapit,ma:wat,ʔain,,,,,,,wan,singan,ʔɨpɨd,kadet,,kung,pila,diliʔ,maʔiyap,sambuk,du'wa,tulu,ʔupat,lima,ʔɨnɨm,pitu,walu,siam,sampuluʔ,du'wam 'pulu,,sang gatus,sam mala:lan
711,Kalinga (Minangali),17.3441,121.311,lowe1412,"Kenneth S. Olson, et. al.",171,https://abvd.eva.mpg.de/austronesian/language.php?id=711,ima,dawigi,dawinan,uki,anaddaḻan,kaḻsa,umali,amballigus,ankiyat,kaissaw,tapuk; gabu,kublit,odog,buwang,tung-aḻ,botak,agtoy,baḻukung,,igammu,somsomok,makimut,daḻa,uḻu,bagang,buuk,ongoḻ,umangos,sungsungon,sungad,baba,dela,mayokyok,,an-uta,tumuppa,angan,,,uminum,kumtob,supsupan,inga,dongoḻ,ata,ilan,,nasuyop,umbog,,tumukdu,sumikad,tagu,laḻaki,bubai,abeng,asawa’e laḻaki,asawa’e bubai,ina,ama,,,ngadan,ibaga,tali; kiddong,itakod,dait,,anganup,,duy-ukon,bikungon,,gongaton,natoy,matagu,gug-u,sugaton,lasang; tuŋu,bisakon,antadom,bungdoḻ,,,,,lumtog,posposon,onnan,amboka,,,,iballu,naottag,asu,sissiwit,iplug,dutdut,payak,tumayap,,laman,taba,ipus,uḻog,batoḻ,kutu,,,ugadiw,naḻpos,,tubu,lamut,tabbak,buŋa,lumun,luta,batu,gallis,danum,an-ayus,baybay,asin,baybay,ginubat,langit,soḻag,bituwon,libuu,nopnop,udan,,,bibbid,bumibbid,an-attub,antungnin,ammamaga,ambabasa,dagson; dam-ot,apuy,nasgob,asok,dapoḻ,ngitit,itak,dilaag,ngela,lingsi,ban-og,dakoḻ,abobba; ansokba,andu,ayyapit,kopaḻ,ansuḻpit,aḻwa,,,dadaan,kak-aḻa,ambaḻu,lawweng,ustu,labi,aḻgaw,tawon,kamaan,,,ad; atte,ad; atte,,,anna,andi,adani,adayu,dinu,sakon,sika,siya,ditaku; dikami,dikayu,dida,ngai,ngai,udum,amin; losan,kan; kad; wok; ya,nu,inon,adipun; dakampun,ambelang,ossaan; osa,duwa,tuḻu,opat,lima,,,,,,,,,
429,"Kalinga, Guinaang, Lubuagan Dialect",17.3879,121.0365,lubu1243,C.R. Geiser in Reid (1971),207,https://abvd.eva.mpg.de/austronesian/language.php?id=429,'ʔima,ʔi'gid,diwa'nan,ʔi'ki,manad'dalan,kesa,um'asad; u'masad; a'sad,mal'liʔwos,manʔi'yat,ʔaʔi'saw (ʔi'saw),la'puʔ,ʔob'lit,ʔo'dog,bu'wang,'tungʔal,'bagis,ʔag'toy,'susu; ba'luʔong,ʔa'bala,tigam'mu,panu'nut,ʔumog'yat,'dala,'ʔulu,ba'gang,bu'ʔuʔ,ʔo'ngol,uma'ngos; u'ma'ngos,sung'sungon (sungsung),tu'poʔ; sa'ngi,'ngipon,'dila,ʔu'mamang,man'ʔibil,'ʔuta,tumup'pa,ma'ngan (ʔan),mu'ma,lum'wag (lo'wag); man'ʔasug,ʔuni'num,ʔot'ban (ʔo'tob),sup'supon ('supsup),'ʔinga,dong'lon (do'ngol),ʔa'ta,ʔi'lan ('ʔila),man'u'wab,ma'suyop,man'kalin,ʔiniʔi'nop,tumok'du,sumi'ʔad,'tagu,la'laʔi,bu'baʔi,ʔa'nak,ʔa'sawa,ʔa'sawa,ʔi'na,ʔa'ma,bo'loy,ʔo'top,'ngadan,ʔan,ta'li,ʔiba'ʔud,'ʔibit,'tanud,ʔa'nup,pumaltog,'bayu,tamaan,man'ʔakaw,ʔoto'yon,na'toy; ʔo'toy,ma'fiag,mangga'tol; man'ʔutʔut,go'godon,'kayu,pay'ak,manta'dom,pan'nol,manʔi'waʔal,ʔiyo'soʔ,pi'liyan ('pili),jumakol,,pospo'son (pos'pos),ʔod'nan (ʔo'don),ʔu'luban ('ʔulub),mang'ngina,fuk'tan,mam'bayu,da'wat,ma'ʔoddag,'ʔasu,sis'siwit,ʔip'lug,la'wi,pa'yaʔ,tu'maʔod,'ʔutut,kal'ni,ta'ba,'ʔipus,'ʔulog,ʔo'lang di 'pita,'ʔutu,ʔi'loʔ,ʔa'wa,la'mos,nal'pos (lo'pos),sa'nga,'tubu,la'mut,tab'baʔ,'bunga,lu'ot,'pita,ba'tu,la'gan,da'num,man'ayos; a'yos,'baybay,ʔa'sin,banna'ʔaw,gi'nubat,'langit,bu'lan,bi'tuwon,li'buʔu,fu'not,ʔu'dan,ʔi'dul,sil'ʔit,dub'dub,sap'ʔuyan ('sapʔuy),man'ʔatung,mantong'nin,mamma'ga (ma'ga); ʔibi'lag,naʔo'bol,mandag'son,ʔa'puy,sob'gon (so'gob),ʔa'sok,ga'bu,mang'ngitit,mampo'taʔaʔ,mando'ʔot,mangngi'la,mallan'ti,ban'ʔit,da'kog,mansoʔ'ba; ʔabu'ba,ʔan'du,may'yapit,mampo'ʔong,man'supit,ʔal'wa,'sigab,naba'ʔin,da'daʔan; na'lakay,ʔaʔʔop'ya (ʔop'ya),pi'ya,law'wing,tut'tuwa,la'bi,ʔal'gaw,ta'won,ʔapi'ga,man'talo,saʔa'yon (sa'ʔay),,ja'lom,nga'to,sin gu'wab din...,sha'to,sha'nat,ʔada'ni,ʔada'yu,'dinu,sa'kon,,si'ya,ji'tako,si'ka,ji'ja,'sinu,'sinu,ʔo'dum,'ʔamin,kan'od; kan,no,pi'ga,bo'kom pon,'bilang,ʔos'saʔan,du'wa,tu'lu,ʔo'pat,li'ma,ʔo'nom,pi'tu,wa'lu,si'yam,sim'pulu,du'wam 'pulu,liman 'pulo,ga'sut,'libu
672,"Kalinga, Limos",17.6081,121.381,limo1248,Summer Institute of Linguistics (1981),197,https://abvd.eva.mpg.de/austronesian/language.php?id=672,íma,kawigí; kattigíd,diwanán,ikí,kumiyang,dálan,dumatóng; sumáal,manlíwos; manlitón; manligús,kiyát,naísaw,appúk,kupsít; geddáng,odóg; awíd; bonóg,buwáng,dúli,bágis,agtóy,súsu,abála,tigammu,mandomdom; mansomsomok,umogyát; kimút,dála,úlu,bagáng,buúk,ongól,umángos,sungsúng,sángi,ngípon,díla,umémeng; umulkiyós,man-íbil; manlúwa,úta,mallugpá,mangán,mangkotkót,man-útu; man-asúg,uminúm,mangkunít,susúpon,ínga,magngól,atá,umíla,uwáb,súyop,umbog,inóp,mantúpak,sumíkad,tágu,laláki,babái,anák; abéng,asáwa,asáwa,iná,amá,bolóy,otóp,ngádan,ibagá,talí; lúbid; sílu,postón,mandáit,tánud,manganup,mamaltug,iduy-úk; iduspák,gongat,akáwon,,matóy,matágu; matattagúwan,kudkúd,pokpokón,luttíng,biíkon; bisakon,tadóm,,mangkokwa,mammúla,mampíli,túbu,,pokolón; posposón,aggomán,kulúban,gátang; ngína,bukatán,mambáyu,batuwón,pognás,ásu,sissíwit,iplóg,dutdút,payák,tumáud,útut; kuwíl,bogás,tabá,ípus,úlog,koláng,kútu,ílok,kawá,ikán; lamós,,sangá,túbu,lamút,tabbák,búnga,bollát,píta,batú,lagán,danúm,man-áyus,báybay,asín,banánaw,ginúbat; tattalún,lángit,búlan,bitúwon,búnot,appápuk,udán,kidúl,kilát,bayogbóg,sap-uyan,naínit,natunglín,namagá,nabasá,nadagsón,apúy,gumílab,asúk,gabú,nangísit,napúkaw; napolkás,nadokót,nadúlaw,naáta,bang-óg; bang-ít,dakól; ab-abúy,abobá,,nayápit,,nanáwag,nasúpit,masakít,mabaín,dadáan,bagú,nabalú; napiyá,lawéng; nadadág,tuttúwa,labí,álgaw,tawón; dagún,kapigá,isulúk,tagadá; sakáy,,dálom,nangátu,nadobá,tu,nat; di,adaní,adayú,kapigá,-ak,ka,na,takú; kamí,ka,da,allá,,,losán; amín,ot; kan,nu,,,bílang; iyáp,osá,duwá,tulú,opát,limá,onóm,pitú,walú,siyám,simpúlu,,,singgasút,sillíbu
671,"Kalinga, Southern",17.2936,121.068,sout2908,Summer Institute of Linguistics (1980),152,https://abvd.eva.mpg.de/austronesian/language.php?id=671,ima; agpar,chuwiki,chiwawan,iki,lumigwat; manadcharan,charan,chumatong; umali,mamfalin,man-iyat,kaisaw,tapuk; kafu,uglit,ochog,fuwang,chuli,akakaitan,agtoy,susu,afara,akammu,manomsomo,,chara,uru,fakang,fuu,ongor,,sungsung,ngurub; tupo',fafa,chila,amang,man-ifil,uta,,mangan,mangkog-ar,man-utu,uminum,fangut; obfan,supsup,iynga,chongron,ata,umila,man-uwab,,mifasar,in-inop,,sumiad,taku,larai,fufai,ana',asaway larai,asaway fufai,ina,ama,foroy,otop,ngachan,,tali; lufid,uyunon; tachon,manchait,chakum; tanud,manganup,mampana,mafoangan,,man-akaw,,matoy,matattaku,,,pingi,,,,,mammura,,tufu,,,odnan; ognan,,mangngina,,,ifintug,,asu,sissiwit,iprug,chutchut,tayap,,utut,,tafa,,urog,korkor,utu,ilo'; wassayan,awa,ukachiw,,panga,tufu,lamut,tabfa',funga; fokas,potpotaw,luta,fatu,kallis,chanum,,fayfay,asin,fagwang,ayu,langit,furan,fituwon,lifuu,,uchan,ichur,ilat,poyaaw,,attub,tungnin,narangu; mag-anan,nab-or; mamfafasa,,,tungan,,,mangngitit,mamputila,mancharaag,icharaagna,mangngingila,kait; ait,chakor,afofa; anofa,,,,arwa,nalipit,nasakit; mansikab,mafain,narakay,aara; aoya,,,tuttuwa; ustu,lafi,arkaw; padchaw,tawon,,,umarab,,charom,ngatu,chora,,,achani,achayu,,,,,,,,,,,losan,,,,,filang,osa,chuwa,tulu,opat,lima,onom,pitu,waru,siyam,simpuru,,,kasut,lifu
430,"Kallahan, Kayapa Proper",16.321,120.9,kaya1320,P.O. Afable in Reid (1971),178,https://abvd.eva.mpg.de/austronesian/language.php?id=430,taklay,ʔawilli,ʔawannan,hɨli,manʔakkad (ʔakad),kalhada; dalan,,kamantiyyɨk,ʔunnanguy (nanguy),nalagitan,dapʔul,bɨlat,bɨnɨg,ʔɨgɨh,pukɨl,huhut,ʔaltɨy,huhu; pagiw,ʔaballa,ʔamtaʔin,,ʔuntakut,dala,tuktuk,buklɨw,buwɨk,ʔɨlɨng,,ʔangngubɨn (ʔangub),bungut,hangi,dila,ʔunngiʔngi (ngiʔngi),ʔunnangih (nangih),manʔutta (ʔuta),ʔuntupga,mangan (kan),galgal,ʔunluwwag; manʔuggan (ʔuggan),manʔinnum (ʔinum),kallatɨn (kalat),huphu,ngila,dɨdngɨlɨn (dɨngɨl),mata,ʔunʔan (ʔunɨy),,maʔuggip (ʔugip),,kuʔkuʔgip,ʔuntungaw,ʔunʔalgɨy,tuʔu,laki,biʔi,ʔungnga,ʔahawa,ʔahawa,ʔina,ʔama,ʔabung,ʔatɨp,ngadan,ʔɨhʔɨlɨn (ʔɨhɨl),ʔikɨt,ʔihhingɨd,daʔʔin (daʔɨt),dagum,mangannup (ʔanup),,baydɨkɨn,,manakkɨw,bunnuʔɨn (bunu),natɨy (ʔɨtɨy),,gatɨl; guʔguʔɨn,bukbukɨn,kiyɨw,,matakɨm,nagudɨl,manʔubla,mantannɨm (tanɨm),mamihpih,,,pɨghɨtɨn,ʔagdiʔan,mamka (bɨka),manunggal,,mambayyu (bayu),ʔihpɨg,maʔgah (ʔɨgah),ʔahhu,titit,ʔiklug,dutdut,payak,ʔuntayab,ʔutut,,taba,ʔikul,ʔulig,tuwing,kutu,tukkan,kakkawwa,paʔillɨng,nabwɨl (buwɨl),,bulung,lamut,habung,lamɨh,,buʔlay,batu,bihil,danum,,baybay,ʔahin,lɨbɨng,kallahan,kabuniyan,bulan,talaw,kuʔlɨp,,ʔudan,kidul,bagilat,dagɨm,hikbukɨn,ʔanʔatung,ʔangkɨtit,namagʔanan; ʔihaʔpɨy,nalbɨng (lɨbɨng),ʔambɨlʔat,ʔapuy,puʔʔulɨn (puʔul),ʔahuk,dapʔul,natuling,ʔamputi,ʔambalanga,ʔambalanga,,ʔigʔigɨl,ʔɨtɨng,ʔantikkɨy (tikɨy),ʔandukkɨy,maʔingpih,mahdɨl (hɨdɨl),ʔunʔipɨt,ʔambanaw,dɨgɨh,ʔumbaʔing,daʔan; naʔama,ballu,pɨhɨd,lɨwa,,malabi,ʔaggɨw,tawʔɨn,pigan,manʔaʔmut (ʔɨmut),ʔunkalab,,,,daʔul,,,naʔihaʔgang,ʔadawwi,tuwa,,,,,,,hipa,hipa,ʔapil,ʔamin,,nɨm,piga,ʔaliwwa,billangɨn (bilang),hakɨy,duwa,tallu,ʔɨpat,lima,ʔɨnɨm,pitu,walu,hiyam,hampulu,duwan pulu,,lahuh,libu
1549,Kamayo,8.10796,126.314,kama1363,"Summer Institute of Linguistics (unknown authors). 1966. Kamayo available via Zorc, R. David. 1972. Unpublished field notes.",173,https://abvd.eva.mpg.de/austronesian/language.php?id=1549,siŋku; ʔalíːma,kawáa,tuʔú,sikí,,dáan,sudlay; ʔabút,ya=báːlik; balí,laŋúy,ripáʔ,ʔalikabúk; ʔabúg,páːnit,likúd,tiyán,pusáʔ,tinaʔí,ʔatáy,súsu; dagárha,ʔabáːga,sáyud; tigám,dúmdum(a); dumdum(an); nimnumdum(i),hádluk,dugúʔ,ʔuː,liʔúg,buhúk,ʔirúŋ,ginhaːwa,ya=nimáːhuʔ; -bahúʔ; hamút,báʔba,ʔuntú,díːlaʔ,hikúu,tiyahúʔ,súːka,ludáʔ,kaʔán,supáʔ; mamáʔ,súnʔad; hinúg; preparado,ʔinúm,báːŋaʔ,súpsup,talíːŋa,duŋúg,matá,kitáʔ,,turúg,higdáʔ; kuwáŋ,dámgu,(ga-)ʔíŋkud,ʔindúg,ʔutáw,ʔusúg,bubáy,ʔísuʔ,,ʔasáwa,ʔináʔ,ʔamáʔ,báʔay; baːy,ʔatúp,ŋarán,súlti,hukút; lúbid; písiʔ,búgkut(i),,,,,duŋgáb,sumbag,,paty=un,patáy,buhíʔ,káːut,ʔutúd; hiːwaʔ,káːhuy,púud; hatsa,haʔít,waʔ day haʔít,,tanúm,,tuːbuʔ,,kúːmus; kurúːmus,hawid=an; kámaŋ; haŋkup,lubúŋ,palít,abrih,,(ʔi)rabák; bunúʔ,huːg,ʔidúʔ,láŋgam,ʔitlug,balhíːbu,páːnid,lupád,,karne; ʔunúd,tabáʔ,ʔíːkug,sawá; haːs,ʔúud,kúːtu,híːram,lawáʔ; láwaʔ,,bugúk; barʔus; gapúʔ,,dahún; támbaw,,burák,,ságbut,pasák; lúːpaʔ,batú,buháːŋin,túːbig; =miláːdu,maslug; ʔáːwas,dáːgat; láud,ʔasín,láːnaw; lanáŋ; lamʔaw; sapáʔ,guráŋːan,láŋit,búːwan,bitúːʔun,,-; tunʔug; dagʔúm; paŋáːnud,ʔurán,líntiʔ,kilát,háŋin,huyúp,ma=páːsuʔ,tignáw,taháy,,búgʔat,ʔatuːn,suːnuŋ,ʔabúː; ʔabúu,ʔabú; ʔábú,ʔitúm,putíʔ,puá,diláw,ma=dalág; hiláw,,badí,gamáy; hayupúʔ,habáʔ,,,manipís; kaʔíg,bagáʔ; madákmuː,mahapdús,síːpug; masipgánun; bayhu,hinúːʔud; dáʔán,bagʔú,(mahːsay); madayáw,maraʔát,tinúːʔud,duːm,ʔádlaw,túːʔig,,,,,sa súud; kabubútʔun,(sa) taʔás; mataʔás,(sa) ʔubús,,,harapít,harayúʔ,háːʔin,ʔakú,,yaʔán,kitá,,silá,ʔúːnu; ʔunaːn,sinú,laʔín; aŋ maŋa ʔupúd,(tanán); hurút,,,pilá,bukúʔ,ʔiháp,ʔisá,duhá; duwáh,tulú; tuú,ʔupát,,ʔunúm,,otso,,diis,,,(ʔisá ka) gatús,líbu
681,Kankanaey,16.8548,120.689,kank1243,Janet Allen,209,https://abvd.eva.mpg.de/austronesian/language.php?id=681,takkay,kannigid,kannawan,siki,mandan,danan,omali,somagong,langoy,nalogit,tapok,kopkop,edeg,eges,tong-a,eges,atey,soso,padanga,ammo,mannemnem,egyatan; omegyat,dada,toktok,bagang,book,eng,anges,songsongen,tepek,bab-a,dila,mayekyek,man-oga,man-ota,mantogpa,mangan,man-gaga,man-oto,man-inom,katen,sosoen,keweng,dengngen,mata,ilaen,man-owab,maek,bomaktad,man-iitaw,tomokdo,omalagey,ipogaw,lalaki,babai,anak,asawa,asawa,ina,ama,beey,atep,ngadan,ibaga,lobid,ikabbot,mandait,dagom,man-anop,mamana,todoken,seppaten,akewen; mangakew,peslen,matey,matago,gog-oen,betbeten,kaiw,desigen,mattadem,mangodel,maowang,man-esek,pilien,gomabay,lomat-ed,ipespes; pespesan,egnan,mankaot,lalkoan,bokatan,bayoen,itpig,mag-as,aso,titit,itlog,dotdot,payak,mantayaw,otot,lames,taba,iko,eweg,kowang,koto,lamok,tikawa,nigay,naboyok,panga,tobo,lamot,sabsabong,lames,gabgab,lota,bato,bisil,danom,omaloyas,daga,asin,lebbeng,kada,daya,boan,talaw,liboo,liboo,odan,kido,kimat,dagem,mandagem; sib-okan,man-atong,mansiled,namgaan; mapgaan,nabasa,madagseg,apoy,pooan,asok,dap-o,mangetit,mankilat,mandada,,maata,kitkitoy,dakdake,aptik,ando,naingpis,masde,nalipit,annawa,mansakit,mabain,nakay; nabbakes,balo,siged,lawa,tet-ewa,labi,agew,tawen,pig-an,mantabon,somakyab; mantikid,sin,sin eneg di…,sin ngaton di…,sin dallem di…,sinaey,sisana; sidooy,asag-en,addawi,into,ak; ko; sak-en,ka; mo; sik-a,na; sisya,tako; datako; mi; dakami; kami,kayo; yo; dakayo,da; daida,sino,sino,odom,amin,ya,mo,intoy iyat,aga; adi-; baken-; adj,bilangen,esa,dowa,tolo,opat,lima,enem,pito,wao,siyam,sinpo,dowanpo,limapolo,gasot,libo
432,"Kankanay, Northern",17.1057,120.786,nort2877,D. Hettick in Reid (1971),178,https://abvd.eva.mpg.de/austronesian/language.php?id=432,lɨ'dɨng,kani'gid,kana'wan,'siki,mɨn'daʔan,,,liw'liwɨs,mɨn'saʔay,na'kilot,'tapok,kol'lop,'ʔɨdɨg,ʔɨ'gɨs,ʔi'ngit,ʔɨ'gɨs,'ʔatɨy,'soso; pa'gaʔiw,'pokɨ,gik'kin,,ʔomɨg'yat,ba'sa,ʔu'wo,ba'gang,bo'ʔok,ʔɨ'ʔɨng,,'songsong,to'pɨk,bab'ʔa,di'la,mɨnʔɨ'yɨk,min'ʔaga,'ʔota,top'pa,ma'ngan,mɨ'ma,lom'wag; mɨn'ʔoto,ʔomi'nom,ba'ngɨt,'sopsopɬ,'ʔinga,dɨng'ngɨ,ma'ta,'ʔila,,masɨ'yɨp,,ʔiʔi'taw,ʔitok'do,ʔitak'dɨg,ʔipo'gaw,la'laki,ba'baʔi,ʔo'nga,ʔa'sawa ay la'laki,ʔa'sawa ay ba'baʔi,'ʔina,'ʔama,ba'ʔɨy,ʔa'tɨp,nga'dan,ka'nan,ta'li,ʔiba'ʔod,'daʔit,'dagom,mɨnʔa'nop,,doy'ʔokɨn,,mɨn'ʔakɨw,pa'tɨy,na'tɨy,,min-ga'tɨ; kot'kot,gɨdgɨ'dɨn,'kaʔiw,,mɨnta'dɨm,ngo'dɨl,lo'mokso,mɨnʔis'ʔɨk,pili'yɨn,,,pɨspɨ'sɨn,gɨn'ʔan,mɨn'kaʔob,la'kowan,,mɨn'bayo,ʔiga'yang,ma'ʔɨkdag,'ʔaso,'koyat,ʔit'log,'gatod,pay'yak,to'mayaw,'ʔotot,,ta'ba,'ʔiko,'ʔowɨg,kɨ'ʔang,ko'to,la'mok,ʔating'kawa,ʔi'kan,ma'donot,,'tobo,la'mot,'sabong,bɨ'gas,,'lota,ba'to,la'gan,da'nom,,bay'bay,ʔa'sin,po'song,'pagpag,da'ya,'bowan,ta'law,li'boʔo,,ʔo'dan,ki'do,ba'gilat,da'gɨm,sip'ʔoy,min'poʔos,mɨn'tɨdɨk,na'ʔango; ʔisap'ʔɨy,natɨm'bɨ,mɨndag'sɨn,ʔa'poy,sɨg'bɨn,ʔa'sok,'dapo,ngiti'yan,po'law,mɨn-ga'dangdang,kinaʔo'nɨgan,'bildi,tɨʔɨ'tɨʔɨn,dak'kɨl,ʔap'tik,ʔan'do,mɨn'yapit,mɨnsɨ'dɨ,nali'pit,ʔanna'wa,sa'kit,maba'ʔin,na'bayag; naba'kɨs,ba'lo,ʔa'may,nga'wi,,la'bi,'ʔagɨw,taw'ʔɨn,tongo'na,ʔi'gago,ka'ʔab,,,,'silok,,,ʔa'sagʔɨn,ʔadda'wi,ʔin'to,,,,,,,si'no,si'no,tɨ'kɨn,ʔam'ʔin,,mo,ka'ʔat na,ba'kɨn,'bilang,ʔɨ'sa,do'wa,to'lo,ʔɨ'pat,li'ma,ʔɨ'nɨm,pi'to,wa'ʔo,si'yam,sim'po,dowam'poʔo,,ga'sot,'libo
"33, 1200",Kapampangan,14.9603,120.502,pamp1243,"Blust from: Forman (1971), McFarland 1977; Eduardo John A. Balatbat",210,https://abvd.eva.mpg.de/austronesian/language.php?id=33; https://abvd.eva.mpg.de/austronesian/language.php?id=1200,gāmat; gámat,kaqilí; kaili,wánan; uanan,bitís; butit,lákad; lumákad,dálan,dátaŋ; dátang,kurba; kumorba,káwe; káue,ma-rinát; marinat,alik|abuk; púlbus; alikabuk,balát; balat,gúlut; gulut,á|tcan; atian; atsan,binyás; butul,bitúka; bituka,até; ate,súsu; susu,pagó; pago,balwan; ábalû,ísip; misip,ma-takút; tumákut,dáyaq; dáyâ,búntuk; buntuk,bátal; batal,bwak; buak,áruŋ; arung,maŋis|nawa; mangisnáua,bawan; bauan,asbúk; asbuk,ípan; ipan,dílaq; dila,ilï; mayli,kiyák; gumágâ,súkaq; maniuka,yapsa; dumura,maŋám; mangan,gígut; mamáq; lángut,lútuq; maglutû,inúm; minum,-ket; kuminis,sipsip,balugbúg; balugbug,damdaman; makiramdam,matá; mata,íkit; manákit,úyab; manuyab,tudtud; matudtud,kéra; magkera,maa-ninap; maninap,luklúk; lukluk,tikdóq; tikdo,taú; tau; tawu,laláki; lalaki,babái; babayi,anák; anak; ának,asáwa; asáuang lalaki,asáwa; asáuang babayi,maq; indu; ima,núnuq; ibpa; tata,balé; bale,buuŋán; atap,lagyúq; lagyu,sábi; sabian,lúbid; lubid; tali,talíq; itali,tayí; tayian,karayum; karayung,man-áyup; mangásu,suldúŋ; mamánâ,saksák; maniaksak,paldu; mamarug,maa-nako; manako,paté; paten,maté; mate,ma-biyé; mabie; kumabie,kaskás; gatal,putut; mamutut; manabak,dútuŋ; patpat,baŋal; mabangal,ma-tarám; mataram,ma-purul; mapurul,mag-obra; manasik,tanam; mananam,piliq; mamili,dágul; túbuq; dagul,ma-kalbag; limbág; mangalbag,paslan; mamaslâ,talan; sakmál; paslân,kulkúl; mangulkul,salíq; sali,búklat; buklat,bayú; bayû; bayû'an,atcáq; pukúl-an; baronggan; mamugâ,ma-nábuq; manabû,ásu; asu,áyup; ayup,ébun; ebun,bagyús; bulbul,pakpak,sulápo; sulagpo,dagís; dagis,katawan; laman,tabáq; tabâ,íkiq; iki,ubíŋan; ubingan,bu|láti; bulati,kútu; kutu,amúk; amuk,baabagwáq; bábagua,asán; asan; asan danum,bugúk; mebuluk,saŋá; sanga,bulúŋ; bulung,émut; yamut; amut,sampága; sampaga,búŋa; bunga,dikút; dikut,gabún; gabun,batú; batu,balás; balas,danúm; danum; danum tabang,mam-agus; dumagus,dayat malat; dagat,asín; asin,labák; dáno,gúbat; pulúq; gubat,bánwa; banua,búlan; bulan,batwín; batuin,lúlaq; bigâ,úlap; amug,urán; uran,duldúl; duldul,kildáp; alti,áŋin; angin; tiup ning angin,labul; lábul,ma-páliq; mapali; kaleldo,ma-rímla; marimla,ma-laŋíq; malangi,ma-basáq; mabasâ,ma-báyat; mabayat,apíq; api,silab; masilab,asú|k; masuk,abú; abu,ma-tuliŋ; matuling,ma-putíq; maputi,ma-lutúq; malutu,diló; mapapan,bérde; aluntian,ma-latíq; malati,ma-rágul; maragul,ma-kúyad; pandák; makuyad; pandak,ma-kábaq; makába,impís; maimpis,ma-kapál; makapal,ma-kíput; maskup,ma-lápad; malualas,ma-sakít; masakit,ma-ríne; marine,ma-tuá; matua,báyu; bayu,ma-kayap; mayap,ma-rók; marauak; marok,talagá; tutúq; tutû,béyi; bengi,aldó; abak,bánwa; banua,kap|ilán; kutang,salikút; sálikut,ukyát; i|panik; manik; mukyat,kiŋ; king,lub; kilub,bábo,babáq; lálam,iní; ini,ián; itá; ita,sípiŋ; malapit,ma-rayuq; malaut; márayû,ante; anta; nukarín; nukarin,aku,ika,ia; iya,itamu; ikami; itámu,ikayu; ika,ila,naŋ; nanuŋ; nanu,nínu; ninu,aliwaq; aliua,lagánas; sabla; gana-gana,ampó; anpón; at; ampon,nuŋ; nung,makanánu; makananu,alíq; ali,bílaŋ; mamilang,métuŋ; metung,adwáq; aduâ,atlú; atlû,apát; apat,lima,anam; ánam,pitú; pitû,walu; ualu,siam,apulu; apulû,aduang-pulu; aduang pulû,limam-pulu; limang pulû,dinalan,libu; metung a libu
657,Kinaray-a,10.8131,122.297,kina1250,Arnel Genzola,201,https://abvd.eva.mpg.de/austronesian/language.php?id=657,lima; alima,wala,tu o,batiis; siki; kahig,panaw,aragyan,maagto,maliso,malangoy,mahigkə,yab uk,panit,likod,bosong,tul an,tina i,atay,didi,abaga,mainaramən,maminsar,mahadlək,dugo,ulo,liəg,buhok; bulbol,irong,maginhawa,masimhot,baba,ngipun; unto,dila,kadlaw,hibi,suka,dupla,kaən,usang,luto,inəm,kagat,supsup; səyəp,talinga,mamati,mata,makita,manguy ab,maturog,mabatang,madamgo,mapungko,matindog,tinuga,laki,bayi,bata,bana,sawa,iloy,amay,balay; puluy an,atop; sinas,ngaran,hambal; ku un,pisi; lubid,higut; bangət,tahi,dagəm,pangita,tiro,buno; sagap,hampak,mangawti,patyon,mapatay,mabuhi,kalot,bis ak,lipak,,taləm; tarum,hábul,manguma,tanəm,pili,,hubag,puga,,kutkot,bakal,buksan,,balang,madagdag,ayam,pispis,itlog,bulbol,pakpak,maləpad,balabaw,unod,,ikəg,man əg,lagu,kuto,lamok,damang,isda,dúnot,sanga,dahon,ugat,bulak,prutas,hilamon,lupa,bato,balas; baras; bonbon,tubi,ílig,lawod; dagat,asin,,kakahoyan; kagulangan,kalangitan,bulan,bitoon,panganod,,uran,dagə ob,kilat,hangin,huyəp,,maramig,mala,basa,bug at,kalayo,sunugon,aso,abo,itum,puti,pula,darag,biyerde,gamay; intok,hanggəd,lip ot; nubo; mə́gət,labəg,nipis,daməl,malip ot,malapad,masakit,huya,kamal aman; mal am,bag o,mayad,demonyo; malain,husto; matuod,gabi i,adlaw,tuig; anyo,san o,tagə,saka,sa,suləd,babaw,daləm,ja,ran,rapit,rayo,diin,ako,,tana,amən; kami,ikaw; kaw,sanda,ano,sin o,liwan,tanan,kag,kun,naga haw; paano,bukut; bəkət,isip,isara; sara,darwa,tatlo,apat,lima,anəm,pito,walo,siyam,pulû,darwa ka napulo,kalim an,sangkagatos; sanggatos,sangkalibo; sanglibo
685,Maguindanaon,6.9453,124.509,magu1243,Robert E. Sullivan,210,https://abvd.eva.mpg.de/austronesian/language.php?id=685,líma,bíwang,kawágib,ay; ai,lákaw,lálan,ángay,línggi,langúy; lemangúy,maledsík; budsengén; tangkápa,libubúk; tapúk,úpis; lanítan,taligkúdan,tián; tiyán,tulán,tináy,átay,súsu,wága,amád,pagítung; magítung,magílek,lúgu,úlu,lig,buk,ngílung,gináwa; gemináwa,ebáw,ngáli,ngípen,díla,edtatáwa,muliyáng; míbi,úta,demúda; tubpá,kan; kéman,sepá; sepán,ilútu,ínum; ínem,ebút; bángit,semúsu,tangíla,pakikíneg,máta,ílay,pangunguyáb,túlug; temúlug,edtataigá,edtagínep,áyan,tíndeg; temíndeg,taw,máma,babáy,wáta,kalúma a máma,kalúma a babáy,ína,áma,wálay,átep,ngála; ingála,edtalú; enggubása,sumpaán; ketengán,iketán; itámbed,pamanáy,lágum,pangáyaw; pangánup,pána; busúgen,sándak,abén,tegkáw,gelá; imatáy,mátay,uyág; maguyág,kukút; kámbang,tága; tíbpad,bákil,liás; úpak; tebí,magaláng,matebpúl,edtitingulú; edtatagitú,pamúla,pamíli; álam,etú,lebág; lemebág,kemés; kulimís,tígel,kágkal; kálut; suát,pamása,úkad; búka; peká,báyu; pipík,ídtug; ibengél,úlug,ásu,papanúk; mánuk,lemán,búmbul,papák,ledtú; lantáp; layúg,dúmpaw,sápu,lémbu; lána,íkug,nípay,úled,kútu,tagenék,laláwa; láwa-láwa,sedá,maúsang,pánga; sapák,lawn; láta,dálid; dálig,úlak,únga,útan,lúpa,wátu,pedtád,ig,tugá,lágat,tímus,lánaw,damakáyu,lángit,úlan-úlan,bitún; bíntang,gábun,lenús; lekép,úlan,paletí; lúgung,kílat; lapálap,sámbel; endú,eyúp,mayáw-yáw; malalabendáw,matenggáw,mamála,mawása,maugát,ápuy,tútung; bídsul; gepúl,bel; tagebél,aw,maítem,mapúti,malíga,bináning,gádung,madidú; madekáy,maselá; masalíg; matiwálu,mabába,malendú; maláyat,manípis,makapál,makíput; masímpit,maulád,pedsákit,mayá,matúwa; lúkes,bagú,mapiá; mapyá,máwag; malát,bénal,magabí,gay; senáng,túhan; lagún,kanú; gína; u,pagená; líndung,pusúg; pamusúg,támpal,sa; lúdep; lúsud,sa pulú,babá; átag,niá; niyá,nan; ka,masíken; masúpeg,mawátan; matángka,endáw,akú; ku,ka; néngka,sekanín; nin,tanú; kámi; námi,kanú; nu,sílan; nílan,ngayn; ngin,entáyn,ped; kapéd,lángun; lángu-lángun,endú; enggú; na; ka,upáma; amáyka,panún,dála; di,bílang; bilángen,isá,duwá,télu,pat,líma,nem,pítu,wálu,síaw,sapúlu,duwá púlu,líma púlu,magátus,sangíbu
433,Mamanwa,9.44744,125.548,mama1275,J. & H. Miller in Reid (1971),183,https://abvd.eva.mpg.de/austronesian/language.php?id=433,ʔalima,wala,toʔo,paʔa,panaw,,,liso,langoy,maripaʔ,ʔabog,kindal,likod,tinaʔi,bɨkɨg,tinaʔi,pato,soso; dibdib,ʔabaga,kilala,,haldɨk,dogoʔ,ʔolo,liʔɨg,bohok,ʔirong,,hangod,baʔbaʔ,ngipin,dilaʔ,katawa,matay,soka,ʔɨlɨb,kaʔɨn,mamʔin,sobo; sɨnʔad,ʔinɨm,bangaʔ,sizɨp,talinga,batiʔ,mata,kita,,torog,,tagʔinɨp,loʔtoʔ,tindɨg,taʔo,ʔamaʔama,babazi,maʔimpis,bana,ʔasawa,ʔina,ʔama,lagkaw,ʔatɨp,ngaran,laʔong,lɨpɨs,ʔɨkɨt,tahiʔ,dagɨm,ʔanot,,karis,,kawat,patay,patay,,dikag; kalot,pikas,liwaʔan,,mahaʔit,habor,tarabaho,tanɨm,piliʔ,,,pislit,hawid,kabot,palit,,bazo,timbag,tanak,ʔidoʔ,manokmanok,ʔanak na manok,,ʔampak,lɨpad,ʔambaw,,honlas,ʔiki,halas,ʔolod,toma,tagnɨk,lawa,ʔisdaʔ,malataʔ,,dahon,gamot,boyak,protas,,lopaʔ,bato,nagʔas,sapaʔ,,dagat,ʔasin,danaw,banwa,langit,bolan,bitoʔon,gabon,,ʔoran,dagʔok,kilat,hangin,hoyop,maʔinit,matignaw,tahay; bolad,mabasaʔ,mabɨgʔat,gabok,sonog,ʔaso,ʔalibo,maʔitɨm,mapotiʔ,mararag,madolaw,grin,gɨzamay,dakolaʔ,ʔababaʔ,ʔataʔas,nipis,madamɨʔ,masiʔɨt,haloʔag,kasakit,masipɨg,daʔan; malaʔas,bagʔo,magazon,maʔonga,,kahabzan,ʔaldaw,toʔig,kaganʔo,tagoʔ,panik,,,,salad,,,ʔarani,ʔaroʔ,haʔin,hao,iko,iza,kami; kita,kamo,siran,ʔono sa,sinʔo,laʔin,tanan,,kon,pirang bolos,diri,bilang,ʔisa,dowa,tolo,ʔopat,lima,ʔɨnɨm,pito,walo,sizam,napoloʔ,karohaan,,ʔisang ka gatos,ʔisang ka libo
"1258, 1641",Manide; Manide (Labo),14.1571,122.835,cama1250,Jason Lobel (2010); Doroja (2017),198,https://abvd.eva.mpg.de/austronesian/language.php?id=1258; https://abvd.eva.mpg.de/austronesian/language.php?id=1641,alima,kanan,kaliwa,kalamanán; sukab; bitiis,lakad,kanóg; kanog,detung,,kanáway; langoy,madumi,albok,bala-kís; anit,letak,bituka; bilbil,beyón; beyun,bituka,dialog,suso,mugmúgen; mug-mugen,alam,isip,kipút; tálaw; talaw,digî; digi,mata,liés; li-es,bihék; bihek,ha-dúng; ha-dong,higkót; higkot,sagká; sagka,bag-áng; bag-ang,ngípen; ngipen,katlúb; katlob,ságak; sagak,íbil; ibil,teg-ák; teg-ak,luntáb; luntab,kaon,,lekleka-leka,inom,kagót; kagot,hanggíp; anggit,sewéng; seweng,kalkál; kalkal,mata,tálu; talo,kindat,píges; piges,lubék; lubek,demgî; demgi,séngol; sengul,láwi; lawi,tawo,behíon; lalaki,séel; babayi,anak,lalaki a bakes,bakés; babayi a bakes,uminâ; tata,umamâ; tata,beléy; bayay,sagdém; sagdem,ngádon; ngadun,kádò; kado,lubid,gaót,tahi,karáyum; karayom,alaw,saksak,saksak; asok,labod; igo,tangkáw; tangkaw,pálà; pala,pálà; pala; napala,buhay; nabuhay,kalmot,ugtos,nayakdag a sanga,,matalas,mahamol,,,pili,,maga,,káhet; kahet,kúykuy; kuykoy,balot,bukas,dikdik; pungkot; bangkod,pesat; agsam,yakdág; yakdag,ídì; idi,manok,bunay,gitgit; bihek,pakpak,lipad,yagâ; yaga,usa; laman,,buntot,púo; pu-o,bukbúk; bokbok,kuto,peléngot; pelengot,anlalawo,isda,lapa,sanga,dáhun; dahon,ugat,bulaklak,guún,duot,lemák; lemak,betû; betu,aget-ét; aget-et,tibig,gagalakan,dágat; dagat,asin,kaselsel-ati,kalasan; kakahewan,langit; himpapawid,bílan; bilan,bituon,panganod,alipuop,gemés; gemes,legpek,kildóp; legpek,hi-néw; hi-new,hi-new,mainit,malamig,tuyo,bebesî; bebesi,bitéy; mabitey,hapúy; hapuy,tuúk; sulo,aso,abo,diklém; madiklem,malím-at; malim-at,madigdíg; madigdig,,,mamátì; mamati,lawáan; dako,bubuktít; bubuktit; delemak,huhúnat; huhunat,manipis; daydayun,makapal,susopit,bebelág; mahiwas,makulog,huya,matanda; luma,be-gí; be-gi,magayun,maláut; malaot,tama,takép; takep,degów; bi-abi,taon,nun-a,tágì,áknit,,di,he-penán,saód,huyí; huyû; nu,huydî; nuydi,kagíyan; kagiyan,awág; awag,nadó; nado,há-ku; =ek; ha-ko,hiká; ka,hiyó; hiyo,kitá; kamí; kika; kita; kami,kamú; kamo,hidó; hido; mahuyo-on,huwá-no; wá-no; huwa-nu,hi-no,iba,lahat,mat,,papo-no,yábot,bíyang; biyang,súpeg; sopeg,dawha,tatlo,apat,lima,anum,pito,walo,siyam,sampu,baynti,singkwenta,sopeg a daan,sopeg a libo
"435, 434","Manobo, Ata (down-river); Manobo, Ata (up-river)",7.7789,125.499,atam1240,V. Morey & U. Post in Reid (1971),201,https://abvd.eva.mpg.de/austronesian/language.php?id=435; https://abvd.eva.mpg.de/austronesian/language.php?id=434,boad; bolad,gibang,kawanan,paʔa,hipanow,daan,hondini; hendini,ligot,lumbuk,maligsom,ʔalibu,laplap,poka,gotok,bokog,bituka,ʔatoy,susu; sosolobon,pamanayon,kataga,doromdom,hallok,langosa,ʔuu; ʔulu,liog,bulbul,ʔidung,gogoinawa,ngadog,boʔboʔ,ngipon,dioʔ; diloʔ,ngisi,sinogow,ʔiʔilob,ʔilob,koʔon,mamoʔ,kaloʔkaloʔ; sugba,ʔinum,kagat,supsup,talinga,dinog,mata,pitow,,hidogoʔ,,kadoʔot,pinnuʔu,sasingdog,ʔotow,lukos,boi,batoʔ,ʔasawa,ʔasawa,ʔinoy,ʔamoy,baoy; baloy,ʔatop,ngadan,kagi,lubid,higotan,toiʔ,dagom,panganup,,dugsuʔ,lampos,takowon,himatoy,namatoy,kabuiʔ; kabuhiʔ,dogos; kutkut,pisang,kayu,,magaang; magalang,donon magang,hinang,pamua; pamula,ʔaam; ʔalam,tubuʔ,tulin,pogoʔ,komkom,kalion,boli,pulas; puwas,binayu,dogpak,kaʔuug; kaʔulug,ʔasu,manokmanok,ʔatoug; ʔatolug,bulbul,pakpak,layang,ʔambow,sapuʔ,taboʔ,ʔikug,ʔuod; ʔulod,liwati,kutu,hilam,taugabi; talugabi; talubagiʔ,ngaap; ngalap,kamouʔ,,doun,dalid,bulak,bogas,hilamonon,basak,batu,bayokbok,woig,,dagat,ʔasing,ligtung,koilawan,langit,buan; bulan,bituʔon,gapun,,ʔudan,lugung,kilat,kaamag; kalamag,hiup,moʔinit,mahagsil,mamada; dampil,nasubid,mabogat,hapuy,silab,ʔobol,ʔatigbun,moʔitom,mapotit,bagon,malalab,malugolugow,maintok (lintok); malintok (lintok),dakol,malibutut; malopot (lopot),maayat; malayat,manipis,makopal,maligʔot,mauʔag (luʔag); maluʔag (luʔag),masakit,kasipod,buyag,ʔiam,madoyow,madoʔot,malogot,maʔusilom,ʔallow,tuʔid,konʔu,hoos; holos,pamanoik,to,,ampow,didalom,so-i,sikan,madani,madiuʔ,hondoʔi,sikoddiʔ; kanakʔ,,sikandin,sikanta; kanta,koykow,sikandan,nokoy,hontow,laʔin,tiboʔ,woy,ko,pila,konoʔ,soʔol,ʔisa; sagbukaʔ,dadawa,tatou; tatolu,hopʔat,lalima,honʔom,papitu,wawau; wawalu,sasiam,sampuuʔ; sampuluʔ,kaawaʔan; kalawaʔan,lima na puluʔ,gatus,songo man; songo maan; songo malan
436,"Manobo, Dibabawon",7.85664,126.018,diba1242,J. Forster in Reid (1971),178,https://abvd.eva.mpg.de/austronesian/language.php?id=436,'bɨad,ka'waa,kalin'tuʔu,'kɨbɨng,hi'panɨw,,,'ligɨt,'languy,ta'libɨn,'bukbuk,kin'daa,tali'kudan,'gɨtɨk,'bɨkɨg,tiʔɨ,'ʔatɨy,'duduʔ; da'gaha,ʔa'baga,ki'laa,,ka'hadɨk,la'ngɨsa,'ʔuu,'liʔɨg,'bubu,'simud,,'ngadɨg,'baʔbaʔ,'ngipin,'dilaʔ,'ngisi,sinɨ'gɨw,gi'suka,'ʔilɨb,'kɨʔɨn,mama'ʔin,'sibu; 'lutuʔ,'ʔinɨm,'kagat,'sumsum,ta'linga,'dinɨg,'mata,'kita,,li'pɨdɨng,,taga'ʔinɨp,'ʔingkud,sa'kindɨg,'ʔɨtɨw,'lukɨs,'buyag,'bataʔ,'bana,ʔa'sawa,'ʔinɨy,'ʔamɨy,'baɨy,'ʔatɨp,'ngadan,ʔi'kagi,'pisiʔ,'hikɨt,'tabing,'dagɨm,pa'nganup,,'dugsuʔ,,'kawat,hi'matɨy,na'matiy,,'digis; 'kaus,gu'paa,'kayu,,ma'ʔutɨng,ma'ngaɨd,tra'bahu,'tanɨm,'pili,,,'pɨgaʔ,'kɨmɨʔ,'kali,'bɨli,,'bayu,'timbag,'ʔuug,'ʔiduʔ,'manuk'manuk,ʔɨ'tɨug,'lawi,pa'gikpik,'layang,'ʔambɨw,,'tabaʔ,'ʔikug,'ʔuɨd,'kaɨg,'kutu,'hilam,tambu'kawaʔ,'ʔisdaʔ,'dunut,,'dɨhun,'dalid,'bulak,'bɨgas tɨ 'kayu,,'pasak,'batu,'paɨk,'wɨhig,,'dagat,'ʔasin,'danɨw,kaka'yuhan,'langit,'buan,bi'tuʔɨn,'kibɨɨ,,'ʔudan,'lugung,'kilat,'kamag,'hiup,ma'ʔinit,ma'hagsil,'tahay; 'biad,ma'basaʔ,ma'bɨgat,'kayu,'sangab,'ʔɨbɨɨ,'ʔabu,ma'ʔitɨm,ma'putiʔ,ma'ɨgdɨg,'mahag,ma'ludɨw,ma'ʔintɨk,ma'ʔaslag,ma'sagkip,ma'habaʔä,ma'nipis,mada'mɨɨ,ma'ligʔɨt,ma'ɨwʔag,'sakit,ka'sikɨw,'dahan; mani'giʔin,'bayaʔ,ma'dɨyɨw,madɨ'ʔɨt,,kadu'kilɨm,'ʔadɨw,'tuʔig,ka'ganu,'hɨbɨng,'pɨnhik,,,,'diaʔ 'saad,,,ma'dani,ma'diuʔ,ʔan'dɨʔi,,,,,,,'nɨkɨy,ʔan'taa,'duma,'tɨbɨʔ,,kɨ,'pila,'kɨnaʔ,'bilang,sɨ,'dadu'a,ta'tɨu,'ʔupat,'lima,'ʔɨnɨm,'pitu,'wau,'siʔam,sam'puuʔ,kawa'ʔan,,'gatus,'maan
437,"Manobo, Ilianen (Kibudtungan Dialect)",7.34448,124.766,ilia1236,J. Shand & H. Wrigglesworth in Reid (1971),181,https://abvd.eva.mpg.de/austronesian/language.php?id=437,bɨlad,hiβang,kɨwanan,paʔa,ʔipanɨw,ḍāɬān,pəngkāy,tilɨng,pɨmaras,mɨrɨdsik,lipukpuk,lundis,pɨka,gɨtɨk,tulan,bitukaʔ,ʔatɨy,susu; kuming,pɨmɨnayan,kilala,,ʔandɨk,lɨngɨsa,ʔulu,liʔɨg,bulβul,ʔirung,hinawa,ʔɨbpɨngarɨk,bɨʔbaʔ,ngipin,dilaʔ,ʔɨngit,sinɨhɨw,ʔutaʔ,ʔilɨb,kaʔan,mimaʔan,diʔdiʔ; ʔilutuʔ,ʔinum,kahat,ʔɨdʔuhus,tɨlinga,rinɨg,mata,kita,,lipɨrɨng,,tɨhinɨp,pinuʔu,ʔitindɨg,ʔɨtɨw,mɨʔama,mɨritan,bataʔ,ʔɨsawa,ʔɨsawa,ʔinɨy,ʔamɨy,balɨy,ʔatɨp,ngaran,kahi,tali,ʔikɨt,pɨnaʔi,rahum,,,pilak,,tulis,ʔimatɨy,minatiy,,dihis; kɨtkɨt,karad,kayu,,mɨharang,mɨʔabpul,gɨlɨbɨk,pɨmula,pɨliʔ,,,kɨmɨs,kɨmkɨm,kalut,pɨmasa,bukaan,bɨβayu,ʔantug,pilɨy,ʔasu,pɨpnuk,ʔɨtɨlug,lawi,pakpak,layap,rumat,,milambuʔ,ʔikug,ʔulɨd,ʔulɨd,kutu,tɨhɨnɨk,kɨlawaʔlawaʔ,sɨraʔ,nɨrɨʔɨtan,,dawun,dalid,kɨkibukaran,bahas,,tanaʔ,batu,pantag,wayig,,dahat,timus,ranɨw,kɨtɨlunan,langit,bulan,bituʔɨn,sɨhulapun,,ʔuran,ruhung,kilat,kɨramag,pɨriyup,mɨʔinit,mɨʔadsil,mɨmara; kagkag,mɨʔamɨs,mɨβɨhat,ʔapuy,binsul,ʔɨβɨl,ʔaβu,mɨʔitɨm,mɨputiʔ,mɨrihaʔ,mɨkɨlawag,mɨʔilɨm,dɨʔisɨk,dɨkɨlaʔ,mɨbabaʔ,mɨlayat,mɨpis,mɨkɨpal,mɨlihɨt,mɨluʔag,sakit,yɨyaʔan,daʔan; lukɨs,bɨhu,mɨʔupiya,mɨraʔat,,mɨrukilɨm,ʔandɨw,rahun,kɨʔɨnu,ʔɨlɨa,ʔambak,,,,ringid,,,mɨrani,mɨriyuʔ,ʔɨndɨʔɨ,,,,,,,ʔɨngkɨy,ʔɨngkɨy ʔɨtawa,laʔin,langun,,ʔɨmbiya,pira,waraʔ,birang,sɨβɨka,dɨruwa,tɨtɨlu,ʔɨpat,lɨlima,ʔɨnɨm,pitu,walu,siyɨw,sɨpuluʔ,dɨruwa nɨ puluʔ,,gatus,ngiβu
438,"Manobo, Kalamansig Cotabato (Paril Dialect)",6.39417,124.234,cota1241,E. C. Johnston in Reid (1971),186,https://abvd.eva.mpg.de/austronesian/language.php?id=438,bɨlad,bibang,kuwanan,lisɨn,bigkat,ukitan; dalan,tebow; teel,kiling,kahung,luʔɨdɨn,kɨpung,kunul,ʔiyug,gɨtɨk,tuʔɨlan,tagakɨn,ʔatay,susu; kagpa,p̄ɨlula,kilayam,fenemdem,kɨkimɨdangan,dɨpanug,ʔulu,liʔɨg,balut ʔulu,ʔidung,ginawa,hadɨk,ʔɨbaʔ,ngipin,dilaʔ,gɨmɨn,sinɨgaw,suwah,ʔilɨb,kaʔɨn,mamaʔin,lukotok; ʔilɨgaʔ,ʔinɨm,hɨmuʔɨd,sɨp̄sɨp̄,tɨlinga,dinɨg,mata,ʔilag,fengiyab,tudug,humibat,tɨgɨʔinɨp̄,p̄ɨnuʔu,tigdɨg,ʔɨtaw,maʔama,bayi,bataʔ,sawa,ʔɨsawa,ʔinay,ʔɨmaʔ,dalɨsan,ʔatɨp̄,ngadan,ʔikagi,tali,tagkɨs,tɨbil,dagum,ʔawuh,fenaen; timbaken,dukduk,sugaten,p̄ɨnakaw,ʔimatay,nimatay,,mikikatil; kalus,sap̄uʔ,kayu,,mɨgalang,mɨkɨp̄al,galɨbɨk,hɨmula,hɨliʔ,,,bɨlut,kɨmkɨm,tosong,bɨli,,gɨleh,buʔung,kɨnabuʔ,tuyang,manuk,ʔanak manuk,bulbul,p̄akp̄ak,layaw,ʔungeh,,tabaʔ,ʔikug,ʔulɨd,ʔulɨd,kutu,lipɨt,kop̄oh,ʔuton,kɨlɨdak,,daʔun,dalid,bulok,bunga,,tanaʔ,batu,ʔɨnay,wayɨg,,dagat,timus,lanaw,kɨtalunan,langit,bulan,bituʔɨn,gaʔɨb,,ʔudan,kilat,silaʔ,kɨlamag,hiyup̄,miʔidup,mɨgɨnaw,nitikal; bikol,nɨp̄ɨleʔ,mɨbɨgat,ʔap̄uy,tɨmtɨm,ʔɨbɨl,ʔabuh,mɨʔitɨm,mɨbulaʔ,mɨlalɨgaʔ,mɨlalag,mɨlunu,tukeʔey,dakɨl,mipokoʔ,mɨtaʔɨs,mɨnip̄is,mɨkɨp̄al,tukeʔey,mɨlabɨl,mɨsakit,mɨmala,lukɨs,magtu,mɨp̄iʔon,mɨdaʔɨt,,sigɨp,ʔagdaw,sɨgɨp̄alay,nɨngan,lidung,kagbul,,,,likitanaʔ,,,mɨdap̄ag,mɨdiyuʔ,kɨnaʔ,,,,,,,ngadan,ngadan di ʔɨtaw,tigɨsa,langun,,ʔamuk,pila,bɨkɨn,ʔɨsaʔ,sɨbaʔɨn,duwa,tɨlu,ʔɨpat,lima,ʔɨnɨm,p̄itu,walu,siyow,sɨp̄uluʔ,duwa puluʔ,,mɨlatuh,sɨngibu
439,"Manobo, Sarangani, Kayaponga Dialect",5.84903,125.499,sara1327,C. DuBois in Reid (1971),178,https://abvd.eva.mpg.de/austronesian/language.php?id=439,bʌlad,bibang,kowanan,bʌnis,ʔipanaw,,,biling,dangoy,mʌlipaʔ,napoʔ,kindal,gʌtan,gʌtʌk,toʔlan,tʌgakʌn,ʔatay,soso; kagpa,pʌngʌtobong,kilala,,lamit,dipanog,ʔolo,liʔʌg,logay,ʔidong,,ʔadʌk,bahaʔ,ngipʌn,dilaʔ,bʌbayat,kʌlag,dʌlowak,tʌptʌp,kaʔʌn,mʌmaʔʌn,sʌbo; ʔʌlomo,ʔinʌm,bangaʔ,ʔamol,tʌlinga,dinʌg,mata,kitaʔ,,tʌdogi,,tʌgʌʔinʌp,nʌnoʔo,tindʌg,ʔotaw,mʌʔama,bayi,bataʔ,ʔʌsawa,ʔʌsawa,ʔinay,ʔamay,balay,ʔatʌp,ngadan,ʔikagi,lobid,ʔikʌt,tʌbil,dagʌm,dansal,,dogsʌng,,takaw,ʔimatay,matay,,kʌtʌl; kotkot,lintʌk,kayo,,mʌgalang,ʔomol,tʌrbaho,tanʌm,malliʔ,,,kʌmʌs,ʔawid,bangbang,bayad,,binayo,ʔantog,dagdag,toyang,manok,bataʔ tʌ manok,lakay,pakpak,layang,ʔambaw,,tabaʔ,ʔikog,mʌmokan,ʔʌliwati,koto,tigʌnʌk,lawaʔlawaʔ,ʔikan,lʌdak,,dawʌn,dalid,bolak,pongo,,tanaʔ,bato,ʔʌnay,wayʌg,,dagat,ʔasin,lanaw,kʌgolangan,langit,bolan,bitoʔʌn,labon,,ʔodan,kilat,kilʌm,kʌlamag,ʔʌdop,mʌʔinit,mʌgʌnaw,pangkag; ʔilad,mʌʔamʌs,mʌbʌgat,ʔapoy,sonog,ʔʌbʌl,ʔabo,mʌʔitʌm,mʌpotiʔ,mʌlalag,bolaʔ,mʌlonaw,dʌʔitʌk,dakʌl,mʌbabaʔ,mʌlayat,mʌnipis,mʌdikʌmʌl,mʌyaktaw,mʌbʌlad,ʔʌlʌg,yaʔyaʔ,tapay; tomoʔay,kaling,mʌʔpiya,bʌdaʔʌt,,dʌlʌm,ʔaldaw,ʔomay,kano,ʔʌlʌs,nayit,,,,salad,,,mʌdapag,mʌdiyoʔ,kʌnan,,,,,,,ʔʌdʌn,sɨnɨ,sʌbad,kʌdita,,ʔaw,pila,kʌnaʔ,bilang,sʌbad,dowa,tʌlo,ʔʌpat,lima,ʔʌnʌm,pito,walo,siyam,sʌmpoloʔ,kʌlowan,,gatos,mʌlalan
440,"Manobo, Tigwa, Iglogsad Dialect",7.72124,125.16,mati1250,C. Strong in Reid (1971),177,https://abvd.eva.mpg.de/austronesian/language.php?id=440,bɨlad,gibang,kawanan,paʔa,hipanɨw,,,biu,lumbuk,bungitɨn,ʔaliabuk,langgit,pɨka,gɨtɨk,tulʔan,bituka,ʔatɨy,susu; kuming,,nataga,,kaaldɨk,langɨsa,ʔulu,liʔɨg,bulbul,ʔidung,,ngadɨg,bɨʔbɨʔ,ngipin,dilɨʔ,ngisi,sɨnigɨw,ʔiʔilɨb,ʔilɨb,kɨʔɨn,kamamiʔ,kaliʔkaliʔ; susugba,ʔinum,kagat,supsup,talinga,dinɨg,mata,kita,,lɨpidɨng,,kasɨilɨw,pinnuʔu,sasindag,ʔɨtɨw,lukɨs,malitan,batɨʔ,ʔasawa,ʔasawa,ʔinɨy,ʔamɨy,balɨy,ʔatɨp,ngadan,kagi,lubid,hikɨt,tɨiʔ,dagum,panganup,,dugsuʔ,,takɨw,himatɨy,namatiy,,digis; kutkut,pisang,kayu,,magalang,kɨnɨgʔutɨng,huling,pamula,ʔalam,,,pɨgɨʔ,kɨmkɨm,kali,palit,,binayu,dɨgpak,kɨʔulug,ʔasu,manukmanuk,ʔatɨlug,lawi,pakpak,layang,ʔambɨw,,tabiʔ,ʔikug,ʔulɨd,liwati,kutu,higtɨk,kalawɨʔlawɨʔ,ngalap,namɨuʔ,,dɨun,dalig,bulak,bɨgas tɨ kayu,,tanɨʔ,batu,pantad,wɨig,,dagat,ʔasin,lanɨw,kɨilawan,langit,bulan,bituʔɨn,gapun,,ʔudan,lugung,kilat,kalamag,hiup,miʔinit,maagsil,mammada; dampil,nasubid,mabɨgat,hapuy,silab,ʔɨbɨl,ʔatigbun,mɨʔitɨm,maputiʔ,malalab,makalawag,mɨilɨm,dɨʔisɨk,dakɨl,malipit,malayat,manipis,makɨpal,maligʔɨt,maluʔag,masakit,kɨilɨw,tapiy; buyag,bagʔu,mɨʔupia,madɨʔɨt,,madusilɨm,ʔaldɨw,tuʔid,kɨnʔu,hɨlɨs,pamanɨik,,,,silib,,,madani,madiuʔ,hɨndɨʔɨ,,,,,,,nɨkɨy,hɨntɨw,dangɨb,ʔɨlinʔɨlin,,kɨ,pila,kɨnɨʔ,sɨʔɨl,sabɨka,dadua,tatɨlu,hɨpʔat,lalima,hɨnʔɨm,pitu,walu,siam,sapuluʔ,daduam puluʔ,,nanggatus,libu
"441, 144","Manobo, Western Bukidnon; Western Bukidnon Manobo",7.6682,124.825,west2555,R.E.Elkins in Reid (1971); Lawrence A. Reid,207,https://abvd.eva.mpg.de/austronesian/language.php?id=441; https://abvd.eva.mpg.de/austronesian/language.php?id=144,bɨlad,givang; givaŋ,kɨwanɨn; kewanen,paʔa,hipanɨw; hipanew,dalan,hendini,biyu,languy; laŋuy,remerik,ʔɨliyavuk; eliyavuk,lundis,pɨka; peka,gɨtɨk; getek,tulan,bituka,ʔatɨy; atey,susu; kuming,pɨmɨnayɨn; pemenayen,kilala; tendek,isip,handɨk; handek,lɨngɨsa; leŋesa,ʔulu; ulu,liʔɨg; liʔeg,bulvul,ʔizung; izuŋ,gehinawa,hazɨk; hazek,baʔbaʔ,ngipin; ŋipen,dilaʔ,ʔɨngit; eŋit,luǥib; sinegew,ʔutaʔ; utaʔ,ʔilɨb; ileb,kaʔan,mimaʔan; sepaʔ,diʔdiʔ; suba,ʔinum; inum,kaǥat,supsup,tɨlinga; teliŋa,dinɨg; dineg,mata,ʔahaʔ; ahaʔ,heyʔam,lipɨzɨng; lipezeŋ,hizeǥaʔ,tɨǥiʔinɨp; teǥiʔinep,pinuʔu,bitindɨg; hitindeg,ʔɨtɨw; etew,mɨʔama; meʔama,bahi,bataʔ,ʔɨsawa; esawa,ʔɨsawa; esawa,ʔinɨy; iney; ineʔ,ʔamɨy; amey; amaʔ,balɨy; baley,ʔatɨp; atep,ngazan; ŋazan,kagi; kaǥi,pisiʔ; tali,hikɨt; hiket,tahi; tahi',raǥum,ʔanup; anup,panaʔ,tɨmpaling; sundaŋ,pukpuk,takɨw; takew,hɨmatɨy; himatey,minatiy; minatey,uyag,digis; kutkut,karad; getas,kayu,gurey,garang; garaŋ,dumpɨl; dumpel,baʔul,pɨmula; pemula,piliʔ,tuvuʔ,levag,kɨmɨs; kemes; kemuʔ,kɨmkɨm; kemkem,banbang; baŋbaŋ; kalut,pɨmasa; pemasa,puwas,bɨvauy; bevayu,timbag,ʔulug; ulug,ʔasu; asu,tagbis,ʔimpis; impis,lawi; bulvul,pakpak,layang; layaŋ,rumat,usa,taviʔ; taveʔ,ʔikug; ikug,ʔulɨd; uled,liwati,kutuʔ,rɨngit; reŋit,kɨlɨlawaʔ; kelelawaʔ,paʔit,rɨdak; redak,subpaŋ,dahun,dalid,kɨvukad; kevukad; bulak,bɨgas; beǥas,sagbet,tanaʔ,batu,pantad,wahig,,daǥat,timus,ranɨw; ranew,kɨtɨlunan; ketelunan,langit; laŋit,bulan,bituʔɨn; bituʔen,gapun,,ʔuzan; uzan,ruǥung; raǥuŋ,kilat,kɨramag; keramag,hiyup,ʔinit; init,gɨnɨw; genew,maza; kagkag,hamɨs; hames,bɨǥat; beǥat,hapuy,binsul,ʔɨvɨl; evel,ʔibmuk; ibmuk,ʔitɨm; item,putiʔ,riǥɨʔ; riǥeʔ,kɨlawag; kelawag,ʔilɨm; ilem,dɨʔisɨk; deʔisek,dɨkɨlɨʔ; dekeleʔ,bavaʔ; dɨʔisɨk,layat,nipis,kɨpal; kepal,liǥɨt; liǥet,luʔag,sakit,ʔɨlɨd; eled,daʔan; gurang; guraŋ,bɨǥu; beǥu,ʔupiya; upiya,daʔat,benar,dukilɨm; dukilem,ʔandɨw; andew,tuʔig,kɨʔɨnu; keʔenu; heʔin,ʔɨlɨs; eles,pɨmɨnahik; pemenahik,di; duʔen,seled,divavew,dizalɨm; dizalem,heʔini,heʔazaʔ; heʔeyan,ʔuvɨy; uvey; rani,diyuʔ,hɨndɨʔɨ; hendeʔi,siʔak,sikew,sikandin,sikitew; sikami,sikiyu,sikandan,hɨngkɨy; heŋkey,hɨntɨʔi; henteʔi,sɨvɨha; seveha; selakew,ʔɨlin; elin; laŋun,wey,ʔɨmum; emun; ke,pira; menu,kɨnɨʔ; keneʔ,bilang; bilaŋ,sɨvɨha; seveha,dɨzuwa; dezuwa,tɨtɨlu; tetelu,hɨʔɨpat; heʔepat,lɨlima,hɨʔɨnɨm,pitu,walu,siyɨw,sɨpuluʔ,kɨluwaʔan,,gatus,libu
442,Mansaka,6.79221,126.181,mans1262,G. Svelmoe in Reid (1971),205,https://abvd.eva.mpg.de/austronesian/language.php?id=442,bɨktɨn,kawara,karintu na ʔutaw,bitiʔis,panaw,daran; ʔagiyan,kaní,sigɨng,languy,maripaʔ,ʔăbug,paris nang ʔutaw,likud nang ʔutaw,dɨbdɨb,pɨsaʔ,tinaʔi,ʔatay,ʔăba,ʔabaga,kilara,ungud-ungud,ʔallɨk,duguʔ,ʔuru,liyɨg,lugay,ʔilung,ginawa,baʔuʔ,babaʔ,ʔuntu,dilaʔ,ʔikɨl,tiyaʔuʔ,sukaʔ,tubad,kaʔan,mamaʔ,subu; lutuʔ,ʔinɨm,kagat,sɨpsɨp,taringa,dɨngɨg,mata,kitaʔ,,turug,koráng; páklang,tagaynɨp,ʔingkud,ʔindɨg,ʔutaw,ʔɨsɨg,bubay,ʔisɨʔ,bana,ʔasawa,ʔinaʔ,ʔamaʔ,baray,ʔatɨp,ʔaran,surit,lubid,ʔɨkɨt,tabing,dagɨm,ʔagus,timbak; pintik,dusmag,ʔigoʔ,takaw,patay,patay,,katɨl; karut,kilab,kapuy,tungaʔ; siyak; baʔin,matarum,mangangɨl,gawbɨk,tanɨm,piliʔ,toboʔ; tórin,magaʔ; ʔubag; borot,kɨmɨt,takmag,kutkut,bili,ʔowáng,lɨbɨk,timbag,ʔurug,ʔidug,langgam,ʔitlug,bubul,panid,layug,ʔambaw,silaʔ; ʔonod,taviʔ,ʔikug,tinanap,karɨg,kutu,tagnɨk,kugkug,kaya,dŭnut,sanga; batáng,daʔun,gămut,bulak,bunga,sagbút; dagút,lupaʔ,batu,buwangin,tubig,daroy; ʔágas; ʔanod,dagat,ʔasin,danaʔ,kagurangan,ʔawanan,buran,bituʔun,panganud,ʔaroʔ; gabon,ʔuran,lintiʔ,kilat,samɨt,ʔuyup,mapasuʔ,manikiʔ,baʔas; birad,basaʔ,mabɨgat,ʔaturun,sunug,ʔɨbɨl,ʔabu,maʔitɨm,maputiʔ,mapura,binaning,marunaw,tagbiʔ,dakuraʔ,pandak; makagpaʔ,maʔabaʔ,manipis,madakmɨl,mapiyɨt,marakbang,masakit,ʔarig,dadaʔan; matading,bagu,dăyaw,maʔat,matungtung; tinuud,gabi,ʔallaw,tuʔig,kanu,taguʔ,panik,,,,sarad,ngini; yani,nginyan; yaan,masaʔid,maʔawat,diʔin,ako,ikaw,siya; yaan,kami; kita,kamo,silan,nana,sini,tubuk,karikuʔă,aw; arag,ʔaw,pila,bɨkɨʔ,bilang,ʔisa,duwa,turu,ʔupat,lima,ʔɨnɨm,pitu,waru,siyam,sampuruʔ,karuwaʔan,karimaan,gatus,mararan
491,Mapun,6.09061,118.75,mapu1244,Mapun-English Dictionary (Collins et al 2001),208,https://abvd.eva.mpg.de/austronesian/language.php?id=491,tangan,kayli; kili,kawnan; konan,battis; bittis,lumān,lān,pitu,bibay; bibud; biluk; liko'; paling; sigpang,langi,lama'-lama'; lama',momok,kuwit,bukut,babat; battong,towang,babat; tabbuk,atay; atoy,dakan; duru',baha,tau; toon,hiyang-hiyang; kanna; kumpas; niyat; piki,tawu,laha',kōk; takōk,kallong,dawun; dun,sammo,inansong; napas,sangngok-sangngok; ūk,behe,impon,dalla',tatto,tangis,uta',lura'; luwa,kakan; mangan,papa',buwat le' mangan; tahak,inum,keket,sassop,tinga,kē; kale,mata,kita; nda',owap,tuli,bāk,upi,tingkō,tangge,jama; manusiya',lalla,danda,anak,lla,nda,indu'; nne',mma',luma',sapaw,awon,bā'; halling; kawul; lapa; suwara; yuk,ingkot,ingkot; bintus; lagot,tahi',panahi',,timbak,dugsu'; punyal; suruk; tugsuk,badji; suntuk,tangkaw,bono'; patay; patoy,imuwa; matay; patay; uwapat; wapat,lahat,gahit; kakayaw,kantama'; tigad,,bakka'; leak; selak,tawom,tompo; pappod; popo,buwat,labbong; tanom,pene',tomo',buntu'; kattud; kattung,gipit; pagga'; passi,ntan; kammo; komkom; tayak,kali,balli,buka; buka'; bukis; lassu,tappa; dapi'; lagpi',hiyak,labu'; latak; hantak,ido'; iro',manuk-manuk,intallo; ntollo,bū,pikpik,lomeng,babaw,sumbalian; isi,hambug; lammok,ingko,sō,uwot,kutu,langnget,lawa',daying,halu',engas,dawun; dun,gamut,sumping-sumping,buwa',tahid; kuhun; parang; lumput,gumi; tana',batu,ungus,bohe',liyud,dilawut,timus,danaw,guwangan,awan; langit,buwan,potean,tayi' baliyu,ambun,uwan,guntu,mangirat,baliyu,tiyup,pasu',tanne,kaling; katta'; laggu'; langkoy,base'; ngambang,bohat,api,tunu,humbu,abu,itom,pote',akket; ngallab,kunit,garung,diki',luha; mehe,pinggod; pook,taha',lannik; nipis; usuk,baga; kapa; sabbo,kiput; pipit,lambu; sabbo,bisa; paddi; saki,iya',toa,bahau,mahāp,maat; dahulaka'; dusa; jahallis; kalaatan; tillaka',mattan; patut; tuwa'; bana; matten; sabanna,bahangi; sangom,allaw; llaw,taun,milan; apabila; bila; bong; hmilan; pag; sumilan,tapuk,dāg,hambit; hiyun; huwin; ni,ni; jawom,jatá; jataan; njataan,ndiyò; ngammo,itee; ituu; tē; tee; tuu,ilooy; inē; inaa; looy; naa; nee,pook; tapit; tappi,tā; lawak,ningga; ninggai; noy,aku; ku,ko; kau,ya; iya; na,kami; kitabi; ta; tabi,bi; nu; kaam; kam; ko,da; sila,oy?; soy,soy,sarī,labbasakayi; lansung; lunlun; mimon; sikamimon; suku,ka; maka,apabila; bila; bong,pooy,niya'; ya',itung,dambuwa'; disu; issa; mba'; mbuwa',duwa,tallu,mpat,lima,nnom,pitu',wawu',siyam,sapū,duwampū',limampū',hatus,libu
86,Maranao,7.79414,124.175,mara1404,McKaughan & Macaraya (1967),209,https://abvd.eva.mpg.de/austronesian/language.php?id=86,lima,diwaŋ,kawanan,aqi,lalakaw,lalan,danon,tiŋer,laŋoy,marimog,lopapek,anit,likod,babat; tian,tolan,tinaqi,atay,soso,waga,bentaw; katawan,iram,kawan,rogoq,olo,lig,bok,ŋ|iroŋ,peŋ-gi|nawa,baŋo,ŋariq,ŋipen,dilaq,kalaq,olaqol,otaq,otaq,kan; koman,sepaq,lotoq,inom,kekeb,sosop,taŋila,makineg,mata,ilay,,torog,igaq,taginep,ontod,i|rigi,taw,mama,bebay,bataq,kawiŋ,kawiŋ,inaq,amaq,walay,atep,ŋaran,gandiŋ,tali,iket,pamanaqi,ragom,anop,timbak; panaq,sandak,totog,panekew,bonoq,matay,oiag,kaket,titig,kayu,sipak,tarem,tepol,kogi,pamola,piliq,toq,kembaŋ,kemel,kapet,kali,mamasa,okab,dakdak,itog,olog,aso,papanok,orak,bolbol; bombol,papak,layog,ria,sapoq,siboq,ikog,nipay,kalalanoqan,koto,reŋit,lalawaq,sedaq,gabok,saŋa,raqon,dalig,bolak,[b]oŋa,otan,boteq,wato,peted,ig,boak,ragat,asin,lanaw; ranaw,kalasan,laŋit,olan,bitoqon,gabon,lekep,oran,dagoqoŋ,kilat,aŋin,sagosob,ma-lipoqot,ma-teŋgaw,ma-gaŋo,basaq,beteŋan,apoi,totoŋ,bel,ombi,ma-item,ma-potiq,ma-rigaq,dolaw,gadoŋ,ma-itek,dakolaq,ma-babaq,ma-labaq,ma-nipis,ma-kapal,ma-simpit,ma-belaŋ,ma-sakit,ma-mala,ma-toqa,bego,ma-pia,ma-rataq,ontol,gagaoiqi,aloŋan,ragon,ai; anda,dales,ma-manik,san,san; romboq,liawaw,babaq,ini,anan,ma-rani,ma-watan,anda,ako,ka; kaw,sekanian,kita; kami,kano,siran,ai; anda,antai,sambidaq,belos,[a]go,ontol,ai; anda,diq,bilaŋ; iap,isa,doa,telo,pat,lima,nem,pito,walo,siyaw,sapoloq; poloq; watiq,dowa poloq,lima poloq,gatos,nggibo
"788, 1467, 277, 389, 408",Marinduque Tagalog; Mindoro Tagalog; Tagalog; Tagalog (Anthony dela Paz),14.059999999999999,121.747,taga1270,Rosa Soberano; Native Tagalog speaker; Ted Llamzon; My knowledge in Tagalog; Anthony dela Paz,210,https://abvd.eva.mpg.de/austronesian/language.php?id=788; https://abvd.eva.mpg.de/austronesian/language.php?id=1467; https://abvd.eva.mpg.de/austronesian/language.php?id=277; https://abvd.eva.mpg.de/austronesian/language.php?id=389; https://abvd.eva.mpg.de/austronesian/language.php?id=408,kamay; kamáy,kaliwa; kaliwâ; kaliwáq,kanan; kánan,pa:qa; bintî; paa; paqá; bintipaa; binti,la:kad; lumákad; mag-lakad; lumakad; maglakad,da:qan; daan; landás; daqán,dumatíng; datíŋ; pumunta,lumikô; lumikóq; lumiko,lumangoy; lumangóy,marumi; madumi; madumí; marumí,qalbuk; qalpug; alikabok; abo,balat; balát,likod; likód,tyan; tiyán; tiyan,butqu; butó; buto,bituka; bitúka,qatay; atay; atáy,su:su; suso; súsu,balíkat; amóy; balikat,malaman; alám; alamin,mag-isip; isipin; magísip; magisip,matákot; maduwag; tákut; matakot,duguq; dugô; dugóq; dugo,qu:lu; ulo; úlo,li:qig; leeg; liqíg,buhuk; buhok; buhók,qilung; ilong; ilóŋ,humingá; humiŋá; huminga,suminghot; amuyin; singhutín; amuyín; amoy,bibig; bunganga; bibíg,ngi:pin; ngipin; ipin; ŋípin,di:laq; dila; dílaq,tumawa; tumáwa,umiyak; umiyák,sumuka; sumúka,duraq; lumurâ; dumurâ; lumuráq; dumuráq; dumura; sumuka,ka:qin; kumain; kumáin,nguyaín; ŋuyaqín; ngumuya,lutuin; maglútoq; magluto; mag-luto,qinum; inumín; uminóm; uminom,kagat; kalut; kagatín; kumagat; kumugat,sipsipín; humígop; sumipsip; sumisip,taynga; tainga; taqiŋa,dinig; madingig; madinig; makiníg; makinig,mata; matá,ki:ta; makita; makíta; tumiŋín; tumingin,hakay; humakay; humikab; humigáb; maghikab; hikab,tu:lug; tumúlog; túlug; matulog,higaq; humigâ; humigáq; humiga,managínip; managinip,qupuq; umupô; umupóq; tumirá; umupo,tindig; tumayô; tumindig; tumindíg; tumayo,ta:wu; tao; ta:o,lala:ki; lalaki; laláki; lalake,baba:yi; baba:qi; babae; babáqi,anak; anák; bata,asawang lalaki; asáwaŋ laláki; asawang lalake,asawang babae; asáwaŋ babáqi; saswang babae,iná; ina; inay; nanay,amá; ama; itay; tatay,báhay; bhay; bahay,atip; bubóng; atíp; bubong,panga:lan; pangalan; paŋálan,sa:bi; ganqun; gaqun; sabihin; magsalitáq; sabíhin; mag-salita,lúbid; tali; táliq; lubid,itali; igapos; talíqan; talian,tahiín; magtahiq; mag-tahi; tahiin,karáyom; karayom,mangaso; mamaríl,panain; barilín; mamana,saksakin; saksakín; sasakin; manaksak,paluin; itápun; tamáan; pumalo,nakawin; magnákaw; magnakaw,mapatay; patayín; magpatáy; pumatay; patayin,mamatay; patáy,mabúhay; búhay; mabuhay,kamútin; kumamot; kamutin,tadtad; sibakín; putúlin; pumutol,patpat; káhoy; kahoy,hatíin; biyakín; biyakin,mata:las; matalim; talím; matulis; matalas,mapurul; bungul; mapurol; mapuról,magtrabáho; magtrabaho; gumawa,magtaním; mágtanim; magtanim,mamílî; mamíliq; pumili; mamili,lumakí; tumaás; tumú boq; tumubo,mamagâ; magnána; mamagaq; mamaga,katasín; pigaqín; pigain,hawákan; hawakan,hukáyin; paramíhin; maghúkay; maghukay,bumilí; mamilí; mamili; bumili,buksán; magbukás; magbukas; buksan,bayuhín; tukaqín; batè; magbayo,batuhín; itápon; batohin; ibato,malaglag; mahúlog; bumaksak; bumagsak,qa:su; áso; aso,qi:bun; íbon; ībon; ibon,qitlug; qiklug; itlóg; itlog,balahi:bu; bagwís; balahíbo; búhoq; balahibo,pakpak; pakpák,lipad; málipad; lumipád; lumipad,dagâ; dagáq; daga,karni; qu:lam; karne; lamán; laman,tabaq; tabâ; tabáq; taba; sebo; grasa,buntut; buntot; buntót,áhas; ulupóng; ahas,qu:hud; buláte; anlalágo; uqód; bulate,ku:tu; kúto; lisâ; kútu; kuto,namuk; lamok; lamók,la:waq; gagambá; láwâ; gagamba,qisdaq; qu:lam; isdâ; isdáq; isda,bulok; agnás; mabáhoq; nangamoy,sangá; saŋá; sanga,da:hun; dahon; dáhon,qugat; ugat; ugát,bulaklak; bulaklák,bunga; buŋá,damó; damo,lu:paq; lupâ; lúpaq; lupa,batu; bató; batú; bato,buhangin; buhángin; pásig; buháŋin,tu:big; túbig; tubig,umágos; umagos; dumaloy,da:gat; dágat; láud; dagat,asín; asin,láwa; láwaʔ; lawa,gúbat; gubat,lángit; láŋit; langit,bu:wan; buwan; buwán,bitu:qin; bituín; bituqín; bituin,panganu:rin; qalapa:qap; úlap; ulap,alapáap; hamóg; hamog,qulan; ulan; ulán,kulog; kulóg,kidlat; kidlát,hángin; háŋiŋ; hangin,hi:hip; umíhip; umihip; humipan,maqi:nit; mabanás; maínit; maqínit; mainit,malamig; magináw; malamíg,tuyuq; tuyô; tuyóq; tuyo; tumuyo,basâ; basáq; basa,mabigqat; mabigat; bigát,qapuy; apoy; apóy; sunog,su:nug; sunúgin; masúnog; masunog,qasu; qu:suk; úsok; humithít; usok,qabu; abó; abú; abo,qitim; itim; itím,putiq; putî; puti,pula; pulá,dilaw; diláw,berde; bérde; luntian,mali:qit; malíit; maliqít; maliit,malaki; malakí,maikli; maigsi; pandak; pandák; maiksi; mababa,maha:baq; mahába; mahábaq; mahaba,manipis; silag; manipís,makapal; makapál,makipot; makitid; makípot; makítid,malúang; malúwág; malápad; maluwag; malapad,masakít; sakít; masakit; maysakit,mahiyáin; hiyáq; mahinhin; mahiyain; ikinahihiya,matandâ; matandáq; matanda,ba:gu; bágo; bago,mabúti; mabuti,masamâ; masamáq; masama,hustu; támâ; totoó; tutoqó; tama; totoo,gabqi; gabí; gabi,qa:raw; umága; áraw; umaga; araw,taón; taqón; taon,kaqilan; kailán; kaqilán; kailan,itágo; magtágoq; magtago; itago,qakyat; qadyu; panhik; sampa; umakyat; pumanhík,sa,lu:qub; loob; [sa] loqób; sa loob,itaás; itaqás; ibabaw; itaas,ibabâ; ibabáq; ilalim; ibaba,qitu; itó; ito,yaqan; yan; yuqun; yun; iyán; iyón; iyan; iyon,malápit; malapit,maláyo; maláyoq; malayo,saqan; saán; saqán; saan,qaku; akó; ako,qikaw; kayó; silá; ikaw; kayo,sya; siyá; siŋá; siya,kita; ta:yu; kami; táyo; kamí; tayo,kayu; kamu; ikaw; kayoŋ lahát; kayo,sila; silá,qanu; anó; ano,si:nu; síno; sino,qiba; ibá; iba,lahat; lahát,at,kung; kuŋ,paqanu; paáno; papaqáno; paano,hindiq; qindiq; hindí; hindi,bilángin; magbílaŋ; magbilang,qisa; isá; isa,dalwa; dalawá; dalawa,tatló; tatlo,ápat; apat,limá; líma; lima,ánim; anem; anim,pitó; pito,waló; walo,siyám; siyam,sampû; sampú'; sampúq; sampu,dalawampû; dalawampúq; dalawampu,limampû; limampúq; limampu,isang dáan; sandáan; isáng daqán; isandaan; isang daan; sandaan,isang líbo; sanlíbo; isáng líbo; isanlibo; isang libo; sanlibo
755,Masbatenyo,12.21453,123.63579,masb1238,Elmer P. Wolfenden,209,https://abvd.eva.mpg.de/austronesian/language.php?id=755,kamot,wala,tuo,tiil,lakaw,dalan,magdáyo,maglikô,maglangóy,buringón; màatî; mahigkô,abog. alpog,panit,likod,tiyan; pus-on,tul-ang; bukog,tinâi,atay,suso; dudo,abaga,mag-árà,magísip; maghúnà,magtálaw; mahadlók,dugo,ulo,liog,buhok,irong,magginháwà,maghíngos,ba-ba,ngipon,dila,magtawá,magtángis; magngúsngos,magsuká,magludâ; magtúpra; maglúwà,magkâon,supàón,magsugnâ; magsung-ág,mag-inom,magkagát,magsupsóp; magyupyóp,talinga,magbatî,mata,magkítà,maghákay; maghuy-áb,magkaturóg,maghigdâ,magdámgo,mag-ingkód,magtíndog,tawo,lalaki,babayi,anak,asawa,asawa,iloy,ama,balay,atop,ngaran,magsábi,pisi,gakúton,magsórsi,dagom,mangáyam,magtíra,magbunô,mag-úmpag,maghúthot; magpandúkot,magpatáy,mamatáy,buhay,magkárot; magkáyas,magpútol,kahoy,magbuák; maggís-ak,mataróm,mangángol,maghiwág,magtanóm,magpílì,magtúbò; magturók,magbútod; maghubág,magpugâ,maghúyot,magkútkot; mag-úkat,magbakál,mabuká,magbalbág,magbunô,maghúlog; magbagsák,aso; ayam; ido,sapat,itlog,barahibo,pako; pakpak,maglupád; magláyog,iraga; yatot,unod,taba,ikog,ahas; sawa,bulati; ulod,kuto,namok,lawa,isda,bulok; dunot,sanga,dahon,gamot; ugat,burak,bunga,siot; dinghot,duta,bato,baybay,tubig,mag-ágay; mag-ílig; màáwas,lawod,asin,,kakahúyan,langit,bulan,bituon,dampog,alupuop; dampog; singaw,uran,dalugdog; daguhob,idlap; kidlat; kilat; linti,hangin,huyupón,mà-inít-inít,mahagkót; matúgnaw,mamará; uga,basa,mabug-at,kalayo,mag-ánta; mag-úlyab,aso; usok,abo; agbon,itom,puti,pula,dulaw,birde,dyot; dyutay,dako,halíp-ot,halabâ; halawíg,manipís,dakmol,makípot; masígpit; hayigpit,halapad,sakit,alo,laon; lagas,bag-o,màáyo,lain; maràót,tama; matûod,gab-i,adlaw; araw,tuig,san-o,magtágò,magsakâ,nasa,sulod,ibabaw,ubos,ini,ina; idto,halápit; harani; apiki,harayo,hain,ako,ikaw; ka,siya,kita; kami,kamo,sinda,ano,sin-o,iba,tanan,kag,kun,pan-o; sing-ano,indi,magbílang,isad,duha,tulo,upat,lima,unom,pito,walo,siyam,napúlò,baynte; binte,singkwenta,gatos,libo
405,Pangasinan,15.9377,120.365,pang1290,Emerich Daroya,210,https://abvd.eva.mpg.de/austronesian/language.php?id=405,lima,caoigi,caoanan,sali; bih-king,acar,carsada; dalan; lansangan,laka; unla; gala,liko; telek,langoy,marutak; dutak,dabok; dutak,balat; baog; ubak,beneg,eges,pokel,pait,altey,suso,takeb,amta,nunot,takot; antakot,dala,ulo,beklew; tenger,buek,eleng,engas,angob,sangi,ngipen,dila,elek; unelek,akis; unakis,uta; unuta,lutda; unlutda,mangan,acan; quetquet; gatgat,luto; manluto,inom; uninom,quetquet; quetqueten,supsop; supsopen,layag,denguel; denguelen,mata,nengneng; nengnengen,uoab; oab; unoab,ogep; unogep,ducol; unducol,mancocoguep,irong; unirong,laguey; unlaguey,too,laki,bii,ugaw; anak,asawa; masiquen,asawa; aculao,ina,ama,abong,atep,ngaran,baga; ibaga,singer; taker; lubir,isinger,dait; idait,dagum,anop,tira; tiraen; paltog,saksak; saksaken,tira; tiraen,mantakew,manpatey,unpatey; inatey,nabilay; abilay,gugo; gugoen,manbisil,kiew; kiyew; bislak,paldua; palduaen,macdem,epel,mantrabajo; trabajo; kimey; mankimey,mantanem; tanem,manpili; pili,tubo; untubo,onlarag; unlarag,pespes; pespesan,imben; imbenan,kutkot; mankutkot,saliw; mangaliw,lucas; lucasan,tapok; bayo; bambu,tupac; itupac,pelag; napelag; pattak; napattak,aso,manok; taras,itnol,bago,payak,tikyab; untikyab,utot,carne; laman; katat,taba,icol,uleg,alumbayar,cuto,agueyet,gueng-gueng,sira,abulok; nabubulok,sanga,bulong,ulat,rosas; bulaklak,prutas; bunga,dika,dalin,bato,buer,danom,agos,dayat,asin,ilog,cakyewan; taquel,tawen,bulan,biteuen,lurem,kelpa; mankekelpa,uran,carol,kirmat,dagem,sibok; sibukan,ampetang,ambetel,amaga,ambasa,ambelat,po-ol,puolan,ashoot; asiwek,dapul,andeket,amputi,ambalanga,duyaw,verde; maeta,melag,baleg,melag; antiquey,anduquey,mabeng,mataba,mainget,maawang,ansaquit,ambaeng,akulaw; masiken; daan; matak-ken,balo,maong,alɨwaɨ; maoges,duga,labi,agew,taon,kapigan,amot; unamot; iyamot,calab; uncalab,dia; dima'd,wala ed; dalem,taguey,leksab,aya,aman,asingger,arawi,iner,siak,sika,sikato,sikami,sikara (plural),sikara,anto,siopa,arum,amin,tan; insan,no,panon; panon to,andi,bilang,sakey,duara; duá,talura,apatira,limara,animira,pitura,walora,siamira,samplora; isa pulo,veinti; duwamplo; duamplo,cincuenta; limamplo; lima pulo,ciento; sanlasus,mil; sanlibo; isa libo
1275,Ratagnon,12.2785,121.187,rata1245,Barbian (1977),166,https://abvd.eva.mpg.de/austronesian/language.php?id=1275,alíma,walá,walá,,panaw,dalan,,,lumangóy,maburíng; kikî,mabakod,panit,likód,tiyán,banóg,bindunggo,atáy,suso,abaga,,umanón; dumdumún; painuinu,atlók,dugô,ulo,ingkoy,buók,iróng,,singut,bába,ípon,dila,kadláw,tangís,sukà,,makaon,tilad,dabukan,,,,talinga,pamatí,matá,makita,panguyáb,amoók,uwáy; magpauwáy,,takas,,,binata,daraga,bata,asawa,asawa,ináng; nanay,amang; tatay,baláy,bubungán,aran,sugidan,,gapusun; igotán,,dagum,mangayam,pabakas; pantók,bunó,nadulután,takawán,,patay,,karot,,,lapaun,,bugól,budláy,tanóm,pili,,malisód,pugaun,,magkalî,bakál,aruman; bukasán,magbuyó,balituk,malagpák,ayam,pispís; balod,itlóg,,pakpák,lupád,ambú,,,ikog,magkál,alilago,kayumád,namók; balangkád,lawa,isdâ,lubók,salingsíng,dahon,gamót,bulaklák,durong; boa; bunga,,lugtâ,bató,ángin,tubì,mainay; unás,katunggán,asín,danáw,talunan,langit,bulan,bituón,rorom,ambon,urán,lintê,kilát,ángin,,,maramíg,ugá; na-,,mabuyat; bug'át,kalayo,surután,asó; tulós,abô,maitóm; dulúm,maputî,pulá; mapulá,pulá,iláw,maistán; marintúk,laún; baól,manabá,labog,manipís,,,malapad,dahilán; sakít,tangís; tiyá; uyâ; huyâ,gurang,bago,maál,maibarâ; masamâ,,gabí,init,dagún,inoro,,sakà; gasabód,,,,,digé,sandá,marapít,marayó,sadin,akó,ikáw,tana,kitá; kamí,kamó,sandá; kanandá,,sintahún; sinudan; sino,ibá,tanán,,,paywán,,,isará,daruwá,tatló,apat,limá,anum,pitó,waló,siyám,napolo,,,sanggatós,
687,Romblon,12.4047,122.56,romb1245,Fe Aldave Yap,191,https://abvd.eva.mpg.de/austronesian/language.php?id=687,kamót,wayá,tu'ó,sikí,panaw,dáyan,kɑrî,tíyog,langóy,mahigko',dapódapó,anit,likód,tiyán,túy'an,tiná'e,atáy; agtáy,soso,abága,kilaya,,paghádlok,dugó'; rugo,úyo,lí'og,,ilóng,hɑnggúp,amoy; baho',ba'ba',ngípon,díla',hayakhak,tángis,súka,pilá'; pagsipya,pagká'un,súpâ,lúto',pag'inum,kagát,sopsop,talínga,batí',matá,pagtan'aw,,matúyog,hígdâ,dámgo,pagpóngko',tindog,táwo,liyáki; kayaki,babáye,anak; ongá',asáwa,asawa,nánay,tatay,bayáy,atóp,ngayan,hámbay,písi',kog'ong,tahí',dáyom,pangusá,,buno',,pagpangáwat,patáy,,,káyot,híwa',,,matayóm,dúmpoy,trabaho,pagtanóm,píli',pagdàkü,hubág,pugá',kapót,kutkot,bakáy,búksâ; búksɨ,bayó,itsa,hulog; huyog,áyam; iro',pispis; yanggam,itlog,bayahíbo; buyboy,pakpak,paglupad,ambo',,tambok,íkog,sawá,lagólagó,kóto,lamók,lawa',isda,sirá',,dáhon,gamót,búyak,bunga,gúnàhôn,dúta',bató,baybay,tubi',,dágat,asín,dánaw,kakahuyan; kakabyasan,lángit,buyan,bitú'on,gay'om; rampog,,uyán,dayógdog,kílat,hángin,huyóp,ma'ínit,malamíg,ugá,basá',bug'at,kaláyo,súnog; sugá',asó,abó,maitúm,putí',poyá,duyaw,berde,maisót,dako; rakó',matag'od,mahába',manipís,madákmoy,makitid,malápad,sakít,huyá',magúyang,bag'o,ma'ayo,malá'in,,gab'i,adlaw,tú'ig,san'o,tágo'; pagtago',saka',,,,idayom,iní,iná'; adto; itón,malápit,malayó',di'ín,akó,ikaw,siyá,kitá; kamí,kamó,sinda,ano,sin'o,ibá,tanán,kág,kong; kon,,índi'; bukón,bilang,isá,duhá,tuyó,upát,limá,unóm,pitó,wayó,siyám,napúyo',beynte,,gatós,líbo
494,S.W. Palawano,8.67624,117.36,sout2916,Bill Davis,210,https://abvd.eva.mpg.de/austronesian/language.php?id=494,elima,gibang,kewanan,tiked,panew; manew,dalan,ato'; mato',isi'; misi' et gibang; misi' et kewanan; misi' et debdeb,langoy; lumangoy; meglangoy,meridi',elikabok,kulit,likod,berebewang; beteng,tulang,tine'i; bituka,atey,dudo',ebaga,seod; keseudan; meseudan,pikir; memikir,takot; tumakot,dugo',ulo,lieg,buek,edong,ginawa; megginawa,arek; marek; erkan,munong; baba',nipen; bigang; tango,dila',kesit; kumsit,siak; sumiak,suka; sumuka; kesuda,ibeg; mibeg,kumaan; kaan; mengaan,sepa'; megsepa',iluto'; meg'iluto',inom; minom,kagat; kumagat,sepsep; megsepsep,telinga,kingeg; kumingeg; pekingeg,mata,mebiri'; biri',wab; megwab,iga'; miga',buntol; pebuntol,teginep; meneginep,adong; peadong; madong,teyeg; tumyeg,taaw,lelaki,libon,memulek,esawa; esawa na' lelaki,esawa; esawa na' libon,indo',ama',benwa,sapew; pawed; pinawed,ngaran,beres; meres,tali; siget,siget; sumiget; sigtan,tehi'; tumehi',dagom,subok; menubok,pana'; megpana',seksak; sumeksak,lipak; lumipak; meglipak,takew; menakew; laog,imatey; mengimatey; mimatey,patey; matey,biag; megbiag,kutkot; kumutkot; mengutkot,tigbas; tumigbas,kayo,randang; bela'; megbela'; ridis,metarem,megaddel,keradya; megkeradya,luak; lumuak; mengluak; sasad,pili'; memili',dekla'; dumekla',baga'; maga',megpega; pega,kepet; kumpet,kali; megkali,elen; melen,tumukas; tukas,lebek; menglebek,bakal; megbakal,degdag; dumegdag; medegdag,ideng,begit,tilog,bulbol,elad,lepad; lumpad,belab,uned,taba',ipos,seli,lungati,kuto,kuramot; tegnek,kelelawa',seda',burok; meburok,sanga,deon,gamot,burak-burak,bua',kenit-kenit,lugta',bato,egis,danom,burbor; murbor,dagat; lawed,asin,-,talon; geba'; bengley,langit; lengew-legnew,bulan,bituen,inarak,habong,delek,duldog,kilat,deres,dumres; tepiog; tumepiog; tepig; tumepig,meinit; meinit-init,meramig; meramig-ramig,toog; ipetoog; tumoog,basa',mebegat,apoy,tumutong; deket; tutong; dektan,tabok,abo,meitem,meputi',mepula,mekunit,melunew,ibon-ibon; merinek,kela',mebaba'; mepandak,melembo',menipis; merinek,mekapal; measlag,mekitib; mekpit,mebkang; melawak,mesakit,meleo; megleo,megurang,bago,menunga,meyaat; meraat,sugat; banar,gebi; gebii,eldew,te'on,ngiran; kengiran,tago'; petago',ineik; mineik; tindal; tumindal; tungol; tumungol,atot; eset; doot,seled,timbew,sirib; sirong,ito',yatin,mekabi',merayo',embe,ako; ko,ikew; ke,ya,kami; kay,kemuyo; kew,diye,eno,sino,iba; le'in,tanan; ginsan,bo',ba',enukuan,diki; sala',itong,isa',dua,telo,epat,lima,enem,turo',walo,siam,sengpulo',duang pulo',llimang pulo',senggatos,sengribo
733,Sama (Pangutaran),6.27167,120.536,pang1291,"Charles Walton, Janice Walton",209,https://abvd.eva.mpg.de/austronesian/language.php?id=733,tangan,kai,kata'u,tigo:l; nai',l'ngngan; m'ngngan,d'ddo:k,t'kka,palibut; pataikut,pal'ngngoy; lango:y,l'mmi'; s'mmal,higbun,kuwit,bukut,b'tto:ng; pongka'na,bo:ko:g,l'ngngo:n-l'ngngo:n,atay,dagha,bagaang,ta'u,pikil,tiyaw,laha',kok,k'llong; liyug,buun,ung,p'ngnga-p'ngnga,hangut; 'mmug,bo',b'gga ang,d'lla',t'tto,tangis,uta'; nguta',s'pput,mangan,mapa',b'lla; adjal,inum; nginum,ngeket,s'sso:p,tainga,ke; kehun,mata,'nda; kila,ngoap,tuwi,pabahak,ngupi,tingko',tangge,a'a,l'lla,d'nda,anak; onde'-onde',h'lla,h'nda,ina',mma',luma',ato:p,o:n,ba',lubid; ingkot,ingkotan,nahi',jaum,timbak; pitik,piyana',hanting,pinto:l,tangkaw; nangkaw,bono',matay,'llum,kahut,lagut,kayu,kobak,to:m,to:mpo:l,hulas-sangsa',tano:m,pene',suwig,baha',p'gga','ntan,kali,m'lli,ungkad,n'ppa; t'ppa,hiyakan,lagno:k,ero',manuk-manuk,iklug,bu,pikpik,paleng,b'ddek,isi,lmmok,langjang; langkaw,so,kalo:g,kutu,namuk,lawa',daing,gabuk,sa'pan,daun,gamut,sumping,buwa',kawat-kawat; kuhun; kohon,tana',batu,ungus,bohe',liyud,danaw,asin,tahik,taun; guangan,langit,bulan,bituun,gabun,lamo:n,ulan,l'ggo:m,kirat,baliyu,tiyup,pasu'; pang,haggut,toho',base',bohat,api,tutung,humbu,abu,ito:m,pote',keyat,biyaning,gaddung,diki',mehe,put,taha',nipis,kapal,kiput,loha; lambu,saki,ayya',toa,bahu,ayad; hap,laat; laatan,tawwa',sango:m; bahangi,'llaw,tahun,umay,limbu,dag; ngandag,ma,madiyo:m,diyata',deyo',itu,iyu; ian,ta:,siko:t,maingga,aku,ka'u,iya,kita; kami,kaam,siga; sigam,ay,say,s'ddi,kamemon; kemon,maka,'mbila,salaingga,'nsa'; ha',itung; ngitung,dakayo',duwa,t'llu,'mpat,lima,'nno:m,pitu',walu',siyam,sangpu',dua'mpu',,hatus,libu; ngibu
732,Sama (Sibutu),4.75584,119.48389,sout2918,K. J. Allison,171,https://abvd.eva.mpg.de/austronesian/language.php?id=732,tangan,gibang,kanan,bittis; rey',lumán,lán,pittu; takka,paseklo',lumangi,limmi',gabumbun,kulit,bukut,bottong,toolang,tinai,atey,susu,baha,tau; katoonan,mikil,talow,laha',kók,kɔllong,buhók,úng,,,bowa',empon,della',tittowa,tangis; nangis,utta',,mangan; kakan,papa',magballa; mag-adjal,inum; nginum,keket; kokot,sossop,teynga,kale; takale,mata,nda',owap; ngowap,tuli,guling; paguling,uppi,,pantow; mantow,aa; toa,lalla,danda,anak-anak,halla,handa; nda,nggo'; mbu',mma'; appa',luma',bubungan; sapow,,haka; ngahaka',lubid,engkot; ngengkot,osso'; ngosso',jalum,,pana'; mana',,titik; nitik,tangkow; nangkow,,matey,llum,kaskas; kamas,,kayu,magbahagi',,,,tanom; nanom,pene'; mene',,,,intan; ngintan,,billi; milli,,tappa,hiyak; ngahiyak,labu',ero',manuk-manuk,intollo,balahibu,kapet,,babow,isi,lammok,,sowa,kalog; ndol-ndol,kutu,hama',lawa'lawa'; kangkang,deyng,,penga,down,ulagat,bunga-bunga,buwa'buwa',parang,tana',batu,ungus,bohe',,tahik; sallang,timus; asin,tahik,talun; gampung,langit,bulan,mamahi,landung; inák,,ulan,guntul,lalat,baliyu,,,,toho',base'; petak,,,bunu',humbu,,ettom,pote',keyat,baning,gaddung,diki'diki',heya,pondok,,nipis,kapal,kiput,luhas,sakki,iya',,bahau,háp,laat,towwa',sangom,llow,tahun,sumilan; pag,,,ma,ma jalom,ma jata',ma deyo',tutu,naan; ili,tapit,tá',,aku,kow,ya,kita; kami,kam,sigeya,,,,kamemon,maka; sab,bang,,e; mbal; sikeya,itung; ngitung,issa; dikayu',duwa,tallu,mpát,lima,nnom,pitu',walu',siyam,suppu,,,-hatus,ibu
"783, 513",Samar-Leyte; Waray-Waray,11.4911,125.012,wara1300,Alfonsa E. Tizon; Andras Rajki,209,https://abvd.eva.mpg.de/austronesian/language.php?id=783; https://abvd.eva.mpg.de/austronesian/language.php?id=513,kamót,walá,tu-o,tiíl,paglakát; linakat; lakát (lumakát),dalan; agui-an,kanhí (pakanhí),liko (lumiko),naglangoy; langoy (lumangoy),hugaw (mahugaw),tapó (tapó-tapó),panit,likód,tiyan,tulan; bukog; liso; tul-án,tinae; bituka,atáy,dughán,sugbóng,kila (makilala); baró (mahibaró); aram (maka-aram),huna; hunahunaa; maghunàhunà,hadlók,dugô,ulo,li-og; liog,buhók,iróng,hawa; ginhawa; guminhawa,bahò (bumahò),babà; bàbà,ngipon,dilà,tawá; tawá (tumawá),tangís (magtangís),suka; isuka; magsuká,lurâ; laway; tup-ra,kaon; kumaon; pagkaon,mamâ; sam (samsamá),luto; pagluto,pag-inom; inóm; inomá; uminóm,kagton; kagat (kagata),sup; supsopá; sumopsóp,talinga,dungóg (madungóg); pamati,matá,kita; pagkita; kinita; kitaa; magkitâ,hoy-áb,pagkaturog; turóg (katuróg),paghigda; hinigda; higdâ (humigdâ),inóp,paglingkod; pagporoko; lingkód,tindóg (tumindóg),tawo,lalaki; lalake,babayi; babaye,anák,asawa,asawa,iróy,amáy,balay; baláy,bubóng; atóp,ngaran,yakan (yakaná),lubid; pisí,taod; itaod; magtaod,tahî; tahiá; magtahî; manahî,dagom,kanóp (manganóp),pusíl; pusilá; pumosíl,bunô; sakób (sumakób); bunoá; bumunô,hampák; igo (igo-á),kawaton; kawat,patay; pataya; pumatay,matáy (mamatáy),buhì,karos,guting; utod; tigbas,kahoy,tungâ; katungâ; matungâ,taróm,karol (mangarol),buhat; trabaho; buhata; magbuhat,pagtanum; tanóm (magtanóm),pali-a; pili; pilia; mamili; pumili,tubò (tumobò),hubág (manhubág),pugaá; magpugâ,kapót; kapotí; kumapót,pag-ukad; ukab; hukay; buwad,palít (mapalít),buká; buklád; buklará; magbuklad,balbag (balbagá),pagtakbo; labay; labaya; maglabay,mahulòg; hulog (mahulog),ayam,tamsí,bunáy,barahibo,pakô,lupád (lumopád),yatót,karné; unód,mantika,ikog,halas,watí,tuma; kuto,namók; namok,lawà; bungad,isdà; isda,bulók; dunot (madunot),sangá,dahon,gamót,bukád,prutas; bunga,banwa; sagbót,tunà,bató,barás,irimnón; tubig,agas,dagat,asín,lanaw,kagurangan; kakahuyan; gubâ,langit,bulan,bitu-òn; bitoon,dampóg,dampóg; hamog,urán,dalugdog; dalogdóg,kidlát; lentî; kilát (kikilát),hangin,huyóp (paghuyóp),alindangá (maalindangá),tugnáw (matugnáw),mará (mamará),hulós (mahulós),mabug-át; bug-át (mabug-át),kayo (kalayo),sunog (masunog),asó,abó,itom; maitum; itóm (maitóm),buság (mabuság),pulá,duláw; duláw (maduláw); darag,,guti,dako; dakò,mubò (hamubò),halabâ; labâ (halabâ),nipis (manipis),dakmól (madakmól),ligot (haligot),hilapad; lapad (halapad),masakit; sakít (masakít),awód; alo; awod; maawod; naawód,edar (edaran),bag-o; bag-ó (bag-uhá),maupay; upay (maupay),raot (maraot),ungód,gab-ì; gab-i,adlaw; adláw,tuig,san-ó,tagò; itagò; magtagò,magsasaká; sakláng; saklangá; sumakláng,ha,ha; sakáb (sumakáb); sakob (sumakob),hita-as; bawbaw; baw; igbaw,ilarum; ubós; ubusa; umobós,iní,itón,rani; harani; hirani,hirayó; rayô; hirayô; humirayô; kahirayô,diín,akó; ako,ikáw,hiyá,kitá; kamí; kita,kamó; ikáw,hirá; sirá,anó,hino; hin-ó,laìn; ibá,tanán (ngatanán),ug,kon,anona; paunan-ó,diri,isip; iháp; ihapá; mag-iháp,usá; usa,duhá,tuló,upát,limá,unom; unóm,pitó,walú,siyám,pulò (napulò),pisita,piluka,gatós,yokót
1268,Sambal,15.5797,120.095,tina1248,Stone (2008),140,https://abvd.eva.mpg.de/austronesian/language.php?id=1268,gamot,wiliʔ,,,lalakoʔ,,,,taŋoy,yaŋat,gabok,katat,bokot,tyan,botol,,agtay,soso,abaya,,,,dayaʔ,olo,loʔoy,habot,aʔloŋ,,aŋot,boboy,ŋipon,dila,omlih,taŋih,hoka,,kan,,,inom,kayat,hophop,totolyan,loŋoʔ,mata,kit,,maʔlok,,taynap,tokloʔ,odoŋ,,lalaki,babayi,anak,kaʔamba,kaʔambalin,indoʔ,amaʔ,baliʔ,atop,ŋalan,,yobil,,tayiʔ,karayom,,,,,takaw,pati,,,,,,,talas,,trabaho,mola,piliʔ,,,poloh,,kotkot,haliw,,,bantak,,aso,manokʔmanok,oybon,habot,pakpak,lompar,,,,ikoy,ulay,olol,,ilok,gigaŋ,ikan,,,,yamot,,boŋa,,,bato,boyaŋin,lanom,,,asin,,,laŋit,bolan,bitoʔon,lolom,,abagat,korol,kimat,,,aʔmot,layop,,toʔpakon,byat,apoy,,asok,aboh,ŋitit,potiʔ,tibyaʔ,holyaw,,kalog,hiʔban,,anloh,impih,korpal,kipot,lawaŋ,,,,bayo,labah,,,yabi,awlo,taʔon,makano,ariʔ,oliʔ,,,,,,,,rayoʔ,ayti,ako,ka,ya,tamo; kami,kamo,hila,anya,hino,,halban,tan,no,paʔno,,bilaŋ,aʔsa,lowa,tolo,aʔpat,lima,aʔnom,pito,walo,siyam,mapoloʔ,lowampolo,limampolo,san yatos,san libo
445,"Sangil, Saragani Islands",5.40229,125.378,sang1337,K. Maryott in Reid (1971),178,https://abvd.eva.mpg.de/austronesian/language.php?id=445,'lima,ka'iri,ko'aneng,'βisiʔ,du'maḷeng,,,tumɨ'nung,ku'mayang,malɨng'kuʔ,'ʔaβu,'pisi,'lɨkudɨʔ,'tiang,'duri,ti'nai,'ʔate,'susu; 'doko,bɨm'bang,ma'singkaʔ,,ma'takuʔ,'dara,tɨm'boʔ,'rerɨʔ,'ʔutaʔ,'ʔiḷung,,makam'bu (ɨm'bu),'morong,'ʔisi,'dila,lumɨ'gay,ru'meo ('reo),'muta,mangɨ'du (ɨ'du),ku'mang ('kang),di'ling,suma'roka; mɨ'koaʔ 'kang (koaʔ),ma'nginung ('ʔinung),ma'ngiki ('kiki),manɨ'suʔ (sɨ'suʔ),'tuḷi,maka'dingirɨʔ,'mata,maka'silaw,,kɨ'nabeng (kɨ'nabɨʔ),,'ʔipi,kuma'iang,duma ḷisiʔ,'taw,'ʔeseʔ,βa'βinay,da'ḷio,'saβa,'saβa,'ʔinang,'ʔamang,'βaḷe,'ʔatuʔ,'ʔaḷeng,mɨ'beḷa ('βeḷa),'taḷi,ma'ngikiʔ ('ʔikiʔ),mɨng'gepeʔ,'darung,ma'nganuʔ,,manɨ'soʔ (sɨ'soʔ),,ma'nako ('tako),ma'mate ('pate),'nate ('pate),,ma'katiʔ; mɨ'karo,ma'ngorobɨʔ,'kayu,,'moro,ma'momo ('momo),mɨgɨ'bɨkɨʔ,mɨ'suang,ma'mile,,,mɨrɨng'kung,mangɨm'belɨg (ɨm'belɨʔ),ma'mangka ('βangka),mamɨ'ḷi (βɨ'ḷi),,mɨ'baʔ (ɨ'baʔ),mɨn'dinaʔ,ma'naβo ('naβo),'ʔasu,'manuʔ,'taurɨʔ,bɨm'bu,'panidɨʔ,tumɨ'aʔ,'βaβo,,'taba,'toay,ka'toang,la'wati,'kutuʔ,tɨ'nɨʔ,βaki'naβa,'kinaʔ,ma'reneʔ,,'daung,'ramuʔ,'βuḷaʔ,'βua,,ɨn'tana,'βatu,sɨ'aeng,'ʔakeg,,'sasiʔ,'βudakɨʔ,'ḷano,da'ḷukuʔ,'langiʔ,'βuang,βi'tuing,βi'naβa,,ta'riti,dɨ'uʔ,'kilaʔ,'ʔanging,ma'niuʔ ('tiuʔ),mati'tiʔ,madɨn'ding,ma'mala; ma'muari (pu'ari),ma'nantaʔ ('nantaʔ),maβɨ'raʔ,'putung,ma'nutung ('tutung),'tipu,'ʔaβu,'mitung ('ʔitung),ma'βiḷa,ma'ramuʔ,ma'didiʔ,'gadung,ka'tioʔ,mati'kang,ma'sanaʔ; ma'nibuʔ,ma'nandu ('nandu),ma'nipiʔ ('nipiʔ),makɨ'paɨʔ,ma'nintaʔ,'moang,matɨ'duʔ,ma'mea,ti'bay; ma'timadiʔ,βu'ru,ma'pia,'daiʔ,,rɨ'bi,'law,'taung,'ngeḷeʔ,ma'muni ('buni),ma'ngaβiʔ ('ʔaβiʔ),,,,su 'aung u...,,,ma'sanggidɨʔ,ma'ḷaw ('ḷaw),su 'apa,,,,,,,'ʔapa,'say,βa'ine,kɨ'biʔ,,'bila,'pila,ba'ine,ma'milang ('bilang),'sa,da'ḷua,ta'tau,'paʔ,'lima,'nung,'pitu,'waw,'siaw,ma'puo,duam'puo,,'rasuʔ,'riβu
686,Sinauna,14.6254,121.453,remo1247,Fe Aldave Yap,173,https://abvd.eva.mpg.de/austronesian/language.php?id=686,alíma,kaliwá'; háyin,kánan,bití'is,lumagpun,bakás,,lumyakág,gunnátaw,matukas,abú,balát; barat,ulúd,pitú',but'i,bitúka,atáy,susu,baríkat,mi'kilála,,mi'tári',dugú',útak,ta'án,,a'dong,,dúnut,ngúsu',ngípɨn; ngípon,díla'; dira',nangarisngís,lulúha',úta',túmpa,mangán,,miglutu',inúm,sa'ngáb,sipsip,talínga,landap,bulíga',mi'sul'áng,,matungdu',,ngang'ádep,mamasná,tayó',áta,ráki,báyi,úbon,sáma,asáwa; sáwa,nánay; ráyra,ráma; tatay,baláy,atap,ngaran,migsábi,táli'; tári',táli',tahí'; migtahi',kadáyum,mangasu,,tustusákan,,mignákaw,patayan,,,kakamutan,híwa',,,matalas,matúmal,migtarabáhu,migtanim,pumíri',,,pindután,dakpan,lunúma',bilí,,migbayú,itapí',mi'rapá',ásu,ibun,itlúg,balahíbu,pakpak,sarápaw,dagá',,tabá',ikuy,ba'bak,bulati,kútu,yamúk,lawa',isdá',minadúnut,,háyin,uyát,burak,bunga,,luta',ígang,tabuhangin,la'ú,,dagat,asín,lanáw,sabúd,lángit; rángit,búwan,bitú'in,úlap,,u'ulán,kukulúg,dilap,rú'gus,sugpu'an,ma'ínit,maka'irám,tuyú',basá',maba'yat,apúy,minasirab; ra'túnan,,abú,itím; maitím,maputí',pulá,diláw,berdi,múnti',laki'; dakál,mi'ikli',mahába',nipís,makapal,munti',lu'ág,sakít,mináhiyag,bákis,ba'yu,mapiá,marúkas,,ábi',aydáw,ta'ún,ka'irán,tagu'; itágu',kuma'wat,,,,umid,,,apád,sadyúg,kanana,,,,,,,aná'ya,si'ná,ibá,lahát,,in,,lá'wa; walá',bumilang,isá',dar'á,tatlú,a'pat,limá,a'núm,pitú,walú,siyám,sángpu,dar'angpu',,da'an,libu
"448, 1638","Subanon, Siocon; Western Subanon",7.79964,122.341,west2557,W. Hall in Reid (1971); Jernan Combi,210,https://abvd.eva.mpg.de/austronesian/language.php?id=448; https://abvd.eva.mpg.de/austronesian/language.php?id=1638,komot,dibang,glintu,botis,ompanow,dalan; bianan; kolosada,mangoy; angoya dini,motilong; angoya diyo,lumangoy,miglud; kolomu lomu,gabu; gapu,panit,tolingting; tolikudan,tian; tiyan,tulan,tene,gatoy,duduʔ; gigdob; duduh,baga,sunan,pikil; mog pikil pikil,mondok,duguʔ; dugoh,gulu,glig,buk,sung,guminawa; ginawa,sumopu; sumapu,babaʔ; babah,ngisi,dilaʔ; dilah,mokotawa,moksogow; mogsogow,kutaʔ; mogutah,dumulaʔ; dumulah,kuman,momaʔan; moksopa sopah,misabu; mogapoy; mogapuy,minum,mongugdit; komokib,sumoksop,tolinga,mokinongog; monginongog,mata,moktongow; mokotongow,logab; mog glogab,motulug; motulog,bobolilid,toginopan; mogtoginop,mogingkod; mingkod,mogindog; mindog,gotowʌ; gotow,glaki,glibun,bataʔ; bata,kodumanan; duma,kodumanan; duma,ginaʔ; ginah,gamaʔ; gamah,baloy,gatop,ngalan,moktaluʔ; moktaluh,tali,ikotan; mongogbod,sumobot; monobot,dialum; jalum,moktiʔit; momodil,mononjoh,pokpakon; mokutong; ponglodut,misugat; mibangah,mogdakow; monakow,bunuʔon; momunoh,patoy; minatoy,mitubo,mokatol; mongokot; kukuton,mogbul; momakih,kayu; momolah,mogbolong,mokotong; mokutong,mongalod; di mokutong,moginang; mogtrobahu,momula,momiliʔ; momilih,mokpotubuh,sinumolag,kosolon; pogaon,kumokom; pogoidan,mongokot; kukutan,sumaloy,obriyan; obriyoy,mogbayu; pog pripara; mog pripara,pilakon; lubakan,modogdag; midogdag,gayam,manukmanuk,bulinga,glawi; bombul,gakap; gokpak,lumayug,bolabow,gungod; karne,glambuʔ; bolombuh,gikog; gikug,mamak,glowati; gliwati,kotu; kuto,kolomut,bolingkawaʔ; bolingkawah,sodaʔ; sodah,milumun; minoduh,sanga,daon; dawon,gamot; gamut,bulakbulak; bulak bulak,bunga nok kayu; prutas,sigbot,glupaʔ; glupa,batu,pontad,tubig; linyu tubig,glipuwas,dagat,masin,danow,tolunan; kayuwan,glangit; gawang,bulan,bitun,ginampul; ginampol,mig glogampol,dupi; dupih,glugung; glugong,kilat; glitih,galuʔ; galuh,mongoyup; oyupoy mo,minit,motigdow; mitigdow,mimala; kumongkag; pogangu,ombasaʔ; mibasah,ombogat,gapoy; gapuy,mondoksul; dumoksul,gobul; gobol,gabu,gitom,omputiʔ; putih,ompula; pula,dalag,glunow,molintokon; mokolintok; bata bata,mosolag,ombabaʔ; polokon; ombabah; ompolok,moyabaʔ; moyabah,monipis,modikpul; kodikpol,mosikoʔ; modalom,moliwag,ompodiʔ; mosakit; mipanas,sipog; mosipog,miobon na; mogulang,bogu; bo-gu,ombaʔis; molongas; ombais,molaton,motud; sakto,gobi,gondow,ton,nanu,moglogabong; taguh; mogsolobuni,monek; momonek,bu,diyalom; solod,ditas,silung,koni,koyon,molani,molayuʔ; molayuh,ain,akon,naamu,glaki; glibun,ita,ika,ilan,olo,sima; sinu,doga; duma,glam; katanan; glamnon,ilan; bu,bila,sanu bok; olo on,konaʔ; kona; ondih,mogitung,sala bok; sa'h,duaʔ; duwa'h,tolu,pat,lima,gonom; gonum,pitu,walu; wala,siam; siyam,sapuluʔ; sopuloh,duaʔ puluʔ; duwah puloh,lima puloh,sagatus; sogatus,sangibu; songibu
447,"Subanun, Sindangan",8.12701,123.018,cent2089,R. Brichoux in Reid (1971),178,https://abvd.eva.mpg.de/austronesian/language.php?id=447,bengkɨn,bibang,dlintu,gɨksud,mpanaw,,,bulibud,lumanguy,mɨlɨmuʔ,gabug,panit,tɨnting,tian,tolan,tinee,gatay,duduʔ; giddib,baga,misunan,,mɨndɨk,duguʔ,gulu,dliig,buuk,sung,,sɨndlutɨn,babaʔ,ngisi,dilaʔ,mɨkɨtawa,mɨngaduy,mɨgutaʔ,dulaʔɨn,maan,mimaʔin,sibu; mɨgbalɨgan,minum,mɨngɨbut,iksɨpɨn,tɨlinga,mɨdɨngɨg,mata,metaʔ,,mɨktulug,,mɨktɨginɨp,mɨgingkud,mɨgindɨg,gɨtau,dlaki,dlibun,gɨmbataʔ,sawa,sawa,ginaʔ,gamaʔ,balay,gatɨp,ngalan,tɨlupɨn,tali,ikɨtan,teeʔɨn,teeʔ,mɨngayam,,dukɨn,,mɨddau,pɨteen,minatay,,matil; kutɨn,pɨmulɨn,gayu,,motɨng,mɨdangal,mɨngimbal,mɨmula,mɨliʔ,,,kɨlɨsɨn,mɨgawid,mɨgɨngkul,sumaluy,,mɨgbayu,pilakɨn,milabuʔ,gituʔ,manukmanuk,gumanuk,bɨmbul,gɨkpak,lumayug,tubung,,dlimbuʔ,gikug,mamak,dlɨlupaʔ,gutu,kɨlɨmut,bɨlingkawaʔ,sɨdaʔ,mɨlasak,,doon,gangɨt,bulakbulak,bunga,,dlupaʔ,batu,pɨntad,tubig,,dagat,masin,danaw,gulangan,dlangit,bulan,bitun,gabun,,dupiʔ,dlugung,gilat,gɨnus,iupɨn,menit,mɨtiddaw,mimala; migingkag,mbasaʔ,gɨmbɨgat,gapuy,sɨnsulan,gɨbɨl,gabu,metɨm,gɨmputiʔ,gɨmpula,mɨdalag,mɨlunaw,mekaʔ,gɨmbagɨl,gimbabaʔ; gimpilik,miabaʔ,mɨpis,mɨdikpɨl,mɨsikut,mɨliwag,mɨseet,mpid,danul; migulang,bɨgu,mɨlɨngas,mɨlat,,gɨi,gɨndaw,toon,nanu,mɨgɨdlud,mɨneek,,,,silung,,,mɨsɨmpɨl,mɨlayuʔ,tandaʔ,,,,,,,andun,taʔ,dleen,dlonanŝ,,saʔ,sanubuk,kɨnaʔ,mɨgbilang,sala,duaʔ,tɨlu,pat,lima,gɨnɨm,pitu,walu,siam,sɨpuluʔ,duaʔpuluʔ,,gatus,ngibu
"466, 1637",Surigaonon,9.0,126.0,suri1273,Richard Parker; Catharine Elizabeth Laude,210,https://abvd.eva.mpg.de/austronesian/language.php?id=466; https://abvd.eva.mpg.de/austronesian/language.php?id=1637,alima; kumagko; ʔalima,waya; wʌyɑ,túo; tu−o,pa'a; siki; bagtak,panaw; mupanaw; panaw-panaw,dayan; karsada,dalì; mokare; mukanhe; kare; mukari,motojok; bijo; lisoʔ,molangóy; langoy,lipa; lipaʔ,abug; ʔabog,panit,likod,tijan,bukog,tinà-i; tina-i,atay; ʔatay,suso; dub-dub; tutoy,abaga; ʔabaga,kahibayo; kabayo; mahibayo,huna-huna; hunaʔhunaʔ,hadluk; kahadlok; mahadlok,dugò; dugoʔ,oyo; ʔuyo,liog; liʔog,bohok; buhok,ilong; ilonɡ,ginhawa; ɡinhawa,simhut; simhot,bà-bà; baʔbaʔ,ngipon; ŋipon,dila; tila; dilaʔ,katawa,haja,suka,luda; ludaʔ,kaon; tuyun,usap; kubkub; laɡot,luto; sugba,inom,banga; ′banɡaʔ,sup-sup; sojop; chupa,talinga; talinɡa,dungog; kabati; ′batiʔ,mata,kita; kitaʔ,hoy-ab; hujab,tuyog; tagtuyog; tuyoɡ,higda; hiɡda,damgo; damɡu,inkod; iŋkod,tindog; tindoɡ,tawo,layake; layaki,babaje; babaji,bata; anak; bataʔ,bana,asawa,nanay; inaʔ,tatay; amaʔ,bayay,atop; bubong; atup,ngayan; ŋayan,laong; lang-on; sulti; laonɡ,pisi; pisiʔ,bugkot; hikot,tahi; tahiʔ,dagom; daɡum,tiro; manganup; maŋanup,pana-on; pusil; tirahe; panaʔ,buno; bunoʔ,bunajan; bunay; suntok; sumbag; iɡoʔ,kawat,patjun; maɡpatay,patay; mapatay,buhi; mabuhi,kayut; dukag,putod; putdon; hiwa; tigbas; buɡhaʔ,kahoy; tabla; sanɡa,bok-on; buyaagon; pikason; pikas,hait,siwang; habul,patigajon; trabaho,tanum,pili; piliʔ,tobo; buhi; tuboʔ,dako; taba; burot,piga; piɡaʔ,gunit; koput; kaput; kumot,kabot; lungag; lungagi; bangag; kabut,palit,abri; ukyab,dok-dok; bajo,labak; laboɡ,huyog; mawagak; huyoɡ,ido; tito; idoʔ,langam; laŋɡam,itlog; itloɡ,barhibo; balhibo,ampak,lupad,ambaw,carne; unod; karni,taba,ikog; ikoɡ,sawa; hayas,uyod,kuto; lusa; kuyamad,lamok; hilam,lawa-lawa; lawaʔ,isda; isdaʔ,pan-us; gabuk; lataʔ,sanga; sanɡa,dàhon; dahun,gamot; uɡat,búyak; buyak,bunga; prutas,sagbut; saɡbot,lapok; yuta; lupaʔ,bato; batu,buhangin; baybay,tubig; tubiɡ,aagas; aɡas,dagat; lawud; daɡat,asin,suba; danaw,kakahojan; guyangan; buɡanɡ; kabuɡanɡan,langit; lanɡit,buyan,bito-on; bituon,panganud; gabon; paŋanud,gabon-gabon; tunog; ɡabun,uyan,danuynog; dayuɡduɡ,linte; kilat; lintik,hangin; haɡin,hujop,pasu; init; pasoʔ,tignaw; tinɡaw,maya,basa; basaʔ,bug-at; buɡʔat,kayajo; layit; siga,sunog; sunoɡ,aso; a′so,abo; uɡbun,itom; itum,puti,puya,duyaw,grin,gamay; ɡamay,daku; dakuʔ,mobo; muboʔ,taas; laba,niwang; gamay; nipis,baga; damo; baɡaʔ,hu-ot; huot,hawag; luwag; luaɡ,sakit,sipog; sipoɡ,tiguyang; kara-an; tiɡuyanɡ,bag-o; baɡ−o,maradjao; marajaw,da-utan; maya-ut; mayaut,tino-od; sakto,duyom,adlaw,tu-ig; tuiɡ,kon-o; kanus-a; kun−o,tag-o; taɡoʔ,dayag; katkat,sa,sa suyud; sa,sa ta-as; taas,sa ubos,ini,iton,su-od; duol,lajo; lajuʔ,ha-in; haman,ako,ikaw,sija,kita; kamo,kamo; ikaw,sila,ono; uman,sin-o; siman,la-in; isa; iban,tanan,og; sanan,kon; kun,unhun; unsaon; unhon man,dili; way,magbilang; bilang; bilaŋ,isa,duha,tuyo,upat,lima,onom; unom,pito,walo,siyam,napuyo,veinte; beynti,cinquenta; Sinɡkwinta,isa ka-gatos; Is[a] ka ɡatus,isa ka-libo; Is[a] ka libo
1271,Tadyawan,13.0211,121.305,tady1237,Barbian (1977),173,https://abvd.eva.mpg.de/austronesian/language.php?id=1271,dalúkap; dukap,tagbalâ,taksikón,,agipanáw,dalan,,,aglangóy,makamos; kasnungún,bulís; lukbó,lupís,takuláw; awak; taludtód,puná; buyón,takalán,punâ; daraít,aplô,suso,tugbóng,,agpanremrém; aglumlum,dalà; kämo,pilít; pit,ulo,léog; talao; bakodán; tulunan,abók,ngulóng,,agfangagsóng,bibî,ngipon,dilâ,agfatá; agpatá,fansubi,sukà,,kamaan; kamangán; mamangán,tilad,aglagâ,,,,taingá; talinga,longyan; makarungyan,matâ,ngitan,agfangungáb,musok dot,agusók; agpatingaláy; tagilidan,panäpop; panaynop,agtukáw,,,tungyán; baytao,dalagâ; baytao,ungâ; pulâ,baî,lakî,ináng,amáng,baláy,atóp,ngalan,fomangón; parumayun,sulók,agbakusan; ukutún,,karayum,agfanlakáw,kagbusún; agtubók,tubukún,mestebok; etebók,pantakáw,,matáy,,agkalát,,,lasakún,,dapu kodok; dapu kaldúk,fakfanón; apangwát; agapurâ,tanóm,mamili,,agkakoy; agkalakóy,tulusún,,kalín; agkalí,kwún,boskayún; bauskayun,aglobók,buksón,manlabo,tito,manók; pipít; punay,sisíw; butô,,pakpák,agilaóg; agiróg,balabáw,,,ikóy,uláy,libatóy,lís,banglús,taginawâ,isdâ,lubók,pasók,giráng; gilang,kantomás; dalíg,butakan,lawóg; kabilóg,pasaw,dagâ; diyâ,bató,lagnás; lukbô,lubóng,akämos; lagnás,dagát,asín,lináw,sagubát; sagbát,taynawán; bakîkadulumún,bulán,galaymáy; galämay,ulagâ,katuludún,basâ,dalugdóg,gaúd,tagmalâ,,,tadisulá,yangáw,,mabiyát,bayâ; bä,aktapóng,ulóp,bulís; fakbitangán,kasngungún; madlóm; asnunguno; kokóbon,kabuksî,kalimbaón; kägangán; tagbayâ,kadilawún,kasnungún; iláw,singít,lakóy,pandák,aba; abarót,kämpís,,,lakóy; kabilád,kapaskitén; kabláng; kaskít,käkóy; kalikóy; kaykoy,kuyay,bayukáy,kapián,dotan; daután,,yabî,maybóng; mäbóng,dagun; kambós,ang kadugáy,,agoník,,,,,andá,agdâ,abanitê,alayo dot,anuá; ano; antan(ay),akó,kaw,kangon,(ki)tám; kamí,kam,kangon,angtáng; anó,taktao,inumâ,tanán,,(no)ngus,ang kataw; ang kakoy,dyao; dapû,,usaï; singalô,duaê; dyî; duî,tulô,upát,limá,unúm,pitô,walô,siyám,sapolô,disapulô,,usai gatós; singalo daán,
"449, 133",Tagabili; Tboli (Tagabili),6.20377,124.538,tbol1240,V. Forsberg in Reid (1971); Lawrence A. Reid,206,https://abvd.eva.mpg.de/austronesian/language.php?id=449; https://abvd.eva.mpg.de/austronesian/language.php?id=133,sigɨl,ʔiwong; ʔiwoŋ,kwanan,tih,tmɔnɔk; mogow,lan,mógów,bɨklil,kmɔhung; kmɔhuŋ; smulif,nusing; nusiŋ,kfung; kfuŋ,kulit,kwang; kwaŋ,blutut,tiʔɔl,tnahih,katay,tutuʔ; kfuh,ʔabal,tngon; tŋón,hʌndʌm,likɔʔ,litoʔ,kuluh,lihɔl,wɨk,ʔilung; ʔiluŋ,mʌnawa,mungɨf; muŋɨf,sumung; subak,nihih; ŋihih,dilak,kulih,mkik,lɨwol,dmulak; dɨmfut,mkɨn,namak; mʌŋos,kmcdck; tmogo,minum,meket,msɨfɬ; msɨf,klinguh; kliŋuh,mungɔl; muŋɔl,matah,mtɔn,tʌluyab,tungoʔ; tuŋoʔ,hʌlilil,knah,myon,mdaʔ,taʔuh,lɔgih,libun,ngaʔ; ŋaʔ,yɨhɨn,yɨhɨn,yeʔ,maʔ,gunuʔ,ktɨf,bɔluy,mɔn; mon,tebed,mfet,tɨmbe,dalum,dmulok,gʌtì,tmibo,,mnagaw,matay,ding matay; dɨŋ matay,,kɨtɨl; kmalus,tnilos; hʌlnʌk,kɔyuh,mʌsô,tɨlɨm,laʔ tɨlɨm,mɔʔ nmɔʔ; tbahuh,huluh,melek,tʌmowok,bolok,kɨmmɨs,mɔgɔt; kuloŋ,mɔkɔl,bɨmlih,hʌnnas,mdɨk,tudaʔ,btang; btaŋ,ʔɔhuh,ʔɔnuk kɔyuh,ngaʔ ʔɔnuk; naʔ ʔɔnuk,lakay,hafak,moyong; moyoŋ,ʔunge; ʔuŋe,,ʔabuʔ; abù,ʔikɔng; ʔikɔŋ,ʔulal,kulɨd,kutuh,blawang; blawaŋ,wong; woŋ,ʔuton ʔel,bɔlɔk,haŋa,dɔʔun,dɔlil,bulok,bunguh; buŋuh,bʌnʌs,tɔnɔk,bɔtuh; botuh,hɨlɨk,ʔel,mʌlʌl,mɔhin,kahiʔ,lanaw,numah; dlaʔ,lɔngit; lɔŋit,bulon,blɔtik,lɔbun; lobun,lobun,kulon,lɨtek; luguŋ,silaʔ,lɨnos,myuf,kiniʔ,tnaw,mekeng; hdaw; mekeŋ,hefeʔ,blat,ʔɔfih; ʔɔhuʔ,mtɨm,kɨbɨl,kɔhuʔ,hɨtɨm; hitɨm,bukay,huloʔ,melel,lɨmnaw,ʔudiʔ,bɔng; bɔŋ,ʔukcl; laʔ tahaʔ,tahaʔ; mwarau,lufih,mfol,sikɨb,lamang; lamaŋ,dɨs; tɨmduk,myak,ding ligin; tuhah,lɔmih,hyuh,sidɨk,tahu,kifuh,kdaw,halay,kilon,bɨmnɔs,mkaf,di,lʌm,ta,laʔan,nih,yɔh; yuh,mɔnih; lɨmɔnih,mayuk,nuʔ sɨh; gunun sɨblaʔ,ʔɔʔuh,ʔuʔuh,duh,tɨkuy; mih,yuh,luh,tɨduh,taʔu duh,tolong; toloŋ,kdeʔ; gɔtuh,nʌ,kɨ,hiluh,sunduh; laʔ,msoʔ,sɔtuh,lɨwuh,tluh,fat,limuh,nɨm,hituh,wɔluh,syom,sfɔlɔʔ,lɨwu fɔlɔʔ,,lɨmatuh,libuh
450,"Tagbanwa, Aborlan Dialect",10.6519,119.338,cent2090,S. Hussey in Reid (1971),178,https://abvd.eva.mpg.de/austronesian/language.php?id=450,ʔalima,gibang,ʔiwanan,ʔaʔay,panaw,,,ʔɨbɨg,languy,marigna,kapukapu,lamilamit,gɨrɨng,bɨtɨng,tuʔlang,tinaʔi,ʔatay,duduʔ; diʔgan,ʔabaga,kilala,,ʔiʔlam,duguʔ,ʔulu,liʔɨg,buʔuk,ʔurung,,ʔarɨk,baʔbaʔ,nipin,dila,sɨlɨm,sugaw,suka,ʔɨlɨb,kaʔɨn,pagmaʔmaʔ,laʔgaʔ; lutu,ʔinum,kagat,nutnut,talinga,gɨnɨg,mata,lɨtɨg,,ʔigaʔ,,tagaynɨp,ʔaʔdung,tindɨg,taw,lalaki,babay,waʔwaʔ,ʔasawa,ʔasawa,ʔinaʔ,ʔamaʔ,balay,ʔatɨp,ngaran,ʔat,lubid,laig,taiʔ,dagum,mapanaw ʔit kɨʔdɨng,,sudyuk,,takaw,ʔimatayɨn,patay,,katɨl; kulkul,ʔilap,kayu,,matarɨm,maʔabul,buat,tugdaʔ,pili,,,pɨsɨl,tapnay,kali,ʔalang,,lɨbɨk,bakal,ʔulug,kɨʔkɨng,manumanuk,tiʔlug,lay,ʔɨlad,layug,ʔangbɨʔ,,tabaʔ,ʔikug,dukul,ʔulud,kutu,namuk,kalalawaʔ,sɨdaʔ,marunut,,deʔun,gamut,buraburak,buaʔ,,lugtaʔ,batu,ʔiglis,danumɣ,,dagat,ʔasin,lapnaw,talun,langit,bulan,bituʔun,kunum,,ʔuran,duldug,kilat,dɨrɨs,ʔɨyɨp,maʔinit,maramig,tuʔug; bilad,maʔɨmɨg,mabɨgat,ʔapuy,surib,tabuk,ʔabu,maʔitɨm,maputi,madarag,makunit,maluʔnaw,dɨkɨyɨʔ,dakulaʔ,pandakan; ʔababaʔ,ʔabwatay,manipis,mapal,dɨkɨyɨʔ,malabɨg,sakit,ʔɨyaʔ,lagilagi; magurang,baʔgu,magayɨn,maraʔɨraʔɨt,,dɨlɨm,ʔaldaw,taʔun,kaʔnuʔ,taʔgu,ʔapyat,,,,sirib,,,ʔadɨʔdɨng,ʔalaid,ʔari,,,,,,,ʔuni,siu,bɨkɨn,muʔsaʔ,,ʔin-,pira,ʔɨngga,bilang,ʔɨsa,dua,tulu,ʔɨpat,lima,ʔɨnɨm,pitu,walu,siam,sangpulu,duang pulu,,gatus,ribu
451,"Tagbanwa, Kalamian, Coron Island Dialect",12.0716,120.094,cala1258,E. Ruch in Reid (1971),178,https://abvd.eva.mpg.de/austronesian/language.php?id=451,kalimaʔ,walaʔ,tuu,bisit,panaw,,,tɨyɨb,kapaykapay,mabuling,ʔapuk,ʔulit,bukuʔ,tian,duliʔ,bituaʔ,kandas,susuʔ; dibdib,paldaʔ,ʔilalaʔ,,ʔɨlɨd,duǥuʔ,kuluʔ,dikɨl,buaʔ,ʔurung,,ʔuβuʔ,ngangaʔ,ʔisiʔ,dilak,ʔimud,tangit,sukaʔ,laβay,pangan,mamakin,bulyak; buat,ʔɨnɨm,kɨǥɨt,kutkut,talingaʔ,dɨngɨl,mataʔç,ʔitaʔ,,ʔɨlɨk,,talakinɨp,karung,kɨrɨng,tauʔ,lalii,baβay,mulaʔ,kasawaʔ,kasawaʔ,ʔinaʔ,ʔamaʔ,balay,katɨp,ʔaran,ʔaning,kabliʔ,kɨdkɨd,tiik,tingway,kanup,,saksak,,takaw,patayɨn,patay,,ʔatɨl; kamaʔ,gɨrɨt,ʔayuʔ,,matarɨm,maaβul (ʔaβul),ʔubraʔ,luak,pilik,,,pɨǥaʔ,pɨǥɨs,ʔakad,ʔalang,,lɨβɨk,ʔilanggid,bugsuʔ,kiruʔ,lamlam,kiklug,laβiʔ,pakpak,layug,laput,,tambik,ʔikuy,ʔiraw,luluy,ʔutuʔ,namuʔ,lawak,ʔian,lubuk,,kɨlad,laskaw,talay,burak,,tanɨk,batuʔ,kɨnay,waiʔ,,tɨɨb,kasin,ʔaβuyuk,talun,langit,bulan,bitukun,panganud,,kuran,daugdug,kudlap,palɨt,ʔɨyɨp,makinit,lamig,maraʔ; palanguin,talpuʔ,malbat (lɨbat),ʔapuy,siruk,taβuk,kaβuʔ,laǥɨm,makulit,mapulaʔ,madulaw,madulaw,gɨsyɨʔ,dakuluʔ,diput,ʔabwat,manipis,madamɨl,piɨt,mawayang,siit,ʔɨyak,lagilagiʔ; mipit,bakluʔ,ʔayɨn,malain,,laβii,kaldaw,takun,sanu pa,taluk,takwal,,,,ʔaranɨk,,,ʔalɨngɨt,ʔalawid,ʔay pa,,,,,,,ʔunu,tinu pa,dumaʔ,tanan,,kung,pira,bɨlag,bilang,tasaʔ,duruaʔ,tuluʔ,ʔɨpat,limaʔ,ʔɨnɨm,pituʔ,waluʔ,siam,tang puluk,duruang puluk,,gatus,liβuʔ
452,"Tausug, Jolo Dialect",5.12236,118.88,taus1251,S. Ashley in Reid (1971),208,https://abvd.eva.mpg.de/austronesian/language.php?id=452,limah,ha lawah,ha tuʔuh,sikih,magpanaw,dan,kari,giling,maglanguy,malummiʔ,bagunbun,paʔis,taikud,tian,bukug,luungunluungun,ʔatay,duruʔ; daghal,ʔagabah,tuhud,magpikil,bugaʔ,duguʔ,ʔuuh,liʔug,buhuk,ʔilung,napas,hamutun,simud,ʔipun,dilaʔ,magkatawah,magtangis,suka,magluraʔ,magkaʔun,ʔapil,bukadkad; maglutuʔ,magʔinum,magkutkut,supsup,taingah,magdungug,matah,kimitaʔ,iyaban,magtuug,kulang,magtagaʔinup,maglingkud,timindug,taʔuh,ʔusug,babaʔih,bataʔbataʔ,banah,ʔasawah,ʔinaʔ,ʔamaʔ,baay,ʔatup,ngan,ʔian,lubid,hukut,magtahiʔ,jawm,maglawag,magtimbak,dugsuʔan,dukduk,magtakaw,bunuʔ,patay,buhi,ʔugud; magkamas,huyaʔ,kahuy,sipak,mahaʔit,dumpul,maghinang,magtanum,piiʔ,tungbu,maghubag,pugaʔun,kumkumun,magkaliʔ,biih,bulat; ukab,magbayu pay,hitiluʔ,mahulug,ʔiruʔ,manukmanuk,ʔiklug,bulbul,pikpik,maglupad,ʔambaw,siyumbay,lanah,ʔikug,haas,kalug lupaʔ,kutuh,hilam,lawaʔ,ʔistaʔ,haluʔ,sanga,dahun,gamut,sumping,bungah,dagnut,lupaʔ,batu,buhangin,tubig,sug,dagat,ʔasin,lanaw,gulangan,langit,bulan,bituʔun,gabun,,ʔulan,daugdug,kilat,hangin,huyup,mapasuʔ,mahagpay,tahay; patahayun,basaʔ,mabuʔgat,kaayuy,sunug,ʔasuh,ʔabuh,ʔitum,putiʔ,pulah,bianing,gaddung,ʔasibiʔ,dakulaʔ,mapandak; mababaʔ,mahabaʔ,manipis,marakmul,masigpit,malakbang,bisa,masipug,daʔan; maʔas,baʔguh,marayaw,mangiʔ,patut; amu,duum,ʔadlaw,tahun,haʔunuh; kuʔnuh; haunuh,magtapuk,daag,ha,suud,,ha sawm,ini,yan,masuʔuk,malayuʔ,hariʔin,aku,ikaw,siya,kami; kita,kamu,nila; sila,ʔunuh,hisiuh,hambuʔuk,katan,tag,bang,pilah,bukun,ʔitung,hambuʔuk,duah,tuuh,ʔupat,limah,ʔunum,pituh,waluh,siam,hangpuʔ,kawhaʔan,kawaan,hanggatus,ʔibuh
22,Timugon (Murut),5.1796,115.826,timu1262,Jack Prentice,200,https://abvd.eva.mpg.de/austronesian/language.php?id=22,kalinduq; loŋon; palad,kait,pamiris,kalayam,ugad; oŋoy,dalan,-datoŋ,-lisaŋ,-saduy,-jamol,jamol,kuŋkuŋ,bakuluŋ,tinaiq,tulaŋ,tinaiq,aŋkayaw,titiq,limbawo,-panday,-kadaq,-laaq,dadaaq,ulu,liog,abuk,aduŋ,-painawo,-alok,kabaŋ,dipon,dilaq,-kudit,-taŋiq,-luaq,-tiwog,-akan,-sapaq; -intat,-ansak; -tanok,-inum,kokot; tinduk; iit,-tiop,taliŋo,-doŋog,mato,-kito,-uab,-boloŋ,-luyaq,-inuqi,-tuduŋ,-bigod,ulun,uŋkuyon,duandoq,anak; lalaiŋ,dalaki,anduq,inaq,amaq,baloy,taap,iŋg|galan,-indagu; koon nu,tali,-dukug,-pikit,jadum,-lulaq,-sapuk,-tobok,-lambaq,-takow,-patoy,-patoy,-biag,-kukut,-putul,tataun,-lapaq,-ladom,-ŋaŋol,-kandoy,-tanom,-piliq,-tuuq,-lanit,-pagaq,-oŋgom,-kali,-bali,-ukab,-tutu,-bobol,-datuq,ukuq,susuit,taluq,bulu,kawo,-siab,tikus,umas,lomok,ikuq,kukuo,liŋguaŋ,kutu,namuk,lawaq,papait,-[b]otoŋ,daan,daun,bakat,busak,kawaq,sakot,tanaq,batu,agis,timug,-taas,daat,usiq; -[b]asin,luogon,kataunan,dasawat,bulan,butitin,gaun,gaun,dasam,tiŋkalud,ganit,aŋin,-sampuy,-lasuq,-simuq,-puaq,-[b]asaq,-[b]agat,apuy,-solob,lisun,k|au; kaaw,-itom,-pulak,-liaq,-silow,-sansam,bobodok,-[g]ayo,-ganaq; diwaq,-[g]awad,-nipis,-kapal,-pisok,-pilaq,-duol,-uyuq,-tuo,-[b]agu,-[b]ansoy,-laat,-topot,dondom,odow,bilod,saŋg|ilan,-isisibuni,-aloy; kiwaq,da,da [lalom],da sawat,da ganaq,gitio,ginio; gili,-maad,-[g]alud,ati,aku; ku; daklq,[o]kow; mu; didun,io; no; diso,[i] to; to; dito; [i]takaw; takaw; ditakaw; akay; may; damon,[a]kaw; min; da|muyu|n,ilo; nilo; disilo,atan,osoy,bokon,ŋqiq-ŋaiq,om,nu; amun,ati kulaan; ati kuson,kalo; salaq,-untob,saa[q]; dondoq,duo,talu,apat,,,,,,,,,,
707,Tiruray,6.77321,124.127,tiru1241,Stuart A. Schlegel,201,https://abvd.eva.mpg.de/austronesian/language.php?id=707,kemer,biwoŋ,kuwonon,sekey,ʔagew; kirem,dolon,ʔaŋey; tiŋeʔ,baléŋ,loŋuy,luwedan,bubuk,kulit; loʔos,digur,ʔesur,bukal,tenéʔék,tagah,tutuʔ,wara,tigan,fegituŋ,talaw,daraʔ,ʔulew,réʔér,ʔebuk,ʔiruŋ,ferenawa,terefuŋ,ʔebaʔ,kifen,dilaʔ,meŋésé,keréw,ʔantag,duraʔ,ʔamaʔ; liwaʔ,ʔefet; sefaʔ,tofo; tumbar,ʔinem,kékéʔ,ʔesef,keliŋoʔ,bohol; geliŋoʔ,moto,teŋteŋ,feŋuyahab,,ʔiroʔ,kenaʔ,ʔesar,tindeg,ʔetew; keʔilawan,lagey,libun,ʔeŋaʔ,bawag,bawag,ʔiday; ʔideŋ,ʔabay; ʔeboh,beléyén,ʔatef,dawet,liŋaleŋ,taley,ʔiket,tebir; selugsug,darum; ʔetus,ʔulon,fanaʔ,saksak,fesaŋ,fenakaw,felehuʔ,fandus,meʔuyag,karut; gisgis,timfud,belala,ʔufak,ʔuteŋ; karaʔan; gegen,temful,galbek; rigo,ʔohok,femiliʔ,ʔeruk,lembag,berut,gamak; ʔeget,kedor,beley,ʔuŋkaʔ,ʔedek; bakbak,tudaʔ,fulih,ʔituʔ,manuk,ʔonok,bubul,fafak,refar,ʔambaw; melukét,,towoʔ,ʔigor,ʔurar,sofot,kutew,tegenek,kelawaʔlawaʔ; kofo,sedoʔ,,foŋo,daʔun,darir; fuʔun,florés,ʔonok,keroʔon,fantad; tunaʔ,batew,farek; nanad,wayeg; reguwas,reges,dogot,timus,ranaw,talun; sekeluŋon,laway,bulon,gitoʔon,rawen,banasbanas,ranaʔ,kereguŋ,silaʔ; kilot,labaŋen,ʔiyuf,ʔeduf; demfug,genaw,ketagasan,ʔanluʔan,ʔembegat,ʔafey,tuweg,ʔebel,ʔawew,ʔitam,fetéʔ,furo,,lunew,keloh; koʔoy,ʔabed; dakel; lebedek,fokoʔ,taʔah,nifis; gasaʔ,gefol,ʔerat,bukaʔ,geraʔ; deruʔun,memala,lukes,ʔantu,fiyo,tétéʔ,bantaŋ; toʔow; wagib,buteŋ; keluŋonon,fuwéh,belintuwaʔ,ʔamu; kediron,diruŋ,kambul,deb; dob,bukag; rahur,,,ʔeni,ʔenan; ʔeno,gedet; gedoror,taŋkaʔ,hon; honon,bégen; gu,béʔem,béʔén,bétom; bégéy,,béro; ro,ʔat(i),ʔat(i),sebida; segiyo,keluhan; falan,brab,ʔamu; ke(ʔ),ʔat(i); koy,beken,bilaŋ,sebaʔan,ruwo,telew,ʔefot,limo,ʔenem,fitew,walew,siyow,foloʔ,,,ratuh,nibu
1261,Umiray Dumaget,14.8757,121.508,umir1236,Ronald Himes (2002),94,https://abvd.eva.mpg.de/austronesian/language.php?id=1261,komot,,,sigit,totul,bektas,,,,diplut,delpoŋ; dipog,katat,,,kaksan,,,,abe,abuyen,,,sagu,ulu; olu; olo,,sapok,aŋut,inawe,saŋo,,ŋipon,dila,ilok,taŋos,,,,,,inom,kaget,,,ikna,,lawig; kinta,,pede,idde,,lipa,odde,,patud,mahuna,,bebiʔ,bebiʔ,,,,aklop,ŋalan,surut; sulit,,gipot,,,laweg; mamaget,,,,,,,,kitkit,,,,,talab,,tanom,peta,,,,,,getaŋ,,,,digdig,,,deyeg,putput,,,kuragbeŋ; kuyoŋ; diggis,unid,,ikoy,bebek,beyod,,,,,buŋtot,,agid,ramut,,,,,beto,laŋges,orat,,,,,bukod,laŋot,,butatala,,,tapok,,kilyat,palos,,,,,simog,biyet,,sunug,,,latom,,senag,,linow,,hoho; hoʔho; haŋa,antisik,,,,megut,,urom,amamos,,bowon,piyon; sampat,malot,,abi,,,pide,tagu,sakat,,,sapow,,oi,,alane,,dino,ako,ikaw,siya,kita; ikami,ikamu,ide,,,,pesan,,,,an; eyen; alin,,isin,aduwa,,,,,,,,,,,,
1259,Utudnon,10.6956,124.8086,bayb1234,Carl Rubino (2005),46,https://abvd.eva.mpg.de/austronesian/language.php?id=1259,,,,,,dáyan,,,,,,,,,,,,,,kiláya,,,,,,,ilóng,,,,,díla’,,tangís,,,,,lung-ág,,tukób,,dayunggán,,,,,túyog,,,púngko’,,,,bají,bagsók; pujá,,,,,bayáy,,,silíng,,,,dayágom,,,,,,,muy-ók,,,,,,,,,,,,,,,,,,,,mahúyug,irú’,,,,,,,,,,háyas,úyod,,,,,,,,,buyák,,,,,bayás,,,,,,kakahuján,,búyan,,,,,dayugdúg,lití’,lití’,,,,mayá,húpit,,,,,,,,puyá,,,,,,,,,,,,,,,,,,duyóm,,,san-ó,,,,,,ilayúm,iní,ádto,duóy,,diín; háin,akú,ikáw,síja,kitá; kamí,kamó,silá,anú,sin-ó,,,,,anuón,,,,,,,,,,,,,,,,
200,Yakan,6.53102,122.02173,yaka1277,"Blust, from Pack (1975), Behren (2002), Molony (1969)",207,https://abvd.eva.mpg.de/austronesian/language.php?id=200,taŋan,bibaŋ,kanawan,bettis,leŋŋan,lalan,pitu,bira,laŋi,lege; lemmiʔ,begumbun,kuit,bukut,betteŋ,tolaŋ,tinaʔi,buaʔ; atey,susu,baha,taʔo,kimmat; pikil,tinalew,lahaʔ,kok,kelloŋ,buu kook,uŋ,mag-napas,hamut,behe,impen,dellaʔ,saye,taŋis,utaʔ,luraʔ,kakan; maŋan,papaʔ,bella; usik,inum,kekkeb,sessep,tayiŋe,-takale,mata,kite,,tuli,pabak,teginep,tiŋkoʔ,teŋge,aʔa,lella,dende,anak,ella,anda,saʔi,sama,lumaʔ,sapew,alen,paʔin,lubid,iŋket,laʔit,dalum,panhut,timbak,binonoʔ; dugsu,pogpog; teuaʔ; lubbak,tangkew,bonoʔ,-matey,ellum,kukut,mag-poloŋ,kayu,kepak,talem,tampul,hinaŋ,eddek; tanem,peneʔ,sulig; tumbuʔ,bahaʔ,tabid,kinaputan,kalih,belli,luka,bayu,tibag,laboʔ,asu,manuk-manuk,pugad,bulu,peppik,layaŋ,mellek,isi,lemmek,eŋko,sawe,olet,kutu,kemmut,koko',kenna,buhuk,paŋey,dawen,gamut,sumpiŋ,buaʔ,belili,bulak,batu,umus,boheʔ,selluy,tahik,asin,,gulaŋan,laŋit,bulan,bituʔun,gabun,,ulan,lugung,lalat,beliu,tihup,panas,haggut,gaŋu; tohoʔ,basseʔ,bohat,ebbut,eggas,umbu,abu,ittem,poteʔ,peyat,binaniŋ,gadduŋ,dikiʔ,haje,pandak,tahaʔ,nipis,subuk,kiput,lajab; luha,saki,iaʔ,bahiʔ,baʔahu,hap; hatul; untul,laʔat,bennal; toʔo; tuʔun,saŋem,ellew,tahun,sumian,tapuk,panaʔik,di; si,di-alem,di-ataʔ,di-awaʔ,ini|n,ituʔ; ian,tapit,tala,antag; iŋge,aku,kaʔu,ie,kita; kami,kaʔam,sie,ine,sine,seddi [li],kemon; tibuʔuk,duk,baŋ,saʔiŋge,dumaʔin; gaʔi,ituŋ,issaʔ,duwe,tellu,ampat,lime,ennem,pitu',walu',siyam,sempū',duwempū',limempū',da hatus,de ngibu
713,Yogad,16.7015,121.718,yoga1237,Davis & Mesa,203,https://abvd.eva.mpg.de/austronesian/language.php?id=713,kamát,wígi,wanán,takkí,damá,daddamán,dánga,támu,,mulít; marikát,girafúk,dúlat; gaddáng; lálat,allikúd,san; futún,tuláng,sináy,agál,sussú,abagá,tatáw,karíg; nónot,taláw,dagá,ulú,lig,buk,igúng,angát,dálu,bibíg,ngipán,dilá,amáw,tangít,utá,tuppák,akkán,ngángat,gáku; dúngu,inúm,kassíb,sussúp; mummúl,bambáng,sim; sásim,matá,itá,guwáb,katurúg,iddá,irérap; iráp,tugúng,tádag,táwlay,lalakí,babáy,anák,atawá,atawá,inná; yéna,amá,binalay,atáp; bubúng,nagán; ngagán,állu,lubíd; galúd,galút; sígut,dagét,tanúd,anúp,,kaddúg; duddúg,kanná; bángga,takáw; kókot,patáy,tay,táwlay,kákkurút; kuraggút,sípat; tukád,kayú,bakká; gaddú; gullák,tarám; tahára,liddám,ángngu,mulá,pilí,talóbu,,passít; piggát,iggám,kokkót,gatáng,bukkát; bullád,bayú; dádak; tantág,bátil; páttu; assáb,dánnag; sóbbut,atú,mammanók,íbung; ílug,dúdut,páppak,kágab,bukát,bálag,tabá,,iráw,ulág; ipát,kutú,kamúg,akákawa,ikán,bambág; dupák,pangá,don; undút,gamút,lappáw,bungá,kaddát,lutá,batú,dagát,danúm,agút; ági,bébay,asín,danúm,talún; kakáiwan,langít,bulán,bitún,dulám,,urán,addúg,kilákilát; tagitállit,babbág,fuddád,dandáng; yénit,lábat,magá,batá,dámmat,afúy,lussúm; sigí,atúk,abú,ngisít,fulláw,lasáng,amarílyu,bérde,bullák,dakál,alínak,bayág; illáyug,impít; réteg,kappál; fulikát; kannág,atallín,alwáng,takít,pasirán,lalakáy,bágu,mapí,marál,antú; kurúg,gabí,agáw,dagún,ammanní; nukanní,tagú; limád,unék; urakkáp,,tutá,,gukáb,naw; yaw; yawwé,ammá,gubín,káiwan,dansáw; agginán; dipá,kan,ka,baggina,kitam; kami,kam,sira,ganí,sinní,tanakwán; kárwan,atanán,ánni; ánnu,ammá,kassándi; amnínna,awán,biláng,tatá,addú,tallú,appát,limá,annám,pitú,walú,syam,fúlu,adwáfulu,limáfulu,gatút,ríbu
