language_id,language,latitude,longitude,glottocode,author,number_of_entries,source_url,hand,left,right,leg/foot,to walk,road/path,to come,to turn,to swim,dirty,dust,skin,back,belly,bone,intestines,liver,breast,shoulder,"to know, be knowledgeable",to think,to fear,blood,head,neck,hair,nose,to breathe,"to sniff, smell",mouth,tooth,tongue,to laugh,to cry,to vomit,to spit,to eat,to chew,to cook,to drink,to bite,to suck,ear,to hear,eye,to see,to yawn,to sleep,to lie down,to dream,to sit,to stand,person/human being,man/male,woman/female,child,husband,wife,mother,father,house,thatch/roof,name,to say,rope,"to tie up, fasten",to sew,needle,to hunt,to shoot,"to stab, pierce",to hit,to steal,to kill,"to die, be dead","to live, be alive",to scratch,"to cut, hack",stick/wood,to split,sharp,"dull, blunt",to work,to plant,to choose,to grow,to swell,to squeeze,to hold,to dig,to buy,"to open, uncover","to pound, beat",to throw,to fall,dog,bird,egg,feather,wing,to fly,rat,meat/flesh,fat/grease,tail,snake,worm (earthworm),louse,mosquito,spider,fish,rotten,branch,leaf,root,flower,fruit,grass,earth/soil,stone,sand,water,to flow,sea,salt,lake,woods/forest,sky,moon,star,cloud,fog,rain,thunder,lightning,wind,to blow,warm,cold,dry,wet,heavy,fire,to burn,smoke,ash,black,white,red,yellow,green,small,big,short,long,thin,thick,narrow,wide,"painful, sick","shy, ashamed",old,new,good,"bad, evil","correct, true",night,day,year,when?,to hide,to climb,at,"in, inside",above,below,this,that,near,far,where?,I,thou,he/she,we,you,they,what?,who?,other,all,and,if,how?,"no, not",to count,One,Two,Three,Four,Five,Six,Seven,Eight,Nine,Ten,Twenty,Fifty,One Hundred,One Thousand
409,Agta,17.9571,121.857,cent2084,R. Mayfield in Reid (1971),182.0,https://abvd.eva.mpg.de/austronesian/language.php?id=409,kʌmʌt,zimigi,ziwanan,tʌkki,mʌgtugut,,,mʌgbʌlittʌg,mʌglʌngoy,mʌduping,lʌppu,tʌbbit,ʔʌddʌg,sihat,tulang,sihʌt,ʔʌgʌl,susu; hʌdang,ʔʌbʌgʌ,ʔamu,,mʌgtʌlaw,dʌgʌ,ʔulu,lig,huk,ʔʌwan,,labʌn,simuk,ngipʌn,hilʌ,mʌgkʌtʌwʌ,mʌgtʌngit,mʌgʌduʌ,mʌglutab,mʌngan,gʌmman,hutʌli; mʌgʌpuy,ʔuminum,mʌgkʌgat,mʌgsusu,bʌngbʌng,mʌdʌngʌg,mʌtʌ,mʌʔitʌ,,mʌsidug,,tʌhinʌp,mʌgtuttud,mʌgtayuk,tolʌy,lʌlʌki,bʌbbʌy,ʔʌbbing,ʔʌtʌwʌ,ʔʌtʌwʌ,ʔinʌʔ,ʔʌmʌ,bʌli,ʔʌtʌp,ngʌgan,ʔibah,lubid,ʔigʌlut,mʌgdʌget,dʌgum,mʌgʌngkat,,mʌgkaddug,,mʌgtʌkʌw,mʌgpʌpasi,nʌsi,,mʌkʌtʌl; mʌgkuhas,mʌggʌlgʌl,kʌyu,,mʌtʌdʌm,mʌngudʌl,mʌgtʌhʌbaku,mʌgmulʌ,mʌgpili,,,,ʔibbʌlan,mʌgkʌli,ʔitʌnʌm,,mʌgbʌyu,ʔipattu,mʌnahu,ʔʌtu,mamanuk,ʔiklug,,pʌyak,ʔimubʌh,bʌlʌkʌd,,tʌbʌ,ʔipput,ʔulʌg,ʔʌlikkʌwuʌd,kutu,ʔilʌk,ʔʌlʌwlʌwʌ,ʔikan,mʌlʌbʌg,,don,hʌmut,lʌppaw,mʌyan,,lutʌk,bʌtu,ginʌt,dʌnum,,bebʌy,ʔʌsin,ʔalug,tʌlun,lʌngit,hulan,bitwʌn,kulʌm,,ʔudan,dʌlʌk,kilat,pʌddad,sopʌn,mʌpatu,mʌsʌnʌw,mʌmagʌ; mʌgsigʌy,mʌbʌsʌ,mʌdammʌt,ʔʌpuy,mʌgtonghad,ʔʌsok,lʌppu,ngisit,puhʌw,dʌhag,ngilʌ,matʌ,ʔʌssʌng,dʌkʌl,ʔʌlinnʌk; ʔʌpisi,ʔʌdanuk,mʌlapit,mʌkʌnʌg,ʔʌsilʌt,ʔʌlawʌ,tʌkit,mamʌt,danʌ,bagu,mʌpiʌ,dulʌy,,hiklʌm,ʔʌhaw,dʌhun,kanu,mʌgtʌgu,ʔimunek,,,,ʔaddun,,,ʔʌbikʌn,ʔʌdayu,had,,,,,,,ʔʌnu,ʔinyʌ,takwan,ngamin,,ʔʌm,pigʌ,bʌkkʌn,mʌgbilang,tatakdʌy,duwʌ,tʌllu,ʔʌppat,limʌ,ʔʌnnʌm,pitu,wʌlu,siam,mʌpulu,duʌpulu,,mʌgʌtut,mʌhibu
1569,Agutyanen,10.5328,119.655,agut1237,Caabay & Melvin (2018),246.0,https://abvd.eva.mpg.de/austronesian/language.php?id=1569,kalima,wala,to,bisit,panaw,dalan,paning,liko,kapay; delep,maboling; ligna,alikarem,olit,pasing,po-kon,doli,bi-wa,kandat,titi,palda,tako,isip; nem,talaw,dogo,kolo,likel,boa,orong,linawa,ongaw,anga,isi,dilak,imod,tangit; i-yak,toka,bola; olak,pangan,dekem; dolot; lotad,lotok,inem,eyeb; ingkib; ta-bet; tondi,se-sep,talinga,basi,mata,ita,paloab,poyat; altek,lobog,talakinep,karong,kereng,taw,lali,babay,ana,katawa,katawa,nay,tay,balay,katep,aran,aning,tali,ta-ket; lapot,bedbed,singgoay,ayam,pintik,sa-sak; saksak,lampak,takaw,patay,patay,boi,olol,poan,,belak,matarem,omal,,loak,pilik,bael,arok; simpeng,de-det; ge-get,biot,ali; bongkal,bakal,boka; bo-kad,lebek,banggil,bagsak,kiro,lamlam,ki-yoy,bolbol,kalipapa,layog,ambe,isi,tambek,ikog,ma-kal,kolod,oto,namo,bokaw-bokaw,yan,bog,tanga,daon,lamot,rosas,borak,ibabawen,tanek,bato,kenay,wi,ilig,talsi,kasín,lanas,talon; geba,langit,bolan,bitokon,onom,ambon; togpo,koran,doldol,koldap; kirlat,eyep; mageyep,eyep,ringet,malamig,lango; mara,lebay,belat,apoy,poksa; tolpok,kato,agipo; kabo,lagem,kolit,singgi,kalawag,birdi,ge-ley,bael,dibabak; dipot,māboat,manipit,madamel,mapiet,mala-bang,masit; sit,eyak,mepet,ba-lo,mo-ya,malain,tama,labí,kaldaw,takon,tanopa,talok,ka-biat; ka-yat; ondiot,ong,teled,dibabaw,,na,si; asi,alenget,alawid,aripa; aypa,yo,mo; nio; yawa,na,ita; ami,amó,nira,onopa,sinopa,doma,lobot,ig; may,maga; mga,monopa,anda; belag; indi,bilang,tambilog; tang; tata,doroa,tolo,epat,lima,enem,pito,walo,siam,polok,doroang polok,limampolok,gatos,ribo
43,Aklanon - Bisayan,11.5543,122.354,akla1241,Dave Zorc,240.0,https://abvd.eva.mpg.de/austronesian/language.php?id=43,ʔalí:mah,waɣáh; waéah,tuʔúh,sikí,pá:ńaw; tikáŋ,dá:ɣan,ʔabút,likúʔ,ɣaŋúy,hígkuʔ,taputapúh,pa:nit,likúd,tiyán,túɣʔan,tiná:ʔih,ʔatáy,su:su.,ʔabá:gah,ka:sá:yud,ʔí:sip; hunáʔhunáʔ,hádluk,dugúʔ,ʔú:ɣuh,lí:ʔug,buhúk,ʔilúŋ,ginhá:wa.,humút,báʔbaʔ,ŋí:pun,dí:laʔ,hibayág,tá:ŋis,sú:kah,túpɣah,ká:ʔun,mamáʔ; ʔú:sap,ɣa:haʔ,ʔinúm,kitkit; ʔaŋkit,supsup,duɣúŋgan,naka:batíʔ,matá.,kí:taʔ,húyʔab,tu:ɣug,ɣubúg,dámguh,púŋkuʔ,tíndug,tá:wuh,ɣaɣá:ki; ɣa:ki,babá:yih; ba:yih,ʔuŋáʔ,ʔasá:wa:ŋ; ɣaɣá:kih,ʔasa:wa.,ʔinah,ʔanáh,baɣáy,ʔatúp,ŋá:ɣan,hámbaɣ,pí:siʔ; ɣúbid,higút [hígt:an],tahíʔ,da:gum,paŋayám,panáʔ,bunúʔ,sámpuk,tá:kaw,patáy,matáy,paŋa:bú:hiʔ,ká:ɣut,tuktuk; saksak; tagáʔ,ka:huy,búsʔak,taɣúm,daŋáɣ,ʔumáh,tanúm,píliʔ,tú:buʔ,bagáʔ; há:ɣuk,pú:gaʔ; kú:mus,kúmkum,kútkut,bakáɣ,bukáʔ,bayúh,habúy,hú:ɣog,ʔá:yam,manuk; píspis,ʔítlug; onok,búɣbuɣ; bubul; baɣahí:buh,pákpak,ɣupád,ɣáŋgam,ʔunúd,sí:buh; támbuk,ʔí:kug,sawáh,ʔú:ɣud,kú:tuh,namúk,ɣamáŋ,ʔísdaʔ,bulúk; ɣúbʔuk,saŋáh,dá:hun,gamút,bú:ɣak,bú:ŋah,halimunún,ɣúgtaʔ,batu,baɣás,tú:biʔ,ʔí:lug,dá:gat; ɣawúd,ʔasín,danáw,kaguɣá:ŋan,ɣá:ŋit,bú:ɣan,bitú:ʔun,paŋá:nud,ʔámbun,ʔuɣán,daɣúgdug,kilát,há:ŋin,huyúp,ʔí:nit,ɣamíg,maɣa.,basáʔ,búgʔat,kaɣá:yu.,sú:nug,ʔasúh,ʔabúh,ʔitúm,putíʔ,puɣáh,duɣáw,berde,ʔisút; saŋ:kiríʔ,bahúɣ,putút; ʔisút,há:baʔ,nipís,dá:muɣ,kitíd,ɣá:wig; ɣá:pad,sakít,huyáʔ,gú:ɣaŋ,bágʔuh,mayád,ɣá:ʔin,tú:ʔud,gabí:ʔih,ʔádlaw,dágʔun,hinʔunúh; kánʔuh,tá:guʔ,sá:kaʔ,sa,suɣúd,ʔibá:baw,ʔdá:ɣum,dá:yah; dú:naʔ,dú:yun; datúh,ɣapít,ɣayúʔ,siʔɪ́n,ʔakú.,ʔikáw,ʔimáw,kitáh; kamíh,kamú,sándah,ʔanúh,sínʔuh,ɣaʔɪ́n; ʔíbáh,tanán,ʔag,kun,maʔú:nuh,ʔindiʔ; ʔayáw,huyáp,ʔisaɣáh,daywáh,tatlúh,ʔapʔat,lima,sais; ʔanʔom,pitu,waeo,syam,pueo,baynti,singkwenta,sang gatos,sang libo
1270,Alangan,13.0982,121.022,alan1249,Barbian (1977),248.0,https://abvd.eva.mpg.de/austronesian/language.php?id=1270,dalukap,tagwalà,dalukap pamalang; panigbás,,kadang; agipanaw,dalan,,,lumangoy; rangóy,arungún; lubagun; lutukun,galbók; rapok,anítun,awak,buyon,bitól,ponâ,aprô,suso,balikat,,magremrém; atawanan; pailoilo,agkalimô,daya,ulo,telnan,abok,urong,,mangangut; mangarok,bibî,ngipun,dila,agpakokok; patawà,agpanangis; agpanramrós; agpansubì,sukà,,mamangàn; agkamangán,tilad,tunguanun; agaroko; lutuún,,,,talinga,karungóy; agalaput,mata,ngitan; kapangkít,manungaban,usok,liway; palibay,tainúp,tugkáw,,,boglô,darago; bayo; dayà; santò,budang,báe,,inang,mamang; mamboy,balay,atop,ngaran,sabiún,ukét,gapusún; bokusun; eketén; sugbitun,,karayum; kuayum,bisalan; panlakaw; mangakad,palpás; agpana,bunungún; dusakun,atamaan; abangkawán,takaw,,agkatáy,,gayawun; karatun,,,lapaun; lasakun,,pudúl; momól,fakfanón; apangwát; agapurâ,asikún; agasikán,pilì,,mistubò; mamungkalus,turusún,,kalî; agkalî,bilí; mamilí,busuangun; bukáun; buklát,agbayú; aglubók,binglayun; bunglayun,malabò,tito,punay,itlóg,,pakpák,layangan; mislayug,patulóy; balabáw,,,ikóy,ulay,alibatoy,yamad,banglús,lawà,surâ,buyók; rukás,salinsíng; salingsíng,daon; labong,uyat; gamót; dalíg,butakan; buruasan,rawug; boa,,diya,bató,barás,tubig,agkalimós; lagnasun,dagat,asín,linaw; lalaguna,kubat,langit,bulán,magiróm,panganod,libò,udán,dalugdók,dalugdók,angin,,,madimlá,gapusún; marigún,,biyát,baya,durukún,snus; ulúp,buris,masnóng; madlúm; malúnod,buksî,malimbaón; dangga; kundiman; kinambaya,madiláw,láoy,dalít; singít,laun; lakóy,kabuat tê,aba,malipís; maimpís,,,masakláng; masláng,dailán; maskít,akaiyâ; akarikoy; iyá,gorang; kadagon,bayukáy,maál,daot,,yabì,ibong,dagún,akadugay; ang kadugay,,munaik; agunaík; agrabong,,,,,anda,ina,bangun tê; abanitê,adaynaw,anuá; saano,akó,kaw,siyo,kitá(m); kamí,kamó,siro,,nakáy,ruma; bukód,,,no,ang katáw; abitay,dayô; nawúd,,usaï,duáy,tulò,upat,limá,anum,pitô,waló,siyám,saï polo,duay kasaypolo,,usai daan,
1211,Arta,16.4185,121.656,arta1239,Yukinori Kimoto,215.0,https://abvd.eva.mpg.de/austronesian/language.php?id=1211,lima,katigid,ka:wanan,tiyəd,dima,daddiman; diddiman,,gi:rəŋ,naŋuy,meggirək,rignət,kubbaŋ,sapaŋ,čan,tulan,bituka,agtay,susu,salapad,tataw,no:no:t,antiŋ,dikləm,ulu,lig,pulug,aduŋ,manga:ŋəs,aŋu:tən,bibig,ŋippən,dila,lalla,siya,aŋut,tuppak,an,ŋalŋal,lutu,ti:m,arat,supsup,taliŋa; ibəŋ,ati:ŋən,mata,inta; ita,sasbiw,idəm,o:gip,gigləp,tuttud,tadyor,arta; agani:,giləŋan,buka:gan,ana:,asawa,asawa,ina,ama,bunbun,atəp,ŋadin,ibud,lubid; gapət,gaptan,dage:t,tanud,bugay,paŋa:lən,suttukan,suntuk,takaw,papati,pati,to:lay,gusgus,gu:lək,imula,pissay,mettadəm,ŋuləl,mantaraba:ho,,pili,mantubu,lətəg,,iggaman,kotkot,rataŋ,bukkat,,barəd,tannag,lappul,manu:,i:lug,,alad,əbər,bukət,ba:lag,gaddaŋ,ipus,ulag; iraw,bula:ti,utu,buŋor,ləwwaləwwa,i:yan,ruŋtut,sa:ŋa,don,ramut,bulaklak,buŋa,kadət,tapa,karagatan,dagat,wagət,bulus,digit,asin,pasuŋ,ayuwan,laŋit,bulan,bitun,dikləm,nabunab,pu:nəd,addur,kilet; kimat,bəgbəg,yopyop,pu:nəd,dəgnin,madi; raŋu,bisa; basassag,dəttun,du:t,sigin,asuk,abu,udiŋ,pullaw,sulu,,,killək,ka:man,api:rit,illa:yug,ləgpis,bagəl,gipit,lawa; layat,dəgəs,maŋa:pasiran,dupu:; babakat,bu:ru,piya,marakət,ustu,biyu:ŋət,laŋit,dagun,tanaka,lisu,saraŋsaŋ,ti; ta,diso:no:,diŋatu,dibbi,a:yi:,a:ya:,biyən,adu:yu,adi:ni,tən,taw,,titam,tam,tidu,a:no,tatin,a:duwan,attanan,aydi:,amma,kassandi,awan,bilaŋ,si:paŋ,tallip,taʔlu,appat,lima,ənnəm,pitu,walu,ʃam,ta:hulu,arta; tallip a hulu,lima a hulu,gasut,ta:ribu
410,"Atta, Pamplona",18.4738,121.3,pamp1244,C. Whittle & R. Lusted in Reid (1971),205.0,https://abvd.eva.mpg.de/austronesian/language.php?id=410,lima:,jimigi,jiwana:n,takki,mallaka:k,dalan,umeʔa taw,mabbiribiring,mannunnuk,naraping,kappu:ʔ,tabbiʔ,bara:ʔ,sa:n,tula:ng,sinay,agal,ga:taʔ; ga:kaw,aba:ga,ammu,nonofan,magana:ssing,da:ga,ulu,bullaw,dudduʔ,igung,magina-ngo,aguban,simuʔ,ngipan,jila:,maggagalaʔ,makkule:ʔ,uta:,iluta:k,kuma:n,mama:n,buta:li; lutuan,amminum,mangaga:ʔ,susutan,talinga:,maginna:,mata:,masingan,mattarawag,makkaturuk,magidda,tage:naʔ,magitubang,mana:ddak,to:lay,lala:ki,babay,abbing,ata:wa,ata:wa,inno:ʔ,ammo:ʔ,balay,ataʔ,nga:gan,ubobugan,lubik,kaddanga:n,maddage:ʔ,da:gum,magaluʔu:ʔ,,dukkia:lan,,iko:ko:ʔ,papata:yan,natay,mato-lay,makatal; makkabbang,kaddutan,ka:yu,,nataram,nangural,mattaraba:ku,imula:,mappi:li,,nabbaga,pappatan,tangngala:n,makko:kko:k,guma:ta:ng,vucatan,mabba:yu,ipayang,mapanna:ʔ,i:tu,mamma:nug,illuk,lawi,paya:ʔ,makkaya:k,ulak,pattaʔ,taba:,ipuʔ,ira:w,alukki:nak,kutu,agupu:ʔ,balakak,sira:,nalabbak,panga; fanga,don,gamuʔ,lappa:w,bunga:,kaddo,dabbun,batu,da:ga:ʔ,danum,,be:bay,asin,labbang,kakayyua:n,la:ngiʔ,bula:n,bituan,kunam,,ura:n,alittu:gaw,kila:ʔ,padda:k,isuʔ,ininiʔ,nalummin,namaga:; bilaga:n,nabasa:,putu,api:,tuggian,atuʔ,abu:,ngisiʔ,puraw,ujjo:jin,ngila:,be:rdi,baddiʔ,dakal,alinna:ʔ; ababba:,apaddu:,neppiʔ,nakannak,nasiriʔ,ala:wa,takiʔ,mapasira:n,da:n; lakala:kay,bagu,mapia:,jikkuʔ,kurrug,gabi,a:ggaʔ,dagu:n,ka:ni,mattuttu:ʔ,ammune:ʔ,,unaʔ,utton,guka:k,yawe,,aranni,arayyu,so:gia:n,sò,,,ittam,siʔaw,irrah,anni,asinni,tanakua:n,nga:min,,nu,pigia:,ari,bila:ngan,ta:dday,dua:,tallu,appa:ʔ,li:ma:,annam,pitu,walu,siam,mapulu,dua:pulu,,magatuʔ,maribu
1262,Ayta Abellen,15.4131,120.2,aben1249,Stone (2008),141.0,https://abvd.eva.mpg.de/austronesian/language.php?id=1262,gamɨt,odi,,,kodaŋ,,,,taŋoy,dinat,tuʔapok,lutiʔ,gulot,bitoka,botʔo,,agtay,huho,bantaw,,,,dayaʔ,o:,lɨʔɨy,labok,baloŋoh,,daʔɨp,bɨbɨy,ŋipɨn,dila,kiliʔ,taŋih,hokaʔ,,kan,,,inom,kayat,hɨphɨp,taliŋaʔ,lɨŋɨʔ,mata,kit,,toloy,,taynɨp,iknoʔ,idɨŋ,,laki,babayi,anak,ahawa,ahawa,indo,bapa,baɨy,atɨp,ŋalan,,lubil,,tahiʔ,kadayɨm,,,,,takaw,patɨy,,,,,,,tadɨm,,obda,tanɨm,piliʔ,,,pɨhpɨh,,kali,haliw,,,tapon,,aho,manokmanok,talay,polokpok,pakpak,lompad,,,,ikoy,bikat,ulɨl,,ilɨk,gigaŋ,ikan,,,,yamot,,dawa,,,dapah,laŋhiʔ,lanom,,,ahin,,,laŋit,buwan,bituʔɨn,uwɨp,,udan,kudol,kilat,,,ʔamot,layʔɨp,,bahaʔ,biyat,apoy,,anoh,tubog,ŋitit,putiʔ,tibya,holyaw,,kandi,lakɨ,,kadaŋ,inpih,kugpa,hapɨy,way,,,,bayo,ŋɨd,,,madɨglɨm,maŋaʔamot,taʔon,makano,tayo,manik,,,,,,,,taʔaŋ,wayʔihtɨw,ako,ka,ya,kitawo; kayi,kawo,hila,aya,hinya,,kaganaʔan,boy,no,wayʔomon,,bilaŋ,magha,luwa,tatlo,apat,lima,anɨm,pitu,walu,hiyam,mapoʔ,luwampoʔ,limampoʔ,magatoh,maghay libo
1263,Ayta Ambala,14.8156,120.283,amba1267,Stone (2008),127.0,https://abvd.eva.mpg.de/austronesian/language.php?id=1263,gamɨt,kaliwaʔ,,,alyakoʔ,,,,laŋɨy,yaŋat,gabot,balat,bokot,bitokaʔ,botʔo,,agtay,sosoʔ,bantaw,,,,dayaʔ,olo,bɨŋ,labok,baloŋoh,,daʔɨp,bɨbɨy,ŋɨpɨn,dila,kayliʔ,taŋih,hoka,,kan,,,inɨm,kayat,sɨpsɨp,tɨk,lɨŋɨʔ,mata,akit,,toloy,,taynɨp,iknoʔ,idɨŋ,,liyakiʔ,babayi,anak,ahawa,ahawa,indoʔ,bapa,bali,atɨp,ŋalan,,yobil,,tayi,kadayɨm,,,,,takaw,pati,,,,,,,tadɨm,,trabaho,tanɨm,piliʔ,,,pɨspɨs,,kalih,haliw,,,haloʔ,,aho,manokmanok,okoy,baŋibaŋ,palakpak,lompad,,,,ikoy,otan,bolati,,yamok,pidaʔ,kɨnaʔ,,,,yamot,,tagɨy,,,bato,bohaŋin,lanom,,,ahin,,,laŋit,boyan,bɨtɨwɨn,olap,,abagat,kimat,kimat,,,ʔumot,layɨp,,bahaʔ,biyat,apoy,,ahok,abo,wliŋ,potiʔ,odit,dilaw,,kayɨk,hmak,,kadaŋ,nipis,kodpa,kayɨk,lawag,,,,bayo,hampat,,,yabi,allo,taʔon,makano,tagoʔ,dakɨy,,,,,,,,dayoʔ,haʔantoʔ,aku,ka,ya,kami; tamu,kawu,hila,hitaʔ,hitaʔ,,laʔat,boy,nu,pakapakun,,bilaŋ,,,,,,,,,,,,,,
1264,Ayta Mag-anchi,15.1954,120.459,maga1263,Stone (2008),141.0,https://abvd.eva.mpg.de/austronesian/language.php?id=1264,gamɨt,uki,,,bita,,,,kaway,rɨmɨk,tuwapok,balat,bokot,bitoka,botʔo,,agtay,hoho,bantaw,,,,daya,ulo,lɨʔɨy,habot,baluŋuh,,daʔɨp,bɨbɨy,gogot,dila,kailiʔ,taŋih,huka,,ɨkan,,,inɨm,kayat,hɨphɨp,tɨːk,lɨŋɨʔ,mata,ikit,,toloy,,taynɨp,iknoʔ,irɨŋ,,lalakiʔ,babayi,anak,asawa,asawa,indo,tatay,bali,atɨp,ŋalan,,yubil,,taynɨb,karayɨm,,,,,takaw,patsi,,,,,,,tarɨm,,trabaho,tanɨm,piliʔ,,,pɨhpɨh,,kali,haliw,,,tapon,,aho,manok,poga,habot,puwal,lumpad,,,,ikoy,utan,uwɨl,,ilɨk,gigaŋ,kɨnaʔ,,,,wakat,,tagɨy,,,bato,balah,lanɨm,,,ahin,,,laŋit,buwan,bɨtɨwɨn,ginɨm,,uran,kilat,kimat,,,ʔomot,layʔɨp,,baha,byat,apoy,,ahuk,abo,ŋitsit,putsi,orit,hɨlyaw,,nanawa,hɨlay,,karaŋ,impih,kugpa,kapit,akʔwal,,,,bayo,hampat,,,yabi,allo,taʔon,makano,tago,unik,,,,,,,,rayuʔ,anto,ako,ka,ya,kitamo; kay,kaw,hila,hino,hino,,naubuh,boy,no,paŋno,,bilaŋ,mihaʔ,lowaʔ,tatloʔ,apat,limaʔ,anɨm,pitoʔ,waloʔ,siyam,mapoʔ,lowampoʔ,limampoʔ,dinalan,liboʔ
1257,Ayta Mag-antsi,15.1954,120.459,maga1263,"Storck, Kurt and Margaret Storck, compilers",255.0,https://abvd.eva.mpg.de/austronesian/language.php?id=1257,gamêt,uki,panabtab,bitsih,bita; mita,dann,kapadah,durot,kaway,dêmêk; porong,tuwapok,balat,bokot,bitoka; poko,but-o,bitoka,agtay,hoho,bantaw,tanda; muwang; balay,ihip,limo,daya,ulo,lêêy,habot,balunguh,inanawa,daêp,bêbêy,gogot,dila,kaili,tangih,huka,dula; tupay,kênaên,êt-êt,luto,inêm,kayat,hêphêp,têkk,gilam,mata,hêlêk,kayab,tuloy,palindata; lokob,,ikno,irêng,tawo,lalaki,babayi,anak,ahawa,ahawa,ima; nanay,tatay,bali,atêp,langan; ngalan,habi; habêt,hêêl; êh-êl; soga; yubil,takêl,taynêb,karayêm,kolimêt,pana,hakhak; yukyuk; tabtab; latog,tumbuk,takaw,patsi; lipot,natsi,biyay,gêgat; gulat; kuhkuh,orog,têkên,bahak; bihbih; bangal; katêrên,tarêm; nahêlêy,kamud,dyag,tanêm,pili,tumubo,baknêl; gumaya; baya,pêhpêh; podot; pêyêh; pidit; piktat,talan,kali,tawad,buklatên; loat,pukpuk; bayo,tapon; hamwag,tata,aho,manok,poga,puwal,pakpak,lêpad,dagih,asan,taba,ikoy,utan,,koto,yamok,gigang,,lapok,hanga,bulong,yamot,bulaklak,bokal,lamon,luta,bato,balah,lanêm,tolo,dagat,ahin,linaw,bagbag,langit,buwan,bêtêwên,ginêm,ogaog,uran,kilat,kimat,angin,dumot; kêtan,,kêbêl,kulanoh; yanto; yango,baha,bêyat,apoy,dungkêt; opoh,ahuk,abo,nailam; nangitsit; nauyang,putsi,orit,nahêlyaw,nahulilang,ibon; naaypa; oybon,mahlay,botêtê; ipêk,karang,naimpih,kapal,kapit,lawang,hakit,dêng-êy,toa,bayo; lago,kangêd,dawak,dêmang; hukad; pêtêg,yabi,allo,taon,nakano,puglao; lingad,unik; talukaring; lakat,ha,ha,ugto,,hata; hatsi,hain; hato,hênêd; narani; nadani,dayo,ato; ano,ako,hika,hiya,kitamo; hikay,hikaw,hila,hapay,hino,kaatag,balang,boy; etaman; haka; saka,no,pangno,ahê,bilang,miha,lowa,tatlo,apat,lima,anêm,,,,mapoluk,,,dinalan,
1267,Ayta Mag-indi,14.9617,120.182,magi1241,Stone (2008),141.0,https://abvd.eva.mpg.de/austronesian/language.php?id=1267,gamɨt,odi,,,bita,,,,kaway,dinat,alikabuk,balat,bukut,bituka,botʔu,,agtay,susu,bantaw,,,,daya,ulo,bɨŋ,sabut,baluŋus,,dɨp,bɨbɨy,lasi,dila,kayliʔ,taŋis,suka,,ɨkan,,,inum,kayat,sɨpsɨp,tɨk,lɨŋɨʔ,mata,akit,,bɨlɨw,,taynɨp,iknuʔ,irɨŋ,,lilaki,babayi,anak,asawa,asawa,indu,bapa,bali,buboŋ,lagyu,,yubil,,tayiʔ,karayom,,,,,takaw,pati,,,,,,,tarɨm,,obra,tanɨm,piliʔ,,,pɨspɨs,,kali,haliw,,,tapun,,asu,manunk,ukuy,sabut,palakpak,lumpad,,,,ikuy,utan,uwɨl,,ilɨk,gigaŋ,kɨnaʔ,,,,uyat,,tagɨy,,,batu,balas,lanɨm,,,asin,,,laŋit,buwan,bɨtɨwɨn,lem,,uran,kilat,kilat,,,ʔumut,lɨpʔɨt,,basaʔ,biyat,apuy,,asuk,abu,uyaŋ,puti,udit,ʔɨlyaw,,bɨlɨŋ,ragul,,karaŋ,impis,kudpa,kapit,kuwal,,,,bayu,ŋɨd,,,yabi,maʔamot,taʔun,makanu,taguʔ,dakey,,,,,,,,dayu,antu,aku,ka,ya,kitamu; kay,kau,sila,sabet,sisabɨt,,kaganawan,buy,nu,parasaʔantu,,bilaŋ,gisaʔ,luwaʔ,tatluʔ,apat,limaʔ,anɨm,pituʔ,waluʔ,siyam,mapuʔ,luwampuʔ,limampuʔ,gisay gatus,gisay libuʔ
289,Babuyan,19.48,121.96,babu1242,Tsuchida et al. (1987),321.0,https://abvd.eva.mpg.de/austronesian/language.php?id=289,panorowan,holi; kaholi,wanan; kawanan,ayi,ayam; omayam,rarahan,ay; may,siwal; somiwal,awat; mayawat,rudit; marudit,ahbek,kodit,dicod,bodek,tohang,cinayi,atayi,soso,pakoh,panmo; ipapanmo; patak; icapatak,tokto; maytokto,bakel; mabakel; amo; ma:mo,raya,oho,lagaw,bo:boh; vuhok,momodan,anges; omanges,angot,dangoy,nyipen; kamansasanga; song,rida,miyeng; mamiyeng,tanyis; tomanyis,ota; mota,,kan; koman,mama,rotong,inom,sonyit; sonyiten,sepsep; sepsepen,tajinya,adngey,mata,tiban,soyawab; maysoyawab,icih; mekaicih,poktad; maypoktad,tayinep,disna; maydisna,tenek; maytenek,tao,mahakay,mabakes,motdeh; anak,kabahay a makakay,kabahay a mabakes,a:nang,a:mang,bahay,atep,ngaran,vatahen,hobid; toyongan; langking,iyit; iyitan,rayit,rayem,anop; manganop,mamaltog,toyan; todok; todoken,danog; danogen,ta:kaw; mana:kaw,diman; maydiman,diman; madiman,biyay; mabiyay,kadkad,tongeh; poted; pitos,kayu,abhak; abhaken; yangaw; yangawen,tarem; matarem,ngareh; mangareh,,moha; maymoha,pidi; pidiyen,,yatek; miyatek,pitos; pitosen; piyis,dapet; manapet,kadi; kadiyen,gatang; gatangen,iwang; iwangan,asad; asaden,agsid; agsiden,asday; masday,cito,manomanok,occoy,buh buh,panyid,sayap; somayap,karam,asi,taba,ipos,boday,ohed,bigaw; koto,tamoneng,ha:wa,among,rokop; marokop,yangaw; sanga,bohong,yamot,sabong,asi no kayo,tamek,tana,bato,anay,ranom,oyog; moyog,ta:wo; kanayan,asin,,kahasan,hanyit,bohan,bitohen,demdem,nepnep; magnepnep,cimoy,adey; gorowod,kimat,salawsaw,alop; alopan; kahabas,inannget; maynannget,hanebneb,abkoh; mabkoh,basa; mabasa,rahmet; marahmet,apoy,soso; sosohan,ahob,avobeh,abheng; mabheng,idak; maidak,baya; mabaya,ma:say; makodisaw; masohaw,magaraw,de:key,rakoh,anyid; manyid,naro; manaro,taripis; mataripis,tokpoh; matokpoh,ijid; maijid,yabong; mayabong; rahawa; marahawa; yoway; mayoway,inyen; mainyen; ganyit,asnek; masnek,alkem,bayo,piya; mapiya; ganay; maganay,rahet; marahet; akwan; makwan,sonong; masonong; kosto; oyod,ahep; mahep,arao,tawon,ka:ngo,tayo; itayo,kayat; komayat,duh,isek; sahad,tohos; kapot,irahem,nyaya,nauri,asngen; masngen,bawa; mabawa,dino,yaken,,,yaten,imu,yaten,ango,sino,,kan; askan,kan; as kan; kani,an,papira,engga; ingga; aba,bidang; bidangan,asa,dowa; dadwa,tatdo; tdo,a:pat,dadima,a:nem,papito,wawaho,sasiyam,sapoho,dadwa poho,,asa a gasot,asa a ribo
411,Balangaw,17.0994,121.272,bala1310,J. Shetler in Reid (1971),184.0,https://abvd.eva.mpg.de/austronesian/language.php?id=411,'limʌ,ʔi'gid,ʔa'wʌn,he'ʔe,ma'nalan ('dalan),,,po'lekos,tumi'buʔ,nalag'tan (la'gʌt),dʌ'pol,ʔug'let,ʔɨ'dɨg,po'to,to'ngal,'bagis,ʔag'tʌy,'soso; pa'lagpag,'poʔal,ʔi'nilʌ,,ʔig'yat,'dala,'ʔulu,bʌ'gang,'bu:ʔ,ʔa'ngal,,'honghong,ta'paʔ,bub'ʔʌ,'dilʌ,ʔam'ʔamlang,'kela,ʔut'laʔ,tomop'pa,ma'ngan,mu'mʌ,'buyuy; 'ʔuto,ʔi'num,bang'tʌn,ʔe'sopon,'ʔingʌ,dʌ'ngal,ma'ta,'ʔilʌ,,mas'sʌy,,ʔinʔi'nʌp,tumuʔ'du,tomaʔ'dɨg,ta'tagu,la'laʔe,bu'baʔe,'ʔonga,ʔa'hawʌ,ʔa'hawʌ,'ʔinʌ,'ʔama,bʌ'lɨy,ʔa'tʌp,'ngadʌn,ʔa'le,ta'le,ʔeta'ʔʌd,'ʔogot,'dagum,ʔa'nop,,sak'sakʌn,,'ʔakaw,pa'tʌy,na'tʌy,,ʔa'nayʔay; 'ʔotʔot,gɨ'gɨdɨn,'ʔawʌy,,ta'dɨm,'ngilu,'ʔamma,ʔi'mulʌ,'pele,,,gɨm'lɨn,ʔig'nʌn,mambu'ʔʌ,'laʔo,,'bayu,ʔepo'set,maʔ'dig,'ʔaho,ka'sole,'ʔetlog,'ʔipos,pa'yʌʔ,'tayap,'ʔutot,,ta'bʌ,'ʔipos,bʌ'lakkan,ʔo'lang,'ʔoto,la'mok,ʔakʔa'kawwʌ,gi'diw,nab'luʔ,,'tubu,la'mot,sab'sabong,'bungʌ,,'lota,bʌ'to,'gahal,dɨ'num,,bʌy'bʌy,ʔa'hin,po'ʔong,pag'pag,ʔu'du,hʌ'lag,ta'law,'bunat,,ʔu'dʌn,ʔe'dol,koli'yapyap,'yʌwyʌw,ʔay'yubʌn,ʔu'matong,'tʌnʌng,na'lango; ʔibi'lʌg,naʔ'pat,dʌg'hɨn,ʔa'poy,he'ʔol,ʔa'sok,dʌ'pol,ngʌt'tʌgʌn,pok'kawʌn,dit'takan,dud'dulʌw,la'lanhi,ʔaket'toy,da'kal,ʔat'teʔ; ʔat'etʔ,ʔan'du,'yapet,sʌ'dal,nale'pet,na'lawʌ,'sigʌb,'bi:n,nabʌ'yʌg; na'lakay,kaʔ'ʔamma,ʔam'may,la'weng,,la'bi,ʔagʔa'gʌw,ta'wɨn,ka'mana,'talo,'ʔayat,,,,dʌl'ʔʌm,,,ʔahag'ʔʌn,ʔadʌw'wiy,dok'kay,,,,,,,'heno,'heno,sa'bali,ʔa'min,,no,ka'mana,bɨ'ʔɨn,'bilang,ʔɨ'hʌ,du'wʌ,to'lo,ʔo'pat,le'ma,ʔɨ'nɨm,pi'tu,wʌ'lu,si'yʌm,hem'polo,du'wʌn 'polo,,hinggʌ'sot,hen'libu
3,Banggi,7.29249,117.174,bong1289,"Blust, from Schneeberger",159.0,https://abvd.eva.mpg.de/austronesian/language.php?id=3,fī,kuikiwaŋ,kikuan,uei,ĕmpāno,,miātaŋ,,lěmuŋi,damak,auu,kubal,,tiagn,tulagn,,ati,dudu,owu,fandi,mihir,molok,rāh,ulu,tigoru,obuk,iduŋ,intaŋ,ĕŋgadak,bobok,kuhud,dila,,tĕmeis,,ilab,mohodn,,ěŋgafi,ĕŋinum,nohol,nunsup,,kidoŋor,māta,,,modop,sĕmarik,ĕŋgĕnifi,mufuŋ,,lāma,lahi,liwun,anak,sāna,sāh,,ama,bāli,safu,ĕŋārdn,moro,tali,nigad,,jarum,,nimbak,musuk,numbuk,nahu,,māti,biag,nuhud,kĕtofo,kiau,mĕlak,ĕntaram,,,nanam,mili,,,,,,moli,tiŋgiwa,,,ĕndabu,āsu,bohed,,bubul,koh,lampad,sihud,onsi,lāna,ifus,ulagn,liŋguaŋ,,tonok,,sadak,mutaŋ,saŋa,doudn,fahat; brān,budak,buak,rihut,tānah,batu,,beig,,loud,timus,,gobak,laŋit,buaitn,bitūdn,awan,,dolok,,,dodos,,ĕmfanas,rāmig,eŋkorign,ĕmbasah,mogat,afi,nutugn,goudn,awu,modom,ĕmputih,ĕnsĕgak,kuid,,toyok,midia,puhu,mĕlaŋgu,,ĕŋkafal,,melimbag,sahit,mĕlou,ĕntua,bāru,ĕmpia,ĕndod,bār,raobi,odu,toudn,,,sĕmblahi,ki,kisoid,kilibuat,kisiduŋ,ĕntī,ino,miŋat,moduk,mĕnihan,ou,uhu,kui,sĕsia; ihi,,,onuh,asi,leidn,,mak,,fuŋgama,ĕndak,niap,isa,dua,taolu,afad,,,,,,,,,,
708,Bantoanon (Banton),12.5194,122.034,bant1288,Gordon & Kilgour,131.0,https://abvd.eva.mpg.de/austronesian/language.php?id=708,damút,wala,tuqo,siki,,,,,,,táybu,anit,likor,pusqon,suka,bitoka,atay,súsu,qabága,,,,rogoq,uyo,liqog,buhok,ilong,,,yubaq,ngísih,rilaq,guyá,,,,,,,,,,talinga,,mata,,,,,,,túngtung,tawo,kayake,kabade,anak,asawa,asawa,nanay,tatay,bayay,,ngayan,,písiq,,,,,,bunúq,tíngting,,,,,,,,,matayom,barong,,,,,,,,kútkut,bakay,,badú,,,iroq,yanggam,itlog,bayukag,pakoq,yupar,,,,ikog,sawa,,kuto,,,israq,,sangá,rahon,gamot,buyak,bunga,,ragaq,batú,baybay,tubiq,,ragat,,,,langit,bulan,bituqon,rampog,,uyan,,,hangin,huyúp,,mayamig,uga,basaq,búgqat,kayado,sunug,aso,abo,itom,putiq,puya,ruyaw,berde,maqisut,marakoq,malipqot,mahabaq,manipis,maramoy,makitir,mayapar,,nahuhuda,yumaq,bagqo,maqado,mayaqin,,gabqe,adlaw,tuig,kaguno,,saka,,,,,kalí,kináq; katóh,mayungot,mayado,saquno,ako,ikaw,sida,kita; kami,kamo,sinra,niqo,siqo,qibá,tanan,qag,kung,,qindíq,,usa,ruha,tatlo,apqat,lima,anqum,pito,wayo,sidam,sampuyo,,,,
412,"Batak, Palawan",10.1115,119.025,bata1301,R. Rodda in Reid (1971),184.0,https://abvd.eva.mpg.de/austronesian/language.php?id=412,ʔalima,gibang,ʔuanan,ʔaʔay,panaw,,,biring,gaman,maburing,ʔapuk,kulit,giring,tinaʔi,tuʔlang,tinaʔi,ʔatay,dudu; dibdib,ʔabaga,kilala,,takut,tagɨk,ʔulu,liʔɨg,buaʔ,ʔurung,,ʔarɨk,baʔbaʔ,nipin,dilaʔ,saya,tangis,suka,surpa,kaʔɨn,mamak,kidpis; lutu,ʔinum,bangkiʔ,maksɨg (kɨsɨg),talinga,batiʔ,mata,liʔgan,,ʔɨdɨp,,tagaʔimpen,rɨʔɨd,tindɨg,taw,lalaki,babay,ʔanak,ʔasawa,ʔasawa,ʔinaʔ,ʔama,balay,ʔatɨp,ngaran,sugid,lubid,ʔɨkɨt,taik,dayum,lugitɨm,,randak,,takaw,ʔimatay,napatay,,katɨl; taristis,ratak,kayu,,matarɨm,maʔabul,ʔubraʔ,ʔiluak,piliʔ,,,pislak,kuitan,kali,ʔalang,,lɨbɨk,tilib,lambɨg,kɨʔkɨng,manmanuk,tiʔlug,lawi,ʔɨlad,layug,ʔangbɨʔ,,linuk,ʔikug,dukul,luʔluy,kutu,namuk,lawaʔ,sɨdaʔ,narumut,,daun,gamut,buraburak,bunga,,lugta,batu,nɨknɨk,danum,,taʔɨb,budbud,buung,talun,langit,bulan,panakunun,panganud,,lɨbɨg,duldug,kudlap,dɨrɨs,ʔuipan,marandang,maramig,mamaraʔ; bilad,maɨmɨg,mabɨʔgat,ʔapuy,dɨkɨt,tabuk,ʔabu,maʔilɨm,malanti,maskɨt (sɨkɨt),makalawag,madulaw,gɨtiɨk,dakulaʔ,diʔput,ʔabuat,manipis,madamɨl,piʔɨp,malabɨg,mangalngal,ʔiyaʔ,lagilagi; guragurang,baʔgu,magayɨn,makawat,,dɨlɨm,ʔaldaw,taʔun,saʔnu,tagu,sakwal,,,,sirib,,,sabiʔ,ʔalawid,kaʔi,,,,,,,ʔunu,siʔu,ʔagɨt,tanan,,ʔin,pira,bɨlag,bilang,ʔɨsa,dua,tulu,ʔɨpat,lima,ʔɨnɨm,pitu,ʔualu,siam,sangpuluk,duang puluk,,gatus,ribu
1272,Batangan,12.6396,121.21,buhi1245,Barbian (1977),256.0,https://abvd.eva.mpg.de/austronesian/language.php?id=1272,daluwáp,walá,sión,,glaó; glô,dalan,,,kfäó; aglangóy,masuyá; mafurát; maurí,galbók; dalóg,balát,goyoy,ungdán,butól,funá,dangdángon,suso,lapè; lafì; buksul,,gamatangán,kalogó; dala; malugó; malimó,tagók,alfoyò,,buók,dungós,,kfangayok,bibíg,bagáng,fangalafang,gakrák,waywáy,kfangkok; balugnán,,kfangón; pangon,,fatama; namasäudî,,,,talínga,dungóg; agdógdi,matá,lumág; nalág,kagám; fantanganga,fteog,tagilidan,tagintán,gunaí,,,baguama,diaga,ungá; atonga,mangana; mangama,mangana; mangama,mina,mama,balä,ogón,ngayan,longi,siók,barikusán; rabängi; fatungódi,,karayum,nanlafat,fasalaní; lagfáng; iktubók,urusí; tubukí,natok; intiktán,kamól,,kafulíd,,kfanggarít,,,bilä; filasi,,nkumál,mabudlay; fakbolon; kawat,tanóm,kfilí,,kolok; kadaúl,turís,,aliyí,nangätam; mangätí,naluwáp; luwangi; fulák suwangi; sakbawan buskadi,manlubók,ukasi,ntóng,idu; lakian; sobian,manok; tungód; balangkawan,itlóg,,fakfák,nalayog,buót; angbú,,,iyóg,ulä; ubganun,nangulát,hämád,bangyús; namok; balangkád,baginawa,albón,ndaán wan,salingsíng,doon,lintonás; lalid,barugwák; sariksík,rawug,pasaw,dagá,bató; gaang,lagnás; lukbô,safà; saguban,nglimós; kalimós; lagnás,baybáy; dagat,asín,bunao; linó,talón,banua; banwa,magdanon,galämä,linyabo,linyabo; ayuyós,harák; gayoyós; ayoyós; gamoyanun,lingsî; fangalóng,kilát; limbád,tagmarâ,,,mariós,yango; salód,,mabiyát,afóy,durók; tafong,anús,dafóg,malayóng; madulúm; marúm; maduluman,malaksí,mayayit; maraskâ; limbád; linole,maraskâ,malayóng,aláy (sirot); alayáy,gbia; agbét; ngbia,ngababá,ngaba,mayangfís,,,ngbia; marafád,saít; dailán,kaplá,banua; gorang,bago,masenä,makäskäs maurí; mafurát; kwä tungkól,,yabí,mänet,banua,ginaín; sädugä,,gulól; ulolí; barikos,,,,,itóy; hiin,tsióy,monakbáng,ngayayo,da; dada; dadawán,aó,oó,siyá,itá(m); amí,am; ayó,ayó; ám; tibâ; tse,indáy,sino; staä,samanuán; tibâ,fagayó,,no,tainró,duwá,,sadí,duá,tuló,ufát,limá,unum,pitó,waló,siyám,safolo,duaksafolo,,,
859,Bikol (Bisakol),13.7574,123.403,cent2087,Roberto Gimoro,220.0,https://abvd.eva.mpg.de/austronesian/language.php?id=859,kamut,wala,tuo,tabay; siki,malakaw,dalan; agihan,makanhi,maliko,malangoy,maati,alpog,balat; panit,likud,tiyan,tul-ang,bituka,atay,dudo,abaga,maaram,maisip,mahaduk,dugo,ulo,liog,buhok,irong,hangos,mahamot; mabaho,hiwa,ngipon,dila,matinawa,maghibi,magsuka,magluda,kumaon,mama,magluto,uminom,kagat,supsup,talinga,mag-bati,mata,mag-imod,mag-hagab,maturog,mag-higda,mag-inop,mag-ingkod,mag-tindog,tawo,lalaki,babayi,bata,asawa na lalaki,asawa na babayi,ina,ama,balay,atup,pangaran,magsurumaton,lubid,igapos; itali,mag-tahi,dagum,mag-dakup,mag-pana,buno,rapado,magkawat,magpatay,matigbak,mabuhay,mag-katol,tigbas,bala,tunga-on,matarom,malomlom,mag-uma,mag-tanom,mag-pili,mag-tubo,mag-dakodako,puga-on,kapotan,mag-ukad,mabakal,iluwas,mag-bayo,magbato,takdag,ayam,bayong,bunay,barahibo,pakpak,mag-layug,iraga,karne; laman,taba,ikog,halas,bulate,kuto,namok,lawa,isda,bulok; lupa',sanga,dahon,ugat,burak,prutas,ging-ot,ingud,bato,baybay,tubi,mag-anod,dagat,asin,danao,kadlagan,langit,bulan,bituon,dampog,tun-og,uran,dalogdog,kil-at,hangin,huyop,ma-init; mapanhal; mapaso,ma-pinit,mara,hulos,magub-at,kalayo,mapaso,asu,abo,itom,puti,pula,yelo,birdi,saday,daku,halip-ot,halaba,manipis,mahib-og,mapiot,mahiwas,makulog,raw-ay,gurang,bag-o,mayad,maraot,tama,gab-i,adlaw,taon,san-o,magtago,magsakat,sa,sulod,itaas,ibaba,ini,yuon,harani,harayo,haen,ako,dapat,siya,kami; kamo,ikaw,sira,nano,sin-o,iba,intiro,nan,kun,pan-o,diri,mag-bilang,saro,duwa,tolo,upat,lima,unom,pito,wala,siyam,sampolo,duwapolo,limapolo,sanggatos,sangribo
710,Bikol (Buhinon),13.17,123.5,buhi1243,"Kenneth S. Olson, et. al.",179.0,https://abvd.eva.mpg.de/austronesian/language.php?id=710,kaˈmət,waˈla,toˈʔo,paˈʔa,ʔaˈɡi,tinamˈpo,pumunta,biˈrik,laˈŋoj,maʔaˈtiʔ,ʔalˈpoɡ,koˈlit,taɣodˈtod,təˈjan,toʔˈwaŋ,bitoˈka,ʔaˈtaj,soˈso,,ʔiˈsi,ʔiˈsip,taˈkot,roˈɡoʔ,paˈjo,liˈʔəɡ,boˈwok,ʔoˈroŋ,niʔiˈŋa,paˈroŋ,ŋoˈsoʔ,ŋiˈpən,riˈraʔ,ŋakˈŋak,,soˈka,loˈdaʔ,kaˈʔən,,,ʔiˈnom,ʔəbˈʔəb,səpˈsəp,taliˈŋa,rəˈŋəɡ,maˈta,səˈɣəŋ,,toˈroɡ,saŋˈdəj,,ʔəˈɣaʔ,tinˈdəɡ,taˈwo,laɣaˈki,babaˈji,ʔaˈɡin,sәˈɣәd na laɣaˈki,sәˈɣәd na babaˈji,ʔiˈnaʔ,ʔaˈmaʔ,,,ŋaˈran,sabˈjən,loˈbid,ɡəʔˈran,taˈjiʔ,,raʔˈkəp,,boˈnoʔ,soˈɡat,,ɡəraʔˈnən,ɡəraˈʔan,bwaj,kaˈɡaw,potˈlon; taˈras,ɡiˈriw,baˈʔak,mataˈrəm,maŋəˈrəw,,,,,ɡəˈtək,pəˈɡaʔ,kapˈtan,nikaˈwot,,,,ʔəˈmət,ʔoˈloɡ,ʔaˈjam,baˈjoŋ,ʔoˈmon,ɡaˈbi,pakˈpak,laˈjoɡ,,laˈman,taˈbaʔ,ʔiˈkoɡ,ʔaˈɣas,ʔoˈɣod,koˈto,,kulalagbaw; gagamba,ʔisˈraʔ,ləˈpaʔ,,daˈwon,ɡaˈmot,boˈrak,proˈtas,ʔaˈwot,raˈɡaʔ,baˈto,bajˈbaj,toˈbiɡ,boˈlos,daˈɡat,ʔaˈsin,laˈwəd,,laˈŋit,boˈlan,bitoˈʔon,paŋanoˈron,ʔamˈbon,ʔoˈran,,,paˈrəs,paˈrəs,laʔiˈnit,maliˈpət,maˈra,səˈməɡ,mabәʔˈɡat,kalaˈjo,soˈloʔ,ʔaˈso,ʔaˈbo,ʔiˈtəm,poˈtiʔ,poˈla,jiˈlo,birˈdi,saˈdaj,dakəˈɣəʔ,ʔaliʔˈpot,ʔalaˈbaʔ,maniˈpis,maiʔˈbәɡ,piɡiˈpit,maʔiˈwas,makələg; lakələg; ilang,sə'pəg,ɡoˈraŋ,baˈɡo,maˈraj,maraˈʔət,taɣˈma; taˈma,ɡaʔˈbi,ʔalˈdaw,taˈʔon,kinaoˈno,,,ʔadto ˈsa,sa,ta'as,,ʔaˈdi,ʔaˈʔan,ʔaraˈni,ʔaraˈjoʔ,saʔˈri,ʔaˈko,ʔiˈka,ʔiˈja,kiˈta,kaˈmo,siˈra,ʔoˈno,siʔiˈsaj,ʔiˈba,ŋaʔˈmin,saɡˈkəd,kin,paoˈno,ʔinˈdiʔ,biˈlaŋ,ʔәˈsad,doˈwa,toˈlo,ʔәˈpat,liˈma,,,,,,,,,
47,Bikol (Naga City),13.7574,123.403,cent2087,Amy V. Daniega,228.0,https://abvd.eva.mpg.de/austronesian/language.php?id=47,kamut,wala,tu-o,bitís; tabáy; hítaʔ,malacao,tinampo-dalan,maabot,mabiric,malangoy,maati,alpog,kublit,likod,tulac,tu-lang,minudencia; bituka,katoy,susu,abaga,tatao,maisip,matakot,dugô,payo,li-og,buhok,dungô,maguinhawa,maparong,ngusò,ngipon,dilà,ma-ngisi; ma-oloc,mahibi,masuka,malutab,makakan,masapâ,maluto; magâgâ,mainum,macagat,masupsup,talinga,madangog,matá,mahiling,mahacay,maturog,mahigdâ,mangiturugan,matucao,matindog,tawo,lalaki,babaye,aquì,agom na lalaki,agom na babaye,inâ,amâ,harong,atop,pangaran,masabi; mataram,lubid,bugkuson,matahî,dagum,mang-ayam,mapanà,masaksak,mapacol,mahab-on,magadan,magpacagadan,mabuhay,macagao,ti-a-con,kahoy,ba-a-con,matarom,mangurol,ma-oma,matanom,mapilì,matubo,magatoc,mapigâ,macapot,maducag,mabacal,mabucas,mabayo,maapon,mahulog,ayam,gamgam [bayong],bunay [sugok],balúkag,pakpák,malupad,quinô,carne,mantika,ikog,halas,alulunti,kuto,namok,lawà,sirâ,lapâ,sanga,dahon,gamut,burak,bunga,du-ut; awot,dagâ,gapû,baybay,tubig - las-ay,bulus,dagat,asin,danao,cadlagan,langit,bulan,bituun,panganoron,culop,uran,daguldol,kilat,paros; durus,maduros; hayupon,maaringasa,malipot,alang; baladon,basâ,magabat,calayo,sulu-on; masulô,aso',abo',itom,puti,pula,canario,berde,sadit,daculà,hababâ; hali'pót,halaba,mahimpis,mahib-og,haya|cpit,mahiwas,maculog,masup-gon; nasupog,gurang,ba'go,marhay,maraot,tama; tutoo,bangui,aldao,taon,no-arin,matago,masacat; matucad,sa,laog,itaas,ibaba,ini,ito,harani,harayô,sain,aco',ica',siya,quita; kamí; kitá,ica,sinda,ano,si-isay,ibaba,gabos,sa|ka,con,paano,bacu; dai,mabilang,saro',duwa,tulo',apat,lima,anum,pito,walo,siyam,sampulo,duwang pulo',limang pulo',sanggatus,sang-ribu
722,Bikol (Rinconada),13.3896,123.331,irig1242,Lobel & Bucad,236.0,https://abvd.eva.mpg.de/austronesian/language.php?id=722,kamót,walá,tóo,paá; tiíl,maglaagí; magliagí; mag-ági,ági; ágiyan; rarán,magabót,magbirik; mag libot; magsiko,maglangóy,maatí',talbó,kulít,taludtód,burós,túlang,bitukâ,atáy,,abagá,ísi,,tákot,rugó',páyo,lióg,bok; buwók,oróng,magingainga,magparóng,ngangá,ngipón,rira',magtáwa; magngisî,magtangís; magburá',magsuká,maglustab,magkaón,kisam-kisam,maglutô,maginóm,kagát,supsóp,talínga,marongóg,matá,mabayad; masilngan,mag ugab,magtúrog,magbatáng,túrog; pangaturogan,mag-ola'; mag-ula',tindóg,tawó,lalakí,babayé,igín,agóm,agóm,kag-igan na babayé,kag-igan na lalakí,balóy,átop,ngarán,magsábi,guód,bugkós,magtayí',ragôm,,sugaton,saksák,tangpaôn,magtabán,magguraán,magraán,buwáy,kaguwôn; magkagôw,magputól; magbangá; magbaák,káwoy,magbangá/magbaák,mataróm,,magtrabáho,magtanóm,magpilî,,,magpuga,kaptán; magkapòt; kapotán,magkalót; magbubón,magbakál,magbukás,,magbagát,maúlog,áyam; ido,bayóng,itlog,barbón,pakpák,mag layug,babo',,,ikôg,sáwa,ulód,lusà,námok,lawa',isurá',,,dáwon,,búrak,bungá,duót,ragá',búrak; bató,basód,tubíg,magsulóg,dágat,asín,ranów,kadlágan; kanúbnubán,,bulán,bitúon,dag-óm; panganuron,,urán,dagul-dul,kitkilát,angín,uyupun,mainít,maagnów,mará,mabasá',magubát,kalayó,subsubán; suluón,asó,,itóm,putí',pulá,,,matubís; sadít; sadáy,dakuló'; duág,alokot,aba; maabá',maimpís,maib-óg,,malakbang,kulóg; ílang,supóg,guráng,bágo,mabóot; maráy,maraót,tama',gab-í,aldów,táon,sóno; kóno,magtago',magpánik; magtukád,sa,sa loòg,itaás,iraróm,adí; 'di; ini,adtó; 'dto; íton; iyán,(a)raní,(a)rayó',sári,akó,iká,(s)iya,kita; kami,kamo,sira; sindá,onó; taonó,(s)ísay,ibá,ngámin,saká; ag; palá,kin; kun,paóno,dirí'; bukó',magbílang,usad,darwá,toló,opat,limá,onóm,pitó,waló,siyám,sampulo',baynte,singkwénta,sanggátos,sangríbo
413,"Bilaan, Koronadal",6.20529,125.007,koro1310,N. Abrams in Reid (1971),182.0,https://abvd.eva.mpg.de/austronesian/language.php?id=413,sigal,bibɨng,kwanan,bliʔ,ʔɔgu,,,tbiling,kahong,magsik,kfung,kulit,kagol,tiʔɨn,tulɔn,tnaʔe,ʔatɔy,tutuʔ; kfi,ʔabɔl,gadiʔ,,likoʔ,litɨʔ,ʔulu,liʔal,wak,ʔilung,,ʔungaf,bɔʔ,kifan,dilɔʔ,ʔule,ngɨl,ʔutɔʔ,dulɔʔ,kaʔɔn,namcʔ,tabal; tagah,ʔinum,ʔaket,saf,klingɨ,lɨngɨ,matɔ,tɨʔɨn,,kudang,,knɔ,sudɨng,tadag,to,lagi,libun,ngɔʔ,yaʔɔn,yaʔɔn,yeʔ,mɔʔ,gummɨʔ,ʔataf,dagit,man,tali,ʔikat,tbel,dalum,lok,,tibɨh,,tɔku,fɔti,mati,,katal; kɔlus,faleh,kayu,,gamban,mlufuk,ʔimoʔ,falɨ,ʔalek,,,fdi,ʔagot,ʔakol,bli,,dak,tudɔʔ,tatik,ʔayɨm,ʔanok,ngaʔ ʔanok,lakay ʔanok,fafak,ʔayɨng,ʔungeh,,tabiʔ,ʔikong,ʔulad,,kutuʔ,blabɔng,kalmamo,nalaf,balok,,doʔon,dalil,bulɨk,bɨngɨ,,tanɔʔ,batu,falak,ʔeʔel,,mahin,kahiʔ,lanaw,dlag,langit,bulɨn,blɔtik,labun,,ʔulɨn,lugung,kilɨt,nus,yuf,minit,tno,kafag; falawi,fafeʔ,blɔt,lifoh,tam,buk,ʔabu,fitam,bukɔy,fulɨʔ,mlalel,mlunu,tukay,bong,fukal,tahɔʔ,mngifih,mangfɨl,sifit,mluhɔl,tdok,yɔʔ,lcbi; tuʔah,falami,fyɨ,sasɨʔ,,butang,du,fɔli,kilɨn,buni,kɨf,,,,,,,mdadong,mawɔg,nɨʔ,,,,,,,det,timto,satu,kdɨʔɨ,,ku,fili,ʔisɨ,sɨ,satu,lwɨ,tlu,fɔt,limɨ,nam,fitu,walu,syɨm,sfaloʔ,lwɨ faloʔ,,mlatuh,mlibu
414,"Bilaan, Sarangani",6.03691,125.354,sara1326,B. McLachlin & B. Blackburn in Reid (1971),184.0,https://abvd.eva.mpg.de/austronesian/language.php?id=414,sigal,ʔibɨng,kwanan,bliʔ,magu,,,fatbiling,mahong,magagsik,kfung,kindal,kagol,tiʔɨn,tulan,tnaʔi,ʔatay,tutuʔ; kfi,ftubung,niliʔ,,likoʔ,litɨʔ,ʔulu,liʔal,wak,ʔilung,,mangbun,baʔ,kifan,dilaʔ,mule,mngɨl,mutaʔ,dmulaʔ,kmaʔan,namaʔ,kaʔok; mlifo,minum,maket,mgal,klingɨ,lingɨ,mataß,tɨʔɨn,,kudang,,kna,sudɨng,tadag,to,lagi,libun,tingaʔ,yaʔan,yaʔan,yeʔ,maʔ,bali,ʔataf,dagit,man,tali,nikat,tambel,dalum,dmulak,,dnunsang,,mlad,fnati,mati,,katal; kmalus,fnale,kayo,,gamban,laʔ gamban,mimoʔ,fulɨ,nalek,,,kanamuʔ,nagot,nakol,mayad,,mdak,bat,tatɨk,ʔayɨm,ʔanuk,tingaʔ ʔanuk,lakay,fafak,mayɨng,ʔunge,,tabiʔ,ʔikong,ʔulad,lyakuʔ,kutu,blabang,kalmamoʔ,nalaf,balok,,doʔon,dalil,bulɨk,bungɨ,,tanaʔ,batu,falak,yeʔel,,mahin,kahiʔ,lanaw,glag,langit,bulɨn,blatik,labun,,ʔulɨn,kilɨt,silaʔ,nus,myuf,minit,tno,kafag; fanlawi,fafeʔ,blat,lifo,ntam,buk,ʔabu,fitam,bukay,fulɨʔ,mlalel,mlunu,tukay,bong,fukal,tahaʔ,mngifi,mangfɨl,sigfit,mabal,tduk,myaʔ,labi; tuʔa,falami,fyɨ,sasɨʔ,,butang,duh,fali,ku,salbuni,mkɨf,,,,dungan,,,mdadong,mawag,nɨʔ,,,,,,,tan,sinto,mahal,kdɨʔɨ,,ku,fili,ʔisɨ,msɨ,satu,lwɨ,tlu,fat,limɨ,nam,fitu,walu,siʔɨm,sfaloʔ,lwɨ faloʔ,,mlatu,mlibu
415,Binukid,8.15933,124.892,binu1244,U. Post in Reid (1971),217.0,https://abvd.eva.mpg.de/austronesian/language.php?id=415,ʔa'lima,'gibang,ka'wanan,'paʔa,hi'panaw,daanan,agdini,'biyu,'languy,da'ʔɨt,ʔali'yabuk,'langgit,ta'liku'dan,ɨgɨtɨk,'tulʔan,bi'tuka,'ʔatay,'susu; 'kagpa,'bɨlad,ki'lala,dumdum,'haldɨk,la'ngɨsa,'ʔulu,'liʔɨg,'buhuk,'ʔidung,gahinawa ka,'nadɨg,'baʔ'baʔ,'ngipin,'dilaʔ,pa'tawa,ʔa'galaʔ,'ʔutaʔ,'ʔilɨb,'kaʔɨn,ma'manʔin; supaʔ,'kalaʔ'kalaʔ; 'sugba,'ʔinum,'kagat,'sup'sup,ta'linga,pa'liman,'mata,ʔa'haʔ,yungʔab,ti'duga,hidɨgaʔ,da'mugu,'pinuʔu,hi'tindɨg,'ʔɨtaw,ma'ʔama,'bahi,'bataʔ,ʔa'sawa,ʔa'sawa,'ʔinay,'ʔamay,'balay,'ʔatɨp,'ngadan,'kagi,'pisiʔ,'tagkɨs,'tahiʔ,'dagum,panla'gutɨm,,'pilak,lupaka,'takaw,hi'matay,'patay,bubuhay,'katɨl,'kalad,'kayu,lupakʔ,ta'lɨm,'duʔɨl,tala'bahu,pa'mula,'ʔalam,,lubagʔ,'kɨmɨs,ba'labad,'bang'bang,'palit,puwas,'ʔasud,'daghaʔ,'hulug,'ʔasu,'tagbis,'ʔimpis,'lawi,'pak'pak,layang,'ʔambaw,sapū,'tabaʔ,'ʔikug,'bunsa'lagan,kali'manggɨd,'tuma,ta'gɨnɨk,la'lawaʔ,'sɨdaʔ,'lɨdak,sangaʔ,'dahun,'gamut,'bulak,'bunga,sagʔbut,'bugtaʔ,'batu,ba'yɨk'bɨk,'wahig,,'dagat,'ʔasin,'danaw,ka'lasan,'langit,'bulan,'bituʔɨn,'gabun,magabun,'ʔudan,'lugung,'kilat,ka'lamag,'hiyup,'pasuʔ,'tinuʔ,'mada; 'bilad,'hamɨs,'bɨgat,'hapuy,'bigsul,'ʔɨbɨl,'ʔabu,'ʔitɨm,'putiʔ,'ligaʔ,maka'lawag,'hilaw,ʔa'tiyuʔ,ʔa'dagi,'baba,'layat,'nipis,'kɨpal,'ligʔɨt,'luʔag,'sakit,'gayhaʔ,da'ʔan; la'ʔas,'bagʔu,'ʔayad; maayad,da'ʔɨt,laʔɨs,da'lɨman,'ʔaldaw,'tuʔig,'kanʔu,'hɨlɨs,pa'nahik,ta,ta,sampaw,di'dalim,saʔɨʔ,sayan,'ʔubay,'diyuʔ,'hindu,iyan ä,sikaw,kandin,iyan kuy; iyan kaw,iyan ka,sidan; siran,'ʔinu,'sinʔu,'duma,'ʔalan,daw,ku,'pila,'kɨnaʔ,'ʔiyap,sa'buwa,'daduwa,ta'tulu,ha'ʔɨpat,la'lima,ha'ʔɨnɨm,'pitu,'walu,'siyam,sam'pulug,ka'luwaʔan,limanʔpuluʔ,'gatus,'libu
1265,Bolinao,16.3071,119.853,boli1256,Stone (2008),141.0,https://abvd.eva.mpg.de/austronesian/language.php?id=1265,gamɨt,wiri,,,lalako,,,,taŋoy,nikasamaʔ,taʔpok,katat,gorot,tyan,botʔol,,agtay,sosoʔ,abaya,,,,dayaʔ,olo,lɨʔɨy,sabot,aʔroŋ,,aŋot,bɨbɨy,ŋipin,dilaʔ,kaʔlis,akis,soka,,kan,,,inom,kayat,sɨpsɨp,totolyan,iŋar,mata,kit,,ɨlɨk,,taynɨp,tɨkrɨʔ,idɨŋ,,lalaki,babayi,anak,ahawa,ahawa,ina,tatay,bali,atɨp,ŋaran,,robir,,tayiʔ,kadayɨm,,,,,takaw,pati,,,,,,,tadɨm,,obra,tanɨm,piliʔ,,,pɨspɨs,,kotkot,halɨw,,,bantak,,aso,manokmanok,salay,sabot,pakpak,lompad,,,,ikoy,olay,bolati,,ilɨk,gigaŋ,konaʔ,,,,yamot,,boŋa,,,bato,boyaŋin,ranom,,,asin,,,laŋit,bulan,bitoʔɨn,gonɨm,,rapɨg,kodor,kimat,,,ʔmot,rayʔɨp,,albɨt,byat,apoy,,asok,abonsyaŋ,ŋisit,potiʔ,oʔdɨt,silyaw,,daʔiklɨŋ,ʔalaki,,ʔandro,impis,kobpal,ʔakipot,ʔalawaŋ,,,,baʔyu,bista,,,yabi,awro,taʔon,kaʔno,adi,oliʔ,,,,,,,,ʔadayo,adti,ako,ka,ya,atamo; kami,kamo,sara,ani,siʔno,,sarba,tan,no,paʔno,,bilaŋ,saya,rwa,tulo,aʔpat,lima,aʔnəm,pito,walo,syam,mapuloʔ,rwampuloʔ,limampuloʔ,sanyasot,sanribo
673,"Bontok, Eastern",17.08,120.92,cent2292,Summer Institute of Linguistics (1981),195.0,https://abvd.eva.mpg.de/austronesian/language.php?id=673,lima,ikid,awan,soki,manaran,charan,omali; omcha,epekot; monlikos,komiyat,naroket,tapok,koblet,ochog,poto,ikor,finongkot,agtoy,susu,pokor,ammo; inila,nomnomon,,chara,oro,fiakang,fo-ok,angor,,songsong; chang-op,tapak,fiab-a,chila,amrang,mon-akor; lomowa,orak,tobfia,mangan,kog-aron,loto,omenom,karat; fiangat,sosop; noknok,inga,chongron,mata,ila-on; maka-ila,omowab,nasoyop,fomanak; omfog,en-enop; i-itaw,,tomakchog,tako,laraki,fiafia-i,onga,asawa ay laraki,asawa ay fiafia-i,ina,ama,fiaroy; afong,atop; fofong,ngadan,ifiaka; itocho,tali; linofid,etakod,monkokot,chakom,manganop,pomana,todlokon; linnod,saplet,mangakew,,matoy,matako,kotkot,,pating; sepeng,montom-ang; mon-owas,,,,montanom,,tomofo,,,odnan,,lomako,,monfiayo,ikayang; etap-or,,aso,kossel,itlog,chotchot,payak,,otot,laman,tafia,,orog; fiarakan,korang,koto,emok,kakawwa; kamfifi,kiachiw,,panga,tofo,lamot,sabsafong,fonga,sakati,lota,fiato,lakian,chanom,,fiayfiay,asin,,ka-iw,ad-chaya; ad-ocho,foran,taraw,,,ochan,fiakilat,kod-or; kichor,angin; powak,,atong,tongnin,narango,nakpat; naslop,,,atongan,,,ngotog,pokaw,chitak; chachara,montitifia,mongongotog,akettoy; ek-eket,ad-acha,aptek,ancho,,,akikid; na-epet,afilog,sikiab,fia-in,narakay,fiaro,ammay,laweng; naposi,tit-iwa; osto,lafi; naschom,orkiw,tawon,ka-at na,,komarab,,chor-om,tongchona; lamagna,kowabna,,,nasag-on; as-op,achawwi,,,,,,,,,,,am-in,,,,,filang; iyap,osa,chowa,toro,opat,lima,onom,pito,waro,siyam,hin poro,,,hin kiasot,hin lifo
36,"Bontok, Guina-ang",17.0,121.0,guin1256,Lawrence A. Reid,285.0,https://abvd.eva.mpg.de/austronesian/language.php?id=36,líma,ʔigíd,ʔawán,sikí,manálan,dálan,ʔáli,lígus,kiyát,kálət,tápuk; dapúl; ʔabú,kúdil; kúpkup,ʔədə́g,putú,túŋʔal,putú,ʔágtəy,súsu,púkəl,ʔámmú; gətkən; maŋták [gətə́k],səmə́k,ʔə́gyat,dála,ʔúlu,bagáŋ,buʔúk,ʔəŋə́l,ʔáŋəs,súŋsuŋ,tupə́k,bábʔa,díla,ʔiyə́k,ʔágal,ʔúta,túbba,maŋán; kanə́n,gə́gʔal,lútu,ʔinúm,kətə́b,súsu; súsup; súpsup,kúləŋ,dəŋə́l,matá,ʔíla,ʔuwáb,sə́yəp,likə́w,ʔiʔítaw,patúŋ,tákdəg,ʔipugáw; tágu,laláki; láki,babáʔi; báʔi,anák; ʔuŋá,asáwa,asáwa,ʔɪ́na; ʔiná,ʔáma; ʔamá,ʔábuŋ,ʔatə́p,ŋádan,kanán; maŋwáni; kumwáni,talí,takə́d,dáʔit,dágum,ʔánup,,bádyuk,pákʔul; páŋʔul,lákəw,patayə́n,matə́y,tágu,gúgʔu,bákag,káʔəw,pásək; tampaŋ; deltak; balsig; delsig; tampak; gigʔi; pitak; walakwak; walay,təbə́ŋ,ʔúpəd,buknag,ʔəsə́k; múla,píli,túbu,lamán; lətə́g; latʔəd,pisít,ʔəgnán,káʔub; kúbub; gúbaŋ,láku,lukát,báyu,təpʔal,yakáyak; ʔəpás,ʔásu,ʔinyúlan,ʔítlug,dútdut,payák,táyaw,ʔútut,bəgás,tabá,ʔípus,ʔuwál,kəláŋ,kútu,lamúk,kawá,gadíw,bulúk,paŋa; pátiŋ,túbu[na],lamút,sabsábuŋ,bagás[na],lúgam,lúta,batú,lagán,danúm,ʔáyus; búlus,báybay,ʔasín,pusúŋ,kapágpag,dáya,búlan,taláw,libúʔu,libúʔu,ʔudán,kidúl,kə́lyat,latə́ŋ,ʔinlatəŋ; ʔinsúpʔuk; ʔinsíbud; ʔinʔayúp,púdut,latə́ŋ,namagʔanán; naklúŋ; ʔisít,ʔəbə́l,dágsən,ʔapúy,púʔul,gasúk,dapúl,ngísit,putaʔák,ŋayáŋʔa,,kagʔaŋə́l,bánʔig,dakə́l,ʔáptik; ʔástik,ʔándu,yákut,sədə́l,lipít,ʔəwwá,sakít,ʔənə́l,ʔamʔaʔamʔamá; ʔinʔiʔinʔiná,balú,gawís,ŋáʔag; lawá,ʔustú,labí,ʔálgew,tawə́n,ʔas kamána; ʔas kaʔátna; ʔad kamána; ʔad kaʔátna,tábon,káyʔat; tíkid,ʔas; ʔad,ʔas dáləm,ʔas ʔantágʔəy,ʔas ʔanguwáb,ná; náʔay; tuná; túnʔa,sá; sána; tusá; túsʔa; dí; də́ʔəy; tudí; túdʔi,ʔaśagʔən,ʔadáwwi,ʔíntu; ʔandə́,sakʔə́n; -ak; -ku,sikʔá; -ka; -mu /-m,siyá; ø; -na,datakú; -takú; dakamí; -kamí; -mi,dakayú; -kayú; -yu,daʔidá; didá; -da,nə; ʔay nə kan,sínu,təkə́n,ʔamʔin,ya,mu,,ʔadí; bakən,bílaŋ,ʔəsá,duwá; dəwʔə́n,tulú,ʔəpát,limá,ʔənə́m,pitú,walú,siyám,sinpúlu,duwanpúlu,limanpúlu,singasút,sinlíbu
416,"Bontok, Guina-ang",17.08,120.92,guin1256,Reid (1971),190.0,https://abvd.eva.mpg.de/austronesian/language.php?id=416,'lima,kanni'gid,kanna'wan,si'ki,ma'nalan ('dalan),,,babʔawɨs'wɨs,ki'yat,'kalɨt,da'pul,kup'kup,ʔɨ'dɨg,pu'tu,tuŋ'ʔal,pu'tu,ʔag'tɨy,'susu; kɨgkɨg'ʔɨw,'pukɨl,ʔam'mu,ʔinsɨ'mɨk,ʔɨg'yat,'dala,'ʔulu,ba'gaŋ,bu'ʔuk,ʔɨ'ŋɨl,ʔin'ʔaŋɨs,'suŋsuŋ,tu'pɨk,bab'ʔa,'dila,ʔɨ'yɨk,'ʔagal,'ʔuta,'tubba,ma'ŋan,ma'ma,lu'wag; 'lutu,ʔi'num,kɨ'tɨb,sup'sup,'kulɨŋ,dɨ'ŋɨl,ma'ta,'ʔila,,'sɨyɨp,,ʔiʔi'taw,pa'tuŋ,tak'dɨg,ʔipu'gaw,la'laki,ba'baʔi,ʔu'ŋa,ʔa'sawa,ʔa'sawa,ʔi'na,ʔa'ma,'ʔabuŋ,ʔa'tɨp,'ŋadan,ka'nan,ta'li,ba'ʔud,'daʔit,'dagum,ʔa'nup,,'badyuk,,'ʔakɨw,pa'tɨy,na'tɨy,,ga'tɨl; gug'ʔu,'gɨgɨd,'kaʔɨw,,man'bɨŋ (tɨ'bɨŋ),naʔu'pɨd,du'nu,ʔɨ'sɨk,'pili,,,kɨm'kɨm,ʔɨg'nan,ka'ʔuban,lu'maku,,'bayu,tɨp'ʔal,'ʔɨkdag,'ʔasu,ʔin'yulan,ʔit'lug,la'wi,pa'yak,'tayaw,'ʔutut,,bɨ'lat,'ʔipus,ʔu'wal,kɨ'laŋ,'kutu,la'muk,ka'wa,ga'dɨw,nab'luk,,'tubu,la'mut,sab'sabuŋ,bɨ'gas,,'luta,ba'tu,la'gan,da'num,,bay'bay,ʔa'sin,pu'suŋ,kaka'ʔɨwan,'daya,'bulan,ta'law,li'buʔu,,ʔu'dan,ki'dul,kɨl'yat,la'tɨŋ,ʔa'yup,'ʔatuŋ,tɨ'lɨk,namagʔa'nan; ʔisap'ʔiy,ʔɨ'bɨl,dag'sɨn,ʔa'puy,tu'yaw,ga'suk,da'pul,'ŋitit,puta'ʔak,ŋayaŋ'ʔa,kag'kunɨg,kagʔa'ŋɨl,ban'ʔig,da'kɨl,ʔap'tik,ʔan'du,'yapit,sɨ'dɨl,li'pit,ʔɨw'wa,sa'kit,ʔɨ'nɨl,naba'yag; na'lakay,ba'lu,ga'wis,'ŋaʔag,,la'bi,ʔal'gɨw,ta'wɨn,ʔad ka'ʔat na,'tabun,'kalab,,,,'daʔul,,,ʔasag'ʔɨn,ʔa'dawwi,ʔintu,,,,,,,nɨ,'sinɨ,tɨ'kɨn,ʔam'ʔin,,mu,ka'ʔat na,ba'kɨn,'bilaŋ,ʔɨ'sa,du'wa,tu'lu,ʔɨ'pat,li'ma,ʔɨ'nɨm,pi'tu,wa'lu,si'yam,'pulu; sin'pulu,duwan'pulu,liman'pulu,ga'sut; sin-ga'sut,'libu; sin'libu
1266,Botolan Sambal,15.2315,120.164,boto1242,Stone (2008),141.0,https://abvd.eva.mpg.de/austronesian/language.php?id=1266,gɨmɨt,oki,,,owako,,,,taŋoy,yaŋat,alikabok,katat,bokot,tiyan,botʔo,,agtay,nunoʔ,abaya,,,,dayaʔ,olo,lɨʔɨy,habot,baloŋoh,,daʔɨp,bɨbɨy,ŋipɨn,dilaʔ,kaʔili,taŋih,hoka,,kan,,,inom,kayat,hɨphɨp,tolih,lɨngɨʔ,mata,kit,,tuloy,,taynɨp,iknoʔ,irɨŋ,,lalaki,babayi,anak,asawa,asawa,nanay,tatay,bali,buboŋ,ŋalan,,yobil,,tayiʔ,karayɨm,,,,,takaw,pati,,,,,,,tarɨm,,trabaho,tanɨm,piliʔ,,,pɨhpɨh,,kali,haliw,,,tapon,,aho,manokmanok,okoy,habot,pakpak,lompad,,,,ikoy,utan,uwɨl,,ilɨk,gigaŋ,kona,,,,yamot,,boŋa,,,bato,kapatiʔan,lanom,,,ahin,,,laŋit,bowan,bitoʔɨn,lɨʔɨm,,oran,korol,kimat,,,ʔamot,layʔɨp,,bahaʔ,byat,apoy,,ahok,abo,ŋitit,putiʔ,orit,holyaw,,yamoʔ,hɨlay,,karaʔ,nipih,kodpaw,kapit,lapad,,,,bayo,hampat,,,yabi,allo,taʔon,makano,tagoʔ,moliʔ,,,,,,,,rayoʔ,ayri,ako,ka,ya,tamo; kayi,kawo,hila,anya,hino,,kaganawan,boy,no,paŋno,,bilaŋ,mʔha,lowa,tatlo,ʔapat,lima,ʔanɨm,pito,walo,siyam,mapoʔ,lowampoʔ,limampoʔ,magatoʔ,malibo
1273,Buhid,12.6396,121.21,buhi1245,Barbian (1977),231.0,https://abvd.eva.mpg.de/austronesian/language.php?id=1273,daluáp,agwalá,sión,,aglaáw; glao,dalan,,,aglangóy,marawíng,maganít; marigún,balát,goyoydayo; goyóy,tiyán,butól,funá,inangdáng,suso,labay,,taginduman; gayufán,kadala,tagók,alfoyò,leóg,buok,uyóng,,gayók,bibíg,ngifun; bagáng,dila; dilá,agfalakák,guráw,aksuá,,mangón,tilad,agfatama; faktafóng; fatungowan; manäod,,,,talinga,nagdungúg; agdungúg,matá,lumág; nalág,gubaban,noktoyog,agfauway wan,damgú; dumamgú,agtukawan,,,anaán,dayaga,anák; atanák,mangama,mangina,ina; uso,mama; amáng,baláy,soob; sohob,ngayan,alongan,siók,gafusuán; siyukán; taúdan; rumugót,,dagum,mangido,faipkás; agfana,nabunó,niktán,agnaáw; kamól,,katay wan,,gayús; kagáw,,,aglafi,,maluyó; pudúl,mabudláy; bolon; agkalig,tanóm,filian,,kadaúl,fidisán,,kutkút; aliyán; gali,bakalán,mabuklasan; budyawi; buklás; buswangán,aglubók,bintúk,dagdág,ido,manók,bolan,,fakfák,aglayóg,angbu,,,iyóg,abyanun,liwatí,yamad,namók; balangkád,lawa,uyáng,buyók,salingsíng,doon; labong,gamót; lalid,busáng,buád,,dagá,bató,barás,danúm,agbolos; lagnas,dagat,asín,danawan; linaw,furuhayo; talon,samtongodám; tungód; banwa,magdanon,fanggasán,skalayawan; bánua; rorom,linyabo,mayan; moayan; anítay,dalugdóg,ilat; hilat,durós,,,magnáw; matiis,gangu,,mabiyát,afóy,durók labayán,anús,fógis,mararuk; maróm,malaktí,maranggát; dararág,maranggát,malatóy,ugbót; alaáy,faglaung; daúl,libabá,aba; araba,mayangfís,,,marafát,dailán; kasagít,kaplá; kaalang,gurang,bago,fia; maál,doot; maurí,,yabí,mänit; mianit,banua; abagat,ginaín,,agtaáng; galibud,,,,,tó; ti,attä,akbáng,ayayo,sidá; awada,aó,áo,iyá,tam; (a)mí,ám,istáo,intáy,tawa faktao,bukód,fagayó,,no,sabláy; kinda(udi),baláw,,sadi,duá,tuló,ufát,limá,unum,fitó,waló,siyám,safolo,duaksafolo,,,
495,Bundu Dusun (Central Dusun),6.02998,116.681,cent2100,"fieldwork in Ranau, Sabah, Malaysia",234.0,https://abvd.eva.mpg.de/austronesian/language.php?id=495,longon,gibang,wanan,gakod,panau,dalan,rikot,kilong,kaau,romos,abuk; lisohu,kulit,likud,tian; tiyan,tulang,tinaiʔ,lusou,susu,lihao,ilo; koilo,sorou,oris; rosi,rahaʔ,tulu,liou,tobuk,todung,puhobo,singud,kabang,nipon; nipen,dilaʔ,irak,ihad,ilob,dulaʔ,akan,sapaʔ,onsok; ansak,inum,kokot,siop,tolingo,rongou,mato,kito,uab,odop,latan,ipi,irikau,ingkakat,tulun,kusai,tondu,tanak,sao; asawo,sao; sawo; asawo,tina; ina,tama; ama,walai,taap,ngaran,boros,tali,wongkos; kagos,tombir,dalat,asu,,tokon,bobog,panakau,patai,patai,pasi,kukut,tagad,kayu,lapak,tarom,opodih,morobuat,tanom,piliʔ,gumayo,lumonit,pagaʔ,igit,ukad,boli,ukab,tutu,taam,ratu'; loho,tasu,tombolog,tontoluʔ,talad,palapaʔ,tulud,tikus,daging,lunok; tumau,tikiu,tulanut,tonggiluang,kutu,nondui,korut,sadaʔ,momos,rahan,roun,gamut,bungaʔ,tuaʔ,sakot,tanaʔ,watu,togis,waig,luyung,rahat,silaon; tusi,botung,gouton,taan,tulan,rombituon,houn,houn,rasam,tinggoron,kodumaat,ribut,soogiʔ; obus,alasuʔ,osogit; atamis,otuuh,oyopos,aagat,tapui,tutud,lisun,tauh,oitom,opurak,aragang,osilou; asilau,otomou,okotoʔ,agayo,osiribaʔ,anaru,onipis,akapal,okikip,alaab,oruol; sumakit,oikum-ikum,olohing,wagu,osonong,araat,otopot,otuong,tadau,toun,soira; songgira,lisok,indakod,id,id suang,id saat,id siribaʔ,iti,ilo,somok,sodu,hombo; nonggo,ioho,iaʔ,iau,iato; iahai; kito,iaʔ; ika,ioloʔ,nunu,isai,suai,ngaaiʔ,om,ondum,poingkuro,amuʔ; au,intob,iso,duo,tolu,apat,limo,onom,turuʔ,waluʔ,siam,hopod,duo nohopod,limo nohopod,hatus,soribu
483,Butuanon,8.87009,125.418,butu1244,"Vicente de Jesus, Richard Parker, Fr. Joesilo C. Amalla",276.0,https://abvd.eva.mpg.de/austronesian/language.php?id=483,alima,kawaa; wala,tuo,siki,mopanaw,daan,kansani,liso; bilik,molangoy,mangili,agbon; abog,panit,likod,tian,bukog,tinai,atay,dughan,abaga,kasayud,maghonahona,mabuga,dugo,oo,liug,buhok,ilong,hungahok,simhot,baba,ngipon,dila,katawa,motyaho,suka,molowa,mokaon,supa,magloto,moinum,asngab; banga,supsop,talinga,modungog,mata,makita,huy-ab,mokatuug,hotlok,modamgo,mo-ingkod,mo-tindog,tao,usog,daga,bata,banah,asawa,inaa,amaa,baay,atop,ngan,laong,lubid,hikut,sursi; tahi,aguha; dagom,panganop,motiro,dogyat; dogso,lapu; dukdok,mangawat,mopatay,patay,buhi,kamas; gawot,higbat; utod,kahuy,sipak,maha-it,ngawod,hinang,magtanom,pili,tubu,mohubag,puga; piga,kumkumon,kadkad; lukad,bili,bokad; ukab,lubok; bayo,etsa; tangas,mahuog,gadya; ido,langgam; mamang,itlog,balahibo,pagikpik,molupad,ambaw,buog; bawoy,supang,ikog,haas,bitok; ulod; ood,kuyamad; kuto,hilam; lamok,lawa,isda,tata; lapat; lata,sanga,dahon,gamot,bowak,bunga,sagbot; bagnot,lupa,bato,buhangin,tubig,sug; agus agus,dagat,asin,lam-anaw; lanaw,guwangan; gimba,langit,bulan; buwan,bituon,panganod,hamog; gabon,uwan,anog-og; dawogdog,lipat; linti; kidlat,hangin,hoyop,init; paso; anok,mahagkot,patayhon; tahay,basa,mabug-at,kayo,sunog,ano-oo; aso,abo,itum,puti,puwa,daag,lunhaw,mayutok; piyotay; asido,aslag; dakwa,dakadaka; hayupo,mahaba,manipis,baga,pi-ot; si-ot; sim-oo,lakbang; hawag,apdos; sakit,masipogon,maas,bag-o,madiaw,laat; maat; kaat,husto; amo,duum,adlaw,tuig,gun-o; kun-o,tago; loklok,saka; daag,yadto,suod,babaw,lawom; ingod,ini,iyan,duol; daig,lagyo; layo; hayo,diin,ako,ikaw,siya,kita; kami,kamo,nila; sila,ngan; ono,sin-o,iban; uban,tanan; hurot,kaamo; katsaong; patsaong,kon; anda da,inono; onhon,dii; dili,ihap,isa,duwa,too; tulo,upat,lima,unom,pito,walo,siyam,sampo,kadowahan,katohohan,isa ka gatos,isa ka libo
660,Capisano,11.4122,122.954,capi1239,Jose Ricarte,158.0,https://abvd.eva.mpg.de/austronesian/language.php?id=660,kamot,wala,tu-o,ti-il,lakat,alagyan,malakat,likô,langoy,higkô,yab-ok; gap-ud,panit,likod,tsan; tina-i,tul-an,tina-e,atay,dughan,abaga,makahibalo,manumdom,mahadluk,dugo,ulo,li-og,buhok,ilong,maginhawa,ma-atsing,bâbâ,unto,dila,matawa,mahibî,masuka,maduplâ,maka-on,ma-usang,malutô,ma-inum,makagat,masupsop,dulunggan,mabati-an,mata,makita,mapilaw,matulog,mahigdâ,madamgo,mapungko,matindog,tawo,lalake,babaye,puya,bana,asawa,nanay,tatay,balay,atop,ngalan,ihambal,lubid,ihigot,itahî,dagum,pangita-on,igu-on,bun-on,igu-on,kawaton,patyon,mapatay,mabuhî,kaluton,ut-don,lipak,pihakon,taliwis,mahabol,ma-ubra,matanum,pili-on,padakuon,pahubagon,puga-on,kaptan,kutkuton,baklon,buksan,bukbukon,ihaboy,hulugon,idô,pispis,itlog,bulbol,pakpak,malupad,ilagâ,karne,tambok,ikug,man-ug,ulod,kuto,lamok,damang,isda,dunot,sanga,dahon,ugat,bulak,bunga,gamhon,lupa,bato,baras,tubi,ilog,dagat,asin,punong,talon,langit,bulan,bito-on,langit,asó,ulan,dago-ob,kidlat,hangin,huypon,mainit,malamig,mala,basâ,bug-at,kalayo,sunugon,asó,abó,itom,putí,pulá,yelo,grin,gamay,dakú,lip-ut,habá,nipis,,,,,,,,,,,,,,,,,,,,,,,,,,,,,,,,,,,,,,,,,,,,,,,,,,,,,,
153,Cebuano,8.38799,124.367,cebu1242,Gemma Losbaños & Hermelito Go,271.0,https://abvd.eva.mpg.de/austronesian/language.php?id=153,kamút,walá,tuó,paa; tíil,molakáw; lakát,dálan; agianan,moanhi; ánhi; moari,moliko,molangóy,húgaw,abúg,pánit,likód,tiyán,bukóg,tiná-i,atáy,dúghan; suso; tutoy,abága,maalamon; ma-antígo; kamaò; kabalò,maghunahúna,mahádlok,dugố,úlo,líog,buhók,ilóng,moginháwa,mosímhot,ba'ʔba'ʔ,ngípon,díla,mokatáwa,mohílak,mosuka; su'ka,manluwa,mokáon,úsapon; mousap,magluto,moinúm,mopáak,mosúpsup,dalúnggan,madungóg; maminaw,matá,motan-aw,manghúy-ab,matúlog,mohigdâ,magdámgo,molíngkod,motíndog,tau; táwo,laláki,babáye,anak; bátâ,bána,asáwa,inahán,amahán,baláy,atúp,ngálan,búngat; súlti,písi,ihukót,magtahí,dágum,mangayam; màmaríl,mamana; tira; motira,lubâ; túhog; dunggab,manumbag; mobángag; maigô,káwaton,mopatáy,mamatay,mabuhi,káloton,moputól; mobúghâ,káhoy,píkason,háit,hábul,mag-uma,magtanúm,pílî-on,motúbô,mohúbag,mopuǵaʔ,mohawid; mokupot,mokálot,mopalít,moukab; ukabon,lubókon,ilábay,mahúlog,irô,lánggam,ítlog,balahíbo,pakô,molupád,ílagâ,unod; karne,lana; mantíka; tambók,íkug,hálas; bitin,watí,kúto,lamók,lawa-lawa; damáng,ísda,latâ,sangá,dáhon,gamút,búlak,búnga,ságbut,yúta,bató,balás,túbig,ágas; áwas,dágat,asín,lín-aw; lanaw,lasáng; kakahuyán,lángit,búlan,bitóon,pangánud,gábon,ulán,dalúgdog,kílat,hángin,mohangin; mohuyóp,init; alimú-ot; inadlaw,túg-naw,ugá; mala,basâ; umog,búg-at,kalayo,súnugon,asó,ágiw,itúm,putí,pulá,dalág,hilaw; lunhaw; bérde,gamáy,daku',mubô,taʔas,nipis,baga',hagíp-ot,lapád,sakít,naulaw,tigúlang,bág-o,maáyo,da-után,tinuód,gabi'i,adlaw,tu'ig,kanus-a,tagô,mosáka,sa,sa sulod,sa itaas; ibabaw,sa ubos,kini,ka'na,duol,layo,asa; hain,ako,ikáw,siya,kami; kita,ikaw; kamu,sila,únsa,kinsa,lain; uban pa,tanán,ug,kung,unsaon,dili di,ihap,one; usa,duhá; dos,tulo; tres,kwatro; upát,lima; singko,onom; unu'm; says,pito; siete,walo'; otso,siam; nuebe,napulo; dies,kaluhaan,kalima-an; singkwenta,usa ka gatus; sien,usa ka libo
1643,Central Sinama,7.00457,118.45598,cent2092,Kemp Pallesen,218.0,https://abvd.eva.mpg.de/austronesian/language.php?id=1643,taŋan,gibaŋ,koan,tapeʔ,ləŋŋan,laan,piʔitu,salemaʔ,lumaŋi,ləmmis,habuk,kulit,bukut,bəttɤŋ,toʔolaŋ,tinaʔi,atay,duduʔ,baha,taʔu,pikil,talaw,lahaʔ,kook ~kolok,kəllɤŋ,buʔun,uuŋ,napas ~hinansoŋ,hamut,boaʔ,empon,dəllaʔ,tittoa,taŋis,uttaʔ,ludjaʔ,maŋan ~kakan,papaʔ,bəlla,inum,keket,səssop,taliŋa,kale,mata,əndaʔ,wapan,tuli,lege,uppi,tiŋkooʔ,təŋgge,aʔa,ləlla,dənda,anak,həlla,hənda,ənggoʔ ~inaʔ,əmmaʔ,lumaʔ,atop,oon,həlliŋ; muuŋ,lubid,eŋkot,laʔit,jalum,--,--,tugsuk,balibag,taŋkaw,bonoʔ,matay,əllum,kakkut,gotoŋ ~pəppot,kayu,bilaꞌ,talom,tompol,hinaŋ,tanom,peneʔ,tomoʔ,pəŋkoŋ,pəssil,gomgom,kali,bəlli,ukay,təppa,bantuŋ,pakpak,eroʔ,manuk,əntəllo,bulbul,kepet,leaŋ,ambaw,isi,ənsəllan,togel,soa,kalog,kutu,hamaʔ,kalabomboŋ,daiŋ,buhuk,saŋa,daun,gamut,sumpiŋ,buaʔ,padaŋ,tanaʔ,batu,gusuŋ,boheʔ,anɤd,tahik; dilaut,asin,lanaw,talun,laŋit,bulan,bituʔun,taiʔ baliu,gabun,ulan,ləggɤn,laat,baliu,tiup,pasuʔ,haggut,tohoʔ,baseʔ,buhat,api,tunuʔ,humbu,abu,ettom,poteʔ,keat,bianiŋ,gadduŋ,dikiʔ,hea,deoʔ; puʔut,tahaʔ,nipis,kapal,kiput,luha,pəddiʔ; saki,ia,toʔa,bahaʔu,haap,laʔat,bontol; bənnal,saŋgom,əllaw,tahun,sumian,tapuk,daag; sakat,ma,ma deyom,ma diataʔ,ma deoʔ,itu,ilu inaʔan,sekot,taa,maingga,aku,kaʔa,ia,kita; kami,kaʔ; kaʔam,sigām,ai,sai,kaseheʔan,kamemon,maka,baŋ,buattiŋga,mbal,ituŋ,dakayuʔ,dua,təllu,əmpat,lima,ənnɤm,pituʔ,waluʔ,siam,saŋpuuʔ,duampuuʔ,limampuuʔ,dahatus,daŋibu
688,Cuyonon,10.3201,119.3,cuyo1237,Fe Aldave Yap,197.0,https://abvd.eva.mpg.de/austronesian/language.php?id=688,líma; alimá',walá',tu',batís,panáw,dalán,,biríng; tɨyɨb,ɨsɨb,maburing,apók,kulít,likód,tiyán,tulan,tiná'i,atáy,itɨn,abaga',kilalá',,adlɨk,dugó',uló',liyɨg,,ilóng; iróng,,palangamó',babá',ipɨn,dilá',tadlaw,tangís,suká',durá'; láway,ká'ɨn,,magsimpán,inóm; inɨm,kagat,sɨpsɨp,talínga,batí',matá',kitá',,maturog,,taginip,maguráng,tindɨg,tau'; taw',lalaki,baba'e; babái',batá',asawá'; kaibán,asawá',nánay,tatay,baláy,atɨp,aran,makón,kalát,igót,bɨdbɨd,tingway,pangayám,,bunó',,panakáw,patáy,,,kalot,girɨt,,,matarɨm,mábol,buwát,tanɨm,pilí,,,pugaɨn,awid,makalí',bakál,,mabáyo',pilák,lagpak,tyu',lamgam,itlóg,bulbol,pakpak,lipád,ambɨ',,tambɨk,ikóg,magkal,ulód,kutó',namók,lawa'; lawálawá',isdá',runót,,dawn,gamót,burák,bungá',,lugtá',bató',baras,tubig,,dagát,asín,lalaguna',kagurangán,lángit,bulán,bitón,panganód,,urán,dagɨb; lintí',kilát,angín,huyóp,mainít,maramíg,mamara,mebasá',mabigɨt,kalayó',sunóg,úsok; asó',abo',mangitít,maputí',pulá,madulaw,berdi',maitɨy,baɨl,matagɨd,labɨg,manipís,madamɨl,mapiyɨt,malapad,sakít,ɨya',malám,bágo',mayád,marímo',,gabí',adlaw,dagón,káno; inuró,palipɨd,saka',,,,idalɨm,diyá,dan; datú,marapít,marayó',sadín,akó,ikaw,taná,kitá; kamí,kamó,sanda,anú,síno,iba',tanán,,kung,,bikin,biláng,sakabilóg; isara',dárwa',tatlo',apát,limá',anɨm,pitó',waló',siyám,sampulú',darwámpulú',,gatús,ribó'
417,"Dumagat, Casiguran",16.2176,121.878,casi1235,T.N. Headland in Reid (1971),181.0,https://abvd.eva.mpg.de/austronesian/language.php?id=417,ka'mɨt,kawi'heʔ,kawa'nan,ti'kɨd,'lakad,,,'pihit,na'ngoy,mɛlɨ'geʔ,ʔalika'buk,ku'let,ʔa'dɨg,ti'yan,'tulang,bitu'kaʔ,'ʔagteʔ,gi'sat; ha'kcʔ,sala'pad,ma'tenggiʔ,,'ʔanteng,di'geʔ,'ʔuloʔ,'leg,'buk,du'ngos,,ʔa'hob,'labiʔ,ngi'pin,di'laʔ,'ngihit,sa'nget,'ʔotaʔ,'loktab,mɨ'ngan,ʔi'man,li'but; ta'hemaʔ,ʔi'nom,'kaget,sɨp'sɨp,tali'ngaʔ,'batiʔ,'mataʔ,'metaʔ,,ti'dug,,ta'genɨp,ʔik'not,'taknɨg,'tolay,lɨla'keʔ,bɨ'beʔ,ʔa'nak,ʔasa'waʔ,ʔasa'waʔ,'ʔinaʔ,'ʔamaʔ,bu'lɛʔ,ʔa'tɨp,nga'hen,'kagiʔ,ʔi'gut,ʔi'yegut,da'hop,di'gum,,,bi'kal,,ta'kɔʔ,bu'noʔ,tu'ling,,gi'tɨl; 'gus'gus,'gɨl'gɨl,ka'yoʔ,,ta'dɨm,ngu'dɨl,tara'bahoʔ,'mulaʔ,pi'liʔ,,,kɨ'mɨl,kɨbi'lan,'kotkot,bugto'ngen,,bi'yoʔ,bati'kal,tɨp'duk,ʔa'soʔ,ma'nok,bu'nay,lam'bayung,'pakpak,'ʔegbɨh,ku'yɨng,,ta'beʔ,ʔi'pos,ʔu'lag,ʔa'lontayag,ku'toʔ,na'mok,bug'kaw,ʔi'kan,hu'not,,'don,gi'mot,bu'laklak,bu'ngaʔ,,'lutaʔ,bi'toʔ,'bay'bay,di'nom,,di'get,ʔa'sen,,ta'lon,la'nget,bu'lan,bi'ton,ku'nɨm,,ʔu'den,kɨ'duh,ki'lat,pa'hɨs,yop'yop,mepa'siʔ,mela'mid,mema'deʔ; kag'kag,bi'saʔ,mɛdɨ'giʔ,ʔa'poy,tu'tod,ʔa'sok,'ʔabuʔ,ngi'tet,mɛla'tak,medi'deg,medi'law,,kɨ'tihɨk,dɨ'kɨl,ʔa'pehit,ʔa'takdug,la'pes,ba'gɨl,pi'ʔit,mɛla'waʔ,sa'ket,sani'keʔ,'datiʔ; ma'tandaʔ,bi'guʔ,ma'husay,medu'kɨs,,kɨ'lɨp,ʔal'dɔʔ,ta'ʔon,nɨ'kisiyaʔ,li'soʔ,ʔu'nek,,,,sa'hok,,,ʔa'deneʔ,ʔa'deyoʔ,ʔa'bɛʔ,,,,,,,'ʔanyaʔ,tisɨyaʔ,ba'kɨn,ʔɨta'nan,,'ʔɨng,se'nganyaʔ,ʔɨ'wan,bi'lang,'ʔɛsaʔ,ʔɨdu'waʔ,ʔɨtɨ'loʔ,ʔɨ'pat,li'maʔ,ʔɨ'nɨm,pi'tuʔ,wa'luʔ,si'yam,'sapuluʔ,du'wapuluʔ,,sanda'ʔan,san'libuʔ
730,Dupaningan Agta,17.3748,122.188,dupa1235,Laura C. Robinson,237.0,https://abvd.eva.mpg.de/austronesian/language.php?id=730,kamat,,,tikad,maglakad,dilan,umangay,,maglangoy,madukas; maromsa,dipog,gaddang,addag,lattag,tulang,tiyan,agtay,gisat,abigi,katandi,magnakam,maanteng,digi,buntok; kidap,leg; tangngad,buk,doong; dungas,umangas; magingas,magampoy,labi,ngipan,dila,gumidit; umidit; ngumidit,magsanget; magluwa,ota; magota,magloktab; magtoppak,magkan,magngalngal; magngatngat,maglutu,uminom,kumaget,magsapsap; supsupan,talinga,magsanig,mata,maenta,maguwab,matidug,,tagenap,umeknod,tumaknag,tolay,lallaki,babbey,anak,kabanga; lupog,kabanga; babakat; bakas,ina,ama,bilay,atap,nagen,ipeta,lubid; gilot; gakad,,magdaget,dagum,manganop,pumangal; palattugan; metattang,bakalan; ginakkan,,magtakaw,magpappatay,maggasak; malugulug; mategbak,maghen,maggusgus,,ranak,magpilak,matadam,mangudal,mageryok,magmula,pilian,magtubu,bumagi,paspasan; pakkalan,magegkam; akrupan,maggasak; malugulug; mategbak,gumatang,abbutan; takwaban,magtoktok,ibisag; itobbak,,asu,manok,bunay; ukong,allad; polpol,kappeg,umebbar,bilakad; kuyang,pilas,tabi,buned,ulag,urad,kutu,namok,,,mabuyok,tingi,don,ramot,budak,bunga,ruot,lutak,bitu,basad; baybay,dinom,magbulod,diget,apgas,bilay,talon,langet,bulan,biton,ulap; anod,alsap,uden,kaddur,kilat,paras,mangiyup,,madagmen; malamton,mamadi,mabesa,maadlak; madaggi,gangatan,magtutod,asok,dipog,mangiset; mangitet,maponsak; mapongsit,madulaw,,,ballek,dakal,apellak,malay; atakdug,malapes,mabigal,makupit,malampad,masaket,masaniki,alegid,bigu,peya; mappya; magino,madukas,tarod,kallap,aldew,kemokasan; kassinag,,magtagu,tumagdak,,,,,ide,iday; idu,mabikan,madiyu,henan; hadya; hahe,hikan,hikaw,hikuna,hikitam; hikami,hikam,hidi,anya,heya,aset; bakkan,ngamin,,no,panyan,awan,magbilang,essa,duwa,tallo,appat,lima,annam,pitu,walu,siyam,mapulu,duwapulu,lima a pulu,magatu,maribu
656,Dusun Tuhauon (Tambunan),5.68284,116.373,tamb1254,Gordian Pius,218.0,https://abvd.eva.mpg.de/austronesian/language.php?id=656,longon,gibang,wanan,gakod,mamanau,ralan; talun-alun,rumikot,kumilong,kuma'au,ayamut,tawu,kulit,likud,tian,tulang,tinai'i,tokowiyau,susu,liwawaha,koilo,momusorou,orosian,raha,tulu,liou,tobuk,todung,momihobo,moningud,kabang,nipon,dila,mongirak,mihad,mongilob,momodula,mangakan,monguyom,mogonsok,monginum,mongokot,moniop,tolingo,korongou,mato,kokito,moguab,modop,lumuwi,moginipi,mirikau,mingkakat,tulun,kusai,tondu,tanak,sawo kusai,sawo tondu,tama,tapa,walai; lamin,taap,ngaran,momboros,lukug,kagasan,monombir,dalat,magasu,monimbak,monobok,momobog,mamanau; manakau,mamatai,napatai,napasi,mongukut,managad; momutul,kayu,mamalapak,alawis; atarom,olompod,mindahu,mananom,momili,sumuni,lumonit,momisak,mongigit,mongukad,momoli,mongukab,monutu,momigod; papataam,naratu,tasu,tombolog,tontolu,hulu,talad,tumulud,tikus,daging,lunok,tikiu,tulanut,tongiluang,lios,togonok,korut,sada,napasa,ra'an,roun,gamut,bunga,tuah,sakot,tanah,watu,togis,waig,lumuyung,rahat,tusi,wotis,talun,tawan,tulan,rombituon,haun,tawun,rasam,tumparak,gonit,ribut,monompugi,alasu,osogit,otuu,oyopos,awagat,tapui,tutudai,lisun,towu,oitom,opurak,aragang,osilou,otomou,okoro,agayo,osiriba,anaru,agahui,akapal,osolot,alaab,oruol,oikum-ikum,nolohing,wagu,osonong,araat,otopot,totuong,tadau,toun,soira,lumisok,mindakod,id,id suang,id sawat,id siriba,iti,ilo,id somok,osodu,id nonggo,yoku,ika,iso,yahai,ika,yolo,Nunu,isai,ih suai po,oinsanan,om,nung,poingkuro,au; okon,mongintob,iso,duo,tolu,apat,limo,onom,turu,walu,siam,opod,duo nohopod,limo nohopod,saratus,soriong; soribu
418,Gaddang,16.5468,121.177,gadd1244,L. & M. Troyer in Reid (1971),184.0,https://abvd.eva.mpg.de/austronesian/language.php?id=418,langalay,dawi,diwanan,taki,mɨllakad,dallan,umang,malliku,manalog,dapping,girap̄uk,gaddang,daruru,kuyung,tulang,sinay,ʔal,gatat; taʔgang,ʔap̄a,ʔammo,mannonot,matalaw,ʔada,ʔulu,buʔlaw,ʔabok,ʔiyong,mangat,daʔlun,wangit,ngipan,dila,makatawa,mɨttangit,muta,maluppa,mangan,maman,millwag; makalutu,minum,makkat,mumul,layag,madingɨg,mata,ʔitan,,maturog,,tenɨp,matuttud,mataʔdɨg,tolay,lalaki,bap̄ay,ʔɨbbing,ʔatawa,ʔatawa na bap̄ay,ʔina,ʔama,balay,ʔatap,ngan,sapit,lup̄id,siʔgut,madet,bilat,manganop,,,,matakaw,patayan,natay,,mɨkkatul; makarakot,garilatan,kayo,,mataram,nangurɨl,matarabap̄o,mabinni,pilin,,,,ʔigamɨn,,magatang,,mɨbbayyo,ʔiyatto,nadaʔnɨg,ʔatu,mamanok,ʔilog,gatod,payyɨk,mɨkkayyab,ʔakɨd,,tapa,ʔip̄ut,dulɨg,kararong,kutu,ʔilɨk,,koriraw,,,ʔadon,gamut,maseta,,,lubɨg,batu,ʔaddat,danum,,bebay,ʔasin,,talun,langit,dɨkkag,bitun,dulɨm,,ʔuran,ʔadog,kilat,bayabɨg,middyob,nippato,laʔbɨt,nimma; mamilag,nabata,nadamɨt,ʔap̄uy,masikol,ʔatuk,lallang,nangisit,nap̄uraw,nalibaga,kunig,naʔata,balabusang,dokal,bibbapaw,ʔasodɨg,naʔimpit,nakanɨg,ʔatalin,ʔalaluwang,mallo,maʔatal,dadan; lakalakayin,bawu,nalawad,narakɨt,,gap̄i,ʔaw,dawon,kansa,masuʔsuk,munek,,,,dolim,,,ʔaraʔni,ʔaroyo,sintaw,ikkanak,,,ikkami,ikka,,sanenay,sanenay a tolay,korowan,ʔɨmmin,,nu,piddya,bɨkkɨn,mabilang,ʔantet,ʔaddwa,tallo,ʔappat,lima,ʔanɨm,pitu,walu,ʔassam,tap̄olo,ʔaddwap̄olo,,tatut,tarip̄o
1552,Guiangan (Baguio),6.99967,125.359,gian1241,"Summer Institute of Linguistics (unknown authors). 1966. Guiangan (Baguio) available via Zorc, R. David. 1972. Unpublished field notes.",140.0,https://abvd.eva.mpg.de/austronesian/language.php?id=1552,limo,ebang-,ammi,mame,mo'o,,,,mɨngoy,kalu,blukok,kulit,kulung,tiya,tulla,,ɨtoy,,,,,malao,dulu',ullu,ɨlong,ɨbuk,idung,,mɨkpon,hu'lung,ngipo,dela,takket,benne',moota,middu,ma'a,,momeng,minum,manget,,tingngo',,moto,mino,,mipit,,konno',me'od,tiro,ɨttao,la'i,,anga',ippud,ipod,ino,omo,bɨloy,ɨtop,dita,,toli,,mobii,himat,,,mobbok,,,,mɨtoy,mɨdo',makkas,,,,tolɨm,indi' tulom,minam,,moli,,,,,mukɔt,,,mɨdok,te'po,tuwang,asʰu,lagum,holo,,plete',mayang,obong,,towo',ekong,ula,,liho,klongngot,,,,,da'u,dolid,bullak,bungo,,bɨsak,bɨtu,palo',tubig,,lagat,ohi,ulub,,langit,bula,klamag,lao,,ula,liti,kilat,ɨnus,,,kapo,tika,peta,dɨllɨm,ɨpuy,,ɨbbaw,aou,mitom,pu'ti,mliga',mlede,mali',pipi 'ipis,paya,pandak; keng,lawe,nenepes,kupa,,,pɨddɨs,m'oyo,tuo',lami,mali',,,buli,ɨdo,byo'o,,muni',manek,,,,,,,dɨdong,mlayyu,opi,,,,,,,,emme,,lahat,,,,,,hɨtu,u'a,tɨlu,ɨppɨt,limo,onnom,pitu,wolu,hiou,hɨpulu,wo pulu,,mlɨtud,mlala
1551,Guiangan (Sirib),6.99967,125.359,gian1241,"Summer Institute of Linguistics (unknown authors). 1966. Guiangan (Sirib) available via Zorc, R. David. 1972. Unpublished field notes.",181.0,https://abvd.eva.mpg.de/austronesian/language.php?id=1551,limo,eⁱbang,ʔami,paʔo,mɨʔɨᵒ,,,boliyung,mɨngngoy,mlipaʔ,abok,kulit,kulung,tiya,tulla,naʔo,ʔɨtoy,ʔammɨʔ,wallo,hado,,mallaᵒ,duluʔ,ʔɨllu,ʔʌllong,ʔʌbbɨk,ʔidong,,moppung,huʔung,ipoʔ,della,takke,beᵉneʔ,mota,midduʔ,maʔa,,momang,minum,mangnget,mɨsɨp,ngillo,nuo,mɨto,mino,,mipit,,kɨnno,meʔɨd,middo,ʔɨttaᵒ,laʔi,libo,ʔangngaʔ,ʔippɨd,ipɨd,ino,ʔamo,bɨlaᵒy,ɨtɨp,dita; daʔit,koli,bingngo,ʔikɨt,mobi,himʌt,mʌnobok,,tɨbbok,,naʔo,mɨtoy,nɨtoy,mɨddo,kakas,meepok; milas,,,tʌllom,bʌdu,minang,mullo,ʔoli,,,tobid,paʔa,mɨkɨt,mɨlli,,mɨddok,tappo,laᵒ; labung,ʔassu,laggʌm,hʌllo,bɨbɨᵒ,pletek,maⁱyang,ʔabaᵒ,,tʌwo,ʔekong,ʔula,ɨlɨd,kɨtu,tʌmɨk,blowa,lɨddɨng,lɨdog,,daʔu,dɨlid,bulak,bungngo,,bɨssak,botu,pallok,tubig,,lagat,ʔohi,ɨllɨb,pualas; lumɨt,langit,bula,klammag,laᵒ,,ʔula,litti,kilat,ʔɨnɨs,iyup,,kapo,tikka,peta,dɨllɨm,apuⁱ,mi·tu,ʔɨbɨ,oᵒ,miʔtom,puti,migga,mlede,mlɨnno,pipis,paɨya,lewo,lawe,mepes,kupa,likɨt,mlowa,pɨddɨs,mioyuʔ,tappe,lammi,malliʔ,hamoʔ,,bɨlli,ʔɨddaᵒ,bioʔo,kel,bunni,pannek,,,,,,,dʌddong,mlaⁱyu,ʔopi,,,,,,,daʔit,ʔommi,ʔɨttad,lahat,,kaᵒ,,ʔindiʔ,meⁱʔap,hʌtu,ʔuwa,tɨllu,appat,limo,ʔɨnɨm,pitu,wʌllu,hio,hɨpɨlɨ,wapɨllɨ,,mlʌtus,mlela
1274,Hanunoo,12.4159,121.221,hanu1241,Barbian (1977),228.0,https://abvd.eva.mpg.de/austronesian/language.php?id=1274,dalúkap,wala; wal'án,sikón,,lumakang; lakáw,dalan,,,lumangóy,mauring; bangí,mapag'ón,lukób,dayó,tiyán,but'ó,puná,atáy,suso,labay,,magdumdum; painuinu; magdumán,dala; magkadala,dugó,ulo,leog; langgáw,buhók,ilóng; iróng,,suminghút,bibíg,ngipon,dila,paarak'ák,lumì,sukà,,mangaon,tilad,manggatong,,,,tulí,dungóg; madnugan,matá,makitán; makakít,labgáb,hamook,huwáy; pa-,damgu,tukaw,,,kan'akán,daraga,anák,abóy(án); asawa,abóy(án); asawa,ináng,amáng,baláy,bubungan,ngaran,sabihun,kalát,gapusun; higót; guús,,dayum; dagum,mangido; ligaw,palkasun; pantók,bunú; bun'ún,nadiktán,takawun,,magkamatáy,,kagaw; kagawun,,,lapaun,,mapuró,budlay; magasa; magbuwát,mamangás; panggás,pili,,magdakâ,pog'ón,,kalî; kutkút; magkali,bumilí,bukás; buklád; gibwangán,magbuyó,bintók,lagpák,idu,manók,itlóg,,pakpák,maglalayangán,angbu,,,ikog,ulay,alukatí,kayumád,namók; balangkád,lawa,isdâ,buyók,salingsíng,dawun; labong,gamót,busáng,burak,,dagâ,bató,barás,danúm,kunaynay; lagnás; nan-,dagat,asín,danaw,puro; kapuruan,pamgasán; langit,bulan,pamgasán,alinyabo; rorom,alinyabo,urán,lintê,kilat,baggyo,,,maramíg,gango,,mabuyat; bug'át,apóy,durók,anús,dapóg,mabiro; madlóm,malagtí,marará; maragáng; kundiman,madiláw,malatóy; latóy,daít; daraít,laon; daká,ababâ,aba; araba,manipís,,,malapad; daká,dahilán; sakít,kauyaan; uyà; kayá; huyá,gurang,bag'ó,mahal; urúg,daut; ibâ,,yabí,init,katempo; dag'ún,kapira; inoró,,dumayík; maggabúd,,,,,índa,tida,araní,arayô,naan; sarin(a),akó,kawu,siyá,kitá; kamí,kamó,sidá,hintáy,sintáy; sinton(a),ibá,tanán,,nu; kung,(k)abitáy,baláw,,usá,duwá,tuló,upát,limá,unum,pitó,waló,siyám,sampolo,duwapolo,,usa ka gatós,
13,Hanunóo,12.4159,121.221,hanu1241,"Blust, from: Conklin (1953)",249.0,https://abvd.eva.mpg.de/austronesian/language.php?id=13,kámang,wála,sikún,raparapá,l-um-ákaw,dálan,balík,símaŋ,l-um-aŋuy,ma-yagtíŋ; ma-ʔúriŋ,gabúk; pukapúk,tárip; lukúb,dayú,tiyán,butʔúl,bitúkaʔ; púnaʔ,atáy,súsu,lábay,magka-ʔalam-an; [ka]-táʔu,um-ísip; mag-dumán,dálaʔ,dugúʔ,úlu,líʔug,buhúk,irúŋ,arúp,s-um-iŋhút,bibíg; súlaŋ,ŋípun,dílaʔ,akʔák; s-um-arí,mag-lúmi,s-um-úka,mag-búga,k-um-áʔun,mag-táltaʔ,maŋ...gátuŋ,um-inúm,kagát,s-um-upsúp,túli,dunúg,matá,maka-kít,man-lábgab,ma-túrug,igyáʔ; huwáy; pa-huwáy,tag-ínʔup,t-um-úkaw,t-úm-índúg,táwu,laláki,babáyi,anák,asáwa,asáwa,ínaʔ,ámaʔ,baláy,atúp,ŋáran,mag-kún,lúbid,higút,tahiʔ,dáyum,mang-idú,pálkas,hárug,hampák,tákaw,maty-ún,mátay,buhi,kágaw,ma-nígbas,káyu,báŋag,ma-tarúm,dúmpul; ma-púruʔ,mag-buwát,mag-tanúm,píliʔ,t-um-úbuʔ,isál; bagáʔ,pugáʔ,mag-hiyáput,mag-kutkút,b-um-ilí,bukás,mag-bayú,pisík,rágdag; ma-lagpák,íduʔ,manúk,itlúg,bulbúl manúk,pakpák,l-um-áyaŋ,áŋbu[ʔ],túban; tagúban,tabáʔ,íkug,úlay,alukátiʔ,kútu,namúk,láwa,isdáʔ,ma-ʔíbas; buyúk,saŋá,lábuŋ,gamút,búsaŋ; rágaw,búrak,ríkut; ma-ríkut,dagáʔ,batú,barás,danúm,lagnás,lawúd; dágat,asín,dánaw,purúʔ; tálun,láŋit,búlan,pamgasán,paŋánud,alinyábuʔ,urán,lintiʔ,kílat,aráhay; durús,mag-ʔúyup,ma-ʔínit,ma-ramíg,ugá; gáŋu; layúŋ,túpus,ma-buyát,apúy,tútud,ánus; súnuy,ayúm; dapúg,agíwan; ma-bíru,abúkay; ma-lagtí,ma-rará,diláw,latúy,diʔít,daká; láʔun,abábaʔ; dagʔúd,ʔába; ʔábaʔ,ma-nipís,ma-dámul,diʔít,daká,ma-sakít,húya; úyaʔ; ma-kayʔaʔ,gúraŋ,bágʔu,mayád,daʔút,káŋud; támaʔ; tu-túʔu,yabí,síraŋ,abágat; turuŋún,kapirá,táguʔ,dáyik,sa,sa basád,tuŋúd,láwud,índa,túnda; tida,aráni,aráyuʔ,naʔán,akú,káwu,siyá,kitá; kamí,kámu,sidá,híntay,síntay,ibá,tanán,[k]ag,nu,abitáy; (k)abitáy,baláw; bukún; unmán,ma-bílaŋ,usá,duwá,túlu,úpat,líma,ʔúnum,pitú,walú,siyám,sampúlu,duwá (ka) púlu,líma (ka) púlu,ʔusá ka gátus,ʔusá ka líbu
193,Hiligaynon,10.4018,122.974,hili1240,Jamaica Salcedo,115.0,https://abvd.eva.mpg.de/austronesian/language.php?id=193,kamot,wa-lá,tu-o,ti-il,lakat,dalan,kadto,liko,langoy,higko,yab-ok,panit,likod,ti-yan,tul-an,tina-e,atay,dughan,abaga,kabalo,panumdum,hadlok,dugô,ulo,li-og,buhok,ilong,ginhawa,simhot,bâbâ,ngipon,dilâ,kadlaw,hibi,suka,duplâ,ka-on,usapon,lutô,inom,kagat,supsup,dulunggan,batian,mata,kitâ,nguy-ab,tulog,higdâ,damgo,pungko,tindog,tawo,laki,bahi,anak; bata,bana,iloy,iloy,amay,balay,atup,ngalan,siling,lúbid,higti,tahiʔ,dagum,,panaʔ,bun-o,igo-on,mangawat,pat-yon,mapatay,buhi-on,kaluton,,káhoy,dup-la,matalum,dupol,,tanom,,,,,,,mabakal,,,,,idu,pispis,itlog,,pakpak,lupad,,,,,manʔog,,,,damáng,isdaʔ,,saŋa,,,bulak,,,,,balas,,ilig,,,,talon,,bulan,,paŋánod,,ulán,dagoʔog,kilat,,,,,bulad,basaʔ,,kalayo; sunog,sunog,,,,,,,,,,,,,,,,,,,,,,,gabʔe,adlaw,tuʔig,,panago,saka,,,ibábaw,idálom,,,,,,,,,,,,,,,,,,,,,isa,duha,,,,,,,,,,,,
679,Ibaloi,16.4263,120.695,ibal1244,"Anton, Sofia Olga",262.0,https://abvd.eva.mpg.de/austronesian/language.php?id=679,takdai,kaniggid,kanawan,shafan; busel; seddi,ekad,shalan; ahad,kala,bodih'dih; posipos,kabdong,edareg,edagghitan,beddat; ojes,benneg,ekkes,pohfel,tuled; sosot,altey,soso,avada,amta',nemnem,entahot; ekin,shala,toktok,bukdow,buwek,eddeng,jasjas,ekuven,bungot,sangi,shila,ngi-ngi,nangngis,ota,tupsha,mengan; kinan,kalkal,duto; man-ukan,inom,kalat,osoop; doopdoop,tangida; ngila,iteneng,mata,asen; asas; un-an,uwab,ug-ngip; ma-ukip,shuhol,kakukip (mankakukip),tungao,dayat; ale-key,to-o,daki; dahi,be-ei,anak,asagua,asagua,ina,ama,balei,buvong,ngaran,kowan; sel,pagod; kalut,sih'kot; pusas,cha-it; sha-it,chakum; shakum; shakkom,anop,paltogan,(ma)saksak,tamak; kedpel,kevot,peteyen,metey,ebiag,kudkud; koh'nay,katdi-an; tadtad; belsig,ketdo,busak,tarem,angorel,ubda,man-ah'sek,pili; pispis,bengngis,darag,(ma)pespes,(ma)agchiyan; (ma)egshiyan,ka-ot; baybai,tungkal,duhat,pambayo; mambejo,ivong; makespig,ma'-kas,aso,manmanok; tetit,ekdog,shotshot,payad; payak,tayab,otot,apag,daneb,ikol; ihul,oleg,bileg; pfileg,koto,imok,kakawa,piskaw,ebulok,panga,bulong,savot,sabsabong,botdigi; dames; bunga,edet; du-bet,buh'dai; shaga; shadin,bato,bisil,shanom,un-ayos,baybay,asin,,kadasan,naikayang,bulan,talao,kulpot,ulep,oran,kerol,kimat,shagem,(ma)si-buk; (ma)si-bukan,ampetang; petang,teg-in,maga; emag-an,embasa,embul-at,afoy,atong,asok,,etuling; beneg,emputi,emabalenga,,,basit; ootik,ebah'deg,antikey,enshokey,epigghot,masshel,edefit,embanao,sahit,,sha-an,bado,masiya,ngaaw; kotay; salbahi; mahedsel,agpayso,davi,akow,tao-en,piggan,emot; dukdok,kalab,,naydaem,kayang,despag,sajay; eyay,saman; etan,nay-asgang,arague,tuwa; tuway,sih'kak,sih'kam,sih'kato,sih'katedjo,sih'kayo,sih'kara,nganto; ngaran,sifa; sifay,aligwa,emin,tan,nu,kas-ano; sah'no; ngantoy,aishi,bilang,sahei,shuwa,tedo,epat,dima,enem,pito,gualo,siyam,sampolo,shuwen polo; baente,dimen polo; singkwenta,san dasos,san divo
279,Ibanag,17.4201,121.891,iban1267,Telan Family,218.0,https://abvd.eva.mpg.de/austronesian/language.php?id=279,lima,zimigui,ziwanan,tac-ci,mal-lacag,dalan,umaranni,mal-leccu,mat-tañao,madapíng; marapíng; marit-ta,gav-vu-e,tab-bi-c,licug,san,tu-llang,sinay,agal,susu-,abage,macammu-c,mappanono-c,maganas-sing,daga,ulu-c,caralong,vu-c,igung,maginango-c,magaguc,simu-c,ngipan,zila,maggalo-c,mattangi-c,maguta,mal-lusak,kuman,mangngang-ngo-c,mallutu,uminum,maccaga-c,sús-súp-pán,talinga,magginna,mata,massingan,magg-gairawac,mae-catrug,magidda,mattatageno-c,magitubang,tumaddag,tolay,lalaki,babay,abbing,atawa,atawa,yena,yama,balay,ato-c,ngagan,mac-cagui,lubig,maggalu-c,maddague-c,dagum,manga-nù-c,mappana,madduddug,mappalu-c,maccoco-c,mappatay,matay,manolay,maccabbang,macattag,billa-c,paggaddua,matarám,mangurál,mat-trabaho,mammula,mappili,mattuvu,mabbago,mappazzi,matammi-c,macc-co-cco-c,maggatang,mavvuca-c,mabbayu,mattabo-c,madan-na,kitu,mamanu-c,illug,duddu-c,pa-ya-c,maccagag,balakag,carne,manteca,ifu-c,iraw,caralang,lita; kutu,lamu-c,taggalawa,sira,nabadyu; navanno; navonno,panga,don,ga-mu-c,lappaw,vunga,kad-do-c,davvun,batu,daga-c,danum,magagi-c,bebay,asin,,kakayuwan,langi-c,vulan,bitun,,fung-ngo-c,uran,addug,kila-kila-c,pad-dag,mas-su-c,napatu,malam-min,namaga,nabasa,madam-mo-c,a-fi,mat-tuggi,atu-c,avu,ngi-si-c,fu-raw,uzzin,ngila,verde,baddi-c,dakal,alinno-c,apaddu,makabbal,makannag,,alawa,mataki-c,minappasiran,bako-c; lakay,bagu,mapya,marake-c,kurug,gabi,aggaw,dagun,sonu anni,mangitagu,makkalay,ta,unag,utun,gukag,yaw; yawe,yari; yori,aranni,arayyu,sitaw,so-c; sakan,sikaw,yayya,sittam; sikami,sikaw,ira,anni,sinni,karwan; tanakwan,ngamin,anna,nu,kunasi,ari,mabbilang,tadday,duwa,tallu,appa-c,lima,annam,pitu,walu,siyam,mafulo,duwafulo,limafulo,magatu,marivu
262,Ida'an,5.29059,118.515,idaa1241,David Moody,225.0,https://abvd.eva.mpg.de/austronesian/language.php?id=262,ʌppiʔ,gibang,konan,kasu,gʌrʌbutaʔ,dalan; sikon,mʌssob,gʌsimpang,gʌllunguy,sʌmmor,abuk,kulit,sʌmang,tʌray,tullang,tiritis,atay,tusu,sadtong,gʌlati,gʌdalir,mʌla,nddaʔ,ulu,lig,ʌbpuk,irung,bʌgarawo,mʌngarok,putuk,nipon,dilaʔ,mʌrim,totaʔ,gʌmuad,bʌgʌbbi,mʌngngan,bʌkussop,bʌgapuy; gʌlagaʔ,mʌnginum; minum,mʌngabput,mʌnippus; tippus,tʌlingo,mʌngingog; kingog,mato,mʌngata mata,gʌmoya,turug,,gʌnupi,badung,buruy,ulun,ulun kusay,ulun liun,anak; ginon,bano,mʌngʌnnak,inaʔ,amaʔ,balay,sapaw,naran,mʌngaraʔ; baraʔ,tali,mʌnunuy; tunuy,bʌllit,derum,bʌkulos,mʌnganaʔ[panaʔ],mʌnʌrog; tʌrog,,mʌnʌkkaw; tʌkkaw,mʌngunuʔ; bunuʔ,matay,allun,,mʌngukos; mukos,taun,mʌngilaʔ; milaʔ,allop,tumpul,bʌkabbun,bulo,gʌdiliʔ,tubpu,bʌkʌppaw,mʌngʌgka; mʌgka,mʌgkot; mʌngʌgkot,bʌkali,gʌdagang,mʌngawang,mʌnuttu; tuttu,mʌnagad; tagad,tippak,asu,kʌrok,lisi,bulu,panid,tʌmulud; tulud,sikut litun,si,innak,ikug,ulang,langati,kutu,nammuk,sʌlapukot,pait,butong,dan,daun,pakat,tasak,buaʔ,dukut,butaʔ,batu,bʌris,sapaʔ,,pasang,tagay,gasap,ʌbban,langit,bulan,bʌtun,kaut putiʔ,kabur,uran,rudtug,bʌriot,laud,gnsʌput,panas,tʌmmil,atug; gʌlʌmmak,basaʔ,bʌgkat,apuy,mʌnunu[tunu],gaun,au,sidom,putiʔ,sʌkkot,sibbuʔ,gaddung,tumok,gayo,tanaʔ; kadong,buat,nipis,asuk,pʌssit,ngag,pedtos,siruk,tuo,bagku,pio,arat,bʌnor,gabpi,ʌdtaw,tahun,nu kidan; ʌmbaʔringaʔ,bapung,mʌnnik; gʌrʌkkod,nong; diʔ,nong allom,nong tas,nong alag,ano,ino; adi,rʌttop,adtu,ʌmbaʔ,aku,ikaw,rʌmo; rumo,kito; kʌmmi,muyu,iro,nu,nay,sillun,sʌgingon,bio,kʌmo,dungod,apon; ʌŋko,bʌkiro,saʔ,duo,tʌlluʔ,pat,limo,,,walu,,,,,,
419,"Ifugao, Amganad",16.9016,121.042,amga1235,S. Funnell & A. West in Reid (1971),183.0,https://abvd.eva.mpg.de/austronesian/language.php?id=419,taʔ'le,ʔinig'gid,winaw'wan,hu'ki,dumal'lan,,,munli'wotan,huma'lug,nadak'kot,hu'pu,ʔup'ʔup,bo'nog,pu'tu,tu'ngal,ginuy'guy,ʔal'te,palag'pag,pu'ʔol,ʔimma'tunan,,tu'makot,'dala,ʔu'lu,ba'gang,ʔi'buʔ,ʔo'long,,hung'hung,to'ʔo,bo'ba,'dila,ngumi'hil,tuma'ʔang,ʔu'muta,tumok'pa,'ʔan,mummo'ma,'ʔinit; haʔ'ʔang,ʔumi'num,ka'lat,huphu'pon,ʔi'nga,do'ngol,ma'ta,'tigo,,ʔa'loʔ,,ʔi'nop,ʔum'bun,tumaʔ'dog,'tagu,lalaʔ'ʔi,baba'i,ʔu'nga,ʔina'yan,ʔina'yan,ʔi'na,ʔa'ma,ba'le,ʔa'top,'ngadan,ʔa'li,ta'li,ʔita'ʔod,ʔu'gut,tan'tan,ʔa'nup,,tu'pig,,ʔi'nako,'pate,ʔa'te,,mangi'yaki; ku'kuwan,pi'laʔ,'kayiw,,mata'dom,na'tupu,'tamu,ʔita'nom,'pili,,,ʔipu'lipul,ʔo'don,'kaʔʔut,'ngina,,ba'yuwon,ʔibo'kah,ʔo'gah,'kahu,hamu'ti,ʔit'lug,du'ladul,pa'yaʔ,tu'mayap,ge'lew,,ta'ba,ʔi'wit,ʔu'log,ki'lang,'ʔutu,to'ma,kakaw'wa,do'log,nabu'luʔ,,tu'bu,la'mut,habha'bong,'bunga,,lu'ta,ba'tu,pa'nag,li'ting,,bay'bay,ʔa'hin,lo'bong,mu'yong,ʔad'lagud,'bulan,bittu'won,bu'gut,,ʔu'dan,ki'dul,ki'lat,dib'dib,ha'pud,ma'atung,ma'tuning,namaga'nan; ha'pe,maha'nong,mada'mot,ʔa'puy,mun'puul,'ʔahok,da'pul,mangi'tit,mumpu'pudo,mum'bola,ʔi'nunig,munlang'ta,ʔit'tang,ʔo'ngal,hiʔhiʔ'dod,ʔaduk'ke,ma'yapit,maʔʔok'tul,makuhhi'pit,ʔabillog,ha'kit,ba'in,nad'neʒ; nad'ne,paʔ'ʔala,map'hod,la'wah,,naha'dom,ʔal'go,ta'won,ʔa'nuna,ʔipaʔ'ʔe,'kayat,,,,'hiluk,,,nihag'gon,ʔadaw'wi,ʔi'dana,,,,,,,'nganne,hi 'ngadan,nat'ʔon,ʔa'min,,hi ʔon,ʔat'na,bo'kon,munʔu'yap,ʔo'ha,du'wa,tu'lu,ʔo'pat,li'ma,ʔo'nom,pi'tu,wa'lu,hi'yam,him'pulu,duwam'pulu,,hingga'hut,hin'libu
420,"Ifugao, Batad",16.8266,121.23,bata1298,"L.E. Newell, in Reid (1971)",175.0,https://abvd.eva.mpg.de/austronesian/language.php?id=420,ngamay,wodhong,ʔagwan,huʔi,duma:lan,,,ʔelewong,huma:lug,nadiʔa:an (di:ʔa),ta:poʔ,ʔupʔup,bonog,putu,tongal,hi:lot,ʔoltay,hu:hu; palagpag,pu:ʔal,ʔi:la,,ta:ʔot,da:la,ʔu:lu,bagang,bu:uʔ,ʔolong,,hunghungon,ti:mid,baba,di:la,kiki,kiyol,ʔu:ta,tumukpa,ʔan,,luwag; ha:ang,ʔinum,ʔalat,munhuphup,ʔi:nga,dongol,mata,tigon,,moloʔ,,ʔinap,ʔumbun (ʔubun),tumaʔdog,ta:gu,lala:ʔi,baba:i,ʔungʔungnga,ʔiha:wa,ʔiha:wa,ʔi:na,ʔa:ma,baluy,ʔatap,nga:dan,ʔalyon,talin,ʔehebod,ʔiugut (ʔugut),tantan,ʔanup,,tumpig (tupig),,manga:kaw,patoy,natoy,,mangia:ʔi; mun-gugʔu,gogod,ʔa:yiw,,matadom,ngilu,munta:mu,ʔitanom,pi:li,,,gumomgom,ʔodon,ga:ud,la:ʔu,,mumba:yu,paʔwah,ʔohah,ka:hu,hamu:ti,ʔitlug,dula:dul,payaʔ,ta:yap,doʔʔo,,tabi,ʔiwit,ʔu:log,ʔolang,ʔu:tu,to:ma,ʔaʔagwa,,nabuluʔ,,payaʔ,lamut,habha:bung,bu:nga,,lu:ta,batu,panag,danum,,,ʔahin,baybay,ʔinala:han,da:ya,bu:lan,bittu:an,bu:unut,,ʔudan,ʔidul,ʔi:lat,tuyup,yupyup,luma:hu,ʔayhugi,mimigi (migi); hapuy,maʔpot,madamot,ʔapuy,gohob,ʔahuʔ,dapul,mangmangi:tit,mumpa:haʔ,mumbobo:lah,muntiti:bɨ,,ʔi:tang,ʔongol,hoʔdod,ʔaduʔʔoy,maya:pit,maʔugtul,,damu:na,haʔit,bɨ:in,naluʔya; nala:ʔay,paʔʔamma,maphod (pohod),napu:hi,,mahdom,ʔalgaw,tawon,ʔanu:ud,poʔʔoy,ʔa:yat,,,,,,,neheggon,ʔadagwi (dagwi),,,,,,,,,,nobʔon (boʔon),ʔamin,,ʔay,ʔatna,boʔon,ʔuyap,ʔoha,duwa,tulu,ʔopat,lima,ʔonom,pitu,walu,hiyam,himpu:lu,duwampu:lu,,gahut,li:bu
421,"Ifugao, Bayninan",16.7099,121.035,kele1259,H.C. Conklin in Reid (1971),184.0,https://abvd.eva.mpg.de/austronesian/language.php?id=421,taʔle,ʔiggid,ʔawwan,huʔi,dumallan,,,munlewong,munʔagga:ʔe,nadakkut,hu:puʔ,ʔupʔup,bonog,putu,tungal,putu,ʔolte,palagpag,pu:ʔol,ʔinnil:on (ʔinni:la),,tuma:ʔot,da:la,ʔu:lu,bagang,bu:uʔ,ʔolong,,hunghu:ngon,toʔo,buba,di:la,kumiki,tuma:ʔang,ʔu:ta,tumukpa,mangan,memma (moma),lumwag; munhaʔʔang,ʔuminum,kalaton,huhu:pon (hu:hup),ʔi:nga,donglon (dongol),mata,tigon (ti:go),,maloʔ (ʔoloʔ),,ʔenop,ʔumbun (ʔubun),tumaʔdog,ta:gu,lala:ʔi,baba:i,ʔungʔungnga (ʔunga),ʔiha:wa,ʔiha:wa,ʔi:na,ʔa:ma,bale,ʔotop,nga:dan,ʔayyon (ʔali),talin,bayyaʔu:don,munʔu:gut,tantan,manganup (ʔanup),,ʔibawoʔ,,manga:ko,patoy,nate (ʔate),,ngumatol; guguwan,gogo:don (go:god),ka:yiw,,matadom,ngilu,munta:mu,ʔitanum,pili:yon (pi:li),,,poleghon (polegoh),ʔognan (ʔodon),munkaʔʔut,luma:ʔu,,mumba:yu,ʔiʔna (ʔona),magah (ʔogah),ka:hu,ke:keʔ,ʔiklug,dula:dul,payaʔ,tuma:yap,gando,,taba,buya:buy,ʔu:log,ʔolang,ʔu:tu,toma,kakawwa,dolog,napi:te,,tu:bu,lamut,habha:bung,bu:nga,,lu:ta,batu,panag,le:teng,,baybay,ʔahin,banno,ʔinala:han,ʔad da:ya,bu:lan,bittu:won,bugut,,ʔudan,ʔidul,kelat,tuyup,hapu:dan (hapud),luma:hu,ʔayhugi (hugi),mamaga; ʔihape,maʔpot (gopot),madamot,ʔapuy,pu:lan,ʔahuʔ,dapul,mangmange:tet (nge:tet),munpa:haʔ,mumbolah,ʔinnu:nig (ʔu:nig),munlangta,ʔittang,ʔongal,namukok (mukok); heʔheʔdod,ʔadukke,maya:pet,maʔuktul,nakohhe:pet,ʔabillog,haket,bumain,nadne (done); nala:ʔay,balu,maphod (pohod),nalawa,,labi,ʔalgo,tawon,ʔanu:ud,ʔipaʔʔe,kuma:yat,,,,ʔayu:duʔ,,,nihaggon,ʔadawwi,ʔada:na,,,,,,,nganu,nganne,natʔon (toʔon),ʔamin,,huʔun,ʔatna,boʔon,ʔuyapon,ʔoha,duwa,tulu,ʔopat,lema,ʔonom,pitu,walu,hiyam,himpu:lu,duwampu:lu,,gahut,hinlu:bu
288,Ilokano,15.9361,120.993,ilok1237,Blust,222.0,https://abvd.eva.mpg.de/austronesian/language.php?id=288,ima,kannigid,kannawan,saka,magna,dalan,umay,ag-likko,ag-langoy,na-rugit,tapok,kudil,likod,tian,tulang,bagis,dalem,suso,abaga,ammo,ag-panunot,ag-buteng,dara,ulo,tengnged,buok,agong,ag-anges,ag-angot,bibig,ngipen,dila,ag-katawa,ag-sangit,ag-uta; ag-sarwa,ag-tupra,mangan,ag-ngalngal,aglu:to,um-inom,ag-kagat,supsop,lapayag,ag-dengngeg,mata,k-um-ita,ag-suyyaab,ma-turog,ag-idda,ag-tagainep,ag-tugaw,ag-takder,tao,lalaki,babai,anak,asawa,asawa,ina; nanang,ama; tatang,balay,atep,nagan,ag-kuna,tali,igalot,ag-dait,dagum,ag-anup,ag-pana,mang-dugsol,ag-pangʔor,ag-takaw,mang-patay,matay,ag-biag,ag-kudkod,ag-balsig,kayo,bisak,na-tadem,na-mudel,ag-talon,ag-mula,ag-pili,t-um-ubo,l-um-teg,pespes,mang-iggem,ag-kali,g-um-atang,lukatan,bayo,i-bato,ag-tinnag,aso,billit,iklog,dutdut,payak,ag-tayab,utot,bagas,taba,ipus,uleg,igges,kuto,lamok,lawwa-lawwa,ikan; sida,na-lungsot,sanga,bulong,ramut,sabong,bunga,ruot,daga,bato,darat,danum,ag-ayus,taaw; baybay,asin,danaw,ka-kayu-an,langit,bulan,bituen,ulep,angep,tudo,gurruod,kimat,angin,puyot,na-pudot,na-lamʔek,na-maga,na-basa,na-dagsen,apoy,puor,asok,dapo,na-ngisit,puraw,na-labaga,duyaw,na-ata,bassit,dakkel,a-baba,a-tiddog,na-ingpis,na-puskol,a-kikid,na-lawa,na-sakit,ma-bain,baket; lakay,baro,na-imbag,dakes,ag-payso,rabii,aldaw,tawen,ka-ano,ag-lemmeng,um-uli,iti,iti; uneg,ngato,baba,daytoy,dayta,a-sideg,a-dayu,sa-dinno,si-ak,si-ka,isu,da-tayo; da-kami,da-kayo,da; isu-da,ania,sinno,sabali,amin,ken; ket; ta,no,kasano,haan; saan,ag-bilang,maysa,dua,tallo,uppat,lima,innem,pito,walo',siam,sangapulo,duapullo,limapulo,sanga-gassut,sanga-ribu
467,Ilonggo,10.4018,122.974,hili1240,Richard Parker,309.0,https://abvd.eva.mpg.de/austronesian/language.php?id=467,kamút,walá,tuó,tiíl,lumakát; malakat; tikang,dalan; alagyan; alagihan; banas,makadto,binaliskad; liko,lumangóy,mahigkò,yab-ok; yab-uk,panit,likód,tiyán,tul-an,tinae,atay,suso; titi,abaga,hibal-an; matikdan,isipon; paminsara; isip-isipa; huna-hunaa,kalahadlokán; kakurdaman; kahadlokan,dugô,ulo,liug,buhók,ilóng,ginhawa,hakluón; simhot,bâbà,untô; ngipon,dilà,kumadlaw; kadlaw,hibi,sumuka; masuka,dumuplà; madupla,kumaon; makaon,usangon; usapon,luto,ilimnon; mainom,kadton; kagton,supsupón,dulunggan,mamati,matá,makità,paguy-ab; manguy-ab; panguy-ab,magtulog; matulog,ibutáng; mahigda; ibutang,damgohanon; madamgo; damguhanon,lumingkod; pungko,magtindog,táo; tawo,lalaki,babáe,batà,bana,asawa,nay; iloy; nanay,tatay; amay,puluy-an; balay,atúp,ngalan,itlangón; mitlang; sambit,pisi; higot,baluón; hugpungon; bugkuson; higtan,tahión,dagum,mangluthang; mangita,sumiwíl; mangluthang,bumuhó; mabuno,hinaplit; maigo,mangawat,patyon,patay,mangabuhì,kaluton,hiwaon; mahiwa; labo,tapi; lipak; kahoy,himulagón; bulagon,mataliwis,malubóg; madupol; mahabol,maghikut,ìtanúm,pilion,sumingil; madako,palamanóg,i-puga; puga,punggan,kumutkot; makutkut; makaykay,bumakál; mabakal,buksan,bayhon,ipilák,hulog; mahulog; dagdag,idú,pispis,itlog,pakpák; bulbul; balahibo,pakpák,lupad; mapalupad,ilagâ,karne; unod,sebo; tambok; lana,ikug,bitín; man-og,ulod; ilago,kuto,lamúk,damáng,isda,pagkadunot; dunot,sanga,dahon,gingikanan; gamot,bulak,bungángkahoy,hilamón; sagbot,kalibutan; duta,bató,balás,tubig,tumubód,dagat,asín,linaw,kagulangan,langit,bulan,bituon,panganod,gamhon,ulán,daguob,kilát,hangin,huyóp,maalabaab,mabugnaw,hubóg; mala,basâ,mabug-at,kalayo; clayo,sunugon,asó,abó,itúm,maputî,pula,kanaryo; bulawanon,lunhaw,gamay; diótay,dakó; lutáw,malip-ot; manubò,kadugayón; laba; kalawigon; kalabaon; kadugayon,maniwang,malapuyot,makitíd,masangkad,nagabalatían; masakit,nahuyâ; huluyaon,madugay; daan,bag-o,maayo,panuláy; malain,minatuód; insakto; pat-od,gab-i,adlaw,tuig,kasan-o,ilikún; manago,sumaká; masaka,sa,sa,halos; ibabaw,sa idalum,iní,agúd; ina,malapit sa,malayò,diín,ako,ikáw,siá,kitá,kamó,silá,anó,sin-o,ibán pa,tanán,kag,kon,anó,walâ,isip,isá,duha,tatlo,apat,lima,anem; anum,pito,walo,siám,puló; napuló,duhá ka pulò,kalim-an,ginatús,sanglibo
422,"Ilongot, Kakiduge:n",16.3785,121.547,ilon1239,M. Rosaldo in Reid (1971),181.0,https://abvd.eva.mpg.de/austronesian/language.php?id=422,gima,wili,,tɨǥɨ,kuwa,,,likɨd,nanguy,napadiǥan,bunubun,kalɨb,gɨtud,tabu,tuʔlang,silɨt,ʔaǥsi,tutu; tukad,tapung,bi:ya,,kayub,matǥɨm,kidɨp,bukǥu,ʔuu,ʔɨǥɨng,,ʔamuy,tayap,bɨʔbɨ,limut,ʔɨngit,ʔibiǥ,ʔugkak,ʔutap,kan,biʔin,dikdik; gutu,ʔinum,kaǥat,tuptup,talinga,dɨngɨg,mata,buya,,nuʔngu,,kugip,tungɨd,sikin,tuʔu,ǥaki,bɨ:kug,ʔanak,bɨʔyɨk,,ʔina,ʔama,ʔabung,ʔatɨp,ngadɨ:n,ʔupu,ǥinubid,pɨdɨng,tɨ:ʔuk,dɨum,laʔub,,ʔutab,,ǥimit,pasi,napasi,,gɨʔtɨ; guʔgu,bukbuk,kiyu,,ʔutadɨm,ngilud,talabaku,tanɨm,pii,,,pɨgsit,ʔɨdɨn,kuʔku,taiw,,bɨ:uy,kɨgat,ʔɨlag,ʔatu,manuk,lubun,lawi,payak,payadung,bɨ:ki,,tabi,ʔikul,ʔulɨg,ʔulaǥ,kutu,tɨnnɨk,ʔanggɨlawa,gudung,buyuk,,bung,ǥamut,bɨ:dɨk,bunga,,dɨ:ǥɨn,dɨpǥat,buwɨd,dɨ:num,,dagat,sigɨm,gɨbɨng,ǥungut,tawɨn,buan,pandɨk,ʔaup,,ʔudɨn,kiduǥ,kiat,ʔɨgnay,sibuk,ʔuʔinit,gɨmna,magi; ʔagitʔit,bɨ:ta,ʔuǥɨni,gapuy,ǥunguy,ʔabuk,dɨ:puǥ,bɨ:lɨng,budɨ:k,tɨǥat,duyaw,guput,ʔuliki,ʔusikɨn,ʔagubi; bulingkid,ʔuduki,yapit,ʔukɨnɨg,ʔuʔupug,biag,takit,nabɨ:tangan,diʔin; bɨgangɨt,bɨ:ǥu,ʔupiya,naʔugi,,masi,magu,taʔun,pigi,ʔɨmut,kayab,,,,tadu,,,dɨag,bɨaʔɨng,tunguy,,,,,,,ngadɨ:n nima,katuʔu,ǥiwa,ʔɨmin,,nu,pigi,ʔawan,ngɨtu,sit,duwa,tiǥu,ʔɨpat,tambiang,tambiang nu sit,tambiang nu duwa,tambiang nu tiǥu,tambiang nu ʔɨpat,,duwampu,,tam bukǥay,ǥibu
250,Imorod,20.77,121.85,ivat1242,Tsuchida et al. (1987),330.0,https://abvd.eva.mpg.de/austronesian/language.php?id=250,pamamahadan,ozi,wanan,ayi,alam; omalam,rarahan,mayi,siwaz; somiwaz; siwazan,awawat; miawawat,tamalid; lolit,yinbek; banaikbek,kolit,likod,velek,totowang,cinayi,atay,soso,pisagatan,teneng; katenngan,nakem; naknakmen,yahey; manyahey,rala,oho,zagaw,ovok,momodan,ininawa; omininawa,hangno; mahangno,ngongoy; ngoso,ngepen; kamansasanga; osong,lila,miying; mamying,lavi; omlavi,ota; iota; otan,,kan; koman; kanen,mama; manmama,rotong; rotongan; manotong,inom; miinom,songit; songiten,sepsep; sepsepan; yocot; yocotan,talinga,mamizing; madngey,mata,cita; macita,owab; miyowab,itkeh; mitkeh,iray; miray,tateynep,toratod; tomratod,tanek; tomanek,tao,mehakay,mavakes,motdeh; anak,kahakay; kataned,mavakes,ina; moina,ama; moyama,vahay,atep,ngaran,,ovid,kedked; pakedkeden,rayit; rayten; manayit,rayom,,,tokozos; tokozosan,toki; manoki,takaw; manakaw,zakat; zakaten,zakat; mazakat,viay; maviay,kadkad; kadkaden,zasa; tavaz,,yangaw; polcing,tarem; matarem,ngaleh; mangaleh,,moha; mohaen,pili; pilyin,,yatek; omyatek; lipad; omlipad,liperes,napet; manapet,kali; kalyin,nginangina; nginanginaen; sazang; sazangan,iwang; iwangan,asad; mangsad; asaden,agesah; migesah,anas; omnas; akas; makas,agsa; citow,miasasalap,icyoy,,panid,salap; somalap,karam,asisi,avo; tava,ipos,volay,aowed,toma; koto,tamonong,ahahawa,among,rokop; marokop,yangaw; sanga,vohong,yamot,savong,asi no kayo,tamek,tana,vato,anay,ranom,voyog; omvoyog,wawa,asin,,kahasan; kakayoan,angit,vehan,mata no angit,cinalab,tahahaso; kanaepkep,cimoy,adey,cilat,pagpag; sazowsaw,avyot; mamyot; mazeng; mazaw,annget; mannget,ahen; mahen,akjit; makjit,vasa; mavasa,rehmet; marehmet,apoy,asleb; asleben,aob,avo,vaeng; mavaeng,lavang; malavang; ilak; meylak,vala; mivala; bazangbang; mabazangbang,aray; omaray; maray,garaw; mogaraw,likey,rako,linged; alinged,naro; anaro,taripis; mataripis,agsaz; magsaz,ilid; meylid,ovong; mowvong,ingen; ingengnen; meyngen,asnek; masnek,rarakeh,vayo,ya pia,rahet; marahet,noyong; manoyong,mahep,maraw,kakawakawan,ci mango; no kango,tayo; manayo; taywen,kalat; komalat,,sahad,teyngato,teyrahem,,,asngen; masngen,rayi; marayi,wanja; jino,,,,,,,ikongo,sino,,akano; akani,akano; akani; akanira,(a)no ci,pira,beken; ji,vilang; vilangan,asa,dowa; raroa; adoa,teylo; tatlo; atlo,apat; papat,lima; lalima; alima,nanem; anem,pito; papito; apito,wawo; wawao; awao,siam; sasiam; asyam,poho; makanateng,adowa ngelnan,,asa poho,asa ranaw
490,Inabaknon,12.4264,124.166,inab1237,Fr. Marc R. Jacobson,283.0,https://abvd.eva.mpg.de/austronesian/language.php?id=490,kambag; tamburo',kawiri,kawanan,kitid,langngan,lalan; tinampo,da'ito; pada-,arop,rangi,rigsok +d1,alpog,anit +d; panit +d1,taludtod,battong +it+d1,ta'ulang,,atay +t+d1,darakan,sugbong,alimagmag?; urup-urupan?,huna'-huna',kuba-kuba; kulba +d1,laha',takulok,kallong,barahibo,urong,hingasong,hingos; singo; baho1 +d1,bawa',impon,dalla',patatawa; turakhak,bikho' +d1; ngalngal,uta',tupra; rukda',kabos; kakan,samsam,sugna',tal'ok; inom,pang'it; pa'pa'; kibkib,supsop,talinga,kali; pakali,mata1 +t+d1,kulaw?; bataw-bataw,huyam +d1,turi,libbak,upi,tingkarag; tingkulo',tunggo,a'a,lalla,danda,dadi',mistir,alla,nana,tatay; tata',ruma',bungbong?,aron; bansag,palling; pinugad; sabi +t,pisi' +t+d1,gu'os; ingkot,tahi'; haluthot,dagom +d1,mamanwa; pamanwa,pana',bundak +d1; dugsang,igo'1,laris; tangkaw; unas,buno' +d1; matay; utas,matay; pu'o,allom,kudkod,hadhad,dabal; kayo,si'ak; tunga' +d1; buka +d1,tarom?,dungpol,malli',lubo2; tanom,pili' +t+d1,tubo'1 +t+d1; uswag,,pihi',antan; kumkom; kumol,bungkal; kadkad; ukad +d1,balli,abri +d1,labbok; pilipig; tappa,tur'og; balitok,raknag,ido',manok +t+d1,antallo,barahibo,pakpak +t+d1,layog,balagting,karni +t+d1,lammok,ingko,sawa +d1,ulot,kuspad +d1,namok,lawa' +d1,daying,lapa',sanga +d1,dahon +t+d1,gamot +d1,burak,buwa'1,gabon,pitak,bato +t+d1,baybay,buwahi',daras,kalawot,asiya,danaw,talon; kagurangan,langit +t+d1,bulan +d1,bitu'on +d1,panganod,alupu'op,uran +d1; usdat,dalugdog,kil'at,bariyo,hiyop,alusu'os,anni,tuho',piripiti,buwat,api,sunog +t+d1; surit,humbo,agbon,hirom,puti' +t+d1,piyat,dulaw +d1,grin,diki',haway; haya,pundok,,husok,dakmol +d1,diki'; si'ok,lambo,paddi,sipog,andang,bag'o +d1,halap,maraat,husto +d1,sangom,allaw,anyo,sumiran,tago',daplos; sagka,,sallod,yungod; labaw,dilalom,nayto; sito; to; yayto,nay nan; nay ray; -na'an,tapit; unay2; apiki,lantong; tabog1,palingnga; singnga,,,iya,kami',kaw,mayya,ay,say,la'in,dimu'an; intiro; plos,asta; hasta; may; ngan; ngani'; pati' +t,kon; ngani',mati'ay,ma'in,kwinta; isip,un; uno; adda,dos; duwwa,tallo; tris,ampat; kwatro +d1,singko; lima,annom; sa'is,pito'; syiti,utso; walo',nwibi; siyam +t+d1,awatong; dyis +t+d1,baynti,singkwinta +t+d1,addahatos,mil
1635,Inagta Alabat,14.1217,122.014,alab1246,Lobel et al. 2020.,230.0,https://abvd.eva.mpg.de/austronesian/language.php?id=1635,ʔaˈlimaʔ,kaliˈwaʔ,ˈkanan,biˈtiʔis,hakˈlew,kaˈnug,paˈhaj,liˈkuʔ,panagˈbej,maduˈmi,ʔalikaˈbuk,balaʔˈkis,'kulud,biˈtukaʔ,ˈbejen,biˈtukaʔ,ʔaˈtaj,ˈsusuʔ,mugˈmugen,ʔaˈlam,ˈʔisip,ˈtalaw,diˈgiʔ,'ʔuluʔ,ˈliʔug,beˈhek,haʔˈduŋ,hiˈŋa,sagˈka,biˈbig,ˈŋepen,katˈlub,ˈsagak,ˈʔibil,tegˈʔa,lunˈtab,ˈkaʔun,ŋasˈŋas,ˈlutuʔ,ʔiˈnum,kaˈget,ʔutˈʔut,seˈweŋ,nasekeˈgan,maˈtaʔ,mamaʔaˈnan; natuluˈŋan,'hakaj,tuˈjug,magˈbulid,daˈlaŋit,ˈseŋul,tegˈdek,taˈwu,laˈlakiʔ,baˈbaji,ʔaˈnak,laˈlakiʔ,baˈkes,ʔumiˈnaʔ,ʔumaˈmaʔ,beˈlej; baˈjaj,ʔaˈtup,ˈŋaden,ˈkadeʔ,ˈlubid,bugˈkus,taˈhiʔ,kaˈrajum,magʔaˈlaw; haˈjug,baˈril,sakˈsak,tamˈpiʔ; bugˈbug,giˈnakaw,ˈpalaʔ,ˈpalaʔ,buˈhaj,ˈkamut; kakajˈbut,ˈputel; taˈgeʔ,kaˈhew,piˈsaŋ,mataˈjum; masudˈsud,mapuˈrul,taraˈbahu,nagtaˈnim,ˈpiliʔ,ˈtubuʔ; nagdaˈkuʔ,mamaˈgaʔ,ˈʔipit,kaˈhe; tuʔˈkuj,ˈhukaj,nagbiˈli,buˈkas,baˈju,peˈsat,ˈhujug,'ʔiduʔ,manukˈmanuk,ʔitˈlug,gitˈgit,pakˈpak,liˈpad,jaˈgaʔ,laˈman,taˈbaʔ,bunˈtut,'beʔek,bukˈbuk,ˈkutuʔ,peˈleŋut,ˈlawaʔ,ʔisˈdaʔ,ˈbukes; panˈʔus; siˈraʔ,saˈŋaʔ,ˈdahun,ʔuˈgat,bulakˈlak,ˈgeʔen,daˈmu,leˈmak,beˈtuʔ,ʔagetˈʔet,ˈtubig,hagˈpiʔ,ˈdagat,ʔaˈsin,dagatdaˈgatan,kaˈlasan,ˈlaŋit,ˈbilan,bituˈʔin,paŋiˈnurin,ʔalaˈpaʔap,geˈmes,kuˈlug,kelˈdep,heʔˈnew,hiˈjup,maligamˈgam; maˈʔinit,malaˈmig,tuˈjuʔ,beˈsiʔ,mabugˈʔat,haˈpuj,natuˈʔuk,ʔaˈsu,ʔaˈbu,madekˈlem,malemˈʔat,puˈla,diˈlaw,ˈbirdi,maˈtiʔ; maˈmatiʔ,luˈpag,bubukˈtit,huˈhunat,maniˈpis,makaˈpal,laˈbi,bebeˈlag,mahapˈdus,nahaˈhalaj,ˈlumaʔ; puˈhawaŋ; bajbaˈjiʔ,beʔˈgu,maʔubiˈja,'pajuk,katuˈʔudan,diˈjum,deˈgew,taˈʔun,kaʔiˈlan,ˈtaguʔ,ʔakˈnit; sabˈnit,de,ˈluʔub; huˈluk,taˈʔas,luˈpag,huˈji,huˈjeʔ; hiˈduʔ,kaˈgijan,kalaˈhunat,deʔˈde,haʔˈku,hiˈkaw,heˈje,kaˈmiʔ; kiˈtaʔ,kaˈmu,hideˈhen,haʔˈnuʔ,hiʔˈnuʔ,kabaˈŋaʔ,laˈhat,pat,ti,paʔˈnuʔ,ʔuˈkun; waˈjaʔ,ˈbilaŋ,heʔˈsaʔ,dawˈha,tatˈluʔ,ʔaˈpat,liˈma,ˈʔanim,piˈtu,waˈlu,siˈjam,samˈpuʔ,dalwamˈpuʔ,limamˈpuʔ,heʔˈsaʔʔaˈdaʔan,heʔˈsaʔʔaˈlibu
1553,Inati (Hamtic),11.1539,122.512,atii1237,"Hsiu, Andrew. 2018. Inati word lists. m.s.",220.0,https://abvd.eva.mpg.de/austronesian/language.php?id=1553,limá; pálad,walǽʔ,toʔó,bitís,lákaw,aragyan,dógok,likóʔ,langóy,higkɨ,ábo,pánit,likód,katówan; pinisdákan,tolen,tináʔi,atay,títi,abága,maʔǽræm,pamínsar,gɨláng,dugóʔ,olo,liʔɨg,bólbol,órong; úrong,ginháwa,omót,bebeʔ,ærǽngkæb,dilaʔ,ágil,dáyag,lóʔæd,dópræʔ,hæmængæn,ósap,daha,omak,kádat,sɨpsɨp; ídɨp,talíngæ,pamati,mǽtæ,nakítæ,pangngóyʔab,kitórod,iding,démgo,guráng,tinós,taβo,alíwas,binóhat,taʔának,bæbǽtæ,,nána,mama,báli; sapew,ætæp,ngáran,hambal,lóbid,higti,tahíʔ,dagɨ́m,pangayám,pamanáʔ,labuʔín,,lupós; panákab,pilós,pilósin,buhíʔ,pangálot,otden,káyo,biʔalín,matærǽm,otden,óbra,tanɨ́m,píli,tobo,banɨ́g,pɨgáʔin,kaptí,kotkot,bakál,boksán; abríhan,tutuhín,balángin,nadágdag; ginlempes,áyam,píspis,tabon,bólbol,pakpák,lupad,balabew,kɨsɨ́g,tebǽ,íkog,manʔɨg,lógay,kosled,yámok,damáng,isdáʔ,nanimáhoʔ; dunód,sangá,dáhon,gamót,búlak,búnga,hilamón,lógtaʔ,báto,barás,sápaʔ,ílig,kadagátan,asín,alung-asog,kalásan,lángit,búlan,bitoʔon,pangánod,tonʔog,dáʔit,dagɨ́ʔɨb,kilat,hángin,púyup,maʔínit,maramíg,mará,bæsǽ,bugʔát,himpon,sunóg,asóʔ,ábo,itóm,putíʔ,puláʔ,,berdí,maʔisót; magamáy,bíʔas,mabɨgɨʔ,malábɨg,masiráng,madámɨl,makítid,mawáyang,sakít,naʔóyæ,tarópot; maropóy; tamálʔam,bédoʔ,maʔayád; mayad,maláʔin,matoʔod; insákto,kelép,edlew,túʔig,sanʔó,panágo,sáka,,kísɨlɨd,máwang,dalím,tikǽ,nɨ́dtæ,maʔisɨ́p,mésned,ará,áko,ikæ,iyǽ,ikám; kítæ,ikím,,íræ; miya,sinʔó,sérken,tanád,,kud,paʔáno,dínæ,ísip,teʔǽsæ,darwǽ,tatló,apát,limá,anɨ́m,pitó,waló,siyám,napólo,béinte,singkwénta,sanggátos,sanglíbo
1554,"Inati (Jordan, Guimaras)",11.1539,122.512,atii1237,"Hsiu, Andrew. 2018. Inati word lists. m.s.",211.0,https://abvd.eva.mpg.de/austronesian/language.php?id=1554,limá; pálad,walǽʔ,tuʔó,,lákaw,árædæn,dúgok; ádi,likoʔ,langóy,,ábo,pánit,likód,katúwan,túlang,tináʔi,atáy,bægǽn,abága,namánʔan,panɨmdom,gɨláng,dugóʔ,búkæd,líʔog,bólbol,úrong,ginháwa,panimáho,bebeʔ,ónto,dílæʔ,ágil,dáyag,lúʔæd,dúpræʔ,hæmǽngæn,úsap,ráha,úmak,kádat,sópsop; idɨp,talíngæ,památi,mǽtæ,kítæ,pangngóyʔab,kitórod,,dámgo,guráng,tinós,otá,ámos,binóhat,taʔának,alíwas,,nána,,sápew,atǽp,ngáran,nagkanǽʔ; kínʔan,lúbid,hígtan,tahíʔ,dágum,nangayám,nagtíroʔ,sáksak,lámba,matákab,nagpíros,píros,,kɨ́mos,otda,káyu,biníʔal,matarám; mataráwis,,úbra,magtanúm,píli,túbo,namara,písgaʔa,kaptan,magbúho,pamakál,boksí; magábri,bayyú,balánga,naʔúlog,áyam,píspis,tábon,bólbol,pákpak,lupǽd,balabew,kárni; únud,tebǽ,tubáng,mánʔɨg,lalágo,kútu,lámok,damáng,ísdaʔ,nangilámʔos,sangá,dáhon,gamót,búlak,búngæ,ságbot,lúgtaʔ; dúgtæʔ,báto,yabʔok,sápaʔ,dalúdʔdo,lawód,mapaʔít,sapáʔ,kalásan,lángit,búlan,bitoʔɨn,pangánod,tónʔog,dáʔit,dagɨ́ʔob,kilát,hángin,dupóy-dúpoy; táyhop,maʔínit,maramíg,túyhin,basǽ,bugʔǽt,hímpon,súnog,asúʔ,ábu,itóm,mapútiʔ,mapulæʔ,diláw,kolor dáhon,maʔisót,mabíʔas,manæbǽʔ,malábɨg,nipís,madámol,maguktók,malígwæ,sakít,kaʔoyǽ,marúpot,bægʔo,manámi,kaláʔin,hústo; saktoʔ,kælǽp,,tinúʔig,kánʔay,panágu,sáka,kæræ,kísɨlɨd,máwang,kidálim,táktæ,wádtæ,maʔisɨ́p,mésned,ærǽ,áko,ikæ,íyæ,ikám; kitǽ,,íræ,miyæ,ginʔu,sérkæn,ríbu,æt,ginú,paʔúno,dínæ,ísip,isǽ,darwǽ,tatló,apát,limá,anóm,pitó,waló,siyám,púlo,dúsi,singkwínta,,isá kalíbo
1260,Inati (Nagpana),11.1539,122.512,atii1237,Pennoyer (1987),168.0,https://abvd.eva.mpg.de/austronesian/language.php?id=1260,keremkem; palad,wele,toʔo,bitis,lakaw,ereden; iridan,dɨrɨt; dasig,,langoy,,,panit,,katowan,tolan,,atay,soso; titiʔ,,merem; kamaʔan,,,dogo,olo,liʔɨg,bolbol,orong,,,bebe; begeʔ,erengkeb; onto,dilaʔ,,,,dopreʔ,hemengen; kain,,,omak,kadat,,talingeʔ,ke-rnged; batiʔ,mete; maslɨk,kiteʔ,,kitorod,iding; hilayhilay,,gorang,tanos; tinos; tenos,tawo,lalaki; amos; aliwas,babayi; binohat,,bebete,,,,sapow,etep,ngaran,keneʔ; kanaʔ; kineʔ; ginkeneʔ,,,,,,,,,,pilos; pelos; patya; patyin; pilosin; patihin,patay; pati; pelos,,,,,,,,,,,,,,,,,,,,,tito,pispis,tabon,bolbol,,lɨpad,,kɨsɨg,,toban; ikog; kebes,,,koto; kosled; koled,,,isdaʔ,,,dahon,yemot; gamot,,,,lugta,bato,baras,sapaʔ; ewed,,,,,,,bolan,bitoʔon,galʔɨm,,daʔit,,,,,maʔinit; labaʔab,maramig; mabognaw,mara,bese,,himpon,pasoʔ; sonog,aso,abo,itɨm,potiʔ,poleʔ; pola,kalawag,asol,maisot; magamay; tanawa,biʔas,,magoroy; malabig,,,,,,,,bedoʔ; badoʔ; bidoʔ; bagʔo,manamiʔ; maroyog,,,kelep; siklɨp,adlaw; edlew,dagʔon; toʔig,kanʔo; sanʔo,,,,,mawan,dalim,tike; kiti; kito; kitad,kinad; nedte; nike; kini; kayin,,me-sned,,ako,ike,iye,kite,ikim,ire,miya,gino,,,,,paʔono,dine; tene; bakan,,te-ʔese; ʔisa,derwe; doha,tatlo,apat,lima,anɨm,,,,poloʔ; napoloʔ,,,,
423,Inibaloi,16.4263,120.695,ibal1244,L. Ballard in Reid (1971),183.0,https://abvd.eva.mpg.de/austronesian/language.php?id=423,taḳday,ʔawidi,ḳawana,sɨdi,manʔaḳad,,,boliʔdi,mannangoy,ʔɨdagitan,tapoḳ,bɨdat,bɨnɨg,ʔɨkɨs,poḳɨl,sosot,ʔaltɨy,soso; pagiw,ʔabada,ʔamta,,taḳot,cala,toḳtoḳ,boḳdɨw,bowɨḳ,ʔɨdɨng,,manʔagob,bongot,sangi,cila,ngiʔngi,nangis,ʔota,ʔontopca,mangan (kan),mama,mancikcik; doto,ʔinom,kalat,sopsop,tangida,ḳidɨng,mata,ʔonʔan (ʔon),,maʔokip (ʔogip),,ḳaḳokip,ʔontongaw,ʔonalɨḳɨy,toʔo,daḳi,biʔi,ngaʔnga,ʔasɨbʷa,ʔasɨbʷa,ʔina,ʔama,balɨy,ʔatɨp,ngaran,ʔiḳowan,bʷanɨt,ʔisingɨd,caʔit,cakom,ʔanop,,baycɨk,,ḳibot,bono,ʔɨtɨy,,katɨl; kotkot,boḳboḳ,ḳiyɨw,,matɨcɨm (tarɨm),ʔɨngirɨl,manʔobda,mola,pispis,,,pɨspɨs,pɨngpɨng,ḳotḳot,tomkal,,bayo,ʔipɨg,maʔkas (ʔɨkas),ʔaso,titit,ʔiḳdog,polcos,payad,ʔontayab,ʔotot,,taba,ʔiḳol,ʔolɨg,donat,koto,ʔimoḳ,ḳaḳawa,paʔidɨng,ʔɨtoytoy,,bolong,damot,sabsabong,damɨs,,caga,bato,carat,canom,,baybay,ʔasin,,ḳadasan,tabɨn,bolan,talaw,ḳolpot,,ʔoran,ḳirol,bigidat,cagɨm,siʔboḳ,ʔimpitang,ʔɨngḳɨtit,ʔimagʔan; saʔpiy,nalbɨng (dɨbɨng),ʔɨmbɨlʔat,ʔapoy,poʔol,ʔasoḳ,ngaʔap,ʔɨtoling,ʔɨmpoti,ʔɨmbalɨnga,coyaw,ʔanɨng,ʔoʔotiḳ,ʔɨbadɨg,ʔisopok; ʔintikiy,ʔɨncoḳɨy,maʔingpis,mascɨl (sɨcɨl),ʔɨpit,ʔɨmbanaw,ʔɨnsaḳit,baʔing,caʔan; ʔidakay,bado,maptɨng,ngaʔaw,,ḳalɨbian,ʔakɨw,tawʔɨn,pigan,ʔɨmot,ḳalab,,,,naydoʔong,,,ʔɨsop,ʔarabʷi,towa,,,,,,,nganto,sipa,ʔɨcom,ʔɨmin,,nɨm,piga,ʔalibʷa,bilang,saḳɨy,cowa,tɨdo,ʔɨpat,dima,ʔɨnɨm,pito,bʷalo,siyɨm,sampolo,cowan polo,,dasos,dibo
248,Iraralay,20.77,121.85,ivat1242,Tsuchida et al. (1987),329.0,https://abvd.eva.mpg.de/austronesian/language.php?id=248,lima,wozi,wanan,ayi,alam; omalam,rarahan; vavatas,may,sara,awawat; miyawawat,,yibek,kolit,likod,velek,totowang,cinayi,atayi,soso,pisagatan; pakaw,peymo; patak,nakem; naknakem,wam; meywam; yohey; warangey; zow; meyzow,rala,wowo,zagaw,avok,momodan,ininawa; omininawa,hangno; mahangno,ngongoy; ngoso,ngepen; kamansasanga; asong,lila,miyeng; mamiyeng,lavi; omlavi,ota,,kan; koman,mama,rotong,inom,songit; songiten; sangbab; sangbaben,sepsep; sepsepan,talinga,amizeng,mata,,owab; miyowab; powa; mapowa,itkeh; mitkeh,apayo; mapayo; iray; miray,tateynep,toratod; tomratod,tanek; tomanek,tao,mehakey,mavakes,motdeh; anak,kahakey,kahavakes,ina,ama,vahey,atep,ngaran,,ovid,kedked; kedkeden,reyit; reyiten,rayem,anop; anopen,,tokozos; tokozosan,toki; tomoki; bakbak; ambakbak,takaw; manakaw,zakat; mazakat,zakat,viyey; maviey,kadkad; kadkaden,tengeh; tavaz; tebteb; cipas,,yangaw; aslang; abwak,tarem; matarem,ngaleh; mangaleh,,moha; mohaen,pili; piliyin,,yatek; omyatek,lipores,hadpet; mahadpet,kali; kaliyin,nginangina; nginanginahen,iwang; iwangan,asad; maysad,agsah; gsahan; aptad; iptad,agcin; gomcin,agsa,miyasasalap,icoy,,panid,salap; somalap,karam; manavoy,asisi,tava,ipos,voley,aowed; kavokovokot,koto,tamoneng,ahahawa,among,rokop; marokop,yangaw; sanga,vohong,yamot,savong,asi no kayo,tamek,tana,vato,anay,ranom,voyog; omvoyog,awa; matabeh,asin; hana,,kakayowan; kahasan,hanyit,vehan,mata no hanyit,cinalab,tahahaso; kepkep,cimoy,adey,cilat,sazawsaw; pagpag,viyot; naviyotan,annget; mannget,naebneb; manaebneb,abkaw; mabkaw; akjit; makjit,vasa; mavasa,rehmet; marehmet,apoy,asleb; asleben,awob,avo,vaheng; mavaheng,lavang; malavang; ilak; meylak,bazangbang; mabazangbang,,,alikey,rakoh,ayinged; mayinged,naro; manaro,taripis; mataripis,agsaz; magsaz; vahahey; mavahahey,ilid; meylid,ovong; mowvong; wazey; mawazey,ingen; meingen,asnek; masnek,rarakeh,vayo,piya; mapiya; cinman,rahet; marahet,noyong; manoyong; oyod,ahep; mahep,,awan,si mango; no kango,tayo; itayo,kalat; komalat,,sahad; isek,tingato; towos,irahem; tirahem,,,asngen; masngen,rayi; marayi,doajin; jino,,,,,,,ikongo,sino,,akano; kano,kano; akano; akani; akanira,ano si,pira,beken; ji,vilang; vilangan,asa,dowa; rarowa; adowa,atlo; tatlo,apat; papat,lima; lalima; alima,anem; nanem,pito; papito; apito,wawo; wawawo; awawo,siyam; sasiyam; asiyam,poo; angangalenan; sangangalenan,adongangalnan,,asa poo,asa zibo
1269,Iraya,13.381,120.65,iray1237,Barbian (1977),206.0,https://abvd.eva.mpg.de/austronesian/language.php?id=1269,dalukáp; arusán,kaliwâ,,,kadang,dalan,,,rangóy,mauring; parasí,galbók; rapok,balát,awak,buyón,butól,ponâ; taritis,piríngpiringan,dudo,abaya,,remrém; painuinu,magkalimu,dayà,bangkálas,leóy,ubók,uróng,,singhút,bibí,nipón,dila,arak'ák,magpanangís; magpamingás,sukà,,mamangán,tilad,atung; mangatung,,,,dalíg,dalíg; mandalíg,matá,kabanáw,ungáb,kalék,huwáy,damgú; taginóp,tugkáw,,,binata,daraga,ungâ,báe,lakí,adáng; andóy,apáng,baláy,bongbóng,ngaran,sabiún,ukét,gapus; egtán; igét,,,mangasao; mangidò,palkás; pantók,bun'ún,atamaan,takaw; nakawin,,nakatáy,,kagaw,,,lapà,,pudúl,buwát; magbuwát; panawun,tanóm,pili,,tubód,pugâ; rumóg,,kali; dugwáng,,bukás; buklát,agbayú,,natrág,idò; ayam,ibon,itlóg,,lagay,maglayangán,dadâ,,,ikóy,uláy,alukati,kayumad,tagnók,lawà,isdâ,bubók,salingsíng,daon,uyat; (dalit); wakat,butakan; busang,raog; boa,pasaw,paranawán; lupà,bató,,sapà,agbulús; lagnás,tiglayapan,asín,sanaw,kutanan,burahawan; langit,bulán,magiróm,bayaong,alinyabo,udán,dalugdóg; torongán,kirát,angin,,,madimlá,gangu,,biyat; buyát,bayâ; apoy,durók,loón; bambanus; bamboa,abuán,itúm; madlúm; rumrúm; alibagnús,malagtí,maranggâ; dangga; pulâ,madiláw,latóy,,dakà,ababâ,aba,manipís,,,masakláng; malapad,sakít,hiya; iyâ,gorang,bayó,mahal,daút,,madlom,aldaw,dagún,kaagod,,,,,,,tiyá; ti,nata; tida,,adayû,naán; saan,akó,kawu,iya,tamo kitá; yamun,kuyó,korá,,,ruma,,,kung,,dayô; nawúd,,saï,darwa,totlô,apat,limá,anúm,tô,walô,iyám,ampô,darwa ka ampô,,saigatós,
252,Isamorong,20.77,121.85,ivat1242,Tsuchida et al. (1987),322.0,https://abvd.eva.mpg.de/austronesian/language.php?id=252,tanoro,holi,wanan,padang,ayam; omayam,rarahan,may,acico; mangacico,awat; mayawat,rodit; lapos,ahbek,kodit,dicod,vedek,tohang,cinayi,atay,soso,pisagatan,sincad; panmo; icapatak,tokto; maytokto; nakem; naknakemen,amo; ma:mo,raya,oho,lagaw,vo:ok,momodan,inawa; ominawa,angot,vivi,nyipen; kamansasanga; so:ong,rida,iyak; mayiyak; miyeng; mamiyeng,tanyis; tomanyis,ota,,kan,mama; manmama,rotong; manotong,inom,sonyit; manonyit; sonyiten,sepsep; mangsepsep,tadinya,adngey; madngey,mata,voya; mavoya; ciban,owab; mowab,icih; mekaycih,rowag; marowarowag,tayainep,disna; domisna; toratod,tenek; tomenek,tao,mahakay,mavakes,motdeh; anak,kakovot a mahakay,kakovot a mavakes,ina; si:na; nana,ama; simama; mama,vahay,atep,ngaran,,hovid,kedked; kedkeren; adked; adkeren,rayit; manayit,rayem,volaw; mamolaw,,civot; civoten,solto; soltohen,takaw; manakaw,diman; lakat,diman,viyay; maviyay,kadkad; micakadkad,tongeh,,abhak; abhaken,tarem; matarem,ngareh; mangareh,,moha; maymoha,pidi; pidiyen,,latek; omlatek,banan; maybanan; pis; pisan,adpet; adpeten; dapet; manapet,kadi; kadiyen,sadiw; manadiw; sadiwen,iwang; iwangan,asad; asaden; mangsad,agsid; pagsiden,agtos; gomtos; asday; masday,cito,manomanok,occoy,,panyid,sayap; somayap,karam,asi; karni,tava; havo,vocivot,voday,ohed,koto,tamoneng,ha:wa,among,rokop; marokop; nahta,yangaw; sanga,vohong,yamot,savosavong,asi,tamek; dibo:bot,tana,vato,anay,ranom,oyog; moyog,ta:wo,asin,,kahasan,hanyit,vohan,vitohen,demdem,kahehep,cimoy,adey,cidat,salawsaw,viyot; mamiyot; alop; alopan,annget; mannget,a'hen; ma'hen; hanebneb; ma-; rokmeh,abkoh; mabkoh; akjit; makjit,vasa; mavasa,rahmet; marahmet,apoy,salav; salaven; paso; pasohen,ahob,avo,vaheng; mavaheng,yidak; mayidak,vaya; mavaya,sohaw; masohaw,a:rem; ma:rem,de:key,rakoh,aynyed; maynyed,naro; manaro,taripis; mataripis,tokpo:ok; matokpo:ok,idid; maidid,ovong; maovong,inyen; mainyen; ganyit; maganyit,asnek; masnek,alkem; malkem,vayo,piya,rahet; marahet,hosto; yanong; kosto; oyod; kakaoyoran,misarisari,ma:raw,awan,anma:ngo; kaango,tayo; tayohen; tomayo,kayat; komayat,,sahad,tohos,kagci:in,,,asngen; masngen,rayi; marayi,jino,,,,,,,ango,sino,,kan; kano; kani,kan; kano; kani,an,papira,engga; ongga; omba; ava,vidang; mayvidavidang,asa,dadwa,tatdo,apat,dadima,a:nem,papito,wawaho,sasiyam,asa poh,roapoh,,sayatos,mil
1463,Isinay (Dupax),16.3299,121.12,isin1239,Sarah Eve Perlawan,249.0,https://abvd.eva.mpg.de/austronesian/language.php?id=1463,lima,ihir,wawan,si-i,manlaar,deyan,dumatong,ibaleng,man-iyat,maleta; nariddi-a,bunuvun; depu,katat,oroj,putu,tueng,bitu-a,etoy,susu,abeya,amton,man-esep; esepon,tumaut,deya,iyu,tongor,bû,eyong,manlong-ah,mantepa,taaw,bava; bawa,dila,mantatawa,man-ivil,man-uta,manluppa,mangan,ngot-ngoton,manlutu,inumon; man-inum,eyaton,supsupon,tangila,mandongnge; dongngeyon,mata,tetteyan,uwav,meyô,umboh,na-in-inop,manme-ong,tumâdoh,tahu,le-i,bavayi,anâ,asawa; lahay,bi-al; nambeyoy,ina,ama,beyoy,atop,ngaron,ivaha,pagur,ipagur; bobboran,uhutan; manguhut,tanur,man-anup,barilom,dôdoon,ônon; mangna,mangeraw,mamatoy,matoy,navilay,gûgusan,putuwon,woywoy,manbewa,matarom,doldol; ngolngol,mantalavaho,tanom,piliyon; talenan,pa-ammaiyon,lumdur,pokson,onnan,bangbangon,saliwon; mansaliw,lu-atan; manlu-at,bôbô,ibbong; ibalive,matâduh; mapâpus,asu,mantetteyav,itluh,bû,teyav; tayav,tumeyav,gandaw,laman (nittu),tava,iput,iraw,bangbangawan; kolang,utu,imû,aawwa,i-an,naviyû,panga,tuvu; dawun,lamot,savung,bunga,botlong,piyô,batu,pitô,danum,man-ayus,dagat,asin,banaw,eyas; guvas; nappu; gitaw; pangayuwan,uddu,buwen,bittuwon; matutina,libbu,libbu,uran,uru,ilat,dahom,mandahom; manluwah,matung,tungnin,namahan,nâpot,maram-ot,apuy,man-apuy; mâgov,asû,depu,mangôngot,mapuraw,mandiritô,duyaw,berde,man-oh; man-okkê,amma-i,man-oh; apti-oy; aptiyô; unano,andu-oy,meyapit,mâpe,marin maawah; topet,maawah,sa-it,mavayin,damdama,beyu,mavves,madahet; mardah,sosto,lavi,ehaw (soy-ang),taw-on,on-an,i-ap-ap,eyavon,siri,deyom,uddu,deya,satu,sariyu; sane; sina,as-asup,addawi,dattu; dattut tu,saon,si-a,siya,dâmi; daami,daayu,dira,andiye,siran,urum,lom-an,on,nu,innunar,mari,man-eyap,osa,duwa,tiyu,opat,limá,onom,pitu,weyu,siyam,simpiyu,duwampiyu,limampiyu,osan lasus; sinlasus,osan livu; sinlivu
424,"Isneg, Dibagat-Kabugao-Isneg",18.2139,121.16,isna1241,G.R. Roe in Reid (1971),186.0,https://abvd.eva.mpg.de/austronesian/language.php?id=424,ʔi:ma,kasi:gid,diwana:n,bingil,manalen (da:len),dadalenan; panalenan,ùmbet,magligut,manalug (talug),naduping,ta:puʔ,lublub,ʔaddag,sinay,tula:ng,sinay,ʔagtay,ga:tat; gu:tuʔ,ʔaba:ga,ʔammu,,masing (ʔansing),da:ga,ʔu:lu,buʔlaw,ʔabuʔ,ʔigung,,laban (ʔala:b),bugung,ngi:pan,di:la,maggagalaʔ,suma:ngit,ʔota,maglu:ta:b,manga:n (ka:n),mama,gumuruʔ; mamotun (potun),ʔuminum,kumaga:t,sumupsop,tali:nga,,mata,masingan,,matu:dug,,tagenap,magtugaw,magsi:ka:d,tolay,lala:ki,babay,ʔanʔanaʔ,ʔata:wa,ʔata:wa,ʔina,ʔama,balay,ʔatap,nga:gan,ʔikagi,tali,siluwa:n (si:lu),dagetan,da:gum,manganup,,bumagkung,,magta:kaw,patayan,natay,,katal; magkudkud,mamaldit,ka:yu,,natadam,nakaʔdul,magkuwa,magmu:la,magpi:li,,,murtan (murat),ʔimʔimma:n,magkubkob,guma:tang,,magba:yu,ʔibangat,metaʔna:g,ʔa:tu,ʔanʔanuʔ,ʔiʔlug,lawi,paya:ʔ,kuma:yab,butit,,taba,ʔi:put,ʔidaw,ʔaluki,ku:tu,ʔagukup,sawsawilla,sissida,nalpan (lappang),,ʔadon,gamut,bu:taʔ,bu:nga,,lusaʔ,batu,ginat,danum,,bebay,ʔasin,pisung,sira:t,la:ngit,bu:la:n,bittuwan,ʔalu:yut,,ʔuda:n,ʔaddug,salʔit,ba:li,su:pan (sup),napa:su,nasana:ng,namaga; ʔibila:g,nadsam (dassam),nadammat,ʔapuy,siʔdu:gan,ʔatuʔ,ʔabu,nangi:sit,pusa:ʔ,dagga:ng,nangila (ngila),manna:w,bittiʔ,ʔabay,ʔabibbaʔ,ʔadaddu,ningpit (ʔingpit),naʔnag (tannag),bittiʔ,nalawa:g,takit,maliyaw (ʔaliyaw),dada:n; laʔlakay,bagu,napiya,nadakeʔ,,gabi,ʔalgaw,dagun,nungay,ʔisiruʔ,ʔumuneʔ,,,,taggad,,,ʔadanni,ʔadayyu,waʔ,,,,,,,na:gan,ʔiʔin,saballi,nga:min,,nu,piga,ʔakkan,magbi:la:ng,ʔisa,duwa,tallu,ʔappa:t,limma,ʔannam,pittu,walu,siya:m,sangapu:lu,duwa pu:lu,,gatut,ri:bu
678,Itawis,17.7329,121.58,itaw1240,Tharp & Natividad (1976),229.0,https://abvd.eva.mpg.de/austronesian/language.php?id=678,íma,himigí,hiwanán,táka,manálan,dálan,umáng,malléku,mattafúg,hinapíng,gahúk,gaddáng,likúd,futún,tuláng,bitúka,agál,súsu; gátat,abáha,ámmu; ammwán,mappanónot,tálaw,dahá,úlu,tangngád,ahúk,íyung,mangá:ngat,maddágu,simúk,ngípan,híla; zíla,maggalák,mattángit; malluá,utá,mallúsab,mangán,mangngángat,mallútu,inúm,makkassig,massúnsup,daránggang,maggína,matá,massíngan,mówab; mangawáwag,makkatúrug,médda,mattaténup,mattúttud,manádag; mattádag,tólay,laláki,babáy,ának,atáwa,atáwa,iná,amá,baláy,atáp,náhan,makkahí,gálut,maggálut,maddahét,dáhum,manganúp,mattíra,maddúdug,kanná,makkókot,mamatáy,matáy,matólay,makkábbang,makkáttab,tuddúng,maggaddwá,natarám,nanagurál,mattrabáhu,mammúla,mappíli,mattúhu; dumakal,mallattág,mappirít,támmit,mahukáy,manggátang,mamúkat; mavvúkat,mabbáyu,mabbarád,matánag,átu,mammánuk,ílug,dudút,páyak,makkáyab,balakád,kárne,tabá,ífut,hírian,alípat,kútu,ílak,taggalawa,dílis; manangat,nalabbág,pangá,don,gamút,láppaw,húnga; vúnga,kaddat,lusák,batú,ginát,danúm,,bébay,asín,kavan,gúbat,lángit,húlan; vúlan,bíttwan,kunám,afafuk,urán,addúg,kilikilát,ángin,mallazzób,maddadáng,nalammín,mahá,nabasá,nadámmat,afí,massídug,atúk,ahú,ngísit,fúraw,raggáng,ngilá,byérde,bissáng,dakál,abábba,anaddú,némpit,nakannág,atazít,nakába,matakít,mappasiran; napasiránan,lálakay,bahú,napyá,narákat,kurúg,gabí,álgaw,dahún,sonu inya,massussuk,makkaláy,kang,unág,útun,gukáb,yaw,yan; nay,aranní,arayyú,kánna be; dyanna,yákan,ikáw,iggína,ikamí; ittéra,ikayú,irá,hánna,innyá,kárwan,ngammín,en,nu,kunnasí; manyá; minyá,awán,mabbílang,isá,dua,tállu,appát,limá,annám,pitú,walú,syam,mafúlu,baínte; duwafulu,singkwénta; limafulu,mátut,maríhu
978,Itawis,17.7329,121.58,itaw1240,Norman Barrias,194.0,https://abvd.eva.mpg.de/austronesian/language.php?id=978,ima,zimigi,ziwanan,taka,manalan,dalan,umang (mumang),malleku,mattaffug,nadaping,gahuk,gaddang,likud,sinay,tulang,biyuka,agal,susu,abaha,mammuan (ammuan),mapanonot,mattalaw,daha,ulu,tangngad,ahuk,iyung,manga,maddagu,simuk,ngipan,zila,maggalak,mattangit,mauta (mota0,mallusab,mangan,mangngangat,mallutu,minum,makkassib,massussup,darangganng,maggina,mata,massingan,mowab,makkaturug,medda,mattatenap,manuttud,manadag,tolay,lalaki,babay,abbing,atawa,atawa,ina,ama,balai,atap,ngahan,makkahi,galut,igalut,maddahet,dagum,manganup,,madduddug,,makkokot,,,matolay,makkabbang,makkattab,kayu,maggadwa,nataram,,mattrabahu,mammula,mappili,mattuhu,mallattag,,mattammit,,maggatang,mav-vukat,mabbayu,mabbarad,matanag,atu,mammanuk,ilug,dudut,payak,makkayab,balakad,karne,taba,ifut,zirrian,alipat,kutu,ilak,taggalawa,isira danum,nalabbag,panga,don,gamut,lappaw,vunga,kaddat,lisak,batu,ginat,danum,,babbay,asin,kayan,gubat,langit,vulan,,,,oran,,kilikilat,angin,,napato,nalammin,,nabasa,nadammat,afi,nasidug,,ahu,ngisit,furaw,raggang,ngila,vyerde,bissang,dakal,,apiddu,naniwang,,atazzit,,natakit,pasiran; mappasiran,lalakay,bahu,napya,narakat,kurug,gabi,algaw,rahun,sonu innya,massussuk,makkalantay (ladder) makkalay (mountain),kan,unag (inside),utun,gukab,yaw,yan,aranni,arayyu,be dyan na,yakan,kayo,iggina,ittera,ikayu,iggira,hanna,innya,,ngammin,aren,nu,kunnasi,awan; mari,mabbilang,isa,duwa,tallu,appat,lima,annam,pitu,walu,syam,mafulu,dua fulu,lima fulu,isa matut,isa rihu; isa rivu
249,Itbayat,20.77,121.85,ivat1242,Tsuchida et al. (1987),393.0,https://abvd.eva.mpg.de/austronesian/language.php?id=249,lima,gori,wanan,ayi,hayam; homayam,raxan; raraxan,ayi; mayi; ayan,tico; omtico,awat; miawat,rapos; xotek; saypet,axbek,kolit,licod,volek,to'xang,tinayi,atay,soso,psagatan; pakox,panmo; ica'panmo; patak; ica'patak,akto; mangtokto,ha'mo; maha'mo,raya,oxo,ragaw,vohok,mohdan,hinawa; omhinawa,hangot; manhangot,vivih; ngoso,nyipen; kamansasanga; soong; xo'mek; ipangxo'mek,rila,ahnyit; homnyit,tanyis; tomanyis; vaxo; mivaxo,ota; omota; i'ota,,kan; koman,mama; mamaen; manmama,xoto; xotoen,inom; ominom; inomen,sonyit; sonyiten,sepsep; sepsepan; sepsepen,talinya,adngey; madngey,mata,atta; matta,ahwab; homwab,hicex; makahicex,hipa; homipa; omhipa,taynep,atnek; matnek,ta'nek; mitta'nek,tawo,maxakay,mavakes,motdex; anak,xakay; maysa,maysa; vakes,ina; naana; mama,ama; taata; papa,vaxay,atep,ngaran,,xovid,kedked; icedked; oxay; oxayan; atked; atkeren; a'war; mapa'war,rayit; reyiten,rayem,anop; manganop; anopen,,vono; vonoen; torok; toroken; saksak; saksaken,sonto; sontoen; bogbog; bogbogen,takaw; manakaw; takawen,lipet; lipetan,liman; maliman,vihay; mavihay,kadkad; kadkaren,tongex; tavar; tebteb; ti'pas; cipas; sasah; atba; poget,,axbak,tarem; matarem,ngarex; mangarex,,moxa; mimoxa,pili; mamili; pilien,,yatek; omyatek,piis; piisan; pitos; pitosen; pitosan; yames; yamsen,adpet; omadpet; dapet; manapet,kali; kalien,saliw; manaliw; saliwen,ihwang; ihwangan; manyihwang,a'sad; mangsad; a'saren,adsil; adsilen; aptad; aptaran,a'nas; ma'nas,tito,kangkang,ittiiyoy,,panid,sayap; somayap,karam,a'si; karni,tava; xavoh,ipos,volay,oxed,tomah; koto,hamorok,axawa; axaawa; axxaawa,among,rokop; marokop,yangaw; sanga,voxong,yamot,savong,a'si,vocivok; tamek,tana,vato,a'nay,ranom,oyog; omoyog; voyog; omvoyog; moyog; ommoyog,hawa,asin,,axas; kaaxasan; kayoh; kakkayohan,xanyit,voxan,vitoen,remdem,kaxepkep,timoy,raagorog,cilat,sarasaw,vohit; vohitan; viot; omviot,hinannget; mahinannget,ahxen; mahxen,abkox; mabkox,vasa; mavasa,raxmet; maraxmet,hapoy,varbar; navarbar; vesbes; vesbesan; asleb; manlesleb,a'xob,avo,vaeng; mavaeng; vaweng; mavaweng,hilak; mahilak,vayah; mavayah,yoxama; mayoxama,harem; maharem; birdi,alekey; aleket,rakox,hanaynyed; mahanaynyed,anaro,taripis; mataripis,tokpox; matokpox,hilid; mahilid; sopit; masopit,yavong; mayavong; raxawa; maraxawa; a'way; ma'way,hinyen; mahinyen; ganit; maganit,asnek; masnek,arkem; markem,va'yo,pia; piya; mapia; mapiya,raet; maraet; rawet; marawet,anong; mianong; sonong; misonong; oyod; sivog,a'xep,araw; a''aaraw,hawan; hawaan,annongoh; angkaangoh,tayo; tomayo; tayoen,kayat; komayat,,saxad; isek; asked,toxos; karat; a'tolem; om'a'tolem,hiraxem,,,asngen; masngen,harawi; maharawi,ha'dinoh; dinoh,,,,,,,akoh,sinoh,,kano; kani; kanira,kano; kani,an,pirah,engga; enggang; ah; alih; di,vilang; vilangan,a'sa,doha,atlo,a'pat,lima,a'nem,pito,waxo,siyam,poxo,bayinti; doha a poxo; roa a poxo,,yatos; omyatos,rivo; homrivo
157,Itbayaten,20.77,121.85,ivat1242,Lawrence A. Reid,216.0,https://abvd.eva.mpg.de/austronesian/language.php?id=157,limaʔ,guriʔ,wanan,ʔayiʔ,humayam,raraxan,ayan,masugɨd,miawat,marulit a riday,ʔaǥbɨk; kuǥbɨk,kulit,licud,vulɨk,tuʔǥaŋ,tinayiʔ,ʔatay,rahdah,psagatan,icha'panmu,maŋ-tuktu,mahaʔmuʔ,rayaʔ,ʔuǥuʔ,ragaw,vuhuk,muhdan,hinawa,haŋutɨn,vivih,ñipɨn,rilaʔ,humñit,tumañis,ʔumʔutaʔ; ʔumutaʔ,mittiipah,kuman,ŋetŋet,manuʔtuŋ,ʔuminum,suñitɨn,sɨpsɨpɨn,tilwan,manʔadŋɨy,mataʔ,tiiban,ahwab,makahicɨǥ,akxeb,taynɨp,matnɨk,mittaʔnɨk,tawuʔ,maǥakay,mavakɨs,ʔanak,maysa maǥakay,maysa mavakɨs,ʔinaʔ,ʔamaʔ,vaǥay,ʔatɨp,ŋaran,vatahɨn,pnuspus,ʔicɨdkɨd; ʔiʔwar,manʔaǥnɨb,rayɨm,maŋǥaaǥap,paltog; pana,vunuɨn,bogbog,manakaw,manlipɨt,naliman,ma-vihay,karamuhɨn,tabtab-an; taga-en,kayuh,vaka-en; man-'aslah,matarɨm,maŋarɨǥ,miparipariñ,mimuǥaʔ,mamiliʔ,t-um-uvu,bookol,yamɨsɨn; yamsɨn,kɨmkɨmɨn,micaliʔ,manaliw,vokxad,maŋsad,paptadɨn; manʔaptad,maʔnas,tituʔ,kaŋkaŋ,ʔittiiyuy,vuǥbuǥ,panid,sumayap,karam,a'si,tavaʔ,ʔipus,vulay,ʔalwatiʔ,kutuʔ,hamuruk,ʔaǥǥaawaʔ,ʔamuŋ,maǥtaʔ,saŋa,vuǥuŋ,yamut,savuŋ,ʔaʔsiʔ,vochivok,tanaʔ; ǥutaʔ,vatuʔ,ʔaʔnay,ranum,um-uyug,hawaʔ,ʔasin,[liik],kakkayuhan; ka-axas-an,ǥanit; karɨmdɨman,vuǥan,vituin,rimdim,kaxepkep,timuy,raagurug,cilat,sarawsaw,vuhitan,makuǥat,marukmiǥ,mabkuǥ,mavasaʔ,maraǥmɨt,hapuy,suǥsuǥan,ʔaʔǥub,ʔavuʔ,mavaɨŋ,mahilak,mavayah,mayuǥamaʔ,birdiʔ,ʔalɨkɨt; ʔalɨkɨy,rakuǥ,masidsid,ʔanaruʔ,mataripis,matukpuǥ,mahilid,mayavuŋ,hiñnɨn,masnɨk,markɨm,vaʔyuʔ,mapiaʔ,maraɨt,uyud,ʔaʔǥɨp,ʔaraw,hawan,ʔaŋkaaŋuh; ʔannuŋuh,ʔumtayuʔ,kayatɨn,do,asked,niʔto,ʔaǥbuʔ,niyaʔ,nawiʔ,masŋɨn,harawiʔ,dinuh; rinuh,yakɨn,ʔimuʔ,ʔiiyaʔ,yatɨn; yamɨn,ʔimiiyuʔ,siraʔ,ʔakuh,sinuh,tarɨk,tattavuh,ka|n[i]; ka|n[u],ʔan,koŋoh,ʔalih,mivilavilaŋ,ʔaʔsaʔ,duhaʔ,ʔatluʔ,ʔaʔpat,,,,,,,,,,
425,Itbayaten,20.77,121.85,ivat1242,Y. Yamada in Reid (1971),183.0,https://abvd.eva.mpg.de/austronesian/language.php?id=425,limaʔ,guriʔ,wanan,ʔayiʔ,humayam,,,masuǥɨd,miawat,marulit a riday,ʔaǥbɨk,kulit,licud,vulɨk,tuʔǥang,tinayiʔ,ʔatay,rahdah,psagatan,masiñcad,,mahaʔmuʔ,rayaʔ,ʔuǥuʔ,ragaw,vuhuk,muhdan,,hangutɨn,vivih,ñipin,rilaʔ,humñit,tumañis,ʔumʔutaʔ,mittiipah,kuman,mamain,kumbuar; manuʔtung,ʔuminum,suñitin,sɨpsɨpɨn,tilwan,manʔadngɨy,mataʔ,tiiban,,makahicɨg,,taynɨp,matnɨk,mittaʔnɨk,tawuʔ,maǥakay,mavakɨs,ʔanak,maysa maǥakay,maysa mavakɨs,ʔinaʔ,ʔamaʔ,vaǥay,ʔatɨp,ngaran,vatahɨn,pnuspus,ʔicɨdkɨd,manʔaǥnɨb,rayɨm,manǥǥaagap,,vunuɨn,,manakaw,manlipɨt,naliman,,katɨg; karamuhɨn,gɨtgɨtɨn,kayuy,,matarɨm,manǥarɨǥ,miparipariñ,mimuǥaʔ,mamiliʔ,,,yamɨsɨn,kɨmkɨmɨn,micaliʔ,manaliw,,mangsad su paray,paptadɨn,maʔnas,tituʔ,kangkang,ʔittiiyuy,vuǥbuǥ,panid,sumayap,karam,,tavaʔ,ʔipus,vulay,ʔalwatiʔ,kutuʔ,hamuruk,ʔaǥǥaawaʔ,ʔamung,magtaʔ,,vuǥung,yamut,savung,ʔaʔsiʔ,,tanaʔ,vatuʔ,ʔaʔnay,ranum,,hawaʔ,ʔasin,,kakkayuhan,ǥanit,vuǥan,vituɨn,rɨmdɨm,,timuy,raagurug,cilat,sarawsaw,vuhitan,makugat,marukmɨg,mabkug; rakayan,mavasaʔ,maraǥmɨt,hapuy,suǥsuǥan,ʔaʔǥub,ʔavuʔ,mavaɨng,mahilak,mavayah,mayuǥamaʔ,birdiʔ,ʔalɨkɨt,rakuǥ,masidsid; hanaynid,ʔanaruʔ,mataripis,matukpuǥ,mahilid,mayavung,hiñnɨn,masnɨk,mayaʔdan; markim,vaʔyuʔ,mapiaʔ,maraɨt,,ʔaʔǥɨp,ʔaraw,hawan,ʔangkaanguh,ʔumtayuʔ,kayatɨn,,,,ʔagbuʔ,,,masngɨn,harawiʔ,dinuh,,,,,,,ʔakuh,sinuh,tarɨk,tattavuh,,ʔan,pirah,ʔalih,mivilavilang,ʔaʔsaʔ,duhaʔ,ʔatluʔ,ʔaʔpat,limaʔ,ʔaʔnɨm,pituʔ,waǥuʔ,siam,saapuǥuʔ,duhapuǥuʔ,,ʔumyatus,ʔumrivuʔ
426,"Itneg, Binongan",17.5972,120.876,bino1237,C. Walton in Reid (1971),181.0,https://abvd.eva.mpg.de/austronesian/language.php?id=426,'ʔima,katti'git,diwa'nan,'saka,ma'nan,,,pos'pos,'langoy,na'ʔisaw,'tapok,kop'sit,bɨn'nɨg,'bosog,tol'ʔang,'bagis,ʔag'tɨy,'soso; ba'lokong,ʔa'balla,tatta'wi,,maʔa'mɨs,'dala,'ʔolo,'liyɨg,'boʔok,ʔɨ'ngɨl,,mas'ʔɨp (sɨ'ʔɨp),ʔo'wab,'ngipin,'dila,ma'ʔamang,mag'sangit,'ʔota,magtop'pa,ma'ngan (kan),mo'ma,lollo'wag; mag'ʔoto,ʔomi'nom,'kosab,mol'mol,'ʔinga,ma'naʔag,ʔa'ta,ma'sɨngan (sɨng),,ma'soyɨp,,ʔi'nɨp,magto'gaw,so'mikad,'taʔo,la'laki,ba'baʔi,ʔa'nak,ʔa'sawa,ʔa'sawa,'ʔina,'ʔama,ba'bay,ʔa'tɨp,'ngalan,go'minga,ta'li,ba'ʔod,mag'daʔit,'dagom,goma'nɨb,,bag'kong,,mag'takaw,poma'tay,na'tay,,nagat'tɨl; kod'kod,'ʔiwa,'kayo,,nata'dɨm,nagat'dol,magtala'bako,mag'mowa,'pili,,,pɨg'sɨn (pɨ'gɨs),pɨtpɨ'tan,magʔa'bot,ngo'mina,,mag'bayo,ʔiba'to,maʔɨt'dag,'ʔaso,pillo'ka,'ʔiplog,la'wi,'payak,to'mayap,'moton,,ta'big,'ʔipos,'ʔowɨg,ʔɨ'gɨs,'koto,'ʔilɨk,ʔalalla'wa,la'mɨs,malɨp'sa,,'tobo,la'mot,sab'sabong,'bonga,,'pita,ba'to,lag'ʔan,da'nom,,bay'bay,ʔa'sin,,gi'nobat,'langit,'bolan,bi'towɨn,li'boʔo,,dɨ'gɨs,ki'doʔol,sil'ʔit,dob'dob,sap'ʔoy,na'podot,nala'min,nama'ga; mabi'lag,naba'sa,nadag'sɨn,'ʔapoy,mapo'ʔolan,ʔa'sok,da'po,na'ngisit,'polaw,nadɨ'kɨt,ʔama'lilyo,na'ʔata,ʔit'tok,'liwan,pan'dɨk; ʔabbo'bit,ʔan'do,naʔing'pis,napos'kol,nasi'dit,ʔabi'lad,'sigab,naba'ʔin,nada'ʔan; ba'kɨs,,,na'ʔisiw,,la'bi,'wakas,ta'wɨn,no ʔa'no,maglɨ'mɨng,'kalab,,,,'kanta ʔo'nɨg,,,ʔada'ni,ʔada'yo,di ʔa'no,,,,,,,ʔa'no,si ʔa'no,'ʔodom,ʔa'min,,no,ma'no,bɨ'kɨn,ma'bilang,ʔis'sa,do'wa,ta'lo,ʔo'pat,li'ma,ʔɨ'nɨm,pi'to,wa'lo,si'yam,sanga'polo,do'wa 'polo,,sangaga'sot,'libo
251,Ivasay,20.77,121.85,ivat1242,Tsuchida et al. (1987),316.0,https://abvd.eva.mpg.de/austronesian/language.php?id=251,tanoro,holi,wanan,kokod; padang,ayam; omayan,rahan; rarahan,mangay,tico; tomico,awat; mayawat,lapos; rodit; saypet; ropitek; maynavan,ahbek,kodit,dicod,vodek,tohang,tinayi,atay,soso,pakoh,panmo; maapanmo; patak; ica'patak,akto; mangtokto,a'mo; ma'mo,raya,oho,lagaw,vook,mohed; maymomohed,inawa; ominawa,angot; mangangot,vivi,nyipen; kamansasanga; soong,rida,a'yak; ma'yak,tanyis; tomanyis,ota; omota,,kan; koman,mama; manmama,ro'tong; mano'tong,inom; ominom,sonyit; sonyiten,sepsep; sepsepan,tadinya,adngey; madngey,mata,tiib; tiiban,awab; omwab,iceh; makayceh,govat; magovagovat; harag; maharaharag,tayenep,disna; maydisna,tetnek; maytetnek,tawo,mahakay,mavakes,metdeh; anak,kakovot a mahakay,kakovot a mavakes,ina,ama,vahay,atep,ngaran,,hovid,kedked; pakedkeren,rayit; rayten; axneb; axneben,dayem,volaw; pamolawen,,vono; vonohen; gayang; gayangen,sonto; manonto,takaw; takawen,diman; dimanen,diman; madiman,viay; maviay,kadkad; maycadkad; kadkaren,tongeh; tonghen,,asda; mandasda,tarem; matarem,ngareh; mangareh,,moha; maymoha,pidi; pidien,,latek; omlatek,pisipis; pisipisen,dapet; manapet,kadi; kadien,sadiew; manadiew,iwang; iwangan,asad; mangsad,agcid; agciden,agtos; magagtos,cito,manomanok,ottioy,,panyid; papanyid,sayap; somayap,karam,asi; karni,tava; havo,ipos,voday,ohed,,,,among,rokop; marokop,yangaw; sanga,vohong,yamot,savong,asi,dibobot; tamek,tana,bato,anay,danom,oyog; omoyog,taaw,asin,,kahasan; kaahasan,hanyit,vohan,vitohen,demdem,kahephep,timoy,adey,cidat,salawsaw,alop; alopan,inannget; maynannget,hanebneb; ma-; a'hen; ma'hen,abkoh; mabkoh,vasa; mavasa,rahmet; marahmet,apoy,balbal; nabalbal,ahob,avo,vaheng; mavaheng,idak; maydak,vaya; mavaya,manyohama; masohaw a manyohama,arem; maarem,deekay,rakoh,aynyed; maynyed,anaro; maanaro,taripis; mataripis,tokpoh; matokpoh,idid; maidid,ovong; maovong,inyen; maynyen; ganit; maganit,asnek; masnek,alkem; malkem,vayo,pia; mapia,rahet; marahet,mayanong; hosto; oyod,ma'hep,araw; maaraw,awaan,anmaango; kaango,tayo; itayo,kayat; komayat,,saxad; isek; asked,tohos; ato; kaycaatoan; todem; tomodem,agtin; kagtin; irahem,,,asngen; maasngen,arayi; maarayi,dino,,,,,,,ango,sino,,kano,kano; kani,,pira,omba; ongga,vidang; vidangan,asa,dadwa,tatdo,a'pat; apat,dima,anem,pito,waho,siam,asaapoho,rowaapoho,,asaayatos; omyatos,asaalivo; omlivo
427,"Ivatan, Basco Dialect",20.77,121.85,ivat1242,"M. Cottle, V. Larson & L. A. Reid in Reid (1971)",185.0,https://abvd.eva.mpg.de/austronesian/language.php?id=427,tanoroʔ,holiʔ,wanan,padang,ʔomayam,rarahan,,masohɨd,mayawat,marodit a lamit,ʔahbɨk,kodit,dicod,vodɨk,toʔhang,tinaiʔ,ʔatay,sosoʔ; kalangaangan,pakoh,masincad,,maʔmoʔ,rayaʔ,ʔohoʔ,lagaw,book,ʔaraavaʔ,,maangot,viviʔ,nipin,ridaʔ,maʔyak,tomañis,ʔomotaʔ,tiipaan,koman,mamahin,komboal; manoʔtong,ʔominom,manoñit,sɨpsɨpan,tadiñaʔ,gadngɨyɨn,mataʔ,mavoyaʔ,,makaycɨh,,tayanɨp,maydisnaʔ,tomnɨk,taoʔ,mahakay,mavakɨs,motdɨh,kakovot,kakavotœ,ʔinaʔ,ʔamaʔ,vahay,ʔatɨp,ngaran,vatahɨn,pinospos,ʔitanan,manghɨnɨb,dayɨm,mamolaw,,vonohɨn,,takawɨn,dimanɨn,nadiman,,makatɨh; kadkarɨn,haripɨn,kayoʔ,,matarɨm,mangarɨh,maytarabaho,maymohaʔ,mamidiʔ,tumovu,,lamsɨn,pondanan,maycadiʔ,manadiw,,naʔsad,pagcidɨn,malbaʔ,citoʔ,manomanok,ʔotioy,booboh,panid,somayap,karam,,ʔiapay,ʔipos,voday,ʔohɨd,kotoʔ,tamonɨng,hahawaʔ,ʔamong,nahtaʔ,,vohong,yamot,savosavong,ʔasiʔ,,tanaʔ,batoʔ,ʔaʔnay,danom,,taaw,ʔasin,,kakayoan,hañit,vohan,vɨtohɨn,dɨmdɨm,,timoy,ʔadɨy,cidat,salawsaw,ʔalopan,makohat,mahanɨbnɨb,makolay; rakay,mavasaʔ,marahmɨt,ʔapoy,mabalbal,ʔahob,ʔavoʔ,mavahɨng,maydak,mavayaʔ,maniohamaʔ,maarɨm,dɨɨkɨy,rakoh,mavodia; maynid,maanaroʔ,mataripis,matokpoh,maydiid,maovong,mayñɨn,masnɨk,ʔadaan; malkim,vaʔyoʔ,mapiaʔ,marahɨt,,maʔhɨp,ʔaraw,ʔawaan,maangoʔ,tomayoʔ,komayat,,,,ʔahboʔ,,,maasngɨn,maraiʔ,dinoʔ,,,,,,,ʔangoʔ,sinoʔ,dayay,ʔataavoʔ,,ʔan,piraʔ,ʔavaʔ,vidangan,ʔaasaʔ,dadoaʔ,tatdoʔ,ʔapat,limaʔ,ʔaanɨm,papitoʔ,wawahoʔ,siam,ʔaasa pohoʔ,dadoa pohoʔ,,ʔasa yatos,ʔomlivoʔ
934,"Kadazan Dusun of Taginambur, Kota Belud, Sabah, Malaysia",6.14235,117.176,sugu1243,Stemmah Sariau,218.0,https://abvd.eva.mpg.de/austronesian/language.php?id=934,longon,gibang,wanan,gakod; lapap,mamanau,ralan,rumikot,kumilong,kumaau,oromos,soliohuk,kulit,likud,tiyan,tulang,tinai',tundu-undu',susu,lihawa,oilo,momusorou,moddosi,raha',tulu,liou,tobuk,todung,momuhobo,moningud,kabang,nipon,dila',mongirak,mihad,mongilob,momodula',makan,momonguyom; moginggat,mogonsok,minum,mongokot,monosop,tolingo,mokinongou,mato,montong,monguwab,modop,lumii,mongipi,mirikau,mingkakat,tulun,kusai,tondu',tanak,sawo,sawo,tina'; tama',tapa'; tama',walai,taap,ngaran,momoros,rolu,mongogos,monombir,dalat,magasu,mamana',monobok,momobog,manakau,mamatai,matai,poimpasi,mongukut,managad,kayu,mamalapak,atarom,noinggaralan,mindahu',mananom,momili',poposuni,lumonit,mamaga',mongonggom,mongukad,momoli,mongukab,monutu,pataam,lumoho,tasu,tombolog,tontolu',hulu,talad,tumulud,tikus,tonsi,lunok,tikiu,tulanut,tonggiluwang,kutu,nondui,korut,sada',napasa',raan,roun,gamut,tusak,tuwa',sakot,tana',watu,togis,waig,lumuyung,rahat,silawon,botung dot agayo,gouton; puru',tawan,tulan,rombituwon,hawun,hawun,rasam,tinggoron,kodumaat,tongus,monowogi',alasu',osogit,otuu,oyopos,awagat,tapui,monutud,lisun,tawu,oitom,opurak,aragang,osilou,otomou,okoro',agayo,osiriba',anaru,atandai,akapal,okikip,alaab,orualan,otingayaman,molohing,wagu,osonong,araat,otopot,totuwong,tadau,toun,soira',lumisok,mindakoi; tumakad,hilo id,id suang,id sawat,id siriba',iti,ilo',id somok,id sodu',honggo,iyoho',iya',iyau,iyati'; iyahai,iyokoyu,iyolo',nunu,isai,suwai,koinsanai,om,ondung,poingkuro,okon; amu',mongintob,iso',duwo,tolu,apat,limo,onom,turu',walu',siyam,hopod,duwo nohopod,limo nohopod,hatus,soribu
860,Kagayanen,10.4656,119.872,kaga1256,"Multiple contributors from Cagayancillo, Palawan",240.0,https://abvd.eva.mpg.de/austronesian/language.php?id=860,líma,waðâ,tuʔó,paʔá; batiʔís,pánaw,dáðan,ʔabót,likə́ʔ,láŋoy,bulíŋ,yab-ok,lánggit,túdtod,gə́ttək,bə́kkəg,bitúka,ʔátay,súso,bága,ʔáðam,ʔisíp,ʔadlə́k,lə́ngngəssa,ʔúðo,liə́g,buók,iróŋ,gináwa,palimáo,bábaʔ,ŋípən,díla,táwa,ʔagal,súkaʔ,ilə́b,maán; kaan,súppa,lútoʔ,inə́m,kitkít,səpsə́p,talíŋa,kamáti,máta,kakítaʔ,ŋíʔab,katanúga,nígga,kadagámmo,púŋko,tíndəg,íttaw,máma,bái,báta,sáwa; sawa na mama,sáwa; sawa na bai,nánay; inay,tátay; amay,báðay,ʔátəp,ŋáran,ʔámbað,kaðát,bə́kkəs,taí,dágəm,paŋayám,panâ,súntok,pakáŋ,tákaw,kapátay,napátay,kabuí,ŋáðot,bísʔk,káoy,biak; bis-ak,talawís,ʔabéð,maŋúma; magʔubra,tánəm,píli,manúbo,magúbbag,mapə́ssa,kə́mkəm; bitan,kutkót,palít,ʔábri,ʔasód,tímbag; labyog,dagdág; tumba; kragpa,ʔáyam,yúpan,tállog,beðbeð,pakpák,layóg,ʔámbaw,kárni; sáppo,tambok,ʔikóg,bə́kkessan,luód,kúto,lamók,laláwa,síddaʔ,bəðʔok,bítlag,dáon,gamót,búðak,búŋa,lamunón,basák,báto,pántad,wáig,ʔílig,dágat,ʔasín,dánao,kakáuyan; gubát,láŋit,búðan,bituón,paŋánod,túnʔog,ʔurán,dagəə́b,kílat,ʔáŋin,ʔə́yəp,laŋaə́t,tígnaw,mára; əgga,basâ,bə́gʔat,ʔápoy,sunóg,ʔáso,ʔábo,mítəm,putî,mínog,yílo,grin,sisě; dirsě,bákod; darko,lípoʔ; pandak,ðáŋkaw,nípis,dákmel,gamáy,wáyang; lápad,sakít,gáyyaʔ,manákəm; daan,bagʔó,miád,maláin,ʔígoʔ; matuod,kíləm,ʔádlaw,taón,kanʔó,nágoʔ; tagoʔ,panaík,naán,naáan ta; selled,ʔapáw,ʔə́bəs,yi; wi; ni,yon; yo,dáni,madyô,índi,yákən; aren; a,káon,kánən,kitə́n; kámi,ka,dánen,inó,kinó,dúma,tanán,daw,daw,painó,dilî,bíláŋ,ʔisyá,darwá,táððo,ʔáppat,límma,ʔánnəm,pítto,wáððo,syam,sampuðo,báynti,kalímʔan; klímʔan,ʔísya gátos,ʔísya líbo
31,Kakiduge:n Ilongot,16.3785,121.547,ilon1239,Reid (1971),206.0,https://abvd.eva.mpg.de/austronesian/language.php?id=31,ǥima,wili,wanan,tɨǥi,kuwa,bɨ:nua,ai; ari,likɨd,naŋuy,napadiǥan,bunubun; ʔalikabuk,kalɨb,gɨtud,tabu,tuʔlaŋ,silɨt,ʔaǥsi,tutu,tapuŋ,bɨ:ya,nɨmnɨm,kayub,matǥɨm,kidɨp,bukǥu,ʔuu,ʔɨǥɨŋ,niɨk,ʔamuy,tayap,bɨʔbɨ,limut,ʔɨŋit,ʔibiǥ,ʔugkak,ʔutap,kan,biʔɨn,ǥutu,ʔinum,kaǥat,tuptup,taliŋa,dɨŋɨg,mata,buya,,nuʔŋu,pilag,kugip,tuŋɨd,sikin,tuʔu,ǥaki,bɨ:kuǥ,ʔanak,bɨʔyɨk,bɨ:ʔyɨk,ʔina,ʔama,ʔabuŋ,ʔatɨp,ŋadɨ:n,ʔupu,ǥinubid,pɨdɨŋ,ti:ʔuk,dɨum,laʔub,pana,ʔutab,bɨkbɨk,ǥimit,pasi,napasi,biay; biray,guʔgu,bukbuk,kiyu,biɨk,ʔutadɨm,ŋilud,talabaku,tanɨm,pii,sikɨn,ʔugut,pɨgsit,ʔɨdɨn,kuʔku,taiw,pawa,bɨ:yu,kɨǥat,ʔɨlag,ʔatu,manuk,lubun,lawi,payak,payaduŋ,bɨ:ki,raman,tabɨ,ʔikul,ʔulɨg,ʔulaǥ,kutu,tɨnnɨk,ʔaŋgɨlawa,ǥuduŋ,buyuk,paʔŋa,buŋ,ǥamut,bɨ:dɨk,buŋa,raʔɨk,dɨ:ǥin,dɨpǥat,buwɨd,dɨ:num,kurut,dagat,sigɨm,ǥɨbɨŋ,ǥuŋut,tawɨn,buan,pandɨk,ʔaup,nabunab,ʔudɨn,kiduǥ,kiat,ʔɨgnay,sibuk,ʔuʔinit,ǥɨmna,magɨ,bɨ:ta,ʔuǥɨni,gapuy,ǥuŋuy,ʔabuk,dɨ:pug,bɨ:lɨŋ,budɨ:k,tɨǥat,duyaw,ǥuput,ʔuliki,ʔusikɨn,ʔagubɨ,ʔuduki,yapit,ʔukɨnɨg,ʔuʔupug,biag,takit,nabɨ:taŋan,bɨǥaŋɨt,bɨ:ǥu,ʔupiya,naʔugi,anuɨd,masi,magu,taʔun,pigi,ʔɨmut,kayab,sa,runɨk,taʔgi,tadu; pɨknaǥ,ʔitu,ʔita,dɨag; diǥag,bɨaʔɨŋ,tuŋuy,siʔak,sika,siya,sikisi; sikami,siki,siyay dɨ,ŋadɨ:n nima,katuʔu,ǥiwa,ʔɨmin,saydɨn,nu,ŋadɨ,ʔawan,ŋɨtu; bilaŋ,sit,duwa,tiǥu,ʔɨpat,,,,,,,,,,
428,Kalagan,6.8126,125.328,kala1388,D. Murray in Reid (1971),184.0,https://abvd.eva.mpg.de/austronesian/language.php?id=428,bɨktɨn,kawala,kalintu,siki,pa:naw,,,giling,kapay,taping,ʔɨbɨlɨbɨl na lupa,kindal,bagakwang,buntit,pisaʔ,tinay,ʔatay,susu; ʔaba,ʔaba:ga,kaʔadiʔan,,mallɨk,duguʔ,ʔulu,liyɨg,lugay,ʔilung,,boʔ,bakaʔ,ʔuntu,dilaʔ,ʔikɨl,sugaw,suka,ʔɨlɨb,ka:n,mamaʔ,subu; lutuʔ,ʔinɨm,ma:ngaʔ,sɨpsɨp,talinga,dɨngɨg,mata,kitaʔ,,katulug,,tagaynɨp,ʔingkud,ʔindɨg,ʔutaw,ʔɨsɨg,bubay,ʔisɨʔ,ʔɨsɨg,kobayan,ʔina,ʔama,balay,ʔatɨp,nga:lan,law,lubid,banggɨt,teʔ,da:gɨm,dɨt,,dugsang,,ta:kaw,patay,nyatay,,makatɨl; ʔalut,ʔutud,kawuy,,matalɨm,dilip magtalim,ʔimoʔ,tanɨm,pamalliʔ,,,tigmɨs,kɨmɨʔ,kutkut,bayad,,bayu,bintu,molug,ʔiduʔ,mannanap na lumupad,ʔisɨʔ na manuk,lakay,pa:nid,lupad,ʔambaw,,katabaʔ,ʔikug,ʔulud,watiʔ,babing na manuk,tagnɨk,tapayan,ʔisdaʔ,malandak,,dawun,dalid,bulak,bunga,,lupaʔ,ba'tu,pantad,tubig,,da:gat,ʔasin,danaw,kagulangan,langit,bulan,bitun,la:bun,,ʔulan,dadanɨg,kilat,samɨt,ʔɨyɨp,mapasuʔ,manikiʔ,magdang; bilad,mabasaʔ,mabɨgat,ʔatulun,sunug,ʔɨbɨl,ʔabu,maitɨm,maputi,mapulaʔ,malalag,malunaw,tagbiʔ,dakulaʔ,pa:ndaʔ; makagpaʔ,mala:wig,manipis,madakmɨl,mayaktaw,malakbang,sa:kit,kamulamula,dadan; baklig,bagu,madyaw,malatay,,gabi,ʔallaw,ʔumay,kanu,taguʔ,panog,,,,ʔadti dalɨm,,,malapit,ma:wat,ʔain,,,,,,,wan,singan,ʔɨpɨd,kadet,,kung,pila,diliʔ,maʔiyap,sambuk,du'wa,tulu,ʔupat,lima,ʔɨnɨm,pitu,walu,siam,sampuluʔ,du'wam 'pulu,,sang gatus,sam mala:lan
711,Kalinga (Minangali),17.3441,121.311,lowe1412,"Kenneth S. Olson, et. al.",185.0,https://abvd.eva.mpg.de/austronesian/language.php?id=711,ima,dawigi,dawinan,uki,anaddaḻan,kaḻsa,umali,amballigus,ankiyat,kaissaw,tapuk; gabu,kublit,odog,buwang,tung-aḻ,botak,agtoy,baḻukung,,igammu,somsomok,makimut,daḻa,uḻu,bagang,buuk,ongoḻ,umangos,sungsungon,sungad,baba,dela,mayokyok,,an-uta,tumuppa,angan,,,uminum,kumtob,supsupan,inga,dongoḻ,ata,ilan,,nasuyop,umbog,,tumukdu,sumikad,tagu,laḻaki,bubai,abeng,asawa’e laḻaki,asawa’e bubai,ina,ama,,,ngadan,ibaga,tali; kiddong,itakod,dait,,anganup,,duy-ukon,bikungon,,gongaton,natoy,matagu,gug-u,sugaton,lasang; tuŋu,bisakon,antadom,bungdoḻ,,,,,lumtog,posposon,onnan,amboka,,,,iballu,naottag,asu,sissiwit,iplug,dutdut,payak,tumayap,,laman,taba,ipus,uḻog,batoḻ,kutu,,,ugadiw,naḻpos,,tubu,lamut,tabbak,buŋa,lumun,luta,batu,gallis,danum,an-ayus,baybay,asin,baybay,ginubat,langit,soḻag,bituwon,libuu,nopnop,udan,,,bibbid,bumibbid,an-attub,antungnin,ammamaga,ambabasa,dagson; dam-ot,apuy,nasgob,asok,dapoḻ,ngitit,itak,dilaag,ngela,lingsi,ban-og,dakoḻ,abobba; ansokba,andu,ayyapit,kopaḻ,ansuḻpit,aḻwa,,,dadaan,kak-aḻa,ambaḻu,lawweng,ustu,labi,aḻgaw,tawon,kamaan,,,ad; atte,ad; atte,,,anna,andi,adani,adayu,dinu,sakon,sika,siya,ditaku; dikami,dikayu,dida,ngai,ngai,udum,amin; losan,kan; kad; wok; ya,nu,inon,adipun; dakampun,ambelang,ossaan; osa,duwa,tuḻu,opat,lima,,,,,,,,,
429,"Kalinga, Guinaang, Lubuagan Dialect",17.3879,121.0365,lubu1243,C.R. Geiser in Reid (1971),221.0,https://abvd.eva.mpg.de/austronesian/language.php?id=429,'ʔima,ʔi'gid,diwa'nan,ʔi'ki,manad'dalan,kesa,um'asad; u'masad; a'sad,mal'liʔwos,manʔi'yat,ʔaʔi'saw (ʔi'saw),la'puʔ,ʔob'lit,ʔo'dog,bu'wang,'tungʔal,'bagis,ʔag'toy,'susu; ba'luʔong,ʔa'bala,tigam'mu,panu'nut,ʔumog'yat,'dala,'ʔulu,ba'gang,bu'ʔuʔ,ʔo'ngol,uma'ngos; u'ma'ngos,sung'sungon (sungsung),tu'poʔ; sa'ngi,'ngipon,'dila,ʔu'mamang,man'ʔibil,'ʔuta,tumup'pa,ma'ngan (ʔan),mu'ma,lum'wag (lo'wag); man'ʔasug,ʔuni'num,ʔot'ban (ʔo'tob),sup'supon ('supsup),'ʔinga,dong'lon (do'ngol),ʔa'ta,ʔi'lan ('ʔila),man'u'wab,ma'suyop,man'kalin,ʔiniʔi'nop,tumok'du,sumi'ʔad,'tagu,la'laʔi,bu'baʔi,ʔa'nak,ʔa'sawa,ʔa'sawa,ʔi'na,ʔa'ma,bo'loy,ʔo'top,'ngadan,ʔan,ta'li,ʔiba'ʔud,'ʔibit,'tanud,ʔa'nup,pumaltog,'bayu,tamaan,man'ʔakaw,ʔoto'yon,na'toy; ʔo'toy,ma'fiag,mangga'tol; man'ʔutʔut,go'godon,'kayu,pay'ak,manta'dom,pan'nol,manʔi'waʔal,ʔiyo'soʔ,pi'liyan ('pili),jumakol,,pospo'son (pos'pos),ʔod'nan (ʔo'don),ʔu'luban ('ʔulub),mang'ngina,fuk'tan,mam'bayu,da'wat,ma'ʔoddag,'ʔasu,sis'siwit,ʔip'lug,la'wi,pa'yaʔ,tu'maʔod,'ʔutut,kal'ni,ta'ba,'ʔipus,'ʔulog,ʔo'lang di 'pita,'ʔutu,ʔi'loʔ,ʔa'wa,la'mos,nal'pos (lo'pos),sa'nga,'tubu,la'mut,tab'baʔ,'bunga,lu'ot,'pita,ba'tu,la'gan,da'num,man'ayos; a'yos,'baybay,ʔa'sin,banna'ʔaw,gi'nubat,'langit,bu'lan,bi'tuwon,li'buʔu,fu'not,ʔu'dan,ʔi'dul,sil'ʔit,dub'dub,sap'ʔuyan ('sapʔuy),man'ʔatung,mantong'nin,mamma'ga (ma'ga); ʔibi'lag,naʔo'bol,mandag'son,ʔa'puy,sob'gon (so'gob),ʔa'sok,ga'bu,mang'ngitit,mampo'taʔaʔ,mando'ʔot,mangngi'la,mallan'ti,ban'ʔit,da'kog,mansoʔ'ba; ʔabu'ba,ʔan'du,may'yapit,mampo'ʔong,man'supit,ʔal'wa,'sigab,naba'ʔin,da'daʔan; na'lakay,ʔaʔʔop'ya (ʔop'ya),pi'ya,law'wing,tut'tuwa,la'bi,ʔal'gaw,ta'won,ʔapi'ga,man'talo,saʔa'yon (sa'ʔay),,ja'lom,nga'to,sin gu'wab din...,sha'to,sha'nat,ʔada'ni,ʔada'yu,'dinu,sa'kon,,si'ya,ji'tako,si'ka,ji'ja,'sinu,'sinu,ʔo'dum,'ʔamin,kan'od; kan,no,pi'ga,bo'kom pon,'bilang,ʔos'saʔan,du'wa,tu'lu,ʔo'pat,li'ma,ʔo'nom,pi'tu,wa'lu,si'yam,sim'pulu,du'wam 'pulu,liman 'pulo,ga'sut,'libu
672,"Kalinga, Limos",17.6081,121.381,limo1248,Summer Institute of Linguistics (1981),232.0,https://abvd.eva.mpg.de/austronesian/language.php?id=672,íma,kawigí; kattigíd,diwanán,ikí,kumiyang,dálan,dumatóng; sumáal,manlíwos; manlitón; manligús,kiyát,naísaw,appúk,kupsít; geddáng,odóg; awíd; bonóg,buwáng,dúli,bágis,agtóy,súsu,abála,tigammu,mandomdom; mansomsomok,umogyát; kimút,dála,úlu,bagáng,buúk,ongól,umángos,sungsúng,sángi,ngípon,díla,umémeng; umulkiyós,man-íbil; manlúwa,úta,mallugpá,mangán,mangkotkót,man-útu; man-asúg,uminúm,mangkunít,susúpon,ínga,magngól,atá,umíla,uwáb,súyop,umbog,inóp,mantúpak,sumíkad,tágu,laláki,babái,anák; abéng,asáwa,asáwa,iná,amá,bolóy,otóp,ngádan,ibagá,talí; lúbid; sílu,postón,mandáit,tánud,manganup,mamaltug,iduy-úk; iduspák,gongat,akáwon,,matóy,matágu; matattagúwan,kudkúd,pokpokón,luttíng,biíkon; bisakon,tadóm,,mangkokwa,mammúla,mampíli,túbu,,pokolón; posposón,aggomán,kulúban,gátang; ngína,bukatán,mambáyu,batuwón,pognás,ásu,sissíwit,iplóg,dutdút,payák,tumáud,útut; kuwíl,bogás,tabá,ípus,úlog,koláng,kútu,ílok,kawá,ikán; lamós,,sangá,túbu,lamút,tabbák,búnga,bollát,píta,batú,lagán,danúm,man-áyus,báybay,asín,banánaw,ginúbat; tattalún,lángit,búlan,bitúwon,búnot,appápuk,udán,kidúl,kilát,bayogbóg,sap-uyan,naínit,natunglín,namagá,nabasá,nadagsón,apúy,gumílab,asúk,gabú,nangísit,napúkaw; napolkás,nadokót,nadúlaw,naáta,bang-óg; bang-ít,dakól; ab-abúy,abobá,,nayápit,,nanáwag,nasúpit,masakít,mabaín,dadáan,bagú,nabalú; napiyá,lawéng; nadadág,tuttúwa,labí,álgaw,tawón; dagún,kapigá,isulúk,tagadá; sakáy,,dálom,nangátu,nadobá,tu,nat; di,adaní,adayú,kapigá,-ak,ka,na,takú; kamí,ka,da,allá,,,losán; amín,ot; kan,nu,,,bílang; iyáp,osá,duwá,tulú,opát,limá,onóm,pitú,walú,siyám,simpúlu,,,singgasút,sillíbu
671,"Kalinga, Southern",17.2936,121.068,sout2908,Summer Institute of Linguistics (1980),172.0,https://abvd.eva.mpg.de/austronesian/language.php?id=671,ima; agpar,chuwiki,chiwawan,iki,lumigwat; manadcharan,charan,chumatong; umali,mamfalin,man-iyat,kaisaw,tapuk; kafu,uglit,ochog,fuwang,chuli,akakaitan,agtoy,susu,afara,akammu,manomsomo,,chara,uru,fakang,fuu,ongor,,sungsung,ngurub; tupo',fafa,chila,amang,man-ifil,uta,,mangan,mangkog-ar,man-utu,uminum,fangut; obfan,supsup,iynga,chongron,ata,umila,man-uwab,,mifasar,in-inop,,sumiad,taku,larai,fufai,ana',asaway larai,asaway fufai,ina,ama,foroy,otop,ngachan,,tali; lufid,uyunon; tachon,manchait,chakum; tanud,manganup,mampana,mafoangan,,man-akaw,,matoy,matattaku,,,pingi,,,,,mammura,,tufu,,,odnan; ognan,,mangngina,,,ifintug,,asu,sissiwit,iprug,chutchut,tayap,,utut,,tafa,,urog,korkor,utu,ilo'; wassayan,awa,ukachiw,,panga,tufu,lamut,tabfa',funga; fokas,potpotaw,luta,fatu,kallis,chanum,,fayfay,asin,fagwang,ayu,langit,furan,fituwon,lifuu,,uchan,ichur,ilat,poyaaw,,attub,tungnin,narangu; mag-anan,nab-or; mamfafasa,,,tungan,,,mangngitit,mamputila,mancharaag,icharaagna,mangngingila,kait; ait,chakor,afofa; anofa,,,,arwa,nalipit,nasakit; mansikab,mafain,narakay,aara; aoya,,,tuttuwa; ustu,lafi,arkaw; padchaw,tawon,,,umarab,,charom,ngatu,chora,,,achani,achayu,,,,,,,,,,,losan,,,,,filang,osa,chuwa,tulu,opat,lima,onom,pitu,waru,siyam,simpuru,,,kasut,lifu
430,"Kallahan, Kayapa Proper",16.321,120.9,kaya1320,P.O. Afable in Reid (1971),185.0,https://abvd.eva.mpg.de/austronesian/language.php?id=430,taklay,ʔawilli,ʔawannan,hɨli,manʔakkad (ʔakad),kalhada; dalan,,kamantiyyɨk,ʔunnanguy (nanguy),nalagitan,dapʔul,bɨlat,bɨnɨg,ʔɨgɨh,pukɨl,huhut,ʔaltɨy,huhu; pagiw,ʔaballa,ʔamtaʔin,,ʔuntakut,dala,tuktuk,buklɨw,buwɨk,ʔɨlɨng,,ʔangngubɨn (ʔangub),bungut,hangi,dila,ʔunngiʔngi (ngiʔngi),ʔunnangih (nangih),manʔutta (ʔuta),ʔuntupga,mangan (kan),galgal,ʔunluwwag; manʔuggan (ʔuggan),manʔinnum (ʔinum),kallatɨn (kalat),huphu,ngila,dɨdngɨlɨn (dɨngɨl),mata,ʔunʔan (ʔunɨy),,maʔuggip (ʔugip),,kuʔkuʔgip,ʔuntungaw,ʔunʔalgɨy,tuʔu,laki,biʔi,ʔungnga,ʔahawa,ʔahawa,ʔina,ʔama,ʔabung,ʔatɨp,ngadan,ʔɨhʔɨlɨn (ʔɨhɨl),ʔikɨt,ʔihhingɨd,daʔʔin (daʔɨt),dagum,mangannup (ʔanup),,baydɨkɨn,,manakkɨw,bunnuʔɨn (bunu),natɨy (ʔɨtɨy),,gatɨl; guʔguʔɨn,bukbukɨn,kiyɨw,,matakɨm,nagudɨl,manʔubla,mantannɨm (tanɨm),mamihpih,,,pɨghɨtɨn,ʔagdiʔan,mamka (bɨka),manunggal,,mambayyu (bayu),ʔihpɨg,maʔgah (ʔɨgah),ʔahhu,titit,ʔiklug,dutdut,payak,ʔuntayab,ʔutut,,taba,ʔikul,ʔulig,tuwing,kutu,tukkan,kakkawwa,paʔillɨng,nabwɨl (buwɨl),,bulung,lamut,habung,lamɨh,,buʔlay,batu,bihil,danum,,baybay,ʔahin,lɨbɨng,kallahan,kabuniyan,bulan,talaw,kuʔlɨp,,ʔudan,kidul,bagilat,dagɨm,hikbukɨn,ʔanʔatung,ʔangkɨtit,namagʔanan; ʔihaʔpɨy,nalbɨng (lɨbɨng),ʔambɨlʔat,ʔapuy,puʔʔulɨn (puʔul),ʔahuk,dapʔul,natuling,ʔamputi,ʔambalanga,ʔambalanga,,ʔigʔigɨl,ʔɨtɨng,ʔantikkɨy (tikɨy),ʔandukkɨy,maʔingpih,mahdɨl (hɨdɨl),ʔunʔipɨt,ʔambanaw,dɨgɨh,ʔumbaʔing,daʔan; naʔama,ballu,pɨhɨd,lɨwa,,malabi,ʔaggɨw,tawʔɨn,pigan,manʔaʔmut (ʔɨmut),ʔunkalab,,,,daʔul,,,naʔihaʔgang,ʔadawwi,tuwa,,,,,,,hipa,hipa,ʔapil,ʔamin,,nɨm,piga,ʔaliwwa,billangɨn (bilang),hakɨy,duwa,tallu,ʔɨpat,lima,ʔɨnɨm,pitu,walu,hiyam,hampulu,duwan pulu,,lahuh,libu
431,"Kallahan, Keleyqiq",16.7099,121.035,kele1259,R & L. Hohulin in Reid (1971),184.0,https://abvd.eva.mpg.de/austronesian/language.php?id=431,taklay,williʔ,wannan,heliʔ,mandaladalan,,,ligguh,kaykay,lugit,depʔul,belat,beneg,ʔegeh,tuʔngal,ʔegeh,ʔaltey,huhuʔ; pagew,pahhanan,ʔamtaʔ,,takut,kuheyaw,ʔuluʔ,buklew,bewek,ʔeleng,,hemmuyen (hamuy),bungut,ngipen,dilaʔ,ngiʔngiʔ,nangih,ʔutaʔ,lupdaʔ,ʔekan,tapiʔ,lewag; haʔeng,ʔinum,kalat,huphup,tangilaʔ,dengel,mataʔ,ʔangʔang,,ʔugip,,ʔinep,yudung,ʔehneng,tuʔuʔ,lakiʔ,biʔiʔ,ʔuʔungngaʔ,ʔahwaʔ,ʔahwaʔ,ʔinaʔ,ʔamaʔ,baley,ʔatep,ngadan,hapit,lubid,ʔiket,kugut,lubay,deweng,,tewik,,takew,patey,netey,,gatel; guʔguʔ,gedged,keyew,,matedem (tadem),ngadel,ngunuʔ,tanem,piliʔ,,,pihpih,tenget,kuʔkuʔ,gatangen,,bayuʔ,bekah,ʔegah,ʔahhuʔ,ʔemayuʔ,ʔitlug,ʔipuh,payak,tayyab,ʔutut,,tabaʔ,ʔikul,ʔuleg,bigih,kutuʔ,wawwahhay,kakkawwaʔ,deleg,nabwel (bewel),,bulung,lamut,habung,lameh,,puyek,batuʔ,pantal,danum,,baybay,ʔahin,lebeng,muyung,kebunyan,bulan,bittuwen,kulput,,ʔudan,kidul,kedyam,dibdib,hebʔuk,ʔatung,tengnin,magʔanan; haʔpey,naʔbel (ʔebel),belʔat,ʔapuy,legab,ʔahuk,depʔul,ʔandeket,mablah (belah),madlang,malulaw,maʔattaʔ,ʔekket,ʔetteteng (ʔetent),ʔantikkey,ʔandukkey,meʔingpih,mahdel (hedel),nahkit (hekit),mahkang (hekang),degeh,baʔing,daʔan; neʔaʔammaʔ,baluh,kayyaggud,lewah,,hileng,ʔaggew,tuʔun,pigan,taluʔ,kalab,,,,daʔul,,,neʔihnup (henup),ʔedawwiʔ,ʔattuʔ,,,,,,,hipaʔ,hipaʔ humman,hinʔappil,ʔemin,,hedin,pigaʔ,bekken,bilang,hakey,dewwaʔ,telluʔ,ʔepat,limaʔ,ʔenem,pituʔ,waluʔ,heyam,hampuluʔ,dewwampuluʔ,,hanggatut,libuʔ
1549,Kamayo,8.10796,126.314,kama1363,"Summer Institute of Linguistics (unknown authors). 1966. Kamayo available via Zorc, R. David. 1972. Unpublished field notes.",229.0,https://abvd.eva.mpg.de/austronesian/language.php?id=1549,siŋku; ʔalíːma,kawáa,tuʔú,sikí,,dáan,sudlay; ʔabút,ya=báːlik; balí,laŋúy,ripáʔ,ʔalikabúk; ʔabúg,páːnit,likúd,tiyán,pusáʔ,tinaʔí,ʔatáy,súsu; dagárha,ʔabáːga,sáyud; tigám,dúmdum(a); dumdum(an); nimnumdum(i),hádluk,dugúʔ,ʔuː,liʔúg,buhúk,ʔirúŋ,ginhaːwa,ya=nimáːhuʔ; -bahúʔ; hamút,báʔba,ʔuntú,díːlaʔ,hikúu,tiyahúʔ,súːka,ludáʔ,kaʔán,supáʔ; mamáʔ,súnʔad; hinúg; preparado,ʔinúm,báːŋaʔ,súpsup,talíːŋa,duŋúg,matá,kitáʔ,,turúg,higdáʔ; kuwáŋ,dámgu,(ga-)ʔíŋkud,ʔindúg,ʔutáw,ʔusúg,bubáy,ʔísuʔ,,ʔasáwa,ʔináʔ,ʔamáʔ,báʔay; baːy,ʔatúp,ŋarán,súlti,hukút; lúbid; písiʔ,búgkut(i),,,,,duŋgáb,sumbag,,paty=un,patáy,buhíʔ,káːut,ʔutúd; hiːwaʔ,káːhuy,púud; hatsa,haʔít,waʔ day haʔít,,tanúm,,tuːbuʔ,,kúːmus; kurúːmus,hawid=an; kámaŋ; haŋkup,lubúŋ,palít,abrih,,(ʔi)rabák; bunúʔ,huːg,ʔidúʔ,láŋgam,ʔitlug,balhíːbu,páːnid,lupád,,karne; ʔunúd,tabáʔ,ʔíːkug,sawá; haːs,ʔúud,kúːtu,híːram,lawáʔ; láwaʔ,,bugúk; barʔus; gapúʔ,,dahún; támbaw,,burák,,ságbut,pasák; lúːpaʔ,batú,buháːŋin,túːbig; =miláːdu,maslug; ʔáːwas,dáːgat; láud,ʔasín,láːnaw; lanáŋ; lamʔaw; sapáʔ,guráŋːan,láŋit,búːwan,bitúːʔun,,-; tunʔug; dagʔúm; paŋáːnud,ʔurán,líntiʔ,kilát,háŋin,huyúp,ma=páːsuʔ,tignáw,taháy,,búgʔat,ʔatuːn,suːnuŋ,ʔabúː; ʔabúu,ʔabú; ʔábú,ʔitúm,putíʔ,puá,diláw,ma=dalág; hiláw,,badí,gamáy; hayupúʔ,habáʔ,,,manipís; kaʔíg,bagáʔ; madákmuː,mahapdús,síːpug; masipgánun; bayhu,hinúːʔud; dáʔán,bagʔú,(mahːsay); madayáw,maraʔát,tinúːʔud,duːm,ʔádlaw,túːʔig,,,,,sa súud; kabubútʔun,(sa) taʔás; mataʔás,(sa) ʔubús,,,harapít,harayúʔ,háːʔin,ʔakú,,yaʔán,kitá,,silá,ʔúːnu; ʔunaːn,sinú,laʔín; aŋ maŋa ʔupúd,(tanán); hurút,,,pilá,bukúʔ,ʔiháp,ʔisá,duhá; duwáh,tulú; tuú,ʔupát,,ʔunúm,,otso,,diis,,,(ʔisá ka) gatús,líbu
681,Kankanaey,16.8548,120.689,kank1243,Janet Allen,233.0,https://abvd.eva.mpg.de/austronesian/language.php?id=681,takkay,kannigid,kannawan,siki,mandan,danan,omali,somagong,langoy,nalogit,tapok,kopkop,edeg,eges,tong-a,eges,atey,soso,padanga,ammo,mannemnem,egyatan; omegyat,dada,toktok,bagang,book,eng,anges,songsongen,tepek,bab-a,dila,mayekyek,man-oga,man-ota,mantogpa,mangan,man-gaga,man-oto,man-inom,katen,sosoen,keweng,dengngen,mata,ilaen,man-owab,maek,bomaktad,man-iitaw,tomokdo,omalagey,ipogaw,lalaki,babai,anak,asawa,asawa,ina,ama,beey,atep,ngadan,ibaga,lobid,ikabbot,mandait,dagom,man-anop,mamana,todoken,seppaten,akewen; mangakew,peslen,matey,matago,gog-oen,betbeten,kaiw,desigen,mattadem,mangodel,maowang,man-esek,pilien,gomabay,lomat-ed,ipespes; pespesan,egnan,mankaot,lalkoan,bokatan,bayoen,itpig,mag-as,aso,titit,itlog,dotdot,payak,mantayaw,otot,lames,taba,iko,eweg,kowang,koto,lamok,tikawa,nigay,naboyok,panga,tobo,lamot,sabsabong,lames,gabgab,lota,bato,bisil,danom,omaloyas,daga,asin,lebbeng,kada,daya,boan,talaw,liboo,liboo,odan,kido,kimat,dagem,mandagem; sib-okan,man-atong,mansiled,namgaan; mapgaan,nabasa,madagseg,apoy,pooan,asok,dap-o,mangetit,mankilat,mandada,,maata,kitkitoy,dakdake,aptik,ando,naingpis,masde,nalipit,annawa,mansakit,mabain,nakay; nabbakes,balo,siged,lawa,tet-ewa,labi,agew,tawen,pig-an,mantabon,somakyab; mantikid,sin,sin eneg di…,sin ngaton di…,sin dallem di…,sinaey,sisana; sidooy,asag-en,addawi,into,ak; ko; sak-en,ka; mo; sik-a,na; sisya,tako; datako; mi; dakami; kami,kayo; yo; dakayo,da; daida,sino,sino,odom,amin,ya,mo,intoy iyat,aga; adi-; baken-; adj,bilangen,esa,dowa,tolo,opat,lima,enem,pito,wao,siyam,sinpo,dowanpo,limapolo,gasot,libo
432,"Kankanay, Northern",17.1057,120.786,nort2877,D. Hettick in Reid (1971),184.0,https://abvd.eva.mpg.de/austronesian/language.php?id=432,lɨ'dɨng,kani'gid,kana'wan,'siki,mɨn'daʔan,,,liw'liwɨs,mɨn'saʔay,na'kilot,'tapok,kol'lop,'ʔɨdɨg,ʔɨ'gɨs,ʔi'ngit,ʔɨ'gɨs,'ʔatɨy,'soso; pa'gaʔiw,'pokɨ,gik'kin,,ʔomɨg'yat,ba'sa,ʔu'wo,ba'gang,bo'ʔok,ʔɨ'ʔɨng,,'songsong,to'pɨk,bab'ʔa,di'la,mɨnʔɨ'yɨk,min'ʔaga,'ʔota,top'pa,ma'ngan,mɨ'ma,lom'wag; mɨn'ʔoto,ʔomi'nom,ba'ngɨt,'sopsopɬ,'ʔinga,dɨng'ngɨ,ma'ta,'ʔila,,masɨ'yɨp,,ʔiʔi'taw,ʔitok'do,ʔitak'dɨg,ʔipo'gaw,la'laki,ba'baʔi,ʔo'nga,ʔa'sawa ay la'laki,ʔa'sawa ay ba'baʔi,'ʔina,'ʔama,ba'ʔɨy,ʔa'tɨp,nga'dan,ka'nan,ta'li,ʔiba'ʔod,'daʔit,'dagom,mɨnʔa'nop,,doy'ʔokɨn,,mɨn'ʔakɨw,pa'tɨy,na'tɨy,,min-ga'tɨ; kot'kot,gɨdgɨ'dɨn,'kaʔiw,,mɨnta'dɨm,ngo'dɨl,lo'mokso,mɨnʔis'ʔɨk,pili'yɨn,,,pɨspɨ'sɨn,gɨn'ʔan,mɨn'kaʔob,la'kowan,,mɨn'bayo,ʔiga'yang,ma'ʔɨkdag,'ʔaso,'koyat,ʔit'log,'gatod,pay'yak,to'mayaw,'ʔotot,,ta'ba,'ʔiko,'ʔowɨg,kɨ'ʔang,ko'to,la'mok,ʔating'kawa,ʔi'kan,ma'donot,,'tobo,la'mot,'sabong,bɨ'gas,,'lota,ba'to,la'gan,da'nom,,bay'bay,ʔa'sin,po'song,'pagpag,da'ya,'bowan,ta'law,li'boʔo,,ʔo'dan,ki'do,ba'gilat,da'gɨm,sip'ʔoy,min'poʔos,mɨn'tɨdɨk,na'ʔango; ʔisap'ʔɨy,natɨm'bɨ,mɨndag'sɨn,ʔa'poy,sɨg'bɨn,ʔa'sok,'dapo,ngiti'yan,po'law,mɨn-ga'dangdang,kinaʔo'nɨgan,'bildi,tɨʔɨ'tɨʔɨn,dak'kɨl,ʔap'tik,ʔan'do,mɨn'yapit,mɨnsɨ'dɨ,nali'pit,ʔanna'wa,sa'kit,maba'ʔin,na'bayag; naba'kɨs,ba'lo,ʔa'may,nga'wi,,la'bi,'ʔagɨw,taw'ʔɨn,tongo'na,ʔi'gago,ka'ʔab,,,,'silok,,,ʔa'sagʔɨn,ʔadda'wi,ʔin'to,,,,,,,si'no,si'no,tɨ'kɨn,ʔam'ʔin,,mo,ka'ʔat na,ba'kɨn,'bilang,ʔɨ'sa,do'wa,to'lo,ʔɨ'pat,li'ma,ʔɨ'nɨm,pi'to,wa'ʔo,si'yam,sim'po,dowam'poʔo,,ga'sot,'libo
33,Kapampangan,14.9603,120.502,pamp1243,"Blust from: Forman (1971), McFarland 1977",231.0,https://abvd.eva.mpg.de/austronesian/language.php?id=33,gāmat,kaqilí,wánan,bitís,lákad,dálan,dátaŋ,kurba,káwe,ma-rinát,alik|abuk; púlbus,balát,gúlut,á|tcan,binyás; butul,bitúka,até,súsu,pagó,balwan,ísip,ma-takút,dáyaq,búntuk,bátal,bwak,áruŋ,maŋis|nawa,bawan,asbúk,ípan,dílaq,ilï,kiyák,súkaq,yapsa,maŋám,gígut; mamáq,lútuq,inúm,-ket,sipsip,balugbúg,damdaman,matá,íkit,úyab,tudtud,kéra,maa-ninap,luklúk,tikdóq,taú,laláki,babái,anák,asáwa,asáwa,maq,núnuq,balé,buuŋán,lagyúq,sábi,lúbid,talíq,tayí,karayum,man-áyup,suldúŋ,saksák,paldu,maa-nako,paté,maté,ma-biyé,kaskás,putut,dútuŋ,baŋal,ma-tarám,ma-purul,mag-obra,tanam,piliq,dágul; túbuq,ma-kalbag; limbág,paslan,talan; sakmál,kulkúl,salíq,búklat,bayú,atcáq; pukúl-an,ma-nábuq,ásu,áyup,ébun,bagyús; bulbul,pakpak,sulápo,dagís,katawan,tabáq,íkiq,ubíŋan,bu|láti,kútu,amúk,baabagwáq,asán,bugúk,saŋá,bulúŋ,émut; yamut,sampága,búŋa,dikút,gabún,batú,balás,danúm,mam-agus,dayat malat,asín,labák,gúbat; pulúq,bánwa,búlan,batwín,lúlaq,úlap,urán,duldúl,kildáp,áŋin,labul,ma-páliq,ma-rímla,ma-laŋíq,ma-basáq,ma-báyat,apíq,silab,asú|k,abú,ma-tuliŋ,ma-putíq,ma-lutúq,diló,bérde,ma-latíq,ma-rágul,ma-kúyad; pandák,ma-kábaq,impís,ma-kapál,ma-kíput,ma-lápad,ma-sakít,ma-ríne,ma-tuá,báyu,ma-kayap,ma-rók,talagá; tutúq,béyi,aldó,bánwa,kap|ilán,salikút,ukyát; i|panik,kiŋ,lub,bábo,babáq; lálam,iní,ián; itá,sípiŋ,ma-rayuq,ante; anta; nukarín,aku,ika,ia,itamu; ikami,ikayu,ila,naŋ; nanuŋ,nínu,aliwaq,lagánas,ampó; anpón; at,nuŋ,makanánu,alíq,bílaŋ,métuŋ,adwáq,atlú,apát,lima,anam,pitú,walu,siam,apulu,aduang-pulu,limam-pulu,dinalan,libu
1200,Kapampangan,14.9603,120.502,pamp1243,Eduardo John A. Balatbat,232.0,https://abvd.eva.mpg.de/austronesian/language.php?id=1200,gámat,kaili,uanan,butit,lumákad,dálan,dátang,kumorba,káue,marinat,alikabuk,balat,gulut,atian; atsan,butul,bituka,ate,susu,pago,ábalû,misip,tumákut,dáyâ,buntuk,batal,buak,arung,mangisnáua,bauan,asbuk,ipan,dila,mayli,gumágâ,maniuka,dumura,mangan,lángut,maglutû,minum,kuminis,sipsip,balugbug,makiramdam,mata,manákit,manuyab,matudtud,magkera,maninap,lukluk,tikdo,tau; tawu,lalaki,babayi,anak; ának,asáuang lalaki,asáuang babayi,indu; ima,ibpa; tata,bale,atap,lagyu,sabian,lubid; tali,itali,tayian,karayum; karayung,mangásu,mamánâ,maniaksak,mamarug,manako,paten,mate,mabie; kumabie,gatal,mamutut; manabak,patpat,mabangal,mataram,mapurul,manasik,mananam,mamili,dagul,mangalbag,mamaslâ,paslân,mangulkul,sali,buklat,bayû; bayû'an,baronggan; mamugâ,manabû,asu,ayup,ebun,bulbul,pakpak,sulagpo,dagis,laman,tabâ,iki,ubingan,bulati,kutu,amuk,bábagua,asan; asan danum,mebuluk,sanga,bulung,amut,sampaga,bunga,dikut,gabun,batu,balas,danum; danum tabang,dumagus,dayat malat; dagat,asin,dáno,gubat,banua,bulan,batuin,bigâ,amug,uran,duldul,alti,angin; tiup ning angin,lábul,mapali; kaleldo,marimla,malangi,mabasâ,mabayat,api,masilab,masuk,abu,matuling,maputi,malutu,mapapan,aluntian,malati,maragul,makuyad; pandak,makába,maimpis,makapal,maskup,malualas,masakit,marine,matua,bayu,mayap,marauak; marok,tutû,bengi,abak,banua,kutang,sálikut,manik; mukyat,king,kilub,bábo,lálam,ini,ita,malapit,malaut; márayû,nukarin,aku,ika,iya,itámu,ika; ikayu,ila,nanu,ninu,aliua,sabla; gana-gana,ampon,nung,makananu,ali,mamilang,metung,aduâ,atlû,apat,lima,ánam,pitû,ualu,siam,apulû,aduang pulû,limang pulû,dinalan,metung a libu
657,Kinaray-a,10.8131,122.297,kina1250,Arnel Genzola,232.0,https://abvd.eva.mpg.de/austronesian/language.php?id=657,lima; alima,wala,tu o,batiis; siki; kahig,panaw,aragyan,maagto,maliso,malangoy,mahigkə,yab uk,panit,likod,bosong,tul an,tina i,atay,didi,abaga,mainaramən,maminsar,mahadlək,dugo,ulo,liəg,buhok; bulbol,irong,maginhawa,masimhot,baba,ngipun; unto,dila,kadlaw,hibi,suka,dupla,kaən,usang,luto,inəm,kagat,supsup; səyəp,talinga,mamati,mata,makita,manguy ab,maturog,mabatang,madamgo,mapungko,matindog,tinuga,laki,bayi,bata,bana,sawa,iloy,amay,balay; puluy an,atop; sinas,ngaran,hambal; ku un,pisi; lubid,higut; bangət,tahi,dagəm,pangita,tiro,buno; sagap,hampak,mangawti,patyon,mapatay,mabuhi,kalot,bis ak,lipak,,taləm; tarum,hábul,manguma,tanəm,pili,,hubag,puga,,kutkot,bakal,buksan,,balang,madagdag,ayam,pispis,itlog,bulbol,pakpak,maləpad,balabaw,unod,,ikəg,man əg,lagu,kuto,lamok,damang,isda,dúnot,sanga,dahon,ugat,bulak,prutas,hilamon,lupa,bato,balas; baras; bonbon,tubi,ílig,lawod; dagat,asin,,kakahoyan; kagulangan,kalangitan,bulan,bitoon,panganod,,uran,dagə ob,kilat,hangin,huyəp,,maramig,mala,basa,bug at,kalayo,sunugon,aso,abo,itum,puti,pula,darag,biyerde,gamay; intok,hanggəd,lip ot; nubo; mə́gət,labəg,nipis,daməl,malip ot,malapad,masakit,huya,kamal aman; mal am,bag o,mayad,demonyo; malain,husto; matuod,gabi i,adlaw,tuig; anyo,san o,tagə,saka,sa,suləd,babaw,daləm,ja,ran,rapit,rayo,diin,ako,,tana,amən; kami,ikaw; kaw,sanda,ano,sin o,liwan,tanan,kag,kun,naga haw; paano,bukut; bəkət,isip,isara; sara,darwa,tatlo,apat,lima,anəm,pito,walo,siyam,pulû,darwa ka napulo,kalim an,sangkagatos; sanggatos,sangkalibo; sanglibo
291,Koronadal Blaan,6.20529,125.007,koro1310,"Savage, T.D. (1986)",174.0,https://abvd.eva.mpg.de/austronesian/language.php?id=291,sigal,bibɨŋ,kwanan,bliʔ,ʔɔgu; tmanɔʔ,,,,kahoŋ; kmahoŋ,magsik,kfuŋ,kulit,kagol,tiʔɨn,tulɔn,tnaʔe,ʔatɔy,tutuʔ,ʔabɔl,gadɨʔ,,likoʔ,litɨʔ,ʔulu,liʔal,wak,ʔiluŋ,,ʔuŋaf,bɔʔ,kifan,dilɔʔ,ʔule,ŋɨl,ʔutɔʔ,dulɔʔ,kaʔɔn,namɔʔ,tagah; kadok,ʔinum,ʔaket,saf; nsaf,kliŋɨ,liŋɨ,matɔ,tɨqɨn,,kudaŋ,,knɔ,sudɨŋ,tadag,to,laʔi,biʔ; libun,ŋɔʔ,yaʔɔn,yaʔɔn,yeʔ,mɔʔ,gumnɨʔ,ʔataf,dagit,man,tali,ʔikat,tbel,dalum,dulak,,tibɨh,,,fɔti,mati,mnɨʔ,kɔlus,faleh,kayu,,gamban,laʔ gamban,ʔimoʔ,falɨ,ʔalek,taboʔ,,kanamuʔ,nalɔʔ,ʔakol,bli,,dak,tudɔʔ,tatɨk,gayɨm,qanok,,lakay ʔanok,fɔfɔk,ʔayɨŋ,ʔuŋeh,,tabɨʔ,ʔikoŋ,ʔulad,,kutuʔ,blabɔŋ,kalmamo,nalaf,balok,,doʔon,dalil,bulɨk,bɨŋɨ,,tanɔʔ,batu,falak,ʔeʔel,,mahin,kahiʔ,lanaw,dlag,laŋit,bulɨn,blatik,labun,,ʔulɨn,luguŋ,silɔʔ,nus,yuf,,tno,kafag,fafeʔ,blɔt,lifoh,tam,buk,ʔabu,fitam,bukɔy,fulɨʔ,mlalel,mlunu,tukay,buŋ,fukal,tahɔʔ,mŋifih,maŋfɨl,sifit,mabɔl,tdok,yɔʔ,tuʔah,falami,fyɨ,sasɨʔ,teʔo; toʔo,butaŋ,du,fɔli,kilɨn,buni,kɨ f,,,,,ʔani,,mdadoŋ,mawɔg,nɨʔ,,,,,,,,simto,mahal; mɔhɔl,kdɨʔɨ,,ku,filɨ,ʔisɨ; lɔʔ,sɨ,satu,lwɨ,tlu,fɔt,,,,,,,,,,
685,Maguindanaon,6.9453,124.509,magu1243,Robert E. Sullivan,303.0,https://abvd.eva.mpg.de/austronesian/language.php?id=685,líma,bíwang,kawágib,ay; ai,lákaw,lálan,ángay,línggi,langúy; lemangúy,maledsík; budsengén; tangkápa,libubúk; tapúk,úpis; lanítan,taligkúdan,tián; tiyán,tulán,tináy,átay,súsu,wága,amád,pagítung; magítung,magílek,lúgu,úlu,lig,buk,ngílung,gináwa; gemináwa,ebáw,ngáli,ngípen,díla,edtatáwa,muliyáng; míbi,úta,demúda; tubpá,kan; kéman,sepá; sepán,ilútu,ínum; ínem,ebút; bángit,semúsu,tangíla,pakikíneg,máta,ílay,pangunguyáb,túlug; temúlug,edtataigá,edtagínep,áyan,tíndeg; temíndeg,taw,máma,babáy,wáta,kalúma a máma,kalúma a babáy,ína,áma,wálay,átep,ngála; ingála,edtalú; enggubása,sumpaán; ketengán,iketán; itámbed,pamanáy,lágum,pangáyaw; pangánup,pána; busúgen,sándak,abén,tegkáw,gelá; imatáy,mátay,uyág; maguyág,kukút; kámbang,tága; tíbpad,bákil,liás; úpak; tebí,magaláng,matebpúl,edtitingulú; edtatagitú,pamúla,pamíli; álam,etú,lebág; lemebág,kemés; kulimís,tígel,kágkal; kálut; suát,pamása,úkad; búka; peká,báyu; pipík,ídtug; ibengél,úlug,ásu,papanúk; mánuk,lemán,búmbul,papák,ledtú; lantáp; layúg,dúmpaw,sápu,lémbu; lána,íkug,nípay,úled,kútu,tagenék,laláwa; láwa-láwa,sedá,maúsang,pánga; sapák,lawn; láta,dálid; dálig,úlak,únga,útan,lúpa,wátu,pedtád,ig,tugá,lágat,tímus,lánaw,damakáyu,lángit,úlan-úlan,bitún; bíntang,gábun,lenús; lekép,úlan,paletí; lúgung,kílat; lapálap,sámbel; endú,eyúp,mayáw-yáw; malalabendáw,matenggáw,mamála,mawása,maugát,ápuy,tútung; bídsul; gepúl,bel; tagebél,aw,maítem,mapúti,malíga,bináning,gádung,madidú; madekáy,maselá; masalíg; matiwálu,mabába,malendú; maláyat,manípis,makapál,makíput; masímpit,maulád,pedsákit,mayá,matúwa; lúkes,bagú,mapiá; mapyá,máwag; malát,bénal,magabí,gay; senáng,túhan; lagún,kanú; gína; u,pagená; líndung,pusúg; pamusúg,támpal,sa; lúdep; lúsud,sa pulú,babá; átag,niá; niyá,nan; ka,masíken; masúpeg,mawátan; matángka,endáw,akú; ku,ka; néngka,sekanín; nin,tanú; kámi; námi,kanú; nu,sílan; nílan,ngayn; ngin,entáyn,ped; kapéd,lángun; lángu-lángun,endú; enggú; na; ka,upáma; amáyka,panún,dála; di,bílang; bilángen,isá,duwá,télu,pat,líma,nem,pítu,wálu,síaw,sapúlu,duwá púlu,líma púlu,magátus,sangíbu
1278,Malaweg,17.7329,121.58,itaw1240,Laurie Reid,186.0,https://abvd.eva.mpg.de/austronesian/language.php?id=1278,íma,kawígi,dawinan,saka; dapan,manalan,dalan,umʌŋ,mallebut,makkaluy,naragit,gabuʔ,gʌddáŋ,banʌg,sináy,tuláŋ,,agtáy,susu,,ammú,mappanunút,makatalaw,dága,ulu,buʔlaw,buʔ,iguŋ; iguŋku,maggaŋáŋas,maddaʔguʔ,simuʔ,ŋípʌn,díla,magaggalák,massaŋit,magúta,mallutab,naŋán,,mallútu,minúm,makkagát,massusu,taliŋa,maggíʔnah,matá,masiŋʌn,,makkatúdug,maggiddá,,mattugaw,manaʔdʌg,tolay,lalaki,bʌbáy,abbíŋ,ʌsáwa,ʌsáwa,iná,amá,,,ŋágan,kadzʌn,lubid,mabbitul,maddaget,,maŋanup,mamalattug; mamána,manuddug,maŋaddug,makkokot,mamatáy,natay,natólay,makkukkúd,,"kayu,; rappis",manalsag; mamalbag,natadʌm,naŋurʌl,mattarabáhu,mammula,,,lumtʌg,mappaggʌl,tinammit,makkórob,gumatang,bukasan,,mabbʌrʌd,nabbinaʔ,asú,annanúʔ,iplúg,dutdut,payaʔ,kumayab,,sabbit,tabbá,ipús,sabbád,aggʌs,kútu,,,laŋʌs,nadurít,,don,gamút,lappáw,*búŋa,kaddʌt,,batú,dagat,danúm,napaluŋ,,asín,laddá,sirat,laŋit,,bittwʌn,kúnʌm,lappát; aŋʌp,maguddan,,,,magaŋin,napásu,nalmin,namagá,nabasá,nadammát,apúy,masiʔdug,asúʔ,dábun,ŋísít,napudaw,daggaŋ,ŋilá,asúl,bittiʔ,dakʌl,ababbá,adaddú,nempís,naʔnʌg,,naláwa,,,dadán,bagú,nakastá,napós,kústu,gabí,álgaw,dagún,anuŋáy,,,,,,,yʌw,"yán,; tunin",adanní,adayyu,waʔcʌw,,,"inyan,; agginá",ittidá; itta; ŋa; duwá; ikamí,ikáw; ikayú,aggidá,maganna,inu,,amin; ngammin,,,,madiʔ; madí,mabbilaŋ,issá,duwwá,tallú,appát,lima,annʌm,pitú,wálu,siyam,mapulu,duwapulu,,magasut,
433,Mamanwa,9.44744,125.548,mama1275,J. & H. Miller in Reid (1971),190.0,https://abvd.eva.mpg.de/austronesian/language.php?id=433,ʔalima,wala,toʔo,paʔa,panaw,,,liso,langoy,maripaʔ,ʔabog,kindal,likod,tinaʔi,bɨkɨg,tinaʔi,pato,soso; dibdib,ʔabaga,kilala,,haldɨk,dogoʔ,ʔolo,liʔɨg,bohok,ʔirong,,hangod,baʔbaʔ,ngipin,dilaʔ,katawa,matay,soka,ʔɨlɨb,kaʔɨn,mamʔin,sobo; sɨnʔad,ʔinɨm,bangaʔ,sizɨp,talinga,batiʔ,mata,kita,,torog,,tagʔinɨp,loʔtoʔ,tindɨg,taʔo,ʔamaʔama,babazi,maʔimpis,bana,ʔasawa,ʔina,ʔama,lagkaw,ʔatɨp,ngaran,laʔong,lɨpɨs,ʔɨkɨt,tahiʔ,dagɨm,ʔanot,,karis,,kawat,patay,patay,,dikag; kalot,pikas,liwaʔan,,mahaʔit,habor,tarabaho,tanɨm,piliʔ,,,pislit,hawid,kabot,palit,,bazo,timbag,tanak,ʔidoʔ,manokmanok,ʔanak na manok,,ʔampak,lɨpad,ʔambaw,,honlas,ʔiki,halas,ʔolod,toma,tagnɨk,lawa,ʔisdaʔ,malataʔ,,dahon,gamot,boyak,protas,,lopaʔ,bato,nagʔas,sapaʔ,,dagat,ʔasin,danaw,banwa,langit,bolan,bitoʔon,gabon,,ʔoran,dagʔok,kilat,hangin,hoyop,maʔinit,matignaw,tahay; bolad,mabasaʔ,mabɨgʔat,gabok,sonog,ʔaso,ʔalibo,maʔitɨm,mapotiʔ,mararag,madolaw,grin,gɨzamay,dakolaʔ,ʔababaʔ,ʔataʔas,nipis,madamɨʔ,masiʔɨt,haloʔag,kasakit,masipɨg,daʔan; malaʔas,bagʔo,magazon,maʔonga,,kahabzan,ʔaldaw,toʔig,kaganʔo,tagoʔ,panik,,,,salad,,,ʔarani,ʔaroʔ,haʔin,hao,iko,iza,kami; kita,kamo,siran,ʔono sa,sinʔo,laʔin,tanan,,kon,pirang bolos,diri,bilang,ʔisa,dowa,tolo,ʔopat,lima,ʔɨnɨm,pito,walo,sizam,napoloʔ,karohaan,,ʔisang ka gatos,ʔisang ka libo
1258,Manide,14.1571,122.835,cama1250,Jason Lobel (2010),103.0,https://abvd.eva.mpg.de/austronesian/language.php?id=1258,,,,kalamanán,,kanóg,,,kanáway,,,bala-kís,,,beyón,,,,mugmúgen,,,kipút; tálaw,digî,,liés,bihék,ha-dúng,higkót,sagká,bag-áng,ngípen,katlúb,ságak,íbil,teg-ák,luntáb,,,,,kagót,hanggíp,sewéng,kalkál,,tálu,,píges,lubék,demgî,séngol,láwi,,behíon,séel,,,bakés,uminâ,umamâ,beléy,sagdém,ngádon,kádò,,gaót,,karáyum,,,,,tangkáw,pálà,pálà,,,,,,,,,,,,,,káhet,kúykuy,,,,,yakdág,ídì,,,gitgit,,,yagâ,,,,púo,bukbúk,,peléngot,,,,,dáhun,,,guún,,lemák,betû,aget-ét,,,dágat,,,,,bílan,,,,gemés,,kildóp,hi-néw,,,,,bebesî,bitéy,hapúy,tuúk,,,diklém,malím-at,madigdíg,,,mamátì,lawáan,bubuktít,huhúnat,,,,bebelág,,,,be-gí,,maláut,,takép,degów,,,tágì,áknit,,,he-penán,saód,huyí; huyû,huydî,kagíyan,awág,nadó,há-ku,hiká,hiyó,kitá; kamí,kamú,hidó,huwá-no; wá-no,,,,mat,,,yábot,bíyang,súpeg,,,,,,,,,,,,,
1641,Manide (Labo),14.1571,122.835,cama1250,Doroja (2017),209.0,https://abvd.eva.mpg.de/austronesian/language.php?id=1641,alima,kanan,kaliwa,sukab; bitiis,lakad,kanog,detung,,langoy,madumi,albok,anit,letak,bituka; bilbil,beyun,bituka,dialog,suso,mug-mugen,alam,isip,talaw,digi,mata,li-es,bihek,ha-dong,higkot,sagka,bag-ang,ngipen,katlob,sagak,ibil,teg-ak,luntab,kaon,,lekleka-leka,inom,kagot,anggit,seweng,kalkal,mata,talo,kindat,piges,lubek,demgi,sengul,lawi,tawo,lalaki,babayi,anak,lalaki a bakes,babayi a bakes,tata,tata,bayay,sagdem,ngadun,kado,lubid,,tahi,karayom,alaw,saksak,saksak; asok,labod; igo,tangkaw,pala,pala; napala,buhay; nabuhay,kalmot,ugtos,nayakdag a sanga,,matalas,mahamol,,,pili,,maga,,kahet,kuykoy,balot,bukas,dikdik; pungkot; bangkod,pesat; agsam,yakdag,idi,manok,bunay,bihek,pakpak,lipad,yaga,usa; laman,,buntot,pu-o,bokbok,kuto,pelengot,anlalawo,isda,lapa,sanga,dahon,ugat,bulaklak,,duot,lemak,betu,aget-et,tibig,gagalakan,dagat,asin,kaselsel-ati,kalasan; kakahewan,langit; himpapawid,bilan,bituon,panganod,alipuop,gemes,legpek,legpek,hi-new,hi-new,mainit,malamig,tuyo,bebesi,mabitey,hapuy,sulo,aso,abo,madiklem,malim-at,madigdig,,,mamati,dako,bubuktit; delemak,huhunat,manipis; daydayun,makapal,susopit,mahiwas,makulog,huya,matanda; luma,be-gi,magayun,malaot,tama,takep,bi-abi,taon,nun-a,,,,di,,,nu,nuydi,kagiyan,awag,nado,=ek; ha-ko,ka,hiyo,kika; kita; kami,kamo,hido; mahuyo-on,huwa-nu,hi-no,iba,lahat,,,papo-no,,biyang,sopeg,dawha,tatlo,apat,lima,anum,pito,walo,siyam,sampu,baynti,singkwenta,sopeg a daan,sopeg a libo
435,"Manobo, Ata (down-river)",7.7789,125.499,atam1240,V. Morey & U. Post in Reid (1971),184.0,https://abvd.eva.mpg.de/austronesian/language.php?id=435,boad,gibang,kawanan,paʔa,hipanow,,,ligot,lumbuk,maligsom,ʔalibu,laplap,poka,gotok,bokog,bituka,ʔatoy,susu; sosolobon,pamanayon,kataga,,hallok,langosa,ʔuu,liog,bulbul,ʔidung,,ngadog,boʔboʔ,ngipon,dioʔ,ngisi,sinogow,ʔiʔilob,ʔilob,koʔon,mamoʔ,kaloʔkaloʔ; sugba,ʔinum,kagat,supsup,talinga,dinog,mata,pitow,,hidogoʔ,,kadoʔot,pinnuʔu,sasingdog,ʔotow,lukos,boi,batoʔ,ʔasawa,ʔasawa,ʔinoy,ʔamoy,baoy,ʔatop,ngadan,kagi,lubid,higotan,toiʔ,dagom,panganup,,dugsuʔ,,takowon,himatoy,namatoy,,dogos; kutkut,pisang,kayu,,magaang,donon magang,hinang,pamua,ʔaam,,,pogoʔ,komkom,kalion,boli,,binayu,dogpak,kaʔuug,ʔasu,manokmanok,ʔatoug,bulbul,pakpak,layang,ʔambow,,taboʔ,ʔikug,ʔuod,liwati,kutu,hilam,taugabi,ngaap,kamouʔ,,doun,dalid,bulak,bogas,,basak,batu,bayokbok,woig,,dagat,ʔasing,ligtung,koilawan,langit,buan,bituʔon,gapun,,ʔudan,lugung,kilat,kaamag,hiup,moʔinit,mahagsil,mamada; dampil,nasubid,mabogat,hapuy,silab,ʔobol,ʔatigbun,moʔitom,mapotit,bagon,malalab,malugolugow,maintok (lintok),dakol,malibutut; malopot (lopot),maayat,manipis,makopal,maligʔot,mauʔag (luʔag),masakit,kasipod,buyag,ʔiam,madoyow,madoʔot,,maʔusilom,ʔallow,tuʔid,konʔu,hoos,pamanoik,,,,didalom,,,madani,madiuʔ,hondoʔi,,,,,,,nokoy,hontow,laʔin,tiboʔ,,ko,pila,konoʔ,soʔol,ʔisa,dadawa,tatou,hopʔat,lalima,honʔom,papitu,wawau,sasiam,sampuuʔ,kaawaʔan,,gatus,songo man
434,"Manobo, Ata (up-river)",7.7789,125.499,atam1240,V. Morey & U. Post in Reid (1971),215.0,https://abvd.eva.mpg.de/austronesian/language.php?id=434,bolad,gibang,kawanan,paʔa,hipanow,daan,hondini; hendini,ligot,lumbuk,maligsom,ʔalibu,laplap,poka,gotok,bokog,bituka,ʔatoy,susu; sosolobon,pamanayon,kataga,doromdom,hallok,langosa,ʔulu,liog,bulbul,ʔidung,gogoinawa,ngadog,boʔboʔ,ngipon,diloʔ,ngisi,sinogow,ʔiʔilob,ʔilob,koʔon,mamoʔ,kaloʔkaloʔ; sugba,ʔinum,kagat,supsup,talinga,dinog,mata,pitow,,hidogoʔ,,kadoʔot,pinnuʔu,sasingdog,ʔotow,lukos,boi,batoʔ,ʔasawa,ʔasawa,ʔinoy,ʔamoy,baloy,ʔatop,ngadan,kagi,lubid,higotan,toiʔ,dagom,panganup,,dugsuʔ,lampos,takowon,himatoy,namatoy,kabuiʔ; kabuhiʔ,dogos; kutkut,pisang,kayu,,magalang,donon magang,hinang,pamula,ʔalam,tubuʔ,tulin,pogoʔ,komkom,kalion,boli,pulas; puwas,binayu,dogpak,kaʔulug,ʔasu,manokmanok,ʔatolug,bulbul,pakpak,layang,ʔambow,sapuʔ,taboʔ,ʔikug,ʔulod,liwati,kutu,hilam,talugabi; talubagiʔ,ngalap,kamouʔ,,doun,dalid,bulak,bogas,hilamonon,basak,batu,bayokbok,woig,,dagat,ʔasing,ligtung,koilawan,langit,bulan,bituʔon,gapun,,ʔudan,lugung,kilat,kalamag,hiup,moʔinit,mahagsil,mamada; dampil,nasubid,mabogat,hapuy,silab,ʔobol,ʔatigbun,moʔitom,mapotit,bagon,malalab,malugolugow,malintok (lintok),dakol,malibutut; malopot (lopot),malayat,manipis,makopal,maligʔot,maluʔag (luʔag),masakit,kasipod,buyag,ʔiam,madoyow,madoʔot,malogot,maʔusilom,ʔallow,tuʔid,konʔu,holos,pamanoik,to,,ampow,didalom,so-i,sikan,madani,madiuʔ,hondoʔi,sikoddiʔ; kanakʔ,,sikandin,sikanta; kanta,koykow,sikandan,nokoy,hontow,laʔin,tiboʔ,woy,ko,pila,konoʔ,soʔol,ʔisa; sagbukaʔ,dadawa,tatolu,hopʔat,lalima,honʔom,papitu,wawalu,sasiam,sampuluʔ,kalawaʔan,lima na puluʔ,gatus,songo maan; songo malan
436,"Manobo, Dibabawon",7.85664,126.018,diba1242,J. Forster in Reid (1971),184.0,https://abvd.eva.mpg.de/austronesian/language.php?id=436,'bɨad,ka'waa,kalin'tuʔu,'kɨbɨng,hi'panɨw,,,'ligɨt,'languy,ta'libɨn,'bukbuk,kin'daa,tali'kudan,'gɨtɨk,'bɨkɨg,tiʔɨ,'ʔatɨy,'duduʔ; da'gaha,ʔa'baga,ki'laa,,ka'hadɨk,la'ngɨsa,'ʔuu,'liʔɨg,'bubu,'simud,,'ngadɨg,'baʔbaʔ,'ngipin,'dilaʔ,'ngisi,sinɨ'gɨw,gi'suka,'ʔilɨb,'kɨʔɨn,mama'ʔin,'sibu; 'lutuʔ,'ʔinɨm,'kagat,'sumsum,ta'linga,'dinɨg,'mata,'kita,,li'pɨdɨng,,taga'ʔinɨp,'ʔingkud,sa'kindɨg,'ʔɨtɨw,'lukɨs,'buyag,'bataʔ,'bana,ʔa'sawa,'ʔinɨy,'ʔamɨy,'baɨy,'ʔatɨp,'ngadan,ʔi'kagi,'pisiʔ,'hikɨt,'tabing,'dagɨm,pa'nganup,,'dugsuʔ,,'kawat,hi'matɨy,na'matiy,,'digis; 'kaus,gu'paa,'kayu,,ma'ʔutɨng,ma'ngaɨd,tra'bahu,'tanɨm,'pili,,,'pɨgaʔ,'kɨmɨʔ,'kali,'bɨli,,'bayu,'timbag,'ʔuug,'ʔiduʔ,'manuk'manuk,ʔɨ'tɨug,'lawi,pa'gikpik,'layang,'ʔambɨw,,'tabaʔ,'ʔikug,'ʔuɨd,'kaɨg,'kutu,'hilam,tambu'kawaʔ,'ʔisdaʔ,'dunut,,'dɨhun,'dalid,'bulak,'bɨgas tɨ 'kayu,,'pasak,'batu,'paɨk,'wɨhig,,'dagat,'ʔasin,'danɨw,kaka'yuhan,'langit,'buan,bi'tuʔɨn,'kibɨɨ,,'ʔudan,'lugung,'kilat,'kamag,'hiup,ma'ʔinit,ma'hagsil,'tahay; 'biad,ma'basaʔ,ma'bɨgat,'kayu,'sangab,'ʔɨbɨɨ,'ʔabu,ma'ʔitɨm,ma'putiʔ,ma'ɨgdɨg,'mahag,ma'ludɨw,ma'ʔintɨk,ma'ʔaslag,ma'sagkip,ma'habaʔä,ma'nipis,mada'mɨɨ,ma'ligʔɨt,ma'ɨwʔag,'sakit,ka'sikɨw,'dahan; mani'giʔin,'bayaʔ,ma'dɨyɨw,madɨ'ʔɨt,,kadu'kilɨm,'ʔadɨw,'tuʔig,ka'ganu,'hɨbɨng,'pɨnhik,,,,'diaʔ 'saad,,,ma'dani,ma'diuʔ,ʔan'dɨʔi,,,,,,,'nɨkɨy,ʔan'taa,'duma,'tɨbɨʔ,,kɨ,'pila,'kɨnaʔ,'bilang,sɨ,'dadu'a,ta'tɨu,'ʔupat,'lima,'ʔɨnɨm,'pitu,'wau,'siʔam,sam'puuʔ,kawa'ʔan,,'gatus,'maan
437,"Manobo, Ilianen (Kibudtungan Dialect)",7.34448,124.766,ilia1236,J. Shand & H. Wrigglesworth in Reid (1971),187.0,https://abvd.eva.mpg.de/austronesian/language.php?id=437,bɨlad,hiβang,kɨwanan,paʔa,ʔipanɨw,ḍāɬān,pəngkāy,tilɨng,pɨmaras,mɨrɨdsik,lipukpuk,lundis,pɨka,gɨtɨk,tulan,bitukaʔ,ʔatɨy,susu; kuming,pɨmɨnayan,kilala,,ʔandɨk,lɨngɨsa,ʔulu,liʔɨg,bulβul,ʔirung,hinawa,ʔɨbpɨngarɨk,bɨʔbaʔ,ngipin,dilaʔ,ʔɨngit,sinɨhɨw,ʔutaʔ,ʔilɨb,kaʔan,mimaʔan,diʔdiʔ; ʔilutuʔ,ʔinum,kahat,ʔɨdʔuhus,tɨlinga,rinɨg,mata,kita,,lipɨrɨng,,tɨhinɨp,pinuʔu,ʔitindɨg,ʔɨtɨw,mɨʔama,mɨritan,bataʔ,ʔɨsawa,ʔɨsawa,ʔinɨy,ʔamɨy,balɨy,ʔatɨp,ngaran,kahi,tali,ʔikɨt,pɨnaʔi,rahum,,,pilak,,tulis,ʔimatɨy,minatiy,,dihis; kɨtkɨt,karad,kayu,,mɨharang,mɨʔabpul,gɨlɨbɨk,pɨmula,pɨliʔ,,,kɨmɨs,kɨmkɨm,kalut,pɨmasa,bukaan,bɨβayu,ʔantug,pilɨy,ʔasu,pɨpnuk,ʔɨtɨlug,lawi,pakpak,layap,rumat,,milambuʔ,ʔikug,ʔulɨd,ʔulɨd,kutu,tɨhɨnɨk,kɨlawaʔlawaʔ,sɨraʔ,nɨrɨʔɨtan,,dawun,dalid,kɨkibukaran,bahas,,tanaʔ,batu,pantag,wayig,,dahat,timus,ranɨw,kɨtɨlunan,langit,bulan,bituʔɨn,sɨhulapun,,ʔuran,ruhung,kilat,kɨramag,pɨriyup,mɨʔinit,mɨʔadsil,mɨmara; kagkag,mɨʔamɨs,mɨβɨhat,ʔapuy,binsul,ʔɨβɨl,ʔaβu,mɨʔitɨm,mɨputiʔ,mɨrihaʔ,mɨkɨlawag,mɨʔilɨm,dɨʔisɨk,dɨkɨlaʔ,mɨbabaʔ,mɨlayat,mɨpis,mɨkɨpal,mɨlihɨt,mɨluʔag,sakit,yɨyaʔan,daʔan; lukɨs,bɨhu,mɨʔupiya,mɨraʔat,,mɨrukilɨm,ʔandɨw,rahun,kɨʔɨnu,ʔɨlɨa,ʔambak,,,,ringid,,,mɨrani,mɨriyuʔ,ʔɨndɨʔɨ,,,,,,,ʔɨngkɨy,ʔɨngkɨy ʔɨtawa,laʔin,langun,,ʔɨmbiya,pira,waraʔ,birang,sɨβɨka,dɨruwa,tɨtɨlu,ʔɨpat,lɨlima,ʔɨnɨm,pitu,walu,siyɨw,sɨpuluʔ,dɨruwa nɨ puluʔ,,gatus,ngiβu
438,"Manobo, Kalamansig Cotabato (Paril Dialect)",6.39417,124.234,cota1241,E. C. Johnston in Reid (1971),195.0,https://abvd.eva.mpg.de/austronesian/language.php?id=438,bɨlad,bibang,kuwanan,lisɨn,bigkat,ukitan; dalan,tebow; teel,kiling,kahung,luʔɨdɨn,kɨpung,kunul,ʔiyug,gɨtɨk,tuʔɨlan,tagakɨn,ʔatay,susu; kagpa,p̄ɨlula,kilayam,fenemdem,kɨkimɨdangan,dɨpanug,ʔulu,liʔɨg,balut ʔulu,ʔidung,ginawa,hadɨk,ʔɨbaʔ,ngipin,dilaʔ,gɨmɨn,sinɨgaw,suwah,ʔilɨb,kaʔɨn,mamaʔin,lukotok; ʔilɨgaʔ,ʔinɨm,hɨmuʔɨd,sɨp̄sɨp̄,tɨlinga,dinɨg,mata,ʔilag,fengiyab,tudug,humibat,tɨgɨʔinɨp̄,p̄ɨnuʔu,tigdɨg,ʔɨtaw,maʔama,bayi,bataʔ,sawa,ʔɨsawa,ʔinay,ʔɨmaʔ,dalɨsan,ʔatɨp̄,ngadan,ʔikagi,tali,tagkɨs,tɨbil,dagum,ʔawuh,fenaen; timbaken,dukduk,sugaten,p̄ɨnakaw,ʔimatay,nimatay,,mikikatil; kalus,sap̄uʔ,kayu,,mɨgalang,mɨkɨp̄al,galɨbɨk,hɨmula,hɨliʔ,,,bɨlut,kɨmkɨm,tosong,bɨli,,gɨleh,buʔung,kɨnabuʔ,tuyang,manuk,ʔanak manuk,bulbul,p̄akp̄ak,layaw,ʔungeh,,tabaʔ,ʔikug,ʔulɨd,ʔulɨd,kutu,lipɨt,kop̄oh,ʔuton,kɨlɨdak,,daʔun,dalid,bulok,bunga,,tanaʔ,batu,ʔɨnay,wayɨg,,dagat,timus,lanaw,kɨtalunan,langit,bulan,bituʔɨn,gaʔɨb,,ʔudan,kilat,silaʔ,kɨlamag,hiyup̄,miʔidup,mɨgɨnaw,nitikal; bikol,nɨp̄ɨleʔ,mɨbɨgat,ʔap̄uy,tɨmtɨm,ʔɨbɨl,ʔabuh,mɨʔitɨm,mɨbulaʔ,mɨlalɨgaʔ,mɨlalag,mɨlunu,tukeʔey,dakɨl,mipokoʔ,mɨtaʔɨs,mɨnip̄is,mɨkɨp̄al,tukeʔey,mɨlabɨl,mɨsakit,mɨmala,lukɨs,magtu,mɨp̄iʔon,mɨdaʔɨt,,sigɨp,ʔagdaw,sɨgɨp̄alay,nɨngan,lidung,kagbul,,,,likitanaʔ,,,mɨdap̄ag,mɨdiyuʔ,kɨnaʔ,,,,,,,ngadan,ngadan di ʔɨtaw,tigɨsa,langun,,ʔamuk,pila,bɨkɨn,ʔɨsaʔ,sɨbaʔɨn,duwa,tɨlu,ʔɨpat,lima,ʔɨnɨm,p̄itu,walu,siyow,sɨp̄uluʔ,duwa puluʔ,,mɨlatuh,sɨngibu
439,"Manobo, Sarangani, Kayaponga Dialect",5.84903,125.499,sara1327,C. DuBois in Reid (1971),184.0,https://abvd.eva.mpg.de/austronesian/language.php?id=439,bʌlad,bibang,kowanan,bʌnis,ʔipanaw,,,biling,dangoy,mʌlipaʔ,napoʔ,kindal,gʌtan,gʌtʌk,toʔlan,tʌgakʌn,ʔatay,soso; kagpa,pʌngʌtobong,kilala,,lamit,dipanog,ʔolo,liʔʌg,logay,ʔidong,,ʔadʌk,bahaʔ,ngipʌn,dilaʔ,bʌbayat,kʌlag,dʌlowak,tʌptʌp,kaʔʌn,mʌmaʔʌn,sʌbo; ʔʌlomo,ʔinʌm,bangaʔ,ʔamol,tʌlinga,dinʌg,mata,kitaʔ,,tʌdogi,,tʌgʌʔinʌp,nʌnoʔo,tindʌg,ʔotaw,mʌʔama,bayi,bataʔ,ʔʌsawa,ʔʌsawa,ʔinay,ʔamay,balay,ʔatʌp,ngadan,ʔikagi,lobid,ʔikʌt,tʌbil,dagʌm,dansal,,dogsʌng,,takaw,ʔimatay,matay,,kʌtʌl; kotkot,lintʌk,kayo,,mʌgalang,ʔomol,tʌrbaho,tanʌm,malliʔ,,,kʌmʌs,ʔawid,bangbang,bayad,,binayo,ʔantog,dagdag,toyang,manok,bataʔ tʌ manok,lakay,pakpak,layang,ʔambaw,,tabaʔ,ʔikog,mʌmokan,ʔʌliwati,koto,tigʌnʌk,lawaʔlawaʔ,ʔikan,lʌdak,,dawʌn,dalid,bolak,pongo,,tanaʔ,bato,ʔʌnay,wayʌg,,dagat,ʔasin,lanaw,kʌgolangan,langit,bolan,bitoʔʌn,labon,,ʔodan,kilat,kilʌm,kʌlamag,ʔʌdop,mʌʔinit,mʌgʌnaw,pangkag; ʔilad,mʌʔamʌs,mʌbʌgat,ʔapoy,sonog,ʔʌbʌl,ʔabo,mʌʔitʌm,mʌpotiʔ,mʌlalag,bolaʔ,mʌlonaw,dʌʔitʌk,dakʌl,mʌbabaʔ,mʌlayat,mʌnipis,mʌdikʌmʌl,mʌyaktaw,mʌbʌlad,ʔʌlʌg,yaʔyaʔ,tapay; tomoʔay,kaling,mʌʔpiya,bʌdaʔʌt,,dʌlʌm,ʔaldaw,ʔomay,kano,ʔʌlʌs,nayit,,,,salad,,,mʌdapag,mʌdiyoʔ,kʌnan,,,,,,,ʔʌdʌn,sɨnɨ,sʌbad,kʌdita,,ʔaw,pila,kʌnaʔ,bilang,sʌbad,dowa,tʌlo,ʔʌpat,lima,ʔʌnʌm,pito,walo,siyam,sʌmpoloʔ,kʌlowan,,gatos,mʌlalan
440,"Manobo, Tigwa, Iglogsad Dialect",7.72124,125.16,mati1250,C. Strong in Reid (1971),183.0,https://abvd.eva.mpg.de/austronesian/language.php?id=440,bɨlad,gibang,kawanan,paʔa,hipanɨw,,,biu,lumbuk,bungitɨn,ʔaliabuk,langgit,pɨka,gɨtɨk,tulʔan,bituka,ʔatɨy,susu; kuming,,nataga,,kaaldɨk,langɨsa,ʔulu,liʔɨg,bulbul,ʔidung,,ngadɨg,bɨʔbɨʔ,ngipin,dilɨʔ,ngisi,sɨnigɨw,ʔiʔilɨb,ʔilɨb,kɨʔɨn,kamamiʔ,kaliʔkaliʔ; susugba,ʔinum,kagat,supsup,talinga,dinɨg,mata,kita,,lɨpidɨng,,kasɨilɨw,pinnuʔu,sasindag,ʔɨtɨw,lukɨs,malitan,batɨʔ,ʔasawa,ʔasawa,ʔinɨy,ʔamɨy,balɨy,ʔatɨp,ngadan,kagi,lubid,hikɨt,tɨiʔ,dagum,panganup,,dugsuʔ,,takɨw,himatɨy,namatiy,,digis; kutkut,pisang,kayu,,magalang,kɨnɨgʔutɨng,huling,pamula,ʔalam,,,pɨgɨʔ,kɨmkɨm,kali,palit,,binayu,dɨgpak,kɨʔulug,ʔasu,manukmanuk,ʔatɨlug,lawi,pakpak,layang,ʔambɨw,,tabiʔ,ʔikug,ʔulɨd,liwati,kutu,higtɨk,kalawɨʔlawɨʔ,ngalap,namɨuʔ,,dɨun,dalig,bulak,bɨgas tɨ kayu,,tanɨʔ,batu,pantad,wɨig,,dagat,ʔasin,lanɨw,kɨilawan,langit,bulan,bituʔɨn,gapun,,ʔudan,lugung,kilat,kalamag,hiup,miʔinit,maagsil,mammada; dampil,nasubid,mabɨgat,hapuy,silab,ʔɨbɨl,ʔatigbun,mɨʔitɨm,maputiʔ,malalab,makalawag,mɨilɨm,dɨʔisɨk,dakɨl,malipit,malayat,manipis,makɨpal,maligʔɨt,maluʔag,masakit,kɨilɨw,tapiy; buyag,bagʔu,mɨʔupia,madɨʔɨt,,madusilɨm,ʔaldɨw,tuʔid,kɨnʔu,hɨlɨs,pamanɨik,,,,silib,,,madani,madiuʔ,hɨndɨʔɨ,,,,,,,nɨkɨy,hɨntɨw,dangɨb,ʔɨlinʔɨlin,,kɨ,pila,kɨnɨʔ,sɨʔɨl,sabɨka,dadua,tatɨlu,hɨpʔat,lalima,hɨnʔɨm,pitu,walu,siam,sapuluʔ,daduam puluʔ,,nanggatus,libu
441,"Manobo, Western Bukidnon",7.6682,124.825,west2555,R.E.Elkins in Reid (1971),183.0,https://abvd.eva.mpg.de/austronesian/language.php?id=441,bɨlad,givang,kɨwanɨn,paʔa,hipanɨw,,,biyu,languy,,ʔɨliyavuk,lundis,pɨka,gɨtɨk,tulan,bituka,ʔatɨy,susu; kuming,pɨmɨnayɨn,kilala,,handɨk,lɨngɨsa,ʔulu,liʔɨg,bulvul,ʔizung,,hazɨk,baʔbaʔ,ngipin,dilaʔ,ʔɨngit,luǥib,ʔutaʔ,ʔilɨb,kaʔan,mimaʔan,diʔdiʔ; suba,ʔinum,kaǥat,supsup,tɨlinga,dinɨg,mata,ʔahaʔ,,lipɨzɨng,,tɨǥiʔinɨp,pinuʔu,bitindɨg,ʔɨtɨw,mɨʔama,bahi,bataʔ,ʔɨsawa,ʔɨsawa,ʔinɨy,ʔamɨy,balɨy,ʔatɨp,ngazan,kagi,pisiʔ,hikɨt,tahi,raǥum,ʔanup,,tɨmpaling,,takɨw,hɨmatɨy,minatiy,,digis; kutkut,karad,kayu,,garang,dumpɨl,baʔul,pɨmula,piliʔ,,,kɨmɨs,kɨmkɨm,banbang,pɨmasa,,bɨvauy,timbag,ʔulug,ʔasu,tagbis,ʔimpis,lawi,pakpak,layang,rumat,,taviʔ,ʔikug,ʔulɨd,liwati,kutuʔ,rɨngit,kɨlɨlawaʔ,paʔit,rɨdak,,dahun,dalid,kɨvukad,bɨgas,,tanaʔ,batu,pantad,wahig,,daǥat,timus,ranɨw,kɨtɨlunan,langit,bulan,bituʔɨn,gapun,,ʔuzan,ruǥung,kilat,kɨramag,hiyup,ʔinit,gɨnɨw,maza; kagkag,hamɨs,bɨǥat,hapuy,binsul,ʔɨvɨl,ʔibmuk,ʔitɨm,putiʔ,riǥɨʔ,kɨlawag,ʔilɨm,dɨʔisɨk,dɨkɨlɨʔ,bavaʔ; dɨʔisɨk,layat,nipis,kɨpal,liǥɨt,luʔag,sakit,ʔɨlɨd,daʔan; gurang,bɨǥu,ʔupiya,daʔat,,dukilɨm,ʔandɨw,tuʔig,kɨʔɨnu,ʔɨlɨs,pɨmɨnahik,,,,dizalɨm,,,ʔuvɨy,diyuʔ,hɨndɨʔɨ,,,,,,,hɨngkɨy,hɨntɨʔi,sɨvɨha,ʔɨlin,,ʔɨmum,pira,kɨnɨʔ,bilang,sɨvɨha,dɨzuwa,tɨtɨlu,hɨʔɨpat,lɨlima,hɨʔɨnɨm,pitu,walu,siyɨw,sɨpuluʔ,kɨluwaʔan,,gatus,libu
442,Mansaka,6.79221,126.181,mans1262,G. Svelmoe in Reid (1971),231.0,https://abvd.eva.mpg.de/austronesian/language.php?id=442,bɨktɨn,kawara,karintu na ʔutaw,bitiʔis,panaw,daran; ʔagiyan,kaní,sigɨng,languy,maripaʔ,ʔăbug,paris nang ʔutaw,likud nang ʔutaw,dɨbdɨb,pɨsaʔ,tinaʔi,ʔatay,ʔăba,ʔabaga,kilara,ungud-ungud,ʔallɨk,duguʔ,ʔuru,liyɨg,lugay,ʔilung,ginawa,baʔuʔ,babaʔ,ʔuntu,dilaʔ,ʔikɨl,tiyaʔuʔ,sukaʔ,tubad,kaʔan,mamaʔ,subu; lutuʔ,ʔinɨm,kagat,sɨpsɨp,taringa,dɨngɨg,mata,kitaʔ,,turug,koráng; páklang,tagaynɨp,ʔingkud,ʔindɨg,ʔutaw,ʔɨsɨg,bubay,ʔisɨʔ,bana,ʔasawa,ʔinaʔ,ʔamaʔ,baray,ʔatɨp,ʔaran,surit,lubid,ʔɨkɨt,tabing,dagɨm,ʔagus,timbak; pintik,dusmag,ʔigoʔ,takaw,patay,patay,,katɨl; karut,kilab,kapuy,tungaʔ; siyak; baʔin,matarum,mangangɨl,gawbɨk,tanɨm,piliʔ,toboʔ; tórin,magaʔ; ʔubag; borot,kɨmɨt,takmag,kutkut,bili,ʔowáng,lɨbɨk,timbag,ʔurug,ʔidug,langgam,ʔitlug,bubul,panid,layug,ʔambaw,silaʔ; ʔonod,taviʔ,ʔikug,tinanap,karɨg,kutu,tagnɨk,kugkug,kaya,dŭnut,sanga; batáng,daʔun,gămut,bulak,bunga,sagbút; dagút,lupaʔ,batu,buwangin,tubig,daroy; ʔágas; ʔanod,dagat,ʔasin,danaʔ,kagurangan,ʔawanan,buran,bituʔun,panganud,ʔaroʔ; gabon,ʔuran,lintiʔ,kilat,samɨt,ʔuyup,mapasuʔ,manikiʔ,baʔas; birad,basaʔ,mabɨgat,ʔaturun,sunug,ʔɨbɨl,ʔabu,maʔitɨm,maputiʔ,mapura,binaning,marunaw,tagbiʔ,dakuraʔ,pandak; makagpaʔ,maʔabaʔ,manipis,madakmɨl,mapiyɨt,marakbang,masakit,ʔarig,dadaʔan; matading,bagu,dăyaw,maʔat,matungtung; tinuud,gabi,ʔallaw,tuʔig,kanu,taguʔ,panik,,,,sarad,ngini; yani,nginyan; yaan,masaʔid,maʔawat,diʔin,ako,ikaw,siya; yaan,kami; kita,kamo,silan,nana,sini,tubuk,karikuʔă,aw; arag,ʔaw,pila,bɨkɨʔ,bilang,ʔisa,duwa,turu,ʔupat,lima,ʔɨnɨm,pitu,waru,siyam,sampuruʔ,karuwaʔan,karimaan,gatus,mararan
491,Mapun,6.09061,118.75,mapu1244,Mapun-English Dictionary (Collins et al 2001),366.0,https://abvd.eva.mpg.de/austronesian/language.php?id=491,tangan,kayli; kili,kawnan; konan,battis; bittis,lumān,lān,pitu,bibay; bibud; biluk; liko'; paling; sigpang,langi,lama'-lama'; lama',momok,kuwit,bukut,babat; battong,towang,babat; tabbuk,atay; atoy,dakan; duru',baha,tau; toon,hiyang-hiyang; kanna; kumpas; niyat; piki,tawu,laha',kōk; takōk,kallong,dawun; dun,sammo,inansong; napas,sangngok-sangngok; ūk,behe,impon,dalla',tatto,tangis,uta',lura'; luwa,kakan; mangan,papa',buwat le' mangan; tahak,inum,keket,sassop,tinga,kē; kale,mata,kita; nda',owap,tuli,bāk,upi,tingkō,tangge,jama; manusiya',lalla,danda,anak,lla,nda,indu'; nne',mma',luma',sapaw,awon,bā'; halling; kawul; lapa; suwara; yuk,ingkot,ingkot; bintus; lagot,tahi',panahi',,timbak,dugsu'; punyal; suruk; tugsuk,badji; suntuk,tangkaw,bono'; patay; patoy,imuwa; matay; patay; uwapat; wapat,lahat,gahit; kakayaw,kantama'; tigad,,bakka'; leak; selak,tawom,tompo; pappod; popo,buwat,labbong; tanom,pene',tomo',buntu'; kattud; kattung,gipit; pagga'; passi,ntan; kammo; komkom; tayak,kali,balli,buka; buka'; bukis; lassu,tappa; dapi'; lagpi',hiyak,labu'; latak; hantak,ido'; iro',manuk-manuk,intallo; ntollo,bū,pikpik,lomeng,babaw,sumbalian; isi,hambug; lammok,ingko,sō,uwot,kutu,langnget,lawa',daying,halu',engas,dawun; dun,gamut,sumping-sumping,buwa',tahid; kuhun; parang; lumput,gumi; tana',batu,ungus,bohe',liyud,dilawut,timus,danaw,guwangan,awan; langit,buwan,potean,tayi' baliyu,ambun,uwan,guntu,mangirat,baliyu,tiyup,pasu',tanne,kaling; katta'; laggu'; langkoy,base'; ngambang,bohat,api,tunu,humbu,abu,itom,pote',akket; ngallab,kunit,garung,diki',luha; mehe,pinggod; pook,taha',lannik; nipis; usuk,baga; kapa; sabbo,kiput; pipit,lambu; sabbo,bisa; paddi; saki,iya',toa,bahau,mahāp,maat; dahulaka'; dusa; jahallis; kalaatan; tillaka',mattan; patut; tuwa'; bana; matten; sabanna,bahangi; sangom,allaw; llaw,taun,milan; apabila; bila; bong; hmilan; pag; sumilan,tapuk,dāg,hambit; hiyun; huwin; ni,ni; jawom,jatá; jataan; njataan,ndiyò; ngammo,itee; ituu; tē; tee; tuu,ilooy; inē; inaa; looy; naa; nee,pook; tapit; tappi,tā; lawak,ningga; ninggai; noy,aku; ku,ko; kau,ya; iya; na,kami; kitabi; ta; tabi,bi; nu; kaam; kam; ko,da; sila,oy?; soy,soy,sarī,labbasakayi; lansung; lunlun; mimon; sikamimon; suku,ka; maka,apabila; bila; bong,pooy,niya'; ya',itung,dambuwa'; disu; issa; mba'; mbuwa',duwa,tallu,mpat,lima,nnom,pitu',wawu',siyam,sapū,duwampū',limampū',hatus,libu
86,Maranao,7.79414,124.175,mara1404,McKaughan & Macaraya (1967),224.0,https://abvd.eva.mpg.de/austronesian/language.php?id=86,lima,diwaŋ,kawanan,aqi,lalakaw,lalan,danon,tiŋer,laŋoy,marimog,lopapek,anit,likod,babat; tian,tolan,tinaqi,atay,soso,waga,bentaw; katawan,iram,kawan,rogoq,olo,lig,bok,ŋ|iroŋ,peŋ-gi|nawa,baŋo,ŋariq,ŋipen,dilaq,kalaq,olaqol,otaq,otaq,kan; koman,sepaq,lotoq,inom,kekeb,sosop,taŋila,makineg,mata,ilay,,torog,igaq,taginep,ontod,i|rigi,taw,mama,bebay,bataq,kawiŋ,kawiŋ,inaq,amaq,walay,atep,ŋaran,gandiŋ,tali,iket,pamanaqi,ragom,anop,timbak; panaq,sandak,totog,panekew,bonoq,matay,oiag,kaket,titig,kayu,sipak,tarem,tepol,kogi,pamola,piliq,toq,kembaŋ,kemel,kapet,kali,mamasa,okab,dakdak,itog,olog,aso,papanok,orak,bolbol; bombol,papak,layog,ria,sapoq,siboq,ikog,nipay,kalalanoqan,koto,reŋit,lalawaq,sedaq,gabok,saŋa,raqon,dalig,bolak,[b]oŋa,otan,boteq,wato,peted,ig,boak,ragat,asin,lanaw; ranaw,kalasan,laŋit,olan,bitoqon,gabon,lekep,oran,dagoqoŋ,kilat,aŋin,sagosob,ma-lipoqot,ma-teŋgaw,ma-gaŋo,basaq,beteŋan,apoi,totoŋ,bel,ombi,ma-item,ma-potiq,ma-rigaq,dolaw,gadoŋ,ma-itek,dakolaq,ma-babaq,ma-labaq,ma-nipis,ma-kapal,ma-simpit,ma-belaŋ,ma-sakit,ma-mala,ma-toqa,bego,ma-pia,ma-rataq,ontol,gagaoiqi,aloŋan,ragon,ai; anda,dales,ma-manik,san,san; romboq,liawaw,babaq,ini,anan,ma-rani,ma-watan,anda,ako,ka; kaw,sekanian,kita; kami,kano,siran,ai; anda,antai,sambidaq,belos,[a]go,ontol,ai; anda,diq,bilaŋ; iap,isa,doa,telo,pat,lima,nem,pito,walo,siyaw,sapoloq; poloq; watiq,dowa poloq,lima poloq,gatos,nggibo
788,Marinduque Tagalog,14.06,121.747,taga1270,Rosa Soberano,140.0,https://abvd.eva.mpg.de/austronesian/language.php?id=788,kamay,kaliwa,,pa:qa,la:kad,da:qan,,,,marumi; madumi,qalbuk; qalpug,balat,,tyan,butqu,,qatay,su:su,,,mag-isip,,duguq,qu:lu,li:qig,buhuk,qilung,,suminghot; amuyin,bibig,ngi:pin,di:laq,,,,duraq,ka:qin,,,qinum,kagat; kalut,,taynga,dinig,mata,ki:ta,hakay,tu:lug,higaq,,qupuq,tindig,ta:wu,lala:ki,baba:yi; baba:qi,,,,,,,,panga:lan,sa:bi; ganqun; gaqun,,,,,,,,,,mapatay,mamatay,,,tadtad,,,mata:las,mapurul; bungul,,,,,,,,,,,,,,qa:su,qi:bun,qitlug; qiklug,balahi:bu,,lipad,,karni; qu:lam,tabaq,buntut,,qu:hud,ku:tu,namuk,la:waq,qisdaq; qu:lam,bulok,,da:hun,qugat,,,,lu:paq,batu,buhangin,tu:big,,da:gat,,,,,bu:wan,bitu:qin,panganu:rin; qalapa:qap,,qulan,,,,hi:hip,maqi:nit,malamig,tuyuq,,mabigqat,qapuy,su:nug,qasu; qu:suk,qabu,qitim,putiq,pula,dilaw,,mali:qit,malaki,maikli; maigsi,maha:baq,manipis; silag,,makipot; makitid,,,,,ba:gu,,,hustu,gabqi,qa:raw,,kaqilan,,qakyat; qadyu; panhik; sampa,sa,lu:qub,,,qitu,yaqan; yan; yuqun; yun,,,saqan,qaku,qikaw,sya,kita; ta:yu; kami,kayu; kamu,sila,qanu,si:nu,qiba,lahat,,,paqanu,hindiq; qindiq,,qisa,dalwa,,,,,,,,,,,,
755,Masbatenyo,12.21453,123.63579,masb1238,Elmer P. Wolfenden,267.0,https://abvd.eva.mpg.de/austronesian/language.php?id=755,kamot,wala,tuo,tiil,lakaw,dalan,magdáyo,maglikô,maglangóy,buringón; màatî; mahigkô,abog. alpog,panit,likod,tiyan; pus-on,tul-ang; bukog,tinâi,atay,suso; dudo,abaga,mag-árà,magísip; maghúnà,magtálaw; mahadlók,dugo,ulo,liog,buhok,irong,magginháwà,maghíngos,ba-ba,ngipon,dila,magtawá,magtángis; magngúsngos,magsuká,magludâ; magtúpra; maglúwà,magkâon,supàón,magsugnâ; magsung-ág,mag-inom,magkagát,magsupsóp; magyupyóp,talinga,magbatî,mata,magkítà,maghákay; maghuy-áb,magkaturóg,maghigdâ,magdámgo,mag-ingkód,magtíndog,tawo,lalaki,babayi,anak,asawa,asawa,iloy,ama,balay,atop,ngaran,magsábi,pisi,gakúton,magsórsi,dagom,mangáyam,magtíra,magbunô,mag-úmpag,maghúthot; magpandúkot,magpatáy,mamatáy,buhay,magkárot; magkáyas,magpútol,kahoy,magbuák; maggís-ak,mataróm,mangángol,maghiwág,magtanóm,magpílì,magtúbò; magturók,magbútod; maghubág,magpugâ,maghúyot,magkútkot; mag-úkat,magbakál,mabuká,magbalbág,magbunô,maghúlog; magbagsák,aso; ayam; ido,sapat,itlog,barahibo,pako; pakpak,maglupád; magláyog,iraga; yatot,unod,taba,ikog,ahas; sawa,bulati; ulod,kuto,namok,lawa,isda,bulok; dunot,sanga,dahon,gamot; ugat,burak,bunga,siot; dinghot,duta,bato,baybay,tubig,mag-ágay; mag-ílig; màáwas,lawod,asin,,kakahúyan,langit,bulan,bituon,dampog,alupuop; dampog; singaw,uran,dalugdog; daguhob,idlap; kidlat; kilat; linti,hangin,huyupón,mà-inít-inít,mahagkót; matúgnaw,mamará; uga,basa,mabug-at,kalayo,mag-ánta; mag-úlyab,aso; usok,abo; agbon,itom,puti,pula,dulaw,birde,dyot; dyutay,dako,halíp-ot,halabâ; halawíg,manipís,dakmol,makípot; masígpit; hayigpit,halapad,sakit,alo,laon; lagas,bag-o,màáyo,lain; maràót,tama; matûod,gab-i,adlaw; araw,tuig,san-o,magtágò,magsakâ,nasa,sulod,ibabaw,ubos,ini,ina; idto,halápit; harani; apiki,harayo,hain,ako,ikaw; ka,siya,kita; kami,kamo,sinda,ano,sin-o,iba,tanan,kag,kun,pan-o; sing-ano,indi,magbílang,isad,duha,tulo,upat,lima,unom,pito,walo,siyam,napúlò,baynte; binte,singkwenta,gatos,libo
1467,Mindoro Tagalog,14.06,121.747,taga1270,Native Tagalog speaker,240.0,https://abvd.eva.mpg.de/austronesian/language.php?id=1467,kamay,kaliwâ,kanan,bintî; paa,lumákad,daan; landás,dumatíng,lumikô,lumangoy,madumí; marumí,alikabok,balat,likod,tiyán,butó,bituka,atay,suso,balíkat,malaman,isipin,matákot; maduwag,dugô,ulo,leeg,buhok,ilong,humingá,singhutín; amuyín,bibig; bunganga,ngipin; ipin,dila,tumawa,umiyak,sumuka,lumurâ; dumurâ,kumain,nguyaín,lutuin,inumín,kagatín,sipsipín,tainga,madingig; madinig,matá,makita,humakay; humikab,tumúlog,humigâ,managínip,umupô,tumayô; tumindig,tao,lalaki,babae,anak,asawang lalaki,asawang babae,iná,amá,báhay,atip; bubóng,pangalan,sabihin,lúbid; tali,itali; igapos,tahiín,karáyom,mangaso,panain,saksakin,paluin,nakawin,patayín,mamatay,mabúhay,kamútin,sibakín,patpat,hatíin,matalim,mapurol,,magtaním,mamílî,lumakí; tumaás,mamagâ; magnána,katasín,hawákan,hukáyin,bumilí,buksán,bayuhín,batuhín,malaglag,áso,íbon,itlóg,bagwís; balahíbo,pakpak,málipad,dagâ,karne; lamán,tabâ,buntot,áhas; ulupóng,buláte; anlalágo,kúto; lisâ,lamok,gagambá; láwâ,isdâ,bulok; agnás,sangá,dahon,ugat,bulaklak,bunga,damó,lupâ,bató,buhángin,túbig,umágos,dágat,asín,láwa,gúbat,lángit,buwan,bituín,úlap,alapáap,ulan,kulog,kidlat,hángin,umíhip,mabanás; maínit,magináw; malamíg,tuyô,basâ,mabigat,apoy,sunúgin,úsok,abó,itim,putî,pulá,dilaw,berde,malíit,malakí,pandak,mahába,manipís,makapal,makípot,malúang,masakít,mahiyáin,matandâ,bágo,mabúti,masamâ,támâ; totoó,gabí,umága,taón,kailán,itágo,umakyat,sa,loob,itaás,ibabâ,itó,iyán; yan,malápit,maláyo,saán,akó,kayó; silá,siyá,táyo; kamí,ikaw,silá,anó,síno,ibá,lahat,at,kung,paáno,hindí,bilángin,isá,dalawá,tatló,ápat,limá,ánim,pitó,waló,siyám,sampû,dalawampû,limampû,isang dáan; sandáan,isang líbo; sanlíbo
1208,Naga Bikol,13.7574,123.403,cent2087,Geopoet,160.0,https://abvd.eva.mpg.de/austronesian/language.php?id=1208,iabot,wala,too,bitis,maglakaw,dalan; tinampo,magdigde,bumirik,maglangoy,maation,alpog,onit; kublit,likod,habayan,túlang,bituka,atay,suso,abaga,makaaram,mag-isip,matakot,dugo,payo; pamayuhan,liog,buhok,dungó,maghangos,magparong,nguso,ngipon,dila,magngirit,maghibi,sumuka,magdurá,magkakan,magnguya,magsapná,mag-inom,magkagat,magsupsop,talenga,magdangog,mata,maghiling,maghakay,magturog,maghigda,mangaturogan,magtukaw,magtindog,tawo,lalake,babaye,ake,agom na lalake,agom na babaye,iná,amá,harong,atop,pangaran,magsabi,lubid,gakudan,sorsihon,dagom,,badilon,saksakon,tamaan,habonon,gadadon,magadan,mabuhay,kaloton,putulon,igatong,baakon,matarom,,magtrabaho,magtanom,magpili,magpatalubo,,magpiris,kaputan,magkalot,magbakal,bukason,pulpugon,iapon,ihulog,gadyá,gamgam,sugok,barahibo,pakpak,maglupad,kinó,karne,tabá,ikog,halas,bulati,,namok,lawá,sirá,lapá,sanga,dahon,gamot,burak,prutas,awot,daga,gapo,baybay,tubig,magbulos,dagat,askad; asin,,,,,,,,,,,,,,,,,,,,,,,,,,,,,,,,,,,,,,,,,,,,,,,,,,,ibab a,ini,yan,harani,harayo,saen,ako,ika,siya,kita,ika,sinda,ano,siisay,iba,gabos,asin,kun,paanuhon,dae,magbilang,saro,duwa,tolo,apat,lima,anom,pito,walo,siyam,sampulo,duwampulo,limampulo,sanggatos,sanribo
265,Palawan Batak,10.1115,119.025,bata1301,Lawrence A. Reid,361.0,https://abvd.eva.mpg.de/austronesian/language.php?id=265,ʔalima; ʔalíma,gibaŋ; gíbaŋ,ʔuanan; wanán,ʔaʔay; ʔaʔáʔi,panaw; maglakád; mag-panáw,dalán,muʔatkakaʔíni,magbíriŋ,mag-gáman,ma-buriŋ; damút; ma-ríŋa,ʔapuk; ʔapík; ʔapók,kulit; kolít,gɨrɨŋ; gərə́ŋ,tináʔi,tuʔláŋ,tináʔi,ʔatay; ʔatáy,dudu; dudúʔ,ʔabaga; ʔabagá,maka-táwan,mag-ísip,takut; mag-tákot,tagɨk; tagúk,ʔulu; ʔóloʔ,liʔɨg; líʔəg,buaʔ; buwáʔ,ʔuruŋ; ʔoróŋ,,ʔarɨk; ʔarúk; mag-árək,baʔbaʔ; baʔbáʔ,nipɨn; nipún,dilaʔ; dílaʔ,saya; daŋákŋak,taŋís; mag-taŋís,suka; mag-sukáʔ,surpa; mag-súpraʔ,káʔən,mag-súbo,magiwára,ʔinum; mag-inúm,baŋkíʔ; mag-baŋkíʔ,sɨssɨp; mag-igup,talíŋa,batiʔ; mag-dəŋə́g,máta; kadawaʔári,lɨʔgan; mag-lə́ʔgan,,ʔɨdɨp; mag-ədə́p,mag-líŋən,tagaʔimpen; tagayímpun; tagínup,rɨgɨd; ʔaduŋ; mag-adúŋ,tindɨg; mag-tiŋdəg,taw; táʔo,lalaki; laláki,babay; babáʔi,ʔanak; ʔanák,ʔasawa; ʔasáwa,ʔasawa; ʔasáwa,ʔinaʔ; ʔináʔ,ʔama; ʔamáʔ,balay; baláy,ʔatɨp; ʔátəp,ŋarán,sugid; mag-ámpaŋ,lúbid,ʔɨkɨt; mag-bakə́d; mag-əkə́t,taik; mag-taʔík,dayum,,mag-pánaʔ; mag-pusít,,balbág,takaw; mag-panakáw,ʔimatay; ʔimatáyən,napatay; patáy,ʔəgə́n,taristis; makárod,ratak; mag-ərə́t,kayu; kayó,mag-bəkáʔ,ma-tarə́m,ma-ʔabul; na-tamól,ʔubraʔ; mag-obrá,ʔiluak; ʔilbə́ŋ; mag-luwák,piliʔ; mag-píliʔ,,kɨdpɨs; mamagə́ʔ,,kuitan; kumúytan,kali; mag-káli,ʔalaŋ; mag-aláŋ,mag-ʔabrí,lɨbɨk; mag-ləbə́k,tilib; ʔitlíb,lambɨg; láʔob; ma-lambə́g,kɨʔdɨŋ; kəʔdə́ŋ,manmanók,tiʔlug; tíʔlog,lawi; bulbúl,ʔɨlad; ʔə́lad,layug; mag-layóg,ʔaŋbɨʔ; ʔaŋbúʔ,ʔisí,linuk; linúk,ʔikug; ʔikóg,dukul; dokól,lúʔluy; ʔugdás,kutu; kotó,namuk; namók,lawaʔ; láwaʔ,sɨdaʔ; ʔisdáʔ; sədá,na-rumút,sáŋa,daun; dáʔon,gamut; gamót,buraburak; bulaklák,buŋa; buŋá,ʔirbə́s,lugta; logtá,batu; bató,nɨknɨk; ʔunáy,danum; danúm,mag-bə́lbəg,taʔɨb; poróʔ; taʔə́b,budbud; ʔasín; budbúd,buuŋ; danáw,tálon; kakayúʔan,laŋit; laŋít,bulan; bulán,panakonún,paŋanúd; ʔodúm,túgpu,lɨbɨg; ləbə́g,duldug; duldúg,kudláp,dɨrɨs; dəʔaʔə́s; dərə́s,ʔuipan; mag-úypan; mag-dərə́s,ma-randaŋ; ma-rəndáŋ; ma-liʔŋət,ma-ramig; ma-rəmíg,ma-maraʔ; ma-raŋú,maɨmɨg; maʔə́məg,ma-bɨʔgat; ma-bə́gat,ʔapuy; ʔapóy,dɨkɨt; maʔántəŋ,tabuk; tabók,ʔabu; ʔábo,ma-ʔilɨm; ma-ʔilúm,ma-lanti; ma-korís,ma-skɨt; ʔundimán; ma-siŋí,ma-kaláwag; maduláw,ma-dulaw; ma-ʔilúm,gɨtiɨk; gətíʔək,dakulaʔ; dakúlaʔ,diʔput; didiʔpút,ʔabuat; ʔabwat,ma-nipís,ma-damɨl; ma-duməl,piʔɨl; ma-piʔkə́d,ma-labɨg; ma-rugár,ma-ŋalŋal; ma-ŋə́lŋəl,,guraguráŋ,baʔgu; baʔgó,ma-gayɨn; ma-gayə́n,ma-kawát; raʔuráət,,dɨlɨm; dələ́m,ʔaldaw; ʔaldáw,taʔun; taʔón,saʔnu; insaʔno,tagu; pa-tagóʔ,sakwal; suʔakwál,,ʔadalúm; ʔubtáŋ,díbwát,sirib; siruŋ; logtá,ʔiaʔini; ʔiaʔitu; ʔiyaytó; kaʔini,ʔiaʔian; ʔiaʔiti; ʔiyatí; dáto,sabíʔ,ʔalawid; ʔaláwid,káʔi,ʔaku; ʔakó,ʔikaw; ʔikáw,kánya,kitami; kíta; kámi,kamu; kámo,sira; kaníra,ʔunu; ʔóno,siʔu; siʔó,,tanan; tanánan,,,móʔno,daʔgwa; bəlág; dágwa,bílaŋ; mag-bílaŋ,ʔɨsa; ʔəsa,dua; duwá,tulu; tulóʔ,ʔɨpat; ʔə́pat,,,,,,,,,,
405,Pangasinan,15.9377,120.365,pang1290,Emerich Daroya,308.0,https://abvd.eva.mpg.de/austronesian/language.php?id=405,lima,caoigi,caoanan,sali; bih-king,acar,carsada; dalan; lansangan,laka; unla; gala,liko; telek,langoy,marutak; dutak,dabok; dutak,balat; baog; ubak,beneg,eges,pokel,pait,altey,suso,takeb,amta,nunot,takot; antakot,dala,ulo,beklew; tenger,buek,eleng,engas,angob,sangi,ngipen,dila,elek; unelek,akis; unakis,uta; unuta,lutda; unlutda,mangan,acan; quetquet; gatgat,luto; manluto,inom; uninom,quetquet; quetqueten,supsop; supsopen,layag,denguel; denguelen,mata,nengneng; nengnengen,uoab; oab; unoab,ogep; unogep,ducol; unducol,mancocoguep,irong; unirong,laguey; unlaguey,too,laki,bii,ugaw; anak,asawa; masiquen,asawa; aculao,ina,ama,abong,atep,ngaran,baga; ibaga,singer; taker; lubir,isinger,dait; idait,dagum,anop,tira; tiraen; paltog,saksak; saksaken,tira; tiraen,mantakew,manpatey,unpatey; inatey,nabilay; abilay,gugo; gugoen,manbisil,kiew; kiyew; bislak,paldua; palduaen,macdem,epel,mantrabajo; trabajo; kimey; mankimey,mantanem; tanem,manpili; pili,tubo; untubo,onlarag; unlarag,pespes; pespesan,imben; imbenan,kutkot; mankutkot,saliw; mangaliw,lucas; lucasan,tapok; bayo; bambu,tupac; itupac,pelag; napelag; pattak; napattak,aso,manok; taras,itnol,bago,payak,tikyab; untikyab,utot,carne; laman; katat,taba,icol,uleg,alumbayar,cuto,agueyet,gueng-gueng,sira,abulok; nabubulok,sanga,bulong,ulat,rosas; bulaklak,prutas; bunga,dika,dalin,bato,buer,danom,agos,dayat,asin,ilog,cakyewan; taquel,tawen,bulan,biteuen,lurem,kelpa; mankekelpa,uran,carol,kirmat,dagem,sibok; sibukan,ampetang,ambetel,amaga,ambasa,ambelat,po-ol,puolan,ashoot; asiwek,dapul,andeket,amputi,ambalanga,duyaw,verde; maeta,melag,baleg,melag; antiquey,anduquey,mabeng,mataba,mainget,maawang,ansaquit,ambaeng,akulaw; masiken; daan; matak-ken,balo,maong,alɨwaɨ; maoges,duga,labi,agew,taon,kapigan,amot; unamot; iyamot,calab; uncalab,dia; dima'd,wala ed; dalem,taguey,leksab,aya,aman,asingger,arawi,iner,siak,sika,sikato,sikami,sikara (plural),sikara,anto,siopa,arum,amin,tan; insan,no,panon; panon to,andi,bilang,sakey,duara; duá,talura,apatira,limara,animira,pitura,walora,siamira,samplora; isa pulo,veinti; duwamplo; duamplo,cincuenta; limamplo; lima pulo,ciento; sanlasus,mil; sanlibo; isa libo
1275,Ratagnon,12.2785,121.187,rata1245,Barbian (1977),198.0,https://abvd.eva.mpg.de/austronesian/language.php?id=1275,alíma,walá,walá,,panaw,dalan,,,lumangóy,maburíng; kikî,mabakod,panit,likód,tiyán,banóg,bindunggo,atáy,suso,abaga,,umanón; dumdumún; painuinu,atlók,dugô,ulo,ingkoy,buók,iróng,,singut,bába,ípon,dila,kadláw,tangís,sukà,,makaon,tilad,dabukan,,,,talinga,pamatí,matá,makita,panguyáb,amoók,uwáy; magpauwáy,,takas,,,binata,daraga,bata,asawa,asawa,ináng; nanay,amang; tatay,baláy,bubungán,aran,sugidan,,gapusun; igotán,,dagum,mangayam,pabakas; pantók,bunó,nadulután,takawán,,patay,,karot,,,lapaun,,bugól,budláy,tanóm,pili,,malisód,pugaun,,magkalî,bakál,aruman; bukasán,magbuyó,balituk,malagpák,ayam,pispís; balod,itlóg,,pakpák,lupád,ambú,,,ikog,magkál,alilago,kayumád,namók; balangkád,lawa,isdâ,lubók,salingsíng,dahon,gamót,bulaklák,durong; boa; bunga,,lugtâ,bató,ángin,tubì,mainay; unás,katunggán,asín,danáw,talunan,langit,bulan,bituón,rorom,ambon,urán,lintê,kilát,ángin,,,maramíg,ugá; na-,,mabuyat; bug'át,kalayo,surután,asó; tulós,abô,maitóm; dulúm,maputî,pulá; mapulá,pulá,iláw,maistán; marintúk,laún; baól,manabá,labog,manipís,,,malapad,dahilán; sakít,tangís; tiyá; uyâ; huyâ,gurang,bago,maál,maibarâ; masamâ,,gabí,init,dagún,inoro,,sakà; gasabód,,,,,digé,sandá,marapít,marayó,sadin,akó,ikáw,tana,kitá; kamí,kamó,sandá; kanandá,,sintahún; sinudan; sino,ibá,tanán,,,paywán,,,isará,daruwá,tatló,apat,limá,anum,pitó,waló,siyám,napolo,,,sanggatós,
687,Romblon,12.4047,122.56,romb1245,Fe Aldave Yap,213.0,https://abvd.eva.mpg.de/austronesian/language.php?id=687,kamót,wayá,tu'ó,sikí,panaw,dáyan,kɑrî,tíyog,langóy,mahigko',dapódapó,anit,likód,tiyán,túy'an,tiná'e,atáy; agtáy,soso,abága,kilaya,,paghádlok,dugó'; rugo,úyo,lí'og,,ilóng,hɑnggúp,amoy; baho',ba'ba',ngípon,díla',hayakhak,tángis,súka,pilá'; pagsipya,pagká'un,súpâ,lúto',pag'inum,kagát,sopsop,talínga,batí',matá,pagtan'aw,,matúyog,hígdâ,dámgo,pagpóngko',tindog,táwo,liyáki; kayaki,babáye,anak; ongá',asáwa,asawa,nánay,tatay,bayáy,atóp,ngayan,hámbay,písi',kog'ong,tahí',dáyom,pangusá,,buno',,pagpangáwat,patáy,,,káyot,híwa',,,matayóm,dúmpoy,trabaho,pagtanóm,píli',pagdàkü,hubág,pugá',kapót,kutkot,bakáy,búksâ; búksɨ,bayó,itsa,hulog; huyog,áyam; iro',pispis; yanggam,itlog,bayahíbo; buyboy,pakpak,paglupad,ambo',,tambok,íkog,sawá,lagólagó,kóto,lamók,lawa',isda,sirá',,dáhon,gamót,búyak,bunga,gúnàhôn,dúta',bató,baybay,tubi',,dágat,asín,dánaw,kakahuyan; kakabyasan,lángit,buyan,bitú'on,gay'om; rampog,,uyán,dayógdog,kílat,hángin,huyóp,ma'ínit,malamíg,ugá,basá',bug'at,kaláyo,súnog; sugá',asó,abó,maitúm,putí',poyá,duyaw,berde,maisót,dako; rakó',matag'od,mahába',manipís,madákmoy,makitid,malápad,sakít,huyá',magúyang,bag'o,ma'ayo,malá'in,,gab'i,adlaw,tú'ig,san'o,tágo'; pagtago',saka',,,,idayom,iní,iná'; adto; itón,malápit,malayó',di'ín,akó,ikaw,siyá,kitá; kamí,kamó,sinda,ano,sin'o,ibá,tanán,kág,kong; kon,,índi'; bukón,bilang,isá,duhá,tuyó,upát,limá,unóm,pitó,wayó,siyám,napúyo',beynte,,gatós,líbo
494,S.W. Palawano,8.67624,117.36,sout2916,Bill Davis,341.0,https://abvd.eva.mpg.de/austronesian/language.php?id=494,elima,gibang,kewanan,tiked,panew; manew,dalan,ato'; mato',isi'; misi' et gibang; misi' et kewanan; misi' et debdeb,langoy; lumangoy; meglangoy,meridi',elikabok,kulit,likod,berebewang; beteng,tulang,tine'i; bituka,atey,dudo',ebaga,seod; keseudan; meseudan,pikir; memikir,takot; tumakot,dugo',ulo,lieg,buek,edong,ginawa; megginawa,arek; marek; erkan,munong; baba',nipen; bigang; tango,dila',kesit; kumsit,siak; sumiak,suka; sumuka; kesuda,ibeg; mibeg,kumaan; kaan; mengaan,sepa'; megsepa',iluto'; meg'iluto',inom; minom,kagat; kumagat,sepsep; megsepsep,telinga,kingeg; kumingeg; pekingeg,mata,mebiri'; biri',wab; megwab,iga'; miga',buntol; pebuntol,teginep; meneginep,adong; peadong; madong,teyeg; tumyeg,taaw,lelaki,libon,memulek,esawa; esawa na' lelaki,esawa; esawa na' libon,indo',ama',benwa,sapew; pawed; pinawed,ngaran,beres; meres,tali; siget,siget; sumiget; sigtan,tehi'; tumehi',dagom,subok; menubok,pana'; megpana',seksak; sumeksak,lipak; lumipak; meglipak,takew; menakew; laog,imatey; mengimatey; mimatey,patey; matey,biag; megbiag,kutkot; kumutkot; mengutkot,tigbas; tumigbas,kayo,randang; bela'; megbela'; ridis,metarem,megaddel,keradya; megkeradya,luak; lumuak; mengluak; sasad,pili'; memili',dekla'; dumekla',baga'; maga',megpega; pega,kepet; kumpet,kali; megkali,elen; melen,tumukas; tukas,lebek; menglebek,bakal; megbakal,degdag; dumegdag; medegdag,ideng,begit,tilog,bulbol,elad,lepad; lumpad,belab,uned,taba',ipos,seli,lungati,kuto,kuramot; tegnek,kelelawa',seda',burok; meburok,sanga,deon,gamot,burak-burak,bua',kenit-kenit,lugta',bato,egis,danom,burbor; murbor,dagat; lawed,asin,-,talon; geba'; bengley,langit; lengew-legnew,bulan,bituen,inarak,habong,delek,duldog,kilat,deres,dumres; tepiog; tumepiog; tepig; tumepig,meinit; meinit-init,meramig; meramig-ramig,toog; ipetoog; tumoog,basa',mebegat,apoy,tumutong; deket; tutong; dektan,tabok,abo,meitem,meputi',mepula,mekunit,melunew,ibon-ibon; merinek,kela',mebaba'; mepandak,melembo',menipis; merinek,mekapal; measlag,mekitib; mekpit,mebkang; melawak,mesakit,meleo; megleo,megurang,bago,menunga,meyaat; meraat,sugat; banar,gebi; gebii,eldew,te'on,ngiran; kengiran,tago'; petago',ineik; mineik; tindal; tumindal; tungol; tumungol,atot; eset; doot,seled,timbew,sirib; sirong,ito',yatin,mekabi',merayo',embe,ako; ko,ikew; ke,ya,kami; kay,kemuyo; kew,diye,eno,sino,iba; le'in,tanan; ginsan,bo',ba',enukuan,diki; sala',itong,isa',dua,telo,epat,lima,enem,turo',walo,siam,sengpulo',duang pulo',llimang pulo',senggatos,sengribo
733,Sama (Pangutaran),6.27167,120.536,pang1291,"Charles Walton, Janice Walton",244.0,https://abvd.eva.mpg.de/austronesian/language.php?id=733,tangan,kai,kata'u,tigo:l; nai',l'ngngan; m'ngngan,d'ddo:k,t'kka,palibut; pataikut,pal'ngngoy; lango:y,l'mmi'; s'mmal,higbun,kuwit,bukut,b'tto:ng; pongka'na,bo:ko:g,l'ngngo:n-l'ngngo:n,atay,dagha,bagaang,ta'u,pikil,tiyaw,laha',kok,k'llong; liyug,buun,ung,p'ngnga-p'ngnga,hangut; 'mmug,bo',b'gga ang,d'lla',t'tto,tangis,uta'; nguta',s'pput,mangan,mapa',b'lla; adjal,inum; nginum,ngeket,s'sso:p,tainga,ke; kehun,mata,'nda; kila,ngoap,tuwi,pabahak,ngupi,tingko',tangge,a'a,l'lla,d'nda,anak; onde'-onde',h'lla,h'nda,ina',mma',luma',ato:p,o:n,ba',lubid; ingkot,ingkotan,nahi',jaum,timbak; pitik,piyana',hanting,pinto:l,tangkaw; nangkaw,bono',matay,'llum,kahut,lagut,kayu,kobak,to:m,to:mpo:l,hulas-sangsa',tano:m,pene',suwig,baha',p'gga','ntan,kali,m'lli,ungkad,n'ppa; t'ppa,hiyakan,lagno:k,ero',manuk-manuk,iklug,bu,pikpik,paleng,b'ddek,isi,lmmok,langjang; langkaw,so,kalo:g,kutu,namuk,lawa',daing,gabuk,sa'pan,daun,gamut,sumping,buwa',kawat-kawat; kuhun; kohon,tana',batu,ungus,bohe',liyud,danaw,asin,tahik,taun; guangan,langit,bulan,bituun,gabun,lamo:n,ulan,l'ggo:m,kirat,baliyu,tiyup,pasu'; pang,haggut,toho',base',bohat,api,tutung,humbu,abu,ito:m,pote',keyat,biyaning,gaddung,diki',mehe,put,taha',nipis,kapal,kiput,loha; lambu,saki,ayya',toa,bahu,ayad; hap,laat; laatan,tawwa',sango:m; bahangi,'llaw,tahun,umay,limbu,dag; ngandag,ma,madiyo:m,diyata',deyo',itu,iyu; ian,ta:,siko:t,maingga,aku,ka'u,iya,kita; kami,kaam,siga; sigam,ay,say,s'ddi,kamemon; kemon,maka,'mbila,salaingga,'nsa'; ha',itung; ngitung,dakayo',duwa,t'llu,'mpat,lima,'nno:m,pitu',walu',siyam,sangpu',dua'mpu',,hatus,libu; ngibu
732,Sama (Sibutu),4.75584,119.48389,sout2918,K. J. Allison,215.0,https://abvd.eva.mpg.de/austronesian/language.php?id=732,tangan,gibang,kanan,bittis; rey',lumán,lán,pittu; takka,paseklo',lumangi,limmi',gabumbun,kulit,bukut,bottong,toolang,tinai,atey,susu,baha,tau; katoonan,mikil,talow,laha',kók,kɔllong,buhók,úng,,,bowa',empon,della',tittowa,tangis; nangis,utta',,mangan; kakan,papa',magballa; mag-adjal,inum; nginum,keket; kokot,sossop,teynga,kale; takale,mata,nda',owap; ngowap,tuli,guling; paguling,uppi,,pantow; mantow,aa; toa,lalla,danda,anak-anak,halla,handa; nda,nggo'; mbu',mma'; appa',luma',bubungan; sapow,,haka; ngahaka',lubid,engkot; ngengkot,osso'; ngosso',jalum,,pana'; mana',,titik; nitik,tangkow; nangkow,,matey,llum,kaskas; kamas,,kayu,magbahagi',,,,tanom; nanom,pene'; mene',,,,intan; ngintan,,billi; milli,,tappa,hiyak; ngahiyak,labu',ero',manuk-manuk,intollo,balahibu,kapet,,babow,isi,lammok,,sowa,kalog; ndol-ndol,kutu,hama',lawa'lawa'; kangkang,deyng,,penga,down,ulagat,bunga-bunga,buwa'buwa',parang,tana',batu,ungus,bohe',,tahik; sallang,timus; asin,tahik,talun; gampung,langit,bulan,mamahi,landung; inák,,ulan,guntul,lalat,baliyu,,,,toho',base'; petak,,,bunu',humbu,,ettom,pote',keyat,baning,gaddung,diki'diki',heya,pondok,,nipis,kapal,kiput,luhas,sakki,iya',,bahau,háp,laat,towwa',sangom,llow,tahun,sumilan; pag,,,ma,ma jalom,ma jata',ma deyo',tutu,naan; ili,tapit,tá',,aku,kow,ya,kita; kami,kam,sigeya,,,,kamemon,maka; sab,bang,,e; mbal; sikeya,itung; ngitung,issa; dikayu',duwa,tallu,mpát,lima,nnom,pitu',walu',siyam,suppu,,,-hatus,ibu
443,"Samal, Siasi Dialect",7.00457,118.45598,cent2092,K. Pallesen in Reid (1971),189.0,https://abvd.eva.mpg.de/austronesian/language.php?id=443,tangan,gibang,koan,tapeʔ,lɨngngan,,piitu,giling,langi,lɨmmis,bagunbun,kulit,bukut,bɨttong,koaʔ,tinaʔi,atay,duduʔ; daggahaʔ,baha,magkataʔu,,tau,lahaʔ,kook,kɨllong,buʔun,uung,,hamut,boaʔ,empon,dɨllaʔ,tittoa,tangis,uttaʔ,lujjaʔ,mangan,mamaʔ,ngodog; bɨlla,inum,keket,sɨssop,talinga,kale,mata,ɨndaʔ,,tuli,,uppiʔ,tingkoʔ,tɨngge,aʔa,lɨlla,dɨnda,makannak,hɨlla,hɨnda,ɨnggoʔ,ɨmmaʔ,lumaʔ,atop,oon,ahɨlling (ɨlling),kɨllat,engkot,laʔit,jalum,,,dugsuʔ,,tangkaw,papatay,patay,,katol; kakkot,kɨllot,kayu,,talom,tompol,hinang,tanom,peneʔ,,,pɨggaʔ,balut,kaliʔ,bɨlli,,tɨppa,bantung,labu,edoʔ,manuk,ɨntɨllo,bulbul,kepet,leang,babaw,,isi,togel,soa,kalog tanaʔ,kutu,hamaʔ,kabongbong,daing,buhuk,,daun,gamut,sumping,buaʔ,,tanaʔ,batu,gusung,boheʔ,,tahik,asin,danaw,talun,langit,bulan,bituʔun,gabun,,ulan,lɨggon,laat,baliu,tiup,pasuʔ,haggut,tohoʔ; pallaw (illaw),baseʔ,buhat,api,dokot,humbu,abu,ettom,poteʔ,keat,bianing,gaddung,dikiʔdikiʔ,hea,pandak; puʔut,tahaʔ,nipis,kapal,nahut,luha,pɨddiʔ,iaʔ,toʔa,bahaʔu,haap,laʔat,,sangom,ɨllaw,tahun,sumian,tapuk,daag,,,jata,deoʔ,ittu,illi,sekot,taa,maingga,,,,,,,ai,sai,saddi,kamemon,maka,bang,pila,nggaʔi ka,itung,isa,dua,tɨllu,ɨmpat,lima,ɨnnom,pituʔ,waluʔ,siam,sangpuʔ,duampuʔ,limangpu,hatus,ibu
783,Samar-Leyte,11.4911,125.012,wara1300,Alfonsa E. Tizon,115.0,https://abvd.eva.mpg.de/austronesian/language.php?id=783,kamót,,,,paglakát; linakat,dalan; agui-an,,,naglangoy,,,panit,,,tulan; bukog; liso,,atáy,,,,,,dugô,,li-og,buhók,iróng,,,babà,ngipon,,tawá,,,,,mamâ,luto; pagluto,pag-inom,kagton,,talinga,,matá,kita; pagkita; kinita,,pagkaturog,paghigda; hinigda,,paglingkod; pagporoko,,tawo,lalaki,babayi,anák,,asawa,,amáy,balay,bubóng,ngaran,,lubid,,tahî,,,,,hampák,kawaton,,,,,,kahoy,,,,,pagtanum,pali-a,,,,,pag-ukad,,buká,,pagtakbo,mahulòg,,,,,,,,karné,,,,,,namók,,isdà,bulók,sangá,dahon,gamót,,,banwa,,bató,,irimnón,,dagat,asín,,kagurangan; kakahuyan,langit,bulan,bitu-òn,,,urán,dalugdog,kidlát,hangin,,,,,,mabug-át,,,asó,abó,itom; maitum,,,duláw,,,dako,,halabâ,,,,hilapad,masakit,awód; alo,,bag-o,maupay,,,gab-ì,adlaw,,,,magsasaká,,,hita-as; bawbaw,ilarum,,,,hirayó,,akó,ikáw,hiyá,kitá; kamí,kamó,hirá; sirá,anó,hino,laìn,,,kon,anona,,isip,usá,duhá,tuló,,limá,unom,pitó,,,,,,,
1268,Sambal,15.5797,120.095,tina1248,Stone (2008),141.0,https://abvd.eva.mpg.de/austronesian/language.php?id=1268,gamot,wiliʔ,,,lalakoʔ,,,,taŋoy,yaŋat,gabok,katat,bokot,tyan,botol,,agtay,soso,abaya,,,,dayaʔ,olo,loʔoy,habot,aʔloŋ,,aŋot,boboy,ŋipon,dila,omlih,taŋih,hoka,,kan,,,inom,kayat,hophop,totolyan,loŋoʔ,mata,kit,,maʔlok,,taynap,tokloʔ,odoŋ,,lalaki,babayi,anak,kaʔamba,kaʔambalin,indoʔ,amaʔ,baliʔ,atop,ŋalan,,yobil,,tayiʔ,karayom,,,,,takaw,pati,,,,,,,talas,,trabaho,mola,piliʔ,,,poloh,,kotkot,haliw,,,bantak,,aso,manokʔmanok,oybon,habot,pakpak,lompar,,,,ikoy,ulay,olol,,ilok,gigaŋ,ikan,,,,yamot,,boŋa,,,bato,boyaŋin,lanom,,,asin,,,laŋit,bolan,bitoʔon,lolom,,abagat,korol,kimat,,,aʔmot,layop,,toʔpakon,byat,apoy,,asok,aboh,ŋitit,potiʔ,tibyaʔ,holyaw,,kalog,hiʔban,,anloh,impih,korpal,kipot,lawaŋ,,,,bayo,labah,,,yabi,awlo,taʔon,makano,ariʔ,oliʔ,,,,,,,,rayoʔ,ayti,ako,ka,ya,tamo; kami,kamo,hila,anya,hino,,halban,tan,no,paʔno,,bilaŋ,aʔsa,lowa,tolo,aʔpat,lima,aʔnom,pito,walo,siyam,mapoloʔ,lowampolo,limampolo,san yatos,san libo
444,"Sambal, Botolan",15.2315,120.164,boto1242,C. Huock and H. Minot in Reid (1971),245.0,https://abvd.eva.mpg.de/austronesian/language.php?id=444,ga'mɨt,'ʔoki,wa'nan,bi'tih,'mitaʔ; 'bitaʔ,da'an,lu'ma'teng,napɨ'yɨh,mana'ngoy; ta'ngoy,ma'yangat,ga'bok,'katat,'bokot,ti'an,bot'ʔo,bi'toka,'ʔagtay,'nonoʔ; 'nibnib,ʔa'baya,'balay,ma'ngi'hip,ma'limo,'dayaʔ,'ʔolo,'lɨʔɨy,ha'bot,ba'longo,ma'ngi'nana'wa,mara'ʔɨp; da'ʔɨp,bɨ'bɨy,'ngipin,'dilaʔ,mangka'ʔili,ma'nangih; 'tangih,'hoka,mando'laʔ,ma'ngan; ʔɨ'kan,ma'maʔ,hom'ho; man'lotoʔ,mi'nom,mang'yat; ka'yat,hɨph'pɨn,to'li,malɨ'ngɨʔ,'mata,ma'kit,kayab; ampangkayab,ma'toloy,ma'ngira'ira,tai'nɨp,mik'noʔ; ʔik'noʔ,'mɨring; 'ʔɨring,'tao,la'laki,ba'bai,ʔa'nak,la'kay,ba'kɨt,ʔin'doʔ,'tatay,ba'li,ʔa'tɨp,nga'lan,'ʔilgo,'yobil,ʔi'lawig; itakel,mana'iʔ; ta'iʔ,ka'rayɨm,ma'ngaho; 'ʔaho,mamana,saksa'kɨn,mamatok,ma'nakaw; 'takaw,pa'tiɨn,na'ti; pa'ti,ma'bi'yay; lu'mig'ha,maga'tɨʔ; gɨ'gatɨn,ʔi'waʔɨn,'kayo,a'ta'gen,mata'rɨm; matarem,po'rol,tara'baho,mana'nɨm; ta'nɨm,ma'miliʔ; 'piliʔ,hum'lay,,pɨhpɨ'hɨn,ʔoligta'nan,ma'ngotkot; 'kotkot,hali'wɨn,lu'a'tan,mamba'yo,ʔi'sopo,ma'raboʔ; 'daboʔ,'ʔahoʔ,ma'nok,ʔo'koy,'poal,'pakpak,lom'pad; lɨ'pad,da'gi,,ta'baʔ,'ʔikoy,'ʔotan,'ʔoɨl,'koto,'ʔilɨk,'gigang,ʔi'kan,bo'lok,hanga; hanga nin kayo,bo'long,ya'mot,bo'laklak,'bonga,di'kot,'lotaʔ,ba'to,kapa'tiʔan,la'nom,dano; ampandano,'dagat,ʔa'hin,'dagat,bag'bag,'langit,'boan,bi'toʔɨn,'lɨɨm,,ʔo'ran,ko'rol,'kimat,'ʔangin,payhɨ'pan,maʔa'mot,malay'ʔɨp,nak'lang; 'ʔipaʔal'lo; 'kilang,maba'haʔ,mabi'at,ʔa'poy,'ʔolam,ʔ'hok,ʔa'bo,ma'ngitit,mapo'tiʔ,maʔo'rit,mahol'yaw,'birdi,ma'yamopʔ,hɨ'lay,ma'ʔaypaʔ; maʔi'pik,ma'karaʔ,mani'pi,makog'paw,mak'pit; ki'pit,ma'lawang,maha'kit,marɨng'ʔɨy; dɨng'ʔɨy,'daʔanʌ; mato'ʔa,'bayo,maham'pat,mara'wak; da'wak,pe'teg,ya'bi,ʔal'lo,ta'ʔon,ma'kano,na'tagoʔ,'moliʔ; 'ʔoliʔ,ha,la'lè,tag'ay,'hilong,ha'ti,ha'to; ha'bay'to,mara'ni; da'ni,mara'yoʔ; da'yoʔ,ʔay'ri,hi'kō,,hiya,hi'ta'mo,hi'ka,hi'la,'ʔanya,'hino,kahala'ko,kagana'wan,buy,no,'ʔongno,'ʔalwa; ahe',bi'langɨn,mi'ha,lo'a,tat'lo,'ʔapat,li'ma,'ʔanɨm,pi'to,wa'lo,si'am,ma'poʔ,loam'poʔ,li'mam'po,maga'to,'libo
445,"Sangil, Saragani Islands",5.40229,125.378,sang1337,K. Maryott in Reid (1971),184.0,https://abvd.eva.mpg.de/austronesian/language.php?id=445,'lima,ka'iri,ko'aneng,'βisiʔ,du'maḷeng,,,tumɨ'nung,ku'mayang,malɨng'kuʔ,'ʔaβu,'pisi,'lɨkudɨʔ,'tiang,'duri,ti'nai,'ʔate,'susu; 'doko,bɨm'bang,ma'singkaʔ,,ma'takuʔ,'dara,tɨm'boʔ,'rerɨʔ,'ʔutaʔ,'ʔiḷung,,makam'bu (ɨm'bu),'morong,'ʔisi,'dila,lumɨ'gay,ru'meo ('reo),'muta,mangɨ'du (ɨ'du),ku'mang ('kang),di'ling,suma'roka; mɨ'koaʔ 'kang (koaʔ),ma'nginung ('ʔinung),ma'ngiki ('kiki),manɨ'suʔ (sɨ'suʔ),'tuḷi,maka'dingirɨʔ,'mata,maka'silaw,,kɨ'nabeng (kɨ'nabɨʔ),,'ʔipi,kuma'iang,duma ḷisiʔ,'taw,'ʔeseʔ,βa'βinay,da'ḷio,'saβa,'saβa,'ʔinang,'ʔamang,'βaḷe,'ʔatuʔ,'ʔaḷeng,mɨ'beḷa ('βeḷa),'taḷi,ma'ngikiʔ ('ʔikiʔ),mɨng'gepeʔ,'darung,ma'nganuʔ,,manɨ'soʔ (sɨ'soʔ),,ma'nako ('tako),ma'mate ('pate),'nate ('pate),,ma'katiʔ; mɨ'karo,ma'ngorobɨʔ,'kayu,,'moro,ma'momo ('momo),mɨgɨ'bɨkɨʔ,mɨ'suang,ma'mile,,,mɨrɨng'kung,mangɨm'belɨg (ɨm'belɨʔ),ma'mangka ('βangka),mamɨ'ḷi (βɨ'ḷi),,mɨ'baʔ (ɨ'baʔ),mɨn'dinaʔ,ma'naβo ('naβo),'ʔasu,'manuʔ,'taurɨʔ,bɨm'bu,'panidɨʔ,tumɨ'aʔ,'βaβo,,'taba,'toay,ka'toang,la'wati,'kutuʔ,tɨ'nɨʔ,βaki'naβa,'kinaʔ,ma'reneʔ,,'daung,'ramuʔ,'βuḷaʔ,'βua,,ɨn'tana,'βatu,sɨ'aeng,'ʔakeg,,'sasiʔ,'βudakɨʔ,'ḷano,da'ḷukuʔ,'langiʔ,'βuang,βi'tuing,βi'naβa,,ta'riti,dɨ'uʔ,'kilaʔ,'ʔanging,ma'niuʔ ('tiuʔ),mati'tiʔ,madɨn'ding,ma'mala; ma'muari (pu'ari),ma'nantaʔ ('nantaʔ),maβɨ'raʔ,'putung,ma'nutung ('tutung),'tipu,'ʔaβu,'mitung ('ʔitung),ma'βiḷa,ma'ramuʔ,ma'didiʔ,'gadung,ka'tioʔ,mati'kang,ma'sanaʔ; ma'nibuʔ,ma'nandu ('nandu),ma'nipiʔ ('nipiʔ),makɨ'paɨʔ,ma'nintaʔ,'moang,matɨ'duʔ,ma'mea,ti'bay; ma'timadiʔ,βu'ru,ma'pia,'daiʔ,,rɨ'bi,'law,'taung,'ngeḷeʔ,ma'muni ('buni),ma'ngaβiʔ ('ʔaβiʔ),,,,su 'aung u...,,,ma'sanggidɨʔ,ma'ḷaw ('ḷaw),su 'apa,,,,,,,'ʔapa,'say,βa'ine,kɨ'biʔ,,'bila,'pila,ba'ine,ma'milang ('bilang),'sa,da'ḷua,ta'tau,'paʔ,'lima,'nung,'pitu,'waw,'siaw,ma'puo,duam'puo,,'rasuʔ,'riβu
293,Sarangani Blaan,6.03691,125.354,sara1326,"Savage, T.D. (1986)",163.0,https://abvd.eva.mpg.de/austronesian/language.php?id=293,sigal,ʔibɨŋ,kwanan,bliʔ,magu,dalan,,,mahoŋ,magagsik,kfuŋ,,kagol,tiʔɨn,tulan,tnaʔi,ʔatay,tutuʔ,,gadɨʔ,,likoʔ,litɨʔ,ʔulu,liʔal,wak,ʔiluŋ,,,baʔ,kifan,dilaq,mule,mŋɨl,mutaʔ,dmulaʔ,kmaqan,namaʔ,tagah; kaʔok,minum,maket,,kliŋɨ,liŋɨ,mata,tɨqɨn (mitɨ),,kudaŋ,,kna,sudɨŋ,tadag,to,laʔi,libun,tiŋaq,yaʔan,yaʔan,yeʔ,maʔ,,ʔataf,dagit,man,tali,nikat,tambel,dalum,dmulak,,,,,fnati,mati,,kmalus,fnale,kayo,,gamban,laʔ gamban,mimoʔ,fulɨ,nalek,,,kanamuʔ,nalɔʔ,nakol,,,mdak,,tatɨk,gayɨm,ʔanuk,,lakay,fafak,mayɨŋ,ʔuŋe,,tabɨʔ,ʔikoŋ,ʔulad,,,blabaŋ,kalmamɔq,nalaf,balok,,doʔon,dalil,bulɨk,buŋɨ,,tanaʔ,batu,falak,yeʔel,,mahin,kahiʔ,lanaw,glag,laŋit,bulɨn,blatik,labun,,ʔulɨn,,silaʔ,nus,myuf,,tno,kafag,fafeʔ,blat,lifo,ntam,buk,ʔabu,fitam,bukay,fulɨqʔ,mlalel,mlunu,tukay,boŋ,fukal,tahaʔ,mŋifi,maŋifi,sigfit,mabal,tduk,myaʔ,tuʔa,falami,fyɨ,sasɨʔ,,butaŋ,duh,fali,kilɨn,salbuni,mkɨf,,lam,,,ani,,mdadoŋ,mawag,nɨʔ,,,,,,,,sinto,mahal,kdɨqɨ,,ku,,ʔisɨ; laʔ,msɨ,satu,lwɨ,tlu,fat,limè,nam,fitu,walu,syem,sfalò,lwisfalo,,,
686,Sinauna,14.6254,121.453,remo1247,Fe Aldave Yap,188.0,https://abvd.eva.mpg.de/austronesian/language.php?id=686,alíma,kaliwá'; háyin,kánan,bití'is,lumagpun,bakás,,lumyakág,gunnátaw,matukas,abú,balát; barat,ulúd,pitú',but'i,bitúka,atáy,susu,baríkat,mi'kilála,,mi'tári',dugú',útak,ta'án,,a'dong,,dúnut,ngúsu',ngípɨn; ngípon,díla'; dira',nangarisngís,lulúha',úta',túmpa,mangán,,miglutu',inúm,sa'ngáb,sipsip,talínga,landap,bulíga',mi'sul'áng,,matungdu',,ngang'ádep,mamasná,tayó',áta,ráki,báyi,úbon,sáma,asáwa; sáwa,nánay; ráyra,ráma; tatay,baláy,atap,ngaran,migsábi,táli'; tári',táli',tahí'; migtahi',kadáyum,mangasu,,tustusákan,,mignákaw,patayan,,,kakamutan,híwa',,,matalas,matúmal,migtarabáhu,migtanim,pumíri',,,pindután,dakpan,lunúma',bilí,,migbayú,itapí',mi'rapá',ásu,ibun,itlúg,balahíbu,pakpak,sarápaw,dagá',,tabá',ikuy,ba'bak,bulati,kútu,yamúk,lawa',isdá',minadúnut,,háyin,uyát,burak,bunga,,luta',ígang,tabuhangin,la'ú,,dagat,asín,lanáw,sabúd,lángit; rángit,búwan,bitú'in,úlap,,u'ulán,kukulúg,dilap,rú'gus,sugpu'an,ma'ínit,maka'irám,tuyú',basá',maba'yat,apúy,minasirab; ra'túnan,,abú,itím; maitím,maputí',pulá,diláw,berdi,múnti',laki'; dakál,mi'ikli',mahába',nipís,makapal,munti',lu'ág,sakít,mináhiyag,bákis,ba'yu,mapiá,marúkas,,ábi',aydáw,ta'ún,ka'irán,tagu'; itágu',kuma'wat,,,,umid,,,apád,sadyúg,kanana,,,,,,,aná'ya,si'ná,ibá,lahát,,in,,lá'wa; walá',bumilang,isá',dar'á,tatlú,a'pat,limá,a'núm,pitú,walú,siyám,sángpu,dar'angpu',,da'an,libu
1276,Sogodnin (Boracay),11.1539,122.512,atii1237,Pennoyer (1987),92.0,https://abvd.eva.mpg.de/austronesian/language.php?id=1276,alima,,,bitis,giʔo,dalan,hindon,,langoy; sogbo,,,panit,,bosong,tolʔan,,atay,soso,,kaʔosoy,,,dogo,olo,liʔog,bohok,orong,,,babaʔ,hipon; onto,dilaʔ,,,,,kakakan,,,iʔinom,bobotan,,talinga,batiʔ,mata,kitaʔ,,torod,lobog,,gurang,liʔad,tawo,lalaki,babayi,,,,,,,,ngaran,kana,,,,,,,,,,tigbak,tigbak,,,,,,,,,,,,,,,,,,,,,ayam,pispis,tabon,bolbol,,lopad,,karni,,ikog,,,koto,,,isdaʔ,,,dahon,gamot; dalid,,,,,bato,baras,awad,,,,,,,bolan,bitoon,galʔum,,odyan,,,,,mainit,maramig,oga,,,yimpon,sonod,aso,abo,maatam; maitum,puti,pula,kalawag,asol,hanawa,mabahul,,mahabaʔ,,,,,,,,badyo,mayad,,,kalap,adlaw,,,,,,,,,hitad,inad; kaʔin,,,,ak,ika,,ikam,,,miya,gino,,tanan,,,,taan,,isang; isa,darwa,,,,,,,,,,,,
1277,Sogodnin (Iloilo),11.1539,122.512,atii1237,Pennoyer (1987),96.0,https://abvd.eva.mpg.de/austronesian/language.php?id=1277,keyemkem,,,tikad,giʔo,iridan,dɨrɨt,,langoy,,,pant,,katowan,tolʔan,,atay,titiʔ,,miram; panday,,,dogo,ulo,liʔad,bolbol,urong,,,bibaʔ; babaʔ,onto,dilaʔ,,,,,hamangan,,,omak,hamamoʔot,,talingeʔ,kernged,lisak,kitaʔ,,kitorod,babatang,,gurang,tinos; liʔad,tawo,lalaki; amus,bebete,,,,,,,,ngaran,baʔag,,,,,,,,,,piloson,pilos; pati,,,,,,,,,,,,,,,,,,,,,ayam,pispis,tabon,balahibo,,lɨpad,,karni,,toben; ikug,,,uled,,,isdaʔ,,,dahon,yemot,,,,,bato,baras,ewed,,,,,,,bolan,bitoʔon,galʔɨm,,odyen; udyan,,,,,maʔinit,maramig,mamara,,,himpon,sonog,aso,abo,maatam,putiʔ,pola,kalawag,asol,esot; tanawaʔ,biʔas,,magoroy,,,,,,,,bidoʔ; bidyu,maruyog,,,kelep,edlew,,,,,,,,,hitad,inad,,,,ak,ike; ke,,ikam,,,miya,gino,,tanan,,,,taan,,sambato,derwe,,,,,,,,,,,,
448,"Subanon, Siocon",7.79964,122.341,west2557,W. Hall in Reid (1971),191.0,https://abvd.eva.mpg.de/austronesian/language.php?id=448,komot,dibang,glintu,botis,ompanow,dalan; bianan,mangoy,motilong,lumangoy,miglud,gabu,panit,tolingting,tian,tulan,tene,gatoy,duduʔ; gigdob,baga,sunan,pikil,mondok,duguʔ,gulu,glig,buk,sung,guminawa,sumopu,babaʔ,ngisi,dilaʔ,mokotawa,moksogow,kutaʔ,dumulaʔ,kuman,momaʔan,misabu; mogapoy,minum,mongugdit,sumoksop,tolinga,mokinongog,mata,moktongow,logab,motulug,,toginopan,mogingkod,mogindog,gotowʌ,glaki,glibun,bataʔ,kodumanan,kodumanan,ginaʔ,gamaʔ,baloy,gatop,ngalan,moktaluʔ,tali,ikotan,sumobot,dialum,moktiʔit,,pokpakon,,mogdakow,bunuʔon,patoy,,mokatol; mongokot,mogbul,kayu,,mokotong,mongalod,moginang,momula,momiliʔ,,,kosolon,kumokom,mongokot,sumaloy,,mogbayu,pilakon,modogdag,gayam,manukmanuk,bulinga,glawi,gakap,lumayug,bolabow,,glambuʔ,gikog,mamak,glowati,kotu,kolomut,bolingkawaʔ,sodaʔ,milumun,,daon,gamot,bulakbulak,bunga nok kayu,,glupaʔ,batu,pontad,tubig,,dagat,masin,danow,tolunan,glangit,bulan,bitun,ginampul,,dupi,glugung,kilat,galuʔ,mongoyup,minit,motigdow,mimala; kumongkag,ombasaʔ,ombogat,gapoy,mondoksul,gobul,gabu,gitom,omputiʔ,ompula,dalag,glunow,molintokon,mosolag,ombabaʔ; polokon,moyabaʔ,monipis,modikpul,mosikoʔ,moliwag,ompodiʔ,sipog,miobon na; mogulang,bogu,ombaʔis,molaton,,gobi,gondow,ton,nanu,moglogabong,monek,,,,silung,,,molani,molayuʔ,ain,,,,,,,olo,sima,doga,glam; katanan,,bila,sanu bok,konaʔ,mogitung,sala bok,duaʔ,tolu,pat,lima,gonom,pitu,walu,siam,sapuluʔ,duaʔ puluʔ,,sagatus,sangibu
447,"Subanun, Sindangan",8.12701,123.018,cent2089,R. Brichoux in Reid (1971),184.0,https://abvd.eva.mpg.de/austronesian/language.php?id=447,bengkɨn,bibang,dlintu,gɨksud,mpanaw,,,bulibud,lumanguy,mɨlɨmuʔ,gabug,panit,tɨnting,tian,tolan,tinee,gatay,duduʔ; giddib,baga,misunan,,mɨndɨk,duguʔ,gulu,dliig,buuk,sung,,sɨndlutɨn,babaʔ,ngisi,dilaʔ,mɨkɨtawa,mɨngaduy,mɨgutaʔ,dulaʔɨn,maan,mimaʔin,sibu; mɨgbalɨgan,minum,mɨngɨbut,iksɨpɨn,tɨlinga,mɨdɨngɨg,mata,metaʔ,,mɨktulug,,mɨktɨginɨp,mɨgingkud,mɨgindɨg,gɨtau,dlaki,dlibun,gɨmbataʔ,sawa,sawa,ginaʔ,gamaʔ,balay,gatɨp,ngalan,tɨlupɨn,tali,ikɨtan,teeʔɨn,teeʔ,mɨngayam,,dukɨn,,mɨddau,pɨteen,minatay,,matil; kutɨn,pɨmulɨn,gayu,,motɨng,mɨdangal,mɨngimbal,mɨmula,mɨliʔ,,,kɨlɨsɨn,mɨgawid,mɨgɨngkul,sumaluy,,mɨgbayu,pilakɨn,milabuʔ,gituʔ,manukmanuk,gumanuk,bɨmbul,gɨkpak,lumayug,tubung,,dlimbuʔ,gikug,mamak,dlɨlupaʔ,gutu,kɨlɨmut,bɨlingkawaʔ,sɨdaʔ,mɨlasak,,doon,gangɨt,bulakbulak,bunga,,dlupaʔ,batu,pɨntad,tubig,,dagat,masin,danaw,gulangan,dlangit,bulan,bitun,gabun,,dupiʔ,dlugung,gilat,gɨnus,iupɨn,menit,mɨtiddaw,mimala; migingkag,mbasaʔ,gɨmbɨgat,gapuy,sɨnsulan,gɨbɨl,gabu,metɨm,gɨmputiʔ,gɨmpula,mɨdalag,mɨlunaw,mekaʔ,gɨmbagɨl,gimbabaʔ; gimpilik,miabaʔ,mɨpis,mɨdikpɨl,mɨsikut,mɨliwag,mɨseet,mpid,danul; migulang,bɨgu,mɨlɨngas,mɨlat,,gɨi,gɨndaw,toon,nanu,mɨgɨdlud,mɨneek,,,,silung,,,mɨsɨmpɨl,mɨlayuʔ,tandaʔ,,,,,,,andun,taʔ,dleen,dlonanŝ,,saʔ,sanubuk,kɨnaʔ,mɨgbilang,sala,duaʔ,tɨlu,pat,lima,gɨnɨm,pitu,walu,siam,sɨpuluʔ,duaʔpuluʔ,,gatus,ngibu
466,Surigaonon,9.0,126.0,suri1273,Richard Parker,287.0,https://abvd.eva.mpg.de/austronesian/language.php?id=466,alima; kumagko,waya,túo,pa'a; siki; bagtak,panaw; mupanaw; panaw-panaw,dayan; karsada,dalì; mokare; mukanhe; kare,motojok; bijo,molangóy,lipa,abug,panit,likod,tijan,bukog,tinà-i,atay,suso; dub-dub,abaga,kahibayo; kabayo,huna-huna,hadluk; kahadlok,dugò,oyo,liog,bohok,ilong,ginhawa,simhut,bà-bà,ngipon,dila; tila,katawa,haja,suka,luda,kaon; tuyun,usap; kubkub,luto; sugba,inom,banga,sup-sup; sojop,talinga,dungog; kabati,mata,kita,hoy-ab,tuyog; tagtuyog,higda,damgo,inkod,tindog,tawo,layake,babaje,bata; anak,bana,asawa,nanay,tatay,bayay,atop; bubong,ngayan,laong; lang-on; sulti,pisi,bugkot; hikot,tahi,dagom,tiro; manganup,pana-on; pusil; tirahe,buno,bunajan; bunay; suntok; sumbag,kawat,patjun,patay,buhi,kayut; dukag,putod; putdon; hiwa; tigbas,kahoy; tabla,bok-on; buyaagon; pikason,hait,siwang,patigajon; trabaho,tanum,pili,tobo; buhi,dako; taba,piga,gunit; koput; kaput,kabot; lungag; lungagi; bangag,palit,abri,dok-dok; bajo,labak,huyog; mawagak,ido; tito,langam,itlog,barhibo; balhibo,ampak,lupad,ambaw,carne; unod,taba,ikog,sawa; hayas,uyod,kuto; lusa; kuyamad,lamok,lawa-lawa,isda,pan-us; gabuk,sanga,dàhon,gamot,búyak,bunga,sagbut,lapok; yuta,bato,buhangin,tubig,aagas,dagat; lawud,asin,suba,kakahojan; guyangan,langit,buyan,bito-on,panganud; gabon,gabon-gabon; tunog,uyan,danuynog,linte; kilat,hangin,hujop,pasu; init,tignaw,maya,basa,bug-at,kayajo; layit; siga,sunog,aso,abo,itom,puti,puya,,grin,gamay,daku,mobo,taas; laba,niwang; gamay; nipis,baga; damo,hu-ot,hawag; luwag,sakit,sipog,tiguyang; kara-an,bag-o,maradjao,da-utan; maya-ut,tino-od,duyom,adlaw,tu-ig,kon-o; kanus-a,tag-o,dayag; katkat,sa,sa suyud,sa ta-as,sa ubos,ini,iton,su-od,lajo,ha-in; haman,ako,ikaw,sija,kita,kamo,sila,ono,sin-o,la-in; isa,tanan,og,kon,unhun; unsaon,dili; way,magbilang; bilang,isa,duha,tuyo,upat,lima,onom,pito,walo,siyam,napuyo,veinte,cinquenta,isa ka-gatos,isa ka-libo
1637,Surigaonon,9.0,126.0,suri1273,Catharine Elizabeth Laude,211.0,https://abvd.eva.mpg.de/austronesian/language.php?id=1637,ʔalima,wʌyɑ,tu−o,siki,panaw,dayan,mukari,lisoʔ,langoy,lipaʔ,ʔabog,panit,likod,tijan,bukog,tina-i,ʔatay,tutoy,ʔabaga,mahibayo,hunaʔhunaʔ,mahadlok,dugoʔ,ʔuyo,liʔog,buhok,ilonɡ,ɡinhawa,simhot,baʔbaʔ,ŋipon,dilaʔ,katawa,haja,suka,ludaʔ,kaon,laɡot,luto,inom,′banɡaʔ,chupa,talinɡa,′batiʔ,mata,kitaʔ,hujab,tuyoɡ,hiɡda,damɡu,iŋkod,tindoɡ,tawo,layaki,babaji,bataʔ,bana,asawa,inaʔ,amaʔ,bayay,atup,ŋayan,laonɡ,pisiʔ,hikot,tahiʔ,daɡum,maŋanup,panaʔ,bunoʔ,iɡoʔ,kawat,maɡpatay,mapatay,mabuhi,kayut,buɡhaʔ,sanɡa,pikas,hait,habul,trabaho,tanum,piliʔ,tuboʔ,burot,piɡaʔ,kumot,kabut,palit,ukyab,bajo,laboɡ,huyoɡ,idoʔ,laŋɡam,itloɡ,balhibo,ampak,lupad,ambaw,karni,taba,ikoɡ,hayas,uyod,kuto,hilam,lawaʔ,isdaʔ,lataʔ,sanɡa,dahun,uɡat,buyak,prutas,saɡbot,lupaʔ,batu,baybay,tubiɡ,aɡas,daɡat,asin,danaw,buɡanɡ; kabuɡanɡan,lanɡit,buyan,bituon,paŋanud,ɡabun,uyan,dayuɡduɡ,lintik,haɡin,hujop,pasoʔ,tinɡaw,maya,basaʔ,buɡʔat,kayajo,sunoɡ,a′so,uɡbun,itum,puti,puya,duyaw,,ɡamay,dakuʔ,muboʔ,laba,nipis,baɡaʔ,huot,luaɡ,sakit,sipoɡ,tiɡuyanɡ,baɡ−o,marajaw,mayaut,sakto,duyom,adlaw,tuiɡ,kun−o,taɡoʔ,katkat,sa,sa,taas,sa ubos,ini,iton,duol,lajuʔ,haman,ako,ikaw,sija,kita; kamo,ikaw,sila,uman,siman,iban,tanan,sanan,kun,unhon man,dili,bilaŋ,isa,duha,tuyo,upat,lima,unom,pito,walo,siyam,napuyo,beynti,Sinɡkwinta,Is[a] ka ɡatus,Is[a] ka libo
1271,Tadyawan,13.0211,121.305,tady1237,Barbian (1977),247.0,https://abvd.eva.mpg.de/austronesian/language.php?id=1271,dalúkap; dukap,tagbalâ,taksikón,,agipanáw,dalan,,,aglangóy,makamos; kasnungún,bulís; lukbó,lupís,takuláw; awak; taludtód,puná; buyón,takalán,punâ; daraít,aplô,suso,tugbóng,,agpanremrém; aglumlum,dalà; kämo,pilít; pit,ulo,léog; talao; bakodán; tulunan,abók,ngulóng,,agfangagsóng,bibî,ngipon,dilâ,agfatá; agpatá,fansubi,sukà,,kamaan; kamangán; mamangán,tilad,aglagâ,,,,taingá; talinga,longyan; makarungyan,matâ,ngitan,agfangungáb,musok dot,agusók; agpatingaláy; tagilidan,panäpop; panaynop,agtukáw,,,tungyán; baytao,dalagâ; baytao,ungâ; pulâ,baî,lakî,ináng,amáng,baláy,atóp,ngalan,fomangón; parumayun,sulók,agbakusan; ukutún,,karayum,agfanlakáw,kagbusún; agtubók,tubukún,mestebok; etebók,pantakáw,,matáy,,agkalát,,,lasakún,,dapu kodok; dapu kaldúk,fakfanón; apangwát; agapurâ,tanóm,mamili,,agkakoy; agkalakóy,tulusún,,kalín; agkalí,kwún,boskayún; bauskayun,aglobók,buksón,manlabo,tito,manók; pipít; punay,sisíw; butô,,pakpák,agilaóg; agiróg,balabáw,,,ikóy,uláy,libatóy,lís,banglús,taginawâ,isdâ,lubók,pasók,giráng; gilang,kantomás; dalíg,butakan,lawóg; kabilóg,pasaw,dagâ; diyâ,bató,lagnás; lukbô,lubóng,akämos; lagnás,dagát,asín,lináw,sagubát; sagbát,taynawán; bakîkadulumún,bulán,galaymáy; galämay,ulagâ,katuludún,basâ,dalugdóg,gaúd,tagmalâ,,,tadisulá,yangáw,,mabiyát,bayâ; bä,aktapóng,ulóp,bulís; fakbitangán,kasngungún; madlóm; asnunguno; kokóbon,kabuksî,kalimbaón; kägangán; tagbayâ,kadilawún,kasnungún; iláw,singít,lakóy,pandák,aba; abarót,kämpís,,,lakóy; kabilád,kapaskitén; kabláng; kaskít,käkóy; kalikóy; kaykoy,kuyay,bayukáy,kapián,dotan; daután,,yabî,maybóng; mäbóng,dagun; kambós,ang kadugáy,,agoník,,,,,andá,agdâ,abanitê,alayo dot,anuá; ano; antan(ay),akó,kaw,kangon,(ki)tám; kamí,kam,kangon,angtáng; anó,taktao,inumâ,tanán,,(no)ngus,ang kataw; ang kakoy,dyao; dapû,,usaï; singalô,duaê; dyî; duî,tulô,upát,limá,unúm,pitô,walô,siyám,sapolô,disapulô,,usai gatós; singalo daán,
449,Tagabili,6.20377,124.538,tbol1240,V. Forsberg in Reid (1971),184.0,https://abvd.eva.mpg.de/austronesian/language.php?id=449,sigɨl,ʔiwong,kwanan,tih,tmɔnɔk,,,bɨklil,kmɔhung,nusing,kfung,kulit,kwang,blutut,tiʔɔl,tnahih,katay,tutuʔ; kfuh,ʔabal,tngon,,likɔʔ,litoʔ,kuluh,lihɔl,wɨk,ʔilung,,mungɨf,sumung,nihih,dilak,kulih,mkik,lɨwol,dmulak,mkɨn,namak,kmcdck; tmogo,minum,meket,msɨfɬ,klinguh,mungɔl,matah,mtɔn,,tungoʔ,,knah,myon,mdaʔ,taʔuh,lɔgih,libun,ngaʔ,yɨhɨn,yɨhɨn,yeʔ,maʔ,gunuʔ,ktɨf,bɔluy,mɔn,tebed,mfet,tɨmbe,dalum,dmulok,,tmibo,,mnagaw,matay,ding matay,,kɨtɨl; kmalus,tnilos,kɔyuh,,tɨlɨm,laʔ tɨlɨm,mɔʔ nmɔʔ,huluh,melek,,,kɨmmɨs,mɔgɔt,mɔkɔl,bɨmlih,,mdɨk,tudaʔ,btang,ʔɔhuh,ʔɔnuk kɔyuh,ngaʔ ʔɔnuk,lakay,hafak,moyong,ʔunge,,ʔabuʔ,ʔikɔng,ʔulal,kulɨd,kutuh,blawang,wong,ʔuton ʔel,bɔlɔk,,dɔʔun,dɔlil,bulok,bunguh,,tɔnɔk,bɔtuh,hɨlɨk,ʔel,,mɔhin,kahiʔ,lanaw,numah,lɔngit,bulon,blɔtik,lɔbun,,kulon,lɨtek,silaʔ,lɨnos,myuf,kiniʔ,tnaw,mekeng; hdaw,hefeʔ,blat,ʔɔfih,mtɨm,kɨbɨl,kɔhuʔ,hɨtɨm,bukay,huloʔ,melel,lɨmnaw,ʔudiʔ,bɔng,ʔukcl; laʔ tahaʔ,tahaʔ,lufih,mfol,sikɨb,lamang,dɨs,myak,ding ligin; tuhah,lɔmih,hyuh,sidɨk,,kifuh,kdaw,halay,kilon,bɨmnɔs,mkaf,,,,laʔan,,,mɔnih,mayuk,nuʔ sɨh,,,,,,,tɨduh,taʔu duh,tolong,kdeʔ,,kɨ,hiluh,sunduh,msoʔ,sɔtuh,lɨwuh,tluh,fat,limuh,nɨm,hituh,wɔluh,syom,sfɔlɔʔ,lɨwu fɔlɔʔ,,lɨmatuh,libuh
277,Tagalog,14.06,121.747,taga1270,Ted Llamzon,230.0,https://abvd.eva.mpg.de/austronesian/language.php?id=277,kamáy,kaliwáq,kánan,paqá,lumákad,daqán,datíŋ,lumikóq,lumangóy,marumi,alikabok,balát,likód,tiyán,butó,bitúka,atáy,súsu,amóy; balíkat,alám,magísip,tákut,dugóq,úlo,liqíg,buhók,ilóŋ,humiŋá,amuyín,bibíg,ŋípin,dílaq,tumáwa,umiyák,sumúka,lumuráq; dumuráq,kumáin,ŋuyaqín,maglútoq,uminóm,kagatín,humígop; sumipsip,taqiŋa,makiníg,matá,makíta; tumiŋín,humigáb,túlug,humigáq,managínip,umupóq; tumirá,tumindíg,ta:o,laláki,babáqi,anák,asáwaŋ laláki,asáwaŋ babáqi,iná,amá,báhay,atíp,paŋálan,magsalitáq; sabíhin,táliq,talíqan,magtahiq,karáyom,mamaríl,barilín,saksakín,itápun; tamáan,magnákaw,magpatáy,patáy,búhay,kamútin,putúlin,káhoy,biyakín,talím,mapuról,magtrabáho,mágtanim,mamíliq,tumú boq,mamagaq,pigaqín,hawákan,paramíhin; maghúkay,mamilí,magbukás,tukaqín; bayuhín,itápon,mahúlog,áso,ībon,itlóg,búhoq; balahibo,pakpák,lumipád,dagáq,lamán,tabáq,buntót,áhas,uqód,kútu,lamók,gagambá,isdáq,mabáhoq,saŋá,dáhon,ugát,bulaklák,buŋá,damó,lúpaq,batú,pásig; buháŋin,túbig,umágos,láud; dagat,asín,láwaʔ,gúbat,láŋit,buwán,bituqín,úlap,hamóg,ulán,kulóg,kidlát,háŋiŋ,umíhip,maqínit,malamíg,tuyóq,basáq,bigát,apóy,masúnog,humithít; úsok,abú,itím,putiq,pulá,diláw,bérde; luntian,maliqít,malakí,pandák,mahábaq,manipís,makapál,makítid,malúwág; malápad,sakít,hiyáq,matandáq,bágo,mabúti,masamáq,tutoqó,gabí,áraw,taqón,kaqilán,magtágoq,pumanhík; umakyat,sa,[sa] loqób,itaqás,ibabáq,itó,iyón,malápit,maláyoq,saqán,akó,kayó,siŋá; siyá,táyo; kamí,kayoŋ lahát,silá,anó,síno,ibá,lahát,at,kuŋ,papaqáno,hindiq,magbílaŋ,isá,dalawá,tatló,ápat,líma,ánim; anem,pitó,waló,siyám,sampú'; sampúq,dalawampúq,limampúq,isáng daqán,isáng líbo
389,Tagalog,14.06,121.747,taga1270,My knowledge in Tagalog,228.0,https://abvd.eva.mpg.de/austronesian/language.php?id=389,kamay,kaliwa,kanan,bintipaa,mag-lakad,daan,pumunta,lumiko,lumangoy,madumi,abo,balat,likod,tiyan,buto,bituka,atay,suso,balikat,alamin,magisip,matakot,dugo,ulo,leeg,buhok,ilong,huminga,amoy; amuyin,bibig,ngipin,dila,tumawa,umiyak,sumuka,dumura,kumain,ngumuya,magluto,uminom,kumagat,sumisip,tainga,makinig,mata,makita; tumingin,maghikab; hikab,matulog,humiga,managinip,umupo,tumayo,tao,lalaki,babae,bata,asawang lalaki,saswang babae,ina,ama,bhay,bubong,pangalan,sabihin; mag-salita,lubid,talian,mag-tahi,karayom,mangaso,mamana,sasakin,pumalo,magnakaw,pumatay,mamatay,mabuhay,kumamot,pumutol,kahoy,biyakin,matalim; matulis,mapurol,magtrabaho,magtanim,pumili; mamili,tumubo,mamaga,pigain,hawakan,maghukay,mamili,magbukas,batè,batohin,bumaksak,aso,ibon,itlog,balahibo,pakpak,lumipad,daga,laman,taba; sebo; grasa,buntot,ahas,bulate,kuto,lamok,gagamba,isda,nangamoy,sanga,dahon,ugat,bulaklak,bunga,damo,lupa,bato,buhangin,tubig,umagos,dagat,asin,lawa,gubat,langit,buwan,bituin,ulap,hamog,ulan,kulog,kidlat,hangin,umihip; humipan,mainit,malamig,tuyo; tumuyo,basa,mabigat,apoy; sunog,masunog,usok,abo,itim,puti,pula,dilaw,berde,maliit,malaki,maiksi,mahaba,manipis,makapal,makitid,maluwag; malapad,masakit; maysakit,mahinhin,matanda,bago,mabuti,masama,tama; totoo,gabi,umaga,taon,kailan,magtago,umakyat,sa,sa loob,ibabaw; itaas,ilalim; ibaba,ito,iyan; iyon,malapit,malayo,saan,ako,ikaw,siya,kami; tayo,kayo,sila,ano,sino,iba,lahat,at,kung,paano,hindi,magbilang,isa,dalawa,tatlo,apat,lima,anim,pito,walo,siyam,sampu,dalawampu,limampu,isandaan,isanlibo
408,Tagalog (Anthony dela Paz),14.06,121.747,taga1270,Anthony dela Paz,235.0,https://abvd.eva.mpg.de/austronesian/language.php?id=408,kamay,kaliwa,kanan,binti; paa,lumakad; maglakad,daan,pumunta,lumiko,lumangoy,madumi; marumi,alikabok,balat,likod,tiyan,buto,bituka,atay,suso,balikat,alamin,mag-isip; isipin,matakot,dugo,ulo,leeg,buhok,ilong,huminga,amuyin,bibig,ngipin,dila,tumawa,umiyak,sumuka,sumuka,kumain,ngumuya,mag-luto,uminom,kumugat,sumipsip,tainga,makinig,mata,makita,maghikab,matulog,humiga,managinip,umupo,tumayo,tao,lalake,babae,anak; bata,asawang lalake,asawang babae,inay; ina; nanay,ama; itay; tatay,bahay,bubong,pangalan,sabihin,lubid,talian,tahiin,karayom,mangaso,mamana; panain,manaksak; saksakin,paluin,magnakaw,patayin,mamatay,mabuhay,kamutin,pumutol,patpat; kahoy,biyakin,matalas,mapurol,gumawa,magtanim,pumili; mamili,tumubo,mamaga,pigain,hawakan,maghukay,bumili,magbukas; buksan,magbayo,ibato,bumagsak,aso,ibon,itlog,balahibo,pakpak,lumipad,daga,laman,taba,buntot,ahas,bulate,kuto,lamok,gagamba,isda,bulok,sanga,dahon,ugat,bulaklak,bunga,damo,lupa,bato,buhangin,tubig,dumaloy,dagat,asin,lawa,gubat,langit,buwan,bituin,ulap,,ulan,kulog,kidlat,hangin,umihip,mainit,malamig,tuyo,basa,mabigat,apoy; sunog,masunog,usok,abo,itim,puti,pula,dilaw,luntian,maliit,malaki,mababa; maikli,mahaba,manipis,makapal,makitid,malapad,masakit; maysakit,mahiyain; ikinahihiya,matanda,bago,mabuti,masama,tama; totoo,gabi,araw,taon,kailan,itago,umakyat,sa,loob; sa loob,ibabaw; itaas,ibaba,ito,iyan; iyon,malapit,malayo,saan,ako,ikaw; kayo,siya,kami; tayo,ikaw,sila,ano,sino,iba,lahat,at,kung,paano,hindi,magbilang,isa,dalawa,tatlo,apat,lima,anim,pito,walo,siyam,sampu,dalawampu,limampu,isang daan; sandaan,isang libo; sanlibo
450,"Tagbanwa, Aborlan Dialect",10.6519,119.338,cent2090,S. Hussey in Reid (1971),184.0,https://abvd.eva.mpg.de/austronesian/language.php?id=450,ʔalima,gibang,ʔiwanan,ʔaʔay,panaw,,,ʔɨbɨg,languy,marigna,kapukapu,lamilamit,gɨrɨng,bɨtɨng,tuʔlang,tinaʔi,ʔatay,duduʔ; diʔgan,ʔabaga,kilala,,ʔiʔlam,duguʔ,ʔulu,liʔɨg,buʔuk,ʔurung,,ʔarɨk,baʔbaʔ,nipin,dila,sɨlɨm,sugaw,suka,ʔɨlɨb,kaʔɨn,pagmaʔmaʔ,laʔgaʔ; lutu,ʔinum,kagat,nutnut,talinga,gɨnɨg,mata,lɨtɨg,,ʔigaʔ,,tagaynɨp,ʔaʔdung,tindɨg,taw,lalaki,babay,waʔwaʔ,ʔasawa,ʔasawa,ʔinaʔ,ʔamaʔ,balay,ʔatɨp,ngaran,ʔat,lubid,laig,taiʔ,dagum,mapanaw ʔit kɨʔdɨng,,sudyuk,,takaw,ʔimatayɨn,patay,,katɨl; kulkul,ʔilap,kayu,,matarɨm,maʔabul,buat,tugdaʔ,pili,,,pɨsɨl,tapnay,kali,ʔalang,,lɨbɨk,bakal,ʔulug,kɨʔkɨng,manumanuk,tiʔlug,lay,ʔɨlad,layug,ʔangbɨʔ,,tabaʔ,ʔikug,dukul,ʔulud,kutu,namuk,kalalawaʔ,sɨdaʔ,marunut,,deʔun,gamut,buraburak,buaʔ,,lugtaʔ,batu,ʔiglis,danumɣ,,dagat,ʔasin,lapnaw,talun,langit,bulan,bituʔun,kunum,,ʔuran,duldug,kilat,dɨrɨs,ʔɨyɨp,maʔinit,maramig,tuʔug; bilad,maʔɨmɨg,mabɨgat,ʔapuy,surib,tabuk,ʔabu,maʔitɨm,maputi,madarag,makunit,maluʔnaw,dɨkɨyɨʔ,dakulaʔ,pandakan; ʔababaʔ,ʔabwatay,manipis,mapal,dɨkɨyɨʔ,malabɨg,sakit,ʔɨyaʔ,lagilagi; magurang,baʔgu,magayɨn,maraʔɨraʔɨt,,dɨlɨm,ʔaldaw,taʔun,kaʔnuʔ,taʔgu,ʔapyat,,,,sirib,,,ʔadɨʔdɨng,ʔalaid,ʔari,,,,,,,ʔuni,siu,bɨkɨn,muʔsaʔ,,ʔin-,pira,ʔɨngga,bilang,ʔɨsa,dua,tulu,ʔɨpat,lima,ʔɨnɨm,pitu,walu,siam,sangpulu,duang pulu,,gatus,ribu
451,"Tagbanwa, Kalamian, Coron Island Dialect",12.0716,120.094,cala1258,E. Ruch in Reid (1971),184.0,https://abvd.eva.mpg.de/austronesian/language.php?id=451,kalimaʔ,walaʔ,tuu,bisit,panaw,,,tɨyɨb,kapaykapay,mabuling,ʔapuk,ʔulit,bukuʔ,tian,duliʔ,bituaʔ,kandas,susuʔ; dibdib,paldaʔ,ʔilalaʔ,,ʔɨlɨd,duǥuʔ,kuluʔ,dikɨl,buaʔ,ʔurung,,ʔuβuʔ,ngangaʔ,ʔisiʔ,dilak,ʔimud,tangit,sukaʔ,laβay,pangan,mamakin,bulyak; buat,ʔɨnɨm,kɨǥɨt,kutkut,talingaʔ,dɨngɨl,mataʔç,ʔitaʔ,,ʔɨlɨk,,talakinɨp,karung,kɨrɨng,tauʔ,lalii,baβay,mulaʔ,kasawaʔ,kasawaʔ,ʔinaʔ,ʔamaʔ,balay,katɨp,ʔaran,ʔaning,kabliʔ,kɨdkɨd,tiik,tingway,kanup,,saksak,,takaw,patayɨn,patay,,ʔatɨl; kamaʔ,gɨrɨt,ʔayuʔ,,matarɨm,maaβul (ʔaβul),ʔubraʔ,luak,pilik,,,pɨǥaʔ,pɨǥɨs,ʔakad,ʔalang,,lɨβɨk,ʔilanggid,bugsuʔ,kiruʔ,lamlam,kiklug,laβiʔ,pakpak,layug,laput,,tambik,ʔikuy,ʔiraw,luluy,ʔutuʔ,namuʔ,lawak,ʔian,lubuk,,kɨlad,laskaw,talay,burak,,tanɨk,batuʔ,kɨnay,waiʔ,,tɨɨb,kasin,ʔaβuyuk,talun,langit,bulan,bitukun,panganud,,kuran,daugdug,kudlap,palɨt,ʔɨyɨp,makinit,lamig,maraʔ; palanguin,talpuʔ,malbat (lɨbat),ʔapuy,siruk,taβuk,kaβuʔ,laǥɨm,makulit,mapulaʔ,madulaw,madulaw,gɨsyɨʔ,dakuluʔ,diput,ʔabwat,manipis,madamɨl,piɨt,mawayang,siit,ʔɨyak,lagilagiʔ; mipit,bakluʔ,ʔayɨn,malain,,laβii,kaldaw,takun,sanu pa,taluk,takwal,,,,ʔaranɨk,,,ʔalɨngɨt,ʔalawid,ʔay pa,,,,,,,ʔunu,tinu pa,dumaʔ,tanan,,kung,pira,bɨlag,bilang,tasaʔ,duruaʔ,tuluʔ,ʔɨpat,limaʔ,ʔɨnɨm,pituʔ,waluʔ,siam,tang puluk,duruang puluk,,gatus,liβuʔ
452,"Tausug, Jolo Dialect",5.12236,118.88,taus1251,S. Ashley in Reid (1971),220.0,https://abvd.eva.mpg.de/austronesian/language.php?id=452,limah,ha lawah,ha tuʔuh,sikih,magpanaw,dan,kari,giling,maglanguy,malummiʔ,bagunbun,paʔis,taikud,tian,bukug,luungunluungun,ʔatay,duruʔ; daghal,ʔagabah,tuhud,magpikil,bugaʔ,duguʔ,ʔuuh,liʔug,buhuk,ʔilung,napas,hamutun,simud,ʔipun,dilaʔ,magkatawah,magtangis,suka,magluraʔ,magkaʔun,ʔapil,bukadkad; maglutuʔ,magʔinum,magkutkut,supsup,taingah,magdungug,matah,kimitaʔ,iyaban,magtuug,kulang,magtagaʔinup,maglingkud,timindug,taʔuh,ʔusug,babaʔih,bataʔbataʔ,banah,ʔasawah,ʔinaʔ,ʔamaʔ,baay,ʔatup,ngan,ʔian,lubid,hukut,magtahiʔ,jawm,maglawag,magtimbak,dugsuʔan,dukduk,magtakaw,bunuʔ,patay,buhi,ʔugud; magkamas,huyaʔ,kahuy,sipak,mahaʔit,dumpul,maghinang,magtanum,piiʔ,tungbu,maghubag,pugaʔun,kumkumun,magkaliʔ,biih,bulat; ukab,magbayu pay,hitiluʔ,mahulug,ʔiruʔ,manukmanuk,ʔiklug,bulbul,pikpik,maglupad,ʔambaw,siyumbay,lanah,ʔikug,haas,kalug lupaʔ,kutuh,hilam,lawaʔ,ʔistaʔ,haluʔ,sanga,dahun,gamut,sumping,bungah,dagnut,lupaʔ,batu,buhangin,tubig,sug,dagat,ʔasin,lanaw,gulangan,langit,bulan,bituʔun,gabun,,ʔulan,daugdug,kilat,hangin,huyup,mapasuʔ,mahagpay,tahay; patahayun,basaʔ,mabuʔgat,kaayuy,sunug,ʔasuh,ʔabuh,ʔitum,putiʔ,pulah,bianing,gaddung,ʔasibiʔ,dakulaʔ,mapandak; mababaʔ,mahabaʔ,manipis,marakmul,masigpit,malakbang,bisa,masipug,daʔan; maʔas,baʔguh,marayaw,mangiʔ,patut; amu,duum,ʔadlaw,tahun,haʔunuh; kuʔnuh; haunuh,magtapuk,daag,ha,suud,,ha sawm,ini,yan,masuʔuk,malayuʔ,hariʔin,aku,ikaw,siya,kami; kita,kamu,nila; sila,ʔunuh,hisiuh,hambuʔuk,katan,tag,bang,pilah,bukun,ʔitung,hambuʔuk,duah,tuuh,ʔupat,limah,ʔunum,pituh,waluh,siam,hangpuʔ,kawhaʔan,kawaan,hanggatus,ʔibuh
133,Tboli (Tagabili),6.20377,124.538,tbol1240,Lawrence A. Reid,212.0,https://abvd.eva.mpg.de/austronesian/language.php?id=133,sigɨl,ʔiwoŋ,kwanan,tih,tmɔnɔk; mogow,lan,mógów,bɨklil,kmɔhuŋ; smulif,nusiŋ,kfuŋ,kulit,kwaŋ,blutut,tiʔɔl,tnahih,katay,tutuʔ,ʔabal,tŋón,hʌndʌm,likɔʔ,litoʔ,kuluh,lihɔl,wɨk,ʔiluŋ,mʌnawa,muŋɨf,subak,nihih; ŋihih,dilak,kulih,mkik,lɨwol,dmulak; dɨmfut,mkɨn,mʌŋos,tmogo,minum,meket,msɨf,kliŋuh,muŋɔl,matah,mtɔn,tʌluyab,tuŋoʔ,hʌlilil,knah,myon,mdaʔ,taʔuh,lɔgih,libun,ŋaʔ,yɨhɨn,yɨhɨn,yeʔ,maʔ,gunuʔ,ktɨf,bɔluy,mɔn; mon,tebed,mfet,tɨmbe,dalum,dmulok,gʌtì,tmibo,,mnagaw,matay,dɨŋ matay,,kmalus,hʌlnʌk,kɔyuh,mʌsô,tɨlɨm,laʔ tɨlɨm,mɔʔ nmɔʔ; tbahuh,huluh,melek,tʌmowok,bolok,kɨmmɨs,mɔgɔt; kuloŋ,mɔkɔl,bɨmlih,hʌnnas,mdɨk,tudaʔ,btaŋ,ʔɔhuh,ʔɔnuk kɔyuh,naʔ ʔɔnuk,lakay,hafak,moyoŋ,ʔuŋe,,abù,ʔikɔŋ,ʔulal,kulɨd,kutuh,blawaŋ,woŋ,ʔuton ʔel,bɔlɔk,haŋa,dɔʔun,dɔlil,bulok,buŋuh,bʌnʌs,tɔnɔk,botuh,hɨlɨk,ʔel,mʌlʌl,mɔhin,kahiʔ,lanaw,numah; dlaʔ,lɔŋit,bulon,blɔtik,lɔbun; lobun,lobun,kulon,lɨtek; luguŋ,silaʔ,lɨnos,myuf,kiniʔ,tnaw,mekeŋ,hefeʔ,blat,ʔɔhuʔ,mtɨm,kɨbɨl,kɔhuʔ,hitɨm,bukay,huloʔ,melel,lɨmnaw,ʔudiʔ,bɔŋ,laʔ tahaʔ,mwarau,lufih,mfol,sikɨb,lamaŋ,dɨs; tɨmduk,myak,tuhah,lɔmih,hyuh,sidɨk,tahu,kifuh,kdaw,halay,kilon,bɨmnɔs,mkaf,di,lʌm,ta,laʔan,nih,yɔh; yuh,mɔnih; lɨmɔnih,mayuk,nuʔ sɨh; gunun sɨblaʔ,ʔɔʔuh,ʔuʔuh,duh,tɨkuy; mih,yuh,luh,tɨduh,taʔu duh,toloŋ,kdeʔ; gɔtuh,nʌ,kɨ,,laʔ,msoʔ,sɔtuh,lɨwuh,tluh,fat,,,,,,,,,,
22,Timugon (Murut),5.1796,115.826,timu1262,Jack Prentice,236.0,https://abvd.eva.mpg.de/austronesian/language.php?id=22,kalinduq; loŋon; palad,kait,pamiris,kalayam,ugad; oŋoy,dalan,-datoŋ,-lisaŋ,-saduy,-jamol,jamol,kuŋkuŋ,bakuluŋ,tinaiq,tulaŋ,tinaiq,aŋkayaw,titiq,limbawo,-panday,-kadaq,-laaq,dadaaq,ulu,liog,abuk,aduŋ,-painawo,-alok,kabaŋ,dipon,dilaq,-kudit,-taŋiq,-luaq,-tiwog,-akan,-sapaq; -intat,-ansak; -tanok,-inum,kokot; tinduk; iit,-tiop,taliŋo,-doŋog,mato,-kito,-uab,-boloŋ,-luyaq,-inuqi,-tuduŋ,-bigod,ulun,uŋkuyon,duandoq,anak; lalaiŋ,dalaki,anduq,inaq,amaq,baloy,taap,iŋg|galan,-indagu; koon nu,tali,-dukug,-pikit,jadum,-lulaq,-sapuk,-tobok,-lambaq,-takow,-patoy,-patoy,-biag,-kukut,-putul,tataun,-lapaq,-ladom,-ŋaŋol,-kandoy,-tanom,-piliq,-tuuq,-lanit,-pagaq,-oŋgom,-kali,-bali,-ukab,-tutu,-bobol,-datuq,ukuq,susuit,taluq,bulu,kawo,-siab,tikus,umas,lomok,ikuq,kukuo,liŋguaŋ,kutu,namuk,lawaq,papait,-[b]otoŋ,daan,daun,bakat,busak,kawaq,sakot,tanaq,batu,agis,timug,-taas,daat,usiq; -[b]asin,luogon,kataunan,dasawat,bulan,butitin,gaun,gaun,dasam,tiŋkalud,ganit,aŋin,-sampuy,-lasuq,-simuq,-puaq,-[b]asaq,-[b]agat,apuy,-solob,lisun,k|au; kaaw,-itom,-pulak,-liaq,-silow,-sansam,bobodok,-[g]ayo,-ganaq; diwaq,-[g]awad,-nipis,-kapal,-pisok,-pilaq,-duol,-uyuq,-tuo,-[b]agu,-[b]ansoy,-laat,-topot,dondom,odow,bilod,saŋg|ilan,-isisibuni,-aloy; kiwaq,da,da [lalom],da sawat,da ganaq,gitio,ginio; gili,-maad,-[g]alud,ati,aku; ku; daklq,[o]kow; mu; didun,io; no; diso,[i] to; to; dito; [i]takaw; takaw; ditakaw; akay; may; damon,[a]kaw; min; da|muyu|n,ilo; nilo; disilo,atan,osoy,bokon,ŋqiq-ŋaiq,om,nu; amun,ati kulaan; ati kuson,kalo; salaq,-untob,saa[q]; dondoq,duo,talu,apat,,,,,,,,,,
707,Tiruray,6.77321,124.127,tiru1241,Stuart A. Schlegel,249.0,https://abvd.eva.mpg.de/austronesian/language.php?id=707,kemer,biwoŋ,kuwonon,sekey,ʔagew; kirem,dolon,ʔaŋey; tiŋeʔ,baléŋ,loŋuy,luwedan,bubuk,kulit; loʔos,digur,ʔesur,bukal,tenéʔék,tagah,tutuʔ,wara,tigan,fegituŋ,talaw,daraʔ,ʔulew,réʔér,ʔebuk,ʔiruŋ,ferenawa,terefuŋ,ʔebaʔ,kifen,dilaʔ,meŋésé,keréw,ʔantag,duraʔ,ʔamaʔ; liwaʔ,ʔefet; sefaʔ,tofo; tumbar,ʔinem,kékéʔ,ʔesef,keliŋoʔ,bohol; geliŋoʔ,moto,teŋteŋ,feŋuyahab,,ʔiroʔ,kenaʔ,ʔesar,tindeg,ʔetew; keʔilawan,lagey,libun,ʔeŋaʔ,bawag,bawag,ʔiday; ʔideŋ,ʔabay; ʔeboh,beléyén,ʔatef,dawet,liŋaleŋ,taley,ʔiket,tebir; selugsug,darum; ʔetus,ʔulon,fanaʔ,saksak,fesaŋ,fenakaw,felehuʔ,fandus,meʔuyag,karut; gisgis,timfud,belala,ʔufak,ʔuteŋ; karaʔan; gegen,temful,galbek; rigo,ʔohok,femiliʔ,ʔeruk,lembag,berut,gamak; ʔeget,kedor,beley,ʔuŋkaʔ,ʔedek; bakbak,tudaʔ,fulih,ʔituʔ,manuk,ʔonok,bubul,fafak,refar,ʔambaw; melukét,,towoʔ,ʔigor,ʔurar,sofot,kutew,tegenek,kelawaʔlawaʔ; kofo,sedoʔ,,foŋo,daʔun,darir; fuʔun,florés,ʔonok,keroʔon,fantad; tunaʔ,batew,farek; nanad,wayeg; reguwas,reges,dogot,timus,ranaw,talun; sekeluŋon,laway,bulon,gitoʔon,rawen,banasbanas,ranaʔ,kereguŋ,silaʔ; kilot,labaŋen,ʔiyuf,ʔeduf; demfug,genaw,ketagasan,ʔanluʔan,ʔembegat,ʔafey,tuweg,ʔebel,ʔawew,ʔitam,fetéʔ,furo,,lunew,keloh; koʔoy,ʔabed; dakel; lebedek,fokoʔ,taʔah,nifis; gasaʔ,gefol,ʔerat,bukaʔ,geraʔ; deruʔun,memala,lukes,ʔantu,fiyo,tétéʔ,bantaŋ; toʔow; wagib,buteŋ; keluŋonon,fuwéh,belintuwaʔ,ʔamu; kediron,diruŋ,kambul,deb; dob,bukag; rahur,,,ʔeni,ʔenan; ʔeno,gedet; gedoror,taŋkaʔ,hon; honon,bégen; gu,béʔem,béʔén,bétom; bégéy,,béro; ro,ʔat(i),ʔat(i),sebida; segiyo,keluhan; falan,brab,ʔamu; ke(ʔ),ʔat(i); koy,beken,bilaŋ,sebaʔan,ruwo,telew,ʔefot,limo,ʔenem,fitew,walew,siyow,foloʔ,,,ratuh,nibu
1261,Umiray Dumaget,14.8757,121.508,umir1236,Ronald Himes (2002),108.0,https://abvd.eva.mpg.de/austronesian/language.php?id=1261,komot,,,sigit,totul,bektas,,,,diplut,delpoŋ; dipog,katat,,,kaksan,,,,abe,abuyen,,,sagu,ulu; olu; olo,,sapok,aŋut,inawe,saŋo,,ŋipon,dila,ilok,taŋos,,,,,,inom,kaget,,,ikna,,lawig; kinta,,pede,idde,,lipa,odde,,patud,mahuna,,bebiʔ,bebiʔ,,,,aklop,ŋalan,surut; sulit,,gipot,,,laweg; mamaget,,,,,,,,kitkit,,,,,talab,,tanom,peta,,,,,,getaŋ,,,,digdig,,,deyeg,putput,,,kuragbeŋ; kuyoŋ; diggis,unid,,ikoy,bebek,beyod,,,,,buŋtot,,agid,ramut,,,,,beto,laŋges,orat,,,,,bukod,laŋot,,butatala,,,tapok,,kilyat,palos,,,,,simog,biyet,,sunug,,,latom,,senag,,linow,,hoho; hoʔho; haŋa,antisik,,,,megut,,urom,amamos,,bowon,piyon; sampat,malot,,abi,,,pide,tagu,sakat,,,sapow,,oi,,alane,,dino,ako,ikaw,siya,kita; ikami,ikamu,ide,,,,pesan,,,,an; eyen; alin,,isin,aduwa,,,,,,,,,,,,
1259,Utudnon,10.6956,124.8086,bayb1234,Carl Rubino (2005),49.0,https://abvd.eva.mpg.de/austronesian/language.php?id=1259,,,,,,dáyan,,,,,,,,,,,,,,kiláya,,,,,,,ilóng,,,,,díla’,,tangís,,,,,lung-ág,,tukób,,dayunggán,,,,,túyog,,,púngko’,,,,bají,bagsók; pujá,,,,,bayáy,,,silíng,,,,dayágom,,,,,,,muy-ók,,,,,,,,,,,,,,,,,,,,mahúyug,irú’,,,,,,,,,,háyas,úyod,,,,,,,,,buyák,,,,,bayás,,,,,,kakahuján,,búyan,,,,,dayugdúg,lití’,lití’,,,,mayá,húpit,,,,,,,,puyá,,,,,,,,,,,,,,,,,,duyóm,,,san-ó,,,,,,ilayúm,iní,ádto,duóy,,diín; háin,akú,ikáw,síja,kitá; kamí,kamó,silá,anú,sin-ó,,,,,anuón,,,,,,,,,,,,,,,,
513,Waray-Waray,11.4911,125.012,wara1300,Andras Rajki,290.0,https://abvd.eva.mpg.de/austronesian/language.php?id=513,kamót,walá,tu-o,tiíl,lakát (lumakát),dalan,kanhí (pakanhí),liko (lumiko),langoy (lumangoy),hugaw (mahugaw),tapó (tapó-tapó),panit,likód,tiyan,tul-án,tinae; bituka,atáy,dughán,sugbóng,kila (makilala); baró (mahibaró); aram (maka-aram),huna; hunahunaa; maghunàhunà,hadlók,dugô,ulo,liog,buhók,iróng,hawa; ginhawa; guminhawa,bahò (bumahò),bàbà,ngipon,dilà,tawá (tumawá),tangís (magtangís),suka; isuka; magsuká,lurâ; laway; tup-ra,kaon; kumaon; pagkaon,sam (samsamá),luto,inóm; inomá; uminóm,kagat (kagata),sup; supsopá; sumopsóp,talinga,dungóg (madungóg); pamati,matá,kita; kitaa; magkitâ,hoy-áb,turóg (katuróg),higdâ (humigdâ),inóp,lingkód,tindóg (tumindóg),tawo,lalake,babaye,anák,asawa,asawa,iróy,amáy,baláy,atóp,ngaran,yakan (yakaná),pisí,taod; itaod; magtaod,tahî; tahiá; magtahî; manahî,dagom,kanóp (manganóp),pusíl; pusilá; pumosíl,bunô; sakób (sumakób); bunoá; bumunô,igo (igo-á),kawat,patay; pataya; pumatay,matáy (mamatáy),buhì,karos,guting; utod; tigbas,kahoy,tungâ; katungâ; matungâ,taróm,karol (mangarol),buhat; trabaho; buhata; magbuhat,tanóm (magtanóm),pili; pilia; mamili; pumili,tubò (tumobò),hubág (manhubág),pugaá; magpugâ,kapót; kapotí; kumapót,ukab; hukay; buwad,palít (mapalít),buklád; buklará; magbuklad,balbag (balbagá),labay; labaya; maglabay,hulog (mahulog),ayam,tamsí,bunáy,barahibo,pakô,lupád (lumopád),yatót,unód,mantika,ikog,halas,watí,tuma; kuto,namok,lawà; bungad,isda,dunot (madunot),sangá,dahon,gamót,bukád,prutas; bunga,sagbót; banwa,tunà,bató,barás,tubig,agas,dagat,asín,lanaw,gubâ; kakahuyan; kagurangan,langit,bulan,bitoon,dampóg,dampóg; hamog,urán,dalogdóg,lentî; kilát (kikilát),hangin,huyóp (paghuyóp),alindangá (maalindangá),tugnáw (matugnáw),mará (mamará),hulós (mahulós),bug-át (mabug-át),kayo (kalayo),sunog (masunog),asó,abó,itóm (maitóm),buság (mabuság),pulá,duláw (maduláw); darag,,guti,dakò,mubò (hamubò),labâ (halabâ),nipis (manipis),dakmól (madakmól),ligot (haligot),lapad (halapad),sakít (masakít),awod; maawod; naawód,edar (edaran),bag-ó (bag-uhá),upay (maupay),raot (maraot),ungód,gab-i,adláw,tuig,san-ó,tagò; itagò; magtagò,sakláng; saklangá; sumakláng,ha,ha; sakáb (sumakáb); sakob (sumakob),baw; igbaw; bawbaw,ubós; ubusa; umobós,iní,itón,rani; harani; hirani,rayô; hirayô; humirayô; kahirayô,diín,ako,ikáw,hiyá,kamí; kita,kamó; ikáw,hirá,anó,hin-ó,ibá,tanán (ngatanán),ug,kon,paunan-ó,diri,iháp; ihapá; mag-iháp,usa,duhá,tuló,upát,limá,unóm,pitó,walú,siyám,pulò (napulò),pisita,piluka,gatós,yokót
144,Western Bukidnon Manobo,7.6682,124.825,west2555,Lawrence A. Reid,213.0,https://abvd.eva.mpg.de/austronesian/language.php?id=144,bɨlad,givaŋ,kewanen,paʔa,hipanew,dalan,hendini,biyu,laŋuy,remerik,eliyavuk,lundis,peka,getek,tulan,bituka,atey,susu,pemenayen,tendek,isip,handek,leŋesa,ulu,liʔeg,bulvul,izuŋ,gehinawa,hazek,baʔbaʔ,ŋipen,dilaʔ,eŋit,luǥib; sinegew,utaʔ,ileb,kaʔan,sepaʔ,suba,inum,kaǥat,supsup,teliŋa,dineg,mata,ahaʔ,heyʔam,lipezeŋ,hizeǥaʔ,teǥiʔinep,pinuʔu,hitindeg,etew,meʔama,bahi,bataʔ,esawa,esawa,iney; ineʔ,amey; amaʔ,baley,atep,ŋazan,kaǥi,tali; pisiʔ,hiket,tahi',raǥum,anup,panaʔ,sundaŋ,pukpuk,takew,himatey,minatey,uyag,kutkut,getas,kayu,gurey,garaŋ,dumpel,baʔul,pemula,piliʔ,tuvuʔ,levag,kemes; kemuʔ,kemkem,baŋbaŋ; kalut,pemasa,puwas,bevayu,timbag,ulug,asu,tagbis,impis,bulvul,pakpak,layaŋ,rumat,usa,taveʔ,ikug,uled,liwati,kutuʔ,reŋit,kelelawaʔ,paʔit,redak,subpaŋ,dahun,dalid,kevukad; bulak,beǥas,sagbet,tanaʔ,batu,pantad,wahig,,daǥat,timus,ranew,ketelunan,laŋit,bulan,bituʔen,gapun,,uzan,raǥuŋ,kilat,keramag,hiyup,init,genew,maza,hames,beǥat,hapuy,binsul,evel,ibmuk,item,putiʔ,riǥeʔ,kelawag,ilem,deʔisek,dekeleʔ,bavaʔ,layat,nipis,kepal,liǥet,luʔag,sakit,eled,guraŋ,beǥu,upiya,daʔat,benar,dukilem,andew,tuʔig,keʔenu; heʔin,eles,pemenahik,di; duʔen,seled,divavew,dizalem,heʔini,heʔazaʔ; heʔeyan,uvey; rani,diyuʔ,hendeʔi,siʔak,sikew,sikandin,sikitew; sikami,sikiyu,sikandan,heŋkey,henteʔi,seveha; selakew,elin; laŋun,wey,emun; ke,menu,keneʔ,bilaŋ,seveha,dezuwa,tetelu,heʔepat,,,,,,,,,,
1638,Western Subanon,7.79964,122.341,west2557,Jernan Combi,228.0,https://abvd.eva.mpg.de/austronesian/language.php?id=1638,komot,dibang,glintu,botis,ompanow,kolosada; dalan,angoya dini,angoya diyo,lumangoy,kolomu lomu,gapu,panit,tolikudan,tiyan,tulan,tene,gatoy,duduh,,sunan,mog pikil pikil,mondok,dugoh,gulu,glig,buk,sung,ginawa,sumapu,babah,ngisi,dilah,mokotawa,mogsogow,mogutah,dumulah,kuman,moksopa sopah,mogapuy,minum,komokib,sumoksop,tolinga,monginongog,mata,mokotongow,mog glogab,motulog,bobolilid,mogtoginop,mingkod,mindog,gotow,glaki,glibun,bata,duma,duma,ginah,gamah,baloy,gatop,ngalan,moktaluh,tali,mongogbod,monobot,jalum,momodil,mononjoh,mokutong; ponglodut,misugat; mibangah,monakow,momunoh,minatoy,mitubo,kukuton,momakih,momolah,mogbolong,mokutong,di mokutong,mogtrobahu,momula,momilih,mokpotubuh,sinumolag,pogaon,pogoidan,kukutan,sumaloy,obriyan; obriyoy,pog pripara; mog pripara,lubakan,midogdag,gayam,manukmanuk,bulinga,bombul,gokpak,lumayug,bolabow,gungod; karne,bolombuh,gikug,mamak,gliwati,kuto,kolomut,bolingkawah,sodah,minoduh,sanga,dawon,gamut,bulak bulak,prutas,sigbot,glupa,batu,pontad,linyu tubig,glipuwas,dagat,masin,danow,kayuwan,gawang,bulan,bitun,ginampol,mig glogampol,dupih,glugong,glitih; kilat,galuh,oyupoy mo,minit,mitigdow,pogangu,mibasah,ombogat,gapuy,mondoksul; dumoksul,gobol,gabu,gitom,putih,pula,dalag,glunow,mokolintok; bata bata,mosolag,ombabah; ompolok,moyabah,monipis,kodikpol,modalom,moliwag,mosakit; mipanas,mosipog,mogulang,bo-gu,molongas; ombais,molaton,motud; sakto,gobi,gondow,ton,nanu,taguh; mogsolobuni,momonek,bu,diyalom; solod,ditas,silung,koni,koyon,molani,molayuh,ain,akon,naamu,glaki; glibun,ita,ika,ilan,olo,sinu; sima,duma,glamnon,ilan; bu,bila,olo on,kona; ondih,mogitung,sa'h,duwa'h,tolu,pat,lima,gonum,pitu,wala,siyam,sopuloh,duwah puloh,lima puloh,sogatus,songibu
200,Yakan,6.53102,122.02173,yaka1277,"Blust, from Pack (1975), Behren (2002), Molony (1969)",229.0,https://abvd.eva.mpg.de/austronesian/language.php?id=200,taŋan,bibaŋ,kanawan,bettis,leŋŋan,lalan,pitu,bira,laŋi,lege; lemmiʔ,begumbun,kuit,bukut,betteŋ,tolaŋ,tinaʔi,buaʔ; atey,susu,baha,taʔo,kimmat; pikil,tinalew,lahaʔ,kok,kelloŋ,buu kook,uŋ,mag-napas,hamut,behe,impen,dellaʔ,saye,taŋis,utaʔ,luraʔ,kakan; maŋan,papaʔ,bella; usik,inum,kekkeb,sessep,tayiŋe,-takale,mata,kite,,tuli,pabak,teginep,tiŋkoʔ,teŋge,aʔa,lella,dende,anak,ella,anda,saʔi,sama,lumaʔ,sapew,alen,paʔin,lubid,iŋket,laʔit,dalum,panhut,timbak,binonoʔ; dugsu,pogpog; teuaʔ; lubbak,tangkew,bonoʔ,-matey,ellum,kukut,mag-poloŋ,kayu,kepak,talem,tampul,hinaŋ,eddek; tanem,peneʔ,sulig; tumbuʔ,bahaʔ,tabid,kinaputan,kalih,belli,luka,bayu,tibag,laboʔ,asu,manuk-manuk,pugad,bulu,peppik,layaŋ,mellek,isi,lemmek,eŋko,sawe,olet,kutu,kemmut,koko',kenna,buhuk,paŋey,dawen,gamut,sumpiŋ,buaʔ,belili,bulak,batu,umus,boheʔ,selluy,tahik,asin,,gulaŋan,laŋit,bulan,bituʔun,gabun,,ulan,lugung,lalat,beliu,tihup,panas,haggut,gaŋu; tohoʔ,basseʔ,bohat,ebbut,eggas,umbu,abu,ittem,poteʔ,peyat,binaniŋ,gadduŋ,dikiʔ,haje,pandak,tahaʔ,nipis,subuk,kiput,lajab; luha,saki,iaʔ,bahiʔ,baʔahu,hap; hatul; untul,laʔat,bennal; toʔo; tuʔun,saŋem,ellew,tahun,sumian,tapuk,panaʔik,di; si,di-alem,di-ataʔ,di-awaʔ,ini|n,ituʔ; ian,tapit,tala,antag; iŋge,aku,kaʔu,ie,kita; kami,kaʔam,sie,ine,sine,seddi [li],kemon; tibuʔuk,duk,baŋ,saʔiŋge,dumaʔin; gaʔi,ituŋ,issaʔ,duwe,tellu,ampat,lime,ennem,pitu',walu',siyam,sempū',duwempū',limempū',da hatus,de ngibu
713,Yogad,16.7015,121.718,yoga1237,Davis & Mesa,257.0,https://abvd.eva.mpg.de/austronesian/language.php?id=713,kamát,wígi,wanán,takkí,damá,daddamán,dánga,támu,,mulít; marikát,girafúk,dúlat; gaddáng; lálat,allikúd,san; futún,tuláng,sináy,agál,sussú,abagá,tatáw,karíg; nónot,taláw,dagá,ulú,lig,buk,igúng,angát,dálu,bibíg,ngipán,dilá,amáw,tangít,utá,tuppák,akkán,ngángat,gáku; dúngu,inúm,kassíb,sussúp; mummúl,bambáng,sim; sásim,matá,itá,guwáb,katurúg,iddá,irérap; iráp,tugúng,tádag,táwlay,lalakí,babáy,anák,atawá,atawá,inná; yéna,amá,binalay,atáp; bubúng,nagán; ngagán,állu,lubíd; galúd,galút; sígut,dagét,tanúd,anúp,,kaddúg; duddúg,kanná; bángga,takáw; kókot,patáy,tay,táwlay,kákkurút; kuraggút,sípat; tukád,kayú,bakká; gaddú; gullák,tarám; tahára,liddám,ángngu,mulá,pilí,talóbu,,passít; piggát,iggám,kokkót,gatáng,bukkát; bullád,bayú; dádak; tantág,bátil; páttu; assáb,dánnag; sóbbut,atú,mammanók,íbung; ílug,dúdut,páppak,kágab,bukát,bálag,tabá,,iráw,ulág; ipát,kutú,kamúg,akákawa,ikán,bambág; dupák,pangá,don; undút,gamút,lappáw,bungá,kaddát,lutá,batú,dagát,danúm,agút; ági,bébay,asín,danúm,talún; kakáiwan,langít,bulán,bitún,dulám,,urán,addúg,kilákilát; tagitállit,babbág,fuddád,dandáng; yénit,lábat,magá,batá,dámmat,afúy,lussúm; sigí,atúk,abú,ngisít,fulláw,lasáng,amarílyu,bérde,bullák,dakál,alínak,bayág; illáyug,impít; réteg,kappál; fulikát; kannág,atallín,alwáng,takít,pasirán,lalakáy,bágu,mapí,marál,antú; kurúg,gabí,agáw,dagún,ammanní; nukanní,tagú; limád,unék; urakkáp,,tutá,,gukáb,naw; yaw; yawwé,ammá,gubín,káiwan,dansáw; agginán; dipá,kan,ka,baggina,kitam; kami,kam,sira,ganí,sinní,tanakwán; kárwan,atanán,ánni; ánnu,ammá,kassándi; amnínna,awán,biláng,tatá,addú,tallú,appát,limá,annám,pitú,walú,syam,fúlu,adwáfulu,limáfulu,gatút,ríbu
